date,d,sig,e,xb,s,inst,side,ep,xp,ep_u,xp_u,x_kind,reason,entry_min,exit_min,gross_bps,e_kind,cost_A,net_A,cost_B,net_B,period
2011-06-02,1,26,27,130,1,SOXL,1,0.8802,0.8656,52.8120,51.9360,level,stop,597,700,-165.8714,open,13.4264,-179.2978,14.7630,-180.6344,
2011-06-03,2,65,66,309,1,SOXL,1,0.8468,0.8312,50.8080,49.8720,level,stop,636,879,-184.2230,open,10.9945,-195.2174,12.3851,-196.6081,
2011-06-06,3,29,30,75,1,SOXL,1,0.8275,0.8167,49.6500,49.0020,level,stop,600,645,-130.5136,open,14.2561,-144.7697,15.6753,-146.1889,
2011-06-07,4,16,17,31,-1,SOXS,1,12024422400.0000,11897317578.4004,62.6272,61.9652,level,stop,587,601,-105.7056,open,20.9321,-126.6376,22.0558,-127.7613,
2011-06-08,5,15,16,385,-1,SOXS,1,12385920000.0000,12789120000.0000,64.5100,66.6100,open,time,586,955,325.5309,open,16.9267,308.6043,17.9946,307.5363,
2011-06-09,6,16,17,27,-1,SOXS,1,12973670400.0000,12685589931.5259,67.5712,66.0708,level,stop,587,597,-222.0501,open,21.0248,-243.0749,22.0725,-244.1226,
2011-06-10,7,16,17,385,-1,SOXS,1,13075200000.0000,13409280000.0000,68.1000,69.8400,open,time,587,955,255.5066,open,16.0760,239.4306,17.0911,238.4155,
2011-06-13,8,22,23,385,-1,SOXS,1,13466880000.0000,13729920000.0000,70.1400,71.5100,open,time,593,955,195.3236,open,15.6428,179.6808,16.6313,178.6924,
2011-06-14,9,20,21,385,1,SOXL,1,0.7465,0.7489,44.7900,44.9340,open,time,591,955,32.1500,open,14.5742,17.5758,16.1346,16.0155,
2011-06-15,10,33,34,140,1,SOXL,1,0.7333,0.7143,43.9980,42.8580,level,stop,604,710,-259.1027,open,16.1725,-275.2752,17.7847,-276.8873,
2011-06-16,11,19,20,385,-1,SOXS,1,14025139200.0000,14196480000.0000,73.0476,73.9400,open,time,590,955,122.1669,open,15.0612,107.1057,16.0137,106.1533,
2011-06-17,12,18,19,385,-1,SOXS,1,14524800000.0000,14808960000.0000,75.6500,77.1300,open,time,589,955,195.6378,open,14.5070,181.1308,15.4235,180.2143,
2011-06-20,13,20,21,385,1,SOXL,1,0.6569,0.6508,39.4140,39.0480,open,time,591,955,-92.8604,open,16.6353,-109.4958,18.4197,-111.2801,
2011-06-21,14,15,16,385,1,SOXL,1,0.6697,0.7012,40.1820,42.0720,open,time,586,955,470.3599,open,15.9788,454.3811,17.6817,452.6781,
2011-06-22,15,28,29,385,1,SOXL,1,0.7007,0.6953,42.0420,41.7180,open,time,599,955,-77.0658,open,15.5891,-92.6549,17.2605,-94.3263,
2011-06-23,16,35,36,385,1,SOXL,1,0.6678,0.7232,40.0680,43.3920,open,time,606,955,829.5897,open,15.8254,813.7643,17.5055,812.0842,
2011-06-24,17,42,43,385,-1,SOXS,1,13862400000.0000,14217600000.0000,72.2000,74.0500,open,time,613,955,256.2327,open,13.7806,242.4521,14.7380,241.4947,
2011-06-27,18,51,52,385,1,SOXL,1,0.6712,0.6838,40.2720,41.0280,open,time,622,955,187.7235,open,16.1085,171.6149,17.8307,169.8928,
2011-06-28,19,59,60,385,1,SOXL,1,0.7030,0.7058,42.1800,42.3480,open,time,630,955,39.8293,open,13.0975,26.7318,14.7538,25.0755,
2011-06-29,20,20,21,97,-1,SOXS,1,13459200000.0000,13092480000.0000,70.1000,68.1900,gap,stop,591,667,-272.4679,open,16.6550,-289.1229,17.6676,-290.1355,
2011-06-30,21,15,16,385,1,SOXL,1,0.7465,0.7658,44.7900,45.9480,open,time,586,955,258.5399,open,14.4508,244.0891,15.9939,242.5459,
2011-07-01,22,24,25,385,1,SOXL,1,0.7753,0.8130,46.5180,48.7800,open,time,595,955,486.2634,open,13.8015,472.4619,15.2714,470.9920,
2011-07-05,23,30,31,385,-1,SOXS,1,11703552000.0000,11887622400.0000,60.9560,61.9147,open,time,601,955,157.2774,open,16.3757,140.9017,17.5151,139.7622,
2011-07-06,24,21,22,385,-1,SOXS,1,12238368000.0000,12163200000.0000,63.7415,63.3500,open,time,592,955,-61.4200,open,17.3675,-78.7875,18.4691,-79.8890,
2011-07-07,25,19,20,58,-1,SOXS,1,11861760000.0000,11683200000.0000,61.7800,60.8500,gap,stop,590,628,-150.5342,open,21.2632,-171.7974,22.4049,-172.9391,
2011-07-08,26,24,25,39,1,SOXL,1,0.7887,0.7778,47.3220,46.6680,level,stop,595,609,-138.2021,open,17.1028,-155.3049,18.5924,-156.7945,
2011-07-11,27,17,18,75,1,SOXL,1,0.7750,0.7535,46.5000,45.2100,level,stop,588,645,-277.4194,open,15.3176,-292.7370,16.8445,-294.2638,
2011-07-12,28,24,25,385,-1,SOXS,1,13741440000.0000,13601280000.0000,71.5700,70.8400,open,time,595,955,-101.9980,open,15.4965,-117.4946,16.4796,-118.4777,
2011-07-13,29,20,21,63,-1,SOXS,1,13653120000.0000,13238400000.0000,71.1100,68.9500,level,stop,591,633,-303.7547,open,16.4402,-320.1950,17.4400,-321.1948,
2011-07-14,30,20,21,103,1,SOXL,1,0.6875,0.6710,41.2500,40.2600,level,stop,591,673,-240.0000,open,17.2318,-257.2318,18.9497,-258.9497,
2011-07-18,32,27,28,385,-1,SOXS,1,14565120000.0000,14661120000.0000,75.8600,76.3600,open,time,598,955,65.9109,open,14.5339,51.3770,15.4536,50.4573,
2011-07-19,33,15,16,385,1,SOXL,1,0.6668,0.6838,40.0080,41.0280,open,time,586,955,254.9490,open,16.1741,238.7749,17.9020,237.0470,
2011-07-20,34,15,16,385,-1,SOXS,1,13382400000.0000,13420185600.0000,69.7000,69.8968,open,time,586,955,28.2353,open,15.8354,12.3999,16.8383,11.3970,
2011-07-21,35,32,33,385,1,SOXL,1,0.6717,0.6923,40.3020,41.5380,open,time,603,955,306.6845,open,16.0259,290.6586,17.7370,288.9475,
2011-07-22,36,148,149,385,1,SOXL,1,0.7284,0.7422,43.7040,44.5320,open,time,719,955,189.4563,open,12.5585,176.8978,14.1453,175.3111,
2011-07-25,37,52,53,385,1,SOXL,1,0.7188,0.7140,43.1280,42.8400,open,time,623,955,-66.7780,open,15.1917,-81.9697,16.8203,-83.5982,
2011-07-27,39,15,16,385,-1,SOXS,1,13113600000.0000,13660800000.0000,68.3000,71.1500,open,time,586,955,417.2767,open,15.9401,401.3366,16.9445,400.3323,
2011-07-28,40,15,16,29,-1,SOXS,1,14102400000.0000,13622400000.0000,73.4500,70.9500,gap,stop,586,599,-340.3676,open,19.4657,-359.8333,20.4355,-360.8031,
2011-07-29,41,36,37,385,1,SOXL,1,0.6260,0.6308,37.5600,37.8480,open,time,607,955,76.6773,open,17.3403,59.3370,19.1969,57.4804,
2011-08-01,42,15,16,385,-1,SOXS,1,13635648000.0000,14152857600.0000,71.0190,73.7128,open,time,586,955,379.3069,open,15.3516,363.9553,16.3193,362.9877,
2011-08-02,43,30,31,135,1,SOXL,1,0.6233,0.6042,37.3980,36.2520,gap,stop,601,705,-306.4335,open,19.0580,-325.4915,20.9594,-327.3929,
2011-08-03,44,15,16,24,-1,SOXS,1,15532800000.0000,15210240000.0000,80.9000,79.2200,level,stop,586,594,-207.6638,open,17.5562,-225.2200,18.4307,-226.0944,
2011-08-04,45,21,22,385,-1,SOXS,1,15724800000.0000,17295052800.0000,81.9000,90.0784,open,time,592,955,998.5836,open,13.0530,985.5306,13.8689,984.7147,
2011-08-05,46,16,17,385,-1,SOXS,1,17489280000.0000,18366816000.0000,91.0900,95.6605,open,time,587,955,501.7565,open,11.9308,489.8258,12.6809,489.0756,
2011-08-08,47,66,67,385,-1,SOXS,1,20524800000.0000,20983680000.0000,106.9000,109.2900,open,time,637,955,223.5734,open,7.9324,215.6410,8.5801,214.9934,
2011-08-09,48,31,32,292,1,SOXL,1,0.4183,0.3905,25.0980,23.4300,level,stop,602,862,-664.5948,open,28.8481,-693.4429,31.7365,-696.3312,
2011-08-10,49,253,254,385,1,SOXL,1,0.4257,0.4178,25.5420,25.0680,open,time,824,955,-185.5767,open,17.9060,-203.4827,20.6725,-206.2492,
2011-08-11,50,47,48,385,1,SOXL,1,0.4498,0.4793,26.9880,28.7580,open,time,618,955,655.8470,open,23.6108,632.2362,26.1248,629.7223,
2011-08-12,51,25,26,385,-1,SOXS,1,16742208000.0000,16742400000.0000,87.1990,87.2000,open,time,596,955,0.1147,open,12.6807,-12.5660,13.4834,-13.3688,
2011-08-15,52,20,21,385,1,SOXL,1,0.4852,0.4948,29.1120,29.6880,open,time,591,955,197.8566,open,22.2557,175.6008,24.6369,173.2196,
2011-08-16,53,21,22,67,-1,SOXS,1,16492800000.0000,16327680000.0000,85.9000,85.0400,level,stop,592,637,-100.1164,open,13.5069,-113.6233,14.3259,-114.4424,
2011-08-17,54,15,16,126,1,SOXL,1,0.4785,0.4628,28.7100,27.7680,level,stop,586,696,-328.1087,open,24.8340,-352.9427,27.3136,-355.4223,
2011-08-18,55,30,31,385,-1,SOXS,1,19827840000.0000,19818240000.0000,103.2700,103.2200,open,time,601,955,-4.8417,open,9.7488,-14.5905,10.4268,-15.2685,
2011-08-19,56,46,47,276,1,SOXL,1,0.3967,0.3697,23.8020,22.1820,level,stop,617,846,-680.6151,open,30.4394,-711.0545,33.4877,-714.1028,
2011-08-22,57,29,30,385,-1,SOXS,1,19708780800.0000,20612928000.0000,102.6499,107.3590,open,time,600,955,458.7535,open,9.6340,449.1195,10.3010,448.4525,
2011-08-23,58,19,20,385,1,SOXL,1,0.3817,0.4200,22.9020,25.2000,open,time,590,955,1003.4058,open,27.4889,975.9169,30.4061,972.9997,
2011-08-24,59,25,26,85,1,SOXL,1,0.4282,0.4120,25.6920,24.7200,level,stop,596,655,-378.3279,open,27.8086,-406.1364,30.5867,-408.9146,
2011-08-25,60,15,16,32,1,SOXL,1,0.4288,0.4144,25.7280,24.8640,level,stop,586,602,-335.8209,open,31.7381,-367.5590,34.5061,-370.3270,
2011-08-26,61,31,32,51,-1,SOXS,1,19244160000.0000,18511003505.9761,100.2300,96.4115,level,stop,602,621,-380.9761,open,12.2740,-393.2501,12.9863,-393.9624,
2011-08-29,62,31,32,385,1,SOXL,1,0.4492,0.4662,26.9520,27.9720,open,time,602,955,378.4506,open,23.8762,354.5744,26.4260,352.0245,
2011-08-30,63,15,16,32,1,SOXL,1,0.4662,0.4522,27.9720,27.1320,gap,stop,586,602,-300.3003,open,29.1417,-329.4420,31.6829,-331.9832,
2011-08-31,64,36,37,109,1,SOXL,1,0.4803,0.4634,28.8180,27.8040,level,stop,607,679,-351.8634,open,24.7678,-376.6312,27.2411,-379.1045,
2011-09-01,65,16,17,30,-1,SOXS,1,15768806400.0000,15406776190.2534,82.1292,80.2436,level,stop,587,600,-229.5863,open,16.0676,-245.6539,16.9299,-246.5162,
2011-09-02,66,38,39,301,1,SOXL,1,0.4153,0.4007,24.9180,24.0420,gap,stop,609,871,-351.5531,open,26.5562,-378.1093,29.4166,-380.9697,
2011-09-06,67,26,27,385,1,SOXL,1,0.3767,0.3954,22.6020,23.7240,open,time,597,955,496.4162,open,28.3412,468.0750,31.3650,465.0512,
2011-09-07,68,39,40,385,1,SOXL,1,0.4412,0.4450,26.4720,26.7000,open,time,610,955,86.1287,open,24.5733,61.5554,27.2063,58.9224,
2011-09-08,69,42,43,336,1,SOXL,1,0.4592,0.4346,27.5520,26.0760,gap,stop,613,906,-535.7143,open,26.1237,-561.8380,28.7362,-564.4505,
2011-09-09,70,17,18,298,1,SOXL,1,0.4394,0.4242,26.3640,25.4520,gap,stop,588,868,-345.9263,open,27.0612,-372.9874,29.7639,-375.6901,
2011-09-12,71,15,16,385,1,SOXL,1,0.4467,0.4617,26.8020,27.7020,open,time,586,955,335.7958,open,24.0468,311.7490,26.6161,309.1797,
2011-09-13,72,34,35,385,1,SOXL,1,0.4783,0.4922,28.6980,29.5320,open,time,605,955,290.6126,open,22.4987,268.1139,24.9034,265.7092,
2011-09-14,73,16,17,47,1,SOXL,1,0.5126,0.5005,30.7560,30.0300,level,stop,587,617,-236.0515,open,26.4199,-262.4714,28.7234,-264.7749,
2011-09-15,74,34,35,52,1,SOXL,1,0.5583,0.5455,33.4980,32.7300,level,stop,605,622,-229.2674,open,24.2529,-253.5204,26.3671,-255.6345,
2011-09-16,75,30,31,385,1,SOXL,1,0.5645,0.5532,33.8700,33.1920,open,time,601,955,-200.1771,open,19.4320,-219.6091,21.5198,-221.6969,
2011-09-19,76,23,24,110,-1,SOXS,1,12985574400.0000,12737958823.3547,67.6332,66.3435,level,stop,594,680,-190.6851,open,17.2034,-207.8885,18.2485,-208.9336,
2011-09-20,77,105,106,338,1,SOXL,1,0.5470,0.5278,32.8200,31.6680,level,stop,676,908,-351.0055,open,18.7061,-369.7116,20.8777,-371.8832,
2011-09-21,78,22,23,189,-1,SOXS,1,12900480000.0000,12630626844.8576,67.1900,65.7845,level,stop,593,759,-209.1807,open,17.3295,-226.5102,18.3824,-227.5632,
2011-09-22,79,19,20,51,-1,SOXS,1,15482880000.0000,14858684727.8725,80.6400,77.3890,level,stop,590,621,-403.1519,open,16.5014,-419.6533,17.3877,-420.5396,
2011-09-23,80,21,22,385,1,SOXL,1,0.4425,0.4600,26.5500,27.6000,open,time,592,955,395.4802,open,24.2220,371.2582,26.8084,368.6719,
2011-09-26,81,27,28,385,-1,SOXS,1,14747520000.0000,14413440000.0000,76.8100,75.0700,open,time,598,955,-226.5330,open,14.5101,-241.0431,15.4320,-241.9650,
2011-09-27,82,53,54,385,1,SOXL,1,0.4908,0.4792,29.4480,28.7520,open,time,624,955,-236.3488,open,22.3745,-258.7233,24.7804,-261.1292,
2011-09-28,83,40,41,385,-1,SOXS,1,13772160000.0000,14730240000.0000,71.7300,76.7200,open,time,611,955,695.6643,open,13.6464,682.0179,14.5906,681.0737,
2011-09-29,84,19,20,25,1,SOXL,1,0.4642,0.4542,27.8520,27.2520,level,stop,590,595,-215.4244,open,29.1382,-244.5625,31.6791,-247.1035,
2011-09-30,85,49,50,95,1,SOXL,1,0.4143,0.3992,24.8580,23.9520,level,stop,620,665,-364.4702,open,28.7217,-393.1919,31.5910,-396.0612,
2011-10-03,86,37,38,164,1,SOXL,1,0.3845,0.3702,23.0700,22.2120,level,stop,608,734,-371.9116,open,28.7032,-400.6148,31.7961,-403.7077,
2011-10-04,87,47,48,385,1,SOXL,1,0.3458,0.3763,20.7480,22.5780,open,time,618,955,882.0127,open,30.4603,851.5525,33.6974,848.3154,
2011-10-05,88,31,32,385,1,SOXL,1,0.3907,0.4177,23.4420,25.0620,open,time,602,955,691.0673,open,27.1415,663.9258,30.0311,661.0362,
2011-10-06,89,16,17,51,-1,SOXS,1,15158400000.0000,14799801600.0000,78.9500,77.0823,level,stop,587,621,-236.5674,open,16.7181,-253.2856,17.6155,-254.1830,
2011-10-07,90,53,54,172,1,SOXL,1,0.4467,0.4268,26.8020,25.6080,level,stop,624,742,-445.4891,open,24.7886,-470.2777,27.4612,-472.9504,
2011-10-10,91,16,17,385,1,SOXL,1,0.4670,0.4748,28.0200,28.4880,open,time,587,955,167.0236,open,23.1478,143.8758,25.6255,141.3981,
2011-10-11,92,21,22,385,1,SOXL,1,0.4727,0.4740,28.3620,28.4400,open,time,592,955,27.5016,open,22.9905,4.5111,25.4552,2.0464,
2011-10-12,93,15,16,385,1,SOXL,1,0.4940,0.4867,29.6400,29.2020,open,time,586,955,-147.7733,open,22.1519,-169.9251,24.5312,-172.3045,
2011-10-13,94,15,16,385,1,SOXL,1,0.4943,0.5165,29.6580,30.9900,open,time,586,955,449.1200,open,21.6472,427.4728,23.9567,425.1633,
2011-10-14,95,45,46,385,-1,SOXS,1,11673600000.0000,11573760000.0000,60.8000,60.2800,open,time,616,955,-85.5263,open,16.5767,-102.1030,17.7330,-103.2593,
2011-10-17,96,16,17,26,1,SOXL,1,0.5217,0.5133,31.3020,30.7980,gap,stop,587,596,-161.0121,open,25.8598,-186.8719,28.1144,-189.1265,
2011-10-18,97,18,19,58,-1,SOXS,1,12526080000.0000,12192000000.0000,65.2400,63.5000,level,stop,589,628,-266.7075,open,20.2499,-286.9574,21.3376,-288.0451,
2011-10-19,98,15,16,385,-1,SOXS,1,12009600000.0000,12359040000.0000,62.5500,64.3700,open,time,586,955,290.9672,open,17.4763,273.4909,18.5796,272.3876,
2011-10-20,99,86,87,385,-1,SOXS,1,13217280000.0000,12942720000.0000,68.8400,67.4100,open,time,657,955,-207.7281,open,12.5410,-220.2691,13.5687,-221.2967,
2011-10-21,100,17,18,256,1,SOXL,1,0.4980,0.4833,29.8800,28.9980,gap,stop,588,826,-295.1807,open,20.3797,-315.5605,22.7581,-317.9388,
2011-10-24,101,17,18,385,1,SOXL,1,0.5235,0.5405,31.4100,32.4300,open,time,588,955,324.7373,open,20.5348,304.2025,22.7283,302.0090,
2011-10-25,102,18,19,385,1,SOXL,1,0.5332,0.5167,31.9920,31.0020,open,time,589,955,-309.4524,open,20.6601,-330.1124,22.8830,-332.3354,
2011-10-26,103,29,30,385,-1,SOXS,1,11191680000.0000,11324160000.0000,58.2900,58.9800,open,time,600,955,118.3736,open,17.1484,101.2253,18.3422,100.0314,
2011-10-27,104,32,33,152,-1,SOXS,1,10440960000.0000,10147180800.0000,54.3800,52.8499,gap,stop,603,722,-281.3718,open,19.6237,-300.9956,20.9296,-302.3014,
2011-10-28,105,68,69,147,1,SOXL,1,0.5913,0.5767,35.4780,34.6020,gap,stop,639,717,-246.9136,open,17.2145,-264.1281,19.2126,-266.1261,
2011-10-31,106,16,17,385,-1,SOXS,1,10360320000.0000,10389120000.0000,53.9600,54.1100,open,time,587,955,27.7984,open,20.4399,7.3584,21.7354,6.0630,
2011-11-01,107,144,145,385,-1,SOXS,1,11646720000.0000,11527891200.0000,60.6600,60.0411,open,time,715,955,-102.0277,open,14.1532,-116.1808,15.3131,-117.3408,
2011-11-02,108,17,18,83,-1,SOXS,1,11376153600.0000,11077632000.0000,59.2508,57.6960,gap,stop,588,653,-262.4100,open,19.6872,-282.0972,20.8846,-283.2945,
2011-11-03,109,20,21,109,-1,SOXS,1,11408640000.0000,10944000000.0000,59.4200,57.0000,level,stop,591,679,-407.2703,open,19.7491,-427.0194,20.9522,-428.2224,
2011-11-04,110,16,17,385,1,SOXL,1,0.5523,0.5647,33.1380,33.8820,open,time,587,955,224.5157,open,19.5387,204.9770,21.6278,202.8878,
2011-11-07,111,18,19,41,1,SOXL,1,0.5647,0.5543,33.8820,33.2580,gap,stop,589,611,-184.1686,open,23.9229,-208.0915,26.0083,-210.1769,
2011-11-08,112,37,38,385,-1,SOXS,1,9863040000.0000,9806822400.0000,51.3700,51.0772,open,time,608,955,-56.9982,open,19.5877,-76.5860,20.9543,-77.9525,
2011-11-09,113,21,22,385,-1,SOXS,1,10694400000.0000,11153280000.0000,55.7000,58.0900,open,time,592,955,429.0844,open,19.5266,409.5578,20.7575,408.3269,
2011-11-10,114,23,24,385,-1,SOXS,1,11005440000.0000,10834560000.0000,57.3200,56.4300,open,time,594,955,-155.2687,open,19.3746,-174.6433,20.6055,-175.8741,
2011-11-11,115,30,31,385,1,SOXL,1,0.5378,0.5610,32.2680,33.6600,open,time,601,955,431.3871,open,19.9130,411.4741,22.0375,409.3496,
2011-11-14,116,20,21,33,-1,SOXS,1,9888000000.0000,9740160000.0000,51.5000,50.7300,level,stop,591,603,-149.5146,open,25.4962,-175.0107,26.8657,-176.3803,
2011-11-15,117,15,16,385,1,SOXL,1,0.5535,0.5665,33.2100,33.9900,open,time,586,955,234.8690,open,19.4889,215.3801,21.5725,213.2965,
2011-11-16,118,15,16,385,1,SOXL,1,0.5640,0.5548,33.8400,33.2880,open,time,586,955,-163.1206,open,19.4206,-182.5412,21.5063,-184.6269,
2011-11-17,119,15,16,385,-1,SOXS,1,10310400000.0000,11020800000.0000,53.7000,57.4000,open,time,586,955,689.0130,open,20.0777,668.9354,21.3392,667.6738,
2011-11-18,120,15,16,385,-1,SOXS,1,11091571200.0000,11212800000.0000,57.7686,58.4000,open,time,586,955,109.2981,open,19.0399,90.2582,20.2451,89.0531,
2011-11-21,121,15,16,361,-1,SOXS,1,12077049600.0000,11677440000.0000,62.9013,60.8200,level,stop,586,931,-330.8835,open,17.7777,-348.6612,18.9096,-349.7931,
2011-11-22,122,16,17,37,1,SOXL,1,0.4580,0.4417,27.4800,26.5020,level,stop,587,607,-355.8952,open,29.7493,-385.6445,32.3436,-388.2388,
2011-11-23,123,19,20,385,-1,SOXS,1,12942720000.0000,13296000000.0000,67.4100,69.2500,open,time,590,955,272.9565,open,16.2302,256.7264,17.2548,255.7017,
2011-11-25,124,48,49,144,1,SOXL,1,0.4007,0.3833,24.0420,22.9980,level,stop,619,714,-434.2401,open,29.7897,-464.0298,32.7673,-467.0074,
2011-11-28,125,41,42,183,1,SOXL,1,0.4215,0.4133,25.2900,24.7980,gap,stop,612,753,-194.5433,open,26.0014,-220.5447,28.7968,-223.3401,
2011-11-29,126,30,31,194,1,SOXL,1,0.4232,0.4094,25.3920,24.5640,level,stop,601,764,-326.0870,open,26.0344,-352.1214,28.8376,-354.9246,
2011-11-30,127,25,26,385,1,SOXL,1,0.4527,0.4755,27.1620,28.5300,open,time,596,955,503.6448,open,23.5857,480.0591,26.1011,477.5437,
2011-12-01,128,22,23,385,1,SOXL,1,0.4810,0.4822,28.8600,28.9320,open,time,593,955,24.9480,open,22.5969,2.3511,25.0194,-0.0714,
2011-12-02,129,22,23,32,-1,SOXS,1,10197120000.0000,10022400000.0000,53.1100,52.2000,level,stop,593,602,-171.3425,open,24.7503,-196.0928,26.0799,-197.4224,
2011-12-05,130,17,18,42,-1,SOXS,1,10310400000.0000,9982080000.0000,53.7000,51.9900,level,stop,588,612,-318.4358,open,24.6521,-343.0878,25.9770,-344.4128,
2011-12-06,131,15,16,31,-1,SOXS,1,10137600000.0000,10114560000.0000,52.8000,52.6800,gap,stop,586,601,-22.7273,open,24.7228,-47.4500,26.0500,-48.7773,
2011-12-07,132,56,57,96,-1,SOXS,1,10631040000.0000,10325760000.0000,55.3700,53.7800,gap,stop,627,666,-287.1591,open,19.2788,-306.4379,20.5617,-307.7208,
2011-12-08,133,15,16,104,1,SOXL,1,0.5039,0.4876,30.2340,29.2560,level,stop,586,674,-323.4769,open,23.5799,-347.0568,25.9339,-349.4107,
2011-12-09,134,20,21,385,1,SOXL,1,0.4589,0.4847,27.5340,29.0820,open,time,591,955,562.2140,open,23.2196,538.9944,25.6942,536.5198,
2011-12-12,135,27,28,385,-1,SOXS,1,11356800000.0000,11205120000.0000,59.1500,58.3600,open,time,598,955,-133.5587,open,18.7616,-152.3204,19.9530,-153.5118,
2011-12-13,136,19,20,385,-1,SOXS,1,11067168000.0000,12036480000.0000,57.6415,62.6900,open,time,590,955,875.8447,open,18.5964,857.2483,19.7619,856.0828,
2011-12-14,137,17,18,385,-1,SOXS,1,12138240000.0000,12514368000.0000,63.2200,65.1790,open,time,588,955,309.8703,open,17.2803,292.5900,18.3709,291.4994,
2011-12-15,138,15,16,385,-1,SOXS,1,12105600000.0000,12616320000.0000,63.0500,65.7100,open,time,586,955,421.8874,open,17.2604,404.6270,18.3482,403.5392,
2011-12-16,139,32,33,151,1,SOXL,1,0.4098,0.3982,24.5880,23.8920,gap,stop,603,721,-283.0649,open,26.8373,-309.9022,29.7256,-312.7906,
2011-12-19,140,18,19,385,-1,SOXS,1,12407328000.0000,13363200000.0000,64.6215,69.6000,open,time,589,955,770.4092,open,16.6491,753.7601,17.6936,752.7156,
2011-12-20,141,55,56,385,1,SOXL,1,0.4063,0.4152,24.3780,24.9120,open,time,626,955,219.0500,open,26.5467,192.5032,29.3874,189.6626,
2011-12-21,142,26,27,385,-1,SOXS,1,12019200000.0000,11988480000.0000,62.6000,62.4400,open,time,597,955,-25.5591,open,17.6601,-43.2192,18.7797,-44.3388,
2011-12-22,143,25,26,385,1,SOXL,1,0.4263,0.4418,25.5780,26.5080,open,time,596,955,363.5937,open,25.1696,338.4241,27.8583,335.7354,
2011-12-23,144,33,34,385,-1,SOXS,1,10606080000.0000,10606080000.0000,55.2400,55.2400,open,time,604,955,0.0000,open,18.1774,-18.1774,19.4446,-19.4446,
2011-12-27,145,18,19,385,1,SOXL,1,0.4514,0.4477,27.0840,26.8620,open,time,589,955,-81.9672,open,24.1751,-106.1423,26.7703,-108.7375,
2011-12-28,146,15,16,385,-1,SOXS,1,10855680000.0000,11072640000.0000,56.5400,57.6700,open,time,586,955,199.8585,open,19.3902,180.4683,20.6161,179.2424,
2011-12-29,147,15,16,58,-1,SOXS,1,11018880000.0000,10830739200.0000,57.3900,56.4101,gap,stop,586,628,-170.7440,open,22.9077,-193.6517,24.1380,-194.8820,
2011-12-30,148,22,23,291,1,SOXL,1,0.4417,0.4350,26.5010,26.0990,gap,stop,593,861,-151.6867,open,26.6893,-178.3759,29.3510,-181.0377,
2012-01-03,149,38,39,112,1,SOXL,1,0.4692,0.4592,28.1520,27.5520,gap,stop,609,682,-213.1287,open,16.2375,-229.3663,18.7511,-231.8799,
2012-01-04,150,41,42,315,-1,SOXS,1,10822272000.0000,10573440000.0000,56.3660,55.0700,level,stop,612,885,-229.9258,open,17.1166,-247.0425,18.3731,-248.2990,
2012-01-05,151,16,17,45,-1,SOXS,1,10527360000.0000,10348800000.0000,54.8300,53.9000,level,stop,587,615,-169.6152,open,19.3826,-188.9977,20.6702,-190.2854,
2012-01-06,152,21,22,76,-1,SOXS,1,10208640000.0000,10047360000.0000,53.1700,52.3300,gap,stop,592,646,-157.9838,open,17.1083,-175.0922,18.4354,-176.4193,
2012-01-09,153,17,18,385,1,SOXL,1,0.4845,0.4987,29.0700,29.9220,open,time,588,955,293.0857,open,18.8184,274.2673,21.1921,271.8936,
2012-01-10,154,15,16,385,-1,SOXS,1,9070080000.0000,9137280000.0000,47.2400,47.5900,open,time,586,955,74.0898,open,20.1261,53.9636,21.6025,52.4873,
2012-01-11,155,64,65,385,1,SOXL,1,0.5192,0.5210,31.1520,31.2600,open,time,635,955,34.6687,open,14.5157,20.1530,16.7589,17.9098,
2012-01-12,156,44,45,167,-1,SOXS,1,9064320000.0000,8833920000.0000,47.2100,46.0100,gap,stop,615,737,-254.1834,open,19.3640,-273.5474,20.8661,-275.0495,
2012-01-13,157,40,41,385,-1,SOXS,1,9158400000.0000,9279360000.0000,47.7000,48.3300,open,time,611,955,132.0755,open,18.8365,113.2390,20.2945,111.7810,
2012-01-17,158,18,19,385,-1,SOXS,1,8974272000.0000,9158400000.0000,46.7410,47.7000,open,time,589,955,205.1732,open,20.2310,184.9422,21.7135,183.4597,
2012-01-18,159,20,21,385,1,SOXL,1,0.5555,0.5832,33.3300,34.9920,open,time,591,955,498.6499,open,16.3048,482.3451,18.3551,480.2947,
2012-01-19,160,21,22,35,1,SOXL,1,0.6062,0.5982,36.3720,35.8920,level,stop,592,605,-131.9696,open,16.6753,-148.6450,18.6128,-150.5824,
2012-01-20,161,20,21,385,1,SOXL,1,0.6188,0.6272,37.1280,37.6320,open,time,591,955,135.7466,open,14.8270,120.9196,16.6998,119.0468,
2012-01-23,162,26,27,138,1,SOXL,1,0.6337,0.6175,38.0220,37.0500,level,stop,597,708,-255.6415,open,14.6894,-270.3309,16.5546,-272.1961,
2012-01-24,163,32,33,385,1,SOXL,1,0.6200,0.6290,37.2000,37.7400,open,time,603,955,145.1613,open,12.1053,133.0560,13.9736,131.1877,
2012-01-25,164,17,18,244,-1,SOXS,1,7390080000.0000,7120870761.1223,38.4900,37.0879,level,stop,588,814,-364.2846,open,26.5088,-390.7934,28.3619,-392.6465,
2012-01-26,165,21,22,80,1,SOXL,1,0.6460,0.6333,38.7600,37.9980,level,stop,592,650,-196.5944,open,15.6944,-212.2889,17.5185,-214.1130,
2012-01-27,166,26,27,385,1,SOXL,1,0.6235,0.6250,37.4100,37.5000,open,time,597,955,24.0577,open,14.7748,9.2830,16.6437,7.4140,
2012-01-30,167,20,21,385,-1,SOXS,1,7662720000.0000,7488000000.0000,39.9100,39.0000,open,time,591,955,-228.0130,open,24.1218,-252.1348,25.8962,-253.9092,
2012-01-31,168,18,19,385,-1,SOXS,1,7378560000.0000,7459200000.0000,38.4300,38.8500,open,time,589,955,109.2896,open,24.6922,84.5974,26.5039,82.7858,
2012-02-01,169,54,55,385,1,SOXL,1,0.6412,0.6472,38.4720,38.8320,open,time,625,955,93.5745,open,11.7331,81.8414,13.5442,80.0304,
2012-02-02,170,28,29,385,1,SOXL,1,0.6557,0.6557,39.3420,39.3420,open,time,599,955,0.0000,open,14.0640,-14.0640,15.8433,-15.8433,
2012-02-03,171,29,30,385,1,SOXL,1,0.6817,0.6888,40.9020,41.3280,open,time,600,955,104.1514,open,11.0340,93.1174,12.7365,91.4148,
2012-02-06,172,70,71,385,-1,SOXS,1,6803520000.0000,6740793600.0000,35.4350,35.1083,open,time,641,955,-92.1970,open,21.3586,-113.5556,23.3432,-115.5402,
2012-02-07,173,20,21,78,-1,SOXS,1,6898560000.0000,6766080000.0000,35.9300,35.2400,gap,stop,591,648,-192.0401,open,25.3273,-217.3674,27.2946,-219.3347,
2012-02-08,174,17,18,385,1,SOXL,1,0.6812,0.6900,40.8720,41.4000,open,time,588,955,129.1838,open,13.4766,115.7072,15.1784,114.0054,
2012-02-09,175,54,55,385,-1,SOXS,1,6462720000.0000,6407040000.0000,33.6600,33.3700,open,time,625,955,-86.1557,open,26.9312,-113.0869,29.0199,-115.1755,
2012-02-10,176,27,28,385,-1,SOXS,1,6666240000.0000,6798720000.0000,34.7200,35.4100,open,time,598,955,198.7327,open,27.2250,171.5077,29.2215,169.5113,
2012-02-13,177,16,17,385,-1,SOXS,1,6722880000.0000,6727680000.0000,35.0150,35.0400,open,time,587,955,7.1398,open,27.2112,-20.0714,29.2096,-22.0698,
2012-02-14,178,15,16,39,1,SOXL,1,0.6600,0.6515,39.6000,39.0900,level,stop,586,609,-128.7879,open,15.3181,-144.1060,17.0973,-145.8852,
2012-02-15,179,15,16,210,1,SOXL,1,0.6933,0.6788,41.5980,40.7280,level,stop,586,780,-209.1447,open,14.6351,-223.7797,16.3358,-225.4805,
2012-02-16,180,15,16,385,1,SOXL,1,0.6863,0.7283,41.1780,43.6980,open,time,586,955,611.9773,open,13.1573,598.8200,14.8082,597.1690,
2012-02-17,181,21,22,385,-1,SOXS,1,6038400000.0000,6177984000.0000,31.4500,32.1770,open,time,592,955,231.1606,open,30.0107,201.1499,32.2113,198.9492,
2012-02-21,182,19,20,385,-1,SOXS,1,6269664000.0000,6445440000.0000,32.6545,33.5700,open,time,590,955,280.3595,open,28.8481,251.5114,30.9626,249.3970,
2012-02-22,183,18,19,111,1,SOXL,1,0.6825,0.6733,40.9500,40.3980,level,stop,589,681,-134.7985,open,13.5809,-148.3795,15.3020,-150.1005,
2012-02-23,184,15,16,100,-1,SOXS,1,6752640000.0000,6519936000.0000,35.1700,33.9580,level,stop,586,670,-344.6119,open,26.0345,-370.6463,28.0603,-372.6722,
2012-02-24,185,66,67,385,-1,SOXS,1,6485760000.0000,6566400000.0000,33.7800,34.2000,open,time,637,955,124.3339,open,22.1461,102.1878,24.2056,100.1283,
2012-02-27,186,43,44,385,1,SOXL,1,0.6567,0.6737,39.4020,40.4220,open,time,614,955,258.8701,open,11.3758,247.4943,13.1300,245.7401,
2012-02-28,187,25,26,385,1,SOXL,1,0.6992,0.7037,41.9520,42.2220,open,time,596,955,64.3593,open,13.1615,51.1977,14.8248,49.5345,
2012-02-29,188,50,51,385,-1,SOXS,1,6243840000.0000,6503040000.0000,32.5200,33.8700,open,time,621,955,415.1292,open,27.2744,387.8548,29.3840,385.7451,
2012-03-01,189,20,21,30,1,SOXL,1,0.6897,0.6778,41.3820,40.6680,level,stop,591,600,-172.5388,open,14.6881,-187.2269,16.3945,-188.9333,
2012-03-02,190,18,19,41,-1,SOXS,1,6539520000.0000,6424320000.0000,34.0600,33.4600,gap,stop,589,611,-176.1597,open,31.1810,-207.3408,33.2547,-209.4144,
2012-03-05,191,15,16,385,-1,SOXS,1,6902688000.0000,7191360000.0000,35.9515,37.4550,open,time,586,955,418.2023,open,26.0636,392.1387,27.9716,390.2307,
2012-03-06,192,34,35,385,-1,SOXS,1,7503360000.0000,7363200000.0000,39.0800,38.3500,open,time,605,955,-186.7963,open,23.3094,-210.1057,25.1177,-211.9140,
2012-03-07,193,31,32,385,1,SOXL,1,0.6012,0.6150,36.0720,36.9000,open,time,602,955,229.5409,open,12.4369,217.1041,14.3557,215.1853,
2012-03-08,194,19,20,93,-1,SOXS,1,6906240000.0000,6791040000.0000,35.9700,35.3700,gap,stop,590,663,-166.8057,open,25.2737,-192.0793,27.2362,-194.0419,
2012-03-09,195,15,16,385,1,SOXL,1,0.6542,0.6600,39.2520,39.6000,open,time,586,955,88.6579,open,14.0511,74.6068,15.8266,72.8313,
2012-03-12,196,21,22,385,-1,SOXS,1,6604800000.0000,6727680000.0000,34.4000,35.0400,open,time,592,955,186.0465,open,27.4920,158.5545,29.5083,156.5382,
2012-03-13,197,62,63,385,1,SOXL,1,0.6663,0.6828,39.9780,40.9680,open,time,633,955,247.6362,open,11.2180,236.4182,12.9478,234.6884,
2012-03-14,198,15,16,93,1,SOXL,1,0.7099,0.6914,42.5940,41.4840,gap,stop,586,663,-260.6001,open,13.1206,-273.7207,14.7860,-275.3861,
2012-03-15,199,20,21,385,1,SOXL,1,0.6962,0.7167,41.7720,43.0020,open,time,591,955,294.4556,open,13.1110,281.3446,14.7628,279.6928,
2012-03-16,200,15,16,194,-1,SOXS,1,5988480000.0000,5880594412.4169,31.1900,30.6281,level,stop,586,764,-180.1552,open,30.7872,-210.9424,33.0521,-213.2073,
2012-03-19,201,18,19,38,1,SOXL,1,0.7252,0.7150,43.5120,42.9000,level,stop,589,608,-140.6509,open,13.9526,-154.6034,15.5728,-156.2236,
2012-03-20,202,15,16,111,-1,SOXS,1,6034656000.0000,5894400000.0000,31.4305,30.7000,gap,stop,586,681,-232.4176,open,28.9929,-261.4105,31.2466,-263.6641,
2012-03-21,203,19,20,38,1,SOXL,1,0.7365,0.7272,44.1900,43.6320,level,stop,590,608,-126.2729,open,13.7309,-140.0038,15.3251,-141.5980,
2012-03-22,204,16,17,43,1,SOXL,1,0.7195,0.7118,43.1700,42.7080,level,stop,587,613,-107.0188,open,14.0426,-121.0614,15.6729,-122.6917,
2012-03-23,205,35,36,287,-1,SOXS,1,6065280000.0000,5913600000.0000,31.5900,30.8000,level,stop,606,857,-250.0791,open,30.5314,-280.6105,32.7757,-282.8548,
2012-03-26,206,18,19,65,-1,SOXS,1,5792640000.0000,5740800000.0000,30.1700,29.9000,level,stop,589,635,-89.4929,open,30.0302,-119.5231,32.3609,-121.8537,
2012-03-27,207,15,16,385,1,SOXL,1,0.7645,0.7524,45.8700,45.1440,open,time,586,955,-158.2734,open,12.1403,-170.4137,13.6786,-171.9520,
2012-03-28,208,16,17,385,-1,SOXS,1,5694412800.0000,5857920000.0000,29.6584,30.5100,open,time,587,955,287.1362,open,31.7486,255.3876,34.0758,253.0604,
2012-03-29,209,16,17,25,1,SOXL,1,0.7183,0.7085,43.0980,42.5100,level,stop,587,595,-136.4332,open,16.4360,-152.8692,18.0714,-154.5046,
2012-03-30,210,15,16,385,-1,SOXS,1,5781120000.0000,5738880000.0000,30.1100,29.8900,open,time,586,955,-73.0654,open,31.7433,-104.8087,34.0766,-107.1420,
2012-04-02,211,21,22,121,-1,SOXS,1,5957760000.0000,5806982400.0000,31.0300,30.2447,gap,stop,592,691,-253.0777,open,29.3910,-282.4687,31.6762,-284.7539,
2012-04-03,212,17,18,385,-1,SOXS,1,5909760000.0000,6030720000.0000,30.7800,31.4100,open,time,588,955,204.6784,open,30.6959,173.9824,32.9473,171.7310,
2012-04-04,213,23,24,385,-1,SOXS,1,6370560000.0000,6424320000.0000,33.1800,33.4600,open,time,594,955,84.3882,open,28.6207,55.7675,30.7216,53.6666,
2012-04-05,214,15,16,385,1,SOXL,1,0.6578,0.6587,39.4680,39.5220,open,time,586,955,13.6820,open,14.0123,-0.3303,15.7847,-2.1027,
2012-04-09,215,20,21,55,-1,SOXS,1,6762240000.0000,6696960000.0000,35.2200,34.8800,gap,stop,591,625,-96.5361,open,30.0393,-126.5753,32.0365,-128.5725,
2012-04-10,216,113,114,385,-1,SOXS,1,6695040000.0000,6979200000.0000,34.8700,36.3500,open,time,684,955,424.4336,open,21.1282,403.3054,23.0948,401.3389,
2012-04-11,217,21,22,32,-1,SOXS,1,6779251200.0000,6673920000.0000,35.3086,34.7600,gap,stop,592,602,-155.3729,open,30.0497,-185.4226,32.0479,-187.4208,
2012-04-12,218,56,57,385,1,SOXL,1,0.6473,0.6623,38.8380,39.7380,open,time,627,955,231.7318,open,11.5537,220.1781,13.3356,218.3962,
2012-04-13,219,17,18,29,1,SOXL,1,0.6580,0.6500,39.4800,39.0000,level,stop,588,599,-121.5805,open,17.9239,-139.5045,19.7079,-141.2884,
2012-04-16,220,16,17,385,-1,SOXS,1,6554726400.0000,6647040000.0000,34.1392,34.6200,open,time,587,955,140.8352,open,27.7531,113.0821,29.7893,111.0459,
2012-04-17,221,15,16,385,1,SOXL,1,0.6497,0.6577,38.9820,39.4620,open,time,586,955,123.1338,open,14.1306,109.0031,15.9154,107.2184,
2012-04-18,222,50,51,385,1,SOXL,1,0.6335,0.6390,38.0100,38.3400,open,time,621,955,86.8193,open,11.8786,74.9407,13.7123,73.1070,
2012-04-19,223,16,17,33,1,SOXL,1,0.6415,0.6298,38.4900,37.7880,level,stop,587,603,-182.3850,open,15.7945,-198.1796,17.6301,-200.0151,
2012-04-20,224,15,16,385,-1,SOXS,1,6942720000.0000,7148160000.0000,36.1600,37.2300,open,time,586,955,295.9071,open,26.0401,269.8670,27.9481,267.9589,
2012-04-23,225,23,24,378,-1,SOXS,1,7549440000.0000,7400167829.9555,39.3200,38.5425,level,stop,594,948,-197.7261,open,24.4507,-222.1768,26.2489,-223.9750,
2012-04-24,226,29,30,385,-1,SOXS,1,7472640000.0000,7593600000.0000,38.9200,39.5500,open,time,600,955,161.8705,open,23.0445,138.8260,24.8288,137.0418,
2012-04-25,227,85,86,385,-1,SOXS,1,7238400000.0000,7050240000.0000,37.7000,36.7200,open,time,656,955,-259.9469,open,20.2635,-280.2104,22.1450,-282.0920,
2012-04-26,228,16,17,385,1,SOXL,1,0.6029,0.6140,36.1740,36.8400,open,time,587,955,184.1101,open,15.1906,168.9195,17.1082,167.0019,
2012-04-27,229,18,19,91,-1,SOXS,1,6746880000.0000,6566400000.0000,35.1400,34.2000,level,stop,589,661,-267.5014,open,25.9746,-293.4760,27.9940,-295.4954,
2012-04-30,230,26,27,385,-1,SOXS,1,6658560000.0000,6664320000.0000,34.6800,34.7100,open,time,597,955,8.6505,open,27.4718,-18.8213,29.4894,-20.8389,
2012-05-01,231,33,34,385,1,SOXL,1,0.6153,0.6138,36.9180,36.8280,open,time,604,955,-24.3784,open,12.2887,-36.6671,14.1871,-38.5655,
2012-05-02,232,15,16,385,1,SOXL,1,0.6038,0.6208,36.2280,37.2480,open,time,586,955,281.5502,open,15.1164,266.4338,17.0221,264.5281,
2012-05-03,233,35,36,385,-1,SOXS,1,6599040000.0000,7004160000.0000,34.3700,36.4800,open,time,606,955,613.9075,open,25.5991,588.3084,27.5769,586.3306,
2012-05-04,234,16,17,30,1,SOXL,1,0.5722,0.5605,34.3320,33.6300,level,stop,587,600,-204.4740,open,17.7181,-222.1920,19.7783,-224.2522,
2012-05-07,235,31,32,385,1,SOXL,1,0.5437,0.5345,32.6220,32.0700,open,time,602,955,-169.2110,open,13.9914,-183.2024,16.1557,-185.3667,
2012-05-08,236,34,35,350,-1,SOXS,1,7839360000.0000,7597440000.0000,40.8300,39.5700,gap,stop,605,920,-308.5966,open,22.4384,-331.0350,24.1801,-332.7768,
2012-05-09,237,24,25,30,-1,SOXS,1,8021760000.0000,7919139286.4865,41.7800,41.2455,level,stop,595,600,-127.9279,open,25.3692,-153.2972,27.0555,-154.9835,
2012-05-10,238,85,86,385,-1,SOXS,1,7914240000.0000,7804800000.0000,41.2200,40.6500,open,time,656,955,-138.2824,open,18.4141,-156.6965,20.1242,-158.4066,
2012-05-11,239,15,16,385,1,SOXL,1,0.5317,0.5270,31.9020,31.6200,open,time,586,955,-88.3957,open,17.3883,-105.7840,19.5923,-107.9880,
2012-05-14,240,63,64,385,1,SOXL,1,0.5107,0.5105,30.6420,30.6300,open,time,634,955,-3.9162,open,14.7817,-18.6979,17.0666,-20.9828,
2012-05-15,241,16,17,59,-1,SOXS,1,7950720000.0000,7747325931.9100,41.4100,40.3507,level,stop,587,629,-255.8184,open,25.7564,-281.5748,27.4690,-283.2874,
2012-05-16,242,63,64,238,1,SOXL,1,0.5018,0.4857,30.1080,29.1420,gap,stop,634,808,-320.8450,open,16.9777,-337.8227,19.3412,-340.1862,
2012-05-17,243,16,17,385,-1,SOXS,1,8505600000.0000,8971200000.0000,44.3000,46.7250,open,time,587,955,547.4041,open,21.0549,526.3492,22.5940,524.8100,
2012-05-18,244,30,31,385,-1,SOXS,1,9054739200.0000,9584640000.0000,47.1601,49.9200,open,time,601,955,585.2193,open,18.6920,566.5272,20.1353,565.0840,
2012-05-21,245,23,24,34,-1,SOXS,1,9538560000.0000,9347424000.0000,49.6800,48.6845,level,stop,594,604,-200.3824,open,21.4188,-221.8012,22.8422,-223.2246,
2012-05-22,246,371,372,385,-1,SOXS,1,9123840000.0000,9081600000.0000,47.5200,47.3000,open,time,942,955,-46.2963,open,16.9527,-63.2489,18.4291,-64.7254,
2012-05-23,247,15,16,153,1,SOXL,1,0.4233,0.4117,25.3980,24.7020,level,stop,586,723,-274.0373,open,21.9808,-296.0181,24.7757,-298.8130,
2012-05-24,248,203,204,385,-1,SOXS,1,9231360000.0000,9287040000.0000,48.0800,48.3700,open,time,774,955,60.3161,open,16.6669,43.6492,18.1185,42.1977,
2012-05-25,249,19,20,385,1,SOXL,1,0.4358,0.4395,26.1480,26.3700,open,time,590,955,84.9013,open,21.0700,63.8313,23.7358,61.1655,
2012-05-29,250,15,16,153,1,SOXL,1,0.4608,0.4525,27.6480,27.1500,gap,stop,586,723,-180.1215,open,20.1245,-200.2460,22.6796,-202.8011,
2012-05-30,251,31,32,385,-1,SOXS,1,8805120000.0000,8814720000.0000,45.8600,45.9100,open,time,602,955,10.9027,open,19.6948,-8.7920,21.2203,-10.3176,
2012-05-31,252,19,20,385,-1,SOXS,1,9216000000.0000,9083520000.0000,48.0000,47.3100,open,time,590,955,-143.7500,open,19.9917,-163.7417,21.4607,-165.2107,
2012-06-01,253,57,58,385,-1,SOXS,1,9719232000.0000,10200960000.0000,50.6210,53.1300,open,time,628,955,495.6441,open,17.4815,478.1626,18.8317,476.8124,
2012-06-04,254,40,41,385,-1,SOXS,1,10275859200.0000,10226054400.0000,53.5201,53.2607,open,time,611,955,-48.4678,open,16.9279,-65.3957,18.2390,-66.7068,
2012-06-05,255,15,16,385,1,SOXL,1,0.3833,0.3982,22.9980,23.8920,open,time,586,955,388.7295,open,23.6951,365.0343,26.6819,362.0475,
2012-06-06,256,15,16,385,1,SOXL,1,0.4216,0.4363,25.2960,26.1780,open,time,586,955,348.6717,open,21.5768,327.0949,24.2975,324.3743,
2012-06-07,257,17,18,385,-1,SOXS,1,8338560000.0000,8993280000.0000,43.4300,46.8400,open,time,588,955,785.1715,open,21.2825,763.8890,22.8356,762.3359,
2012-06-08,258,18,19,385,1,SOXL,1,0.4160,0.4362,24.9600,26.1720,open,time,589,955,485.5769,open,21.7649,463.8121,24.5044,461.0725,
2012-06-11,259,15,16,385,-1,SOXS,1,8403840000.0000,9062400000.0000,43.7700,47.2000,open,time,586,955,783.6418,open,21.1188,762.5230,22.6600,760.9818,
2012-06-12,260,92,93,385,1,SOXL,1,0.4315,0.4383,25.8900,26.2980,open,time,663,955,157.5898,open,15.4306,142.1592,18.1133,139.4765,
2012-06-13,261,61,62,335,1,SOXL,1,0.4372,0.4247,26.2320,25.4820,level,stop,632,905,-285.9103,open,17.4810,-303.3914,20.1888,-306.0991,
2012-06-14,262,77,78,385,1,SOXL,1,0.4267,0.4232,25.6020,25.3920,open,time,648,955,-82.0248,open,17.7436,-99.7684,20.4890,-102.5139,
2012-06-15,263,21,22,385,1,SOXL,1,0.4305,0.4428,25.8300,26.5680,open,time,592,955,285.7143,open,21.1779,264.5364,23.8503,261.8640,
2012-06-18,264,15,16,385,1,SOXL,1,0.4500,0.4608,27.0000,27.6480,open,time,586,955,240.0000,open,20.2948,219.7052,22.8570,217.1430,
2012-06-19,265,29,30,385,1,SOXL,1,0.4753,0.4772,28.5180,28.6320,open,time,600,955,39.9748,open,15.8480,24.1268,18.2977,21.6771,
2012-06-20,266,21,22,182,1,SOXL,1,0.4863,0.4783,29.1780,28.6980,level,stop,592,752,-164.5075,open,20.8030,-185.3106,23.2222,-187.7297,
2012-06-21,267,15,16,385,-1,SOXS,1,7762560000.0000,8392320000.0000,40.4300,43.7100,open,time,586,955,811.2788,open,22.8357,788.4430,24.5022,786.7766,
2012-06-22,268,25,26,107,1,SOXL,1,0.4450,0.4383,26.7000,26.2980,gap,stop,596,677,-150.5618,open,20.8142,-171.3760,23.4559,-174.0177,
2012-06-25,269,39,40,385,-1,SOXS,1,8496000000.0000,8803200000.0000,44.2500,45.8500,open,time,610,955,361.5819,open,20.1029,341.4790,21.6572,339.9247,
2012-06-26,270,22,23,290,-1,SOXS,1,8780160000.0000,8592000000.0000,45.7300,44.7500,gap,stop,593,860,-214.3013,open,22.1630,-236.4644,23.7105,-238.0119,
2012-06-27,271,15,16,36,-1,SOXS,1,8536320000.0000,8389440000.0000,44.4600,43.6950,level,stop,586,606,-172.0648,open,23.8944,-195.9592,25.4826,-197.5474,
2012-06-28,272,21,22,66,1,SOXL,1,0.4190,0.4062,25.1400,24.3720,level,stop,592,636,-305.4893,open,24.2840,-329.7733,27.1123,-332.6016,
2012-06-29,273,19,20,41,-1,SOXS,1,7910400000.0000,7741440000.0000,41.2000,40.3200,level,stop,590,611,-213.5922,open,25.8336,-239.4258,27.5511,-241.1434,
2012-07-02,274,26,27,385,-1,SOXS,1,7455360000.0000,7489920000.0000,38.8300,39.0100,open,time,597,955,46.3559,open,24.5024,21.8535,26.3010,20.0549,
2012-07-03,275,25,26,205,1,SOXL,1,0.4763,0.4873,28.5780,29.2380,open,time,596,775,230.9469,open,20.8932,210.0537,23.3150,207.6319,
2012-07-05,276,21,22,256,-1,SOXS,1,7365120000.0000,7269120000.0000,38.3600,37.8600,gap,stop,592,826,-130.3441,open,26.3091,-156.6532,28.1460,-158.4901,
2012-07-06,277,15,16,385,-1,SOXS,1,7718400000.0000,7872000000.0000,40.2000,41.0000,open,time,586,955,199.0050,open,23.5204,175.4846,25.2447,173.7603,
2012-07-09,278,15,16,385,-1,SOXS,1,8098540800.0000,8154240000.0000,42.1799,42.4700,open,time,586,955,68.7768,open,22.5394,46.2374,24.1933,44.5835,
2012-07-10,279,36,37,385,-1,SOXS,1,8362656000.0000,8699520000.0000,43.5555,45.3100,open,time,607,955,402.8194,open,20.3874,382.4320,21.9634,380.8560,
2012-07-11,280,15,16,35,-1,SOXS,1,8823436800.0000,8653755323.0769,45.9554,45.0716,level,stop,586,605,-192.3077,open,23.1414,-215.4491,24.6796,-216.9873,
2012-07-12,281,36,37,385,-1,SOXS,1,9575040000.0000,9425280000.0000,49.8700,49.0900,open,time,607,955,-156.4067,open,18.2518,-174.6585,19.6666,-176.0733,
2012-07-13,282,25,26,35,-1,SOXS,1,9369600000.0000,9177389934.3545,48.8000,47.7989,level,stop,596,605,-205.1422,open,21.8092,-226.9514,23.2586,-228.4009,
2012-07-16,283,15,16,385,-1,SOXS,1,9473280000.0000,9432960000.0000,49.3400,49.1300,open,time,586,955,-42.5618,open,19.3663,-61.9281,20.7880,-63.3498,
2012-07-17,284,16,17,385,-1,SOXS,1,9678720000.0000,9592320000.0000,50.4100,49.9600,open,time,587,955,-89.2680,open,18.9940,-108.2620,20.3888,-109.6568,
2012-07-18,285,23,24,385,1,SOXL,1,0.3775,0.3940,22.6500,23.6400,open,time,594,955,437.0861,open,24.0188,413.0673,27.0446,410.0415,
2012-07-19,286,17,18,385,1,SOXL,1,0.4238,0.4195,25.4280,25.1700,open,time,588,955,-101.4630,open,21.8130,-123.2759,24.5800,-126.0429,
2012-07-20,287,18,19,385,-1,SOXS,1,8225280000.0000,8419200000.0000,42.8400,43.8500,open,time,589,955,235.7610,open,22.0411,213.7198,23.6563,212.1047,
2012-07-23,288,74,75,385,1,SOXL,1,0.3748,0.3898,22.4880,23.3880,open,time,645,955,400.2134,open,19.7750,380.4384,22.8279,377.3855,
2012-07-24,289,22,23,385,-1,SOXS,1,8805120000.0000,8791680000.0000,45.8600,45.7900,open,time,593,955,-15.2638,open,20.8079,-36.0718,22.3355,-37.5993,
2012-07-25,290,151,152,385,1,SOXL,1,0.4147,0.4022,24.8820,24.1320,open,time,722,955,-301.4227,open,16.4306,-317.8533,19.2876,-320.7103,
2012-07-26,291,37,38,115,1,SOXL,1,0.4400,0.4275,26.4000,25.6500,level,stop,608,685,-284.0909,open,17.3687,-301.4596,20.0589,-304.1498,
2012-07-27,292,31,32,385,1,SOXL,1,0.4417,0.4610,26.5020,27.6600,open,time,602,955,436.9482,open,16.7619,420.1862,19.3479,417.6002,
2012-07-30,293,44,45,385,-1,SOXS,1,7213440000.0000,7363200000.0000,37.5700,38.3500,open,time,615,955,207.6125,open,23.8236,183.7888,25.6679,181.9446,
2012-08-01,295,15,16,385,-1,SOXS,1,7263360000.0000,7153920000.0000,37.8300,37.2600,open,time,586,955,-150.6741,open,25.3600,-176.0341,27.2245,-177.8986,
2012-08-02,296,15,16,385,1,SOXL,1,0.4638,0.4545,27.8280,27.2700,open,time,586,955,-200.5175,open,20.0100,-220.5275,22.5512,-223.0687,
2012-08-03,297,102,103,385,1,SOXL,1,0.4827,0.4825,28.9620,28.9500,open,time,673,955,-4.1434,open,13.9100,-18.0533,16.3274,-20.4708,
2012-08-06,298,15,16,27,1,SOXL,1,0.4940,0.4885,29.6400,29.3100,gap,stop,586,597,-111.3360,open,23.8450,-135.1811,26.2200,-137.5560,
2012-08-07,299,15,16,385,1,SOXL,1,0.5138,0.5232,30.8280,31.3920,open,time,586,955,182.9506,open,17.8168,165.1338,20.0670,162.8835,
2012-08-08,300,109,110,385,1,SOXL,1,0.5282,0.5252,31.6920,31.5120,open,time,680,955,-56.7967,open,12.7498,-69.5465,14.9649,-71.7615,
2012-08-09,301,51,52,385,1,SOXL,1,0.5390,0.5373,32.3400,32.2380,open,time,622,955,-31.5399,open,14.0255,-45.5654,16.1935,-47.7334,
2012-08-13,303,37,38,385,-1,SOXS,1,6161280000.0000,6167040000.0000,32.0900,32.1200,open,time,608,955,9.3487,open,28.1260,-18.7772,30.3063,-20.9576,
2012-08-14,304,24,25,385,-1,SOXS,1,6144000000.0000,6347520000.0000,32.0000,33.0600,open,time,595,955,331.2500,open,29.3770,301.8730,31.5295,299.7205,
2012-08-15,305,19,20,385,1,SOXL,1,0.5260,0.5292,31.5600,31.7520,open,time,590,955,60.8365,open,17.4807,43.3558,19.6920,41.1445,
2012-08-16,306,51,52,385,1,SOXL,1,0.5358,0.5542,32.1480,33.2520,open,time,622,955,343.4117,open,13.8813,329.5304,16.0226,327.3891,
2012-08-17,307,105,106,385,-1,SOXS,1,6048000000.0000,6009600000.0000,31.5000,31.3000,open,time,676,955,-63.4921,open,23.9832,-87.4753,26.2125,-89.7046,
2012-08-20,308,36,37,385,-1,SOXS,1,6190080000.0000,6136320000.0000,32.2400,31.9600,open,time,607,955,-86.8486,open,28.1160,-114.9646,30.2967,-117.1454,
2012-08-21,309,30,31,198,1,SOXL,1,0.5465,0.5358,32.7900,32.1480,gap,stop,601,768,-195.7914,open,15.4922,-211.2836,17.6484,-213.4398,
2012-08-22,310,115,116,385,-1,SOXS,1,6316800000.0000,6233280000.0000,32.9000,32.4650,open,time,686,955,-132.2188,open,23.0503,-155.2691,25.1922,-157.4111,
2012-08-23,311,38,39,106,-1,SOXS,1,6431788800.0000,6307200000.0000,33.4989,32.8500,level,stop,609,676,-193.7079,open,25.6709,-219.3788,27.7812,-221.4890,
2012-08-24,312,34,35,106,-1,SOXS,1,6480000000.0000,6336637168.1416,33.7500,33.0033,level,stop,605,676,-221.2389,open,25.5102,-246.7491,27.6077,-248.8467,
2012-08-27,313,16,17,385,-1,SOXS,1,6401299200.0000,6359040000.0000,33.3401,33.1200,open,time,587,955,-66.0166,open,28.6642,-94.6808,30.7707,-96.7873,
2012-08-29,315,15,16,60,1,SOXL,1,0.5172,0.5090,31.0320,30.5400,level,stop,586,630,-158.5460,open,19.5582,-178.1042,21.8321,-180.3782,
2012-08-30,316,31,32,385,-1,SOXS,1,6528000000.0000,6627840000.0000,34.0000,34.5200,open,time,602,955,152.9412,open,26.3820,126.5591,28.4253,124.5158,
2012-08-31,317,20,21,87,-1,SOXS,1,6508224000.0000,6355200000.0000,33.8970,33.1000,gap,stop,591,657,-235.1241,open,26.8899,-262.0140,28.9799,-264.1039,
2012-09-04,318,15,16,385,-1,SOXS,1,6570240000.0000,6512640000.0000,34.2200,33.9200,open,time,586,955,-87.6680,open,27.9543,-115.6223,30.0089,-117.6769,
2012-09-05,319,37,38,385,1,SOXL,1,0.4962,0.4840,29.7720,29.0400,open,time,608,955,-245.8686,open,15.3800,-261.2486,17.7608,-263.6294,
2012-09-06,320,20,21,385,1,SOXL,1,0.5117,0.5357,30.7020,32.1420,open,time,591,955,469.0248,open,17.7137,451.3111,19.9427,449.0822,
2012-09-10,322,28,29,66,1,SOXL,1,0.5198,0.5112,31.1880,30.6720,level,stop,599,636,-165.4482,open,19.4664,-184.9147,21.7297,-187.1780,
2012-09-11,323,73,74,385,1,SOXL,1,0.5075,0.5075,30.4500,30.4500,open,time,644,955,0.0000,open,14.8720,-14.8720,17.1709,-17.1709,
2012-09-12,324,47,48,385,-1,SOXS,1,6199680000.0000,6218880000.0000,32.2900,32.3900,open,time,618,955,30.9693,open,27.9253,3.0440,30.0898,0.8795,
2012-09-13,325,18,19,181,-1,SOXS,1,6337920000.0000,6234518234.1651,33.0100,32.4714,level,stop,589,751,-163.1478,open,29.0712,-192.2190,31.2093,-194.3571,
2012-09-14,326,16,17,385,1,SOXL,1,0.5524,0.5428,33.1440,32.5680,open,time,587,955,-173.7871,open,16.7919,-190.5790,18.9226,-192.7097,
2012-09-17,327,16,17,385,-1,SOXS,1,5936601600.0000,5965440000.0000,30.9198,31.0700,open,time,587,955,48.5773,open,30.7550,17.8223,33.0134,15.5639,
2012-09-18,328,15,16,37,1,SOXL,1,0.5272,0.5200,31.6320,31.2000,gap,stop,586,607,-136.5706,open,19.1702,-155.7408,21.3985,-157.9691,
2012-09-20,330,17,18,385,-1,SOXS,1,6351360000.0000,6353280000.0000,33.0800,33.0900,open,time,588,955,3.0230,open,28.8049,-25.7819,30.9207,-27.8977,
2012-09-21,331,163,164,385,-1,SOXS,1,6216960000.0000,6303360000.0000,32.3800,32.8300,open,time,734,955,138.9747,open,24.6279,114.3468,26.7749,112.1998,
2012-09-24,332,47,48,385,-1,SOXS,1,6593260800.0000,6618240000.0000,34.3399,34.4700,open,time,618,955,37.8860,open,26.2533,11.6326,28.2879,9.5980,
2012-09-25,333,15,16,385,-1,SOXS,1,6622560000.0000,7077273600.0000,34.4925,36.8608,open,time,586,955,686.6130,open,26.8834,659.7296,28.8476,657.7654,
2012-09-26,334,52,53,241,-1,SOXS,1,7390080000.0000,7201920000.0000,38.4900,37.5100,level,stop,623,811,-254.6116,open,25.0728,-279.6844,26.9153,-281.5268,
2012-09-27,335,33,34,64,-1,SOXS,1,7185792000.0000,7048320000.0000,37.4260,36.7100,gap,stop,604,634,-191.3109,open,22.9803,-214.2911,24.8689,-216.1797,
2012-09-28,336,57,58,253,-1,SOXS,1,6919680000.0000,6769920000.0000,36.0400,35.2600,level,stop,628,823,-216.4262,open,26.7237,-243.1499,28.6874,-245.1136,
2012-10-01,337,32,33,199,1,SOXL,1,0.4640,0.4517,27.8400,27.1020,level,stop,603,769,-265.0862,open,18.3033,-283.3895,20.8519,-285.9381,
2012-10-02,338,27,28,385,-1,SOXS,1,6912000000.0000,6879321600.0000,36.0000,35.8298,open,time,598,955,-47.2778,open,26.5290,-73.8067,28.4780,-75.7558,
2012-10-03,339,18,19,385,-1,SOXS,1,6938880000.0000,6963840000.0000,36.1400,36.2700,open,time,589,955,35.9712,open,26.3338,9.6374,28.2673,7.7039,
2012-10-04,340,40,41,385,1,SOXL,1,0.4518,0.4538,27.1080,27.2280,open,time,611,955,44.2674,open,16.6665,27.6009,19.2431,25.0243,
2012-10-05,341,53,54,281,1,SOXL,1,0.4745,0.4617,28.4700,27.7020,gap,stop,624,851,-269.7576,open,17.9037,-287.6614,20.3965,-290.1542,
2012-10-08,342,31,32,385,1,SOXL,1,0.4477,0.4403,26.8620,26.4180,open,time,602,955,-165.2893,open,16.9776,-182.2669,19.6054,-184.8947,
2012-10-09,343,19,20,385,-1,SOXS,1,7268064000.0000,7385088000.0000,37.8545,38.4640,open,time,590,955,161.0112,open,25.0134,135.9978,26.8480,134.1633,
2012-10-10,344,185,186,385,-1,SOXS,1,7656960000.0000,7714560000.0000,39.8800,40.1800,open,time,756,955,75.2257,open,20.0686,55.1570,21.8174,53.4083,
2012-10-11,345,15,16,74,-1,SOXS,1,7653120000.0000,7430400000.0000,39.8600,38.7000,level,stop,586,644,-291.0186,open,22.9268,-313.9454,24.7093,-315.7278,
2012-10-12,346,15,16,31,-1,SOXS,1,7744512000.0000,7584000000.0000,40.3360,39.5000,level,stop,586,601,-207.2590,open,26.3776,-233.6366,28.1314,-235.3904,
2012-10-15,347,216,217,385,1,SOXL,1,0.4132,0.4167,24.7920,25.0020,open,time,787,955,84.7047,open,18.1863,66.5185,20.9979,63.7069,
2012-10-16,348,16,17,385,1,SOXL,1,0.4238,0.4418,25.4280,26.5080,open,time,587,955,424.7286,open,21.4093,403.3194,24.1061,400.6226,
2012-10-17,349,19,20,385,1,SOXL,1,0.4359,0.4382,26.1540,26.2920,open,time,590,955,52.7644,open,21.0896,31.6748,23.7590,29.0054,
2012-10-18,350,31,32,385,1,SOXL,1,0.4323,0.4277,25.9380,25.6620,open,time,602,955,-106.4076,open,17.5337,-123.9412,20.2469,-126.6545,
2012-10-19,351,15,16,385,-1,SOXS,1,7338240000.0000,7766400000.0000,38.2200,40.4500,open,time,586,955,583.4642,open,24.3623,559.1019,26.1433,557.3209,
2012-10-22,352,34,35,217,1,SOXL,1,0.3998,0.3892,23.9880,23.3520,level,stop,605,787,-265.1326,open,21.2343,-286.3668,24.1921,-289.3247,
2012-10-23,353,33,34,385,1,SOXL,1,0.3810,0.3950,22.8600,23.7000,open,time,604,955,367.4541,open,19.4808,347.9733,22.4887,344.9654,
2012-10-24,354,16,17,385,-1,SOXS,1,7756800000.0000,8094720000.0000,40.4000,42.1600,open,time,587,955,435.6436,open,23.1834,412.4602,24.8799,410.7637,
2012-10-25,355,126,127,385,-1,SOXS,1,7953312000.0000,7766400000.0000,41.4235,40.4500,open,time,697,955,-235.0115,open,18.4212,-253.4327,20.1314,-255.1429,
2012-10-31,357,41,42,385,-1,SOXS,1,7633920000.0000,7681920000.0000,39.7600,40.0100,open,time,612,955,62.8773,open,22.6564,40.2208,24.4115,38.4658,
2012-11-01,358,16,17,385,1,SOXL,1,0.4045,0.4357,24.2700,26.1420,open,time,587,955,771.3226,open,22.1723,749.1503,24.9533,746.3693,
2012-11-02,359,20,21,385,-1,SOXS,1,6994560000.0000,7242240000.0000,36.4300,37.7200,open,time,591,955,354.1038,open,25.7874,328.3164,27.6760,326.4278,
2012-11-05,360,28,29,385,1,SOXL,1,0.4170,0.4323,25.0200,25.9380,open,time,599,955,366.9065,open,21.8006,345.1059,24.5489,342.3576,
2012-11-06,361,16,17,385,1,SOXL,1,0.4397,0.4484,26.3820,26.9040,open,time,587,955,197.8622,open,20.7998,177.0624,23.4274,174.4348,
2012-11-07,362,19,20,46,1,SOXL,1,0.4342,0.4260,26.0520,25.5600,level,stop,590,616,-188.8531,open,23.3174,-212.1705,26.0302,-214.8833,
2012-11-08,363,52,53,385,-1,SOXS,1,7113600000.0000,7307520000.0000,37.0500,38.0600,open,time,623,955,272.6046,open,24.0902,248.5144,25.9544,246.6502,
2012-11-09,364,41,42,385,1,SOXL,1,0.4079,0.4037,24.4740,24.2220,open,time,612,955,-102.9664,open,18.5765,-121.5430,21.4516,-124.4180,
2012-11-12,365,22,23,385,-1,SOXS,1,7257600000.0000,7282579200.0000,37.8000,37.9301,open,time,593,955,34.4180,open,25.1813,9.2367,27.0299,7.3881,
2012-11-13,366,27,28,385,1,SOXL,1,0.4000,0.3922,24.0000,23.5320,open,time,598,955,-195.0000,open,23.1886,-218.1886,26.1343,-221.1343,
2012-11-14,367,27,28,385,-1,SOXS,1,7439980800.0000,7856640000.0000,38.7499,40.9200,open,time,598,955,560.0273,open,24.0515,535.9757,25.8101,534.2172,
2012-11-15,368,18,19,385,-1,SOXS,1,7867238400.0000,8113920000.0000,40.9752,42.2600,open,time,589,955,313.5555,open,22.9697,290.5858,24.6521,288.9034,
2012-11-16,369,15,16,385,-1,SOXS,1,8267520000.0000,8169580800.0000,43.0600,42.5499,open,time,586,955,-118.4626,open,22.2552,-140.7178,23.8905,-142.3531,
2012-11-19,370,30,31,75,-1,SOXS,1,7877760000.0000,7645663524.0275,41.0300,39.8212,level,stop,601,645,-294.6224,open,21.0591,-315.6816,22.7911,-317.4135,
2012-11-20,371,144,145,239,1,SOXL,1,0.3783,0.3667,22.6980,22.0020,level,stop,715,809,-306.6349,open,20.2840,-326.9190,23.4168,-330.0517,
2012-11-21,372,79,80,385,-1,SOXS,1,7751059200.0000,7666560000.0000,40.3701,39.9300,open,time,650,955,-109.0163,open,18.7709,-127.7872,20.5144,-129.5307,
2012-11-23,373,18,19,205,1,SOXL,1,0.3943,0.3997,23.6580,23.9820,open,time,589,775,136.9516,open,25.3238,111.6277,28.2627,108.6889,
2012-11-26,374,17,18,385,1,SOXL,1,0.4080,0.4038,24.4800,24.2280,open,time,588,955,-102.9412,open,22.6570,-125.5981,25.5313,-128.4725,
2012-11-27,375,19,20,72,1,SOXL,1,0.4115,0.4022,24.6900,24.1320,gap,stop,590,642,-226.0024,open,24.6403,-250.6428,27.5083,-253.5107,
2012-11-28,376,15,16,66,-1,SOXS,1,7445760000.0000,7296000000.0000,38.7800,38.0000,level,stop,586,636,-201.1346,open,23.4783,-224.6129,25.3019,-226.4365,
2012-11-29,377,38,39,385,-1,SOXS,1,6912000000.0000,6913920000.0000,36.0000,36.0100,open,time,609,955,2.7778,open,25.0840,-22.3062,27.0282,-24.2504,
2012-11-30,378,79,80,385,-1,SOXS,1,6965760000.0000,6904320000.0000,36.2800,35.9600,open,time,650,955,-88.2029,open,20.8578,-109.0607,22.7958,-110.9987,
2012-12-03,379,15,16,385,-1,SOXS,1,6913728000.0000,7027200000.0000,36.0090,36.6000,open,time,586,955,164.1256,open,26.2894,137.8362,28.2177,135.9079,
2012-12-04,380,16,17,42,-1,SOXS,1,7008000000.0000,6963840000.0000,36.5000,36.2700,level,stop,587,612,-63.0137,open,28.9408,-91.9545,30.8647,-93.8784,
2012-12-05,381,28,29,385,-1,SOXS,1,6958080000.0000,6904320000.0000,36.2400,35.9600,open,time,599,955,-77.2627,open,26.3872,-103.6499,28.3263,-105.5890,
2012-12-06,382,51,52,82,-1,SOXS,1,6917760000.0000,6777312000.0000,36.0300,35.2985,gap,stop,622,652,-203.0253,open,23.8806,-226.9058,25.8435,-228.8688,
2012-12-07,383,143,144,385,-1,SOXS,1,6743040000.0000,6637459200.0000,35.1200,34.5701,open,time,714,955,-156.5774,open,21.6251,-178.2026,23.6341,-180.2116,
2012-12-10,384,15,16,385,1,SOXL,1,0.4417,0.4437,26.5020,26.6220,open,time,586,955,45.2796,open,20.8190,24.4606,23.4543,21.8253,
2012-12-11,385,18,19,385,1,SOXL,1,0.4583,0.4672,27.4980,28.0320,open,time,589,955,194.1959,open,19.9603,174.2357,22.4817,171.7143,
2012-12-12,386,20,21,385,-1,SOXS,1,6142080000.0000,6218880000.0000,31.9900,32.3900,open,time,591,955,125.0391,open,29.6335,95.4056,31.8082,93.2309,
2012-12-13,387,36,37,105,1,SOXL,1,0.4657,0.4575,27.9420,27.4500,level,stop,607,675,-176.0790,open,16.3314,-192.4105,18.8591,-194.9381,
2012-12-14,388,15,16,325,1,SOXL,1,0.4497,0.4395,26.9820,26.3700,gap,stop,586,895,-226.8179,open,20.6563,-247.4742,23.2807,-250.0986,
2012-12-17,389,49,50,385,-1,SOXS,1,6543360000.0000,6483840000.0000,34.0800,33.7700,open,time,620,955,-90.9624,open,26.6057,-117.5681,28.6691,-119.6315,
2012-12-18,390,23,24,385,1,SOXL,1,0.4563,0.4680,27.3780,28.0800,open,time,594,955,256.4103,open,20.0038,236.4065,22.5286,233.8816,
2012-12-20,392,15,16,385,-1,SOXS,1,6247680000.0000,6140160000.0000,32.5400,31.9800,open,time,586,955,-172.0959,open,29.5017,-201.5976,31.6718,-203.7677,
2012-12-21,393,44,45,385,1,SOXL,1,0.4498,0.4547,26.9880,27.2820,open,time,615,955,108.9373,open,16.6929,92.2444,19.2726,89.6647,
2012-12-24,394,80,81,205,-1,SOXS,1,6428160000.0000,6364800000.0000,33.4800,33.1500,open,time,651,775,-98.5663,open,22.6106,-121.1769,24.7118,-123.2781,
2012-12-26,395,92,93,385,-1,SOXS,1,6347520000.0000,6514560000.0000,33.0600,33.9300,open,time,663,955,263.1579,open,22.4651,240.6928,24.5553,238.6026,
2012-12-27,396,50,51,385,-1,SOXS,1,6604800000.0000,6564460800.0000,34.4000,34.1899,open,time,621,955,-61.0756,open,26.3233,-87.3988,28.3644,-89.4400,
2012-12-28,397,27,28,385,1,SOXL,1,0.4290,0.4270,25.7400,25.6200,open,time,598,955,-46.6200,open,21.5057,-68.1257,24.2315,-70.8516,
2012-12-31,398,191,192,385,1,SOXL,1,0.4307,0.4482,25.8420,26.8920,open,time,762,955,406.3153,open,17.2107,389.1046,19.8666,386.4487,
2013-01-02,399,32,33,385,1,SOXL,1,0.4987,0.5028,29.9220,30.1680,open,time,603,955,82.2138,open,21.7355,60.4783,24.0654,58.1484,
2013-01-03,400,72,73,361,1,SOXL,1,0.5037,0.4917,30.2220,29.5020,level,stop,643,931,-238.2370,open,20.1904,-258.4275,22.5349,-260.7719,
2013-01-04,401,343,344,385,1,SOXL,1,0.4983,0.4972,29.8980,29.8320,open,time,914,955,-22.0751,open,20.1850,-42.2601,22.5289,-44.6039,
2013-01-07,402,15,16,385,1,SOXL,1,0.4917,0.4890,29.5020,29.3400,open,time,586,955,-54.9115,open,28.9631,-83.8746,31.3423,-86.2539,
2013-01-08,403,27,28,385,-1,SOXS,1,5798400000.0000,5928172800.0000,30.2000,30.8759,open,time,598,955,223.8079,open,24.7463,199.0616,27.0388,196.7691,
2013-01-09,404,25,26,385,1,SOXL,1,0.4878,0.4872,29.2680,29.2320,open,time,596,955,-12.3001,open,29.1501,-41.4502,31.5432,-43.8433,
2013-01-10,405,67,68,385,-1,SOXS,1,5571840000.0000,5504640000.0000,29.0200,28.6700,open,time,638,955,-120.6065,open,17.4310,-138.0375,19.8579,-140.4643,
2013-01-11,406,137,138,385,1,SOXL,1,0.5110,0.5150,30.6600,30.9000,open,time,708,955,78.2779,open,17.9558,60.3221,20.2300,58.0479,
2013-01-14,407,16,17,54,1,SOXL,1,0.5145,0.5008,30.8700,30.0480,level,stop,587,624,-266.2779,open,29.5589,-295.8369,31.8575,-298.1355,
2013-01-15,408,191,192,306,1,SOXL,1,0.5047,0.4967,30.2820,29.8020,gap,stop,762,876,-158.5100,open,21.7191,-180.2291,24.0493,-182.5593,
2013-01-16,409,20,21,385,1,SOXL,1,0.5095,0.5210,30.5700,31.2600,open,time,591,955,225.7115,open,27.6810,198.0305,29.9456,195.7659,
2013-01-17,410,16,17,385,1,SOXL,1,0.5400,0.5477,32.4000,32.8620,open,time,587,955,142.5926,open,26.1950,116.3976,28.3403,114.2523,
2013-01-18,411,23,24,385,1,SOXL,1,0.5452,0.5423,32.7120,32.5380,open,time,594,955,-53.1915,open,26.1243,-79.3158,28.2700,-81.4614,
2013-01-22,412,31,32,385,-1,SOXS,1,5184000000.0000,5143680000.0000,27.0000,26.7900,open,time,602,955,-77.7778,open,20.5425,-98.3203,23.1452,-100.9230,
2013-01-23,413,55,56,304,-1,SOXS,1,5088000000.0000,5001580800.0000,26.5000,26.0499,gap,stop,626,874,-169.8491,open,22.9380,-192.7871,25.6023,-195.4514,
2013-01-24,414,30,31,385,1,SOXL,1,0.5445,0.5417,32.6700,32.5020,open,time,601,955,-51.4233,open,20.0344,-71.4577,22.1826,-73.6059,
2013-01-28,416,15,16,38,1,SOXL,1,0.5705,0.5650,34.2300,33.9000,level,stop,586,608,-96.4067,open,26.4816,-122.8883,28.5366,-124.9432,
2013-01-29,417,25,26,321,1,SOXL,1,0.5617,0.5508,33.7020,33.0480,gap,stop,596,891,-194.0538,open,25.4875,-219.5413,27.5851,-221.6389,
2013-01-30,418,19,20,385,1,SOXL,1,0.5667,0.5563,34.0020,33.3780,open,time,590,955,-183.5186,open,25.2534,-208.7720,27.3314,-210.8500,
2013-01-31,419,15,16,100,1,SOXL,1,0.5667,0.5525,34.0020,33.1500,gap,stop,586,670,-250.5735,open,25.3155,-275.8890,27.4007,-277.9742,
2013-02-01,420,28,29,91,-1,SOXS,1,4906368000.0000,4800000000.0000,25.5540,25.0000,gap,stop,599,661,-216.7958,open,31.6694,-248.4652,34.4391,-251.2349,
2013-02-04,421,22,23,129,1,SOXL,1,0.5838,0.5700,35.0280,34.2000,level,stop,593,699,-236.3823,open,23.1007,-259.4830,25.1233,-261.5056,
2013-02-05,422,21,22,385,1,SOXL,1,0.5754,0.5832,34.5240,34.9920,open,time,592,955,135.5579,open,24.5925,110.9654,26.6065,108.9514,
2013-02-06,423,27,28,385,1,SOXL,1,0.5830,0.5872,34.9800,35.2320,open,time,598,955,72.0412,open,24.3262,47.7150,26.3201,45.7210,
2013-02-07,424,38,39,385,-1,SOXS,1,4732800000.0000,4734720000.0000,24.6500,24.6600,open,time,609,955,4.0568,open,22.4120,-18.3552,25.2512,-21.1944,
2013-02-08,425,33,34,385,1,SOXL,1,0.5998,0.6017,35.9880,36.1020,open,time,604,955,31.6772,open,18.1223,13.5550,20.0643,11.6129,
2013-02-11,426,78,79,385,1,SOXL,1,0.6061,0.6050,36.3660,36.3000,open,time,649,955,-18.1488,open,16.6007,-34.7496,18.5274,-36.6762,
2013-02-12,427,38,39,385,1,SOXL,1,0.6050,0.6072,36.3000,36.4320,open,time,609,955,36.3636,open,17.9631,18.4006,19.8880,16.4757,
2013-02-13,428,16,17,113,1,SOXL,1,0.6183,0.6103,37.0980,36.6180,level,stop,587,683,-129.3870,open,23.1048,-152.4918,25.0041,-154.3911,
2013-02-14,429,18,19,385,1,SOXL,1,0.6133,0.6297,36.7980,37.7820,open,time,589,955,267.4058,open,22.9722,244.4337,24.8497,242.5562,
2013-02-15,430,15,16,60,1,SOXL,1,0.6363,0.6298,38.1780,37.7880,gap,stop,586,630,-102.1531,open,22.4306,-124.5837,24.2736,-126.4267,
2013-02-19,431,15,16,385,1,SOXL,1,0.6350,0.6420,38.1000,38.5200,open,time,586,955,110.2362,open,22.3086,87.9276,24.1359,86.1004,
2013-02-20,432,89,90,385,-1,SOXS,1,4279680000.0000,4508505600.0000,22.2900,23.4818,open,time,660,955,534.6792,open,24.2119,510.4674,27.2726,507.4066,
2013-02-21,433,16,17,385,-1,SOXS,1,4695667200.0000,4767360000.0000,24.4566,24.8300,open,time,587,955,152.6786,open,30.6162,122.0624,33.4569,119.2217,
2013-02-22,434,17,18,160,-1,SOXS,1,4660857600.0000,4513920000.0000,24.2753,23.5100,gap,stop,588,730,-315.2587,open,33.4639,-348.7226,36.3944,-351.6531,
2013-02-25,435,16,17,385,-1,SOXS,1,4435200000.0000,4707840000.0000,23.1000,24.5200,open,time,587,955,614.7186,open,31.9448,582.7738,34.8874,579.8313,
2013-02-26,436,30,31,128,1,SOXL,1,0.5817,0.5692,34.9020,34.1520,level,stop,601,698,-214.8874,open,17.4374,-232.3248,19.4650,-234.3524,
2013-02-27,437,23,24,385,1,SOXL,1,0.5925,0.6105,35.5500,36.6300,open,time,594,955,303.7975,open,23.7477,280.0498,25.6877,278.1098,
2013-02-28,438,16,17,385,1,SOXL,1,0.6192,0.6108,37.1520,36.6480,open,time,587,955,-135.6589,open,23.0765,-158.7354,24.9736,-160.6325,
2013-03-01,439,90,91,385,1,SOXL,1,0.6015,0.6007,36.0900,36.0420,open,time,661,955,-13.3001,open,16.7232,-30.0233,18.6641,-31.9642,
2013-03-04,440,66,67,385,-1,SOXS,1,4533120000.0000,4475539200.0000,23.6100,23.3101,open,time,637,955,-127.0224,open,21.4205,-148.4429,24.4044,-151.4268,
2013-03-05,441,65,66,385,1,SOXL,1,0.6295,0.6302,37.7700,37.8120,open,time,636,955,11.1199,open,15.9622,-4.8422,17.8145,-6.6945,
2013-03-06,442,16,17,27,-1,SOXS,1,4172179200.0000,4118894663.6015,21.7301,21.4526,level,stop,587,597,-127.7139,open,46.4284,-174.1423,49.6706,-177.3845,
2013-03-07,443,23,24,85,1,SOXL,1,0.6524,0.6407,39.1440,38.4420,gap,stop,594,655,-179.3378,open,21.9395,-201.2773,23.7441,-203.0819,
2013-03-08,444,18,19,385,-1,SOXS,1,4199040000.0000,4116460800.0000,21.8700,21.4399,open,time,589,955,-196.6621,open,34.6345,-231.2966,37.8673,-234.5294,
2013-03-11,445,48,49,210,-1,SOXS,1,4195200000.0000,4128000000.0000,21.8500,21.5000,gap,stop,619,780,-160.1831,open,27.7949,-187.9780,31.0247,-191.2077,
2013-03-12,446,15,16,385,1,SOXL,1,0.6502,0.6550,39.0120,39.3000,open,time,586,955,73.8234,open,21.8159,52.0075,23.6036,50.2198,
2013-03-13,447,18,19,82,-1,SOXS,1,4122240000.0000,4049280000.0000,21.4700,21.0900,gap,stop,589,652,-176.9912,open,35.2549,-212.2461,38.5446,-215.5358,
2013-03-15,449,25,26,385,-1,SOXS,1,4069824000.0000,4152960000.0000,21.1970,21.6300,open,time,596,955,204.2742,open,35.2574,169.0168,38.5267,165.7475,
2013-03-18,450,57,58,385,1,SOXL,1,0.6270,0.6125,37.6200,36.7500,open,time,628,955,-231.2600,open,17.5532,-248.8132,19.4359,-250.6959,
2013-03-19,451,60,61,385,-1,SOXS,1,4289395200.0000,4356480000.0000,22.3406,22.6900,open,time,631,955,156.3969,open,22.3168,134.0801,25.4259,130.9709,
2013-03-20,452,43,44,385,1,SOXL,1,0.6257,0.6288,37.5420,37.7280,open,time,614,955,49.5445,open,17.3600,32.1845,19.2200,30.3245,
2013-03-21,453,46,47,385,-1,SOXS,1,4336051200.0000,4375680000.0000,22.5836,22.7900,open,time,617,955,91.3938,open,24.3617,67.0320,27.4473,63.9465,
2013-03-22,454,42,43,385,1,SOXL,1,0.6212,0.6168,37.2720,37.0080,open,time,613,955,-70.8307,open,17.5829,-88.4136,19.4677,-90.2983,
2013-03-25,455,57,58,385,-1,SOXS,1,4231680000.0000,4264320000.0000,22.0400,22.2100,open,time,628,955,77.1325,open,24.9773,52.1551,28.1412,48.9913,
2013-03-26,456,23,24,173,1,SOXL,1,0.6303,0.6208,37.8180,37.2480,gap,stop,594,743,-150.7219,open,22.6834,-173.4052,24.5485,-175.2704,
2013-03-27,457,63,64,385,1,SOXL,1,0.6222,0.6348,37.3320,38.0880,open,time,634,955,202.5072,open,15.9976,186.5096,17.8541,184.6531,
2013-03-28,458,357,358,385,1,SOXL,1,0.6460,0.6497,38.7600,38.9820,open,time,928,955,57.2755,open,15.5201,41.7554,17.3210,39.9546,
2013-04-01,459,25,26,385,-1,SOXS,1,4114176000.0000,4291200000.0000,21.4280,22.3500,open,time,596,955,430.2781,open,34.6288,395.6493,37.8282,392.4500,
2013-04-02,460,44,45,385,-1,SOXS,1,4291200000.0000,4416000000.0000,22.3500,23.0000,open,time,615,955,290.8277,open,24.3999,266.4278,27.4876,263.3401,
2013-04-03,461,34,35,385,-1,SOXS,1,4446720000.0000,4646400000.0000,23.1600,24.2000,open,time,605,955,449.0501,open,23.3887,425.6614,26.3462,422.7039,
2013-04-04,462,16,17,385,1,SOXL,1,0.5695,0.5787,34.1700,34.7220,open,time,587,955,161.5452,open,24.8245,136.7207,26.8568,134.6884,
2013-04-05,463,62,63,385,1,SOXL,1,0.5539,0.5712,33.2340,34.2720,open,time,633,955,312.3307,open,17.8693,294.4614,19.9437,292.3870,
2013-04-08,464,15,16,256,-1,SOXS,1,4602240000.0000,4512000000.0000,23.9700,23.5000,gap,stop,586,826,-196.0784,open,37.9870,-234.0654,40.9365,-237.0150,
2013-04-09,465,98,99,184,-1,SOXS,1,4423699200.0000,4341120000.0000,23.0401,22.6100,gap,stop,669,754,-186.6745,open,26.3977,-213.0723,29.4648,-216.1394,
2013-04-10,466,20,21,385,1,SOXL,1,0.6250,0.6478,37.5000,38.8680,open,time,591,955,364.8000,open,22.4695,342.3305,24.3034,340.4966,
2013-04-11,467,22,23,385,1,SOXL,1,0.6433,0.6404,38.5980,38.4240,open,time,593,955,-45.0801,open,22.1419,-67.2220,23.9596,-69.0396,
2013-04-12,468,37,38,385,-1,SOXS,1,4126060800.0000,4083840000.0000,21.4899,21.2700,open,time,608,955,-102.3271,open,25.8258,-128.1529,29.1000,-131.4271,
2013-04-15,469,20,21,385,-1,SOXS,1,4200768000.0000,4358208000.0000,21.8790,22.6990,open,time,591,955,374.7886,open,33.9749,340.8137,37.1166,337.6720,
2013-04-16,470,17,18,144,-1,SOXS,1,4281600000.0000,4177920000.0000,22.3000,21.7600,gap,stop,588,714,-242.1525,open,34.0212,-276.1737,37.1992,-279.3517,
2013-04-17,471,48,49,385,-1,SOXS,1,4391040000.0000,4498560000.0000,22.8700,23.4300,open,time,619,955,244.8623,open,23.8942,220.9681,26.9184,217.9439,
2013-04-18,472,24,25,385,-1,SOXS,1,4479360000.0000,4640640000.0000,23.3300,24.1700,open,time,595,955,360.0514,open,31.8798,328.1716,34.8281,325.2233,
2013-04-19,473,15,16,37,-1,SOXS,1,4709740800.0000,4569600000.0000,24.5299,23.8000,gap,stop,586,607,-297.5552,open,33.0940,-330.6492,35.9914,-333.5466,
2013-04-22,474,16,17,158,-1,SOXS,1,4542508800.0000,4443072000.0000,23.6589,23.1410,level,stop,587,728,-218.9028,open,34.2049,-253.1077,37.1967,-256.0995,
2013-04-23,475,15,16,385,1,SOXL,1,0.5936,0.6100,35.6160,36.6000,open,time,586,955,276.2803,open,23.7257,252.5546,25.6647,250.6156,
2013-04-24,476,15,16,385,1,SOXL,1,0.6200,0.6347,37.2000,38.0820,open,time,586,955,237.0968,open,22.7478,214.3490,24.6078,212.4890,
2013-04-25,477,19,20,385,1,SOXL,1,0.6547,0.6513,39.2820,39.0780,open,time,590,955,-51.9322,open,21.7625,-73.6947,23.5492,-75.4814,
2013-04-26,478,22,23,45,1,SOXL,1,0.6387,0.6287,38.3220,37.7220,level,stop,593,615,-156.5680,open,23.7159,-180.2840,25.5571,-182.1251,
2013-04-29,479,22,23,385,1,SOXL,1,0.6453,0.6560,38.7180,39.3600,open,time,593,955,165.8143,open,21.9113,143.9031,23.7045,142.1099,
2013-04-30,480,23,24,78,-1,SOXS,1,3853440000.0000,3766428709.9202,20.0700,19.6168,level,stop,594,648,-225.8016,open,37.7742,-263.5758,41.3023,-267.1039,
2013-05-01,481,29,30,385,-1,SOXS,1,3744000000.0000,3799680000.0000,19.5000,19.7900,open,time,600,955,148.7179,open,28.1339,120.5840,31.6974,117.0206,
2013-05-02,482,90,91,385,1,SOXL,1,0.6722,0.6830,40.3320,40.9800,open,time,661,955,160.6665,open,14.8416,145.8248,16.5635,144.1030,
2013-05-03,483,21,22,385,1,SOXL,1,0.7165,0.7063,42.9900,42.3780,open,time,592,955,-142.3587,open,19.9545,-162.3132,21.5945,-163.9532,
2013-05-06,484,39,40,385,1,SOXL,1,0.7187,0.7169,43.1220,43.0140,open,time,610,955,-25.0452,open,15.1722,-40.2174,16.7975,-41.8428,
2013-05-07,485,42,43,385,-1,SOXS,1,3494400000.0000,3461760000.0000,18.2000,18.0300,open,time,613,955,-93.4066,open,30.4724,-123.8790,34.3367,-127.7433,
2013-05-08,486,15,16,385,1,SOXL,1,0.7241,0.7450,43.4460,44.7000,open,time,586,955,288.6342,open,19.4509,269.1833,21.0395,267.5947,
2013-05-09,487,17,18,385,1,SOXL,1,0.7533,0.7547,45.1980,45.2820,open,time,588,955,18.5849,open,18.8735,-0.2886,20.4208,-1.8359,
2013-05-10,488,29,30,385,1,SOXL,1,0.7692,0.7767,46.1520,46.6020,open,time,600,955,97.5039,open,14.1000,83.4039,15.6094,81.8945,
2013-05-13,489,24,25,385,-1,SOXS,1,3242880000.0000,3287040000.0000,16.8900,17.1200,open,time,595,955,136.1753,open,44.3331,91.8422,48.4497,87.7256,
2013-05-14,490,37,38,61,-1,SOXS,1,3296448000.0000,3252902400.0000,17.1690,16.9422,gap,stop,608,631,-132.0985,open,32.3571,-164.4557,36.4615,-168.5601,
2013-05-15,491,15,16,385,1,SOXL,1,0.7672,0.7863,46.0320,47.1780,open,time,586,955,248.9572,open,18.3857,230.5716,19.8879,229.0694,
2013-05-16,492,16,17,349,1,SOXL,1,0.7945,0.7792,47.6700,46.7520,gap,stop,587,919,-192.5739,open,18.0333,-210.6072,19.5161,-212.0901,
2013-05-17,493,24,25,385,1,SOXL,1,0.7908,0.7992,47.4480,47.9520,open,time,595,955,106.2215,open,17.9260,88.2955,19.3936,86.8280,
2013-05-20,494,142,143,234,1,SOXL,1,0.8070,0.7955,48.4200,47.7300,level,stop,713,804,-142.5031,open,12.5743,-155.0774,14.0304,-156.5335,
2013-05-21,495,43,44,385,-1,SOXS,1,3093120000.0000,3105792000.0000,16.1100,16.1760,open,time,614,955,40.9683,open,34.2083,6.7600,38.5446,2.4237,
2013-05-22,496,23,24,243,1,SOXL,1,0.8012,0.7899,48.0720,47.3940,level,stop,594,813,-141.0384,open,17.8495,-158.8880,19.3161,-160.3545,
2013-05-23,497,39,40,385,1,SOXL,1,0.7370,0.7575,44.2200,45.4500,open,time,610,955,278.1547,open,14.5952,263.5594,16.1568,261.9979,
2013-05-24,498,30,31,343,-1,SOXS,1,3317760000.0000,3252480000.0000,17.2800,16.9400,level,stop,601,913,-196.7593,open,35.1984,-231.9577,39.2900,-236.0493,
2013-05-28,499,265,266,385,-1,SOXS,1,3158400000.0000,3144979200.0000,16.4500,16.3801,open,time,836,955,-42.4924,open,39.7089,-82.2013,43.9733,-86.4657,
2013-05-29,500,28,29,385,1,SOXL,1,0.7732,0.7852,46.3920,47.1120,open,time,599,955,155.1992,open,18.3019,136.8973,19.7992,135.3999,
2013-05-30,501,15,16,385,1,SOXL,1,0.8035,0.8220,48.2100,49.3200,open,time,586,955,230.2427,open,17.5685,212.6742,19.0041,211.2385,
2013-05-31,502,18,19,324,1,SOXL,1,0.8163,0.8002,48.9780,48.0120,gap,stop,589,894,-197.2314,open,17.5560,-214.7875,18.9996,-216.2310,
2013-06-03,503,21,22,70,1,SOXL,1,0.8167,0.7948,49.0020,47.6880,level,stop,592,640,-268.1523,open,17.5932,-285.7455,19.0414,-287.1937,
2013-06-04,504,61,62,274,1,SOXL,1,0.8258,0.8067,49.5480,48.4020,level,stop,632,844,-231.2909,open,12.3307,-243.6216,13.7602,-245.0510,
2013-06-05,505,45,46,385,-1,SOXS,1,3102720000.0000,3152640000.0000,16.1600,16.4200,open,time,616,955,160.8911,open,33.9199,126.9712,38.2173,122.6738,
2013-06-06,506,69,70,385,-1,SOXS,1,3162240000.0000,3175660800.0000,16.4700,16.5399,open,time,640,955,42.4408,open,30.4237,12.0171,34.6648,7.7760,
2013-06-07,507,45,46,385,1,SOXL,1,0.7907,0.8040,47.4420,48.2400,open,time,616,955,168.2054,open,13.6743,154.5311,15.1376,153.0678,
2013-06-10,508,67,68,385,1,SOXL,1,0.8168,0.8167,49.0080,49.0020,open,time,638,955,-1.2243,open,12.3212,-13.5455,13.7496,-14.9739,
2013-06-11,509,194,195,270,1,SOXL,1,0.7995,0.7688,47.9700,46.1280,gap,stop,765,840,-383.9900,open,13.8791,-397.8690,15.3674,-399.3574,
2013-06-12,510,16,17,385,-1,SOXS,1,3117254400.0000,3271680000.0000,16.2357,17.0400,open,time,587,955,495.3898,open,45.5950,449.7948,49.8047,445.5851,
2013-06-13,511,15,16,385,1,SOXL,1,0.7432,0.7793,44.5920,46.7580,open,time,586,955,485.7374,open,18.8289,466.9085,20.3623,465.3751,
2013-06-14,512,228,229,385,-1,SOXS,1,3108480000.0000,3110400000.0000,16.1900,16.2000,open,time,799,955,6.1767,open,34.0933,-27.9167,38.4156,-32.2390,
2013-06-17,513,15,16,325,1,SOXL,1,0.8145,0.7928,48.8700,47.5680,level,stop,586,895,-266.4211,open,17.6394,-284.0606,19.0914,-285.5125,
2013-06-18,514,61,62,385,1,SOXL,1,0.8280,0.8400,49.6800,50.4000,open,time,632,955,144.9275,open,12.0678,132.8597,13.4668,131.4608,
2013-06-19,515,20,21,385,-1,SOXS,1,2833920000.0000,2920320000.0000,14.7600,15.2100,open,time,591,955,304.8780,open,50.4484,254.4297,55.1208,249.7573,
2013-06-20,516,100,101,385,-1,SOXS,1,3131942400.0000,3187200000.0000,16.3122,16.6000,open,time,671,955,176.4324,open,33.5807,142.8517,37.8348,138.5976,
2013-06-21,517,62,63,385,-1,SOXS,1,3223680000.0000,3183360000.0000,16.7900,16.5800,open,time,633,955,-125.0744,open,30.0976,-155.1721,34.2932,-159.3676,
2013-06-24,518,28,29,385,-1,SOXS,1,3360000000.0000,3348480000.0000,17.5000,17.4400,open,time,599,955,-34.2857,open,43.0318,-77.3175,47.0387,-81.3244,
2013-06-25,519,49,50,184,-1,SOXS,1,3277440000.0000,3181440000.0000,17.0700,16.5700,level,stop,620,754,-292.9115,open,35.8092,-328.7207,39.9718,-332.8833,
2013-06-26,520,20,21,385,-1,SOXS,1,3075840000.0000,3072000000.0000,16.0200,16.0000,open,time,591,955,-12.4844,open,46.9682,-59.4526,51.3405,-63.8249,
2013-06-27,521,29,30,50,-1,SOXS,1,3020160000.0000,2991360000.0000,15.7300,15.5800,level,stop,600,620,-95.3592,open,38.4617,-133.8209,42.9333,-138.2924,
2013-06-28,522,18,19,69,-1,SOXS,1,3096960000.0000,3033600000.0000,16.1300,15.8000,level,stop,589,639,-204.5877,open,46.9542,-251.5419,51.3393,-255.9270,
2013-07-01,523,18,19,48,-1,SOXS,1,2976000000.0000,2943360000.0000,15.5000,15.3300,gap,stop,589,618,-109.6774,open,51.9633,-161.6408,56.5045,-166.1819,
2013-07-02,524,16,17,248,1,SOXL,1,0.7928,0.7757,47.5680,46.5420,level,stop,587,818,-215.6912,open,18.0871,-233.7783,19.5749,-235.2661,
2013-07-03,525,26,27,205,1,SOXL,1,0.7822,0.7913,46.9320,47.4780,open,time,597,775,116.3385,open,19.1693,97.1692,20.6522,95.6863,
2013-07-05,526,15,16,46,1,SOXL,1,0.8150,0.8000,48.9000,48.0000,level,stop,586,616,-184.0491,open,18.6172,-202.6663,20.0621,-204.1112,
2013-07-08,527,25,26,385,-1,SOXS,1,2920339200.0000,3024000000.0000,15.2101,15.7500,open,time,596,955,354.9615,open,48.8794,306.0821,53.4028,301.5587,
2013-07-09,528,30,31,94,-1,SOXS,1,2952960000.0000,2924160000.0000,15.3800,15.2300,level,stop,601,664,-97.5293,open,39.3402,-136.8694,43.9140,-141.4432,
2013-07-10,529,17,18,385,1,SOXL,1,0.8102,0.8232,48.6120,49.3920,open,time,588,955,160.4542,open,17.4653,142.9890,18.8939,141.5603,
2013-07-11,530,17,18,120,-1,SOXS,1,2714342400.0000,2680320000.0000,14.1372,13.9600,gap,stop,588,690,-125.3431,open,53.4201,-178.7632,58.4030,-183.7461,
2013-07-12,531,15,16,34,1,SOXL,1,0.8930,0.8825,53.5792,52.9492,gap,stop,586,604,-117.5812,open,16.9508,-134.5320,18.2651,-135.8463,
2013-07-15,532,59,60,385,-1,SOXS,1,2613312000.0000,2593920000.0000,13.6110,13.5100,open,time,630,955,-74.2047,open,37.0195,-111.2242,42.1817,-116.3863,
2013-07-16,533,16,17,385,1,SOXL,1,0.9065,0.8995,54.3900,53.9700,open,time,587,955,-77.2201,open,15.7459,-92.9660,17.0379,-94.2580,
2013-07-17,534,22,23,66,-1,SOXS,1,2570880000.0000,2545920000.0000,13.3900,13.2600,gap,stop,593,636,-97.0874,open,56.3440,-153.4314,61.5974,-158.6848,
2013-07-18,535,192,193,385,-1,SOXS,1,2638080000.0000,2626560000.0000,13.7400,13.6800,open,time,763,955,-43.6681,open,40.2549,-83.9231,45.3607,-89.0289,
2013-07-19,536,167,168,281,-1,SOXS,1,2724480000.0000,2676480000.0000,14.1900,13.9400,level,stop,738,851,-176.1804,open,35.6331,-211.8135,40.6104,-216.7908,
2013-07-22,537,15,16,385,-1,SOXS,1,2682220800.0000,2673792000.0000,13.9699,13.9260,open,time,586,955,-31.4247,open,53.8876,-85.3123,58.9063,-90.3310,
2013-07-23,538,15,16,58,1,SOXL,1,0.8883,0.8670,53.2980,52.0200,level,stop,586,628,-239.7839,open,17.1235,-256.9074,18.4530,-258.2369,
2013-07-24,539,16,17,385,-1,SOXS,1,2718720000.0000,2839699200.0000,14.1600,14.7901,open,time,587,955,444.9859,open,52.3528,392.6330,57.1910,387.7948,
2013-07-25,540,15,16,385,1,SOXL,1,0.8098,0.8222,48.5880,49.3320,open,time,586,955,153.1242,open,17.4783,135.6460,18.9081,134.2161,
2013-07-26,541,78,79,385,-1,SOXS,1,2899200000.0000,2876160000.0000,15.1000,14.9800,open,time,649,955,-79.4702,open,33.3830,-112.8532,38.0373,-117.5075,
2013-07-29,542,40,41,385,-1,SOXS,1,2889408000.0000,2922240000.0000,15.0490,15.2200,open,time,611,955,113.6288,open,36.4970,77.1318,41.1224,72.5064,
2013-07-30,543,34,35,385,1,SOXL,1,0.8035,0.8143,48.2100,48.8580,open,time,605,955,134.4119,open,13.4778,120.9342,14.9201,119.4918,
2013-07-31,544,83,84,385,1,SOXL,1,0.8346,0.8278,50.0760,49.6680,open,time,654,955,-81.4762,open,12.1082,-93.5843,13.5118,-94.9879,
2013-08-01,545,63,64,328,-1,SOXS,1,2696448000.0000,2649600000.0000,14.0440,13.8000,level,stop,634,898,-173.7397,open,39.6855,-213.4252,44.7139,-218.4536,
2013-08-02,546,98,99,385,-1,SOXS,1,2710656000.0000,2668800000.0000,14.1180,13.9000,open,time,669,955,-154.4128,open,39.3796,-193.7924,44.3767,-198.7895,
2013-08-05,547,16,17,37,-1,SOXS,1,2703360000.0000,2688000000.0000,14.0800,14.0000,gap,stop,587,607,-56.8182,open,57.0838,-113.9020,62.0696,-118.8878,
2013-08-06,548,15,16,385,-1,SOXS,1,2712960000.0000,2747520000.0000,14.1300,14.3100,open,time,586,955,127.3885,open,52.9979,74.3907,57.9207,69.4678,
2013-08-07,549,16,17,28,1,SOXL,1,0.8240,0.8125,49.4400,48.7500,level,stop,587,598,-139.5631,open,22.4843,-162.0474,23.9102,-163.4733,
2013-08-08,550,30,31,385,-1,SOXS,1,2803200000.0000,2804352000.0000,14.6000,14.6060,open,time,601,955,4.1096,open,37.8042,-33.6946,42.5977,-38.4882,
2013-08-09,551,37,38,69,-1,SOXS,1,2862720000.0000,2822400000.0000,14.9100,14.7000,gap,stop,608,639,-140.8451,open,37.2670,-178.1120,41.9953,-182.8404,
2013-08-12,552,43,44,385,1,SOXL,1,0.8083,0.8075,48.4980,48.4500,open,time,614,955,-9.8973,open,13.4866,-23.3839,14.9306,-24.8280,
2013-08-13,553,26,27,192,-1,SOXS,1,2807040000.0000,2762880000.0000,14.6200,14.3900,gap,stop,597,762,-157.3187,open,55.1889,-212.5076,60.0151,-217.3338,
2013-08-14,554,16,17,153,-1,SOXS,1,2858880000.0000,2787840000.0000,14.8900,14.5200,level,stop,587,723,-248.4889,open,54.3813,-302.8702,59.1423,-307.6312,
2013-08-15,555,42,43,385,-1,SOXS,1,3014592000.0000,3043200000.0000,15.7010,15.8500,open,time,613,955,94.8984,open,35.0130,59.8855,39.4503,55.4481,
2013-08-16,556,22,23,385,1,SOXL,1,0.7612,0.7520,45.6720,45.1200,open,time,593,955,-120.8618,open,18.7711,-139.6329,20.3132,-141.1750,
2013-08-19,557,31,32,333,1,SOXL,1,0.7552,0.7392,45.3120,44.3520,gap,stop,602,903,-211.8644,open,14.5686,-226.4330,16.1302,-227.9946,
2013-08-20,558,18,19,385,1,SOXL,1,0.7407,0.7492,44.4420,44.9520,open,time,589,955,114.7563,open,19.1294,95.6269,20.6955,94.0608,
2013-08-21,559,129,130,304,-1,SOXS,1,3072960000.0000,3025920000.0000,64.0200,63.0400,level,stop,700,874,-153.0772,open,8.7355,-161.8127,9.8374,-162.9146,
2013-08-23,561,15,16,385,-1,SOXS,1,2991360000.0000,2965920000.0000,62.3200,61.7900,open,time,586,955,-85.0449,open,12.1411,-97.1860,13.2692,-98.3141,
2013-08-26,562,16,17,353,1,SOXL,1,0.7635,0.7530,45.8100,45.1800,gap,stop,587,923,-137.5246,open,18.7260,-156.2506,20.2647,-157.7893,
2013-08-27,563,17,18,385,-1,SOXS,1,3124800000.0000,3216480000.0000,65.1000,67.0100,open,time,588,955,293.3948,open,11.4817,281.9131,12.5416,280.8532,
2013-08-28,564,47,48,385,1,SOXL,1,0.7217,0.7210,43.3020,43.2600,open,time,618,955,-9.6993,open,15.0986,-24.7980,16.7160,-26.4153,
2013-08-29,565,16,17,385,1,SOXL,1,0.7377,0.7484,44.2620,44.9040,open,time,587,955,145.0454,open,19.1869,125.8585,20.7571,124.2883,
2013-08-30,566,29,30,385,-1,SOXS,1,3048000000.0000,3098400000.0000,63.5000,64.5500,open,time,600,955,165.3543,open,8.6685,156.6858,9.7619,155.5924,
2013-09-03,567,50,51,385,-1,SOXS,1,2952432000.0000,2996160000.0000,61.5090,62.4200,open,time,621,955,148.1084,open,8.9543,139.1541,10.0840,138.0244,
2013-09-04,568,15,16,385,1,SOXL,1,0.7650,0.8018,45.9000,48.1080,open,time,586,955,481.0458,open,18.2966,462.7492,19.7866,461.2591,
2013-09-05,569,15,16,385,1,SOXL,1,0.8191,0.8198,49.1460,49.1880,open,time,586,955,8.5460,open,17.3676,-8.8217,18.7913,-10.2454,
2013-09-06,570,15,16,385,-1,SOXS,1,2751379200.0000,2724000000.0000,57.3204,56.7500,open,time,586,955,-99.5108,open,13.2021,-112.7129,14.4294,-113.9403,
2013-09-09,571,22,23,385,1,SOXL,1,0.8315,0.8423,49.8900,50.5380,open,time,593,955,129.8857,open,17.0371,112.8486,18.4312,111.4546,
2013-09-10,572,36,37,385,1,SOXL,1,0.8757,0.8890,52.5420,53.3400,open,time,607,955,151.8785,open,12.3610,139.5175,13.6833,138.1952,
2013-09-11,573,15,16,18,1,SOXL,1,0.8805,0.8765,52.8300,52.5900,gap,stop,586,588,-45.4287,open,20.9447,-66.3735,22.2728,-67.7015,
2013-09-12,574,66,67,379,1,SOXL,1,0.8890,0.8642,53.3400,51.8520,gap,stop,637,949,-278.9651,open,11.4861,-290.4512,12.8172,-291.7824,
2013-09-13,575,41,42,330,-1,SOXS,1,2561376000.0000,2520955200.0000,53.3620,52.5199,gap,stop,612,900,-157.8089,open,11.4099,-169.2188,12.7322,-170.5411,
2013-09-16,576,15,16,385,-1,SOXS,1,2444640000.0000,2477760000.0000,50.9300,51.6200,open,time,586,955,135.4801,open,14.7367,120.7434,16.1019,119.3782,
2013-09-17,577,15,16,385,1,SOXL,1,0.9050,0.9065,54.2990,54.3890,open,time,586,955,16.5746,open,15.7198,0.8548,17.0079,-0.4333,
2013-09-18,578,19,20,32,1,SOXL,1,0.9095,0.9039,54.5699,54.2339,level,stop,590,602,-61.5723,open,16.6073,-78.1796,17.8940,-79.4663,
2013-09-19,579,20,21,385,-1,SOXS,1,2352000000.0000,2383248000.0000,49.0000,49.6510,open,time,591,955,132.8571,open,15.3164,117.5407,16.7356,116.1215,
2013-09-20,580,131,132,385,-1,SOXS,1,2387520000.0000,2426880000.0000,49.7400,50.5600,open,time,702,955,164.8573,open,10.0475,154.8098,11.4434,153.4139,
2013-09-23,581,33,34,385,-1,SOXS,1,2418240000.0000,2452320000.0000,50.3800,51.0900,open,time,604,955,140.9289,open,10.9245,130.0044,12.3043,128.6246,
2013-09-24,582,17,18,22,1,SOXL,1,0.9078,0.9010,54.4680,54.0600,gap,stop,588,592,-74.9064,open,20.3466,-95.2530,21.6366,-96.5430,
2013-09-25,583,15,16,64,-1,SOXS,1,2440320000.0000,2390400000.0000,50.8400,49.8000,gap,stop,586,634,-204.5633,open,14.9320,-219.4953,16.3232,-220.8865,
2013-09-26,584,15,16,20,-1,SOXS,1,2390880000.0000,2365440000.0000,49.8100,49.2800,level,stop,586,590,-106.4043,open,20.2616,-126.6660,21.6745,-128.0789,
2013-09-27,585,66,67,278,1,SOXL,1,0.9015,0.8903,54.0900,53.4180,gap,stop,637,848,-124.2374,open,11.2377,-135.4751,12.5400,-136.7774,
2013-09-30,586,45,46,385,1,SOXL,1,0.8715,0.8870,52.2900,53.2200,open,time,616,955,177.8543,open,12.4058,165.4484,13.7328,164.1214,
2013-10-01,587,50,51,385,1,SOXL,1,0.9123,0.9132,54.7380,54.7920,open,time,621,955,9.8652,open,11.9441,-2.0789,13.2223,-3.3571,
2013-10-03,589,32,33,385,-1,SOXS,1,2403120000.0000,2406240000.0000,50.0650,50.1300,open,time,603,955,12.9831,open,11.0562,1.9269,12.4535,0.5297,
2013-10-04,590,24,25,385,1,SOXL,1,0.9163,0.9282,54.9780,55.6920,open,time,595,955,129.8701,open,15.4651,114.4050,16.7302,113.1399,
2013-10-07,591,15,16,385,1,SOXL,1,0.9132,0.9145,54.7920,54.8700,open,time,586,955,14.2357,open,15.5801,-1.3445,16.8568,-2.6211,
2013-10-08,592,37,38,385,-1,SOXS,1,2400000000.0000,2501284800.0000,50.0000,52.1101,open,time,608,955,422.0200,open,10.8735,411.1465,12.2451,409.7749,
2013-10-09,593,18,19,385,-1,SOXS,1,2534400000.0000,2532000000.0000,52.8000,52.7500,open,time,589,955,-9.4697,open,14.2847,-23.7544,15.6111,-25.0808,
2013-10-10,594,26,27,385,1,SOXL,1,0.9072,0.9183,54.4310,55.0970,open,time,597,955,122.3545,open,15.6241,106.7304,16.9023,105.4522,
2013-10-11,595,16,17,385,1,SOXL,1,0.9117,0.9215,54.7020,55.2900,open,time,587,955,107.4915,open,15.5549,91.9366,16.8278,90.6637,
2013-10-14,596,25,26,385,1,SOXL,1,0.9200,0.9408,55.2000,56.4480,open,time,596,955,226.0870,open,15.3524,210.7345,16.6065,209.4804,
2013-10-15,597,27,28,165,1,SOXL,1,0.9483,0.9337,56.8980,56.0220,gap,stop,598,735,-153.9597,open,15.0957,-169.0554,16.3356,-170.2953,
2013-10-16,598,23,24,385,1,SOXL,1,0.9337,0.9467,56.0218,56.8018,open,time,594,955,139.2310,open,15.1730,124.0580,16.4139,122.8171,
2013-10-17,599,35,36,385,1,SOXL,1,0.9333,0.9659,55.9980,57.9540,open,time,606,955,349.2982,open,11.5002,337.7980,12.7291,336.5691,
2013-10-21,601,26,27,65,1,SOXL,1,0.9815,0.9758,58.8900,58.5480,level,stop,597,635,-58.0744,open,14.5367,-72.6110,15.7288,-73.8032,
2013-10-22,602,20,21,385,-1,SOXS,1,2197440000.0000,2208480000.0000,45.7800,46.0100,open,time,591,955,50.2403,open,16.4347,33.8056,17.9599,32.2804,
2013-10-23,603,24,25,385,-1,SOXS,1,2421120000.0000,2432160000.0000,50.4400,50.6700,open,time,595,955,45.5987,open,14.9233,30.6754,16.3079,29.2908,
2013-10-25,605,46,47,141,1,SOXL,1,0.9167,0.9035,55.0020,54.2100,gap,stop,617,711,-143.9948,open,11.0501,-155.0448,12.3321,-156.3268,
2013-10-28,606,40,41,385,1,SOXL,1,0.9200,0.9287,55.2000,55.7220,open,time,611,955,94.5652,open,11.7988,82.7664,13.0610,81.5043,
2013-10-29,607,16,17,385,1,SOXL,1,0.9580,0.9733,57.4800,58.3980,open,time,587,955,159.7077,open,14.7790,144.9288,15.9872,143.7205,
2013-10-30,608,36,37,385,-1,SOXS,1,2192160000.0000,2219040000.0000,45.6700,46.2300,open,time,607,955,122.6188,open,12.0557,110.5631,13.5792,109.0396,
2013-10-31,609,15,16,385,1,SOXL,1,0.9833,0.9778,58.9980,58.6680,open,time,586,955,-55.9341,open,14.5090,-70.4431,15.6988,-71.6329,
2013-11-01,610,48,49,385,-1,SOXS,1,2187840000.0000,2200320000.0000,45.5800,45.8400,open,time,619,955,57.0426,open,12.1149,44.9276,13.6464,43.3962,
2013-11-05,612,17,18,90,-1,SOXS,1,2277600000.0000,2243040000.0000,47.4500,46.7300,gap,stop,588,660,-151.7387,open,17.0361,-168.7748,18.5227,-170.2614,
2013-11-06,613,58,59,385,-1,SOXS,1,2239200000.0000,2209440000.0000,46.6500,46.0300,open,time,629,955,-132.9046,open,11.9414,-144.8460,13.4520,-146.3566,
2013-11-07,614,16,17,385,-1,SOXS,1,2220480000.0000,2335200000.0000,46.2600,48.6500,open,time,587,955,516.6450,open,16.0249,500.6201,17.5010,499.1441,
2013-11-08,615,24,25,63,-1,SOXS,1,2334240000.0000,2304480000.0000,48.6300,48.0100,level,stop,595,633,-127.4933,open,15.5670,-143.0604,17.0158,-144.5091,
2013-11-11,616,20,21,385,1,SOXL,1,0.9367,0.9395,56.2020,56.3700,open,time,591,955,29.8922,open,15.1822,14.7100,16.4258,13.4664,
2013-11-12,617,17,18,385,1,SOXL,1,0.9428,0.9525,56.5680,57.1500,open,time,588,955,102.8850,open,15.0459,87.8391,16.2771,86.6080,
2013-11-13,618,18,19,385,1,SOXL,1,0.9472,0.9792,56.8320,58.7520,open,time,589,955,337.8378,open,14.8570,322.9809,16.0686,321.7693,
2013-11-14,619,28,29,385,-1,SOXS,1,2175360000.0000,2181312000.0000,45.3200,45.4440,open,time,599,955,27.3610,open,16.6135,10.7474,18.1560,9.2050,
2013-11-15,620,103,104,385,1,SOXL,1,0.9735,0.9857,58.4100,59.1420,open,time,674,955,125.3210,open,10.2816,115.0394,11.4726,113.8484,
2013-11-18,621,25,26,90,-1,SOXS,1,2149920000.0000,2136000000.0000,44.7900,44.5000,level,stop,596,660,-64.7466,open,17.9850,-82.7316,19.5529,-84.2995,
2013-11-19,622,17,18,26,-1,SOXS,1,2201184000.0000,2184960000.0000,45.8580,45.5200,gap,stop,588,596,-73.7058,open,21.9670,-95.6728,23.4991,-97.2049,
2013-11-20,623,15,16,50,-1,SOXS,1,2280960000.0000,2255179504.8439,47.5200,46.9829,level,stop,586,620,-113.0248,open,16.9859,-130.0106,18.4673,-131.4921,
2013-11-21,624,16,17,385,1,SOXL,1,0.9292,0.9593,55.7520,57.5580,open,time,587,955,323.9346,open,15.1508,308.7837,16.3867,307.5479,
2013-11-22,625,32,33,71,-1,SOXS,1,2210880000.0000,2183040000.0000,46.0600,45.4800,gap,stop,603,641,-125.9227,open,12.0897,-138.0125,13.6192,-139.5419,
2013-11-25,626,20,21,385,-1,SOXS,1,2193408000.0000,2188800000.0000,45.6960,45.6000,open,time,591,955,-21.0084,open,16.5038,-37.5122,18.0373,-39.0457,
2013-11-26,627,94,95,385,1,SOXL,1,0.9778,0.9838,58.6680,59.0280,open,time,665,955,61.3622,open,10.2689,51.0934,11.4584,49.9038,
2013-11-27,628,32,33,126,-1,SOXS,1,2163364800.0000,2137440000.0000,45.0701,44.5300,gap,stop,603,696,-119.8355,open,12.3507,-132.1862,13.9132,-133.7488,
2013-11-29,629,15,16,49,-1,SOXS,1,2091840000.0000,2090592000.0000,43.5800,43.5540,gap,stop,586,619,-5.9660,open,18.4420,-24.4080,20.0487,-26.0148,
2013-12-02,630,15,16,195,-1,SOXS,1,2111040000.0000,2079840000.0000,43.9800,43.3300,level,stop,586,765,-147.7945,open,18.3734,-166.1679,19.9770,-167.7714,
2013-12-03,631,20,21,385,1,SOXL,1,0.9958,0.9986,59.7480,59.9160,open,time,591,955,28.1181,open,14.2850,13.8331,15.4550,12.6631,
2013-12-04,632,20,21,169,1,SOXL,1,1.0032,0.9875,60.1920,59.2500,gap,stop,591,739,-156.4992,open,14.2737,-170.7729,15.4458,-171.9451,
2013-12-05,633,34,35,286,1,SOXL,1,1.0058,0.9880,60.3480,59.2800,gap,stop,605,856,-176.9736,open,10.9334,-187.9069,12.1037,-189.0773,
2013-12-09,635,18,19,385,1,SOXL,1,1.0462,1.0367,62.7720,62.2020,open,time,589,955,-90.8048,open,13.6568,-104.4616,14.7770,-105.5818,
2013-12-10,636,21,22,38,-1,SOXS,1,2053680000.0000,2016000000.0000,42.7850,42.0000,gap,stop,592,608,-183.4755,open,18.9111,-202.3867,20.5625,-204.0380,
2013-12-11,637,17,18,385,-1,SOXS,1,2037600000.0000,2097024000.0000,42.4500,43.6880,open,time,588,955,291.6372,open,17.5817,274.0555,19.2073,272.4299,
2013-12-12,638,18,19,385,-1,SOXS,1,2118240000.0000,2143200000.0000,44.1300,44.6500,open,time,589,955,117.8337,open,17.0094,100.8243,18.5864,99.2473,
2013-12-13,639,16,17,385,-1,SOXS,1,2131200000.0000,2148960000.0000,44.4000,44.7700,open,time,587,955,83.3333,open,16.9254,66.4079,18.4955,64.8379,
2013-12-16,640,15,16,385,1,SOXL,1,1.0223,1.0085,61.3380,60.5100,open,time,586,955,-134.9897,open,13.9971,-148.9868,15.1461,-150.1358,
2013-12-17,641,16,17,385,1,SOXL,1,1.0145,1.0380,60.8700,62.2800,open,time,587,955,231.6412,open,13.9245,217.7167,15.0615,216.5797,
2013-12-18,642,23,24,308,-1,SOXS,1,2017440000.0000,1996800000.0000,42.0300,41.6000,level,stop,594,878,-102.3079,open,19.1901,-121.4979,20.8641,-123.1720,
2013-12-19,643,18,19,385,-1,SOXS,1,1996800000.0000,2001600000.0000,41.6000,41.7000,open,time,589,955,24.0385,open,18.0966,5.9419,19.7773,4.2612,
2013-12-20,644,16,17,385,1,SOXL,1,1.0557,1.0687,63.3420,64.1220,open,time,587,955,123.1410,open,13.4329,109.7082,14.5313,108.6098,
2013-12-23,645,54,55,385,1,SOXL,1,1.0890,1.0930,65.3400,65.5800,open,time,625,955,36.7309,open,10.0020,26.7290,11.0713,25.6596,
2013-12-26,647,16,17,81,1,SOXL,1,1.1192,1.1102,67.1520,66.6120,gap,stop,587,651,-80.4146,open,12.7646,-93.1792,13.8112,-94.2258,
2013-12-27,648,71,72,385,-1,SOXS,1,1853280000.0000,1862880000.0000,38.6100,38.8100,open,time,642,955,51.8001,open,13.0011,38.7989,14.8095,36.9906,
2013-12-30,649,51,52,385,1,SOXL,1,1.1217,1.1230,67.3008,67.3788,open,time,622,955,11.5896,open,9.7233,1.8663,10.7628,0.8268,
2013-12-31,650,24,25,385,1,SOXL,1,1.1438,1.1482,68.6276,68.8916,open,time,595,955,38.4683,open,12.4388,26.0295,13.4568,25.0114,
2014-01-02,651,69,70,385,-1,SOXS,1,1879680000.0000,1879680000.0000,39.1600,39.1600,open,time,640,955,0.0000,open,10.2987,-10.2987,12.0862,-12.0862,
2014-01-03,652,118,119,385,-1,SOXS,1,1900800000.0000,1892640000.0000,39.6000,39.4300,open,time,689,955,-42.9293,open,10.2068,-53.1360,11.9782,-54.9075,
2014-01-06,653,17,18,385,-1,SOXS,1,1911840000.0000,1918560000.0000,39.8300,39.9700,open,time,588,955,35.1494,open,12.6193,22.5301,14.3737,20.7757,
2014-01-07,654,15,16,385,1,SOXL,1,1.0890,1.0985,65.3400,65.9100,open,time,586,955,87.2360,open,26.0024,61.2336,27.0691,60.1669,
2014-01-08,655,18,19,49,-1,SOXS,1,1836000000.0000,1819200000.0000,38.2500,37.9000,gap,stop,589,619,-91.5033,open,14.5247,-106.0280,16.3633,-107.8665,
2014-01-09,656,55,56,385,-1,SOXS,1,1818240000.0000,1835520000.0000,37.8800,38.2400,open,time,626,955,95.0370,open,11.9149,83.1220,13.7542,81.2828,
2014-01-10,657,36,37,385,-1,SOXS,1,1836720000.0000,1816752000.0000,38.2650,37.8490,open,time,607,955,-108.7155,open,11.9029,-120.6184,13.7423,-122.4578,
2014-01-13,658,29,30,60,-1,SOXS,1,1820640000.0000,1806240000.0000,37.9300,37.6300,gap,stop,600,630,-79.0931,open,11.9915,-91.0846,13.8444,-92.9375,
2014-01-14,659,17,18,385,1,SOXL,1,1.1291,1.1722,67.7460,70.3320,open,time,588,955,381.7200,open,24.8104,356.9095,25.8247,355.8952,
2014-01-15,660,41,42,385,1,SOXL,1,1.1977,1.1995,71.8610,71.9690,open,time,612,955,15.0288,open,20.2333,-5.2045,21.2067,-6.1779,
2014-01-16,661,30,31,385,-1,SOXS,1,1719379200.0000,1731360000.0000,35.8204,36.0700,open,time,601,955,69.6810,open,12.6111,57.0699,14.5585,55.1225,
2014-01-17,662,53,54,356,1,SOXL,1,1.1772,1.1553,70.6320,69.3180,gap,stop,624,926,-186.0347,open,22.2158,-208.2504,23.2162,-209.2509,
2014-01-21,663,44,45,374,-1,SOXS,1,1740000000.0000,1726776000.0000,36.2500,35.9745,gap,stop,615,944,-76.0000,open,12.5432,-88.5432,14.4816,-90.4816,
2014-01-22,664,16,17,385,1,SOXL,1,1.1938,1.2207,71.6280,73.2420,open,time,587,955,225.3309,open,23.6025,201.7284,24.5690,200.7619,
2014-01-23,665,21,22,385,-1,SOXS,1,1723680000.0000,1727520000.0000,35.9100,35.9900,open,time,592,955,22.2779,open,13.9984,8.2795,15.9456,6.3323,
2014-01-24,666,15,16,385,-1,SOXS,1,1776964800.0000,1838880000.0000,37.0201,38.3100,open,time,586,955,348.4323,open,13.4092,335.0231,15.2682,333.1641,
2014-01-27,667,58,59,385,-1,SOXS,1,1859520000.0000,1873920000.0000,38.7400,39.0400,open,time,629,955,77.4393,open,11.6605,65.7788,13.4605,63.9788,
2014-01-28,668,25,26,385,1,SOXL,1,1.0750,1.0880,64.5000,65.2800,open,time,596,955,120.9302,open,26.3071,94.6231,27.3859,93.5444,
2014-01-29,669,15,16,385,1,SOXL,1,1.1028,1.0794,66.1680,64.7640,open,time,586,955,-212.1872,open,25.9762,-238.1634,27.0456,-239.2328,
2014-01-30,670,16,17,128,-1,SOXS,1,1838880000.0000,1824000000.0000,38.3100,38.0000,gap,stop,587,698,-80.9188,open,14.4950,-95.4138,16.3297,-97.2485,
2014-01-31,671,20,21,385,1,SOXL,1,1.0978,1.1010,65.8680,66.0600,open,time,591,955,29.1492,open,25.8512,3.2980,26.9124,2.2368,
2014-02-03,672,15,16,385,-1,SOXS,1,1849915200.0000,1953600000.0000,38.5399,40.7000,open,time,586,955,560.4841,open,12.7811,547.7030,14.5492,545.9349,
2014-02-04,673,17,18,385,-1,SOXS,1,1972320000.0000,1940640000.0000,41.0900,40.4300,open,time,588,955,-160.6230,open,12.3310,-172.9540,14.0485,-174.6715,
2014-02-05,674,41,42,136,-1,SOXS,1,1984320000.0000,1950234214.6721,41.3400,40.6299,level,stop,612,706,-171.7756,open,12.2835,-184.0592,13.9916,-185.7672,
2014-02-06,675,16,17,385,1,SOXL,1,1.0700,1.0852,64.2000,65.1120,open,time,587,955,142.0561,open,26.4089,115.6472,27.4916,114.5645,
2014-02-07,676,44,45,195,-1,SOXS,1,1831200000.0000,1791840000.0000,38.1500,37.3300,gap,stop,615,765,-214.9410,open,13.3359,-228.2770,15.1909,-230.1320,
2014-02-10,677,15,16,385,1,SOXL,1,1.1502,1.1580,69.0120,69.4800,open,time,586,955,67.8143,open,24.6397,43.1746,25.6506,42.1637,
2014-02-11,678,15,16,385,1,SOXL,1,1.1815,1.2015,70.8900,72.0900,open,time,586,955,169.2763,open,23.8972,145.3791,24.8764,144.3999,
2014-02-12,679,16,17,385,1,SOXL,1,1.2355,1.2320,74.1300,73.9200,open,time,587,955,-28.3286,open,23.0262,-51.3548,23.9718,-52.3004,
2014-02-13,680,15,16,385,1,SOXL,1,1.2374,1.2769,74.2440,76.6140,open,time,586,955,319.2177,open,22.6946,296.5231,23.6229,295.5948,
2014-02-14,681,18,19,54,-1,SOXS,1,1566240000.0000,1560000000.0000,32.6300,32.5000,gap,stop,589,624,-39.8406,open,16.9773,-56.8179,19.1269,-58.9675,
2014-02-18,682,25,26,385,-1,SOXS,1,1542336000.0000,1516320000.0000,32.1320,31.5900,open,time,596,955,-168.6792,open,15.7598,-184.4390,17.9570,-186.6362,
2014-02-19,683,15,16,385,1,SOXL,1,1.3133,1.3055,78.7980,78.3300,open,time,586,955,-59.3924,open,21.6910,-81.0834,22.5820,-81.9744,
2014-02-20,684,26,27,179,-1,SOXS,1,1518720000.0000,1497120000.0000,31.6400,31.1900,gap,stop,597,749,-142.2250,open,15.9867,-158.2117,18.2150,-160.4400,
2014-02-21,685,19,20,58,1,SOXL,1,1.3507,1.3365,81.0420,80.1900,gap,stop,590,628,-105.1307,open,22.9998,-128.1304,23.8681,-128.9988,
2014-02-24,686,26,27,385,1,SOXL,1,1.3457,1.3392,80.7420,80.3520,open,time,597,955,-48.3020,open,21.1610,-69.4630,22.0300,-70.3320,
2014-02-25,687,19,20,385,-1,SOXS,1,1525238400.0000,1519200000.0000,31.7758,31.6500,open,time,590,955,-39.5899,open,15.8523,-55.4422,18.0596,-57.6495,
2014-02-26,688,48,49,385,1,SOXL,1,1.3517,1.3392,81.1020,80.3520,open,time,619,955,-92.4761,open,18.0207,-110.4968,18.8878,-111.3640,
2014-02-27,689,18,19,385,-1,SOXS,1,1493760000.0000,1490928000.0000,31.1200,31.0610,open,time,589,955,-18.9589,open,16.1719,-35.1308,18.4234,-37.3823,
2014-02-28,690,137,138,331,1,SOXL,1,1.3479,1.3217,80.8740,79.3020,level,stop,708,901,-194.3764,open,19.4168,-213.7933,20.2910,-214.6674,
2014-03-03,691,27,28,385,1,SOXL,1,1.3173,1.3060,79.0380,78.3600,open,time,598,955,-85.7815,open,21.6474,-107.4289,22.5369,-108.3184,
2014-03-04,692,17,18,385,1,SOXL,1,1.3700,1.3822,82.2000,82.9320,open,time,588,955,89.0511,open,20.6781,68.3730,21.5260,67.5251,
2014-03-05,693,15,16,385,1,SOXL,1,1.3878,1.3888,83.2680,83.3280,open,time,586,955,7.2056,open,20.4770,-13.2713,21.3173,-14.1117,
2014-03-06,694,25,26,142,-1,SOXS,1,1414512000.0000,1404480000.0000,29.4690,29.2600,level,stop,596,712,-70.9220,open,18.8197,-89.7417,21.2036,-92.1256,
2014-03-07,695,20,21,385,-1,SOXS,1,1401115200.0000,1403520000.0000,29.1899,29.2400,open,time,591,955,17.1635,open,17.2129,-0.0495,19.6090,-2.4455,
2014-03-10,696,16,17,42,1,SOXL,1,1.4165,1.4008,84.9900,84.0480,gap,stop,587,612,-110.8366,open,21.9392,-132.7758,22.7675,-133.6040,
2014-03-11,697,18,19,69,-1,SOXS,1,1404019200.0000,1392004800.0000,29.2504,29.0001,gap,stop,589,639,-85.5715,open,17.2486,-102.8201,19.6521,-105.2236,
2014-03-12,698,16,17,36,-1,SOXS,1,1456800000.0000,1430400000.0000,30.3500,29.8000,gap,stop,587,606,-181.2191,open,18.3686,-199.5877,20.6963,-201.9154,
2014-03-13,699,62,63,385,-1,SOXS,1,1387200000.0000,1467849600.0000,28.9000,30.5802,open,time,633,955,581.3841,open,13.5541,567.8300,15.9097,565.4744,
2014-03-14,700,255,256,385,-1,SOXS,1,1483008000.0000,1487040000.0000,30.8960,30.9800,open,time,826,955,27.1880,open,14.6404,12.5476,16.9030,10.2850,
2014-03-17,701,32,33,385,1,SOXL,1,1.3797,1.3728,82.7820,82.3680,open,time,603,955,-50.0109,open,17.6221,-67.6330,18.4699,-68.4807,
2014-03-18,702,24,25,385,1,SOXL,1,1.3954,1.4315,83.7240,85.8900,open,time,595,955,258.7072,open,20.1752,238.5320,21.0007,237.7065,
2014-03-19,703,19,20,338,1,SOXL,1,1.4400,1.4232,86.4000,85.3920,level,stop,590,908,-116.6667,open,21.0020,-137.6687,21.8170,-138.4837,
2014-03-20,704,31,32,385,1,SOXL,1,1.4347,1.5025,86.0820,90.1500,open,time,602,955,472.5727,open,16.5691,456.0036,17.3639,455.2087,
2014-03-21,705,51,52,385,-1,SOXS,1,1295520000.0000,1332960000.0000,26.9900,27.7700,open,time,622,955,288.9959,open,16.5625,272.4334,19.1196,269.8763,
2014-03-24,706,16,17,385,-1,SOXS,1,1325280000.0000,1345440000.0000,27.6100,28.0300,open,time,587,955,152.1188,open,18.0982,134.0206,20.6145,131.5043,
2014-03-25,707,20,21,146,1,SOXL,1,1.4913,1.4573,89.4780,87.4380,gap,stop,591,716,-227.9890,open,20.9499,-248.9389,21.7414,-249.7304,
2014-03-26,708,15,16,33,1,SOXL,1,1.5318,1.5011,91.9080,90.0660,gap,stop,586,603,-200.4178,open,20.3723,-220.7901,21.1417,-221.5595,
2014-03-27,709,20,21,42,-1,SOXS,1,1381440000.0000,1358880000.0000,28.7800,28.3100,gap,stop,591,612,-163.3079,open,19.3516,-182.6595,21.8041,-185.1119,
2014-03-28,710,15,16,385,1,SOXL,1,1.4387,1.4247,86.3220,85.4820,open,time,586,955,-97.3101,open,19.8339,-117.1440,20.6488,-117.9589,
2014-03-31,711,21,22,385,1,SOXL,1,1.4833,1.4970,88.9980,89.8200,open,time,592,955,92.3616,open,19.1002,73.2614,19.8831,72.4785,
2014-04-01,712,20,21,385,1,SOXL,1,1.5328,1.5663,91.9680,93.9780,open,time,591,955,218.5543,open,18.3984,200.1559,19.1514,199.4029,
2014-04-02,713,28,29,385,-1,SOXS,1,1254240000.0000,1242240000.0000,26.1300,25.8800,open,time,599,955,-95.6755,open,19.3103,-114.9857,22.0021,-117.6776,
2014-04-03,714,15,16,191,1,SOXL,1,1.5997,1.5667,95.9820,94.0020,gap,stop,586,761,-206.2887,open,18.9829,-225.2716,19.7199,-226.0086,
2014-04-04,715,15,16,385,-1,SOXS,1,1221120000.0000,1334980800.0000,25.4400,27.8121,open,time,586,955,932.4292,open,19.0813,913.3479,21.7155,910.7137,
2014-04-07,716,24,25,167,1,SOXL,1,1.4298,1.4035,85.7880,84.2100,level,stop,595,737,-183.9418,open,21.2122,-205.1540,22.0358,-205.9776,
2014-04-08,717,32,33,53,1,SOXL,1,1.4310,1.4070,85.8599,84.4199,gap,stop,603,623,-167.7149,open,18.8603,-186.5752,19.6826,-187.3975,
2014-04-09,718,19,20,276,-1,SOXS,1,1306080000.0000,1286880000.0000,27.2100,26.8100,gap,stop,590,846,-147.0048,open,20.4497,-167.4545,23.0415,-170.0463,
2014-04-10,719,77,78,385,-1,SOXS,1,1308000000.0000,1392480000.0000,27.2500,29.0100,open,time,648,955,645.8716,open,14.3294,631.5421,16.8203,629.0512,
2014-04-11,720,24,25,293,1,SOXL,1,1.3677,1.3067,82.0620,78.4020,level,stop,595,863,-446.0042,open,21.7911,-467.7954,22.6641,-468.6683,
2014-04-14,721,15,16,82,-1,SOXS,1,1458240000.0000,1417440000.0000,30.3800,29.5300,gap,stop,586,652,-279.7893,open,16.7427,-296.5320,19.0800,-298.8694,
2014-04-15,722,15,16,45,1,SOXL,1,1.3615,1.3275,81.6900,79.6500,gap,stop,586,615,-249.7246,open,22.9647,-272.6893,23.8326,-273.5572,
2014-04-16,723,16,17,385,-1,SOXS,1,1431840000.0000,1405920000.0000,29.8300,29.2900,open,time,587,955,-181.0258,open,16.9806,-198.0065,19.3489,-200.3747,
2014-04-17,724,37,38,385,1,SOXL,1,1.4033,1.4225,84.1980,85.3500,open,time,608,955,136.8204,open,17.1833,119.6370,18.0091,118.8112,
2014-04-21,725,54,55,326,-1,SOXS,1,1316640000.0000,1292640000.0000,27.4300,26.9300,gap,stop,625,896,-182.2822,open,16.6400,-198.9222,19.2157,-201.4979,
2014-04-22,726,34,35,385,1,SOXL,1,1.4750,1.5012,88.5000,90.0720,open,time,605,955,177.6271,open,16.3214,161.3057,17.1055,160.5216,
2014-04-23,727,23,24,385,-1,SOXS,1,1257552000.0000,1256160000.0000,26.1990,26.1700,open,time,594,955,-11.0691,open,19.1938,-30.2630,21.8672,-32.9363,
2014-04-24,728,16,17,385,-1,SOXS,1,1252704000.0000,1239840000.0000,26.0980,25.8300,open,time,587,955,-102.6899,open,19.3394,-122.0293,22.0355,-124.7254,
2014-04-25,729,19,20,385,-1,SOXS,1,1299840000.0000,1360320000.0000,27.0800,28.3400,open,time,590,955,465.2880,open,18.2323,447.0557,20.7598,444.5282,
2014-04-28,730,19,20,385,-1,SOXS,1,1361112000.0000,1380960000.0000,28.3565,28.7700,open,time,590,955,145.8219,open,17.6275,128.1945,20.0783,125.7437,
2014-04-29,731,16,17,60,1,SOXL,1,1.3763,1.3405,82.5780,80.4300,gap,stop,587,630,-260.1177,open,22.7290,-282.8467,23.5880,-283.7057,
2014-04-30,732,37,38,385,1,SOXL,1,1.3703,1.3942,82.2180,83.6520,open,time,608,955,174.4144,open,17.5671,156.8473,18.4112,156.0032,
2014-05-01,733,46,47,77,-1,SOXS,1,1334880000.0000,1310880000.0000,27.8100,27.3100,level,stop,617,647,-179.7914,open,16.4115,-196.2029,18.9516,-198.7431,
2014-05-02,734,39,40,385,1,SOXL,1,1.4012,1.3970,84.0720,83.8200,open,time,610,955,-29.9743,open,17.3369,-47.3112,18.1707,-48.1451,
2014-05-05,735,24,25,385,1,SOXL,1,1.3792,1.4005,82.7520,84.0300,open,time,595,955,154.4374,open,20.4903,133.9470,21.3298,133.1076,
2014-05-06,736,20,21,89,1,SOXL,1,1.4083,1.3957,84.4980,83.7420,gap,stop,591,659,-89.4696,open,22.0460,-111.5156,22.8782,-112.3477,
2014-05-07,737,16,17,385,-1,SOXS,1,1335840000.0000,1340932800.0000,27.8300,27.9361,open,time,587,955,38.1243,open,18.0365,20.0879,20.5470,17.5774,
2014-05-08,738,19,20,385,1,SOXL,1,1.4138,1.4117,84.8280,84.7020,open,time,590,955,-14.8536,open,20.1183,-34.9719,20.9441,-35.7977,
2014-05-09,739,45,46,99,1,SOXL,1,1.4112,1.3758,84.6720,82.5480,gap,stop,616,669,-250.8503,open,18.6006,-269.4509,19.4380,-270.2883,
2014-05-12,740,17,18,385,1,SOXL,1,1.4557,1.4767,87.3420,88.6020,open,time,588,955,144.2605,open,19.4236,124.8369,20.2193,124.0412,
2014-05-13,741,25,26,69,-1,SOXS,1,1261920000.0000,1244160000.0000,26.2900,25.9200,level,stop,596,639,-140.7379,open,19.2284,-159.9663,21.9100,-162.6479,
2014-05-14,742,15,16,336,1,SOXL,1,1.4373,1.4187,86.2380,85.1220,level,stop,586,906,-129.4093,open,21.0528,-150.4621,21.8698,-151.2791,
2014-05-15,743,16,17,385,-1,SOXS,1,1332504000.0000,1356960000.0000,27.7605,28.2700,open,time,587,955,183.5342,open,17.9783,165.5558,20.4772,163.0570,
2014-05-16,744,17,18,385,1,SOXL,1,1.3673,1.3977,82.0380,83.8620,open,time,588,955,222.3360,open,20.6163,201.7197,21.4603,200.8757,
2014-05-19,745,15,16,385,1,SOXL,1,1.4247,1.4460,85.4820,86.7600,open,time,586,955,149.5052,open,19.8412,129.6640,20.6541,128.8511,
2014-05-20,746,22,23,121,-1,SOXS,1,1284960000.0000,1270080000.0000,26.7700,26.4600,gap,stop,593,691,-115.8013,open,20.7549,-136.5562,23.3851,-139.1864,
2014-05-21,747,22,23,117,1,SOXL,1,1.4527,1.4360,87.1620,86.1600,gap,stop,593,687,-114.9584,open,20.8174,-135.7757,21.6251,-136.5835,
2014-05-22,748,16,17,385,1,SOXL,1,1.4625,1.4648,87.7500,87.8880,open,time,587,955,15.7265,open,19.4274,-3.7009,20.2245,-4.4980,
2014-05-23,749,18,19,31,-1,SOXS,1,1259040000.0000,1243680000.0000,26.2300,25.9100,gap,stop,589,601,-121.9977,open,21.1872,-143.1850,23.8724,-145.8701,
2014-05-27,750,44,45,385,1,SOXL,1,1.5467,1.5575,92.8020,93.4500,open,time,615,955,69.8261,open,15.6410,54.1851,16.3927,53.4334,
2014-05-28,751,21,22,385,1,SOXL,1,1.5798,1.5697,94.7880,94.1820,open,time,592,955,-63.9321,open,18.0437,-81.9758,18.7846,-82.7167,
2014-05-29,752,112,113,227,1,SOXL,1,1.5890,1.5692,95.3400,94.1520,gap,stop,683,797,-124.6067,open,15.8972,-140.5039,16.6361,-141.2428,
2014-05-30,753,15,16,71,1,SOXL,1,1.5815,1.5688,94.8900,94.1280,gap,stop,586,641,-80.3035,open,19.6293,-99.9328,20.3700,-100.6735,
2014-06-02,754,17,18,385,-1,SOXS,1,1141555200.0000,1137600000.0000,23.7824,23.7000,open,time,588,955,-34.6475,open,21.1590,-55.8065,24.1075,-58.7550,
2014-06-03,755,15,16,385,1,SOXL,1,1.6213,1.6562,97.2780,99.3720,open,time,586,955,215.2594,open,17.3990,197.8604,18.1110,197.1484,
2014-06-04,756,25,26,385,1,SOXL,1,1.6556,1.6763,99.3360,100.5780,open,time,596,955,125.0302,open,17.0968,107.9334,17.7971,107.2331,
2014-06-05,757,38,39,133,-1,SOXS,1,1103472000.0000,1084800000.0000,22.9890,22.6000,gap,stop,609,703,-169.2114,open,22.0452,-191.2566,25.1164,-194.3277,
2014-06-06,758,21,22,385,1,SOXL,1,1.7205,1.7232,103.2300,103.3920,open,time,592,955,15.6931,open,16.5218,-0.8287,17.1994,-1.5062,
2014-06-09,759,122,123,281,1,SOXL,1,1.7608,1.7330,105.6480,103.9800,level,stop,693,851,-157.8828,open,14.3679,-172.2507,15.0358,-172.9186,
2014-06-10,760,55,56,385,1,SOXL,1,1.7408,1.7518,104.4480,105.1080,open,time,626,955,63.1893,open,13.9068,49.2825,14.5749,48.6145,
2014-06-11,761,16,17,385,1,SOXL,1,1.7728,1.7783,106.3680,106.6980,open,time,587,955,31.0244,open,16.0265,14.9978,16.6836,14.3408,
2014-06-12,762,16,17,240,1,SOXL,1,1.7800,1.7605,106.8000,105.6300,gap,stop,587,810,-109.5506,open,16.9950,-126.5456,17.6541,-127.2046,
2014-06-13,763,33,34,385,-1,SOXS,1,1010400000.0000,1008480000.0000,21.0500,21.0100,open,time,604,955,-19.0024,open,21.5086,-40.5110,24.8372,-43.8396,
2014-06-16,764,15,16,385,1,SOXL,1,1.8513,1.8418,111.0780,110.5080,open,time,586,955,-51.3153,open,15.3975,-66.7128,16.0293,-67.3446,
2014-06-17,765,17,18,385,1,SOXL,1,1.8590,1.8825,111.5400,112.9500,open,time,588,955,126.4120,open,15.2309,111.1811,15.8546,110.5575,
2014-06-18,766,17,18,385,-1,SOXS,1,979680000.0000,975844800.0000,20.4100,20.3301,open,time,588,955,-39.1475,open,24.6513,-63.7987,28.0877,-67.2352,
2014-06-19,767,18,19,385,-1,SOXS,1,982272000.0000,974880000.0000,20.4640,20.3100,open,time,589,955,-75.2541,open,24.6223,-99.8764,28.0559,-103.3100,
2014-06-20,768,18,19,39,-1,SOXS,1,977280000.0000,969600000.0000,20.3600,20.2000,gap,stop,589,609,-78.5855,open,27.2264,-105.8118,30.6781,-109.2636,
2014-06-23,769,41,42,385,-1,SOXS,1,973920000.0000,977884800.0000,20.2900,20.3726,open,time,612,955,40.7097,open,22.2533,18.4565,25.6962,15.0135,
2014-06-24,770,15,16,340,1,SOXL,1,1.8617,1.8443,111.7020,110.6580,gap,stop,586,910,-93.4630,open,16.2404,-109.7034,16.8700,-110.3330,
2014-06-25,771,15,16,31,1,SOXL,1,1.8285,1.8055,109.7100,108.3300,level,stop,586,601,-125.7862,open,17.0185,-142.8047,17.6606,-143.4468,
2014-06-26,772,15,16,385,-1,SOXS,1,1011600000.0000,1002240000.0000,21.0750,20.8800,open,time,586,955,-92.5267,open,23.9267,-116.4534,27.2637,-119.7904,
2014-06-27,773,85,86,385,1,SOXL,1,1.8167,1.8263,109.0010,109.5770,open,time,656,955,52.8431,open,13.3341,39.5089,13.9747,38.8684,
2014-06-30,774,21,22,385,1,SOXL,1,1.8513,1.8808,111.0780,112.8480,open,time,592,955,159.3475,open,15.2753,144.0722,15.9005,143.4469,
2014-07-01,775,20,21,385,1,SOXL,1,1.9363,1.9657,116.1780,117.9420,open,time,591,955,151.8360,open,14.6111,137.2249,15.2091,136.6269,
2014-07-02,776,33,34,287,1,SOXL,1,1.9764,1.9605,118.5840,117.6300,gap,stop,604,857,-80.4493,open,12.7592,-93.2085,13.3519,-93.8012,
2014-07-03,777,163,164,205,1,SOXL,1,2.0192,2.0132,121.1520,120.7920,open,time,734,775,-29.7147,open,12.4614,-42.1761,13.0400,-42.7547,
2014-07-07,778,21,22,385,-1,SOXS,1,905760000.0000,918720000.0000,18.8700,19.1400,open,time,592,955,143.0843,open,26.4665,116.6178,30.1499,112.9343,
2014-07-08,779,18,19,385,-1,SOXS,1,930720000.0000,931200000.0000,19.3900,19.4000,open,time,589,955,5.1573,open,25.8992,-20.7419,29.5084,-24.3511,
2014-07-09,780,29,30,146,-1,SOXS,1,932640000.0000,924480000.0000,19.4300,19.2600,level,stop,600,716,-87.4936,open,25.9655,-113.4590,29.5840,-117.0776,
2014-07-10,781,36,37,385,1,SOXL,1,1.9073,1.9492,114.4380,116.9520,open,time,607,955,219.6823,open,12.6106,207.0716,13.2157,206.4665,
2014-07-11,782,62,63,385,-1,SOXS,1,930110400.0000,926400000.0000,19.3773,19.3000,open,time,633,955,-39.8920,open,20.8024,-60.6944,24.4221,-64.3142,
2014-07-14,783,83,84,190,1,SOXL,1,1.9953,1.9717,119.7180,118.3020,gap,stop,654,760,-118.2780,open,13.0841,-131.3620,13.6723,-131.9502,
2014-07-15,784,43,44,385,-1,SOXS,1,915840000.0000,923520000.0000,19.0800,19.2400,open,time,614,955,83.8574,open,23.6163,60.2411,27.2698,56.5876,
2014-07-16,785,15,16,113,1,SOXL,1,2.0333,2.0000,121.9980,120.0000,gap,stop,586,683,-163.7732,open,14.9185,-178.6917,15.4971,-179.2703,
2014-07-17,786,15,16,385,-1,SOXS,1,926928000.0000,954720000.0000,19.3110,19.8900,open,time,586,955,299.8291,open,25.7069,274.1223,29.2790,270.5501,
2014-07-18,787,28,29,385,1,SOXL,1,1.9270,1.9450,115.6200,116.7000,open,time,599,955,93.4094,open,14.7135,78.6960,15.3161,78.0934,
2014-07-21,788,17,18,74,1,SOXL,1,1.9542,1.9325,117.2520,115.9500,gap,stop,588,644,-111.0429,open,15.9168,-126.9597,16.5172,-127.5600,
2014-07-22,789,16,17,40,-1,SOXS,1,907152000.0000,890942400.0000,18.8990,18.5613,gap,stop,587,610,-178.6867,open,29.4638,-208.1505,33.2014,-211.8881,
2014-07-23,790,16,17,385,-1,SOXS,1,936000000.0000,955200000.0000,19.5000,19.9000,open,time,587,955,205.1282,open,25.5512,179.5770,29.1049,176.0233,
2014-07-24,791,36,37,385,-1,SOXS,1,968155200.0000,978240000.0000,20.1699,20.3800,open,time,607,955,104.1651,open,22.3230,81.8421,25.7757,78.3895,
2014-07-25,792,87,88,385,-1,SOXS,1,1034880000.0000,1037760000.0000,21.5600,21.6200,open,time,658,955,27.8293,open,18.6383,9.1911,21.8805,5.9488,
2014-07-28,793,15,16,385,-1,SOXS,1,1056000000.0000,1041120000.0000,22.0000,21.6900,open,time,586,955,-140.9091,open,22.9681,-163.8772,26.1727,-167.0818,
2014-07-29,794,18,19,99,1,SOXL,1,1.7372,1.7083,104.2320,102.4980,gap,stop,589,669,-166.3597,open,17.4546,-183.8142,18.1318,-184.4915,
2014-07-30,795,32,33,283,-1,SOXS,1,1025760000.0000,1008960000.0000,21.3700,21.0200,level,stop,603,853,-163.7810,open,23.7049,-187.4859,27.0078,-190.7888,
2014-07-31,796,30,31,385,-1,SOXS,1,1062720000.0000,1076640000.0000,22.1400,22.4300,open,time,601,955,130.9846,open,20.3174,110.6673,23.4586,107.5260,
2014-08-01,797,30,31,141,1,SOXL,1,1.6780,1.6167,100.6800,97.0020,level,stop,601,711,-365.3159,open,16.2576,-381.5735,16.9661,-382.2819,
2014-08-04,798,44,45,348,-1,SOXS,1,1066560000.0000,1052640000.0000,22.2200,21.9300,gap,stop,615,918,-130.5131,open,22.7613,-153.2744,25.9325,-156.4455,
2014-08-05,799,55,56,176,1,SOXL,1,1.6607,1.6292,99.6420,97.7520,level,stop,626,746,-189.6791,open,15.7655,-205.4446,16.4748,-206.1539,
2014-08-06,800,15,16,385,1,SOXL,1,1.6140,1.6375,96.8400,98.2500,open,time,586,955,145.6010,open,17.5226,128.0784,18.2403,127.3607,
2014-08-07,801,18,19,385,-1,SOXS,1,1059652800.0000,1116000000.0000,22.0761,23.2500,open,time,589,955,531.7515,open,22.2984,509.4531,25.3892,506.3623,
2014-08-08,802,15,16,73,-1,SOXS,1,1109232000.0000,1098240000.0000,23.1090,22.8800,level,stop,586,643,-99.0956,open,21.8310,-120.9266,24.8753,-123.9709,
2014-08-11,803,20,21,385,1,SOXL,1,1.6680,1.6752,100.0786,100.5106,open,time,591,955,43.1655,open,17.0227,26.1428,17.7206,25.4449,
2014-08-12,804,62,63,385,-1,SOXS,1,1061280000.0000,1051200000.0000,22.1100,21.9000,open,time,633,955,-94.9796,open,18.2885,-113.2681,21.4696,-116.4493,
2014-08-13,805,30,31,58,-1,SOXS,1,1042560000.0000,1034400000.0000,21.7200,21.5500,gap,stop,601,628,-78.2689,open,23.2224,-101.4913,26.4579,-104.7268,
2014-08-14,806,204,205,385,1,SOXL,1,1.7302,1.7225,103.8120,103.3500,open,time,775,955,-44.5035,open,13.5775,-58.0810,14.2533,-58.7568,
2014-08-15,807,32,33,83,1,SOXL,1,1.7767,1.7595,106.6020,105.5700,level,stop,603,653,-96.8087,open,15.1458,-111.9545,15.8056,-112.6143,
2014-08-18,808,19,20,380,-1,SOXS,1,990240000.0000,971520000.0000,20.6300,20.2400,gap,stop,590,950,-189.0451,open,24.5386,-213.5837,27.9644,-217.0095,
2014-08-19,809,19,20,385,1,SOXL,1,1.8430,1.8392,110.5800,110.3520,open,time,590,955,-20.6186,open,15.4484,-36.0670,16.0821,-36.7006,
2014-08-20,810,17,18,385,1,SOXL,1,1.8617,1.8885,111.7010,113.3090,open,time,588,955,143.9545,open,15.1991,128.7554,15.8213,128.1331,
2014-08-21,811,52,53,385,1,SOXL,1,1.8948,1.9086,113.6880,114.5160,open,time,623,955,72.8309,open,12.7752,60.0557,13.3887,59.4422,
2014-08-22,812,37,38,385,1,SOXL,1,1.9223,1.9135,115.3380,114.8100,open,time,608,955,-45.7785,open,12.6600,-58.4385,13.2683,-59.0468,
2014-08-25,813,16,17,385,-1,SOXS,1,908160000.0000,923520000.0000,18.9200,19.2400,open,time,587,955,169.1332,open,26.3698,142.7634,30.0388,139.0944,
2014-08-27,815,15,16,385,-1,SOXS,1,924000000.0000,918062400.0000,19.2500,19.1263,open,time,586,955,-64.2597,open,26.1602,-90.4199,29.8083,-94.0681,
2014-08-28,816,24,25,385,1,SOXL,1,1.8893,1.9197,113.3580,115.1820,open,time,595,955,160.9062,open,14.9682,145.9379,15.5808,145.3253,
2014-08-29,817,40,41,385,-1,SOXS,1,890880000.0000,888000000.0000,18.5600,18.5000,open,time,611,955,-32.3276,open,24.4019,-56.7295,28.1796,-60.5072,
2014-09-02,818,33,34,385,-1,SOXS,1,888000000.0000,898560000.0000,18.5000,18.7200,open,time,604,955,118.9189,open,24.3177,94.6012,28.0793,90.8397,
2014-09-03,819,26,27,385,1,SOXL,1,1.9722,1.9493,118.3320,116.9580,open,time,597,955,-116.1140,open,14.4930,-130.6070,15.0880,-131.2020,
2014-09-04,820,20,21,345,1,SOXL,1,1.9988,1.9639,119.9280,117.8340,level,stop,591,915,-174.6048,open,15.1822,-189.7869,15.7710,-190.3758,
2014-09-05,821,15,16,385,1,SOXL,1,1.9873,2.0155,119.2380,120.9300,open,time,586,955,141.9011,open,14.2427,127.6584,14.8256,127.0754,
2014-09-08,822,18,19,241,1,SOXL,1,2.0435,2.0167,122.6100,121.0020,gap,stop,589,811,-131.1475,open,14.8237,-145.9713,15.3984,-146.5460,
2014-09-09,823,261,262,337,1,SOXL,1,2.0375,1.9908,122.2500,119.4480,gap,stop,832,907,-229.2025,open,12.4757,-241.6782,13.0550,-242.2575,
2014-09-10,824,35,36,385,-1,SOXS,1,893280000.0000,877920000.0000,18.6100,18.2900,open,time,606,955,-171.9506,open,24.4907,-196.4412,28.2850,-200.2355,
2014-09-11,825,71,72,172,-1,SOXS,1,898032000.0000,880800000.0000,18.7090,18.3500,gap,stop,642,742,-191.8863,open,21.7111,-213.5973,25.4892,-217.3754,
2014-09-12,826,32,33,385,-1,SOXS,1,889920000.0000,906144000.0000,18.5400,18.8780,open,time,603,955,182.3085,open,24.1986,158.1100,27.9404,154.3681,
2014-09-15,827,17,18,385,-1,SOXS,1,929760000.0000,939360000.0000,19.3700,19.5700,open,time,588,955,103.2525,open,25.8250,77.4274,29.4204,73.8321,
2014-09-16,828,15,16,385,1,SOXL,1,1.8500,1.9427,111.0000,116.5620,open,time,586,955,501.0811,open,15.0980,485.9830,15.7136,485.3675,
2014-09-17,829,16,17,385,1,SOXL,1,1.9758,1.9848,118.5480,119.0880,open,time,587,955,45.5512,open,14.3772,31.1739,14.9664,30.5848,
2014-09-18,830,16,17,385,1,SOXL,1,2.0195,2.0682,121.1700,124.0920,open,time,587,955,241.1488,open,13.9650,227.1838,14.5359,226.6129,
2014-09-19,831,21,22,385,-1,SOXS,1,829200000.0000,856320000.0000,17.2750,17.8400,open,time,592,955,327.0622,open,28.7008,298.3615,32.6887,294.3735,
2014-09-22,832,40,41,82,1,SOXL,1,1.9838,1.9393,119.0280,116.3580,level,stop,611,652,-224.3170,open,13.6586,-237.9756,14.2535,-238.5704,
2014-09-23,833,16,17,385,1,SOXL,1,1.9138,1.9140,114.8280,114.8400,open,time,587,955,1.0450,open,14.8665,-13.8214,15.4761,-14.4310,
2014-09-24,834,16,17,104,-1,SOXS,1,894240000.0000,877872000.0000,18.6300,18.2890,level,stop,587,674,-183.0381,open,27.1607,-210.1988,30.9531,-213.9912,
2014-09-25,835,18,19,385,-1,SOXS,1,889440000.0000,909600000.0000,18.5300,18.9500,open,time,589,955,226.6595,open,26.8637,199.7958,30.5994,196.0600,
2014-09-26,836,48,49,287,-1,SOXS,1,900960000.0000,883200000.0000,18.7700,18.4000,gap,stop,619,857,-197.1231,open,27.0277,-224.1508,30.7946,-227.9177,
2014-09-29,837,15,16,385,1,SOXL,1,1.9125,1.9452,114.7500,116.7120,open,time,586,955,170.9804,open,14.7817,156.1987,15.3866,155.5938,
2014-09-30,838,16,17,385,-1,SOXS,1,897888000.0000,897120000.0000,18.7060,18.6900,open,time,587,955,-8.5534,open,26.8591,-35.4125,30.6028,-39.1562,
2014-10-01,839,16,17,385,-1,SOXS,1,934560000.0000,960960000.0000,19.4700,20.0200,open,time,587,955,282.4859,open,25.5143,256.9716,29.0602,253.4257,
2014-10-02,840,17,18,385,-1,SOXS,1,993600000.0000,979680000.0000,20.7000,20.4100,open,time,588,955,-140.0966,open,24.4066,-164.5032,27.8122,-167.9089,
2014-10-03,841,34,35,385,1,SOXL,1,1.7907,1.7625,107.4420,105.7500,open,time,605,955,-157.4803,open,13.6557,-171.1361,14.3125,-171.7928,
2014-10-06,842,43,44,385,-1,SOXS,1,970080000.0000,987840000.0000,20.2100,20.5800,open,time,614,955,183.0777,open,22.2025,160.8752,25.6350,157.4427,
2014-10-07,843,15,16,42,-1,SOXS,1,1028160000.0000,1000320000.0000,21.4200,20.8400,level,stop,586,612,-270.7750,open,26.1151,-296.8901,29.4286,-300.2036,
2014-10-08,844,27,28,213,-1,SOXS,1,1067995200.0000,1041600000.0000,22.2499,21.7000,level,stop,598,783,-247.1472,open,25.1149,-272.2620,28.3008,-275.4480,
2014-10-09,845,20,21,385,-1,SOXS,1,993360000.0000,1052640000.0000,20.6950,21.9300,open,time,591,955,596.7625,open,23.7265,573.0360,27.0137,569.7488,
2014-10-10,846,33,34,385,-1,SOXS,1,1245595200.0000,1267680000.0000,25.9499,26.4100,open,time,604,955,177.3032,open,17.3071,159.9961,19.9811,157.3221,
2014-10-13,847,15,16,131,-1,SOXS,1,1288732800.0000,1260941773.1465,26.8486,26.2696,level,stop,586,701,-215.6462,open,20.7910,-236.4371,23.4269,-239.0730,
2014-10-14,848,25,26,100,-1,SOXS,1,1284480000.0000,1245600000.0000,26.7600,25.9500,level,stop,596,670,-302.6906,open,19.0190,-321.7096,21.6757,-324.3662,
2014-10-15,849,15,16,231,1,SOXL,1,1.2088,1.1542,72.5280,69.2520,level,stop,586,801,-451.6876,open,25.3770,-477.0646,26.3649,-478.0525,
2014-10-16,850,24,25,385,1,SOXL,1,1.2698,1.3210,76.1880,79.2600,open,time,595,955,403.2131,open,22.0500,381.1631,22.9509,380.2622,
2014-10-17,851,17,18,200,1,SOXL,1,1.4082,1.3697,84.4920,82.1820,level,stop,588,770,-273.3987,open,21.6201,-295.0188,22.4602,-295.8589,
2014-10-20,852,54,55,385,1,SOXL,1,1.3841,1.4062,83.0460,84.3720,open,time,625,955,159.6705,open,17.4036,142.2669,18.2399,141.4307,
2014-10-21,853,18,19,385,1,SOXL,1,1.4888,1.5533,89.3280,93.1980,open,time,589,955,433.2348,open,18.7938,414.4410,19.5611,413.6737,
2014-10-22,854,32,33,385,-1,SOXS,1,1002720000.0000,1037280000.0000,20.8900,21.6100,open,time,603,955,344.6625,open,21.3336,323.3289,24.6286,320.0339,
2014-10-23,855,28,29,37,-1,SOXS,1,1006560000.0000,992534676.1399,20.9700,20.6778,level,stop,599,607,-139.3392,open,26.5103,-165.8495,29.8720,-169.2111,
2014-10-24,856,31,32,385,1,SOXL,1,1.5950,1.6045,95.7000,96.2700,open,time,602,955,59.5611,open,15.1758,44.3853,15.9051,43.6560,
2014-10-27,857,22,23,97,-1,SOXS,1,978240000.0000,961440000.0000,20.3800,20.0300,level,stop,593,667,-171.7370,open,24.8212,-196.5582,28.2860,-200.0230,
2014-10-28,858,91,92,385,1,SOXL,1,1.6702,1.6900,100.2120,101.4000,open,time,662,955,118.5487,open,13.9582,104.5905,14.6526,103.8960,
2014-10-29,859,16,17,57,1,SOXL,1,1.7178,1.6823,103.0680,100.9380,level,stop,587,627,-206.6597,open,18.1770,-224.8367,18.8633,-225.5230,
2014-10-30,860,16,17,385,-1,SOXS,1,926400000.0000,936000000.0000,19.3000,19.5000,open,time,587,955,103.6269,open,25.9181,77.7088,29.5265,74.1005,
2014-10-31,861,30,31,385,1,SOXL,1,1.8443,1.8368,110.6580,110.2080,open,time,601,955,-40.6658,open,13.1902,-53.8561,13.8241,-54.4899,
2014-11-03,862,20,21,385,1,SOXL,1,1.8770,1.8698,112.6200,112.1880,open,time,591,955,-38.3591,open,15.1798,-53.5389,15.8026,-54.1617,
2014-11-04,863,22,23,69,1,SOXL,1,1.8752,1.8508,112.5120,111.0480,level,stop,593,639,-130.1195,open,16.5991,-146.7186,17.2254,-147.3448,
2014-11-05,864,96,97,385,1,SOXL,1,1.9023,1.9107,114.1380,114.6420,open,time,667,955,44.1571,open,12.3032,31.8539,12.9151,31.2420,
2014-11-06,865,25,26,385,-1,SOXS,1,814032000.0000,812640000.0000,16.9590,16.9300,open,time,596,955,-17.1001,open,29.6309,-46.7309,33.7620,-50.8621,
2014-11-07,866,17,18,385,-1,SOXS,1,819360000.0000,835728000.0000,17.0700,17.4110,open,time,588,955,199.7657,open,29.1873,170.5783,33.2480,166.5177,
2014-11-10,867,17,18,385,1,SOXL,1,1.8333,1.8507,109.9980,111.0420,open,time,588,955,94.9108,open,15.4620,79.4488,16.0954,78.8155,
2014-11-11,868,29,30,385,-1,SOXS,1,820800000.0000,824160000.0000,17.1000,17.1700,open,time,600,955,40.9357,open,26.3948,14.5409,30.4800,10.4556,
2014-11-12,869,24,25,146,-1,SOXS,1,838560000.0000,826080000.0000,17.4700,17.2100,gap,stop,595,716,-148.8266,open,31.8253,-180.6518,35.8624,-184.6890,
2014-11-13,870,15,16,119,1,SOXL,1,1.8771,1.8469,112.6260,110.8140,gap,stop,586,689,-160.8865,open,16.1537,-177.0402,16.7803,-177.6668,
2014-11-14,871,19,20,37,-1,SOXS,1,841440000.0000,822240000.0000,17.5300,17.1300,gap,stop,590,607,-228.1803,open,31.8347,-260.0150,35.8745,-264.0547,
2014-11-17,872,15,16,38,1,SOXL,1,1.8665,1.8380,111.9900,110.2800,level,stop,586,608,-152.6922,open,16.6929,-169.3851,17.3228,-170.0150,
2014-11-18,873,35,36,385,1,SOXL,1,1.9098,1.9667,114.5880,118.0020,open,time,606,955,297.9370,open,12.5519,285.3850,13.1540,284.7830,
2014-11-19,874,17,18,38,1,SOXL,1,1.9728,1.9287,118.3680,115.7220,level,stop,588,608,-223.5401,open,15.8460,-239.3861,16.4441,-239.9843,
2014-11-20,875,17,18,385,1,SOXL,1,1.9140,1.9745,114.8400,118.4700,open,time,588,955,316.0920,open,14.6918,301.4002,15.2920,300.8000,
2014-11-21,876,74,75,96,1,SOXL,1,2.0583,2.0243,123.4980,121.4580,gap,stop,645,666,-165.1849,open,12.7145,-177.8994,13.2861,-178.4709,
2014-11-24,877,30,31,385,1,SOXL,1,2.0822,2.0990,124.9320,125.9400,open,time,601,955,80.6839,open,11.6260,69.0579,12.1841,68.4998,
2014-11-25,878,16,17,33,1,SOXL,1,2.1248,2.1083,127.4880,126.4980,level,stop,587,603,-77.6544,open,14.6216,-92.2759,15.1728,-92.8271,
2014-11-26,879,15,16,385,1,SOXL,1,2.1476,2.2348,128.8560,134.0880,open,time,586,955,406.0346,open,13.0569,392.9778,13.5895,392.4451,
2014-11-28,880,18,19,51,-1,SOXS,1,674875200.0000,660964800.0000,14.0599,13.7701,level,stop,589,621,-206.1181,open,39.6380,-245.7561,44.6691,-250.7872,
2014-12-01,881,19,20,385,-1,SOXS,1,672960000.0000,686160000.0000,14.0200,14.2950,open,time,590,955,196.1484,open,35.5308,160.6175,40.4757,155.6727,
2014-12-02,882,293,294,385,1,SOXL,1,2.1903,2.2073,131.4180,132.4380,open,time,864,955,77.6149,open,10.2953,67.3197,10.8259,66.7890,
2014-12-03,883,22,23,385,1,SOXL,1,2.2828,2.3523,136.9680,141.1380,open,time,593,955,304.4507,open,12.3317,292.1190,12.8352,291.6155,
2014-12-04,884,17,18,77,1,SOXL,1,2.3930,2.3418,143.5795,140.5075,gap,stop,588,647,-213.9574,open,13.0669,-227.0243,13.5598,-227.5172,
2014-12-05,885,19,20,385,1,SOXL,1,2.4062,2.4215,144.3720,145.2900,open,time,590,955,63.5857,open,11.8066,51.7791,12.2900,51.2958,
2014-12-08,886,119,120,385,-1,SOXS,1,617760000.0000,637440000.0000,12.8700,13.2800,open,time,690,955,318.5703,open,34.6342,283.9362,39.9892,278.5811,
2014-12-09,887,15,16,385,1,SOXL,1,2.2487,2.3227,134.9220,139.3620,open,time,586,955,329.0790,open,12.5067,316.5723,13.0173,316.0618,
2014-12-10,888,60,61,385,-1,SOXS,1,646080000.0000,670560000.0000,13.4600,13.9700,open,time,631,955,378.9004,open,29.3193,349.5812,34.4250,344.4755,
2014-12-11,889,15,16,381,1,SOXL,1,2.2490,2.2120,134.9400,132.7200,gap,stop,586,951,-164.5176,open,12.7396,-177.2571,13.2626,-177.7802,
2014-12-12,890,66,67,171,1,SOXL,1,2.2000,2.1463,132.0000,128.7780,level,stop,637,741,-244.0909,open,11.9457,-256.0366,12.4826,-256.5735,
2014-12-15,891,26,27,385,-1,SOXS,1,687360000.0000,708960000.0000,14.3200,14.7700,open,time,597,955,314.2458,open,34.6297,279.6161,39.4435,274.8023,
2014-12-16,892,17,18,385,1,SOXL,1,2.0538,2.0300,123.2280,121.8000,open,time,588,955,-115.8828,open,13.9191,-129.8018,14.4905,-130.3732,
2014-12-17,893,120,121,385,1,SOXL,1,2.0438,2.1397,122.6280,128.3820,open,time,691,955,469.2240,open,11.6479,457.5761,12.2060,457.0180,
2014-12-18,894,92,93,385,-1,SOXS,1,657120000.0000,644160000.0000,13.6900,13.4200,open,time,663,955,-197.2243,open,29.6602,-226.8845,34.8249,-232.0491,
2014-12-19,895,18,19,385,-1,SOXS,1,655680000.0000,645600000.0000,13.6600,13.4500,open,time,589,955,-153.7335,open,36.9795,-190.7130,42.1439,-195.8775,
2014-12-22,896,20,21,385,1,SOXL,1,2.3053,2.3462,138.3180,140.7720,open,time,591,955,177.4173,open,12.2688,165.1484,12.7705,164.6468,
2014-12-23,897,15,16,77,1,SOXL,1,2.4035,2.3607,144.2100,141.6420,gap,stop,586,647,-178.0736,open,12.9893,-191.0629,13.4791,-191.5527,
2014-12-24,898,26,27,205,1,SOXL,1,2.3500,2.3553,141.0000,141.3180,open,time,597,775,22.5532,open,12.8142,9.7390,13.3101,9.2431,
2014-12-26,899,16,17,385,-1,SOXS,1,613440000.0000,617232000.0000,12.7800,12.8590,open,time,587,955,61.8153,open,39.1796,22.6358,44.6401,17.1753,
2014-12-29,900,31,32,385,-1,SOXS,1,626880000.0000,620160000.0000,13.0600,12.9200,open,time,602,955,-107.1975,open,34.7739,-141.9715,40.1628,-147.3604,
2014-12-31,902,26,27,308,1,SOXL,1,2.3115,2.2803,138.6900,136.8180,gap,stop,597,878,-134.9773,open,13.4785,-148.4558,13.9867,-148.9640,
2015-01-02,903,31,32,385,-1,SOXS,1,636264000.0000,641280000.0000,13.2555,13.3600,open,time,602,955,78.8352,open,41.5225,37.3127,46.7827,32.0525,
2015-01-05,904,25,26,385,-1,SOXS,1,664800000.0000,675840000.0000,13.8500,14.0800,open,time,596,955,166.0650,open,46.8388,119.2261,51.8517,114.2133,
2015-01-06,905,18,19,385,-1,SOXS,1,697920000.0000,718560000.0000,14.5400,14.9700,open,time,589,955,295.7359,open,44.4470,251.2889,49.1922,246.5437,
2015-01-07,906,15,16,385,1,SOXL,1,2.0138,2.0302,120.8280,121.8120,open,time,586,955,81.4381,open,5.4312,76.0069,6.0082,75.4299,
2015-01-08,907,17,18,385,1,SOXL,1,2.1567,2.2187,129.4020,133.1220,open,time,588,955,287.4762,open,5.0515,282.4248,5.5849,281.8914,
2015-01-09,908,58,59,385,-1,SOXS,1,647040000.0000,636960000.0000,13.4800,13.2700,open,time,629,955,-155.7864,open,41.1849,-196.9713,46.4189,-202.2053,
2015-01-12,909,18,19,385,-1,SOXS,1,672000000.0000,676320000.0000,14.0000,14.0900,open,time,589,955,64.2857,open,46.4806,17.8051,51.4646,12.8211,
2015-01-13,910,15,16,189,1,SOXL,1,2.1926,2.1367,131.5561,128.2021,gap,stop,586,759,-254.9485,open,5.4218,-260.3703,5.9609,-260.9094,
2015-01-14,911,26,27,252,1,SOXL,1,2.0153,1.9408,120.9180,116.4480,level,stop,597,822,-369.6720,open,5.4853,-375.1573,6.0753,-375.7474,
2015-01-15,912,15,16,63,-1,SOXS,1,708480000.0000,683040000.0000,14.7600,14.2300,gap,stop,586,633,-359.0786,open,55.2261,-414.3047,60.0570,-419.1355,
2015-01-16,913,28,29,86,-1,SOXS,1,739200000.0000,715200000.0000,15.4000,14.9000,gap,stop,599,656,-324.6753,open,52.8490,-377.5243,57.4707,-382.1460,
2015-01-20,914,15,16,22,1,SOXL,1,2.0550,2.0292,123.3000,121.7520,gap,stop,586,592,-125.5474,open,8.2235,-133.7710,8.7949,-134.3423,
2015-01-21,915,56,57,385,1,SOXL,1,2.1117,2.1455,126.7020,128.7300,open,time,627,955,160.0606,open,3.5941,156.4665,4.1422,155.9184,
2015-01-22,916,16,17,315,-1,SOXS,1,694080000.0000,655200000.0000,14.4600,13.6500,level,stop,587,885,-560.1660,open,53.2446,-613.4106,58.2292,-618.3951,
2015-01-23,917,15,16,385,1,SOXL,1,2.1899,2.1608,131.3940,129.6480,open,time,586,955,-132.8828,open,5.0234,-137.9061,5.5597,-138.4425,
2015-01-26,918,96,97,385,1,SOXL,1,2.1645,2.1793,129.8700,130.7580,open,time,667,955,68.3761,open,3.1331,65.2430,3.6703,64.7058,
2015-01-27,919,25,26,291,-1,SOXS,1,680160000.0000,669600000.0000,14.1700,13.9500,gap,stop,596,861,-155.2576,open,56.9910,-212.2486,61.9700,-217.2276,
2015-01-28,920,17,18,65,1,SOXL,1,2.1550,2.1250,129.3000,127.5000,gap,stop,588,635,-139.2111,open,5.8890,-145.1001,6.4342,-145.6453,
2015-01-29,921,15,16,385,-1,SOXS,1,703200000.0000,689136000.0000,14.6500,14.3570,open,time,586,955,-200.0000,open,44.7888,-244.7888,49.6157,-249.6157,
2015-01-30,922,51,52,385,-1,SOXS,1,714096000.0000,729600000.0000,14.8770,15.2000,open,time,622,955,217.1137,open,36.8207,180.2930,41.4759,175.6377,
2015-02-02,923,27,28,370,-1,SOXS,1,750720000.0000,724775043.3276,15.6400,15.0995,level,stop,598,940,-345.6010,open,42.1550,-387.7559,46.7108,-392.3118,
2015-02-03,924,77,78,363,-1,SOXS,1,712804800.0000,691152000.0000,14.8501,14.3990,gap,stop,648,933,-303.7690,open,37.6000,-341.3690,42.3876,-346.1566,
2015-02-04,925,274,275,385,1,SOXL,1,2.0650,2.0482,123.9000,122.8920,open,time,845,955,-81.3559,open,3.2999,-84.6559,3.8672,-85.2231,
2015-02-05,926,230,231,385,1,SOXL,1,2.0908,2.1155,125.4480,126.9300,open,time,801,955,118.1366,open,2.8373,115.2993,3.3920,114.7446,
2015-02-06,927,69,70,233,1,SOXL,1,2.1490,2.1130,128.9400,126.7800,gap,stop,640,803,-167.5198,open,3.5777,-171.0975,4.1252,-171.6450,
2015-02-09,928,70,71,385,-1,SOXS,1,689289600.0000,688320000.0000,14.3602,14.3400,open,time,641,955,-14.0667,open,38.4616,-52.5282,43.3396,-57.4063,
2015-02-10,929,88,89,385,1,SOXL,1,2.1043,2.2192,126.2580,133.1520,open,time,659,955,546.0248,open,3.1674,542.8574,3.7074,542.3174,
2015-02-11,930,22,23,385,1,SOXL,1,2.2380,2.2420,134.2800,134.5200,open,time,593,955,17.8731,open,4.8993,12.9738,5.4201,12.4530,
2015-02-12,931,22,23,385,1,SOXL,1,2.2997,2.3463,137.9820,140.7780,open,time,593,955,202.6351,open,4.7494,197.8857,5.2517,197.3834,
2015-02-13,932,19,20,38,1,SOXL,1,2.4190,2.3750,145.1400,142.5000,gap,stop,590,608,-181.8933,open,5.6103,-187.5037,6.0971,-187.9904,
2015-02-17,933,29,30,385,1,SOXL,1,2.4033,2.4130,144.1980,144.7800,open,time,600,955,40.3612,open,3.1765,37.1847,3.6610,36.7002,
2015-02-18,934,31,32,167,-1,SOXS,1,573120000.0000,566880000.0000,11.9400,11.8100,gap,stop,602,737,-108.8777,open,59.1102,-167.9879,65.0051,-173.8828,
2015-02-19,935,15,16,385,1,SOXL,1,2.4000,2.4180,144.0000,145.0800,open,time,586,955,75.0000,open,4.5661,70.4339,5.0504,69.9496,
2015-02-20,936,26,27,385,1,SOXL,1,2.4007,2.4572,144.0420,147.4320,open,time,597,955,235.3480,open,4.5484,230.7996,5.0288,230.3192,
2015-02-23,937,15,16,385,-1,SOXS,1,564480000.0000,564964800.0000,11.7600,11.7701,open,time,586,955,8.5884,open,55.4190,-46.8305,61.3688,-52.7804,
2015-02-24,938,22,23,56,-1,SOXS,1,572688000.0000,564960000.0000,11.9310,11.7700,gap,stop,593,626,-134.9426,open,67.6149,-202.5575,73.5221,-208.4647,
2015-02-25,939,15,16,47,-1,SOXS,1,548640000.0000,543360000.0000,11.4300,11.3200,level,stop,586,617,-96.2380,open,70.4546,-166.6926,76.6086,-172.8466,
2015-02-26,940,19,20,72,-1,SOXS,1,543840000.0000,538080000.0000,11.3300,11.2100,level,stop,590,642,-105.9135,open,71.1067,-177.0202,77.3180,-183.2315,
2015-02-27,941,16,17,30,-1,SOXS,1,549120000.0000,540228933.4741,11.4400,11.2548,level,stop,587,600,-161.9148,open,70.6001,-232.5149,76.7693,-238.6842,
2015-03-02,942,17,18,385,1,SOXL,1,2.6312,2.7122,157.8720,162.7320,open,time,588,955,307.8443,open,4.1479,303.6965,4.5846,303.2597,
2015-03-03,943,16,17,385,-1,SOXS,1,510240000.0000,527520000.0000,10.6300,10.9900,open,time,587,955,338.6642,open,60.7007,277.9635,67.1780,271.4862,
2015-03-04,944,20,21,165,-1,SOXS,1,540955200.0000,530884800.0000,11.2699,11.0601,gap,stop,591,735,-186.1596,open,71.7432,-257.9028,78.0133,-264.1729,
2015-03-05,945,25,26,191,1,SOXL,1,2.5912,2.5548,155.4720,153.2880,level,stop,596,761,-140.4755,open,4.5802,-145.0557,5.0337,-145.5091,
2015-03-06,946,17,18,385,-1,SOXS,1,533985600.0000,545280000.0000,11.1247,11.3600,open,time,588,955,211.5113,open,58.2216,153.2897,64.4487,147.0626,
2015-03-09,947,251,252,385,1,SOXL,1,2.4963,2.5072,149.7780,150.4320,open,time,822,955,43.6646,open,2.0583,41.6064,2.5246,41.1400,
2015-03-10,948,19,20,385,-1,SOXS,1,554400000.0000,567124800.0000,11.5500,11.8151,open,time,590,955,229.5238,open,56.0496,173.4743,62.0422,167.4816,
2015-03-11,949,17,18,97,1,SOXL,1,2.4230,2.3833,145.3800,142.9980,gap,stop,588,667,-163.8465,open,5.2476,-169.0941,5.7331,-169.5796,
2015-03-12,950,17,18,385,1,SOXL,1,2.3518,2.3700,141.1080,142.2000,open,time,588,955,77.3875,open,4.6584,72.7292,5.1525,72.2350,
2015-03-13,951,17,18,57,1,SOXL,1,2.4189,2.3750,145.1340,142.5000,gap,stop,588,627,-181.4875,open,5.6105,-187.0979,6.0972,-187.5847,
2015-03-16,952,20,21,385,1,SOXL,1,2.5083,2.5295,150.4980,151.7700,open,time,591,955,84.5194,open,4.3702,80.1492,4.8334,79.6860,
2015-03-17,953,16,17,335,-1,SOXS,1,543489600.0000,538080000.0000,11.3227,11.2100,gap,stop,587,905,-99.5346,open,66.6720,-166.2065,72.8853,-172.4199,
2015-03-18,954,29,30,273,-1,SOXS,1,545280000.0000,538752000.0000,11.3600,11.2240,level,stop,600,843,-119.7183,open,62.1599,-181.8782,68.3592,-188.0775,
2015-03-19,955,16,17,29,-1,SOXS,1,530515200.0000,527040000.0000,11.0524,10.9800,gap,stop,587,599,-65.5061,open,81.8681,-147.3743,88.2225,-153.7286,
2015-03-20,956,41,42,385,1,SOXL,1,2.6144,2.6673,156.8640,160.0380,open,time,612,955,202.3409,open,2.9089,199.4320,3.3507,198.9902,
2015-03-23,957,32,33,385,-1,SOXS,1,499684800.0000,512640000.0000,10.4101,10.6800,open,time,603,955,259.2674,open,52.5205,206.7469,59.1598,200.1077,
2015-03-24,958,210,211,385,-1,SOXS,1,522446400.0000,527040000.0000,10.8843,10.9800,open,time,781,955,87.9248,open,36.7594,51.1654,43.1627,44.7621,
2015-03-25,959,15,16,385,-1,SOXS,1,545760000.0000,601920000.0000,11.3700,12.5400,open,time,586,955,1029.0237,open,55.6815,973.3423,61.5508,967.4729,
2015-03-26,960,87,88,385,1,SOXL,1,2.0610,2.0855,123.6600,125.1300,open,time,658,955,118.8743,open,3.2818,115.5925,3.8446,115.0298,
2015-03-27,961,32,33,47,1,SOXL,1,2.1370,2.0725,128.2200,124.3500,level,stop,603,617,-301.8250,open,4.8137,-306.6387,5.3682,-307.1931,
2015-03-30,962,17,18,50,1,SOXL,1,2.3250,2.2807,139.5000,136.8420,level,stop,588,620,-190.5376,open,5.8370,-196.3747,6.3437,-196.8813,
2015-03-31,963,20,21,385,-1,SOXS,1,562075200.0000,568320000.0000,11.7099,11.8400,open,time,591,955,111.1026,open,55.4817,55.6209,61.4267,49.6759,
2015-04-01,964,19,20,385,-1,SOXS,1,591840000.0000,579840000.0000,12.3300,12.0800,open,time,590,955,-202.7575,open,53.2113,-255.9688,58.9472,-261.7047,
2015-04-02,965,20,21,185,1,SOXL,1,2.2656,2.2090,135.9360,132.5400,gap,stop,591,755,-249.8234,open,5.2480,-255.0714,5.7695,-255.5930,
2015-04-06,966,15,16,385,1,SOXL,1,2.1908,2.2403,131.4480,134.4180,open,time,586,955,225.9449,open,4.9804,220.9645,5.5070,220.4378,
2015-04-07,967,15,16,48,-1,SOXS,1,574560000.0000,568800000.0000,11.9700,11.8500,level,stop,586,618,-100.2506,open,67.2906,-167.5412,73.1681,-173.4187,
2015-04-08,968,20,21,385,1,SOXL,1,2.2805,2.2733,136.8304,136.3984,open,time,591,955,-31.5720,open,4.8144,-36.3864,5.3268,-36.8988,
2015-04-09,969,44,45,385,1,SOXL,1,2.3133,2.3700,138.7980,142.2000,open,time,615,955,245.1044,open,3.2764,241.8280,3.7747,241.3297,
2015-04-10,970,15,16,272,-1,SOXS,1,542400000.0000,540009600.0000,11.3000,11.2502,gap,stop,586,842,-44.0708,open,71.1001,-115.1709,77.3085,-121.3793,
2015-04-13,971,29,30,83,1,SOXL,1,2.4277,2.3927,145.6620,143.5620,gap,stop,600,653,-144.1694,open,3.8610,-148.0304,4.3451,-148.5145,
2015-04-14,972,15,16,385,-1,SOXS,1,555360000.0000,562080000.0000,11.5700,11.7100,open,time,586,955,121.0026,open,56.1351,64.8675,62.1491,58.8535,
2015-04-15,973,15,16,385,1,SOXL,1,2.3667,2.3950,142.0020,143.7000,open,time,586,955,119.5758,open,4.6250,114.9508,5.1150,114.4608,
2015-04-17,975,15,16,385,-1,SOXS,1,564964800.0000,563568000.0000,11.7701,11.7410,open,time,586,955,-24.7237,open,55.4285,-80.1522,61.3832,-86.1068,
2015-04-20,976,17,18,385,1,SOXL,1,2.3347,2.3228,140.0820,139.3680,open,time,588,955,-50.9701,open,4.7060,-55.6761,5.2069,-56.1771,
2015-04-21,977,25,26,385,-1,SOXS,1,536640000.0000,535680000.0000,11.1800,11.1600,open,time,596,955,-17.8891,open,58.3391,-76.2282,64.6059,-82.4950,
2015-04-22,978,15,16,95,-1,SOXS,1,533280000.0000,525120000.0000,11.1100,10.9400,gap,stop,586,665,-153.0153,open,77.2370,-230.2523,83.5865,-236.6018,
2015-04-23,979,28,29,385,1,SOXL,1,2.3453,2.3540,140.7180,141.2400,open,time,599,955,37.0955,open,4.6754,32.4200,5.1720,31.9235,
2015-04-24,980,17,18,385,-1,SOXS,1,554400000.0000,565200000.0000,11.5500,11.7750,open,time,588,955,194.8052,open,56.1076,138.6976,62.1103,132.6949,
2015-04-27,981,15,16,350,1,SOXL,1,2.2817,2.2348,136.9020,134.0880,gap,stop,586,920,-205.5485,open,4.8316,-210.3801,5.3483,-210.8968,
2015-04-28,982,18,19,205,-1,SOXS,1,567360000.0000,556800000.0000,11.8200,11.6000,gap,stop,589,775,-186.1252,open,64.0962,-250.2214,70.0745,-256.1997,
2015-04-29,983,28,29,312,-1,SOXS,1,570720000.0000,564000000.0000,11.8900,11.7500,gap,stop,599,882,-117.7460,open,63.5405,-181.2865,69.4629,-187.2089,
2015-04-30,984,29,30,103,-1,SOXS,1,576000000.0000,566400000.0000,12.0000,11.8000,gap,stop,600,673,-166.6667,open,63.2261,-229.8928,69.1089,-235.7756,
2015-05-01,985,32,33,385,1,SOXL,1,2.2833,2.3442,136.9980,140.6520,open,time,603,955,266.7192,open,3.3165,263.4027,3.8208,262.8984,
2015-05-04,986,17,18,385,-1,SOXS,1,535200000.0000,536640000.0000,11.1500,11.1800,open,time,588,955,26.9058,open,58.4151,-31.5093,64.6847,-37.7789,
2015-05-05,987,18,19,385,-1,SOXS,1,551630400.0000,571200000.0000,11.4923,11.9000,open,time,589,955,354.7593,open,56.1236,298.6357,62.1103,292.6490,
2015-05-06,988,16,17,385,-1,SOXS,1,581280000.0000,576480000.0000,12.1100,12.0100,open,time,587,955,-82.5764,open,53.9714,-136.5478,59.7758,-142.3522,
2015-05-08,990,21,22,385,1,SOXL,1,2.3302,2.3150,139.8120,138.9000,open,time,592,955,-65.2305,open,4.7165,-69.9470,5.2188,-70.4493,
2015-05-11,991,37,38,385,1,SOXL,1,2.3100,2.3150,138.6000,138.9000,open,time,608,955,21.6450,open,3.3048,18.3402,3.8093,17.8357,
2015-05-12,992,15,16,220,-1,SOXS,1,557760000.0000,543360000.0000,11.6200,11.3200,level,stop,586,790,-258.1756,open,56.5600,-314.7356,62.6639,-320.8395,
2015-05-13,993,40,41,120,1,SOXL,1,2.3345,2.2750,140.0700,136.5000,gap,stop,611,690,-254.8726,open,3.6675,-258.5401,4.1738,-259.0464,
2015-05-14,994,15,16,357,-1,SOXS,1,534235200.0000,528199580.1338,11.1299,11.0042,level,stop,586,927,-112.9768,open,67.8632,-180.8400,74.1885,-187.1653,
2015-05-15,995,26,27,385,-1,SOXS,1,519360000.0000,518880000.0000,10.8200,10.8100,open,time,597,955,-9.2421,open,60.2623,-69.5044,66.7348,-75.9769,
2015-05-18,996,20,21,385,1,SOXL,1,2.4207,2.4590,145.2420,147.5400,open,time,591,955,158.2187,open,4.5190,153.6997,4.9972,153.2215,
2015-05-19,997,35,36,385,-1,SOXS,1,498720000.0000,510240000.0000,10.3900,10.6300,open,time,606,955,230.9913,open,52.6742,178.3171,59.3354,171.6559,
2015-05-20,998,17,18,385,1,SOXL,1,2.4607,2.4440,36.9105,36.6600,open,time,588,955,-67.8669,open,17.7244,-85.5913,19.6274,-87.4942,
2015-05-21,999,33,34,385,1,SOXL,1,2.4480,2.4857,36.7200,37.2855,open,time,604,955,154.0033,open,12.2788,141.7245,14.1707,139.8326,
2015-05-22,1000,32,33,385,1,SOXL,1,2.5147,2.5020,37.7205,37.5300,open,time,603,955,-50.5030,open,12.0357,-62.5387,13.8961,-64.3992,
2015-05-26,1001,16,17,385,-1,SOXS,1,502320000.0000,505680000.0000,41.8600,42.1400,open,time,587,955,66.8896,open,15.5781,51.3116,17.2447,49.6449,
2015-05-27,1002,15,16,385,1,SOXL,1,2.4953,2.7340,37.4295,41.0100,open,time,586,955,956.5984,open,17.0988,939.4996,18.8873,937.7111,
2015-05-28,1003,25,26,385,-1,SOXS,1,446520000.0000,445440000.0000,37.2100,37.1200,open,time,596,955,-24.1870,open,17.5675,-41.7545,19.4510,-43.6380,
2015-05-29,1004,73,74,257,-1,SOXS,1,440538000.0000,435000000.0000,36.7115,36.2500,gap,stop,644,827,-125.7099,open,17.8965,-143.6064,19.8154,-145.5253,
2015-06-01,1005,17,18,385,-1,SOXS,1,436200000.0000,440040000.0000,36.3500,36.6700,open,time,588,955,88.0330,open,17.9201,70.1129,19.8375,68.1955,
2015-06-02,1006,18,19,385,-1,SOXS,1,453480000.0000,454080000.0000,37.7900,37.8400,open,time,589,955,13.2310,open,17.2787,-4.0477,19.1298,-5.8988,
2015-06-03,1007,30,31,385,-1,SOXS,1,456240000.0000,462960000.0000,38.0200,38.5800,open,time,601,955,147.2909,open,14.4744,132.8165,16.3022,130.9887,
2015-06-04,1008,30,31,229,1,SOXL,1,2.6057,2.5553,39.0855,38.3295,level,stop,601,799,-193.4221,open,12.9783,-206.4004,14.7869,-208.2090,
2015-06-05,1009,51,52,385,1,SOXL,1,2.5440,2.5600,38.1600,38.4000,open,time,622,955,62.8931,open,11.8527,51.0403,13.6814,49.2117,
2015-06-08,1010,20,21,385,-1,SOXS,1,482760000.0000,500400000.0000,40.2300,41.7000,open,time,591,955,365.3990,open,16.0640,349.3349,17.7733,347.6256,
2015-06-09,1011,16,17,311,-1,SOXS,1,510432000.0000,499680000.0000,42.5360,41.6400,level,stop,587,881,-210.6451,open,17.8661,-228.5112,19.5295,-230.1746,
2015-06-10,1012,38,39,385,1,SOXL,1,2.4667,2.5040,37.0005,37.5600,open,time,609,955,151.2142,open,12.1872,139.0270,14.0650,137.1492,
2015-06-11,1013,26,27,63,1,SOXL,1,2.5227,2.4967,37.8405,37.4505,gap,stop,597,633,-103.0642,open,19.9745,-123.0387,21.8340,-124.8982,
2015-06-12,1014,67,68,385,-1,SOXS,1,498718800.0000,497520000.0000,41.5599,41.4600,open,time,638,955,-24.0376,open,13.3279,-37.3655,15.0142,-39.0518,
2015-06-15,1015,20,21,90,-1,SOXS,1,520320000.0000,507192519.4150,43.3600,42.2660,level,stop,591,660,-252.2963,open,19.9238,-272.2201,21.5591,-273.8554,
2015-06-16,1016,45,46,185,-1,SOXS,1,507360000.0000,499680000.0000,42.2800,41.6400,level,stop,616,755,-151.3718,open,15.5650,-166.9368,17.2333,-168.6051,
2015-06-17,1017,31,32,113,1,SOXL,1,2.4587,2.4416,36.8805,36.6240,gap,stop,602,683,-69.5489,open,15.0470,-84.5959,16.9517,-86.5006,
2015-06-18,1018,15,16,385,1,SOXL,1,2.4860,2.5367,37.2900,38.0505,open,time,586,955,203.9421,open,17.4357,186.5064,19.2941,184.6479,
2015-06-19,1019,24,25,385,-1,SOXS,1,473100000.0000,475080000.0000,39.4250,39.5900,open,time,595,955,41.8516,open,16.5497,25.3019,18.3215,23.5301,
2015-06-22,1020,82,83,385,-1,SOXS,1,471360000.0000,469320000.0000,39.2800,39.1100,open,time,653,955,-43.2790,open,14.1084,-57.3874,15.8944,-59.1734,
2015-06-23,1021,18,19,385,-1,SOXS,1,468360000.0000,476760000.0000,39.0300,39.7300,open,time,589,955,179.3492,open,16.6473,162.7019,18.4250,160.9242,
2015-06-24,1022,19,20,98,1,SOXL,1,2.5244,2.4927,37.8660,37.3905,gap,stop,590,668,-125.5744,open,19.9764,-145.5508,21.8368,-147.4112,
2015-06-25,1023,247,248,385,-1,SOXS,1,486600000.0000,492240000.0000,40.5500,41.0200,open,time,818,955,115.9063,open,12.3566,103.5497,14.0730,101.8333,
2015-06-26,1024,78,79,385,-1,SOXS,1,513240000.0000,527880000.0000,42.7700,43.9900,open,time,649,955,285.2467,open,12.8103,272.4363,14.4243,270.8224,
2015-06-29,1025,15,16,122,1,SOXL,1,2.2107,2.1333,33.1605,31.9995,gap,stop,586,692,-350.1153,open,21.4199,-371.5353,23.5691,-373.6845,
2015-06-30,1026,16,17,277,-1,SOXS,1,564000000.0000,555360000.0000,47.0000,46.2800,level,stop,587,847,-153.1915,open,17.2162,-170.4077,18.7172,-171.9087,
2015-07-01,1027,61,62,385,-1,SOXS,1,550680000.0000,562560000.0000,45.8900,46.8800,open,time,632,955,215.7333,open,11.9719,203.7614,13.4812,202.2521,
2015-07-02,1028,17,18,169,1,SOXL,1,2.1353,2.1133,32.0295,31.6995,level,stop,588,739,-103.0300,open,22.0119,-125.0419,24.2087,-127.2387,
2015-07-06,1029,19,20,228,1,SOXL,1,2.0977,2.0540,31.4655,30.8100,level,stop,590,798,-208.3234,open,22.4750,-230.7984,24.7233,-233.0467,
2015-07-07,1030,25,26,385,-1,SOXS,1,600576000.0000,585360000.0000,50.0480,48.7800,open,time,596,955,-253.3568,open,13.1691,-266.5258,14.5859,-267.9427,
2015-07-08,1031,17,18,385,-1,SOXS,1,617280000.0000,628920000.0000,51.4400,52.4100,open,time,588,955,188.5692,open,12.6399,175.9293,13.9881,174.5811,
2015-07-09,1032,18,19,385,-1,SOXS,1,609720000.0000,651838800.0000,50.8100,54.3199,open,time,589,955,690.7892,open,12.6133,678.1759,13.9465,676.8427,
2015-07-10,1033,21,22,74,1,SOXL,1,1.8853,1.8480,28.2795,27.7200,level,stop,592,644,-197.8465,open,26.7973,-224.6438,29.2976,-227.1441,
2015-07-14,1035,19,20,385,1,SOXL,1,1.9760,1.9993,29.6400,29.9895,open,time,590,955,117.9150,open,21.9652,95.9498,24.3131,93.6019,
2015-07-15,1036,138,139,385,-1,SOXS,1,592920000.0000,595084800.0000,49.4100,49.5904,open,time,709,955,36.5108,open,10.1819,26.3289,11.5960,24.9148,
2015-07-16,1037,220,221,385,-1,SOXS,1,603120000.0000,591000000.0000,50.2600,49.2500,open,time,791,955,-200.9550,open,8.1176,-209.0727,9.5247,-210.4797,
2015-07-17,1038,39,40,359,-1,SOXS,1,600968400.0000,593040000.0000,50.0807,49.4200,gap,stop,610,929,-131.9271,open,13.1364,-145.0635,14.5435,-146.4706,
2015-07-20,1039,19,20,36,1,SOXL,1,1.9900,1.9652,29.8500,29.4780,gap,stop,590,606,-124.6231,open,27.0226,-151.6457,29.3825,-154.0056,
2015-07-21,1040,16,17,385,1,SOXL,1,1.9490,1.9220,29.2350,28.8300,open,time,587,955,-138.5326,open,22.4018,-160.9344,24.8130,-163.3456,
2015-07-22,1041,18,19,385,-1,SOXS,1,663000000.0000,653640000.0000,55.2500,54.4700,open,time,589,955,-141.1765,open,11.8914,-153.0679,13.1674,-154.3439,
2015-07-23,1042,18,19,385,1,SOXL,1,1.8533,1.8513,27.7995,27.7695,open,time,589,955,-10.7916,open,23.4854,-34.2769,26.0047,-36.7963,
2015-07-24,1043,24,25,385,-1,SOXS,1,627120000.0000,658920000.0000,52.2600,54.9100,open,time,595,955,507.0800,open,12.3278,494.7522,13.6349,493.4451,
2015-07-27,1044,22,23,385,1,SOXL,1,1.7213,1.6953,25.8195,25.4295,open,time,593,955,-151.0486,open,25.3660,-176.4146,28.0979,-179.1465,
2015-07-28,1045,20,21,89,-1,SOXS,1,676548000.0000,660176386.7112,56.3790,55.0147,level,stop,591,659,-241.9875,open,14.4183,-256.4057,15.6753,-257.6627,
2015-07-29,1046,19,20,132,-1,SOXS,1,646080000.0000,633240000.0000,53.8400,52.7700,gap,stop,590,702,-198.7370,open,14.1188,-212.8558,15.4321,-214.1691,
2015-07-30,1047,15,16,78,1,SOXL,1,1.8333,1.7940,27.4995,26.9100,level,stop,586,648,-214.3675,open,27.5717,-241.9392,30.1451,-244.5126,
2015-07-31,1048,104,105,385,-1,SOXS,1,634560000.0000,645660000.0000,52.8800,53.8050,open,time,675,955,174.9244,open,11.3566,163.5678,12.6690,162.2554,
2015-08-03,1049,113,114,216,1,SOXL,1,1.7747,1.7320,26.6205,25.9800,level,stop,684,786,-240.6040,open,17.1905,-257.7946,19.8525,-260.4565,
2015-08-04,1050,19,20,59,1,SOXL,1,1.7440,1.7173,26.1600,25.7595,gap,stop,590,629,-153.0963,open,30.8608,-183.9571,33.5574,-186.6538,
2015-08-05,1051,15,16,385,1,SOXL,1,1.7613,1.7600,26.4195,26.4000,open,time,586,955,-7.3809,open,24.7075,-32.0884,27.3580,-34.7389,
2015-08-06,1052,19,20,385,-1,SOXS,1,664800000.0000,680280000.0000,55.4000,56.6900,open,time,590,955,232.8520,open,11.7246,221.1274,12.9738,219.8782,
2015-08-07,1053,23,24,385,1,SOXL,1,1.6873,1.6920,25.3095,25.3800,open,time,594,955,27.8552,open,25.7678,2.0873,28.5297,-0.6746,
2015-08-10,1054,24,25,385,1,SOXL,1,1.7584,1.8180,26.3760,27.2700,open,time,595,955,338.9445,open,24.5558,314.3886,27.1663,311.7782,
2015-08-11,1055,109,110,385,-1,SOXS,1,652776000.0000,658680000.0000,54.3980,54.8900,open,time,680,955,90.4445,open,11.0715,79.3730,12.3526,78.0919,
2015-08-12,1056,21,22,125,-1,SOXS,1,695118000.0000,682920000.0000,57.9265,56.9100,gap,stop,592,695,-175.4810,open,13.1138,-188.5948,14.3330,-189.8140,
2015-08-13,1057,16,17,385,-1,SOXS,1,659520000.0000,667680000.0000,54.9600,55.6400,open,time,587,955,123.7263,open,11.8567,111.8697,13.1225,110.6038,
2015-08-14,1058,59,60,385,-1,SOXS,1,680878800.0000,681120000.0000,56.7399,56.7600,open,time,630,955,3.5425,open,9.7660,-6.2235,10.9995,-7.4570,
2015-08-17,1059,32,33,385,1,SOXL,1,1.6193,1.6933,24.2895,25.3995,open,time,603,955,456.9876,open,18.3588,438.6288,21.1778,435.8098,
2015-08-18,1060,20,21,385,-1,SOXS,1,685440000.0000,701520000.0000,57.1200,58.4600,open,time,591,955,234.5938,open,11.3725,223.2213,12.5840,222.0099,
2015-08-19,1061,68,69,283,-1,SOXS,1,715200000.0000,696481200.0000,59.6000,58.0401,level,stop,639,853,-261.7282,open,11.9762,-273.7044,13.1665,-274.8947,
2015-08-20,1062,41,42,385,-1,SOXS,1,756000000.0000,798120000.0000,63.0000,66.5100,open,time,612,955,557.1429,open,8.6332,548.5097,9.7150,547.4279,
2015-08-21,1063,16,17,102,1,SOXL,1,1.3567,1.3080,20.3505,19.6200,level,stop,587,672,-358.9592,open,37.4288,-396.3880,40.9325,-399.8918,
2015-08-24,1064,34,35,385,1,SOXL,1,1.1753,1.2240,17.6295,18.3600,open,time,605,955,414.3623,open,25.3087,389.0536,29.2003,385.1620,
2015-08-25,1065,54,55,385,-1,SOXS,1,858000000.0000,932640000.0000,71.5000,77.7200,open,time,625,955,869.9301,open,7.5362,862.3939,8.4760,861.4541,
2015-08-26,1066,22,23,280,-1,SOXS,1,909868800.0000,858600000.0000,75.8224,71.5500,gap,stop,593,850,-563.4746,open,10.8958,-574.3704,11.8465,-575.3212,
2015-08-27,1067,101,102,335,1,SOXL,1,1.4227,1.3737,21.3405,20.6055,level,stop,672,905,-344.4155,open,19.1085,-363.5241,22.4472,-366.8627,
2015-08-28,1068,200,201,385,1,SOXL,1,1.4907,1.4773,22.3605,22.1595,open,time,771,955,-89.8907,open,15.8231,-105.7138,18.9678,-108.8585,
2015-08-31,1069,18,19,70,-1,SOXS,1,722760000.0000,711480000.0000,60.2300,59.2900,gap,stop,589,640,-156.0684,open,13.4475,-169.5159,14.6189,-170.6873,
2015-09-01,1070,15,16,218,1,SOXL,1,1.4085,1.3327,21.1275,19.9905,level,stop,586,788,-538.1612,open,33.7866,-571.9478,37.1941,-575.3552,
2015-09-02,1071,15,16,381,-1,SOXS,1,768000000.0000,740640000.0000,64.0000,61.7200,level,stop,586,951,-356.2500,open,10.3438,-366.5938,11.4577,-367.7077,
2015-09-03,1072,15,16,368,1,SOXL,1,1.4733,1.4287,22.0995,21.4305,level,stop,586,938,-302.7218,open,29.7360,-332.4578,32.9529,-335.6747,
2015-09-04,1073,61,62,273,1,SOXL,1,1.4160,1.3667,21.2400,20.5005,gap,stop,632,843,-348.1638,open,24.0795,-372.2433,27.4346,-375.5984,
2015-09-08,1074,106,107,385,1,SOXL,1,1.4993,1.5453,22.4895,23.1795,open,time,677,955,306.8098,open,17.6946,289.1152,20.7609,286.0490,
2015-09-09,1075,16,17,385,-1,SOXS,1,640656000.0000,687480000.0000,53.3880,57.2900,open,time,587,955,730.8759,open,11.9936,718.8823,13.2601,717.6158,
2015-09-10,1076,25,26,67,-1,SOXS,1,694440000.0000,674468931.3441,57.8700,56.2057,level,stop,596,637,-287.5852,open,14.0773,-301.6625,15.3048,-302.8900,
2015-09-11,1077,61,62,162,-1,SOXS,1,699120000.0000,681480000.0000,58.2600,56.7900,gap,stop,632,732,-252.3172,open,12.2445,-264.5617,13.4616,-265.7788,
2015-09-14,1078,16,17,385,-1,SOXS,1,674400000.0000,672360000.0000,56.2000,56.0300,open,time,587,955,-30.2491,open,11.6508,-41.8999,12.8983,-43.1474,
2015-09-15,1079,25,26,385,1,SOXL,1,1.5467,1.5487,23.2005,23.2305,open,time,596,955,12.9308,open,28.1152,-15.1845,31.1305,-18.1997,
2015-09-16,1080,19,20,100,-1,SOXS,1,654838800.0000,648000000.0000,54.5699,54.0000,level,stop,590,670,-104.4349,open,15.7288,-120.1636,17.0183,-121.4532,
2015-09-17,1081,58,59,270,-1,SOXS,1,650640000.0000,640440000.0000,54.2200,53.3700,level,stop,629,840,-156.7687,open,13.0885,-169.8573,14.3898,-171.1586,
2015-09-18,1082,35,36,260,1,SOXL,1,1.4693,1.4340,22.0395,21.5100,level,stop,606,830,-240.2505,open,20.6969,-260.9473,23.9121,-264.1625,
2015-09-21,1083,40,41,123,1,SOXL,1,1.4767,1.4493,22.1505,21.7395,level,stop,611,693,-185.5489,open,22.8544,-208.4032,26.0444,-211.5933,
2015-09-22,1084,31,32,44,1,SOXL,1,1.3647,1.3460,20.4705,20.1900,level,stop,602,614,-137.0265,open,29.6295,-166.6559,33.0728,-170.0992,
2015-09-23,1085,59,60,133,1,SOXL,1,1.3413,1.3167,20.1195,19.7505,level,stop,630,703,-183.4042,open,22.6689,-206.0731,26.1806,-209.5848,
2015-09-24,1086,16,17,286,-1,SOXS,1,811938000.0000,777960000.0000,67.6615,64.8300,gap,stop,587,856,-418.4802,open,12.1205,-430.6008,13.1777,-431.6579,
2015-09-25,1087,24,25,54,1,SOXL,1,1.3707,1.3367,20.5605,20.0505,gap,stop,595,624,-248.0484,open,39.3965,-287.4450,42.8444,-290.8929,
2015-09-28,1088,21,22,385,-1,SOXS,1,766800000.0000,805920000.0000,63.9000,67.1600,open,time,592,955,510.1721,open,10.0906,500.0816,11.1594,499.0127,
2015-09-29,1089,15,16,30,-1,SOXS,1,817080000.0000,800161200.0000,68.0900,66.6801,gap,stop,586,600,-207.0642,open,11.9283,-218.9925,12.9673,-220.0314,
2015-09-30,1090,36,37,385,1,SOXL,1,1.3347,1.3773,20.0205,20.6595,open,time,607,955,319.1728,open,22.3591,296.8137,25.8015,293.3714,
2015-10-01,1091,15,16,385,-1,SOXS,1,735628800.0000,731280000.0000,61.3024,60.9400,open,time,586,955,-59.1168,open,10.6949,-69.8117,11.8402,-70.9570,
2015-10-02,1092,34,35,52,-1,SOXS,1,759720000.0000,738120000.0000,63.3100,61.5100,gap,stop,605,622,-284.3153,open,11.2906,-295.6059,12.4125,-296.7277,
2015-10-05,1093,15,16,385,1,SOXL,1,1.4713,1.4940,22.0695,22.4100,open,time,586,955,154.2853,open,29.4582,124.8272,32.6059,121.6795,
2015-10-06,1094,35,36,291,-1,SOXS,1,647160000.0000,636000000.0000,53.9300,53.0000,level,stop,606,861,-172.4458,open,13.1692,-185.6150,14.4786,-186.9243,
2015-10-07,1095,90,91,385,-1,SOXS,1,624000000.0000,611040000.0000,52.0000,50.9200,open,time,661,955,-207.6923,open,11.6966,-219.3889,13.0570,-220.7493,
2015-10-08,1096,197,198,271,-1,SOXS,1,627960000.0000,613440000.0000,52.3300,51.1200,level,stop,768,841,-231.2249,open,12.6559,-243.8808,14.0094,-245.2343,
2015-10-09,1097,19,20,34,1,SOXL,1,1.6078,1.5813,24.1170,23.7195,gap,stop,590,604,-164.8215,open,33.4859,-198.3074,36.4127,-201.2342,
2015-10-12,1098,81,82,385,1,SOXL,1,1.5707,1.5647,23.5605,23.4705,open,time,652,955,-38.1995,open,17.1084,-55.3079,20.0851,-58.2847,
2015-10-13,1099,20,21,296,1,SOXL,1,1.5320,1.5167,22.9800,22.7505,gap,stop,591,866,-99.8695,open,32.8550,-132.7244,35.9165,-135.7859,
2015-10-14,1100,16,17,385,1,SOXL,1,1.5672,1.6640,23.5080,24.9600,open,time,587,955,617.6621,open,27.3821,590.2800,30.2732,587.3889,
2015-10-15,1101,26,27,132,1,SOXL,1,1.7380,1.7053,26.0700,25.5795,level,stop,597,702,-188.1473,open,27.0997,-215.2470,29.8105,-217.9578,
2015-10-16,1102,120,121,385,1,SOXL,1,1.7353,1.7296,26.0295,25.9440,open,time,691,955,-32.8473,open,13.5664,-46.4137,16.2601,-49.1074,
2015-10-19,1103,20,21,231,1,SOXL,1,1.7519,1.7067,26.2785,25.6005,gap,stop,591,801,-258.0056,open,26.9411,-284.9467,29.6401,-287.6457,
2015-10-20,1104,15,16,236,1,SOXL,1,1.7347,1.7213,26.0205,25.8195,level,stop,586,806,-77.2468,open,27.0631,-104.3098,29.7637,-107.0105,
2015-10-21,1105,85,86,282,1,SOXL,1,1.8226,1.7727,27.3390,26.5905,gap,stop,656,852,-273.7847,open,18.6462,-292.4309,21.2427,-295.0274,
2015-10-22,1106,15,16,385,1,SOXL,1,1.8647,1.9087,27.9705,28.6305,open,time,586,955,235.9629,open,23.2116,212.7513,25.6853,210.2775,
2015-10-23,1107,75,76,385,1,SOXL,1,1.9667,1.9800,29.5005,29.7000,open,time,646,955,67.6260,open,13.6197,54.0063,15.9846,51.6414,
2015-10-26,1108,15,16,385,-1,SOXS,1,489360000.0000,496440000.0000,40.7800,41.3700,open,time,586,955,144.6788,open,15.9517,128.7271,17.6560,127.0228,
2015-10-27,1109,15,16,260,1,SOXL,1,1.8473,1.8193,27.7095,27.2895,level,stop,586,830,-151.5726,open,23.6396,-175.2122,26.1853,-177.7578,
2015-10-28,1110,30,31,284,1,SOXL,1,1.8817,1.8460,28.2255,27.6900,level,stop,601,854,-189.7221,open,19.7552,-209.4772,22.2592,-211.9812,
2015-10-29,1111,29,30,385,-1,SOXS,1,518160000.0000,522360000.0000,43.1800,43.5300,open,time,600,955,81.0560,open,12.7810,68.2750,14.3956,66.6604,
2015-10-30,1112,20,21,385,1,SOXL,1,1.7973,1.8047,26.9595,27.0705,open,time,591,955,41.1729,open,24.1864,16.9864,26.7776,14.3953,
2015-11-02,1113,15,16,385,1,SOXL,1,1.8333,1.8407,27.4995,27.6105,open,time,586,955,40.3644,open,23.7129,16.6514,26.2533,14.1110,
2015-11-03,1114,199,200,385,1,SOXL,1,1.8653,1.8707,27.9795,28.0605,open,time,770,955,28.9498,open,12.5910,16.3588,15.0892,13.8605,
2015-11-04,1115,18,19,385,-1,SOXS,1,489940800.0000,485520000.0000,40.8284,40.4600,open,time,589,955,-90.2313,open,16.0480,-106.2793,17.7703,-108.0016,
2015-11-05,1116,40,41,385,-1,SOXS,1,499800000.0000,513480000.0000,41.6500,42.7900,open,time,611,955,273.7095,open,13.1587,260.5508,14.8170,258.8925,
2015-11-06,1117,59,60,385,1,SOXL,1,1.8713,1.9027,28.0695,28.5405,open,time,630,955,167.7978,open,14.2587,153.5391,16.7319,151.0659,
2015-11-09,1118,35,36,385,-1,SOXS,1,488280000.0000,486600000.0000,40.6900,40.5500,open,time,606,955,-34.4065,open,13.6169,-48.0234,15.3402,-49.7466,
2015-11-10,1119,15,16,385,-1,SOXS,1,513960000.0000,514388400.0000,42.8300,42.8657,open,time,586,955,8.3353,open,15.2537,-6.9184,16.8874,-8.5521,
2015-11-11,1120,20,21,326,1,SOXL,1,1.7767,1.7593,26.6505,26.3895,level,stop,591,896,-97.9344,open,24.5457,-122.4801,27.1853,-125.1197,
2015-11-12,1121,19,20,316,1,SOXL,1,1.7386,1.7087,26.0790,25.6305,level,stop,590,886,-171.9775,open,25.1266,-197.1041,27.8343,-199.8117,
2015-11-13,1122,16,17,385,-1,SOXS,1,538560000.0000,545160000.0000,44.8800,45.4300,open,time,587,955,122.5490,open,14.5087,108.0403,16.0590,106.4900,
2015-11-16,1123,16,17,119,1,SOXL,1,1.6733,1.6387,25.0995,24.5805,level,stop,587,689,-206.7770,open,30.1953,-236.9723,33.0136,-239.7906,
2015-11-17,1124,15,16,385,1,SOXL,1,1.7347,1.7393,26.0205,26.0895,open,time,586,955,26.5176,open,25.0659,1.4517,27.7525,-1.2350,
2015-11-18,1125,57,58,142,-1,SOXS,1,521280000.0000,512040000.0000,43.4400,42.6700,gap,stop,628,712,-177.2560,open,15.1693,-192.4252,16.7952,-194.0512,
2015-11-19,1126,26,27,197,-1,SOXS,1,498120000.0000,493525200.0000,41.5100,41.1271,level,stop,597,767,-92.2428,open,18.2178,-110.4607,19.9120,-112.1549,
2015-11-20,1127,20,21,143,1,SOXL,1,1.8237,1.8096,27.3555,27.1440,gap,stop,591,713,-77.3153,open,25.7449,-103.0602,28.3137,-105.6291,
2015-11-23,1128,17,18,385,-1,SOXS,1,499320000.0000,509400000.0000,41.6100,42.4500,open,time,588,955,201.8745,open,15.6078,186.2668,17.2734,184.6011,
2015-11-24,1129,24,25,385,1,SOXL,1,1.7833,1.8099,26.7495,27.1485,open,time,595,955,149.1617,open,24.3160,124.8457,26.9136,122.2480,
2015-11-25,1130,30,31,385,1,SOXL,1,1.8167,1.8167,27.2505,27.2505,open,time,601,955,0.0000,open,16.6122,-16.6122,19.1809,-19.1809,
2015-11-27,1131,18,19,22,-1,SOXS,1,484920000.0000,481440000.0000,40.4100,40.1200,level,stop,589,592,-71.7644,open,22.4356,-94.2000,24.1741,-95.9385,
2015-11-30,1132,108,109,385,1,SOXL,1,1.8820,1.9120,28.2300,28.6800,open,time,679,955,159.4049,open,14.1823,145.2226,16.6425,142.7624,
2015-12-01,1133,20,21,385,1,SOXL,1,1.9707,1.9867,29.5605,29.8005,open,time,591,955,81.1894,open,22.0426,59.1469,24.4010,56.7884,
2015-12-02,1134,28,29,137,1,SOXL,1,2.0273,1.9977,30.4095,29.9655,level,stop,599,707,-146.0070,open,23.2110,-169.2180,25.5299,-171.5369,
2015-12-03,1135,16,17,385,-1,SOXS,1,435960000.0000,460080000.0000,36.3300,38.3400,open,time,587,955,553.2618,open,17.6878,535.5739,19.5641,533.6976,
2015-12-04,1136,17,18,385,1,SOXL,1,1.9560,2.0333,29.3400,30.4995,open,time,588,955,395.1943,open,22.0533,373.1410,24.3938,370.8005,
2015-12-07,1137,112,113,385,-1,SOXS,1,443230800.0000,444720000.0000,36.9359,37.0600,open,time,683,955,33.5987,open,16.3123,17.2864,18.2043,15.3944,
2015-12-08,1138,17,18,385,1,SOXL,1,1.9116,1.9347,28.6740,29.0205,open,time,588,955,120.8412,open,22.7020,98.1392,25.1286,95.7126,
2015-12-09,1139,19,20,127,1,SOXL,1,1.9253,1.9000,28.8795,28.5000,level,stop,590,697,-131.4081,open,24.4275,-155.8356,26.8675,-158.2756,
2015-12-10,1140,16,17,385,1,SOXL,1,1.8900,1.8747,28.3500,28.1205,open,time,587,955,-80.9524,open,23.0681,-104.0205,25.5473,-106.4997,
2015-12-11,1141,33,34,168,1,SOXL,1,1.8340,1.8007,27.5100,27.0105,gap,stop,604,738,-181.5703,open,18.4088,-199.9791,20.9768,-202.5472,
2015-12-14,1142,27,28,385,-1,SOXS,1,502884000.0000,504240000.0000,41.9070,42.0200,open,time,598,955,26.9645,open,15.5796,11.3848,17.2478,9.7167,
2015-12-15,1143,39,40,385,1,SOXL,1,1.8281,1.8167,27.4215,27.2505,open,time,610,955,-62.3598,open,16.5435,-78.9033,19.1043,-81.4641,
2015-12-16,1144,22,23,367,-1,SOXS,1,475800000.0000,468720000.0000,39.6500,39.0600,level,stop,593,937,-148.8020,open,16.5539,-165.3559,18.3327,-167.1347,
2015-12-17,1145,20,21,385,-1,SOXS,1,465122400.0000,487080000.0000,38.7602,40.5900,open,time,591,955,472.0822,open,16.6202,455.4620,18.3855,453.6967,
2015-12-18,1146,19,20,169,1,SOXL,1,1.7660,1.7237,26.4900,25.8555,level,stop,590,739,-239.5243,open,26.7116,-266.2360,29.3866,-268.9109,
2015-12-21,1147,74,75,385,1,SOXL,1,1.7760,1.7987,26.6400,26.9805,open,time,645,955,127.8153,open,15.0431,112.7722,17.6542,110.1611,
2015-12-22,1148,17,18,385,-1,SOXS,1,480600000.0000,479556000.0000,40.0500,39.9630,open,time,588,955,-21.7228,open,16.3241,-38.0470,18.0738,-39.7967,
2015-12-23,1149,28,29,385,1,SOXL,1,1.8367,1.8520,27.5505,27.7800,open,time,599,955,83.3016,open,23.6459,59.6557,26.1761,57.1254,
2015-12-24,1150,21,22,205,1,SOXL,1,1.8844,1.8880,28.2660,28.3200,open,time,592,775,19.1042,open,24.8481,-5.7439,27.3223,-8.2180,
2015-12-28,1151,31,32,385,-1,SOXS,1,473040000.0000,467400000.0000,39.4200,38.9500,open,time,602,955,-119.2288,open,14.0979,-133.3267,15.8844,-135.1132,
2015-12-29,1152,15,16,385,1,SOXL,1,1.8927,1.9213,28.3905,28.8195,open,time,586,955,151.1069,open,22.9124,128.1944,25.3597,125.7472,
2015-12-30,1153,45,46,385,-1,SOXS,1,451800000.0000,461040000.0000,37.6500,38.4200,open,time,616,955,204.5153,open,14.5866,189.9287,16.4272,188.0881,
2015-12-31,1154,17,18,385,-1,SOXS,1,472920000.0000,477763200.0000,39.4100,39.8136,open,time,588,955,102.4106,open,16.5255,85.8851,18.2927,84.1179,
2016-01-04,1155,32,33,195,-1,SOXS,1,514080000.0000,507600000.0000,42.8400,42.3000,level,stop,603,765,-126.0504,open,14.1618,-140.2123,15.8062,-141.8567,
2016-01-05,1156,28,29,385,-1,SOXS,1,503400000.0000,512400000.0000,41.9500,42.7000,open,time,599,955,178.7843,open,14.3004,164.4838,15.9544,162.8298,
2016-01-06,1157,52,53,212,1,SOXL,1,1.5918,1.5400,23.8770,23.1000,level,stop,623,782,-325.4178,open,14.9770,-340.3948,17.9580,-343.3758,
2016-01-07,1158,18,19,228,1,SOXL,1,1.4573,1.4040,21.8595,21.0600,level,stop,589,798,-365.7449,open,23.2466,-388.9915,26.5096,-392.2545,
2016-01-08,1159,34,35,385,-1,SOXS,1,601920000.0000,643920000.0000,50.1600,53.6600,open,time,605,955,697.7671,open,10.7801,686.9871,12.1301,685.6371,
2016-01-11,1160,73,74,385,-1,SOXS,1,628320000.0000,629040000.0000,52.3600,52.4200,open,time,644,955,11.4591,open,9.6207,1.8384,10.9568,0.5023,
2016-01-12,1161,32,33,385,-1,SOXS,1,611758800.0000,614160000.0000,50.9799,51.1800,open,time,603,955,39.2508,open,10.8496,28.4011,12.2200,27.0307,
2016-01-13,1162,16,17,60,1,SOXL,1,1.3920,1.3633,20.8800,20.4495,level,stop,587,630,-206.1782,open,24.2122,-230.3903,27.5999,-233.7781,
2016-01-14,1163,24,25,58,-1,SOXS,1,684240000.0000,661200000.0000,57.0200,55.1000,gap,stop,595,628,-336.7240,open,13.4418,-350.1657,14.6908,-351.4147,
2016-01-15,1164,16,17,169,1,SOXL,1,1.1767,1.1120,17.6505,16.6800,level,stop,587,739,-549.8428,open,28.9512,-578.7940,33.0325,-582.8753,
2016-01-19,1165,17,18,385,-1,SOXS,1,688560000.0000,709080000.0000,57.3800,59.0900,open,time,588,955,298.0132,open,10.4287,287.5845,11.6310,286.3822,
2016-01-20,1166,28,29,251,-1,SOXS,1,741588000.0000,730920000.0000,61.7990,60.9100,gap,stop,599,821,-143.8535,open,10.6494,-154.5028,11.7903,-155.6438,
2016-01-21,1167,15,16,34,-1,SOXS,1,696000000.0000,678000000.0000,58.0000,56.5000,level,stop,586,604,-258.6207,open,13.1653,-271.7859,14.3882,-273.0089,
2016-01-22,1168,67,68,385,-1,SOXS,1,632400000.0000,632280000.0000,52.7000,52.6900,open,time,638,955,-1.8975,open,9.5641,-11.4616,10.8925,-12.7900,
2016-01-25,1169,15,16,385,-1,SOXS,1,637440000.0000,662520000.0000,53.1200,55.2100,open,time,586,955,393.4488,open,11.2272,382.2216,12.5200,380.9288,
2016-01-26,1170,16,17,47,-1,SOXS,1,657180000.0000,644926398.4298,54.7650,53.7439,level,stop,587,617,-186.4573,open,13.8915,-200.3488,15.1818,-201.6391,
2016-01-27,1171,30,31,135,-1,SOXS,1,650880000.0000,636720000.0000,54.2400,53.0600,gap,stop,601,705,-217.5516,open,12.1823,-229.7339,13.4872,-231.0388,
2016-01-28,1172,15,16,385,-1,SOXS,1,655200000.0000,666883200.0000,54.6000,55.5736,open,time,586,955,178.3150,open,10.9992,167.3158,12.2701,166.0450,
2016-01-29,1173,17,18,385,1,SOXL,1,1.2767,1.3647,19.1505,20.4705,open,time,588,955,689.2770,open,23.2759,666.0012,26.8133,662.4638,
2016-02-01,1174,42,43,385,1,SOXL,1,1.3591,1.3920,20.3865,20.8800,open,time,613,955,242.0720,open,14.7129,227.3590,18.1060,223.9659,
2016-02-02,1175,16,17,385,-1,SOXS,1,604320000.0000,625224000.0000,50.3600,52.1020,open,time,587,955,345.9095,open,11.8574,334.0521,13.2241,332.6853,
2016-02-03,1176,16,17,385,-1,SOXS,1,610560000.0000,618720000.0000,50.8800,51.5600,open,time,587,955,133.6478,open,11.8168,121.8310,13.1835,120.4643,
2016-02-04,1177,15,16,24,-1,SOXS,1,621792000.0000,606240000.0000,51.8160,50.5200,gap,stop,586,594,-250.1158,open,15.7140,-265.8298,17.0823,-267.1981,
2016-02-05,1178,16,17,385,-1,SOXS,1,612576000.0000,652561200.0000,51.0480,54.3801,open,time,587,955,652.7386,open,11.5885,641.1501,12.9177,639.8209,
2016-02-08,1179,18,19,385,-1,SOXS,1,692280000.0000,696600000.0000,57.6900,58.0500,open,time,589,955,62.4025,open,10.4523,51.9502,11.6619,50.7406,
2016-02-09,1180,15,16,385,1,SOXL,1,1.0835,1.0773,16.2525,16.1595,open,time,586,955,-57.2220,open,27.8549,-85.0769,32.1743,-89.3963,
2016-02-10,1181,49,50,346,1,SOXL,1,1.1167,1.0699,16.7505,16.0485,level,stop,620,916,-419.0920,open,21.4186,-440.5106,25.6890,-444.7810,
2016-02-11,1182,26,27,385,1,SOXL,1,1.0233,1.0347,15.3495,15.5205,open,time,597,955,111.4043,open,29.3799,82.0244,33.9152,77.4891,
2016-02-12,1183,15,16,120,-1,SOXS,1,743520000.0000,705960000.0000,61.9600,58.8300,level,stop,586,690,-505.1646,open,11.6283,-516.7929,12.7881,-517.9528,
2016-02-16,1184,71,72,385,1,SOXL,1,1.1813,1.2127,17.7195,18.1905,open,time,642,955,265.8089,open,14.0851,251.7238,17.9844,247.8245,
2016-02-17,1185,30,31,385,1,SOXL,1,1.2760,1.3007,19.1400,19.5105,open,time,601,955,193.5737,open,15.6924,177.8813,19.3149,174.2587,
2016-02-18,1186,32,33,385,-1,SOXS,1,569520000.0000,582720000.0000,47.4600,48.5600,open,time,603,955,231.7741,open,11.5710,220.2031,13.0292,218.7449,
2016-02-19,1187,15,16,35,1,SOXL,1,1.2995,1.2700,19.4925,19.0500,gap,stop,586,605,-227.0104,open,28.5736,-255.5839,32.2064,-259.2168,
2016-02-22,1188,15,16,134,1,SOXL,1,1.3727,1.3399,20.5905,20.0985,level,stop,586,704,-238.9451,open,24.5771,-263.5222,28.0183,-266.9634,
2016-02-23,1189,16,17,44,1,SOXL,1,1.3333,1.3195,19.9995,19.7925,gap,stop,587,614,-103.5026,open,27.7220,-131.2245,31.2403,-134.7429,
2016-02-24,1190,30,31,73,-1,SOXS,1,604188000.0000,590548800.0000,50.3490,49.2124,gap,stop,601,643,-225.7443,open,13.1249,-238.8692,14.5313,-240.2756,
2016-02-25,1191,18,19,249,-1,SOXS,1,553200000.0000,541320000.0000,46.1000,45.1100,gap,stop,589,819,-214.7505,open,14.2986,-229.0492,15.8337,-230.5843,
2016-02-26,1192,30,31,385,-1,SOXS,1,522000000.0000,517920000.0000,43.5000,43.1600,open,time,601,955,-78.1609,open,12.7610,-90.9219,14.3766,-92.5375,
2016-02-29,1193,84,85,331,1,SOXL,1,1.4552,1.4207,21.8280,21.3105,level,stop,655,901,-237.0808,open,14.0227,-251.1035,17.2685,-254.3493,
2016-03-01,1194,32,33,385,1,SOXL,1,1.4641,1.5200,21.9615,22.8000,open,time,603,955,381.8045,open,13.6008,368.2037,16.7296,365.0749,
2016-03-02,1195,15,16,385,1,SOXL,1,1.5407,1.5493,23.1105,23.2395,open,time,586,955,55.8188,open,19.5546,36.2642,22.5751,33.2437,
2016-03-03,1196,43,44,385,-1,SOXS,1,476280000.0000,469737600.0000,39.6900,39.1448,open,time,614,955,-137.3646,open,14.0118,-151.3764,15.7877,-153.1523,
2016-03-04,1197,15,16,56,-1,SOXS,1,470640000.0000,458040000.0000,39.2200,38.1700,level,stop,586,626,-267.7206,open,19.4534,-287.1740,21.2628,-288.9833,
2016-03-07,1198,64,65,385,1,SOXL,1,1.6007,1.6187,24.0105,24.2805,open,time,635,955,112.4508,open,10.4703,101.9805,13.3695,99.0813,
2016-03-08,1199,30,31,385,-1,SOXS,1,468000000.0000,480192000.0000,39.0000,40.0160,open,time,601,955,260.5128,open,14.0558,246.4570,15.8279,244.6849,
2016-03-09,1200,17,18,64,-1,SOXS,1,474240000.0000,471480000.0000,39.5200,39.2900,level,stop,588,634,-58.1984,open,17.8411,-76.0395,19.6175,-77.8159,
2016-03-10,1201,26,27,89,1,SOXL,1,1.6053,1.5607,24.0795,23.4105,level,stop,597,659,-277.8297,open,21.0491,-298.8788,23.9977,-301.8274,
2016-03-11,1202,19,20,385,1,SOXL,1,1.6413,1.6613,24.6195,24.9195,open,time,590,955,121.8546,open,18.3325,103.5222,21.1586,100.6960,
2016-03-14,1203,19,20,46,-1,SOXS,1,444240000.0000,437636044.4209,37.0200,36.4697,level,stop,590,616,-148.6574,open,20.4886,-169.1460,22.3938,-171.0512,
2016-03-15,1204,26,27,352,-1,SOXS,1,447360000.0000,443520000.0000,37.2800,36.9600,level,stop,597,922,-85.8369,open,17.5799,-103.4168,19.4657,-105.3026,
2016-03-16,1205,19,20,385,1,SOXL,1,1.6380,1.6807,24.5700,25.2105,open,time,590,955,260.6838,open,18.3142,242.3696,21.1270,239.5568,
2016-03-17,1206,102,103,385,1,SOXL,1,1.6813,1.7200,25.2195,25.8000,open,time,673,955,230.1790,open,9.9251,220.2539,12.6695,217.5095,
2016-03-18,1207,30,31,385,1,SOXL,1,1.7580,1.7867,26.3700,26.8005,open,time,601,955,163.2537,open,11.4152,151.8385,14.0484,149.2053,
2016-03-21,1208,25,26,228,-1,SOXS,1,408612000.0000,405000000.0000,34.0510,33.7500,gap,stop,596,798,-88.3968,open,19.2440,-107.6408,21.3089,-109.7057,
2016-03-22,1209,36,37,385,1,SOXL,1,1.7733,1.7860,26.5995,26.7900,open,time,607,955,71.6179,open,11.3512,60.2667,13.9735,57.6444,
2016-03-23,1210,27,28,385,-1,SOXS,1,407160000.0000,418800000.0000,33.9300,34.9000,open,time,598,955,285.8827,open,17.6079,268.2748,19.6423,266.2404,
2016-03-24,1211,17,18,323,-1,SOXS,1,432960000.0000,421680000.0000,36.0800,35.1400,level,stop,588,893,-260.5322,open,18.2889,-278.8210,20.2550,-280.7871,
2016-03-28,1212,16,17,385,-1,SOXS,1,424080000.0000,421560000.0000,35.3400,35.1300,open,time,587,955,-59.4228,open,17.0998,-76.5225,19.0864,-78.5092,
2016-03-29,1213,27,28,385,1,SOXL,1,1.6973,1.7760,25.4595,26.6400,open,time,598,955,463.6776,open,17.6009,446.0767,20.2894,443.3882,
2016-03-30,1214,15,16,385,1,SOXL,1,1.8493,1.8347,27.7395,27.5205,open,time,586,955,-78.9488,open,16.3493,-95.2981,18.8828,-97.8316,
2016-03-31,1215,33,34,385,-1,SOXS,1,397320000.0000,397440000.0000,33.1100,33.1200,open,time,604,955,3.0202,open,16.6997,-13.6795,18.8136,-15.7933,
2016-04-01,1216,19,20,385,1,SOXL,1,1.7754,1.8287,26.6310,27.4305,open,time,590,955,300.2140,open,16.8865,283.3275,19.4768,280.7373,
2016-04-04,1217,38,39,67,1,SOXL,1,1.8367,1.8127,27.5505,27.1905,gap,stop,609,637,-130.6691,open,12.8748,-143.5440,15.4324,-146.1016,
2016-04-05,1218,29,30,385,1,SOXL,1,1.7780,1.7553,26.6700,26.3295,open,time,600,955,-127.6715,open,11.3975,-139.0690,14.0391,-141.7106,
2016-04-06,1219,15,16,105,-1,SOXS,1,418666800.0000,409681200.0000,34.8889,34.1401,level,stop,586,675,-214.6241,open,20.3414,-234.9655,22.3697,-236.9939,
2016-04-07,1220,17,18,385,-1,SOXS,1,408118800.0000,414960000.0000,34.0099,34.5800,open,time,588,955,167.6277,open,17.6336,149.9941,19.6748,147.9528,
2016-04-08,1221,30,31,87,1,SOXL,1,1.7953,1.7694,26.9295,26.5410,gap,stop,601,657,-144.2656,open,13.1784,-157.4440,15.7968,-160.0624,
2016-04-11,1222,22,23,124,1,SOXL,1,1.8047,1.7747,27.0705,26.6205,gap,stop,593,694,-166.2326,open,18.6638,-184.8964,21.2715,-187.5041,
2016-04-12,1223,27,28,385,-1,SOXS,1,417480000.0000,411360000.0000,34.7900,34.2800,open,time,598,955,-146.5938,open,17.4208,-164.0146,19.4478,-166.0417,
2016-04-13,1224,15,16,385,1,SOXL,1,1.8007,1.8547,27.0105,27.8205,open,time,586,955,299.8834,open,16.6501,283.2333,19.2040,280.6794,
2016-04-14,1225,194,195,385,1,SOXL,1,1.8100,1.8120,27.1500,27.1800,open,time,765,955,11.0497,open,9.3029,1.7469,11.8797,-0.8300,
2016-04-15,1226,18,19,385,-1,SOXS,1,397473600.0000,401040000.0000,33.1228,33.4200,open,time,589,955,89.7267,open,18.1506,71.5761,20.2546,69.4721,
2016-04-18,1227,25,26,385,1,SOXL,1,1.7573,1.7673,26.3595,26.5095,open,time,596,955,56.9055,open,17.1502,39.7553,19.7983,37.1072,
2016-04-19,1228,16,17,385,-1,SOXS,1,405600000.0000,416400000.0000,33.8000,34.7000,open,time,587,955,266.2722,open,17.6865,248.5857,19.7306,246.5416,
2016-04-20,1229,22,23,385,1,SOXL,1,1.7153,1.7533,25.7295,26.2995,open,time,593,955,221.5356,open,17.5058,204.0297,20.1970,201.3386,
2016-04-21,1230,15,16,385,-1,SOXS,1,406800000.0000,410540400.0000,33.9000,34.2117,open,time,586,955,91.9469,open,17.7344,74.2125,19.7899,72.1571,
2016-04-22,1231,15,16,102,1,SOXL,1,1.7500,1.7167,26.2500,25.7505,gap,stop,586,672,-190.2857,open,19.2599,-209.5457,21.9525,-212.2382,
2016-04-25,1232,69,70,385,-1,SOXS,1,412920000.0000,417120000.0000,34.4100,34.7600,open,time,640,955,101.7146,open,14.5605,87.1541,16.5846,85.1300,
2016-04-26,1233,15,16,385,1,SOXL,1,1.7880,1.7647,26.8200,26.4705,open,time,586,955,-130.3132,open,16.9279,-147.2411,19.5551,-149.8683,
2016-04-27,1234,70,71,338,-1,SOXS,1,410918400.0000,387047996.0468,34.2432,32.2540,level,stop,641,908,-580.9038,open,16.6031,-597.5069,18.7104,-599.6141,
2016-04-28,1235,15,16,308,1,SOXL,1,1.7967,1.7467,26.9505,26.2005,gap,stop,586,878,-278.2880,open,16.9041,-295.1921,19.5386,-297.8266,
2016-04-29,1236,15,16,385,-1,SOXS,1,440346000.0000,449790000.0000,36.6955,37.4825,open,time,586,955,214.4677,open,16.3220,198.1457,18.2096,196.2581,
2016-05-02,1237,22,23,385,1,SOXL,1,1.5556,1.5793,23.3340,23.6895,open,time,593,955,152.3528,open,19.3267,133.0261,22.3041,130.0487,
2016-05-03,1238,26,27,385,-1,SOXS,1,450720000.0000,455004000.0000,37.5600,37.9170,open,time,597,955,95.0479,open,16.0096,79.0383,17.8645,77.1834,
2016-05-04,1239,15,16,23,-1,SOXS,1,466080000.0000,459478800.0000,38.8400,38.2899,gap,stop,586,593,-141.6323,open,20.8302,-162.4626,22.6454,-164.2778,
2016-05-05,1240,107,108,385,1,SOXL,1,1.5154,1.4813,22.7310,22.2195,open,time,678,955,-225.0231,open,11.2090,-236.2321,14.3239,-239.3470,
2016-05-06,1241,37,38,54,1,SOXL,1,1.4875,1.4500,22.3125,21.7500,gap,stop,608,624,-252.1008,open,18.2698,-270.3706,21.4476,-273.5484,
2016-05-09,1242,49,50,385,-1,SOXS,1,460920000.0000,466920000.0000,38.4100,38.9100,open,time,620,955,130.1744,open,14.3367,115.8377,16.1474,114.0270,
2016-05-10,1243,19,20,385,1,SOXL,1,1.4993,1.5357,22.4895,23.0355,open,time,590,955,242.7800,open,20.0114,222.7686,23.0871,219.6929,
2016-05-11,1244,16,17,385,1,SOXL,1,1.5445,1.5247,23.1675,22.8705,open,time,587,955,-128.1968,open,19.5877,-147.7845,22.6287,-150.8256,
2016-05-12,1245,15,16,385,-1,SOXS,1,457200000.0000,477504000.0000,38.1000,39.7920,open,time,586,955,444.0945,open,15.6085,428.4860,17.4067,426.6878,
2016-05-13,1246,15,16,63,1,SOXL,1,1.4913,1.4480,22.3695,21.7200,gap,stop,586,633,-290.3507,open,22.6632,-313.0139,25.8393,-316.1900,
2016-05-16,1247,20,21,385,1,SOXL,1,1.5087,1.5313,22.6305,22.9695,open,time,591,955,149.7978,open,19.9270,129.8708,22.9974,126.8004,
2016-05-17,1248,15,16,76,-1,SOXS,1,456961200.0000,450480000.0000,38.0801,37.5400,gap,stop,586,646,-141.8326,open,18.5813,-160.4139,20.4327,-162.2653,
2016-05-18,1249,24,25,385,1,SOXL,1,1.5490,1.5620,23.2350,23.4300,open,time,595,955,83.9251,open,19.4380,64.4871,22.4382,61.4870,
2016-05-19,1250,24,25,385,-1,SOXS,1,442680000.0000,442320000.0000,36.8900,36.8600,open,time,595,955,-8.1323,open,16.3553,-24.4875,18.2536,-26.3858,
2016-05-20,1251,16,17,385,1,SOXL,1,1.6645,1.6820,24.9675,25.2300,open,time,587,955,105.1367,open,18.0843,87.0524,20.8733,84.2633,
2016-05-24,1253,18,19,385,1,SOXL,1,1.7747,1.8447,26.6205,27.6705,open,time,589,955,394.4329,open,16.8597,377.5732,19.4394,374.9935,
2016-05-25,1254,15,16,212,-1,SOXS,1,364918800.0000,357600000.0000,30.4099,29.8000,level,stop,586,782,-200.5597,open,21.6375,-222.1972,23.9629,-224.5226,
2016-05-26,1255,23,24,385,-1,SOXS,1,359638800.0000,355560000.0000,29.9699,29.6300,open,time,594,955,-113.4138,open,20.1915,-133.6053,22.5406,-135.9544,
2016-05-27,1256,16,17,385,1,SOXL,1,1.9227,1.9293,28.8405,28.9395,open,time,587,955,34.3267,open,15.6871,18.6396,18.1101,16.2166,
2016-05-31,1257,70,71,380,-1,SOXS,1,347930400.0000,343497247.3403,28.9942,28.6248,level,stop,641,950,-127.4149,open,17.4303,-144.8452,19.8601,-147.2751,
2016-06-01,1258,26,27,35,-1,SOXS,1,346920000.0000,342600000.0000,28.9100,28.5500,gap,stop,597,605,-124.5244,open,26.1918,-150.7162,28.6283,-153.1527,
2016-06-02,1259,18,19,295,-1,SOXS,1,341760000.0000,337080000.0000,28.4800,28.0900,level,stop,589,865,-136.9382,open,23.0422,-159.9804,25.5171,-162.4553,
2016-06-03,1260,16,17,385,-1,SOXS,1,333412800.0000,333120000.0000,27.7844,27.7600,open,time,587,955,-8.7819,open,21.6990,-30.4809,24.2195,-33.0014,
2016-06-06,1261,15,16,51,1,SOXL,1,2.0346,2.0120,30.5190,30.1800,gap,stop,586,621,-111.0783,open,18.1892,-129.2676,20.4958,-131.5741,
2016-06-07,1262,18,19,385,1,SOXL,1,2.0433,2.0547,30.6495,30.8205,open,time,589,955,55.7921,open,14.7572,41.0349,17.0348,38.7573,
2016-06-08,1263,15,16,385,-1,SOXS,1,328204800.0000,326520000.0000,27.3504,27.2100,open,time,586,955,-51.3338,open,22.0740,-73.4078,24.6400,-75.9738,
2016-06-09,1264,19,20,385,1,SOXL,1,2.0253,2.0600,30.3795,30.9000,open,time,590,955,171.3326,open,14.8502,156.4824,17.1350,154.1976,
2016-06-10,1265,263,264,385,-1,SOXS,1,343200000.0000,341760000.0000,28.6000,28.4800,open,time,834,955,-41.9580,open,15.8604,-57.8184,18.3131,-60.2711,
2016-06-13,1266,17,18,380,1,SOXL,1,1.9727,1.9207,29.5905,28.8105,level,stop,588,950,-263.5981,open,15.3952,-278.9933,17.7928,-281.3910,
2016-06-14,1267,31,32,54,1,SOXL,1,1.9347,1.9007,29.0205,28.5105,level,stop,602,624,-175.7378,open,14.0032,-189.7411,16.4369,-192.1747,
2016-06-15,1268,25,26,385,-1,SOXS,1,347400000.0000,348720000.0000,28.9500,29.0600,open,time,596,955,37.9965,open,20.7950,17.2016,23.2084,14.7882,
2016-06-16,1269,29,30,189,-1,SOXS,1,362035200.0000,355795079.4859,30.1696,29.6496,level,stop,600,759,-172.3623,open,20.1277,-192.4900,22.4683,-194.8306,
2016-06-17,1270,28,29,385,-1,SOXS,1,357840000.0000,356280000.0000,29.8200,29.6900,open,time,599,955,-43.5949,open,20.2449,-63.8398,22.5974,-66.1923,
2016-06-20,1271,49,50,358,1,SOXL,1,1.9827,1.9453,29.7405,29.1795,gap,stop,620,928,-188.6317,open,11.9610,-200.5926,14.3373,-202.9690,
2016-06-21,1272,79,80,385,-1,SOXS,1,342600000.0000,339960000.0000,28.5500,28.3300,open,time,650,955,-77.0578,open,17.6644,-94.7222,20.1258,-97.1836,
2016-06-22,1273,19,20,219,1,SOXL,1,1.9973,1.9533,29.9595,29.2995,gap,stop,590,789,-220.2974,open,16.8973,-237.1948,19.2602,-239.5576,
2016-06-23,1274,54,55,385,1,SOXL,1,2.0387,2.0973,30.5805,31.4595,open,time,625,955,287.4381,open,9.8111,277.6269,12.0682,275.3699,
2016-06-24,1275,194,195,385,-1,SOXS,1,361146000.0000,364078800.0000,30.0955,30.3399,open,time,765,955,81.2082,open,14.9927,66.2154,17.3093,63.8989,
2016-06-27,1276,29,30,385,-1,SOXS,1,399960000.0000,412438800.0000,33.3300,34.3699,open,time,600,955,312.0012,open,16.4089,295.5923,18.4774,293.5238,
2016-06-28,1277,18,19,99,1,SOXL,1,1.6473,1.6080,24.7095,24.1200,level,stop,589,669,-238.5722,open,20.4884,-259.0606,23.3559,-261.9281,
2016-06-29,1278,32,33,385,1,SOXL,1,1.7467,1.7640,26.2005,26.4600,open,time,603,955,99.0439,open,11.5129,87.5310,14.1715,84.8724,
2016-06-30,1279,39,40,385,1,SOXL,1,1.7841,1.8440,26.7615,27.6600,open,time,610,955,335.7435,open,11.1868,324.5568,13.7600,321.9835,
2016-07-05,1281,15,16,385,-1,SOXS,1,365400000.0000,364320000.0000,30.4500,30.3600,open,time,586,955,-29.5567,open,19.8177,-49.3744,22.1200,-51.6766,
2016-07-06,1282,31,32,385,1,SOXL,1,1.6900,1.7127,25.3500,25.6905,open,time,602,955,134.3195,open,11.8836,122.4359,14.6267,119.6928,
2016-07-07,1283,17,18,385,1,SOXL,1,1.7787,1.7773,26.6805,26.6595,open,time,588,955,-7.8709,open,16.9690,-24.8399,19.5936,-27.4646,
2016-07-08,1284,15,16,385,1,SOXL,1,1.8860,1.9260,28.2900,28.8900,open,time,586,955,212.0891,open,15.9293,196.1598,18.3779,193.7111,
2016-07-13,1287,19,20,62,-1,SOXS,1,296628000.0000,292800000.0000,24.7190,24.4000,level,stop,590,632,-129.0505,open,28.5812,-157.6318,31.4316,-160.4821,
2016-07-14,1288,15,16,385,-1,SOXS,1,295440000.0000,288960000.0000,24.6200,24.0800,open,time,586,955,-219.3339,open,24.6576,-243.9915,27.5327,-246.8666,
2016-07-15,1289,83,84,385,1,SOXL,1,2.1280,2.1153,31.9200,31.7295,open,time,654,955,-59.6805,open,7.9429,-67.6233,10.1424,-69.8229,
2016-07-18,1290,47,48,385,1,SOXL,1,2.2200,2.2107,33.3000,33.1605,open,time,618,955,-41.8919,open,9.1118,-51.0037,11.2184,-53.1103,
2016-07-19,1291,23,24,385,-1,SOXS,1,281400000.0000,280680000.0000,23.4500,23.3900,open,time,594,955,-25.5864,open,25.7148,-51.3012,28.7037,-54.2901,
2016-07-20,1292,17,18,385,1,SOXL,1,2.2247,2.2960,33.3705,34.4400,open,time,588,955,320.4927,open,13.4807,307.0120,15.5457,304.9469,
2016-07-21,1293,26,27,35,-1,SOXS,1,267480000.0000,266400000.0000,22.2900,22.2000,gap,stop,597,605,-40.3769,open,33.8206,-74.1974,36.9674,-77.3442,
2016-07-22,1294,30,31,385,1,SOXL,1,2.2340,2.2753,33.5100,34.1295,open,time,601,955,184.8702,open,8.9875,175.8827,11.0574,173.8127,
2016-07-25,1295,17,18,385,1,SOXL,1,2.3287,2.3133,34.9305,34.6995,open,time,588,955,-66.1313,open,12.9902,-79.1216,15.0009,-81.1322,
2016-07-26,1296,18,19,385,1,SOXL,1,2.4535,2.5760,36.8025,38.6400,open,time,589,955,499.2867,open,12.1829,487.1039,14.0397,485.2471,
2016-07-27,1297,17,18,385,-1,SOXS,1,231240000.0000,233280000.0000,19.2700,19.4400,open,time,588,955,88.2200,open,31.1636,57.0564,34.7803,53.4397,
2016-07-28,1298,19,20,385,1,SOXL,1,2.5620,2.5457,38.4300,38.1855,open,time,590,955,-63.6222,open,11.8113,-75.4335,13.6386,-77.2608,
2016-07-29,1299,17,18,385,-1,SOXS,1,240108000.0000,239640000.0000,20.0090,19.9700,open,time,588,955,-19.4912,open,30.1221,-49.6134,33.6240,-53.1152,
2016-08-01,1300,98,99,161,1,SOXL,1,2.5393,2.5000,38.0895,37.5000,gap,stop,669,731,-154.7671,open,8.0238,-162.7908,9.8760,-164.6430,
2016-08-02,1301,27,28,385,-1,SOXS,1,244320000.0000,250560000.0000,20.3600,20.8800,open,time,598,955,255.4028,open,29.3382,226.0646,32.7335,222.6693,
2016-08-03,1302,152,153,385,1,SOXL,1,2.3952,2.3993,35.9280,35.9895,open,time,723,955,17.1176,open,7.0407,10.0768,8.9874,8.1302,
2016-08-04,1303,15,16,385,1,SOXL,1,2.4547,2.4727,36.8205,37.0905,open,time,586,955,73.3287,open,12.2877,61.0410,14.1819,59.1468,
2016-08-05,1304,18,19,385,1,SOXL,1,2.5400,2.5687,38.1000,38.5305,open,time,589,955,112.9921,open,11.8664,101.1257,13.6934,99.2987,
2016-08-08,1305,16,17,385,-1,SOXS,1,231480000.0000,234334800.0000,19.2900,19.5279,open,time,587,955,123.3281,open,31.0955,92.2327,34.7022,88.6260,
2016-08-09,1306,116,117,385,1,SOXL,1,2.6473,2.6273,39.7095,39.4095,open,time,687,955,-75.5487,open,6.3989,-81.9476,8.1684,-83.7171,
2016-08-10,1307,49,50,385,-1,SOXS,1,232560000.0000,232920000.0000,19.3800,19.4100,open,time,620,955,15.4799,open,28.4818,-13.0019,32.0910,-16.6111,
2016-08-11,1308,29,30,261,-1,SOXS,1,230778000.0000,229800000.0000,19.2315,19.1500,level,stop,600,831,-42.3784,open,31.3730,-73.7514,35.0206,-77.3990,
2016-08-12,1309,62,63,385,1,SOXL,1,2.6415,2.6347,39.6225,39.5205,open,time,633,955,-25.7429,open,6.4000,-32.1429,8.1689,-33.9119,
2016-08-15,1310,16,17,385,1,SOXL,1,2.6913,2.7439,40.3695,41.1585,open,time,587,955,195.4446,open,11.1821,184.2625,12.8995,182.5451,
2016-08-17,1312,137,138,385,-1,SOXS,1,225120000.0000,222000000.0000,18.7600,18.5000,open,time,708,955,-138.5928,open,26.9236,-165.5163,30.6811,-169.2739,
2016-08-18,1313,82,83,385,1,SOXL,1,2.7220,2.7381,40.8300,41.0715,open,time,653,955,59.1477,open,6.1912,52.9565,7.9006,51.2471,
2016-08-19,1314,27,28,385,1,SOXL,1,2.7767,2.8140,41.6505,42.2100,open,time,598,955,134.3321,open,10.8542,123.4780,12.5237,121.8084,
2016-08-22,1315,20,21,43,-1,SOXS,1,214053600.0000,212400000.0000,17.8378,17.7000,level,stop,591,613,-77.2517,open,42.3227,-119.5744,46.2623,-123.5140,
2016-08-23,1316,334,335,385,-1,SOXS,1,207900000.0000,207960000.0000,17.3250,17.3300,open,time,905,955,2.8860,open,26.0967,-23.2107,30.1365,-27.2505,
2016-08-24,1317,75,76,385,-1,SOXS,1,209376000.0000,213960000.0000,17.4480,17.8300,open,time,646,955,218.9363,open,28.5349,190.4014,32.5039,186.4324,
2016-08-25,1318,74,75,385,1,SOXL,1,2.8193,2.8147,42.2895,42.2205,open,time,645,955,-16.3161,open,5.9973,-22.3134,7.6539,-23.9700,
2016-08-26,1319,15,16,156,1,SOXL,1,2.8777,2.8413,43.1655,42.6195,level,stop,586,726,-126.4899,open,11.7093,-138.1993,13.3414,-139.8313,
2016-08-29,1320,135,136,385,1,SOXL,1,2.9213,2.8940,43.8195,43.4100,open,time,706,955,-93.4515,open,5.8077,-99.2592,7.4127,-100.8642,
2016-08-30,1321,35,36,62,1,SOXL,1,2.9403,2.8973,44.1045,43.4595,level,stop,606,632,-146.2436,open,8.0671,-154.3107,9.6660,-155.9096,
2016-08-31,1322,65,66,385,-1,SOXS,1,209760000.0000,207000000.0000,17.4800,17.2500,open,time,636,955,-131.5789,open,28.8830,-160.4620,32.9143,-164.4933,
2016-09-01,1323,16,17,51,1,SOXL,1,2.9138,2.8740,43.7070,43.1100,gap,stop,587,621,-136.5914,open,12.7283,-149.3197,14.3410,-150.9324,
2016-09-02,1324,17,18,385,-1,SOXS,1,204600000.0000,202920000.0000,17.0500,16.9100,open,time,588,955,-82.1114,open,35.4156,-117.5270,39.5382,-121.6496,
2016-09-06,1325,33,34,385,-1,SOXS,1,202980000.0000,204720000.0000,16.9150,17.0600,open,time,604,955,85.7227,open,32.5422,53.1805,36.6630,49.0598,
2016-09-07,1326,39,40,385,-1,SOXS,1,205560000.0000,208944000.0000,17.1300,17.4120,open,time,610,955,164.6235,open,32.0440,132.5795,36.0973,128.5262,
2016-09-08,1327,40,41,65,-1,SOXS,1,213000000.0000,210000000.0000,17.7500,17.5000,level,stop,611,635,-140.8451,open,36.9865,-177.8315,40.9583,-181.8034,
2016-09-09,1328,31,32,385,-1,SOXS,1,219140400.0000,231654000.0000,18.2617,19.3045,open,time,602,955,571.0312,open,29.6444,541.3868,33.3740,537.6571,
2016-09-12,1329,27,28,385,1,SOXL,1,2.5227,2.6593,37.8405,39.8895,open,time,598,955,541.4833,open,11.8399,529.6435,13.6422,527.8411,
2016-09-13,1330,31,32,385,-1,SOXS,1,222841200.0000,223320000.0000,18.5701,18.6100,open,time,602,955,21.4862,open,29.7153,-8.2291,33.4807,-11.9946,
2016-09-14,1331,20,21,54,-1,SOXS,1,225882000.0000,222024000.0000,18.8235,18.5020,level,stop,591,624,-170.7971,open,40.2882,-211.0853,44.0392,-214.8364,
2016-09-15,1332,21,22,385,1,SOXL,1,2.7280,2.8433,40.9200,42.6495,open,time,592,955,422.6540,open,10.9794,411.6745,12.6554,409.9985,
2016-09-16,1333,23,24,385,-1,SOXS,1,204000000.0000,202800000.0000,17.0000,16.9000,open,time,594,955,-58.8235,open,35.4917,-94.3152,39.6215,-98.4450,
2016-09-19,1334,17,18,93,1,SOXL,1,2.9473,2.8993,44.2095,43.4895,level,stop,588,663,-162.8609,open,11.4469,-174.3078,13.0433,-175.9043,
2016-09-20,1335,45,46,385,-1,SOXS,1,202219200.0000,204120000.0000,16.8516,17.0100,open,time,616,955,93.9970,open,32.6548,61.3423,36.7893,57.2077,
2016-09-21,1336,20,21,124,1,SOXL,1,2.8953,2.8587,43.4295,42.8805,level,stop,591,694,-126.4118,open,11.6384,-138.0502,13.2606,-139.6723,
2016-09-22,1337,16,17,39,1,SOXL,1,3.0220,2.9867,45.3300,44.8005,level,stop,587,609,-116.8101,open,12.2654,-129.0755,13.8188,-130.6288,
2016-09-23,1338,17,18,385,-1,SOXS,1,197280000.0000,199680000.0000,16.4400,16.6400,open,time,588,955,121.6545,open,36.4793,85.1752,40.7116,80.9429,
2016-09-26,1339,45,46,385,1,SOXL,1,2.8243,2.7880,42.3645,41.8200,open,time,616,955,-128.5274,open,7.1942,-135.7216,8.8573,-137.3847,
2016-09-27,1340,22,23,385,1,SOXL,1,2.8360,2.9340,42.5400,44.0100,open,time,593,955,345.5571,open,10.5803,334.9768,12.1983,333.3588,
2016-09-28,1341,15,16,69,1,SOXL,1,2.9791,2.9413,44.6865,44.1195,level,stop,586,639,-126.8840,open,11.3127,-138.1966,12.8892,-139.7732,
2016-09-29,1342,36,37,220,-1,SOXS,1,196500000.0000,194050317.5134,16.3750,16.1709,level,stop,607,790,-124.6658,open,36.9653,-161.6311,41.2671,-165.9329,
2016-09-30,1343,19,20,385,1,SOXL,1,3.1833,3.2320,47.7495,48.4800,open,time,590,955,152.9859,open,9.4704,143.5155,10.9254,142.0605,
2016-10-03,1344,51,52,385,-1,SOXS,1,178256400.0000,181920000.0000,14.8547,15.1600,open,time,622,955,205.5242,open,36.8909,168.6332,41.5558,163.9684,
2016-10-04,1345,16,17,40,1,SOXL,1,3.2053,3.1707,48.0795,47.5605,level,stop,587,610,-107.9462,open,11.5631,-119.5093,13.0270,-120.9732,
2016-10-05,1346,15,16,385,1,SOXL,1,3.1778,3.1847,47.6670,47.7705,open,time,586,955,21.7131,open,9.5142,12.1990,10.9811,10.7320,
2016-10-06,1347,15,16,140,-1,SOXS,1,180720000.0000,178680000.0000,15.0600,14.8900,gap,stop,586,710,-112.8818,open,46.8465,-159.7283,51.5211,-164.4029,
2016-10-07,1348,16,17,385,-1,SOXS,1,179400000.0000,176640000.0000,14.9500,14.7200,open,time,587,955,-153.8462,open,40.4821,-194.3283,45.2010,-199.0471,
2016-10-10,1349,54,55,385,-1,SOXS,1,175080000.0000,179520000.0000,14.5900,14.9600,open,time,625,955,253.5984,open,37.4959,216.1024,42.2344,211.3640,
2016-10-11,1350,21,22,385,-1,SOXS,1,186600000.0000,190920000.0000,15.5500,15.9100,open,time,592,955,231.5113,open,38.4269,193.0844,42.8776,188.6337,
2016-10-13,1352,18,19,385,-1,SOXS,1,204600000.0000,200160000.0000,17.0500,16.6800,open,time,589,955,-217.0088,open,35.5798,-252.5886,39.7309,-256.7397,
2016-10-14,1353,15,16,172,1,SOXL,1,2.9833,2.9053,44.7495,43.5795,gap,stop,586,742,-261.4554,open,11.3441,-272.7996,12.9294,-274.3848,
2016-10-17,1354,53,54,162,1,SOXL,1,2.9333,2.8880,43.9995,43.3200,gap,stop,624,732,-154.4336,open,8.0891,-162.5227,9.6925,-164.1261,
2016-10-18,1355,93,94,385,1,SOXL,1,2.9900,2.9600,44.8500,44.4000,open,time,664,955,-100.3344,open,5.6770,-106.0115,7.2457,-107.5801,
2016-10-19,1356,63,64,385,1,SOXL,1,2.8855,2.9280,43.2825,43.9200,open,time,634,955,147.2882,open,5.8231,141.4651,7.4286,139.8596,
2016-10-20,1357,17,18,60,1,SOXL,1,2.9467,2.8881,44.2005,43.3215,level,stop,588,630,-198.8665,open,11.4620,-210.3285,13.0617,-211.9282,
2016-10-21,1358,25,26,385,1,SOXL,1,2.9446,2.9627,44.1690,44.4405,open,time,596,955,61.4685,open,10.2546,51.2139,11.8345,49.6339,
2016-10-24,1359,15,16,385,1,SOXL,1,3.0633,3.1200,45.9495,46.8000,open,time,586,955,185.0945,open,9.8326,175.2619,11.3422,173.7523,
2016-10-25,1360,21,22,56,1,SOXL,1,3.1574,3.1080,47.3610,46.6200,level,stop,592,626,-156.4578,open,11.7589,-168.2168,13.2487,-169.7065,
2016-10-26,1361,53,54,385,1,SOXL,1,3.0947,3.0956,46.4205,46.4340,open,time,624,955,2.9082,open,6.5410,-3.6328,8.0488,-5.1406,
2016-10-27,1362,39,40,385,-1,SOXS,1,177960000.0000,184440000.0000,14.8300,15.3700,open,time,610,955,364.1268,open,36.7488,327.3780,41.3860,322.7408,
2016-10-28,1363,15,16,219,1,SOXL,1,3.1193,3.0647,46.7895,45.9705,level,stop,586,789,-175.0393,open,10.8226,-185.8618,12.3319,-187.3712,
2016-10-31,1364,19,20,64,1,SOXL,1,3.0810,3.0433,46.2150,45.6495,gap,stop,590,634,-122.3629,open,10.9387,-133.3016,12.4627,-134.8256,
2016-11-01,1365,16,17,385,-1,SOXS,1,182760000.0000,189480000.0000,15.2300,15.7900,open,time,587,955,367.6953,open,39.0635,328.6318,43.5782,324.1171,
2016-11-02,1366,15,16,182,1,SOXL,1,3.0173,2.9450,45.2595,44.1750,gap,stop,586,752,-239.6182,open,11.2092,-250.8274,12.7748,-252.3930,
2016-11-03,1367,16,17,385,-1,SOXS,1,193440000.0000,194760000.0000,16.1200,16.2300,open,time,587,955,68.2382,open,37.2679,30.9704,41.5956,26.6426,
2016-11-04,1368,75,76,385,1,SOXL,1,2.8547,2.8413,42.8205,42.6195,open,time,646,955,-46.9401,open,5.9308,-52.8710,7.5694,-54.5096,
2016-11-07,1369,54,55,385,1,SOXL,1,3.0067,3.0789,45.1005,46.1835,open,time,625,955,240.1304,open,6.6790,233.4514,8.2129,231.9175,
2016-11-08,1370,22,23,112,-1,SOXS,1,183840000.0000,179400000.0000,15.3200,14.9500,level,stop,593,682,-241.5144,open,46.3145,-287.8289,50.9402,-292.4546,
2016-11-09,1371,15,16,385,1,SOXL,1,2.9673,3.0500,44.5095,45.7500,open,time,586,955,278.7045,open,10.1287,268.5758,11.6801,267.0245,
2016-11-10,1372,15,16,37,1,SOXL,1,3.1688,3.0720,47.5320,46.0800,level,stop,586,607,-305.4784,open,11.7829,-317.2614,13.2788,-318.7573,
2016-11-11,1373,36,37,385,1,SOXL,1,3.1140,3.1867,46.7100,47.8005,open,time,607,955,233.4618,open,6.4520,227.0098,7.9335,225.5283,
2016-11-14,1374,29,30,385,-1,SOXS,1,172800000.0000,174360000.0000,14.4000,14.5300,open,time,600,955,90.2778,open,38.2107,52.0671,43.0500,47.2278,
2016-11-15,1375,18,19,385,1,SOXL,1,3.2073,3.3187,48.1095,49.7805,open,time,589,955,347.3326,open,9.3610,337.9716,10.7916,336.5411,
2016-11-16,1376,77,78,385,1,SOXL,1,3.3727,3.4163,50.5905,51.2445,open,time,648,955,129.2733,open,4.9928,124.2805,6.3676,122.9057,
2016-11-17,1377,101,102,385,1,SOXL,1,3.5227,3.5318,52.8405,52.9770,open,time,672,955,25.8325,open,4.8019,21.0306,6.1249,19.7075,
2016-11-18,1378,22,23,385,1,SOXL,1,3.5667,3.6020,53.5005,54.0300,open,time,593,955,98.9710,open,8.4679,90.5032,9.7699,89.2012,
2016-11-21,1379,53,54,385,-1,SOXS,1,149400000.0000,147240000.0000,12.4500,12.2700,open,time,624,955,-144.5783,open,44.5693,-189.1476,50.2330,-194.8114,
2016-11-22,1380,23,24,385,1,SOXL,1,3.8100,3.8073,57.1500,57.1095,open,time,594,955,-7.0866,open,7.9490,-15.0356,9.1743,-16.2609,
2016-11-23,1381,47,48,385,1,SOXL,1,3.8100,3.8147,57.1500,57.2205,open,time,618,955,12.3360,open,5.3209,7.0151,6.5450,5.7910,
2016-11-25,1382,49,50,205,-1,SOXS,1,143040000.0000,141240000.0000,11.9200,11.7700,open,time,620,775,-125.8389,open,50.7643,-176.6032,56.6742,-182.5131,
2016-11-28,1383,20,21,385,1,SOXL,1,3.8274,3.7917,57.4110,56.8755,open,time,591,955,-93.2748,open,7.9285,-101.2033,9.1535,-102.4283,
2016-11-29,1384,16,17,52,-1,SOXS,1,144360000.0000,142680000.0000,12.0300,11.8900,gap,stop,587,622,-116.3757,open,62.8470,-179.2228,68.7001,-185.0758,
2016-11-30,1385,42,43,55,1,SOXL,1,3.7994,3.7398,56.9910,56.0970,gap,stop,613,625,-156.8669,open,7.1488,-164.0156,8.3868,-165.2537,
2016-12-01,1386,16,17,385,-1,SOXS,1,149880000.0000,168094800.0000,12.4900,14.0079,open,time,587,955,1215.2922,open,46.4471,1168.8452,51.7479,1163.5443,
2016-12-02,1387,97,98,385,1,SOXL,1,3.2733,3.2827,49.0995,49.2405,open,time,668,955,28.7172,open,5.1633,23.5539,6.5869,22.1303,
2016-12-05,1388,24,25,385,1,SOXL,1,3.3953,3.4107,50.9295,51.1605,open,time,595,955,45.3568,open,8.9033,36.4535,10.2746,35.0822,
2016-12-06,1389,21,22,385,1,SOXL,1,3.5100,3.5487,52.6500,53.2305,open,time,592,955,110.2564,open,8.6017,101.6547,9.9240,100.3324,
2016-12-07,1390,26,27,45,-1,SOXS,1,150120000.0000,147298683.3226,12.5100,12.2749,level,stop,597,615,-187.9374,open,60.6448,-248.5822,66.2939,-254.2314,
2016-12-08,1391,94,95,385,1,SOXL,1,3.8767,3.8667,58.1505,58.0005,open,time,665,955,-25.7951,open,4.3771,-30.1722,5.5824,-31.3775,
2016-12-09,1392,15,16,385,-1,SOXS,1,135600000.0000,137640000.0000,11.3000,11.4700,open,time,586,955,150.4425,open,52.9994,97.4431,59.1481,91.2943,
2016-12-12,1393,18,19,56,1,SOXL,1,3.7960,3.7100,56.9400,55.6500,level,stop,589,626,-226.5543,open,9.8151,-236.3693,11.0587,-237.6130,
2016-12-13,1394,18,19,385,1,SOXL,1,3.8327,3.8560,57.4905,57.8400,open,time,589,955,60.7927,open,7.8903,52.9023,9.1043,51.6884,
2016-12-14,1395,62,63,284,1,SOXL,1,3.9120,3.8380,58.6800,57.5700,level,stop,633,854,-189.1616,open,5.2353,-194.3969,6.4398,-195.6013,
2016-12-15,1396,15,16,385,1,SOXL,1,3.9673,4.0644,59.5095,60.9660,open,time,586,955,244.7508,open,7.5940,237.1568,8.7562,235.9946,
2016-12-16,1397,25,26,385,-1,SOXS,1,129000000.0000,133200000.0000,10.7500,11.1000,open,time,596,955,325.5814,open,55.3954,270.1860,61.8044,263.7770,
2016-12-19,1398,19,20,385,1,SOXL,1,4.0227,4.0350,60.3405,60.5250,open,time,590,955,30.5765,open,7.5251,23.0514,8.6834,21.8931,
2016-12-21,1400,29,30,52,-1,SOXS,1,125280000.0000,123720000.0000,10.4400,10.3100,level,stop,600,622,-124.5211,open,67.6496,-192.1707,74.3969,-198.9179,
2016-12-22,1401,86,87,385,-1,SOXS,1,122520000.0000,123480000.0000,10.2100,10.2900,open,time,657,955,78.3546,open,48.9966,29.3579,55.8260,22.5285,
2016-12-23,1402,16,17,385,1,SOXL,1,4.0367,4.0880,60.5505,61.3200,open,time,587,955,127.0840,open,7.4833,119.6007,8.6321,118.4519,
2016-12-27,1403,15,16,385,1,SOXL,1,4.2067,4.2477,63.1005,63.7155,open,time,586,955,97.4636,open,7.1876,90.2760,8.2916,89.1720,
2016-12-29,1405,16,17,376,-1,SOXS,1,126240000.0000,123720000.0000,10.5200,10.3100,level,stop,587,946,-199.6198,open,57.5985,-257.2183,64.3203,-263.9401,
2016-12-30,1406,26,27,385,-1,SOXS,1,126120000.0000,130200000.0000,10.5100,10.8500,open,time,597,955,323.5014,open,56.6630,266.8384,63.2190,260.2825,
2017-01-03,1407,36,37,133,1,SOXL,1,3.9293,3.7977,58.9395,56.9655,level,stop,607,703,-334.9197,open,20.7276,-355.6474,21.9359,-356.8556,
2017-01-04,1408,23,24,385,-1,SOXS,1,128280000.0000,127920000.0000,10.6900,10.6600,open,time,594,955,-28.0636,open,32.9402,-61.0038,39.4975,-67.5612,
2017-01-05,1409,15,16,95,1,SOXL,1,3.8647,3.8167,57.9705,57.2505,gap,stop,586,665,-124.2011,open,25.1949,-149.3960,26.4100,-150.6111,
2017-01-06,1410,31,32,385,1,SOXL,1,3.7853,3.8367,56.7795,57.5505,open,time,602,955,135.7884,open,19.3524,116.4360,20.5770,115.2115,
2017-01-09,1411,23,24,385,1,SOXL,1,3.9533,3.9633,59.2995,59.4495,open,time,594,955,25.2953,open,22.8216,2.4737,24.0006,1.2947,
2017-01-10,1412,53,54,83,-1,SOXS,1,124318800.0000,122099325.9564,10.3599,10.1749,level,stop,624,653,-178.5308,open,39.0524,-217.5832,45.8706,-224.4014,
2017-01-11,1413,29,30,385,1,SOXL,1,4.0113,4.0460,60.1695,60.6900,open,time,600,955,86.5056,open,18.2971,68.2085,19.4555,67.0501,
2017-01-12,1414,20,21,385,-1,SOXS,1,127320000.0000,124320000.0000,10.6100,10.3600,open,time,591,955,-235.6268,open,33.3917,-269.0184,40.0688,-275.6956,
2017-01-13,1415,15,16,385,1,SOXL,1,4.0030,4.0233,60.0450,60.3495,open,time,586,955,50.7120,open,22.5221,28.1899,23.6849,27.0270,
2017-01-17,1416,18,19,385,-1,SOXS,1,125400000.0000,127920000.0000,10.4500,10.6600,open,time,589,955,200.9569,open,33.4773,167.4797,40.1098,160.8471,
2017-01-18,1417,17,18,385,1,SOXL,1,3.9707,3.9840,59.5605,59.7600,open,time,588,955,33.4954,open,22.7164,10.7790,23.8897,9.6057,
2017-01-19,1418,17,18,329,1,SOXL,1,4.0480,3.9320,60.7200,58.9800,level,stop,588,899,-286.5613,open,23.3483,-309.9096,24.5182,-311.0794,
2017-01-24,1421,16,17,385,1,SOXL,1,4.1399,4.2533,62.0985,63.7995,open,time,587,955,273.9197,open,21.6393,252.2804,22.7515,251.1682,
2017-01-27,1424,73,74,385,1,SOXL,1,4.4927,4.5113,67.3905,67.6695,open,time,644,955,41.4005,open,13.4007,27.9998,14.4373,26.9632,
2017-02-02,1428,19,20,385,1,SOXL,1,4.4300,4.4680,66.4500,67.0200,open,time,590,955,85.7788,open,20.3352,65.4436,21.3842,64.3946,
2017-02-06,1430,116,117,385,1,SOXL,1,4.5847,4.5913,68.7705,68.8695,open,time,687,955,14.3957,open,13.1485,1.2472,14.1657,0.2300,
2017-02-07,1431,19,20,172,1,SOXL,1,4.6798,4.6167,70.1970,69.2505,gap,stop,590,742,-134.8348,open,20.1013,-154.9361,21.1053,-155.9401,
2017-02-21,1440,15,16,385,1,SOXL,1,4.8827,4.9220,73.2405,73.8300,open,time,586,955,80.4883,open,18.4574,62.0308,19.4094,61.0789,
2017-02-24,1443,21,22,385,1,SOXL,1,4.5540,4.6627,68.3100,69.9405,open,time,592,955,238.6913,open,19.6959,218.9953,20.7087,217.9825,
2017-02-27,1444,15,16,385,1,SOXL,1,4.6967,4.7980,70.4505,71.9700,open,time,586,955,215.6834,open,19.1116,196.5718,20.0947,195.5887,
2017-03-07,1450,34,35,385,1,SOXL,1,4.7027,4.7153,70.5405,70.7295,open,time,605,955,26.7931,open,15.6481,11.1450,16.6391,10.1540,
2017-03-08,1451,15,16,133,1,SOXL,1,4.8480,4.7667,72.7200,71.5005,level,stop,586,703,-167.6980,open,20.1259,-187.8240,21.0968,-188.7948,
2017-03-09,1452,16,17,385,1,SOXL,1,4.7520,4.7713,71.2800,71.5695,open,time,587,955,40.6145,open,18.9859,21.6286,19.9659,20.6486,
2017-03-10,1453,27,28,385,1,SOXL,1,4.9333,4.9347,73.9995,74.0205,open,time,598,955,2.8379,open,18.3104,-15.4725,19.2562,-16.4184,
2017-03-20,1459,17,18,385,1,SOXL,1,5.1861,5.2480,77.7915,78.7200,open,time,588,955,119.3575,open,17.3609,101.9966,18.2555,101.1020,
2017-03-22,1461,16,17,61,1,SOXL,1,4.9608,4.8447,74.4120,72.6705,level,stop,587,631,-234.0348,open,19.7160,-253.7509,20.6680,-254.7028,
2017-03-27,1464,45,46,385,1,SOXL,1,5.0177,5.1487,75.2655,77.2305,open,time,616,955,261.0758,open,14.5475,246.5282,15.4658,245.6100,
2017-03-30,1467,18,19,385,1,SOXL,1,5.2153,5.2280,78.2295,78.4200,open,time,589,955,24.3514,open,17.3121,7.0394,18.2058,6.1456,
2017-03-31,1468,167,168,385,1,SOXL,1,5.2500,5.2500,78.7500,78.7500,open,time,738,955,0.0000,open,10.8612,-10.8612,11.7500,-11.7500,
2017-04-04,1470,17,18,74,1,SOXL,1,5.1400,5.0333,77.1000,75.4995,level,stop,588,644,-207.5875,open,19.0124,-226.6000,19.9300,-227.5175,
2017-04-05,1471,15,16,341,1,SOXL,1,5.1507,5.0600,77.2605,75.9000,gap,stop,586,911,-176.0926,open,18.2930,-194.3856,19.2072,-195.2998,
2017-04-10,1474,24,25,59,1,SOXL,1,5.0412,5.0040,75.6180,75.0600,gap,stop,595,629,-73.7920,open,21.9573,-95.7493,22.8865,-96.6784,
2017-04-13,1477,18,19,385,1,SOXL,1,4.5840,4.4667,68.7600,67.0005,open,time,589,955,-255.8901,open,19.8567,-275.7467,20.8881,-276.7781,
2017-04-17,1478,36,37,385,1,SOXL,1,4.5553,4.6186,68.3295,69.2790,open,time,607,955,138.9590,open,16.0880,122.8710,17.1054,121.8536,
2017-04-18,1479,18,19,385,1,SOXL,1,4.6013,4.6780,69.0195,70.1700,open,time,589,955,166.6920,open,19.5342,147.1578,20.5401,146.1519,
2017-04-21,1482,41,42,385,1,SOXL,1,4.9460,4.9200,74.1900,73.8000,open,time,612,955,-52.5677,open,14.9239,-67.4916,15.8699,-68.4377,
2017-04-27,1486,15,16,385,1,SOXL,1,5.3200,5.3593,79.8000,80.3895,open,time,586,955,73.8722,open,16.9477,56.9245,17.8217,56.0505,
2017-05-02,1489,15,16,385,-1,SOXS,1,90620400.0000,90072000.0000,37.7585,37.5300,open,time,586,955,-60.5162,open,9.3712,-69.8874,11.2307,-71.7469,
2017-05-03,1490,40,41,109,-1,SOXS,1,91176000.0000,90144000.0000,37.9900,37.5600,level,stop,611,679,-113.1877,open,10.6599,-123.8476,12.5130,-125.7007,
2017-05-04,1491,20,21,385,-1,SOXS,1,89232000.0000,89352000.0000,37.1800,37.2300,open,time,591,955,13.4481,open,9.4960,3.9521,11.3774,2.0707,
2017-05-05,1492,15,16,385,-1,SOXS,1,89304000.0000,88449600.0000,37.2100,36.8540,open,time,586,955,-95.6732,open,9.5183,-105.1915,11.4086,-107.0818,
2017-05-08,1493,174,175,385,-1,SOXS,1,89376000.0000,89280000.0000,37.2400,37.2000,open,time,745,955,-10.7411,open,6.8020,-17.5432,8.6828,-19.4239,
2017-05-09,1494,15,16,385,1,SOXL,1,5.2233,5.2640,78.3495,78.9600,open,time,586,955,77.9201,open,17.2585,60.6616,18.1485,59.7716,
2017-05-10,1495,164,165,385,1,SOXL,1,5.5947,5.5973,83.9205,83.9595,open,time,735,955,4.6473,open,10.1929,-5.5456,11.0268,-6.3796,
2017-05-11,1496,26,27,177,-1,SOXS,1,82128000.0000,81209280.0000,34.2200,33.8372,gap,stop,597,747,-111.8644,open,11.8281,-123.6925,13.8852,-125.7496,
2017-05-12,1497,21,22,385,-1,SOXS,1,80352000.0000,79800000.0000,33.4800,33.2500,open,time,592,955,-68.6977,open,10.5648,-79.2625,12.6628,-81.3605,
2017-05-15,1498,16,17,385,1,SOXL,1,5.8433,5.9713,87.6495,89.5695,open,time,587,955,219.0543,open,15.3699,203.6844,16.1600,202.8943,
2017-05-16,1499,20,21,100,-1,SOXS,1,75336240.0000,74244906.9968,31.3901,30.9354,level,stop,591,670,-144.8616,open,12.9061,-157.7678,15.1525,-160.0142,
2017-05-17,1500,16,17,27,1,SOXL,1,6.0562,5.9040,90.8430,88.5600,level,stop,587,597,-251.3127,open,21.2505,-272.5632,22.0310,-273.3437,
2017-05-18,1501,16,17,385,1,SOXL,1,5.6267,5.7551,84.4005,86.3265,open,time,587,955,228.1977,open,15.9555,212.2422,16.7756,211.4221,
2017-05-19,1502,182,183,385,1,SOXL,1,5.9601,5.9153,89.4015,88.7295,open,time,753,955,-75.1665,open,9.6072,-84.7737,10.3932,-85.5597,
2017-05-22,1503,24,25,372,-1,SOXS,1,73728000.0000,72480000.0000,30.7200,30.2000,gap,stop,595,942,-169.2708,open,11.5433,-180.8142,13.8416,-183.1124,
2017-05-23,1504,15,16,385,-1,SOXS,1,74376000.0000,73219920.0000,30.9900,30.5083,open,time,586,955,-155.4372,open,11.4385,-166.8758,13.7152,-169.1524,
2017-05-24,1505,33,34,385,-1,SOXS,1,72720000.0000,71640000.0000,30.3000,29.8500,open,time,604,955,-148.5149,open,11.6955,-160.2103,14.0231,-162.5380,
2017-05-25,1506,41,42,385,1,SOXL,1,6.2547,6.2580,93.8205,93.8700,open,time,612,955,5.2760,open,11.7871,-6.5111,12.5330,-7.2570,
2017-05-26,1507,190,191,385,1,SOXL,1,6.2667,6.3333,94.0005,94.9995,open,time,761,955,106.2760,open,9.0624,97.2136,9.8032,96.4728,
2017-05-30,1508,124,125,385,1,SOXL,1,6.4960,6.4620,97.4400,96.9300,open,time,695,955,-52.3399,open,9.3225,-61.6624,10.0427,-62.3826,
2017-05-31,1509,20,21,385,-1,SOXS,1,67728000.0000,68280000.0000,28.2200,28.4500,open,time,591,955,81.5025,open,12.4706,69.0319,14.9411,66.5614,
2017-06-01,1510,24,25,385,-1,SOXS,1,68544000.0000,68424000.0000,28.5600,28.5100,open,time,595,955,-17.5070,open,12.3576,-29.8646,14.8108,-32.3178,
2017-06-02,1511,16,17,133,-1,SOXS,1,68130000.0000,66432000.0000,28.3875,27.6800,level,stop,587,703,-249.2294,open,16.1301,-265.3595,18.6275,-267.8569,
2017-06-05,1512,56,57,385,1,SOXL,1,6.8093,6.7260,102.1395,100.8900,open,time,627,955,-122.3327,open,10.8820,-133.2147,11.5716,-133.9042,
2017-06-06,1513,19,20,385,1,SOXL,1,6.7997,6.7790,101.9955,101.6850,open,time,590,955,-30.4425,open,13.3116,-43.7542,13.9990,-44.4415,
2017-06-07,1514,17,18,200,1,SOXL,1,6.9493,6.8467,104.2395,102.7005,level,stop,588,770,-147.6408,open,13.5590,-161.1997,14.2355,-161.8763,
2017-06-08,1515,95,96,385,1,SOXL,1,7.0973,7.3133,106.4595,109.6995,open,time,666,955,304.3411,open,8.4058,295.9353,9.0536,295.2875,
2017-06-09,1516,56,57,385,-1,SOXS,1,59328000.0000,67752000.0000,24.7200,28.2300,open,time,627,955,1419.9029,open,13.7526,1406.1503,16.4083,1403.4946,
2017-06-12,1517,21,22,98,-1,SOXS,1,73800000.0000,69600000.0000,30.7500,29.0000,gap,stop,592,668,-569.1057,open,13.3983,-582.5040,15.7434,-584.8491,
2017-06-13,1518,35,36,385,-1,SOXS,1,66960000.0000,67416000.0000,27.9000,28.0900,open,time,606,955,68.1004,open,12.6178,55.4825,15.1183,52.9820,
2017-06-14,1519,272,273,385,-1,SOXS,1,67896000.0000,69607680.0000,28.2900,29.0032,open,time,843,955,252.1032,open,8.8459,243.2573,11.2899,240.8133,
2017-06-15,1520,22,23,56,1,SOXL,1,6.0507,5.8720,90.7605,88.0800,level,stop,593,626,-295.3377,open,18.4802,-313.8179,19.2632,-314.6009,
2017-06-16,1521,19,20,83,1,SOXL,1,6.1193,6.0000,91.7895,90.0000,level,stop,590,653,-194.9569,open,15.9708,-210.9277,16.7410,-211.6979,
2017-06-19,1522,36,37,385,1,SOXL,1,6.3447,6.3393,95.1705,95.0895,open,time,607,955,-8.5110,open,11.6265,-20.1375,12.3623,-20.8733,
2017-06-20,1523,28,29,385,-1,SOXS,1,67877280.0000,70056000.0000,28.2822,29.1900,open,time,599,955,320.9793,open,12.3608,308.6184,14.7974,306.1819,
2017-06-21,1524,21,22,61,-1,SOXS,1,69896400.0000,68695200.0000,29.1235,28.6230,gap,stop,592,631,-171.8543,open,13.9211,-185.7754,16.3457,-188.2000,
2017-06-22,1525,54,55,277,-1,SOXS,1,69000000.0000,67291440.0000,28.7500,28.0381,gap,stop,625,847,-247.6174,open,14.1429,-261.7603,16.6086,-264.2260,
2017-06-23,1526,39,40,385,1,SOXL,1,6.3047,6.3440,94.5705,95.1600,open,time,610,955,62.3344,open,11.6700,50.6645,12.4079,49.9266,
2017-06-26,1527,26,27,385,-1,SOXS,1,66240000.0000,69216000.0000,27.6000,28.8400,open,time,597,955,449.2754,open,12.6215,436.6539,15.1032,434.1722,
2017-06-27,1528,204,205,385,-1,SOXS,1,71808000.0000,74832000.0000,29.9200,31.1800,open,time,775,955,421.1230,open,6.6421,414.4809,8.9344,412.1886,
2017-06-28,1529,22,23,66,-1,SOXS,1,75480000.0000,72888000.0000,31.4500,30.3700,gap,stop,593,636,-343.4022,open,12.9820,-356.3842,15.2473,-358.6496,
2017-06-29,1530,15,16,385,-1,SOXS,1,73910880.0000,76008000.0000,30.7962,31.6700,open,time,586,955,283.7363,open,11.3675,272.3688,13.6091,270.1272,
2017-06-30,1531,22,23,385,-1,SOXS,1,76296000.0000,76824000.0000,31.7900,32.0100,open,time,593,955,69.2042,open,11.0797,58.1244,13.2741,55.9300,
2017-07-03,1532,16,17,48,1,SOXL,1,5.5494,5.4687,83.2410,82.0305,level,stop,587,618,-145.4211,open,20.0129,-165.4340,20.8600,-166.2812,
2017-07-05,1533,225,226,385,1,SOXL,1,5.4873,5.5387,82.3095,83.0805,open,time,796,955,93.6708,open,10.3484,83.3224,11.1949,82.4759,
2017-07-06,1534,15,16,72,-1,SOXS,1,78456000.0000,77005920.0000,32.6900,32.0858,gap,stop,586,642,-184.8272,open,12.4141,-197.2412,14.5756,-199.4027,
2017-07-07,1535,16,17,385,1,SOXL,1,5.6753,5.7400,85.1295,86.1000,open,time,587,955,114.0028,open,15.8713,98.1315,16.6890,97.3138,
2017-07-10,1536,20,21,214,-1,SOXS,1,72720000.0000,71304000.0000,30.3000,29.7100,gap,stop,591,784,-194.7195,open,13.3944,-208.1139,15.7276,-210.4470,
2017-07-11,1537,24,25,385,1,SOXL,1,5.9800,6.0667,89.7000,91.0005,open,time,595,955,144.9833,open,15.0517,129.9316,15.8265,129.1568,
2017-07-12,1538,19,20,215,-1,SOXS,1,66816000.0000,65688000.0000,27.8400,27.3700,level,stop,590,785,-168.8218,open,14.5588,-183.3807,17.0948,-185.9166,
2017-07-13,1539,23,24,53,1,SOXL,1,6.4413,6.3607,96.6195,95.4105,level,stop,594,623,-125.1300,open,17.2337,-142.3637,17.9628,-143.0928,
2017-07-14,1540,16,17,385,1,SOXL,1,6.4687,6.5500,97.0305,98.2500,open,time,587,955,125.6821,open,13.9262,111.7559,14.6432,111.0390,
2017-07-17,1541,62,63,385,-1,SOXS,1,64104000.0000,64032000.0000,26.7100,26.6800,open,time,633,955,-11.2317,open,9.4637,-20.6955,12.0859,-23.3177,
2017-07-18,1542,17,18,385,1,SOXL,1,6.3987,6.5213,95.9805,97.8195,open,time,588,955,191.6014,open,14.0513,177.5501,14.7738,176.8277,
2017-07-19,1543,15,16,41,1,SOXL,1,6.6699,6.6036,100.0485,99.0540,gap,stop,586,611,-99.4018,open,16.6264,-116.0282,17.3295,-116.7313,
2017-07-20,1544,15,16,166,-1,SOXS,1,63000000.0000,61440000.0000,26.2500,25.6000,level,stop,586,736,-247.6190,open,15.4850,-263.1040,18.1855,-265.8045,
2017-07-21,1545,21,22,385,-1,SOXS,1,63479280.0000,62640000.0000,26.4497,26.1000,open,time,592,955,-132.2132,open,13.3841,-145.5973,16.0484,-148.2616,
2017-07-24,1546,45,46,385,-1,SOXS,1,63000000.0000,63456000.0000,26.2500,26.4400,open,time,616,955,72.3810,open,13.4061,58.9748,16.0632,56.3177,
2017-07-25,1547,47,48,385,1,SOXL,1,6.5051,6.5007,97.5765,97.5105,open,time,618,955,-6.7639,open,11.3403,-18.1042,12.0579,-18.8219,
2017-07-26,1548,186,187,385,-1,SOXS,1,62232480.0000,61440000.0000,25.9302,25.6000,open,time,757,955,-127.3419,open,7.8645,-135.2064,10.5815,-137.9234,
2017-07-27,1549,36,37,385,-1,SOXS,1,61288080.0000,64260000.0000,25.5367,26.7750,open,time,607,955,484.9100,open,13.6242,471.2857,16.3020,468.6080,
2017-07-28,1550,83,84,385,-1,SOXS,1,65712000.0000,64968000.0000,27.3800,27.0700,open,time,654,955,-113.2213,open,9.2716,-122.4929,11.8429,-125.0642,
2017-07-31,1551,31,32,385,-1,SOXS,1,64800000.0000,66264000.0000,27.0000,27.6100,open,time,602,955,225.9259,open,12.9792,212.9467,15.5432,210.3828,
2017-08-01,1552,23,24,385,1,SOXL,1,6.2533,6.3007,93.7995,94.5105,open,time,594,955,75.8000,open,14.4251,61.3749,15.1685,60.6314,
2017-08-02,1553,33,34,385,-1,SOXS,1,64896000.0000,66456000.0000,27.0400,27.6900,open,time,604,955,240.3846,open,12.9549,227.4297,15.5133,224.8713,
2017-08-03,1554,27,28,385,-1,SOXS,1,67248000.0000,67517280.0000,28.0200,28.1322,open,time,598,955,40.0428,open,12.5741,27.4688,15.0673,24.9755,
2017-08-04,1555,55,56,385,1,SOXL,1,6.1607,6.1113,92.4105,91.6695,open,time,626,955,-80.1857,open,12.0036,-92.1893,12.7641,-92.9498,
2017-08-07,1556,62,63,385,1,SOXL,1,6.2740,6.4100,94.1100,96.1500,open,time,633,955,216.7676,open,9.5376,207.2300,10.2735,206.4941,
2017-08-08,1557,23,24,361,1,SOXL,1,6.4499,6.3659,96.7485,95.4885,level,stop,594,931,-130.2346,open,14.0729,-144.3075,14.8012,-145.0358,
2017-08-09,1558,15,16,65,-1,SOXS,1,66696000.0000,65952000.0000,27.7900,27.4800,gap,stop,586,635,-111.5509,open,14.5529,-126.1038,17.0860,-128.6369,
2017-08-10,1559,15,16,385,-1,SOXS,1,67090560.0000,70296000.0000,27.9544,29.2900,open,time,586,955,477.7781,open,12.4527,465.3254,14.8996,462.8785,
2017-08-11,1560,35,36,385,1,SOXL,1,5.8440,5.8707,87.6600,88.0605,open,time,606,955,45.6879,open,12.5935,33.0944,13.3902,32.2977,
2017-08-14,1561,17,18,385,1,SOXL,1,6.2167,6.3333,93.2505,94.9995,open,time,588,955,187.5593,open,14.4628,173.0965,15.2066,172.3527,
2017-08-15,1562,17,18,376,-1,SOXS,1,64704000.0000,63144000.0000,26.9600,26.3100,level,stop,588,946,-241.0979,open,13.1742,-254.2722,15.8028,-256.9007,
2017-08-16,1563,18,19,137,-1,SOXS,1,63645600.0000,62612049.1967,26.5190,26.0884,level,stop,589,707,-162.3916,open,17.1943,-179.5858,19.8557,-182.2472,
2017-08-17,1564,15,16,41,1,SOXL,1,6.3466,6.2458,95.1990,93.6870,level,stop,586,611,-158.8252,open,17.5157,-176.3409,18.2569,-177.0821,
2017-08-18,1565,16,17,119,-1,SOXS,1,67440000.0000,66600000.0000,28.1000,27.7500,level,stop,587,689,-124.5552,open,14.4000,-138.9552,16.9069,-141.4620,
2017-08-21,1566,25,26,385,-1,SOXS,1,68493840.0000,68880000.0000,28.5391,28.7000,open,time,596,955,56.3788,open,12.3405,44.0383,14.7864,41.5924,
2017-08-22,1567,77,78,385,1,SOXL,1,6.0453,6.1133,90.6795,91.6995,open,time,648,955,112.4841,open,9.9412,102.5429,10.7088,101.7752,
2017-08-23,1568,16,17,385,1,SOXL,1,6.0400,6.1973,90.6000,92.9595,open,time,587,955,260.4305,open,14.8536,245.5769,15.6164,244.8141,
2017-08-24,1569,20,21,385,-1,SOXS,1,64920000.0000,64848000.0000,27.0500,27.0200,open,time,591,955,-11.0906,open,13.0422,-24.1328,15.6315,-26.7220,
2017-08-25,1570,90,91,385,-1,SOXS,1,65184000.0000,65784000.0000,27.1600,27.4100,open,time,661,955,92.0471,open,9.2696,82.7776,11.8351,80.2120,
2017-08-28,1571,18,19,385,-1,SOXS,1,66191760.0000,65520000.0000,27.5799,27.3000,open,time,589,955,-101.4870,open,12.8262,-114.3131,15.3773,-116.8642,
2017-08-29,1572,16,17,385,1,SOXL,1,6.0260,6.1654,90.3900,92.4810,open,time,587,955,231.3309,open,14.9003,216.4306,15.6659,215.6650,
2017-08-30,1573,29,30,385,1,SOXL,1,6.3163,6.4713,94.7445,97.0695,open,time,600,955,245.3968,open,11.5734,233.8234,12.3034,233.0934,
2017-08-31,1574,15,16,385,1,SOXL,1,6.5807,6.6593,98.7105,99.8895,open,time,586,955,119.4402,open,13.6925,105.7476,14.3975,105.0427,
2017-09-01,1575,16,17,385,1,SOXL,1,6.8387,6.7700,102.5805,101.5500,open,time,587,955,-100.4577,open,13.2638,-113.7215,13.9496,-114.4073,
2017-09-05,1576,47,48,109,1,SOXL,1,6.7007,6.5400,100.5105,98.1000,level,stop,618,679,-239.8257,open,12.1255,-251.9512,12.8305,-252.6562,
2017-09-06,1577,75,76,355,-1,SOXS,1,61848000.0000,60508668.6661,25.7700,25.2119,level,stop,646,925,-216.5521,open,9.8897,-226.4417,12.6361,-229.1881,
2017-09-07,1578,30,31,76,-1,SOXS,1,61512000.0000,60460080.0000,25.6300,25.1917,gap,stop,601,646,-171.0105,open,15.8111,-186.8217,18.5661,-189.5766,
2017-09-08,1579,19,20,385,-1,SOXS,1,61745520.0000,63180000.0000,25.7273,26.3250,open,time,590,955,232.3213,open,13.6164,218.7050,16.3063,216.0150,
2017-09-11,1580,16,17,385,1,SOXL,1,6.5787,6.6627,98.6805,99.9405,open,time,587,955,127.6848,open,13.6934,113.9914,14.3983,113.2865,
2017-09-12,1581,17,18,204,-1,SOXS,1,59088000.0000,58512000.0000,24.6200,24.3800,gap,stop,588,774,-97.4817,open,14.3604,-111.8421,17.2176,-114.6993,
2017-09-13,1582,17,18,27,-1,SOXS,1,59537280.0000,58824240.0000,24.8072,24.5101,gap,stop,588,597,-119.7636,open,20.3816,-140.1453,23.2205,-142.9841,
2017-09-14,1583,15,16,385,1,SOXL,1,6.7811,6.8787,101.7165,103.1805,open,time,586,955,143.9295,open,13.2800,130.6495,13.9633,129.9662,
2017-09-15,1584,16,17,385,1,SOXL,1,7.0740,7.2360,106.1100,108.5400,open,time,587,955,229.0076,open,12.7012,216.3064,13.3535,215.6541,
2017-09-18,1585,54,55,385,1,SOXL,1,7.5136,7.5230,112.7040,112.8450,open,time,625,955,12.5106,open,9.8182,2.6925,10.4389,2.0718,
2017-09-19,1586,38,39,385,1,SOXL,1,7.6040,7.5880,114.0600,113.8200,open,time,609,955,-21.0416,open,9.7139,-30.7554,10.3282,-31.3698,
2017-09-20,1587,20,21,385,-1,SOXS,1,52368000.0000,54192000.0000,21.8200,22.5800,open,time,591,955,348.3043,open,15.9946,332.3097,19.1487,329.1556,
2017-09-21,1588,51,52,385,-1,SOXS,1,55291200.0000,54652800.0000,23.0380,22.7720,open,time,622,955,-115.4614,open,15.3511,-130.8125,18.4073,-133.8687,
2017-09-22,1589,38,39,385,1,SOXL,1,7.2714,7.2920,109.0710,109.3800,open,time,609,955,28.3302,open,10.1377,18.1925,10.7786,17.5516,
2017-09-25,1590,20,21,385,-1,SOXS,1,55987200.0000,57218880.0000,23.3280,23.8412,open,time,591,955,219.9931,open,15.0167,204.9765,17.9851,202.0081,
2017-09-26,1591,24,25,385,-1,SOXS,1,55904160.0000,57120000.0000,23.2934,23.8000,open,time,595,955,217.4865,open,15.0400,202.4465,18.0131,199.4734,
2017-09-27,1592,42,43,203,-1,SOXS,1,55392000.0000,54360000.0000,23.0800,22.6500,level,stop,613,773,-186.3085,open,15.3553,-201.6638,18.4170,-204.7255,
2017-09-28,1593,15,16,30,-1,SOXS,1,53666400.0000,52800000.0000,22.3610,22.0000,level,stop,586,600,-161.4418,open,22.6539,-184.0957,25.8100,-187.2518,
2017-09-29,1594,16,17,107,-1,SOXS,1,51816000.0000,51338400.0000,21.5900,21.3910,gap,stop,587,677,-92.1723,open,18.7035,-110.8758,21.9608,-114.1331,
2017-10-02,1595,15,16,137,1,SOXL,1,7.8488,7.7333,117.7320,115.9995,level,stop,586,707,-147.1563,open,12.4417,-159.5980,13.0408,-160.1970,
2017-10-03,1596,54,55,385,1,SOXL,1,7.8680,7.8640,118.0200,117.9600,open,time,625,955,-5.0839,open,9.3842,-14.4681,9.9775,-15.0614,
2017-10-04,1597,15,16,34,-1,SOXS,1,50088000.0000,49440000.0000,20.8700,20.6000,level,stop,586,604,-129.3723,open,24.2289,-153.6013,27.6050,-156.9773,
2017-10-05,1598,16,17,385,-1,SOXS,1,48866400.0000,48792000.0000,20.3610,20.3300,open,time,587,955,-15.2252,open,17.3122,-32.5373,20.7527,-35.9779,
2017-10-06,1599,15,16,385,1,SOXL,1,7.9567,8.0619,119.3505,120.9285,open,time,586,955,132.2156,open,11.3292,120.8864,11.9119,120.3037,
2017-10-09,1600,27,28,385,1,SOXL,1,8.1801,8.2293,122.7015,123.4395,open,time,598,955,60.1460,open,11.0444,49.1016,11.6131,48.5328,
2017-10-10,1601,15,16,385,-1,SOXS,1,46559520.0000,46488000.0000,19.3998,19.3700,open,time,586,955,-15.3610,open,18.1675,-33.5285,21.7785,-37.1395,
2017-10-11,1602,27,28,385,1,SOXL,1,8.4147,8.5423,126.2205,128.1345,open,time,598,955,151.6394,open,10.7094,140.9300,11.2598,140.3796,
2017-10-12,1603,20,21,324,1,SOXL,1,8.6207,8.5093,129.3105,127.6395,level,stop,591,894,-129.2238,open,10.9334,-140.1572,11.4783,-140.7021,
2017-10-13,1604,22,23,385,1,SOXL,1,8.6533,8.6320,129.7995,129.4800,open,time,593,955,-24.6149,open,10.4693,-35.0842,11.0093,-35.6241,
2017-10-16,1605,51,52,385,-1,SOXS,1,44904000.0000,44352000.0000,18.7100,18.4800,open,time,622,955,-122.9289,open,18.8944,-141.8234,22.6590,-145.5880,
2017-10-18,1607,15,16,282,-1,SOXS,1,44400000.0000,43848240.0000,18.5000,18.2701,gap,stop,586,852,-124.2703,open,21.8458,-146.1161,25.6534,-149.9237,
2017-10-19,1608,15,16,80,-1,SOXS,1,46152000.0000,44880000.0000,19.2300,18.7000,level,stop,586,650,-275.6110,open,21.1424,-296.7535,24.8342,-300.4452,
2017-10-20,1609,58,59,385,-1,SOXS,1,43560480.0000,43752000.0000,18.1502,18.2300,open,time,629,955,43.9665,open,19.3817,24.5847,23.2300,20.7365,
2017-10-23,1610,17,18,35,1,SOXL,1,9.0495,8.9500,135.7425,134.2500,gap,stop,588,605,-109.9508,open,12.2734,-122.2242,12.7919,-122.7428,
2017-10-24,1611,19,20,147,-1,SOXS,1,42768000.0000,42456000.0000,17.8200,17.6900,level,stop,590,717,-72.9517,open,25.4595,-98.4112,29.4021,-102.3538,
2017-10-25,1612,48,49,385,-1,SOXS,1,43056000.0000,43826160.0000,17.9400,18.2609,open,time,619,955,178.8740,open,19.5337,159.3403,23.4013,155.4727,
2017-10-26,1613,43,44,67,-1,SOXS,1,43656000.0000,42986400.0000,18.1900,17.9110,gap,stop,614,637,-153.3810,open,22.2421,-175.6231,26.1204,-179.5014,
2017-10-27,1614,39,40,134,-1,SOXS,1,42523200.0000,41704154.9491,17.7180,17.3767,level,stop,610,704,-192.6113,open,25.7454,-218.3567,29.7350,-222.3463,
2017-10-30,1615,15,16,385,1,SOXL,1,9.6686,9.6560,145.0290,144.8400,open,time,586,955,-13.0319,open,9.3721,-22.4039,9.8550,-22.8869,
2017-10-31,1616,26,27,57,-1,SOXS,1,39880080.0000,39264000.0000,16.6167,16.3600,gap,stop,597,627,-154.4831,open,30.4567,-184.9399,34.7024,-189.1856,
2017-11-01,1617,24,25,385,-1,SOXS,1,38760000.0000,39500400.0000,16.1500,16.4585,open,time,595,955,191.0217,open,21.6858,169.3359,25.9795,165.0422,
2017-11-02,1618,15,16,122,1,SOXL,1,9.8800,9.6673,148.2000,145.0095,level,stop,586,692,-215.2834,open,9.9183,-225.2017,10.3958,-225.6792,
2017-11-03,1619,15,16,249,-1,SOXS,1,39048000.0000,38433932.5195,16.2700,16.0141,level,stop,586,819,-157.2596,open,21.7424,-179.0020,26.0791,-183.3388,
2017-11-06,1620,88,89,385,-1,SOXS,1,36000000.0000,35256000.0000,15.0000,14.6900,open,time,659,955,-206.6667,open,16.9468,-223.6135,21.6628,-228.3294,
2017-11-07,1621,35,36,385,-1,SOXS,1,35555040.0000,35376000.0000,14.8146,14.7400,open,time,606,955,-50.3557,open,23.7987,-74.1544,28.5357,-78.8915,
2017-11-08,1622,22,23,71,-1,SOXS,1,35832000.0000,35400000.0000,14.9300,14.7500,level,stop,593,641,-120.5626,open,27.0534,-147.6161,31.7706,-152.3332,
2017-11-09,1623,16,17,385,-1,SOXS,1,37034400.0000,37008000.0000,15.4310,15.4200,open,time,587,955,-7.1285,open,22.8215,-29.9501,27.3595,-34.4880,
2017-11-10,1624,286,287,385,1,SOXL,1,10.4971,10.4700,157.4565,157.0500,open,time,857,955,-25.8167,open,5.4642,-31.2808,5.9093,-31.7260,
2017-11-13,1625,23,24,385,1,SOXL,1,10.4133,10.5500,156.1995,158.2500,open,time,594,955,131.2744,open,8.6688,122.6056,9.1141,122.1604,
2017-11-14,1626,15,16,35,1,SOXL,1,10.5828,10.4480,158.7420,156.7200,level,stop,586,605,-127.3765,open,10.5104,-137.8869,10.9542,-138.3307,
2017-11-15,1627,90,91,385,1,SOXL,1,10.3400,10.2220,155.1000,153.3300,open,time,661,955,-114.1199,open,5.8920,-120.0119,6.3459,-120.4658,
2017-11-16,1628,29,30,385,1,SOXL,1,10.5540,10.7360,158.3100,161.0400,open,time,600,955,172.4465,open,6.9646,165.4818,7.4031,165.0434,
2017-11-17,1629,15,16,385,-1,SOXS,1,35400000.0000,35928000.0000,14.7500,14.9700,open,time,586,955,149.1525,open,23.7670,125.3855,28.4779,120.6746,
2017-11-20,1630,35,36,385,1,SOXL,1,10.8333,10.9640,162.4995,164.4600,open,time,606,955,120.6465,open,6.7988,113.8477,7.2270,113.4195,
2017-11-21,1631,15,16,385,1,SOXL,1,11.3057,11.3067,169.5855,169.6005,open,time,586,955,0.8845,open,8.0190,-7.1345,8.4318,-7.5473,
2017-11-22,1632,67,68,385,-1,SOXS,1,33984000.0000,33984000.0000,14.1600,14.1600,open,time,638,955,0.0000,open,17.7982,-17.7982,22.7417,-22.7417,
2017-11-24,1633,17,18,205,1,SOXL,1,11.2920,11.4227,169.3800,171.3405,open,time,588,775,115.7457,open,8.2936,107.4520,8.7045,107.0411,
2017-11-28,1635,20,21,385,-1,SOXS,1,34543440.0000,34512000.0000,14.3931,14.3800,open,time,591,955,-9.1016,open,24.4649,-33.5665,29.3306,-38.4322,
2017-11-29,1636,16,17,385,-1,SOXS,1,35640000.0000,38880000.0000,14.8500,16.2000,open,time,587,955,909.0909,open,23.1391,885.9518,27.6565,881.4344,
2017-11-30,1637,61,62,385,1,SOXL,1,9.9600,9.7173,149.4000,145.7595,open,time,632,955,-243.6747,open,6.1509,-249.8256,6.6253,-250.3000,
2017-12-01,1638,17,18,385,-1,SOXS,1,40250400.0000,39404160.0000,16.7710,16.4184,open,time,588,955,-210.2439,open,21.1276,-231.3715,25.3463,-235.5902,
2017-12-04,1639,15,16,385,-1,SOXS,1,39696240.0000,42395280.0000,16.5401,17.6647,open,time,586,955,679.9233,open,20.9004,659.0230,24.9978,654.9255,
2017-12-05,1640,31,32,385,1,SOXL,1,9.0753,8.7040,136.1295,130.5600,open,time,602,955,-409.1325,open,8.2668,-417.3993,8.7920,-417.9245,
2017-12-06,1641,254,255,385,1,SOXL,1,8.7800,8.7800,131.7000,131.7000,open,time,825,955,0.0000,open,6.5149,-6.5149,7.0464,-7.0464,
2017-12-07,1642,30,31,76,-1,SOXS,1,41256000.0000,40488000.0000,17.1900,16.8700,level,stop,601,646,-186.1547,open,23.5629,-209.7177,27.6737,-213.8284,
2017-12-08,1643,61,62,385,-1,SOXS,1,40200000.0000,41388480.0000,16.7500,17.2452,open,time,632,955,295.6418,open,14.8803,280.7615,18.9994,276.6424,
2017-12-11,1644,16,17,385,-1,SOXS,1,41136000.0000,40706400.0000,17.1400,16.9610,open,time,587,955,-104.4341,open,20.6093,-125.0434,24.7149,-129.1489,
2017-12-12,1645,18,19,385,-1,SOXS,1,41568000.0000,41808000.0000,17.3200,17.4200,open,time,589,955,57.7367,open,20.3003,37.4364,24.3303,33.4064,
2017-12-13,1646,18,19,111,1,SOXL,1,9.0267,8.8727,135.4005,133.0905,gap,stop,589,681,-170.6050,open,10.8338,-181.4388,11.3553,-181.9603,
2017-12-14,1647,15,16,34,1,SOXL,1,8.8387,8.7080,132.5805,130.6200,level,stop,586,604,-147.8724,open,12.5855,-160.4579,13.1174,-160.9898,
2017-12-15,1648,34,35,385,1,SOXL,1,8.8740,9.1177,133.1100,136.7655,open,time,605,955,274.6225,open,8.2440,266.3785,8.7629,265.8596,
2017-12-18,1649,16,17,385,1,SOXL,1,9.5500,9.7547,143.2500,146.3205,open,time,587,955,214.3455,open,9.4254,204.9202,9.9089,204.4366,
2017-12-19,1650,58,59,385,-1,SOXS,1,37530480.0000,37512000.0000,15.6377,15.6300,open,time,629,955,-4.9240,open,22.5191,-27.4431,26.9966,-31.9206,
2017-12-20,1651,15,16,385,-1,SOXS,1,37176000.0000,36744000.0000,15.4900,15.3100,open,time,586,955,-116.2040,open,22.8070,-139.0110,27.3526,-143.5566,
2017-12-21,1652,15,16,385,-1,SOXS,1,36986400.0000,37971840.0000,15.4110,15.8216,open,time,586,955,266.4331,open,22.6758,243.7572,27.1591,239.2740,
2017-12-22,1653,29,30,385,1,SOXL,1,9.5511,9.5607,143.2665,143.4105,open,time,600,955,10.0512,open,7.7353,2.3159,8.2236,1.8276,
2017-12-26,1654,127,128,385,1,SOXL,1,9.2933,9.3030,139.3995,139.5450,open,time,698,955,10.4376,open,6.5136,3.9240,7.0155,3.4221,
2017-12-27,1655,15,16,385,1,SOXL,1,9.5000,9.4100,142.5000,141.1500,open,time,586,955,-94.7368,open,9.5607,-104.2976,10.0543,-104.7912,
2017-12-28,1656,38,39,385,-1,SOXS,1,38472000.0000,38397600.0000,16.0300,15.9990,open,time,609,955,-19.3387,open,21.9784,-41.3171,26.3494,-45.6882,
2017-12-29,1657,17,18,385,-1,SOXS,1,38592000.0000,39552000.0000,16.0800,16.4800,open,time,588,955,248.7562,open,21.7451,227.0111,26.0455,222.7107,
2018-01-02,1658,15,16,385,1,SOXL,1,9.5053,9.9233,142.5795,148.8495,open,time,586,955,439.7547,open,16.3202,423.4345,16.8008,422.9539,
2018-01-03,1659,30,31,385,1,SOXL,1,10.2916,10.4575,154.3740,156.8625,open,time,601,955,161.1994,open,11.9661,149.2333,12.4159,148.7835,
2018-01-04,1660,15,16,385,-1,SOXS,1,34536000.0000,33840000.0000,14.3900,14.1000,open,time,586,955,-201.5288,open,10.6386,-212.1674,15.5531,-217.0819,
2018-01-05,1661,85,86,385,1,SOXL,1,10.8053,10.8133,162.0795,162.1995,open,time,656,955,7.4038,open,10.5443,-3.1405,10.9760,-3.5722,
2018-01-08,1662,17,18,385,1,SOXL,1,10.8587,11.0673,162.8805,166.0095,open,time,588,955,192.1040,open,14.3998,177.7042,14.8255,177.2785,
2018-01-09,1663,80,81,385,-1,SOXS,1,33600000.0000,33407040.0000,14.0000,13.9196,open,time,651,955,-57.4286,open,7.3079,-64.7365,12.3223,-69.7509,
2018-01-10,1664,57,58,385,-1,SOXS,1,35160000.0000,34656000.0000,14.6500,14.4400,open,time,628,955,-143.3447,open,7.0166,-150.3613,11.8295,-155.1742,
2018-01-11,1665,179,180,385,1,SOXL,1,10.5187,10.5267,157.7805,157.9005,open,time,750,955,7.6055,open,9.8794,-2.2739,10.3229,-2.7174,
2018-01-12,1666,15,16,45,-1,SOXS,1,34224000.0000,33912000.0000,14.2600,14.1300,level,stop,586,615,-91.1641,open,10.6942,-101.8583,15.6256,-106.7897,
2018-01-16,1667,265,266,385,-1,SOXS,1,32805600.0000,33240000.0000,13.6690,13.8500,open,time,836,955,132.4164,open,7.4129,125.0035,12.5005,119.9159,
2018-01-17,1668,39,40,385,1,SOXL,1,11.2433,11.7380,168.6495,176.0700,open,time,610,955,439.9954,open,10.8405,429.1549,11.2468,428.7486,
2018-01-19,1670,21,22,385,-1,SOXS,1,29952000.0000,29880000.0000,12.4800,12.4500,open,time,592,955,-24.0385,open,12.1843,-36.2228,17.8000,-41.8385,
2018-01-22,1671,149,150,385,1,SOXL,1,12.0447,12.1867,180.6705,182.8005,open,time,720,955,117.8942,open,9.1424,108.7518,9.5276,108.3666,
2018-01-23,1672,15,16,85,-1,SOXS,1,28992000.0000,28625280.0000,12.0800,11.9272,level,stop,586,655,-126.4901,open,12.6302,-139.1203,18.4621,-144.9521,
2018-01-24,1673,32,33,120,1,SOXL,1,12.1333,11.9087,181.9995,178.6305,level,stop,603,690,-185.1104,open,11.4205,-196.5309,11.8087,-196.9191,
2018-01-25,1674,16,17,385,-1,SOXS,1,30000000.0000,31968000.0000,12.5000,13.3200,open,time,587,955,656.0000,open,11.9024,644.0976,17.3300,638.6700,
2018-01-26,1675,31,32,385,1,SOXL,1,11.6513,12.0567,174.7695,180.8505,open,time,602,955,347.9440,open,10.4993,337.4447,10.8931,337.0509,
2018-01-29,1676,34,35,217,-1,SOXS,1,29638800.0000,29232000.0000,12.3495,12.1800,gap,stop,605,787,-137.2525,open,8.3116,-145.5641,14.0193,-151.2718,
2018-01-30,1677,56,57,217,1,SOXL,1,11.6800,11.2713,175.2000,169.0695,level,stop,627,787,-349.9144,open,11.3647,-361.2791,11.7715,-361.6859,
2018-01-31,1678,28,29,385,-1,SOXS,1,29997600.0000,30072000.0000,12.4990,12.5300,open,time,599,955,24.8020,open,12.1458,12.6562,17.7393,7.0627,
2018-02-01,1679,21,22,385,1,SOXL,1,11.6900,11.3837,175.3500,170.7555,open,time,592,955,-262.0188,open,13.5755,-275.5943,13.9800,-275.9989,
2018-02-02,1680,21,22,385,-1,SOXS,1,31896000.0000,32844000.0000,13.2900,13.6850,open,time,592,955,297.2160,open,11.3241,285.8919,16.5152,280.7008,
2018-02-05,1681,30,31,231,1,SOXL,1,10.2527,10.0081,153.7905,150.1215,level,stop,601,801,-238.5713,open,12.8743,-251.4456,13.3351,-251.9064,
2018-02-06,1682,24,25,385,1,SOXL,1,9.7180,9.8760,145.7700,148.1400,open,time,595,955,162.5849,open,16.0987,146.4861,16.5751,146.0098,
2018-02-07,1683,35,36,216,1,SOXL,1,9.8933,9.5897,148.3995,143.8455,level,stop,606,786,-306.8743,open,13.3816,-320.2559,13.8607,-320.7351,
2018-02-08,1684,15,16,385,-1,SOXS,1,36120000.0000,39576000.0000,15.0500,16.4900,open,time,586,955,956.8106,open,9.8065,947.0041,14.2546,942.5561,
2018-02-09,1685,76,77,367,-1,SOXS,1,39431760.0000,37134260.9169,16.4299,15.4726,level,stop,647,937,-582.6519,open,6.4098,-589.0617,10.8021,-593.4540,
2018-02-12,1686,15,16,43,1,SOXL,1,9.4046,9.1107,141.0690,136.6605,level,stop,586,613,-312.5066,open,19.4516,-331.9583,19.9558,-332.4625,
2018-02-13,1687,188,189,263,-1,SOXS,1,35472000.0000,34728000.0000,14.7800,14.4700,level,stop,759,833,-209.7429,open,6.9792,-216.7221,11.7661,-221.5090,
2018-02-14,1688,23,24,385,1,SOXL,1,9.4789,9.9880,142.1835,149.8200,open,time,594,955,537.0876,open,16.3187,520.7689,16.7985,520.2891,
2018-02-15,1689,68,69,352,-1,SOXS,1,32400000.0000,31368000.0000,13.5000,13.0700,level,stop,639,922,-318.5185,open,7.6797,-326.1982,12.9502,-331.4687,
2018-02-16,1690,19,20,385,1,SOXL,1,10.4261,10.3180,156.3915,154.7700,open,time,590,955,-103.6821,open,15.1360,-118.8181,15.5860,-119.2681,
2018-02-20,1691,43,44,385,1,SOXL,1,10.7167,10.8205,160.7505,162.3075,open,time,614,955,96.8582,open,11.5228,85.3354,11.9561,84.9020,
2018-02-21,1692,21,22,294,-1,SOXS,1,30021600.0000,29256000.0000,12.5090,12.1900,level,stop,592,864,-255.0164,open,12.2536,-267.2700,17.9228,-272.9392,
2018-02-22,1693,38,39,243,1,SOXL,1,10.5480,10.3333,158.2200,154.9995,gap,stop,609,813,-203.5457,open,12.1730,-215.7187,12.6201,-216.1658,
2018-02-23,1694,60,61,294,-1,SOXS,1,30240000.0000,29736000.0000,12.6000,12.3900,level,stop,631,864,-166.6667,open,8.1597,-174.8264,13.7623,-180.4290,
2018-02-26,1695,30,31,385,1,SOXL,1,11.3387,11.6507,170.0805,174.7605,open,time,601,955,275.1638,open,10.8176,264.3463,11.2236,263.9402,
2018-02-27,1696,36,37,171,1,SOXL,1,11.9333,11.6447,178.9995,174.6705,gap,stop,607,741,-241.8443,open,11.3563,-253.2005,11.7522,-253.5964,
2018-02-28,1697,83,84,385,-1,SOXS,1,27599520.0000,28128000.0000,11.4998,11.7200,open,time,654,955,191.4816,open,8.7760,182.7056,14.8059,176.6757,
2018-03-01,1698,23,24,385,-1,SOXS,1,28968000.0000,29400000.0000,12.0700,12.2500,open,time,594,955,149.1301,open,12.5238,136.6063,18.2807,130.8494,
2018-03-02,1699,27,28,385,1,SOXL,1,10.5080,11.3013,157.6200,169.5195,open,time,598,955,754.9486,open,14.6339,740.3147,15.0625,739.8862,
2018-03-05,1700,20,21,67,-1,SOXS,1,28725360.0000,28216080.0000,11.9689,11.7567,gap,stop,591,637,-177.2928,open,12.7695,-190.0623,18.6707,-195.9635,
2018-03-06,1701,20,21,117,1,SOXL,1,11.8847,11.7233,178.2705,175.8495,level,stop,591,687,-135.8049,open,13.8672,-149.6721,14.2626,-150.0674,
2018-03-07,1702,80,81,385,1,SOXL,1,12.2240,12.1847,183.3600,182.7705,open,time,651,955,-32.1499,open,9.3427,-41.4926,9.7251,-41.8749,
2018-03-08,1703,16,17,385,-1,SOXS,1,25704000.0000,25872000.0000,10.7100,10.7800,open,time,587,955,65.3595,open,14.1469,51.2126,20.6616,44.6979,
2018-03-09,1704,20,21,385,1,SOXL,1,12.6553,12.9773,189.8295,194.6595,open,time,591,955,254.4389,open,12.3392,242.0997,12.7034,241.7355,
2018-03-12,1705,57,58,117,1,SOXL,1,13.4527,13.2001,201.7905,198.0015,level,stop,628,687,-187.7690,open,9.8017,-197.5707,10.1519,-197.9209,
2018-03-14,1707,18,19,385,-1,SOXS,1,24936000.0000,24456000.0000,10.3900,10.1900,open,time,589,955,-192.4928,open,14.7100,-207.2028,21.5134,-214.0061,
2018-03-15,1708,15,16,91,-1,SOXS,1,24671520.0000,24168000.0000,10.2798,10.0700,level,stop,586,661,-204.0896,open,14.8732,-218.9627,21.7536,-225.8431,
2018-03-16,1709,54,55,385,1,SOXL,1,12.8813,12.8513,193.2195,192.7695,open,time,625,955,-23.2896,open,9.6414,-32.9310,10.0041,-33.2937,
2018-03-19,1710,74,75,385,-1,SOXS,1,25632000.0000,26016000.0000,10.6800,10.8400,open,time,645,955,149.8127,open,9.4651,140.3476,15.9711,133.8417,
2018-03-20,1711,15,16,385,1,SOXL,1,12.2167,12.2797,183.2505,184.1955,open,time,586,955,51.5688,open,12.8610,38.7077,13.2420,38.3267,
2018-03-21,1712,15,16,385,1,SOXL,1,12.4667,12.3680,187.0005,185.5200,open,time,586,955,-79.1709,open,12.6568,-91.8277,13.0326,-92.2036,
2018-03-22,1713,18,19,85,1,SOXL,1,12.0642,11.7333,180.9630,175.9995,level,stop,589,655,-274.2826,open,14.2977,-288.5803,14.6900,-288.9726,
2018-03-23,1714,15,16,385,-1,SOXS,1,28512000.0000,29856000.0000,11.8800,12.4400,open,time,586,955,471.3805,open,12.5923,458.7882,18.3519,453.0285,
2018-03-26,1715,56,57,291,-1,SOXS,1,28032000.0000,27236106.4110,11.6800,11.3484,level,stop,627,861,-283.9232,open,8.8523,-292.7755,14.9330,-298.8562,
2018-03-27,1716,15,16,385,-1,SOXS,1,26112000.0000,29136000.0000,10.8800,12.1400,open,time,586,955,1158.0882,open,13.4679,1144.6204,19.5678,1138.5204,
2018-03-28,1717,32,33,77,1,SOXL,1,10.2463,9.6000,153.6945,144.0000,level,stop,603,647,-630.7643,open,13.8143,-644.5786,14.2851,-645.0494,
2018-03-29,1718,18,19,83,-1,SOXS,1,30336480.0000,29520000.0000,12.6402,12.3000,level,stop,589,653,-269.1413,open,12.1330,-281.2743,17.7475,-286.8888,
2018-04-02,1719,17,18,385,-1,SOXS,1,29909520.0000,32016000.0000,12.4623,13.3400,open,time,588,955,704.2841,open,11.9208,692.3633,17.3529,686.9312,
2018-04-03,1720,20,21,90,-1,SOXS,1,31152000.0000,30469844.6381,12.9800,12.6958,level,stop,591,660,-218.9764,open,11.7959,-230.7723,17.2492,-236.2256,
2018-04-04,1721,41,42,385,1,SOXL,1,9.0940,9.9260,136.4100,148.8900,open,time,612,955,914.8889,open,13.1609,901.7280,13.6526,901.2364,
2018-04-05,1722,18,19,385,-1,SOXS,1,29496000.0000,29928000.0000,12.2900,12.4700,open,time,589,955,146.4605,open,12.3016,134.1590,17.9561,128.5044,
2018-04-06,1723,21,22,92,1,SOXL,1,9.4873,9.0754,142.3095,136.1310,level,stop,592,662,-434.1593,open,17.5476,-451.7070,18.0507,-452.2100,
2018-04-09,1724,20,21,385,1,SOXL,1,9.0513,8.9678,135.7695,134.5170,open,time,591,955,-92.2519,open,17.4208,-109.6728,17.9388,-110.1908,
2018-04-10,1725,22,23,75,-1,SOXS,1,30407760.0000,29160922.8337,12.6699,12.1504,level,stop,593,645,-410.0391,open,12.1658,-422.2049,17.8088,-427.8480,
2018-04-11,1726,28,29,385,1,SOXL,1,9.7033,9.7140,145.5495,145.7100,open,time,599,955,11.0272,open,16.2000,-5.1728,16.6806,-5.6535,
2018-04-12,1727,15,16,385,1,SOXL,1,10.0913,10.2400,151.3695,153.6000,open,time,586,955,147.3547,open,15.5124,131.8422,15.9715,131.3831,
2018-04-13,1728,18,19,385,-1,SOXS,1,27242400.0000,28080000.0000,11.3510,11.7000,open,time,589,955,307.4619,open,13.2454,294.2165,19.3203,288.1416,
2018-04-16,1729,26,27,224,-1,SOXS,1,28344000.0000,27552000.0000,11.8100,11.4800,gap,stop,597,794,-279.4242,open,12.9870,-292.4113,18.9994,-298.4236,
2018-04-17,1730,15,16,385,1,SOXL,1,10.5207,10.6867,157.8105,160.3005,open,time,586,955,157.7842,open,14.8766,142.9076,15.3167,142.4675,
2018-04-18,1731,97,98,385,1,SOXL,1,10.4913,10.3793,157.3695,155.6895,open,time,668,955,-106.7551,open,10.2779,-117.0331,10.7251,-117.4803,
2018-04-19,1732,19,20,385,-1,SOXS,1,29280000.0000,30576000.0000,12.2000,12.7400,open,time,590,955,442.6230,open,12.2744,430.3485,17.8905,424.7324,
2018-04-20,1733,23,24,385,-1,SOXS,1,31032000.0000,31800000.0000,12.9300,13.2500,open,time,594,955,247.4865,open,11.6567,235.8298,17.0050,230.4814,
2018-04-23,1734,17,18,103,-1,SOXS,1,31800000.0000,31296000.0000,13.2500,13.0400,gap,stop,588,673,-158.4906,open,11.5322,-170.0228,16.8578,-175.3483,
2018-04-24,1735,15,16,49,1,SOXL,1,8.7733,8.5333,131.5995,127.9995,level,stop,586,619,-273.5573,open,20.8130,-294.3703,21.3524,-294.9097,
2018-04-25,1736,29,30,385,-1,SOXS,1,35232000.0000,34224000.0000,14.6800,14.2600,open,time,600,955,-286.1035,open,7.0545,-293.1580,11.8931,-297.9966,
2018-04-26,1737,22,23,40,-1,SOXS,1,33024000.0000,32001338.5961,13.7600,13.3339,level,stop,593,610,-309.6722,open,11.1658,-320.8380,16.3343,-326.0065,
2018-04-27,1738,22,23,385,-1,SOXS,1,31872000.0000,32616000.0000,13.2800,13.5900,open,time,593,955,233.4337,open,11.3560,222.0778,16.5669,216.8668,
2018-04-30,1739,37,38,128,1,SOXL,1,8.5500,8.3460,128.2500,125.1900,level,stop,608,698,-238.5965,open,16.2268,-254.8233,16.7793,-255.3758,
2018-05-01,1740,15,16,21,-1,SOXS,1,34010400.0000,33416185.2059,14.1710,13.9234,level,stop,586,591,-174.7156,open,14.3832,-189.0988,19.3668,-194.0824,
2018-05-02,1741,20,21,132,1,SOXL,1,8.5386,8.4007,128.0790,126.0105,level,stop,591,702,-161.5019,open,20.0927,-181.5945,20.6437,-182.1456,
2018-05-03,1742,26,27,54,1,SOXL,1,8.2779,8.0940,124.1685,121.4100,level,stop,597,624,-222.1578,open,22.0076,-244.1654,22.5778,-244.7356,
2018-05-04,1743,15,16,385,1,SOXL,1,8.5358,9.1427,128.0370,137.1405,open,time,586,955,711.0054,open,18.0257,692.9797,18.5543,692.4511,
2018-05-07,1744,61,62,385,1,SOXL,1,9.4747,9.4360,142.1205,141.5400,open,time,632,955,-40.8456,open,12.0435,-52.8891,12.5371,-53.3827,
2018-05-08,1745,23,24,103,-1,SOXS,1,29160000.0000,28415105.4623,12.1500,11.8396,level,stop,594,673,-255.4508,open,12.6144,-268.0652,18.4512,-273.9020,
2018-05-09,1746,15,16,88,1,SOXL,1,9.7550,9.6483,146.3250,144.7245,level,stop,586,658,-109.3798,open,17.5587,-126.9385,18.0398,-127.4196,
2018-05-10,1747,161,162,385,1,SOXL,1,10.3747,10.5580,155.6205,158.3700,open,time,732,955,176.6798,open,10.5783,166.1016,11.0242,165.6556,
2018-05-11,1748,18,19,32,-1,SOXS,1,26040000.0000,25632000.0000,10.8500,10.6800,level,stop,589,602,-156.6820,open,14.0710,-170.7530,20.5739,-177.2559,
2018-05-14,1749,230,231,385,-1,SOXS,1,25149600.0000,25152000.0000,10.4790,10.4800,open,time,801,955,0.9543,open,9.7175,-8.7632,16.3972,-15.4429,
2018-05-15,1750,21,22,385,-1,SOXS,1,25992000.0000,26016000.0000,10.8300,10.8400,open,time,592,955,9.2336,open,14.0171,-4.7835,20.4776,-11.2440,
2018-05-16,1751,23,24,385,1,SOXL,1,10.5867,10.7507,158.8005,161.2605,open,time,594,955,154.9114,open,14.7855,140.1259,15.2229,139.6885,
2018-05-17,1752,21,22,269,1,SOXL,1,10.7890,10.5638,161.8350,158.4570,level,stop,592,839,-208.7311,open,14.9945,-223.7256,15.4317,-224.1628,
2018-05-18,1753,24,25,385,-1,SOXS,1,26157600.0000,26172000.0000,10.8990,10.9050,open,time,595,955,5.5051,open,13.9304,-8.4253,20.3513,-14.8462,
2018-05-21,1754,24,25,50,1,SOXL,1,10.7687,10.6447,161.5305,159.6705,level,stop,595,620,-115.1485,open,16.8536,-132.0021,17.2895,-132.4380,
2018-05-22,1755,26,27,300,-1,SOXS,1,24837600.0000,24480000.0000,10.3490,10.2000,gap,stop,597,870,-143.9753,open,14.7432,-158.7184,21.5565,-165.5318,
2018-05-23,1756,17,18,385,1,SOXL,1,10.5939,10.8233,158.9085,162.3495,open,time,588,955,216.5397,open,14.7474,201.7923,15.1832,201.3565,
2018-05-24,1757,18,19,234,-1,SOXS,1,24768000.0000,24312000.0000,10.3200,10.1300,level,stop,589,804,-184.1085,open,14.8051,-198.9136,21.6516,-205.7602,
2018-05-25,1758,22,23,385,1,SOXL,1,11.0507,11.2667,165.7605,169.0005,open,time,593,955,195.4627,open,14.1490,181.3137,14.5673,180.8955,
2018-05-29,1759,16,17,132,1,SOXL,1,11.2393,11.0333,168.5895,165.4995,level,stop,587,702,-183.2854,open,15.2896,-198.5750,15.7086,-198.9941,
2018-05-30,1760,16,17,194,1,SOXL,1,11.3513,11.1907,170.2695,167.8605,level,stop,587,764,-141.4816,open,14.2215,-155.7031,14.6355,-156.1171,
2018-05-31,1761,32,33,267,1,SOXL,1,11.3113,11.0667,169.6695,166.0005,level,stop,603,837,-216.2439,open,11.3613,-227.6052,11.7784,-228.0223,
2018-06-01,1762,15,16,385,1,SOXL,1,11.4340,11.7233,171.5100,175.8495,open,time,586,955,253.0173,open,13.6523,239.3650,14.0554,238.9619,
2018-06-05,1764,16,17,67,1,SOXL,1,12.2767,12.0793,184.1505,181.1895,level,stop,587,637,-160.7924,open,13.9898,-174.7822,14.3731,-175.1655,
2018-06-08,1767,39,40,71,1,SOXL,1,11.7667,11.5340,176.5005,173.0100,level,stop,610,641,-197.7615,open,11.7818,-209.5433,12.1824,-209.9439,
2018-06-11,1768,16,17,52,1,SOXL,1,11.8640,11.6933,177.9600,175.3995,gap,stop,587,622,-143.8806,open,15.3206,-159.2012,15.7168,-159.5975,
2018-06-13,1770,18,19,295,1,SOXL,1,12.0340,11.8713,180.5100,178.0695,level,stop,589,865,-135.2003,open,13.4147,-148.6150,13.8052,-149.0054,
2018-06-25,1778,17,18,385,-1,SOXS,1,26064000.0000,26640000.0000,10.8600,11.1000,open,time,588,955,220.9945,open,13.8807,207.1138,20.2567,200.7378,
2018-06-26,1779,17,18,385,1,SOXL,1,10.0072,9.8800,150.1080,148.2000,open,time,588,955,-127.1085,open,15.7795,-142.8880,16.2488,-143.3573,
2018-06-27,1780,34,35,385,-1,SOXS,1,26160000.0000,28128000.0000,10.9000,11.7200,open,time,605,955,752.2936,open,9.0153,743.2783,15.2126,737.0809,
2018-06-28,1781,18,19,317,-1,SOXS,1,28632000.0000,27768000.0000,11.9300,11.5700,level,stop,589,887,-301.7603,open,12.8671,-314.6274,18.8260,-320.5862,
2018-06-29,1782,31,32,205,1,SOXL,1,9.6940,9.5493,145.4100,143.2395,level,stop,602,775,-149.2676,open,13.2099,-162.4775,13.6950,-162.9626,
2018-07-02,1783,18,19,385,1,SOXL,1,9.2167,9.5595,138.2505,143.3925,open,time,589,955,371.9336,open,16.8637,355.0699,17.3609,354.5726,
2018-07-03,1784,161,162,205,-1,SOXS,1,27528000.0000,28296000.0000,11.4700,11.7900,open,time,732,775,278.9887,open,8.7613,270.2273,14.7814,264.2073,
2018-07-05,1785,78,79,385,1,SOXL,1,9.5098,9.7927,142.6470,146.8905,open,time,649,955,297.4826,open,11.8255,285.6571,12.3091,285.1735,
2018-07-06,1786,18,19,70,-1,SOXS,1,26448000.0000,26112000.0000,11.0200,10.8800,level,stop,589,640,-127.0417,open,13.8405,-140.8822,20.2334,-147.2752,
2018-07-09,1787,20,21,385,-1,SOXS,1,25152000.0000,24792000.0000,10.4800,10.3300,open,time,591,955,-143.1298,open,14.5591,-157.6889,21.2870,-164.4168,
2018-07-10,1788,16,17,385,1,SOXL,1,10.5254,10.6833,157.8810,160.2495,open,time,587,955,150.0181,open,14.8735,135.1445,15.3136,134.7044,
2018-07-12,1790,27,28,385,1,SOXL,1,9.8313,10.0367,147.4695,150.5505,open,time,598,955,208.9246,open,15.8911,193.0335,16.3609,192.5637,
2018-07-13,1791,15,16,385,-1,SOXS,1,25536000.0000,25584000.0000,10.6400,10.6600,open,time,586,955,18.7970,open,14.2619,4.5351,20.8347,-2.0377,
2018-07-16,1792,18,19,322,1,SOXL,1,9.9760,9.8990,149.6400,148.4850,level,stop,589,892,-77.1852,open,16.1398,-93.3251,16.6094,-93.7947,
2018-07-17,1793,20,21,385,1,SOXL,1,9.8507,10.3120,147.7605,154.6800,open,time,591,955,468.2916,open,15.7365,452.5551,16.1996,452.0920,
2018-07-18,1794,37,38,385,-1,SOXS,1,24288000.0000,24024000.0000,10.1200,10.0100,open,time,608,955,-108.6957,open,10.1166,-118.8122,17.0716,-125.7672,
2018-07-19,1795,26,27,385,-1,SOXS,1,24403200.0000,24242400.0000,10.1680,10.1010,open,time,597,955,-65.8930,open,14.9645,-80.8575,21.8717,-87.7647,
2018-07-23,1797,15,16,161,-1,SOXS,1,25680000.0000,24792000.0000,10.7000,10.3300,gap,stop,586,731,-345.7944,open,14.3629,-360.1573,21.0221,-366.8165,
2018-07-24,1798,91,92,385,-1,SOXS,1,24096000.0000,25266720.0000,10.0400,10.5278,open,time,662,955,485.8566,open,9.9039,475.9527,16.7145,469.1421,
2018-07-25,1799,25,26,193,-1,SOXS,1,25488000.0000,24984000.0000,10.6200,10.4100,level,stop,596,763,-197.7401,open,14.3951,-212.1353,21.0530,-218.7931,
2018-07-26,1800,249,250,385,1,SOXL,1,10.7087,10.7147,160.6305,160.7205,open,time,820,955,5.6029,open,9.7059,-4.1030,10.1416,-4.5387,
2018-07-27,1801,18,19,151,1,SOXL,1,11.0080,10.7527,165.1200,161.2905,gap,stop,589,721,-231.9222,open,15.3290,-247.2512,15.7579,-247.6802,
2018-07-31,1803,49,50,385,-1,SOXS,1,24192000.0000,24048240.0000,10.0800,10.0201,open,time,620,955,-59.4246,open,10.1310,-69.5556,17.0962,-76.5208,
2018-08-01,1804,23,24,151,1,SOXL,1,10.5847,10.4000,158.7705,156.0000,gap,stop,594,721,-174.4972,open,15.9060,-190.4032,16.3508,-190.8480,
2018-08-02,1805,21,22,385,1,SOXL,1,10.3120,10.7600,154.6800,161.4000,open,time,592,955,434.4453,open,15.0498,419.3955,15.4930,418.9523,
2018-08-06,1807,34,35,385,1,SOXL,1,10.7533,10.9927,161.2995,164.8905,open,time,605,955,222.6293,open,11.4270,211.2024,11.8562,210.7731,
2018-08-08,1809,18,19,385,1,SOXL,1,11.2840,11.3741,169.2600,170.6115,open,time,589,955,79.8476,open,13.9075,65.9401,14.3194,65.5282,
2018-08-13,1812,15,16,211,1,SOXL,1,10.3560,10.2100,155.3400,153.1500,level,stop,586,781,-140.9811,open,15.9096,-156.8907,16.3634,-157.3445,
2018-08-14,1813,19,20,385,-1,SOXS,1,24336000.0000,24600000.0000,10.1400,10.2500,open,time,590,955,108.4813,open,14.9178,93.5635,21.7841,86.6971,
2018-08-15,1814,16,17,385,-1,SOXS,1,25408080.0000,25632000.0000,10.5867,10.6800,open,time,587,955,88.1294,open,14.3002,73.8293,20.8834,67.2461,
2018-08-16,1815,29,30,385,-1,SOXS,1,25656000.0000,25920000.0000,10.6900,10.8000,open,time,600,955,102.8999,open,9.4783,93.4216,15.9931,86.9068,
2018-08-17,1816,147,148,385,1,SOXL,1,9.4149,9.5000,141.2235,142.5000,open,time,718,955,90.3886,open,12.0502,78.3384,12.5437,77.8450,
2018-08-20,1817,16,17,269,-1,SOXS,1,26880000.0000,26102873.7048,11.2000,10.8762,level,stop,587,839,-289.1095,open,13.6963,-302.8058,20.0393,-309.1488,
2018-08-21,1818,15,16,385,1,SOXL,1,9.6840,10.0000,145.2600,150.0000,open,time,586,955,326.3114,open,16.0744,310.2370,16.5487,309.7628,
2018-08-22,1819,51,52,385,1,SOXL,1,9.9333,10.1427,148.9995,152.1405,open,time,622,955,210.8061,open,12.3718,198.4343,12.8367,197.9694,
2018-08-23,1820,18,19,385,1,SOXL,1,10.3307,10.1753,154.9605,152.6295,open,time,589,955,-150.4254,open,15.2986,-165.7240,15.7538,-166.1792,
2018-08-24,1821,29,30,46,-1,SOXS,1,24144000.0000,23880000.0000,10.0600,9.9500,gap,stop,600,616,-109.3439,open,10.1770,-119.5209,17.1737,-126.5176,
2018-08-27,1822,16,17,385,1,SOXL,1,10.9407,11.1127,164.1105,166.6905,open,time,587,955,157.2111,open,14.3077,142.9035,14.7309,142.4802,
2018-08-30,1825,15,16,111,1,SOXL,1,11.3457,11.1867,170.1855,167.8005,level,stop,586,681,-140.1412,open,14.5258,-154.6670,14.9400,-155.0812,
2018-08-31,1826,18,19,385,1,SOXL,1,11.1591,11.2373,167.3865,168.5595,open,time,589,955,70.0773,open,14.0669,56.0104,14.4836,55.5937,
2018-09-04,1827,76,77,385,1,SOXL,1,11.3180,11.4527,169.7700,171.7905,open,time,647,955,119.0140,open,10.0202,108.9938,10.4301,108.5839,
2018-09-07,1830,18,19,269,1,SOXL,1,10.5593,10.2633,158.3895,153.9495,level,stop,589,839,-280.3216,open,15.3576,-295.6792,15.8060,-296.1276,
2018-09-11,1832,17,18,68,1,SOXL,1,10.4533,10.2145,156.7995,153.2175,gap,stop,588,638,-228.4446,open,16.4639,-244.9085,16.9156,-245.3602,
2018-09-13,1834,72,73,182,-1,SOXS,1,23976000.0000,23136000.0000,9.9900,9.6400,level,stop,643,752,-350.3504,open,10.3776,-360.7279,17.5118,-367.8621,
2018-09-14,1835,16,17,154,1,SOXL,1,10.6680,10.3820,160.0200,155.7300,level,stop,587,724,-268.0915,open,15.8373,-283.9288,16.2808,-284.3723,
2018-09-17,1836,15,16,33,1,SOXL,1,10.4970,10.3967,157.4550,155.9505,level,stop,586,603,-95.5511,open,17.2745,-112.8256,17.7212,-113.2723,
2018-09-18,1837,75,76,385,1,SOXL,1,10.5327,10.4360,157.9905,156.5400,open,time,646,955,-91.8093,open,10.8634,-102.6727,11.3085,-103.1179,
2018-09-20,1839,31,32,385,1,SOXL,1,10.8667,10.8333,163.0005,162.4995,open,time,602,955,-30.7361,open,11.4228,-42.1589,11.8530,-42.5891,
2018-09-21,1840,17,18,232,1,SOXL,1,10.9293,10.7467,163.9395,161.2005,gap,stop,588,802,-167.0738,open,15.0917,-182.1655,15.5223,-182.5961,
2018-09-24,1841,15,16,385,1,SOXL,1,10.6293,10.8420,159.4395,162.6300,open,time,586,955,200.1073,open,14.7058,185.4014,15.1406,184.9667,
2018-09-27,1844,30,31,385,1,SOXL,1,10.1284,10.1220,151.9260,151.8300,open,time,601,955,-6.3189,open,12.2397,-18.5585,12.7006,-19.0194,
2018-10-01,1846,15,16,385,1,SOXL,1,10.5247,10.4100,157.8705,156.1500,open,time,586,955,-108.9817,open,14.9973,-123.9790,15.4431,-124.4249,
2018-10-02,1847,15,16,385,1,SOXL,1,10.5993,10.3953,158.9895,155.9295,open,time,586,955,-192.4655,open,14.9328,-207.3983,15.3774,-207.8429,
2018-10-05,1850,21,22,385,-1,SOXS,1,24737760.0000,25944000.0000,10.3074,10.8100,open,time,592,955,487.6108,open,14.4984,473.1125,21.1317,466.4791,
2018-10-08,1851,15,16,129,1,SOXL,1,9.0120,8.7889,135.1800,131.8335,level,stop,586,699,-247.5588,open,19.1030,-266.6618,19.6274,-267.1862,
2018-10-09,1852,16,17,385,-1,SOXS,1,27432000.0000,27000000.0000,11.4300,11.2500,open,time,587,955,-157.4803,open,13.3599,-170.8402,19.5331,-177.0134,
2018-10-10,1853,16,17,385,-1,SOXS,1,29016000.0000,30408000.0000,12.0900,12.6700,open,time,587,955,479.7353,open,12.3712,467.3641,18.0286,461.7067,
2018-10-11,1854,19,20,101,1,SOXL,1,7.8673,7.5700,118.0095,113.5500,level,stop,590,671,-377.8933,open,21.1064,-398.9997,21.7112,-399.6045,
2018-10-12,1855,16,17,385,-1,SOXS,1,29688000.0000,29856000.0000,12.3700,12.4400,open,time,587,955,56.5885,open,12.2589,44.3297,17.9018,38.6867,
2018-10-15,1856,16,17,34,1,SOXL,1,7.7493,7.5900,116.2395,113.8500,level,stop,587,604,-205.5670,open,23.4889,-229.0559,24.0975,-229.6644,
2018-10-16,1857,26,27,385,1,SOXL,1,7.9773,8.3787,119.6595,125.6805,open,time,597,955,503.1778,open,19.4001,483.7776,19.9711,483.2067,
2018-10-17,1858,30,31,385,-1,SOXS,1,27840000.0000,28023840.0000,11.6000,11.6766,open,time,601,955,66.0345,open,8.7547,57.2797,14.7694,51.2650,
2018-10-18,1859,110,111,385,-1,SOXS,1,29352000.0000,30024000.0000,12.2300,12.5100,open,time,681,955,228.9452,open,8.2400,220.7052,13.8996,215.0456,
2018-10-19,1860,20,21,111,1,SOXL,1,7.8880,7.6993,118.3200,115.4895,level,stop,591,681,-239.2241,open,20.9449,-260.1690,21.5437,-260.7679,
2018-10-22,1861,21,22,385,-1,SOXS,1,31488000.0000,30816000.0000,13.1200,12.8400,open,time,592,955,-213.4146,open,11.6683,-225.0829,17.0618,-230.4765,
2018-10-23,1862,44,45,98,-1,SOXS,1,34128000.0000,33053229.9414,14.2200,13.7722,level,stop,615,668,-314.9232,open,7.2921,-322.2153,12.2948,-327.2180,
2018-10-24,1863,30,31,385,-1,SOXS,1,33888000.0000,37104000.0000,14.1200,15.4600,open,time,601,955,949.0085,open,6.9103,942.0982,11.6530,937.3555,
2018-10-25,1864,23,24,385,1,SOXL,1,6.1173,6.2467,91.7595,93.7005,open,time,594,955,211.5312,open,25.5060,186.0252,26.2609,185.2703,
2018-10-26,1865,15,16,62,1,SOXL,1,6.0113,5.7840,90.1695,86.7600,level,stop,586,632,-378.1212,open,28.7601,-406.8813,29.5517,-407.6729,
2018-10-29,1866,30,31,100,1,SOXL,1,6.3293,6.1876,94.9395,92.8140,level,stop,601,670,-223.8794,open,20.8094,-244.6889,21.5552,-245.4346,
2018-10-30,1867,17,18,385,1,SOXL,1,6.1333,6.4253,91.9995,96.3795,open,time,588,955,476.0895,open,25.2376,450.8519,25.9812,450.1083,
2018-10-31,1868,32,33,152,1,SOXL,1,6.7967,6.5648,101.9505,98.4720,level,stop,603,722,-341.1950,open,19.9934,-361.1884,20.6921,-361.8871,
2018-11-01,1869,61,62,385,1,SOXL,1,7.0033,7.6540,105.0495,114.8100,open,time,632,955,929.1334,open,15.6382,913.4952,16.2762,912.8572,
2018-11-02,1870,16,17,35,1,SOXL,1,7.6347,7.3525,114.5205,110.2875,level,stop,587,605,-369.6281,open,24.0080,-393.6362,24.6310,-394.2591,
2018-11-05,1871,33,34,385,-1,SOXS,1,30360000.0000,29448000.0000,12.6500,12.2700,open,time,604,955,-300.3953,open,8.1845,-308.5798,13.8038,-314.1990,
2018-11-06,1872,19,20,385,1,SOXL,1,7.3374,7.3447,110.0610,110.1705,open,time,590,955,9.9490,open,21.4078,-11.4588,22.0435,-12.0945,
2018-11-07,1873,16,17,149,-1,SOXS,1,28392000.0000,27276963.6589,11.8300,11.3654,level,stop,587,719,-392.7291,open,13.0178,-405.7468,19.0559,-411.7849,
2018-11-08,1874,16,17,385,1,SOXL,1,7.5407,7.5247,113.1105,112.8705,open,time,587,955,-21.2182,open,20.8528,-42.0709,21.4723,-42.6905,
2018-11-09,1875,39,40,385,-1,SOXS,1,29816640.0000,29232000.0000,12.4236,12.1800,open,time,610,955,-196.0784,open,8.2874,-204.3659,13.9782,-210.0566,
2018-11-12,1876,17,18,385,-1,SOXS,1,31872000.0000,33288000.0000,13.2800,13.8700,open,time,588,955,444.2771,open,11.2798,432.9974,16.4387,427.8384,
2018-11-13,1877,87,88,385,1,SOXL,1,6.5687,6.4053,98.5305,96.0795,open,time,658,955,-248.7555,open,17.5123,-266.2677,18.2318,-266.9872,
2018-11-14,1878,15,16,40,1,SOXL,1,6.7625,6.6000,101.4375,99.0000,gap,stop,586,610,-240.2957,open,26.9485,-267.2443,27.6471,-267.9428,
2018-11-15,1879,18,19,385,1,SOXL,1,6.6633,7.1160,99.9495,106.7400,open,time,589,955,679.3931,open,23.0977,656.2954,23.7758,655.6173,
2018-11-16,1880,19,20,385,1,SOXL,1,6.6620,6.8653,99.9300,102.9795,open,time,590,955,305.1636,open,23.3578,281.8058,24.0480,281.1157,
2018-11-19,1881,20,21,385,-1,SOXS,1,30456000.0000,32784000.0000,12.6900,13.6600,open,time,591,955,764.3814,open,11.6867,752.6947,17.0070,747.3744,
2018-11-20,1882,50,51,385,1,SOXL,1,5.8899,6.0727,88.3485,91.0905,open,time,621,955,310.3618,open,20.7495,289.6123,21.5299,288.8319,
2018-11-21,1883,21,22,385,-1,SOXS,1,32208000.0000,32088000.0000,13.4200,13.3700,open,time,592,955,-37.2578,open,11.3395,-48.5973,16.5654,-53.8232,
2018-11-23,1884,15,16,205,1,SOXL,1,6.2732,6.2107,94.0980,93.1605,open,time,586,775,-99.6302,open,25.6558,-125.2860,26.4035,-126.0337,
2018-11-26,1885,29,30,136,1,SOXL,1,6.4787,6.3100,97.1805,94.6500,level,stop,600,706,-260.3917,open,21.4209,-281.8126,22.1508,-282.5425,
2018-11-27,1886,35,36,385,1,SOXL,1,6.4827,6.5507,97.2405,98.2605,open,time,606,955,104.8946,open,19.0092,85.8854,19.7253,85.1693,
2018-11-28,1887,16,17,158,-1,SOXS,1,30360000.0000,29261214.1796,12.6500,12.1922,level,stop,587,728,-361.9189,open,12.1638,-374.0827,17.8012,-379.7202,
2018-11-29,1888,32,33,321,-1,SOXS,1,28656000.0000,28041452.2518,11.9400,11.6839,level,stop,603,891,-214.4569,open,8.6292,-223.0862,14.5561,-229.0131,
2018-11-30,1889,56,57,385,1,SOXL,1,6.8747,7.0187,103.1205,105.2805,open,time,627,955,209.4637,open,17.8543,191.6094,18.5262,190.9375,
2018-12-03,1890,41,42,81,1,SOXL,1,7.8487,7.6571,117.7305,114.8565,level,stop,612,651,-244.1169,open,17.6769,-261.7937,18.2789,-262.3958,
2018-12-04,1891,16,17,385,-1,SOXS,1,26736000.0000,28968000.0000,11.1400,12.0700,open,time,587,955,834.8294,open,13.2779,821.5516,19.3195,815.5100,
2018-12-06,1892,42,43,115,1,SOXL,1,6.2133,5.9847,93.1995,89.7705,level,stop,613,685,-367.9204,open,21.3367,-389.2571,22.1021,-390.0226,
2018-12-07,1893,20,21,385,-1,SOXS,1,30144000.0000,32616000.0000,12.5600,13.5900,open,time,591,955,820.0637,open,11.7876,808.2761,17.1497,802.9140,
2018-12-10,1894,92,93,246,-1,SOXS,1,33192000.0000,31560000.0000,13.8300,13.1500,level,stop,663,816,-491.6847,open,7.5675,-499.2522,12.7598,-504.4445,
2018-12-11,1895,54,55,122,1,SOXL,1,6.4833,6.2607,97.2495,93.9105,level,stop,625,692,-343.3437,open,21.4920,-364.8356,22.2246,-365.5682,
2018-12-12,1896,16,17,52,-1,SOXS,1,30240000.0000,29275948.4136,12.6000,12.1983,level,stop,587,622,-318.8001,open,12.1930,-330.9931,17.8400,-336.6402,
2018-12-13,1897,21,22,385,-1,SOXS,1,29400240.0000,29868000.0000,12.2501,12.4450,open,time,592,955,159.1007,open,12.3363,146.7644,18.0058,141.0949,
2018-12-14,1898,15,16,314,1,SOXL,1,6.2913,6.0600,94.3695,90.9000,gap,stop,586,884,-367.6506,open,25.8208,-393.4714,26.5767,-394.2273,
2018-12-17,1899,18,19,31,-1,SOXS,1,31752000.0000,31302326.9520,13.2300,13.0426,level,stop,589,601,-141.6204,open,11.5428,-153.1632,16.8718,-158.4922,
2018-12-18,1900,15,16,339,1,SOXL,1,6.1236,5.9460,91.8540,89.1900,level,stop,586,909,-290.0255,open,26.4541,-316.4796,27.2276,-317.2531,
2018-12-19,1901,24,25,123,1,SOXL,1,5.9967,5.8373,89.9505,87.5595,level,stop,595,693,-265.8129,open,28.7032,-294.5160,29.4920,-295.3049,
2018-12-20,1902,36,37,111,1,SOXL,1,5.4993,5.2333,82.4895,78.4995,gap,stop,607,681,-483.6979,open,24.2307,-507.9286,25.1008,-508.7988,
2018-12-21,1903,36,37,45,-1,SOXS,1,35448000.0000,34296000.0000,14.7700,14.2900,level,stop,607,615,-324.9831,open,7.0262,-332.0092,11.8451,-336.8282,
2018-12-24,1904,15,16,205,-1,SOXS,1,39000000.0000,40032000.0000,16.2500,16.6800,open,time,586,775,264.6154,open,9.2804,255.3350,13.5326,251.0828,
2018-12-26,1905,29,30,147,-1,SOXS,1,39888000.0000,38969901.5718,16.6200,16.2375,level,stop,600,717,-230.1691,open,6.2188,-236.3879,10.4802,-240.6493,
2018-12-27,1906,257,258,359,-1,SOXS,1,35712000.0000,33918939.5879,14.8800,14.1329,level,stop,828,929,-502.0890,open,7.0410,-509.1301,11.8697,-513.9587,
2018-12-28,1907,15,16,57,1,SOXL,1,5.5409,5.3340,83.1135,80.0100,level,stop,586,627,-373.4050,open,33.0663,-406.4714,33.9249,-407.3299,
2018-12-31,1908,44,45,385,-1,SOXS,1,31800000.0000,32112000.0000,13.2500,13.3800,open,time,615,955,98.1132,open,7.6587,90.4545,12.9160,85.1972,
