ticker,group,session,bucket_start_et,bucket_end_et,n_days,tw_mid,tw_mean_bsz,median_of_window_tw_median_bsz,tw_mean_asz,median_of_window_tw_median_asz,tw_mean_bdol,median_of_window_tw_median_bdol,tw_mean_adol,median_of_window_tw_median_adol
SOXL,last12m,rth,09:30,10:00,17,114.15244369756356,520.0998821334646,200.0,533.4199468627721,200.0,50601.82329435777,26528.5,48552.73046664617,26161.0
SOXL,last12m,rth,10:00,10:30,17,113.96368084282857,548.885902606643,200.0,607.3769353119394,300.0,46043.15151330358,22990.0,59431.10678475358,24977.0
SOXL,last12m,rth,10:30,11:00,17,112.63484918753339,584.4611150321265,250.0,549.2847787340223,250.0,47090.72005911011,21240.0,41521.3907255706,24395.5
SOXL,last12m,rth,11:00,11:30,17,112.50642444175067,622.3561868821656,250.0,590.5762061954391,200.0,49711.40252744642,27333.0,44313.59106858437,23974.0
SOXL,last12m,rth,11:30,12:00,17,111.92567431109899,580.6763779463852,200.0,702.2897852652022,250.0,45372.72068263763,22806.0,57117.161662659026,27535.0
SOXL,last12m,rth,12:00,12:30,17,112.8810489753553,632.5803515405242,200.0,773.5599842190358,300.0,47233.805509979786,27134.0,60262.07534137281,27924.0
SOXL,last12m,rth,12:30,13:00,17,112.6265970065218,628.1490533898726,200.0,675.103126750138,300.0,44258.73821860684,26947.0,52643.59088109984,29423.0
SOXL,last12m,rth,13:00,13:30,17,112.82345827746633,609.5739401879316,250.0,691.2407897389343,300.0,45132.90118751088,27444.0,48590.50437252934,27799.0
SOXL,last12m,rth,13:30,14:00,17,113.09593310715059,636.4261240508628,200.0,752.2077908086188,200.0,52864.50268466903,28434.5,51358.13909862076,27446.0
SOXL,last12m,rth,14:00,14:30,17,113.3093194394593,623.2379370378222,300.0,718.5092164714841,250.0,45566.94069228043,27395.0,52520.40319929743,28869.0
SOXL,last12m,rth,14:30,15:00,17,113.06276682153889,714.4235028371681,250.0,729.2973904701447,250.0,50912.041152517,28226.0,51358.31328959876,28855.5
SOXL,last12m,rth,15:00,15:30,17,112.92038513256176,856.9867450562922,300.0,803.8600855742891,300.0,59411.69528915814,29428.5,55908.21245909193,26969.0
SOXL,last12m,rth,15:30,16:00,17,112.51219553636166,1353.5708779586794,300.0,1662.0667130621782,300.0,89956.10977196084,43560.0,123985.16179414067,33381.0
SOXL,last12m,open5,09:30,09:35,17,113.93687369979811,511.04142952908546,200.0,434.85734605729726,200.0,50157.10841048074,19676.0,39753.789577292286,21279.000000000004
SOXL,last12m,close5,15:55,16:00,17,111.91435493681502,2331.497178543959,500.0,3025.6552508002237,400.0,180217.89051939204,73150.0,265829.53284776263,70844.0
SOXL,last12m,pre,04:00,07:00,17,115.22559574598259,262.71688945763515,100.0,277.9936702323569,100.0,26474.895135398267,14609.0,29674.576322148936,14216.999999999998
SOXL,last12m,pre,07:00,08:00,17,115.22145385834867,263.46624547841986,100.0,353.6344281584824,100.0,27862.509186450967,13816.0,33405.87693806022,13944.0
SOXL,last12m,pre,08:00,09:00,17,114.99110143614975,376.7733823622149,100.0,352.7484391977292,100.0,40073.395037715854,14593.0,31589.562658749168,14069.999999999998
SOXL,last12m,pre,09:00,09:30,17,114.28157003872762,389.6459956948136,100.0,403.12059705283036,200.0,36737.80143197765,14363.999999999998,41500.243147333036,14675.0
SOXL,last12m,post,16:00,17:00,17,111.59181055921734,638.622303850518,200.0,555.4324203473203,200.0,53991.55167607771,15119.0,64035.654975951424,16784.0
SOXL,last12m,post,17:00,18:00,17,112.71455120051557,570.8903682509116,200.0,976.4674348127467,300.0,44650.014490115755,20799.0,107236.47429103884,19866.0
SOXL,last12m,post,18:00,20:00,17,111.75711771371587,512.8723807603858,200.0,679.1122101369685,200.0,44447.55146478597,19251.0,58997.47055931728,22919.0
SOXL,last12m,pre,04:00,09:30,17,114.93003093056458,323.0998461435887,100.0,346.8568937339637,100.0,32781.34400478912,14273.0,34042.53433772467,14194.5
SOXL,last12m,post,16:00,20:00,17,112.01767834787977,574.1447736948796,200.0,735.8016023715297,200.0,47711.67976826417,19251.0,76603.5115630763,19866.0
SOXL,last12m,rth,09:30,16:00,17,112.95499131317796,685.5010950009832,300.0,752.991503045057,300.0,51858.673750033624,27658.0,57505.65167193807,27548.0
SOXL,last5,rth,09:30,10:00,5,142.8142205717635,279.5193138476478,200.0,355.04127986097706,100.0,39714.437656700204,26236.0,51306.57075804655,15204.5
SOXL,last5,rth,10:00,10:30,5,142.98353941668682,282.62820810167875,100.0,365.87749885219466,100.0,40232.884875382726,15180.5,51506.15641405548,15153.5
SOXL,last5,rth,10:30,11:00,5,143.46126044530934,270.78833902883133,100.0,260.652485394776,100.0,38642.456685386576,15029.5,37251.27873771574,15035.5
SOXL,last5,rth,11:00,11:30,5,144.17804578743093,341.38863852999276,100.0,285.3796542006768,100.0,49658.343198460636,15182.5,41039.079307103755,15184.0
SOXL,last5,rth,11:30,12:00,5,143.77801302603658,272.6599652125212,100.0,306.690677398009,200.0,39092.6183379186,14850.5,44014.10380748136,27912.0
SOXL,last5,rth,12:00,12:30,5,145.2244605879391,289.23057829584815,150.0,450.42744795583945,200.0,41962.29158648362,21591.0,65422.347341292094,28641.0
SOXL,last5,rth,12:30,13:00,5,145.52128319098077,234.24448273192326,100.0,324.2296232185642,200.0,33912.73326840358,15303.500000000002,47094.362132872026,28210.000000000004
SOXL,last5,rth,13:00,13:30,5,145.53026767054993,281.2875786066126,100.0,276.27972613207726,150.0,40875.02020932941,15083.5,40059.1877738939,21700.5
SOXL,last5,rth,13:30,14:00,5,145.83750468387174,248.36297658433924,100.0,253.7000349459376,100.0,36185.68014118999,15262.5,36805.83394502844,15267.0
SOXL,last5,rth,14:00,14:30,5,145.95863391528496,266.4693436910076,100.0,345.1812916683234,200.0,38666.53475744941,15279.0,50222.64014382415,28949.0
SOXL,last5,rth,14:30,15:00,5,146.39201232552176,250.149436643946,100.0,263.881838353732,200.0,36520.26566390249,15248.0,38456.681913979446,28595.0
SOXL,last5,rth,15:00,15:30,5,147.0828023491744,276.4112279481698,200.0,316.4607122868055,200.0,40525.452247078916,29504.0,46478.016821397025,29714.0
SOXL,last5,rth,15:30,16:00,5,147.37468577183583,323.572348017955,200.0,340.77015428369964,200.0,47528.27430445038,30273.0,50062.8828674619,29108.999999999996
SOXL,last5,open5,09:30,09:35,5,141.54162803733155,269.7025376106797,100.0,241.25067897863457,100.0,37884.12928165755,14950.0,34153.75044771506,14978.0
SOXL,last5,close5,15:55,16:00,5,147.69751759365366,486.4875348209813,300.0,1869.0950372911789,200.0,71542.02497435342,42690.0,273954.12825939216,30374.0
SOXL,last5,pre,04:00,07:00,5,142.67583281844583,203.7457893843802,100.0,293.2312019870731,100.0,28968.616225827267,14226.0,42092.41094796464,14216.999999999998
SOXL,last5,pre,07:00,08:00,5,141.29795783199137,201.88715968442375,100.0,212.9592037847282,100.0,28639.67904241112,13931.0,30039.75983279518,13944.0
SOXL,last5,pre,08:00,09:00,5,140.7688632399048,347.59084384825945,100.0,224.48779161599418,100.0,49279.29679226661,15141.999999999998,31570.71385710216,13759.0
SOXL,last5,pre,09:00,09:30,5,141.02395528754215,229.69101174680276,100.0,255.89546623161925,100.0,32344.43535495219,13747.999999999998,36681.88098487285,14675.0
SOXL,last5,post,16:00,17:00,5,146.98247534428575,211.89433699250364,100.0,246.07071319102684,100.0,31198.365464776558,14590.0,36188.08395006875,14602.000000000002
SOXL,last5,post,17:00,18:00,5,147.18058304409573,285.8386117857369,200.0,330.086157771323,100.0,42129.64950060353,30132.0,48922.93820114281,15191.999999999998
SOXL,last5,post,18:00,20:00,5,147.74943764530204,347.798039530123,100.0,356.8189692147936,100.0,51333.06115241433,15238.0,52854.07694461506,14609.0
SOXL,last5,pre,04:00,09:30,5,141.4416525801868,245.72869925573195,100.0,246.64340814444716,100.0,34808.0067020223,14409.5,35096.19013422203,14080.5
SOXL,last5,post,16:00,20:00,5,147.30416512214074,281.843635067712,100.0,310.9919313147309,100.0,41553.68792794125,15177.000000000002,45988.364073813704,14609.0
SOXL,last5,rth,09:30,16:00,5,145.08738780176063,278.2087203529753,100.0,318.81403616728727,200.0,40270.53568414998,15303.500000000002,46132.335801968016,27550.0
SOXL,normal18m,rth,09:30,10:00,20,100.03542531124508,1416.5564664676738,250.0,1476.516680941724,250.0,59165.80321533834,28470.0,57467.48274371101,27290.0
SOXL,normal18m,rth,10:00,10:30,20,99.86085578993577,3112.5060718850114,300.0,3473.231102329682,300.0,75013.10636401956,27096.5,90686.28822447405,27582.0
SOXL,normal18m,rth,10:30,11:00,20,98.70453935784437,1883.9398358956307,300.0,1922.6763327406152,300.0,61287.459064280534,26521.0,58464.62299182475,27391.0
SOXL,normal18m,rth,11:00,11:30,20,98.57437420621878,2368.9777864452294,300.0,2239.49931308287,300.0,69418.86419888322,28848.5,64963.99999683334,27368.0
SOXL,normal18m,rth,11:30,12:00,20,98.10965802906735,2634.5330001603293,300.0,2294.569644123701,300.0,70930.07198555309,24845.5,74946.42783458681,28313.0
SOXL,normal18m,rth,12:00,12:30,20,98.92248312399052,2392.2321294624585,350.0,2798.003740899214,350.0,70066.7740258425,28220.0,89276.59606983651,29539.5
SOXL,normal18m,rth,12:30,13:00,20,98.70381159857058,2540.375760363242,300.0,2517.4583442602257,300.0,69302.14947649995,28156.0,78950.82950927135,30535.0
SOXL,normal18m,rth,13:00,13:30,20,98.8407343312248,2301.9013589053425,300.0,2389.7148849916366,300.0,66384.95304679222,28299.5,70230.12896599411,28799.5
SOXL,normal18m,rth,13:30,14:00,20,99.06830979373235,2137.9944608725,300.0,2430.8024985481425,300.0,70738.35684131274,29104.0,72078.39718308812,28725.0
SOXL,normal18m,rth,14:00,14:30,20,99.26032214766984,2851.000208967318,300.0,2667.6185854250643,300.0,77484.32789532567,28883.0,78922.85655874187,29539.5
SOXL,normal18m,rth,14:30,15:00,20,99.06541442034438,2224.8006875796746,300.0,2648.1342779515444,300.0,72519.36720223978,28839.5,76461.6174056858,29454.0
SOXL,normal18m,rth,15:00,15:30,20,98.93696506566577,2445.811460298072,300.0,2476.5429662653346,300.0,78177.23982317498,32473.0,77411.66397131812,29454.5
SOXL,normal18m,rth,15:30,16:00,20,98.58716568405458,3532.2825809231426,500.0,4291.400637768362,450.0,115593.97182165715,64884.0,154956.36950201003,52974.0
SOXL,normal18m,open5,09:30,09:35,20,99.8631212612669,1159.4353186900603,200.0,1118.287170230197,200.0,53727.515159522496,24392.5,44698.859843337435,26243.0
SOXL,normal18m,close5,15:55,16:00,20,98.08264904661624,6084.530989502887,800.0,6277.820124863631,1000.0,222809.89638273593,81574.0,287772.91850440187,75725.0
SOXL,normal18m,pre,04:00,07:00,20,102.73479138998563,991.3257695864471,100.0,1693.9117928846565,100.0,35370.43592789334,15135.0,46836.354300516185,14788.5
SOXL,normal18m,pre,07:00,08:00,20,103.55236379969716,959.0054831358393,100.0,998.227971857399,100.0,37284.112124633066,14085.5,41569.98134487153,14292.5
SOXL,normal18m,pre,08:00,09:00,20,102.66692948377732,1024.0422974549883,200.0,2141.6803022053136,100.0,46326.55338082537,15997.0,51347.461357860855,14320.0
SOXL,normal18m,pre,09:00,09:30,20,101.77362846313599,1189.9386264401285,150.0,1258.1317774469887,200.0,46460.328014769606,14928.5,51165.35245937118,18373.5
SOXL,normal18m,post,16:00,17:00,20,98.92616992323072,997.0269434650095,250.0,855.2193984050011,200.0,53796.67503654273,18772.0,60910.058774701094,18341.0
SOXL,normal18m,post,17:00,18:00,20,98.72277070594272,1802.4090619437684,200.0,1213.1382102788223,350.0,58483.9850409205,29221.5,97352.18610339901,29603.0
SOXL,normal18m,post,18:00,20:00,20,97.96126585770631,1505.5863307406707,250.0,1518.4180301652261,300.0,49889.42123477477,19570.5,61272.67253313022,23236.5
SOXL,normal18m,pre,04:00,09:30,20,102.67954105103304,1041.3282132667684,100.0,1523.6818319594117,100.0,41366.03271189212,14649.5,47742.49831230061,14615.0
SOXL,normal18m,post,16:00,20:00,20,98.53404037850437,1435.339701343199,200.0,1197.1043172970487,300.0,54037.190545804086,20344.5,73122.63687464086,22759.5
SOXL,normal18m,rth,09:30,16:00,20,98.97461402990747,2449.4728417425845,300.0,2586.6575625449627,300.0,73545.48557470879,29000.0,80371.85672146616,29097.0
SOXL,since_2026-07-15,rth,09:30,10:00,6,141.90533503165312,309.7700196717774,150.0,345.34636692665634,100.0,43632.29651080212,20741.0,49567.71644953603,15204.5
SOXL,since_2026-07-15,rth,10:00,10:30,6,142.44007474236238,284.56596971919305,150.0,378.95183175217164,100.0,40381.606999345524,21186.0,53275.08828303203,15153.5
SOXL,since_2026-07-15,rth,10:30,11:00,6,142.4904150321195,281.18917681029745,100.0,272.63199499677387,100.0,39830.65856796048,14801.0,38681.85003579497,15035.5
SOXL,since_2026-07-15,rth,11:00,11:30,6,142.60948872936996,334.88757554114477,100.0,277.8475487296029,100.0,48167.93647208559,15182.5,39598.08024210233,15184.0
SOXL,since_2026-07-15,rth,11:30,12:00,6,142.44142253313558,264.03898615993205,100.0,478.69296579627814,200.0,37576.752534803054,14543.499999999998,67017.20066031413,27535.0
SOXL,since_2026-07-15,rth,12:00,12:30,6,143.602588687244,280.357007523548,100.0,418.81724400873765,200.0,40296.15084001155,15334.500000000002,60409.45625334652,27886.0
SOXL,since_2026-07-15,rth,12:30,13:00,6,143.5860992252109,259.3132432970791,100.0,304.799899957473,150.0,36829.61274848058,15303.500000000002,43879.370972765864,21658.5
SOXL,since_2026-07-15,rth,13:00,13:30,6,143.64170456286604,278.1566880848375,100.0,270.17516540622853,200.0,39931.246351902344,14830.5,38743.998451491534,26847.0
SOXL,since_2026-07-15,rth,13:30,14:00,6,143.8873460522202,253.83287685429346,150.0,259.4897641304534,150.0,36435.4359120969,21003.0,37122.77078488372,21016.5
SOXL,since_2026-07-15,rth,14:00,14:30,6,143.9471153267943,260.23339754428395,100.0,342.1401529399131,200.0,37331.42419354501,15279.0,49152.36646844757,28536.0
SOXL,since_2026-07-15,rth,14:30,15:00,6,144.35577144816986,251.89032798433183,100.0,265.10539983760924,200.0,36258.04867802249,15091.5,38114.698259419245,27542.0
SOXL,since_2026-07-15,rth,15:00,15:30,6,145.04491909533203,292.19209387730257,200.0,310.6020438924529,200.0,42109.93895128957,30029.0,45056.13597918354,28002.0
SOXL,since_2026-07-15,rth,15:30,16:00,6,145.2087054261211,376.6743314553241,250.0,332.04513365528766,200.0,53985.6834620928,36572.5,48178.90655468715,28000.0
SOXL,since_2026-07-15,open5,09:30,09:35,6,141.43413167680296,281.06313385353695,100.0,308.6052324172767,150.0,39479.270989331555,14575.0,43683.09102548166,20532.0
SOXL,since_2026-07-15,close5,15:55,16:00,6,144.82608792249135,669.5630733829329,300.0,1610.8508106963488,250.0,94010.20893414742,40965.0,235242.37686575105,34700.5
SOXL,since_2026-07-15,pre,04:00,07:00,6,143.2388742991373,207.44508404460427,100.0,279.5854319888061,100.0,29639.699692207047,14417.5,40222.66389324016,14419.999999999998
SOXL,since_2026-07-15,pre,07:00,08:00,6,141.5922724111774,205.92654028108655,100.0,226.65364119005116,100.0,29255.352152960357,14118.5,32072.85364916792,14136.5
SOXL,since_2026-07-15,pre,08:00,09:00,6,140.70934474210702,324.2487226929189,100.0,229.5960153321957,100.0,45919.87964090381,14867.5,32278.77059619867,13914.5
SOXL,since_2026-07-15,pre,09:00,09:30,6,141.1670321978842,227.61188640893099,100.0,253.94943154633262,150.0,32089.541643478733,14205.0,36344.864559022855,21049.5
SOXL,since_2026-07-15,post,16:00,17:00,6,144.24000108153498,219.44737154589657,100.0,264.3740229768081,100.0,31593.689076799674,14568.5,37901.17029864538,14850.0
SOXL,since_2026-07-15,post,17:00,18:00,6,144.4769495526616,266.00519085838533,200.0,334.6055554732052,100.0,38748.35614174746,29612.0,48566.74538500385,14875.5
SOXL,since_2026-07-15,post,18:00,20:00,6,144.85364880700624,343.34988878373946,100.0,320.8988595522184,100.0,49753.092242136416,15207.5,47116.18148047156,14602.5
SOXL,since_2026-07-15,pre,04:00,09:30,6,141.6768812201798,241.30805761064184,100.0,247.44612597344448,100.0,34226.11828327356,14449.5,35229.78750965375,14273.0
SOXL,since_2026-07-15,post,16:00,20:00,6,144.5235368293226,276.26822113991085,100.0,306.62671421286933,100.0,40031.822129671644,15105.0,44528.121311936186,14605.5
SOXL,since_2026-07-15,rth,09:30,16:00,6,143.4738882503339,286.6994135438275,100.0,327.4356780960097,200.0,40981.95724641727,15281.0,46830.77271330155,26873.0
SOXL,stress,rth,09:30,10:00,8,84.31515142376796,5354.949207443087,2000.0,5566.985005511024,2200.0,86305.67892767055,40488.0,80911.45384167122,28013.0
SOXL,stress,rth,10:00,10:30,8,82.16811251722537,14662.357504829142,3050.0,9615.872339076634,3550.0,178485.11221720013,47916.0,126195.46515282647,41066.0
SOXL,stress,rth,10:30,11:00,8,81.97703597446774,7041.797641859317,3200.0,8785.06505119369,3450.0,92758.83395119781,55157.0,113346.0629239372,50027.5
SOXL,stress,rth,11:00,11:30,8,79.63442965773257,6112.902906092624,2400.0,7986.086856078385,2350.0,85376.17290653476,32297.0,103668.5283453448,39828.5
SOXL,stress,rth,11:30,12:00,8,78.21172939663728,8209.857331448815,2850.0,8400.857514489304,3750.0,103536.19106662116,44716.0,100390.22190213027,47432.5
SOXL,stress,rth,12:00,12:30,8,75.76565773667242,10731.055478182761,3750.0,11290.498321875017,5750.0,128141.43076152839,49837.0,131545.15913858087,67429.0
SOXL,stress,rth,12:30,13:00,8,73.49720081328242,12068.792209130987,4450.0,13983.950478609218,4950.0,142748.4199579597,59046.0,166745.29027215618,65998.0
SOXL,stress,rth,13:00,13:30,8,75.33680663130322,7967.91941112958,5000.0,10952.971072505925,5400.0,106135.9973737245,61815.0,134922.12023249516,70612.0
SOXL,stress,rth,13:30,14:00,8,76.7795886909726,5769.907894771536,2700.0,6464.759322060234,2850.0,91001.36484977094,48443.5,102152.58512558916,57250.5
SOXL,stress,rth,14:00,14:30,8,76.68991489380102,7624.06739870523,3800.0,9225.542016984002,4300.0,117885.1608962089,53775.5,124600.35466544016,57741.0
SOXL,stress,rth,14:30,15:00,8,75.74736997583425,5127.037902272553,2600.0,6493.2973139448395,2550.0,100795.95276802259,46809.0,92169.45683455007,46919.0
SOXL,stress,rth,15:00,15:30,8,75.77970296846746,6324.047563094654,3250.0,7857.299905289921,3850.0,92215.43021455672,54439.0,114162.91246907592,72085.5
SOXL,stress,rth,15:30,16:00,8,76.15848572637815,13623.172696836853,4350.0,12248.046793146908,5050.0,168322.53145415604,56591.0,175814.4992393693,72705.5
SOXL,stress,open5,09:30,09:35,8,84.465972728529,3759.817041570748,1100.0,3138.717827908457,1350.0,92767.00137632426,28234.0,52294.645507248475,30961.0
SOXL,stress,close5,15:55,16:00,8,76.2274099236734,23206.17059799716,7850.0,24135.26394565592,7300.0,344906.3230718248,110401.0,359678.6360923008,137329.5
SOXL,stress,pre,04:00,07:00,8,88.35226462519458,2145.9538294197732,800.0,1994.8915885695965,800.0,40568.70195078087,23429.0,42463.07696589996,22705.0
SOXL,stress,pre,07:00,08:00,8,88.09732022383754,2910.048059781182,1000.0,2497.2345678828,1150.0,57325.61546718432,27529.0,45982.11894317219,32292.0
SOXL,stress,pre,08:00,09:00,8,87.60662085782499,2270.953321671656,900.0,2130.2260358550907,700.0,46989.58454454652,25445.0,44492.46252236307,23222.0
SOXL,stress,pre,09:00,09:30,8,85.54147923276298,4499.594149087669,550.0,3210.5586785102664,350.0,66369.26676971647,32130.0,47836.28441569822,20965.0
SOXL,stress,post,16:00,17:00,8,76.22583370822085,3335.9476331947544,950.0,3683.970761850807,1300.0,62616.637705892,36561.0,86990.26186179317,33212.0
SOXL,stress,post,17:00,18:00,8,76.62651824098629,6527.526042179916,1850.0,2678.369411023906,1400.0,114561.20463499821,35943.0,57048.12429554043,38559.0
SOXL,stress,post,18:00,20:00,8,74.62591234748493,3257.0703491987956,800.0,2377.798417452017,950.0,59078.95978271953,26045.0,99774.24062498816,35085.0
SOXL,stress,pre,04:00,09:30,8,87.39285060402878,2962.4986302984958,700.0,2461.0717786566966,400.0,52863.96429800721,24254.0,45202.97565189704,22981.0
SOXL,stress,post,16:00,20:00,8,75.8273945804468,4378.974028152241,1150.0,2912.179322076695,950.0,78842.00155365844,34748.0,81214.95347877417,36678.0
SOXL,stress,rth,09:30,16:00,8,77.85103868031796,8509.521225534127,2200.0,9144.183678625466,2500.0,114903.47080791899,43742.0,120510.65240101462,54712.5
SOXL,y2022,rth,09:30,10:00,5,22.042360552607835,4898.216679770683,2300.0,4622.996727256083,1800.0,64945.166937939655,24915.0,63807.84916173237,19468.0
SOXL,y2022,rth,10:00,10:30,5,21.893884395223825,5826.894631924169,3900.0,6161.899540670223,3450.0,79145.71090582114,42991.0,83287.86500357129,40446.0
SOXL,y2022,rth,10:30,11:00,5,22.04821759365651,8765.213575299822,7450.0,8735.41290464221,4050.0,116675.27820797126,86566.0,116241.8764799959,45103.0
SOXL,y2022,rth,11:00,11:30,5,22.25241262270329,8641.052857723571,6150.0,8271.75805527878,3600.0,115698.26103829153,73234.5,113447.8288703415,39665.5
SOXL,y2022,rth,11:30,12:00,5,22.148834813455256,7836.95421777694,5150.0,9307.599261178839,8550.0,108049.62670126135,55826.5,128146.90996876321,106876.0
SOXL,y2022,rth,12:00,12:30,5,21.962652924880228,6668.559402538391,5200.0,8712.766789939644,9100.0,89549.63863570309,57758.0,117188.65372658514,106448.0
SOXL,y2022,rth,12:30,13:00,5,22.097830533041805,8091.083653490738,5350.0,7882.861443963951,5300.0,107296.00977134159,60055.5,108259.5335228591,63311.0
SOXL,y2022,rth,13:00,13:30,5,21.974770256341703,8147.851495684794,10100.0,9137.580051404198,6700.0,108722.29917712104,120053.5,122251.70288874529,76394.0
SOXL,y2022,rth,13:30,14:00,5,21.9133328951717,8510.233989671495,7900.0,8340.43099413249,6500.0,113070.16028592514,92772.0,111666.19600263925,78235.0
SOXL,y2022,rth,14:00,14:30,5,21.79161672754804,5820.8682626906675,4850.0,7124.626551686441,9650.0,78429.34779282649,54958.0,95193.17105379418,114133.5
SOXL,y2022,rth,14:30,15:00,5,21.838327956646122,10402.708602108425,9350.0,7361.169653751151,5250.0,135263.1970195406,114890.5,99522.11905698708,61214.0
SOXL,y2022,rth,15:00,15:30,5,21.671848086311165,8806.323919940152,9850.0,8713.378109912046,6950.0,117450.45713424792,118984.5,116579.85395472586,80950.5
SOXL,y2022,rth,15:30,16:00,5,21.88573336356809,7757.933039275942,9100.0,7695.608936287212,7650.0,103966.16980496935,108672.0,108359.04439843418,91881.0
SOXL,y2022,open5,09:30,09:35,5,21.816230722223057,3758.3931767676604,1300.0,3018.7370421208943,1300.0,48657.21665492886,13754.0,41374.002095149765,13962.0
SOXL,y2022,close5,15:55,16:00,5,22.108675119499576,9613.265548731892,12900.0,10045.64267874718,9500.0,126727.68151293366,152220.0,135019.16627421492,112860.00000000001
SOXL,y2022,pre,04:00,07:00,5,22.027786785466407,965.2406120115387,500.0,3975.6372464210317,1300.0,14068.484967692892,8862.0,56214.594046798455,23256.0
SOXL,y2022,pre,07:00,08:00,5,21.661327348498034,2412.418878816151,1200.0,3135.199123411966,1600.0,30389.730258440457,15552.000000000002,39079.0435059325,20768.0
SOXL,y2022,pre,08:00,09:00,5,21.696861161183545,4035.9061652816063,1600.0,4995.073386636399,1500.0,53795.552758844795,17424.0,62475.40842394431,18405.0
SOXL,y2022,pre,09:00,09:30,5,21.72586573131932,1944.468477463127,700.0,2687.1086324588496,1700.0,26199.52762484708,14830.0,35249.80007793681,20808.0
SOXL,y2022,post,16:00,17:00,5,22.335090307237348,1401.7232923485817,900.0,4897.805213262269,2000.0,20153.375977072435,11313.0,65858.54142497454,26880.0
SOXL,y2022,post,17:00,18:00,5,22.157012140387174,4201.841732401369,1600.0,4030.509202455063,1600.0,69577.9431714237,60336.0,53652.715882702854,23562.0
SOXL,y2022,post,18:00,20:00,5,22.17523443169792,1132.2520053248,400.0,4462.8655463765335,5800.0,20606.86621759232,10440.0,73721.61293677909,77952.0
SOXL,y2022,pre,04:00,09:30,5,21.776990974381075,2344.817755101162,750.0,3696.9092118560484,1550.0,31180.233553201855,12367.0,48220.82182088843,20788.0
SOXL,y2022,post,16:00,20:00,5,22.221603778018217,2251.2065772670176,900.0,4460.528258020773,2000.0,36897.81097056537,13085.0,64402.64041892922,26880.0
SOXL,y2022,rth,09:30,16:00,5,21.96325441666614,7704.837825644591,5250.0,7851.80974977814,5250.0,102933.02456714278,57863.5,106463.06812732317,61214.0
SOXL,y2023,rth,09:30,10:00,5,20.283497573583627,4502.935991329595,2200.0,4887.057809660313,2050.0,82878.42503192498,41158.5,90384.93644454074,40099.0
SOXL,y2023,rth,10:00,10:30,5,20.186418983463852,6535.933776412124,4400.0,8030.981629345956,4600.0,119883.41226109157,100879.0,146126.00149112887,114856.0
SOXL,y2023,rth,10:30,11:00,5,20.260472956068572,9117.806961636767,5350.0,7668.207539888469,5750.0,167181.99240685196,124811.0,143894.92176114745,128668.5
SOXL,y2023,rth,11:00,11:30,5,20.272809328665517,9891.186637449186,7250.0,8697.283652025899,5500.0,185406.16046694096,153643.5,160425.33429119858,127655.0
SOXL,y2023,rth,11:30,12:00,5,20.26104197547458,10768.002106127797,8000.0,9922.287477094442,7300.0,203024.6335130736,172036.0,183259.20021728895,170154.0
SOXL,y2023,rth,12:00,12:30,5,20.329726843557133,12679.114347614877,8200.0,11056.163185148038,11350.0,234497.58917041778,185078.0,210964.7473834062,216335.0
SOXL,y2023,rth,12:30,13:00,5,20.329485219056004,12118.356709187694,8100.0,10523.117939058886,9250.0,226690.31799235463,158290.0,206081.37799941812,212784.0
SOXL,y2023,rth,13:00,13:30,5,20.46920718621485,12038.577252296687,9550.0,11711.882724449733,10650.0,234418.5527994834,184535.5,224428.9701830724,205721.5
SOXL,y2023,rth,13:30,14:00,5,20.332696607942964,11681.864405486464,8800.0,11409.137766867792,7000.0,230785.19830856047,154657.0,221504.4935860535,162341.0
SOXL,y2023,rth,14:00,14:30,5,20.41943628219951,10537.08510706907,8150.0,13721.76697484217,14150.0,209622.47965316608,153555.5,261558.88825534022,241740.5
SOXL,y2023,rth,14:30,15:00,5,20.206278496214377,8941.039860682144,7050.0,12363.219776200825,10150.0,174533.74227687053,125675.5,234109.3938239919,221720.0
SOXL,y2023,rth,15:00,15:30,5,20.203270054887614,11528.002531640428,11300.0,11516.996903392015,9150.0,222393.77917877582,184422.0,220347.59576558488,202658.0
SOXL,y2023,rth,15:30,16:00,5,20.18053319951007,11090.559327848536,11250.0,13622.456371304832,11800.0,212756.79777019177,182289.5,263237.7019766581,245901.0
SOXL,y2023,open5,09:30,09:35,5,20.180229565516225,2787.5956153451166,1800.0,2315.3337226013264,1400.0,54055.1849007004,29498.0,44690.47407196424,27430.000000000004
SOXL,y2023,close5,15:55,16:00,5,20.194176604194826,11118.097951210615,11100.0,12935.367922607611,10400.0,218320.21628570274,168720.0,255309.2148685424,238900.0
SOXL,y2023,pre,04:00,07:00,5,20.176539029332055,2604.4041273201615,1400.0,1848.8365005113822,1300.0,52082.45971156436,20762.0,38533.33170891171,21281.0
SOXL,y2023,pre,07:00,08:00,5,19.843869499967244,1993.6822479154666,1700.0,1669.5302332641888,1000.0,38564.84292859876,27812.0,33848.48685244407,22500.0
SOXL,y2023,pre,08:00,09:00,5,19.739237507373637,2750.305656908443,1800.0,1723.3968526212407,1600.0,52611.69151993753,41526.0,33448.76905503989,32692.0
SOXL,y2023,pre,09:00,09:30,5,19.844003392886805,4632.139229699408,2200.0,2987.3885377706224,1700.0,88058.44573348528,47614.0,54937.08964623805,32617.0
SOXL,y2023,post,16:00,17:00,5,20.081423944335516,3704.109362259127,1400.0,2257.6318910809387,1300.0,82085.58505725685,21406.0,41396.13500021174,22711.0
SOXL,y2023,post,17:00,18:00,5,19.978033390467267,2196.4617739025566,2600.0,2971.519282132821,3600.0,43226.35564289255,39702.0,60347.63099904657,55008.0
SOXL,y2023,post,18:00,20:00,5,20.210000519011512,1376.7723638990562,1800.0,2419.5984872808986,1200.0,27305.972062854253,31643.999999999996,46724.84866233291,25632.0
SOXL,y2023,pre,04:00,09:30,5,19.90270994501343,2994.4790111733128,1800.0,2057.407961615538,1300.0,57826.67986664554,34058.0,40205.78789253899,25868.0
SOXL,y2023,post,16:00,20:00,5,20.09178845693043,2417.265107277641,1800.0,2545.2870842642487,1300.0,50699.26990893972,31643.999999999996,49384.60579241517,28572.0
SOXL,y2023,rth,09:30,16:00,5,20.2873430095071,10109.95288819257,7750.0,10394.185936259111,8650.0,192620.20062778154,155610.5,197399.1619239632,183433.0
SOXL,y2024,rth,09:30,10:00,5,36.246597258358,738.9607115850571,400.0,1097.1259054118127,400.0,25211.730071703547,14204.0,37652.3924752409,14116.0
SOXL,y2024,rth,10:00,10:30,5,36.19901844575022,937.6491380100884,600.0,1049.3144321427803,550.0,30737.367975179925,21360.0,37279.449088672714,19589.5
SOXL,y2024,rth,10:30,11:00,5,36.54677822887195,1290.0445723082062,600.0,1159.569216941085,650.0,41480.88861894132,21822.0,37977.494507957126,22063.0
SOXL,y2024,rth,11:00,11:30,5,36.68977886375405,1633.4056303160055,700.0,1674.0948330783633,600.0,51670.167594108185,25606.0,54550.961674292026,20574.0
SOXL,y2024,rth,11:30,12:00,5,36.72172975195782,2074.113849342232,900.0,1995.1303309642099,850.0,65809.03128580797,30801.500000000004,64603.80265610291,28638.0
SOXL,y2024,rth,12:00,12:30,5,36.709279787537376,2134.3161593783598,1050.0,2123.7266691433506,1150.0,66643.18770532851,35629.5,67015.26778056656,36311.0
SOXL,y2024,rth,12:30,13:00,5,36.730418749903635,1926.299946510484,900.0,2170.81339722294,900.0,59761.01863624927,28323.0,68200.10634569218,28379.5
SOXL,y2024,rth,13:00,13:30,5,36.578926623409636,2028.1380442392322,1000.0,2764.60760598848,950.0,62880.375380792284,34930.0,85164.38715613421,33158.5
SOXL,y2024,rth,13:30,14:00,5,36.74349555109046,2718.0035367082364,1000.0,2686.5213096041666,1000.0,83781.40011719028,34975.0,83289.69021380019,34155.0
SOXL,y2024,rth,14:00,14:30,5,36.73214633859503,2288.0142821846425,1000.0,2328.290291414681,1000.0,71033.6767204718,34920.0,73039.95885395721,34075.0
SOXL,y2024,rth,14:30,15:00,5,36.773124157987,2422.9358360219517,1000.0,1915.9915370433644,900.0,75262.4779183013,34027.0,60385.51519725072,30717.000000000004
SOXL,y2024,rth,15:00,15:30,5,36.988194170310244,2801.4461003564284,1100.0,2513.909741065951,1150.0,88325.93971145088,35249.5,78359.8495874746,36831.5
SOXL,y2024,rth,15:30,16:00,5,36.66907372527238,2970.5200425063204,1200.0,3105.136578653861,1300.0,92420.90677799302,37914.0,95255.77136619431,42282.5
SOXL,y2024,open5,09:30,09:35,5,37.0252023962017,623.6783058700953,300.0,655.3347642194719,300.0,21493.74251400798,10860.0,22379.95692532464,11084.0
SOXL,y2024,close5,15:55,16:00,5,36.84996957761605,3935.662172322706,2300.0,5037.260261363706,2400.0,124445.2727218881,77763.0,159197.00896123325,76128.0
SOXL,y2024,pre,04:00,07:00,5,37.27070214784646,487.28110025044674,300.0,628.7736877037546,300.0,16394.468460433236,11043.0,22172.119647478674,13025.0
SOXL,y2024,pre,07:00,08:00,5,37.51590751379625,647.2020727171154,500.0,1337.657140688766,600.0,22512.168209022457,14832.0,43344.008953248536,22278.0
SOXL,y2024,pre,08:00,09:00,5,37.57817696257662,775.6737298858777,400.0,1019.1018685526201,600.0,27167.305729194293,13625.0,34296.07173909945,22230.0
SOXL,y2024,pre,09:00,09:30,5,37.54213624959929,940.8544861269112,600.0,1177.803404792809,400.0,32634.754155293977,21810.0,38902.46703542131,11256.0
SOXL,y2024,post,16:00,17:00,5,36.828075557328596,729.4869466683797,400.0,735.3288730294942,600.0,25357.133953809713,13552.000000000002,24393.125575551043,20328.0
SOXL,y2024,post,17:00,18:00,5,36.81931758481554,1041.8223021925578,900.0,1175.7690129965092,800.0,38267.53803573211,33330.0,41151.53458000741,25408.0
SOXL,y2024,post,18:00,20:00,5,36.70923402553895,924.6438151570554,600.0,858.0093365247245,500.0,32206.681760356114,20040.0,28916.405696268674,22228.0
SOXL,y2024,pre,04:00,09:30,5,37.47659720981865,713.3833685405891,400.0,1038.50726104118,600.0,24698.70492863133,14542.0,34611.168806517286,19305.0
SOXL,y2024,post,16:00,20:00,5,36.7855127850807,898.7720633395073,600.0,923.1711668974383,600.0,31948.506438411103,20040.0,31492.141373288603,22224.0
SOXL,y2024,rth,09:30,16:00,5,36.64062614495086,1997.144836534723,900.0,2044.8455158903244,900.0,62691.414816283264,30483.0,64825.95004436588,29797.5
SOXL,y2025,rth,09:30,10:00,8,32.58726818522992,3085.9421911816216,1050.0,3278.7883686746923,1150.0,65602.35700228543,42815.0,68642.10328716272,43400.0
SOXL,y2025,rth,10:00,10:30,8,32.69565341738219,7555.216385486038,1400.0,8272.344140523466,1450.0,124467.32108851921,50340.0,133097.4353408408,57405.0
SOXL,y2025,rth,10:30,11:00,8,32.65890776750207,4700.204089961299,2050.0,4663.522821689525,1800.0,97579.0104824809,66993.0,96485.45572002442,63870.0
SOXL,y2025,rth,11:00,11:30,8,32.62414742931783,6008.909779961574,2150.0,5678.734559403797,2850.0,118050.33408705525,69915.0,116331.04416424643,91489.5
SOXL,y2025,rth,11:30,12:00,8,32.73068700933759,6746.4056951135835,2700.0,5637.665960140961,2950.0,130458.59644573966,86144.5,117090.03287325178,96817.5
SOXL,y2025,rth,12:00,12:30,8,32.72521034331741,6099.227927603129,2700.0,6825.5899846704415,3350.0,126801.50295554652,86069.0,147824.07301241517,106474.0
SOXL,y2025,rth,12:30,13:00,8,32.72530185013632,6652.9353905752105,3350.0,6368.326562047506,3250.0,137790.9537483646,107861.5,140784.2591995759,104444.5
SOXL,y2025,rth,13:00,13:30,8,32.60058894118789,6087.295688488027,2900.0,5993.614348223163,2650.0,127277.96733532101,96947.0,128698.56600075656,87486.0
SOXL,y2025,rth,13:30,14:00,8,32.5868065471509,5472.499092593562,3100.0,6247.087065343401,3050.0,117403.22555518916,103933.5,137472.37356143788,102610.0
SOXL,y2025,rth,14:00,14:30,8,32.66358718081995,7637.525544169627,3850.0,6993.68314267481,3900.0,160453.92255695636,121943.0,151786.51930260842,126436.5
SOXL,y2025,rth,14:30,15:00,8,32.60682563136397,6118.7174080911645,2950.0,7152.013029961941,3500.0,145250.94477954775,100118.0,155458.59064124324,116989.0
SOXL,y2025,rth,15:00,15:30,8,32.53758152722753,7204.253449981099,3950.0,6904.977584028391,4050.0,169200.11049113635,135877.5,159931.7597971542,128229.0
SOXL,y2025,rth,15:30,16:00,8,32.56069957641121,8835.727112441155,4000.0,10216.295567068897,5800.0,205926.9101784864,131481.0,239151.98831536015,190742.0
SOXL,y2025,open5,09:30,09:35,8,32.65401741728126,2376.4827329690215,850.0,2377.2429605427833,950.0,50451.96085755775,35180.0,47613.95272911516,34484.0
SOXL,y2025,close5,15:55,16:00,8,32.54573794127308,14413.899557314211,8100.0,13540.125247965467,9000.0,330861.9294848736,271477.5,314848.9931505996,286562.5
SOXL,y2025,pre,04:00,07:00,8,33.339573231178434,2333.2959476270844,700.0,4134.999632210769,750.0,45197.623850210664,23014.0,67559.11271128236,24493.5
SOXL,y2025,pre,07:00,08:00,8,33.5870850331902,2315.4260796566987,600.0,2457.594677145665,750.0,47244.60079985663,17496.0,56059.83935515976,23324.5
SOXL,y2025,pre,08:00,09:00,8,33.35196176688641,2332.597498868018,550.0,5318.3549731623525,650.0,49037.155390680506,18090.5,82858.623520369,21115.5
SOXL,y2025,pre,09:00,09:30,8,33.05798365042362,2783.4792866977355,550.0,2894.1781407985923,600.0,59713.012057000546,23731.0,60181.39223909356,23920.0
SOXL,y2025,post,16:00,17:00,8,32.8360041061616,2025.197659949957,950.0,1326.1075674152703,350.0,51560.37034282696,35849.0,28773.61608724325,13737.0
SOXL,y2025,post,17:00,18:00,8,32.014830123848284,4015.4057862048458,1300.0,1853.8354240280871,1000.0,79318.67151858192,39147.5,51029.16036191912,31170.5
SOXL,y2025,post,18:00,20:00,8,32.272802362797336,3585.930409389685,850.0,3180.422532112908,1050.0,63700.06528224197,25317.0,59390.91053130989,40186.0
SOXL,y2025,pre,04:00,09:30,8,33.33157512410376,2443.1127756847463,600.0,3706.8530280381706,650.0,50346.73094768682,20466.0,66711.81862759702,22383.0
SOXL,y2025,post,16:00,20:00,8,32.372861273188114,3214.570854143077,950.0,2133.7397831529456,950.0,64858.6915304283,29716.5,46572.506737199095,31170.5
SOXL,y2025,rth,09:30,16:00,8,32.63871353422742,6323.691569927745,2450.0,6479.809831359669,2400.0,132798.39313374372,91798.0,137916.49236399346,95581.0
SOXL,y2026,rth,09:30,10:00,13,135.74440831502335,386.82943428638663,200.0,366.2267269332137,200.0,53355.4041744952,20962.5,49026.090584770915,21163.5
SOXL,y2026,rth,10:00,10:30,13,135.42339396425888,354.2097931010166,200.0,446.23394179431637,150.0,44298.76641511803,20385.0,62512.50390625435,19905.0
SOXL,y2026,rth,10:30,11:00,13,133.73788188619415,339.67499992251845,100.0,304.0830578221022,150.0,43035.3750198436,18224.5,36254.05476181531,19188.0
SOXL,y2026,rth,11:00,11:30,13,133.57373144295983,357.3711569307913,200.0,317.36749634949297,150.0,45079.88321235759,19293.0,38124.5260468794,18967.5
SOXL,y2026,rth,11:30,12:00,13,132.82075302115354,320.8063905453352,100.0,418.96125242007093,200.0,40225.51856486398,18783.5,52972.26441038462,23349.0
SOXL,y2026,rth,12:00,12:30,13,134.12531456905378,376.889971661396,200.0,543.1493378468939,200.0,42132.43688107328,24929.5,58449.3725056227,25498.0
SOXL,y2026,rth,12:30,13:00,13,133.76859201410463,294.18719522586525,200.0,345.5629314109762,200.0,34945.09163739311,23561.5,45530.67080058067,22924.0
SOXL,y2026,rth,13:00,13:30,13,134.05001629347763,315.3036010572412,100.0,315.1469198963513,200.0,38011.80612184596,18506.5,37769.96711719977,24515.0
SOXL,y2026,rth,13:30,14:00,13,134.39703807468155,367.8362463189037,200.0,317.77349269781183,200.0,48801.958184479176,27122.0,37868.83160425744,23633.0
SOXL,y2026,rth,14:00,14:30,13,134.702263263005,310.82932163808914,200.0,361.6056191090811,200.0,37675.7916408396,22449.5,43484.44003572114,25538.5
SOXL,y2026,rth,14:30,15:00,13,134.39580386331804,356.5698361906029,200.0,332.0579299742338,200.0,41382.82113337893,20091.0,40066.78896855072,26404.0
SOXL,y2026,rth,15:00,15:30,13,134.220309014015,360.7475896898703,200.0,355.27976490749046,200.0,44563.91154884651,22448.0,42556.39492739762,21726.0
SOXL,y2026,rth,15:30,16:00,13,133.73416151070896,632.5421197495516,300.0,917.8803138551847,200.0,68659.00041874875,34439.0,107850.10827283177,29708.5
SOXL,y2026,open5,09:30,09:35,13,135.4919492807881,387.5138053631241,200.0,316.7306334291527,200.0,53304.484933338535,16863.0,40984.503721206005,19684.0
SOXL,y2026,close5,15:55,16:00,13,132.9603478215382,1367.5835806233363,300.0,2281.0048808281126,300.0,163415.48764116032,43638.0,275362.2262242353,42900.0
SOXL,y2026,pre,04:00,07:00,13,137.06313317273887,213.46038774385346,100.0,242.25402593282624,100.0,28854.742444495943,14609.0,33456.323953404084,14622.999999999998
SOXL,y2026,pre,07:00,08:00,13,137.0215140258881,240.77801746332077,100.0,245.52724340535121,100.0,31844.52651051301,14240.0,33964.96301773013,14256.0
SOXL,y2026,pre,08:00,09:00,13,136.61096908934917,308.1116018910893,100.0,244.3311172645844,100.0,44190.91087284858,14593.0,31680.645982809252,14172.0
SOXL,y2026,pre,09:00,09:30,13,135.92227762955585,280.54062562809116,100.0,303.2916266020879,100.0,38018.42014594926,14363.999999999998,44427.95866849101,14675.0
SOXL,y2026,post,16:00,17:00,13,132.61710689754864,494.0495526908316,100.0,564.7581780008179,200.0,55943.52989618867,15119.0,76754.62247092134,20805.0
SOXL,y2026,post,17:00,18:00,13,132.81643391154418,409.50052640052496,200.0,822.711149401823,200.0,43214.357129580196,20799.0,119620.4019654186,19866.0
SOXL,y2026,post,18:00,20:00,13,132.9052912509147,358.4965831011844,200.0,534.9903028914838,100.0,44331.672053415015,19251.0,61957.230939918685,17034.0
SOXL,y2026,pre,04:00,09:30,13,136.6547399637081,260.6987146613326,100.0,258.8410133148089,100.0,35723.306166002454,14418.0,35881.06049356691,14348.5
SOXL,y2026,post,16:00,20:00,13,132.77960807470384,420.68310123687456,200.0,640.8096173325202,200.0,47830.135847800804,19251.0,86108.87864188386,19866.0
SOXL,y2026,rth,09:30,16:00,13,134.2072501526973,367.21486761144246,200.0,410.86717003557584,200.0,44782.35096950292,22810.0,50189.41510728813,23024.0
SOXS,last12m,rth,09:30,10:00,18,19.667752605747157,320692.5128893486,18300.0,352784.94550804637,14650.0,823848.9017676082,187544.5,902351.8921129012,157844.5
SOXS,last12m,rth,10:00,10:30,18,19.53439496750477,468261.9597019482,35750.0,472174.28720560746,40000.0,1197420.0472529265,362067.5,1190064.67832107,408717.0
SOXS,last12m,rth,10:30,11:00,18,19.553256669168967,497347.09524908423,49650.0,484905.38216287765,47750.0,1308499.9779458228,500957.0,1290067.817166665,484798.0
SOXS,last12m,rth,11:00,11:30,18,19.564113853754936,532545.3473443231,48450.0,540449.7929383247,49450.0,1393413.8167088996,483349.5,1435859.781666955,491612.5
SOXS,last12m,rth,11:30,12:00,18,19.55985468433372,484289.03342035366,55500.0,512798.31865558703,52550.0,1280754.4709503232,541311.0,1355512.6270442158,520365.00000000006
SOXS,last12m,rth,12:00,12:30,18,19.45021268763084,537507.7218296631,55150.0,534929.8025219466,56050.0,1383720.1747854154,534861.0,1456255.9917368654,545043.5
SOXS,last12m,rth,12:30,13:00,18,19.412312326189532,511927.00264255656,57900.0,562692.7287685851,50250.0,1365093.2115364824,575409.0,1481100.3099626475,509084.5
SOXS,last12m,rth,13:00,13:30,18,19.46910792406194,502044.3316581524,63750.0,548487.7503560554,63900.0,1306570.5673202043,554593.5,1488628.0007697765,519187.5
SOXS,last12m,rth,13:30,14:00,18,19.419054830803425,662927.9452121481,75950.0,461725.53641932947,73500.0,1655066.7054538664,527676.0,1330875.760500323,603748.5
SOXS,last12m,rth,14:00,14:30,18,19.402538610087504,523858.20903945394,75150.0,555710.3603805302,61650.0,1410817.2872765458,703067.5,1461657.2911099717,601630.0
SOXS,last12m,rth,14:30,15:00,18,19.373252290344794,593768.7876675542,51650.0,492565.0313790196,54900.0,1511822.183846775,513199.5,1354166.089516783,546122.0
SOXS,last12m,rth,15:00,15:30,18,19.35655449953917,617105.286279663,66350.0,515990.0782014053,52050.0,1579212.56490884,658411.0,1438514.377266333,536912.5
SOXS,last12m,rth,15:30,16:00,18,19.325231935484226,544859.4259625378,61900.0,625614.7224577005,52000.0,1532176.297574192,608522.0,1630862.8318552943,528447.0
SOXS,last12m,open5,09:30,09:35,18,19.816154033718256,213206.4906257815,7950.0,209256.24622635005,6900.0,533991.9315984226,79438.0,479887.75839093805,71874.5
SOXS,last12m,close5,15:55,16:00,18,19.333653804884023,557841.4844469393,119700.0,788971.1842741366,101950.0,1650368.0496538598,794713.0,2072949.9813293235,994210.5
SOXS,last12m,pre,04:00,07:00,18,19.995245554543484,90398.64622973009,5350.0,99591.55759609812,4850.0,220007.60830016152,60120.0,228065.52915897,53373.0
SOXS,last12m,pre,07:00,08:00,18,20.027848247040296,158218.32973851752,8100.0,133347.05449719258,9150.0,347921.2451588555,84719.0,322490.67476960336,119696.5
SOXS,last12m,pre,08:00,09:00,18,20.33700232552951,190804.58078148912,9800.0,122439.00062179407,8900.0,423682.2162821903,99672.0,291695.2511242703,89342.0
SOXS,last12m,pre,09:00,09:30,18,20.736922064917735,100909.98336076128,10350.0,112889.38896715392,7650.0,249842.077399723,106981.0,272507.3367923589,89419.0
SOXS,last12m,post,16:00,17:00,18,20.125166481081393,43203.953111582145,2600.0,46485.673731903276,3900.0,133144.80145989815,39820.5,156653.07901211164,67134.5
SOXS,last12m,post,17:00,18:00,18,19.41875199873995,36674.03940352243,8700.0,34330.98769605154,6450.0,137812.38503764453,88612.0,123799.6478913434,55525.0
SOXS,last12m,post,18:00,20:00,18,19.384273352630128,38399.831447080935,6150.0,56400.18839166703,24600.0,123001.03999068624,55771.5,220837.85169707483,207920.0
SOXS,last12m,pre,04:00,09:30,18,20.27158168708896,135141.3152455173,5450.0,117092.25835838736,6700.0,310427.95299988583,61905.0,278737.2076805146,89419.0
SOXS,last12m,post,16:00,20:00,18,19.634489017991598,39361.853926554075,5600.0,45731.22011787744,8950.0,131284.88933017966,55771.5,167297.1530615053,75767.5
SOXS,last12m,rth,09:30,16:00,18,19.468282223166966,522848.86143945646,22600.0,512372.13814267656,19250.0,1365245.1370368956,264651.5,1370451.6563086356,240333.50000000003
SOXS,last5,rth,09:30,10:00,5,34.87251555388557,1154.2761447136638,650.0,972.8719801276528,650.0,39796.25967018048,21868.0,33637.87452284613,21881.5
SOXS,last5,rth,10:00,10:30,5,34.707120383670464,1673.5324770404952,1000.0,1900.3179776911552,1050.0,58164.93361708431,37674.5,65601.903389122,38149.0
SOXS,last5,rth,10:30,11:00,5,34.59348304808134,1526.2765567127012,1050.0,1850.228561931317,1250.0,52691.19133733354,37632.5,64708.02930382837,42453.0
SOXS,last5,rth,11:00,11:30,5,34.38065630846929,2116.103489309478,1450.0,2651.864548638622,1950.0,73493.54979427035,50031.5,92345.59806216203,65974.5
SOXS,last5,rth,11:30,12:00,5,34.44180441526436,2260.4554339284377,1400.0,2023.2336193570457,1750.0,77495.42877113917,48034.0,69549.70610365033,60961.5
SOXS,last5,rth,12:00,12:30,5,34.11365931766816,1931.3280343188526,1300.0,2244.6519080375865,1600.0,65809.68764724709,44479.5,75986.29318945718,51216.0
SOXS,last5,rth,12:30,13:00,5,34.028227026175614,1879.808033513247,1500.0,2093.3617884714563,1750.0,63912.032017590725,51067.5,71375.7227883848,58492.0
SOXS,last5,rth,13:00,13:30,5,34.01922275093126,2078.0410189735203,1700.0,2483.9725610456408,2100.0,70449.48298398028,55981.0,84581.10704854161,69756.0
SOXS,last5,rth,13:30,14:00,5,33.95895217996906,2326.8030903507865,1700.0,2404.291558959223,2100.0,79504.39612268798,57885.5,81604.07903088377,69055.0
SOXS,last5,rth,14:00,14:30,5,33.91726089625128,2979.1971379048928,2350.0,4385.765931751559,2900.0,101816.83258079106,77267.99999999999,150131.35122486335,96672.0
SOXS,last5,rth,14:30,15:00,5,33.80426964403612,2634.0593211842784,2050.0,2838.1623321850025,2700.0,88950.56219472669,67025.0,95909.7614029963,92177.0
SOXS,last5,rth,15:00,15:30,5,33.61729883886484,2272.550167950499,2000.0,2534.5832985716243,1950.0,75935.99547689912,65743.0,85124.61819202566,64278.0
SOXS,last5,rth,15:30,16:00,5,33.5359427894134,2983.759973620507,2100.0,2932.6197802721836,2550.0,100045.2830508912,69615.0,98295.24931219014,85418.0
SOXS,last5,open5,09:30,09:35,5,35.18662999860964,854.3731641686746,400.0,641.7364418888073,400.0,29912.701512029817,14240.0,22736.131855817064,14240.0
SOXS,last5,close5,15:55,16:00,5,33.457593000536214,3464.5448588044496,2400.0,3857.270839710313,2600.0,116080.71184242735,80688.0,129273.13459488234,87412.0
SOXS,last5,pre,04:00,07:00,5,34.95524226289444,796.3331330839535,400.0,676.3237659071694,500.0,27071.485729712887,14363.999999999998,23290.888029500507,17965.0
SOXS,last5,pre,07:00,08:00,5,35.27141948682164,800.5202558940391,500.0,930.2188485605001,400.0,28161.429482488023,16175.0,32714.363011158777,15619.999999999998
SOXS,last5,pre,08:00,09:00,5,35.34705735289296,1059.341311495867,600.0,1239.529477897375,700.0,37103.08976285923,19500.0,43229.4508881459,23618.0
SOXS,last5,pre,09:00,09:30,5,35.302833216751445,663.4222366204053,400.0,814.0870882268596,400.0,23357.988169173106,15496.0,28585.491378353257,15488.0
SOXS,last5,post,16:00,17:00,5,33.62368128576244,777.5029273606207,400.0,1697.2363702400742,800.0,26016.49023108476,13536.000000000002,57145.24558472867,26104.000000000004
SOXS,last5,post,17:00,18:00,5,33.56913586581711,1024.6144284964666,600.0,1535.0632986825335,500.0,35189.335473604704,21180.0,51136.90809205238,17665.0
SOXS,last5,post,18:00,20:00,5,33.44622045430407,1455.6408391173711,500.0,1958.4615218350025,600.0,48017.77580130834,17545.0,66054.75386229175,19440.0
SOXS,last5,pre,04:00,09:30,5,35.21960910767206,829.5585835433626,500.0,915.0585849523404,500.0,28912.626130761022,17085.0,31956.29625984527,17302.5
SOXS,last5,post,16:00,20:00,5,33.54602631372757,1087.1937960426565,500.0,1730.3901532524158,800.0,36450.805072269264,17545.0,58116.298207199216,25983.999999999996
SOXS,last5,rth,09:30,16:00,5,34.153269917847105,2139.565618628195,1500.0,2408.7758505588577,1800.0,72923.31919759489,52215.0,82214.56108052797,62370.0
SOXS,normal18m,rth,09:30,10:00,21,18.709757706712537,283825.59412134637,40550.0,311661.56777809485,33050.0,775429.0443354847,317607.0,846131.7390652556,287035.0
SOXS,normal18m,rth,10:00,10:30,21,18.580707734993595,412123.53911170166,60400.0,416642.6534036253,58600.0,1108752.2572096514,554517.5,1110257.6535105773,536558.5
SOXS,normal18m,rth,10:30,11:00,21,18.634465030767423,439478.8081263896,59050.0,427039.35945660534,41150.0,1220081.9240471788,567984.0,1189750.6794039356,393072.0
SOXS,normal18m,rth,11:00,11:30,21,18.64034992593803,470650.09319682594,56650.0,478932.2754065988,51950.0,1299446.8775621708,550637.0,1345717.5309850324,504808.5
SOXS,normal18m,rth,11:30,12:00,21,18.629604937653365,431067.7992050153,65350.0,455651.8318128917,80200.0,1215959.8188528554,623284.5,1282798.5318195436,767663.0
SOXS,normal18m,rth,12:00,12:30,21,18.52627210874059,478047.47642200993,84150.0,476497.39934867213,86900.0,1315585.5070333567,803485.5,1382399.8451306273,830321.0
SOXS,normal18m,rth,12:30,13:00,21,18.492272296414384,454095.95251720137,62550.0,500989.944452876,85150.0,1283892.0587292565,597702.5,1408839.6003366162,796432.0
SOXS,normal18m,rth,13:00,13:30,21,18.569512237649704,447590.8678272144,89000.0,485936.8609252592,89900.0,1249668.7349609162,859162.5,1396390.124466244,870716.5
SOXS,normal18m,rth,13:30,14:00,21,18.52722111213471,583114.5147506391,47500.0,413598.6632911775,46500.0,1527155.2632888688,457189.0,1269430.7163262793,448021.0
SOXS,normal18m,rth,14:00,14:30,21,18.524316326387098,466991.41511379916,42050.0,491173.86460462364,51850.0,1338241.9398826614,402668.5,1361366.8234978754,496500.0
SOXS,normal18m,rth,14:30,15:00,21,18.494529999589457,526944.0224483566,38550.0,439681.2885688229,63150.0,1424602.6874889482,367381.5,1289190.5902829967,602451.0
SOXS,normal18m,rth,15:00,15:30,21,18.474278702435488,545535.7723263482,50000.0,462131.4353738688,52100.0,1474518.6282036281,479500.0,1376112.4777319506,500420.5
SOXS,normal18m,rth,15:30,16:00,21,18.450245277925216,487924.44033670897,82350.0,555447.0471483959,84950.0,1467602.0731199156,786611.5,1541248.9423394315,793798.0
SOXS,normal18m,open5,09:30,09:35,21,18.83481262396687,185541.37217397094,11100.0,181570.3603089209,9700.0,479425.71843510895,101808.0,428368.5095453612,88076.0
SOXS,normal18m,close5,15:55,16:00,21,18.451666829935665,501171.4512504068,86300.0,696494.1192110139,100600.0,1584664.1557954513,824165.0000000001,1928947.7467182227,962742.0
SOXS,normal18m,pre,04:00,07:00,21,18.991319875833845,78762.65124674597,8100.0,87232.77916275986,7600.0,201537.4191826897,72738.0,213424.82798251748,68400.0
SOXS,normal18m,pre,07:00,08:00,21,19.200756553300213,140098.5232890298,13400.0,117631.82598500724,12500.0,323969.73964750796,118590.0,295676.82724663464,128643.00000000001
SOXS,normal18m,pre,08:00,09:00,21,19.553691501668933,168063.03983617385,17200.0,109422.53071174577,15200.0,387940.6272994853,155832.0,276509.83993955003,131520.0
SOXS,normal18m,pre,09:00,09:30,21,19.59697335690273,88637.65289973223,17900.0,99218.47363222695,11000.0,237093.93705325125,159159.0,257448.92388554034,100319.99999999999
SOXS,normal18m,post,16:00,17:00,21,19.091270663363343,37789.92418693221,3900.0,41507.03533718076,5500.0,121756.4232109978,42393.0,149844.03585651974,77533.0
SOXS,normal18m,post,17:00,18:00,21,18.527698967535677,32508.427263252033,6800.0,32715.42210672275,4100.0,126854.09117443861,63512.0,130736.18853710334,38991.0
SOXS,normal18m,post,18:00,20:00,21,18.57599069230561,33920.197762149066,7900.0,49899.45241578659,14900.0,114965.7587877911,59783.0,203658.24574386177,192850.0
SOXS,normal18m,pre,04:00,09:30,21,19.333472282350854,118571.88718415241,13200.0,103301.14954218321,11750.0,286964.4467182897,120200.0,260546.99134985916,119696.5
SOXS,normal18m,post,16:00,20:00,21,18.72639029328634,34695.06704090212,6300.0,41375.35630534206,9600.0,121181.5082855185,59783.0,161596.6012152932,77533.0
SOXS,normal18m,rth,09:30,16:00,21,18.557967218199412,463638.59064566955,55250.0,455027.891032161,63150.0,1284670.5153767816,495624.5,1292269.4087306575,533429.5
SOXS,since_2026-07-15,rth,09:30,10:00,7,37.79133993652003,960.9740871852767,550.0,847.8978159000433,500.0,34683.91117018566,18079.0,30848.61286954737,17162.5
SOXS,since_2026-07-15,rth,10:00,10:30,7,37.54735715290342,1323.122936572989,800.0,1467.2097161535467,800.0,47265.08011655348,26960.0,51812.802232355316,27804.0
SOXS,since_2026-07-15,rth,10:30,11:00,7,37.60976101415207,1218.6900911185114,1000.0,1457.5627067473783,1150.0,43534.01347877082,35525.0,52468.93545313695,39010.0
SOXS,since_2026-07-15,rth,11:00,11:30,7,37.53870799856336,1722.34689983911,1400.0,2037.2499505578057,1850.0,62271.99529735653,46340.0,72570.2569810366,61216.0
SOXS,since_2026-07-15,rth,11:30,12:00,7,37.551656972853735,1773.6881699536896,1350.0,1662.9215052565378,1350.0,62648.15434185127,46611.5,59808.4773737922,48840.5
SOXS,since_2026-07-15,rth,12:00,12:30,7,37.283292872156366,1571.1073238803456,1150.0,1765.0768229886112,1050.0,55821.80662421425,39220.0,61746.73894160713,40564.0
SOXS,since_2026-07-15,rth,12:30,13:00,7,37.23504043062518,1603.0253892187543,1250.0,1786.7517375064817,1550.0,57604.83948598971,41254.0,64314.36445081676,52780.5
SOXS,since_2026-07-15,rth,13:00,13:30,7,37.30551373705324,1662.4113252467153,1500.0,1956.3056769449677,1700.0,58452.01893672134,51382.5,68859.74720293916,60231.0
SOXS,since_2026-07-15,rth,13:30,14:00,7,37.31153839466017,1846.0165268524386,1350.0,1913.289894867302,1900.0,65298.510647306415,47586.0,67407.99003899544,66472.0
SOXS,since_2026-07-15,rth,14:00,14:30,7,37.2534740630907,2293.516538485144,1900.0,3251.975356755103,2300.0,80284.50215517002,62776.0,112752.18072951012,78163.0
SOXS,since_2026-07-15,rth,14:30,15:00,7,37.137410864219035,2017.0814437260954,1800.0,2159.699781454477,2600.0,69805.72318192893,64152.0,74619.26621306388,87034.5
SOXS,since_2026-07-15,rth,15:00,15:30,7,37.04833961175904,1834.4739033718085,1650.0,2003.0773424500055,1650.0,64084.02279208171,55687.5,69763.8973024062,57105.5
SOXS,since_2026-07-15,rth,15:30,16:00,7,36.915308035470325,2359.7642766914687,2000.0,2303.874663826399,2400.0,81990.54554886515,66865.0,79769.24270077239,80917.0
SOXS,since_2026-07-15,open5,09:30,09:35,7,38.143486578881756,756.6953862117075,400.0,575.0278154466048,300.0,28045.52462916997,14240.0,21589.72360383422,11802.000000000002
SOXS,since_2026-07-15,close5,15:55,16:00,7,36.9397244486852,3019.7094701380192,2300.0,3580.230110763082,2100.0,107837.60726167714,74497.0,129906.81853700288,74080.0
SOXS,since_2026-07-15,pre,04:00,07:00,7,37.842918179520204,855.6959651565669,300.0,581.6061672358594,400.0,33008.420062699945,14363.999999999998,21064.165877549676,16152.000000000002
SOXS,since_2026-07-15,pre,07:00,08:00,7,38.144149921355634,756.3095496340098,500.0,1820.4360309866543,400.0,28786.21347472692,16175.0,79425.11485303023,15619.999999999998
SOXS,since_2026-07-15,pre,08:00,09:00,7,38.247220208681775,889.0707648705229,500.0,1010.8288172504651,600.0,32562.05103918823,17995.0,36679.140494165804,21600.0
SOXS,since_2026-07-15,pre,09:00,09:30,7,38.37543259612713,573.2813478034016,400.0,675.467827303421,400.0,21135.414540953752,14304.0,24817.99771281663,14444.0
SOXS,since_2026-07-15,post,16:00,17:00,7,37.133511065966445,734.8544884384197,400.0,1460.0622931261382,800.0,26889.977559818737,13536.000000000002,52324.45780202854,26104.000000000004
SOXS,since_2026-07-15,post,17:00,18:00,7,37.05070970272518,1118.6702364898094,500.0,1300.4933031104765,400.0,42949.53967014014,21180.0,45991.63554015081,17665.0
SOXS,since_2026-07-15,post,18:00,20:00,7,36.97880930403701,1127.4958837074887,400.0,1559.0967398810549,400.0,38322.63471655729,13518.0,54477.49256913111,13547.999999999998
SOXS,since_2026-07-15,pre,04:00,09:30,7,38.153031150986294,768.1955925588417,400.0,1021.377850242592,400.0,28856.76836091452,15476.0,40462.91102185124,15554.0
SOXS,since_2026-07-15,post,16:00,20:00,7,37.05410648640611,994.4479303159617,400.0,1439.8237349202634,600.0,36081.469886602055,13536.000000000002,50927.02650952898,19440.0
SOXS,since_2026-07-15,rth,09:30,16:00,7,37.348406321523356,1706.554061915857,1200.0,1893.22450222962,1300.0,60285.183022555815,41884.0,66669.6246903908,46369.5
SOXS,stress,rth,09:30,10:00,9,26.11683529586562,158523.44548584137,500.0,181112.30905831687,650.0,557541.6715371326,21180.0,609464.1958839301,24244.0
SOXS,stress,rth,10:00,10:30,9,25.727301917526347,197934.08640179364,550.0,227673.01577418912,700.0,656656.8321782375,22422.5,710841.4937393855,24910.5
SOXS,stress,rth,10:30,11:00,9,25.694874630457672,255608.0526617431,1650.0,258313.5277469988,1800.0,818464.2729872499,57470.5,811397.6917717113,62649.5
SOXS,stress,rth,11:00,11:30,9,25.774534069710512,162870.30003605317,550.0,268095.45597488567,550.0,650169.5059591656,21975.0,820579.4848232863,22172.5
SOXS,stress,rth,11:30,12:00,9,25.861709924580083,165034.81500495583,550.0,252316.6376852619,500.0,621294.8219249856,21952.5,800900.6743357329,22610.0
SOXS,stress,rth,12:00,12:30,9,26.166317556443694,155708.75829358125,850.0,218358.63704031843,1600.0,589394.661458904,31016.0,676586.6887527171,59371.0
SOXS,stress,rth,12:30,13:00,9,26.186946049119733,117369.7375470209,1400.0,199629.2908356972,850.0,479046.3164093939,62934.0,632557.275383778,38498.5
SOXS,stress,rth,13:00,13:30,9,25.99677814310905,167827.04191166657,1450.0,201132.07259152064,800.0,594760.9004896199,65871.5,676657.0032245341,36504.5
SOXS,stress,rth,13:30,14:00,9,24.14437597813322,200935.97268382995,500.0,196938.502011617,500.0,686863.8767969294,22677.5,684014.7601131102,22760.0
SOXS,stress,rth,14:00,14:30,9,23.60926374283536,269310.9465719266,1600.0,199570.76840456986,700.0,899536.5530576867,72233.5,684206.3190376334,31608.0
SOXS,stress,rth,14:30,15:00,9,23.831621749279925,213429.94683187729,950.0,203755.96180147625,600.0,713898.0566438633,42917.5,710495.6547964517,27254.0
SOXS,stress,rth,15:00,15:30,9,23.864852906804984,178623.5902223266,550.0,200825.06123519517,600.0,680979.1633768289,22044.0,650128.8118476694,21900.0
SOXS,stress,rth,15:30,16:00,9,23.465376438618417,254704.16163668552,500.0,189898.31448153852,550.0,815120.0364707714,23100.0,655358.4974349504,25167.5
SOXS,stress,open5,09:30,09:35,9,25.849190802092043,106644.69697819206,600.0,115670.21035632581,600.0,386089.99550859974,25160.0,392093.1823930272,25430.0
SOXS,stress,close5,15:55,16:00,9,23.401152624546416,308068.22327285266,1300.0,251751.2412128467,700.0,1000486.4133601707,48073.99999999999,842742.0909721993,31976.0
SOXS,stress,pre,04:00,07:00,9,26.56214483042104,92451.2781436803,900.0,51272.353637497035,1700.0,259162.5346010892,39618.0,246488.51867285208,74851.0
SOXS,stress,pre,07:00,08:00,9,27.038506246874345,106793.78396907027,900.0,47320.11694767632,1500.0,288022.03775911673,30150.0,156982.05905583192,48480.0
SOXS,stress,pre,08:00,09:00,9,27.340706892366583,88603.63328614064,800.0,89765.09257971315,1000.0,267128.0986288907,34720.0,244948.34336492472,32310.000000000004
SOXS,stress,pre,09:00,09:30,9,26.43201383573524,48772.332250561594,600.0,61719.437025860454,600.0,175927.30915889496,29898.0,201319.1696162445,29958.0
SOXS,stress,post,16:00,17:00,9,24.100592065749876,43479.93701864924,700.0,79615.59470020245,500.0,139850.51791960708,32200.0,195358.1300081107,13809.0
SOXS,stress,post,17:00,18:00,9,23.32810676764445,31662.290292011203,1300.0,51615.345361732754,1100.0,122785.31470106757,45500.0,144310.29425218876,32448.0
SOXS,stress,post,18:00,20:00,9,23.50986578959724,19987.717431722685,3200.0,16734.991661894615,700.0,106822.64242659629,78625.0,68259.2261459512,23150.0
SOXS,stress,pre,04:00,09:30,9,26.841117946017086,83982.59492355859,850.0,62444.2642567454,1250.0,247186.49854398044,32435.0,212076.11942104233,40395.0
SOXS,stress,post,16:00,20:00,9,23.64128738927321,31596.11826283863,1700.0,49032.77219958595,800.0,122990.8117219017,45500.0,135415.10598695494,23150.0
SOXS,stress,rth,09:30,16:00,9,25.110859200577895,192145.41074566977,600.0,215203.5358973583,650.0,674135.7449272991,26137.0,701788.6677790323,27441.0
SOXS,y2022,rth,09:30,10:00,5,42.47811750795589,5097.505144419531,150.0,4524.105752346671,150.0,43938.904993515425,8366.5,34726.79498950539,9179.0
SOXS,y2022,rth,10:00,10:30,5,42.73050205641067,10410.025581092896,150.0,7764.744579373578,100.0,57984.975536553284,9170.5,45967.207630853285,7909.0
SOXS,y2022,rth,10:30,11:00,5,42.36581189956868,11730.585663163627,200.0,8925.77345623089,300.0,68444.43070424987,10575.0,53602.08859183992,15952.0
SOXS,y2022,rth,11:00,11:30,5,42.19569195547225,12218.193425895177,200.0,11223.26971268463,350.0,65401.5534072308,10162.0,64327.756329054755,17814.5
SOXS,y2022,rth,11:30,12:00,5,42.63082507754052,16485.107681634174,200.0,11032.20212047419,450.0,92207.2744316708,10217.0,64081.93497134129,22979.5
SOXS,y2022,rth,12:00,12:30,5,42.751863547256846,16264.376404640121,200.0,11584.687024989258,350.0,85682.83801623007,10323.0,63043.45543221515,14896.000000000002
SOXS,y2022,rth,12:30,13:00,5,42.67813209553037,13994.023873639168,200.0,12463.193482865348,700.0,77833.72253737491,10070.0,70108.1063847296,26055.5
SOXS,y2022,rth,13:00,13:30,5,42.48214456372049,12868.457681464177,200.0,12489.808346210219,500.0,75388.20944013262,10084.0,81032.48354368393,25205.0
SOXS,y2022,rth,13:30,14:00,5,42.59232556170997,15362.616289101528,300.0,10281.201616137667,350.0,81342.27163971768,15351.0,57529.433783315704,17928.0
SOXS,y2022,rth,14:00,14:30,5,42.92133252542698,14403.70387330132,200.0,10952.581810032685,200.0,86402.56753702597,8836.0,58866.01812605411,9771.0
SOXS,y2022,rth,14:30,15:00,5,42.61960665504615,13273.133106341691,200.0,12350.148498845732,200.0,76319.54259700296,10446.0,68635.97058127618,10419.0
SOXS,y2022,rth,15:00,15:30,5,42.85798568925099,14566.767725464713,550.0,10616.631033690499,200.0,82668.06835646788,24391.5,58885.324326763104,10594.0
SOXS,y2022,rth,15:30,16:00,5,42.74370388478237,15119.315258942152,300.0,14139.061496416398,150.0,77586.48243584303,11828.0,68462.19545090837,7234.5
SOXS,y2022,open5,09:30,09:35,5,43.06222209516716,4753.234484536281,200.0,3927.2629057595336,100.0,32249.53180835418,9924.0,27141.008647628227,7994.0
SOXS,y2022,close5,15:55,16:00,5,42.298393921053396,18746.84313539829,200.0,14643.233850298071,200.0,90123.12979834795,10242.0,73109.85652884952,7223.0
SOXS,y2022,pre,04:00,07:00,5,42.38158568918331,852.5574497462432,300.0,830.154180688978,300.0,20114.698477627102,9534.0,21882.776296362426,13740.0
SOXS,y2022,pre,07:00,08:00,5,42.879409676453996,1199.9388923875317,500.0,1561.9269476744382,300.0,41913.85436202664,7679.000000000001,27237.675621000668,23040.0
SOXS,y2022,pre,08:00,09:00,5,42.82432913858132,2112.2275242479463,200.0,1229.0122490118872,300.0,17858.80006479771,9160.0,22707.611729051423,9981.000000000002
SOXS,y2022,pre,09:00,09:30,5,42.951049342042396,1264.7707782925643,300.0,1260.0303647993583,300.0,44749.10549842356,9972.0,36109.69253816008,10002.000000000002
SOXS,y2022,post,16:00,17:00,5,42.04691527802965,2088.3825594709333,200.0,226.59690507946667,100.0,15661.740968227672,10250.0,8972.167116068695,7178.0
SOXS,y2022,post,17:00,18:00,5,42.066568577981435,888.5305116160001,200.0,591.3062517418666,100.0,10880.791644611756,10262.0,10767.815453576362,7183.0
SOXS,y2022,post,18:00,20:00,5,42.043497429548374,3639.524750574934,600.0,947.9451691008,1000.0,27608.2041666345,25680.0,32768.822338230275,14396.0
SOXS,y2022,pre,04:00,09:30,5,42.75908282085223,1357.2534261334538,300.0,1220.2795281064712,300.0,31161.21816582055,9347.0,26985.108830878748,10929.0
SOXS,y2022,post,16:00,20:00,5,42.0523270951865,2205.479273887289,200.0,588.616108640711,200.0,18050.245593157975,12847.999999999998,17502.934969291775,7506.0
SOXS,y2022,rth,09:30,16:00,5,42.6190946747618,13215.462693740328,200.0,10642.393626755573,200.0,74709.8639977169,10295.0,60714.04712167806,10428.0
SOXS,y2023,rth,09:30,10:00,5,13.657265886404298,12282.030396353766,5550.0,11955.4572893658,6150.0,119861.39107576666,54742.5,115106.61659929117,60753.0
SOXS,y2023,rth,10:00,10:30,5,13.67205335940527,30594.608447739738,22650.0,29242.705855228553,24550.0,286703.2856062922,224710.5,274542.43406852224,241812.0
SOXS,y2023,rth,10:30,11:00,5,13.636455724569057,35640.87553477012,37900.0,35687.473940981865,41750.0,339963.68049615284,375781.5,339507.91743216733,416563.5
SOXS,y2023,rth,11:00,11:30,5,13.631577279323169,34121.04523619409,36650.0,34456.0970010405,32400.0,325593.77311709744,366289.5,328706.05084065284,319968.0
SOXS,y2023,rth,11:30,12:00,5,13.597882392772544,40456.33129353305,46250.0,38844.2987687704,42600.0,383363.76011267095,465702.0,370123.7730262292,428839.0
SOXS,y2023,rth,12:00,12:30,5,13.52563792332507,38992.94737796199,42600.0,39231.24433441181,33550.0,369158.8082888682,428373.0,369758.7837175177,337177.5
SOXS,y2023,rth,12:30,13:00,5,13.510134308968695,44854.88618112716,37150.0,38757.849529039675,32700.0,416645.36829301855,376680.5,361654.42456217774,331606.0
SOXS,y2023,rth,13:00,13:30,5,13.338773658094201,45558.03111019757,34950.0,45437.215340636656,37650.0,416164.20346983086,351909.5,421840.5206642294,381394.5
SOXS,y2023,rth,13:30,14:00,5,13.521905854771015,54637.67537521744,36900.0,42720.94117954557,36300.0,495854.0823454204,371628.0,400365.0257760517,367356.0
SOXS,y2023,rth,14:00,14:30,5,13.382641517319612,56838.153761504356,37950.0,35297.789456150465,28950.0,517245.88532512693,381988.5,333194.5788153639,292813.5
SOXS,y2023,rth,14:30,15:00,5,13.5093565353402,44326.14894373109,35150.0,32734.713554220056,29350.0,422194.7814561965,356066.0,316549.17709298944,297757.5
SOXS,y2023,rth,15:00,15:30,5,13.503968038106908,34150.52314905131,22200.0,33761.74927368073,37850.0,329306.0970690025,225222.0,335152.77470259304,351836.0
SOXS,y2023,rth,15:30,16:00,5,13.493698228544444,44054.21919941376,42650.0,31599.61318023566,28100.0,431173.4783950072,437194.0,315642.5667840721,287270.0
SOXS,y2023,open5,09:30,09:35,5,13.767847342510573,8198.906307130766,4300.0,8341.780456055942,4300.0,77364.10952360497,42096.99999999999,78020.75635389556,42226.0
SOXS,y2023,close5,15:55,16:00,5,13.456038360866158,40579.165445841725,47200.0,33026.645603587414,26000.0,402673.9940899257,486632.0,324670.1595111886,266500.0
SOXS,y2023,pre,04:00,07:00,5,13.818906153494686,6663.19981761299,1300.0,1598.6840032195764,1100.0,58835.18933642408,12830.999999999998,17630.046517455994,11506.000000000002
SOXS,y2023,pre,07:00,08:00,5,14.428846423370903,2617.8265877445315,3300.0,2820.8736675596974,2300.0,28698.471776468603,33989.0,31730.723326199823,22632.0
SOXS,y2023,pre,08:00,09:00,5,14.02902155117512,3270.965869829796,2300.0,2680.9392480147458,2300.0,36012.509950392836,39680.0,28444.652445148506,24357.0
SOXS,y2023,pre,09:00,09:30,5,13.988878136081158,5005.892717513782,4700.0,3704.980824742454,2600.0,50465.174035645265,49350.0,39291.65389859941,25506.0
SOXS,y2023,post,16:00,17:00,5,13.471989472203093,3880.0359309312,3400.0,8128.325153382399,5300.0,50535.64246848837,44161.0,81021.8755337967,54378.0
SOXS,y2023,post,17:00,18:00,5,13.475335188790675,7832.470398742481,5600.0,3394.9932475261758,1300.0,83534.9003180569,46928.00000000001,33483.67265230851,13325.0
SOXS,y2023,post,18:00,20:00,5,13.4371245113472,1519.9102133418667,1100.0,7815.291606664533,700.0,20751.384126224722,19040.0,72126.16161637001,13475.0
SOXS,y2023,pre,04:00,09:30,5,14.05161316735702,4479.8743328626915,2450.0,2686.531850674278,1700.0,44211.44347502364,30553.5,29079.679981081114,18641.5
SOXS,y2023,post,16:00,20:00,5,13.461483057293325,4410.805476380847,2200.0,6446.203369705792,1300.0,51607.3086167399,38580.0,62210.57025283545,17352.0
SOXS,y2023,rth,09:30,16:00,5,13.536986822546968,39733.733239576766,33300.0,34596.25290460992,30350.0,373347.1481199938,335754.0,329414.63969252055,297757.5
SOXS,y2024,rth,09:30,10:00,5,23.738185260472317,48911.91197250444,1150.0,46648.734406370844,1050.0,268572.78319034923,27473.5,252904.37978586915,24929.0
SOXS,y2024,rth,10:00,10:30,5,23.76088225869346,52963.0881576817,1600.0,49989.32786892116,1400.0,292175.2437232708,37844.0,275414.0991140683,33999.0
SOXS,y2024,rth,10:30,11:00,5,23.419505729159916,49188.82296875008,4000.0,57855.88151583673,2550.0,294165.5956828167,97498.0,331052.03912807326,62265.0
SOXS,y2024,rth,11:00,11:30,5,23.31488140263782,55169.047763507246,4250.0,52489.56458765735,4200.0,329639.98879865493,99346.0,318469.1485113086,101673.0
SOXS,y2024,rth,11:30,12:00,5,23.347503550056647,48555.71866105805,5750.0,57523.78426509793,5550.0,313173.443771087,137267.0,358629.62197744066,135028.0
SOXS,y2024,rth,12:00,12:30,5,23.285846240854944,74009.01410545714,5950.0,54252.196940089554,5400.0,454265.099405192,141172.5,354902.37705691444,128378.5
SOXS,y2024,rth,12:30,13:00,5,23.29964264568394,49034.26270678069,6550.0,56322.39308642831,6500.0,332242.5705400212,153897.5,367523.47622750327,154202.5
SOXS,y2024,rth,13:00,13:30,5,23.436330094801633,47087.22406417841,6100.0,53682.239861549184,6150.0,311713.38758551073,143388.0,348974.6510338329,143553.5
SOXS,y2024,rth,13:30,14:00,5,23.353023086053174,62631.82985802154,6900.0,63844.12068829386,8100.0,404208.90582859557,159555.0,427592.5138873002,186538.0
SOXS,y2024,rth,14:00,14:30,5,23.354456937455875,65022.849201559344,6650.0,64369.27393173651,8250.0,414793.67538723914,154394.0,426208.6030260023,191403.0
SOXS,y2024,rth,14:30,15:00,5,23.39866446092127,48507.892151711596,7350.0,71188.8038034988,8850.0,336438.37353136117,169470.0,458291.58621838206,202551.0
SOXS,y2024,rth,15:00,15:30,5,23.29768607499508,75852.86297727615,8850.0,60780.07839017458,7700.0,466852.76981883956,202119.0,394200.20889163594,176786.5
SOXS,y2024,rth,15:30,16:00,5,23.445130105259008,76782.31757347146,10500.0,78409.21473259838,9350.0,508635.0693951084,241195.0,508127.6182912624,214993.5
SOXS,y2024,open5,09:30,09:35,5,23.367167311579042,20200.92277235937,600.0,18437.12121344307,400.0,119066.87115094395,13608.0,109053.56631924874,10032.0
SOXS,y2024,close5,15:55,16:00,5,23.40624935375378,80854.43349177162,9200.0,76011.80227614667,8800.0,523900.1583520675,208656.0,504981.62850559043,199496.00000000003
SOXS,y2024,pre,04:00,07:00,5,23.301483936489813,6105.303131363434,700.0,7478.686102391808,500.0,57769.20443504418,19600.0,51157.268642320385,19635.0
SOXS,y2024,pre,07:00,08:00,5,23.094453794341852,7972.360745040834,900.0,11281.862578411727,900.0,71299.91474227938,21897.0,71114.50105177447,22600.0
SOXS,y2024,pre,08:00,09:00,5,24.048580576721147,10206.324084564489,800.0,7725.459426114219,900.0,66325.214904721,19430.0,52954.57431378736,21717.0
SOXS,y2024,pre,09:00,09:30,5,23.070567992004214,14329.275103108568,900.0,11580.86930811328,800.0,87337.89907578383,20313.0,80378.3512143911,18096.0
SOXS,y2024,post,16:00,17:00,5,23.453889506145558,7682.225185855183,2000.0,4468.612309095156,1300.0,61675.64656440809,49140.0,56930.129602167704,31941.0
SOXS,y2024,post,17:00,18:00,5,23.4456253944064,3893.677524002133,900.0,13840.381584196268,7200.0,34380.56080421615,20304.0,132108.6134611538,169416.0
SOXS,y2024,post,18:00,20:00,5,23.766850774860245,9034.37535698092,900.0,5861.961948423774,1800.0,60245.23955320389,23540.0,98271.90585496483,73584.0
SOXS,y2024,pre,04:00,09:30,5,23.369655967349,9644.728387254783,850.0,9540.672375804128,900.0,70738.85847253424,20106.5,64047.00339783587,21987.0
SOXS,y2024,post,16:00,20:00,5,23.554424137662846,6859.515575256579,1000.0,8067.743629297798,1800.0,52060.60478520789,24882.0,95758.43629842081,70840.0
SOXS,y2024,rth,09:30,16:00,5,23.419409717090403,57982.979368707616,5450.0,59022.69215418208,5750.0,363620.015075765,130450.5,370910.6568654497,138915.5
SOXS,y2025,rth,09:30,10:00,8,9.279104663011696,306133.2468944978,202450.0,344862.19343065354,217450.0,1127384.9736235891,1035743.5,1263158.7968190792,1082118.0
SOXS,y2025,rth,10:00,10:30,8,9.208972034600249,361750.4552215211,296650.0,353641.31007507496,239400.0,1349625.4485171412,1327871.0,1315527.0463970867,1286436.0
SOXS,y2025,rth,10:30,11:00,8,9.270443581385301,402877.1439576297,275400.0,399142.25640137633,245600.0,1496773.9982266065,1477935.0,1454423.8568106908,1347986.0
SOXS,y2025,rth,11:00,11:30,8,9.232715868875239,411694.80104099854,290800.0,414931.3465922053,320650.0,1528238.2882207911,1380055.5,1571260.7591941329,1700076.0
SOXS,y2025,rth,11:30,12:00,8,9.161075123173633,393833.6431913048,270850.0,430684.95036111714,310800.0,1480876.1498672892,1465811.5,1624701.7421395832,1657902.0
SOXS,y2025,rth,12:00,12:30,8,9.111033820497601,410110.15635953814,315550.0,499384.48129337357,349350.0,1565893.6142919848,1612482.5,1867539.7998042465,1575193.0
SOXS,y2025,rth,12:30,13:00,8,9.11859245883351,426830.268270981,315450.0,427464.04178367776,361800.0,1595811.27836455,1364945.5,1634506.5504442672,1550482.5
SOXS,y2025,rth,13:00,13:30,8,9.203151591395686,388044.34636175423,283350.0,518380.23396628554,264000.0,1504626.8574022013,1550821.5,1893163.5789333135,1555192.0
SOXS,y2025,rth,13:30,14:00,8,9.198856111678756,461865.1264188453,257300.0,440439.55086476885,313700.0,1692822.4936905983,1424776.0,1648532.64458881,1650053.5
SOXS,y2025,rth,14:00,14:30,8,9.212643337894262,449045.6140369324,325800.0,392635.7890816279,320650.0,1671392.248196926,1650795.0,1480288.6973869647,1588046.0
SOXS,y2025,rth,14:30,15:00,8,9.21604770058982,430773.31549642346,353850.0,466948.3574634123,303500.0,1624044.866819912,1912565.0,1739741.8485290406,1565463.5
SOXS,y2025,rth,15:00,15:30,8,9.195631981092381,444031.290625061,342600.0,486628.0243026395,420150.0,1666711.2311412776,1670823.5,1866843.6783029737,2197146.0
SOXS,y2025,rth,15:30,16:00,8,9.198383076082553,470900.58484864776,408100.0,488768.07028486935,347650.0,1838818.906913059,1822935.4999999998,1868328.8225548123,1876251.5
SOXS,y2025,open5,09:30,09:35,8,9.255572521119982,159445.1102826601,72100.0,109540.36684076811,74100.0,574236.037540726,351663.0,399834.14010005747,347620.0
SOXS,y2025,close5,15:55,16:00,8,9.171786912898352,508727.66330246633,368600.0,606138.7376326177,541650.0,1974046.6336941747,1856558.0,2313229.0559312934,2761975.5
SOXS,y2025,pre,04:00,07:00,8,9.431764531109897,51488.43939632034,28600.0,44744.5418958966,33400.0,191742.3343224929,144809.0,181762.3611007387,194166.0
SOXS,y2025,pre,07:00,08:00,8,9.388242985822208,71894.31066363814,39050.0,52746.34595040953,28250.0,267957.88955951994,224821.5,204303.1309101753,174736.0
SOXS,y2025,pre,08:00,09:00,8,9.745736281002005,87355.8485551193,55400.0,66414.36710714798,28800.0,324505.8599354546,269952.0,260670.49338141273,166477.0
SOXS,y2025,pre,09:00,09:30,8,9.340807038697701,45439.3900809237,37900.0,48345.26257070424,55850.0,196111.54593264937,191789.0,203259.71568684108,229018.5
SOXS,y2025,post,16:00,17:00,8,9.475024667863078,41139.685608695654,23950.0,37910.77289144384,23450.0,152084.2704897588,106920.0,164460.6440864214,151242.0
SOXS,y2025,post,17:00,18:00,8,9.234230736356938,47565.362535668326,23650.0,43932.4913431178,36050.0,174260.78802827394,113190.0,193985.71983537372,143735.5
SOXS,y2025,post,18:00,20:00,8,9.431356427300715,29064.650611626228,9750.0,49324.127158492105,41150.0,115638.6821130855,60716.5,204270.5212381357,193765.0
SOXS,y2025,pre,04:00,09:30,8,9.47149719855869,63483.79244513458,36150.0,52810.40915217736,31650.0,243308.10590335744,190189.0,211681.95656333264,183066.0
SOXS,y2025,post,16:00,20:00,8,9.37890146904105,39230.72843889823,14050.0,43802.271594170896,23450.0,147262.6681690252,89953.5,187889.6852964,173780.0
SOXS,y2025,rth,09:30,16:00,8,9.200517624204869,412142.4127895954,297900.0,435685.5210283787,313850.0,1549452.9291240396,1485396.0,1632922.7202564166,1561456.0
SOXS,y2026,rth,09:30,10:00,14,24.301882256434187,250992.8393126637,850.0,270562.0971572825,750.0,523400.15362234076,29612.5,550896.3012077839,25564.0
SOXS,y2026,rth,10:00,10:30,14,24.132343455990824,411737.35749021394,1450.0,423169.9100134309,1350.0,896753.6842314698,49805.5,918792.5097417687,48140.5
SOXS,y2026,rth,10:30,11:00,14,24.156751284345667,429365.8195646194,1350.0,412883.19808074867,1400.0,982348.5162202392,46420.5,962044.1759830593,50449.0
SOXS,y2026,rth,11:00,11:30,14,24.170865820065632,471162.117447309,1600.0,481902.1274417081,2200.0,1085034.0195612074,57145.5,1133250.3556300085,78784.0
SOXS,y2026,rth,11:30,12:00,14,24.16445709487848,422010.49334861245,2000.0,437990.4068844712,2500.0,987032.2948019536,68567.0,1008593.3757205587,84620.0
SOXS,y2026,rth,12:00,12:30,14,24.022540352673616,483224.00952744804,2050.0,430013.5484193768,2350.0,1088679.2269782042,69446.0,1020187.416446756,79594.0
SOXS,y2026,rth,12:30,13:00,14,23.975198361196007,437906.6064902485,2000.0,507953.92259459937,2400.0,1025641.0988361886,68208.0,1191608.417435139,81549.0
SOXS,y2026,rth,13:00,13:30,14,24.039518547111133,450125.6856723664,2050.0,433294.91215723095,2750.0,1024159.6377100528,68401.5,1025763.1778655654,91476.0
SOXS,y2026,rth,13:30,14:00,14,23.981868921670028,611373.2175546107,1900.0,369139.5898814308,2400.0,1334260.612570249,63189.0,971807.0817236875,81622.0
SOXS,y2026,rth,14:00,14:30,14,23.956636818252647,444510.5692551356,2500.0,513069.0170285192,3600.0,1065135.3176231922,87029.0,1209646.765577319,124160.0
SOXS,y2026,rth,14:30,15:00,14,23.916735813951053,544920.3458744615,2850.0,393348.20067857584,3050.0,1221384.8502033972,95519.0,953148.8564352515,100940.5
SOXS,y2026,rth,15:00,15:30,14,23.89599753074551,565500.5674983262,2600.0,415744.40650986537,2950.0,1276429.850241296,86021.0,1010224.0300657958,97670.5
SOXS,y2026,rth,15:30,16:00,14,23.856491956912905,463510.1044265964,3300.0,554767.9980457629,2750.0,1165218.1299647738,109902.0,1261865.5981937994,91106.5
SOXS,y2026,open5,09:30,09:35,14,24.498799234022663,187398.92791392983,600.0,209972.7798884448,500.0,394827.3503970675,21083.0,417010.5579008425,17027.5
SOXS,y2026,close5,15:55,16:00,14,23.87100143955573,461768.65836423903,3600.0,699513.4365789025,3250.0,1263920.51285959,119424.0,1593185.940515726,107470.0
SOXS,y2026,pre,04:00,07:00,14,24.658917796632437,88832.58605652224,700.0,105449.44637323813,650.0,194443.18733919668,23474.5,218272.82934487026,21881.5
SOXS,y2026,pre,07:00,08:00,14,24.974456625234268,168605.78730184265,650.0,145997.3750109049,1850.0,333783.37767052074,26484.5,329069.87019928463,39817.0
SOXS,y2026,pre,08:00,09:00,14,24.998349942868792,199211.81996741137,650.0,124663.29090473485,1000.0,394826.1140711852,22617.5,268145.3248355314,34290.0
SOXS,y2026,pre,09:00,09:30,14,26.0856232054227,108656.69136490519,550.0,123089.28319117297,700.0,247530.18296066194,18793.0,272808.13860127237,22958.0
SOXS,y2026,post,16:00,17:00,14,24.696122181176317,33179.017539047636,800.0,40606.63194018305,1200.0,97900.7565667049,32477.5,133093.0273901959,44132.5
SOXS,y2026,post,17:00,18:00,14,23.974021304874483,21606.494226781753,850.0,24107.744048192617,850.0,91546.63307927201,28668.5,88325.72188771119,29354.0
SOXS,y2026,post,18:00,20:00,14,23.917336562039374,34320.37296334337,1150.0,46780.398566822434,4850.0,107344.78207728856,37713.5,191122.13870658775,47261.0
SOXS,y2026,pre,04:00,09:30,14,25.17077032071533,141520.6917885468,650.0,124772.19004765448,850.0,292874.8523179158,23019.5,271950.19382304116,28009.0
SOXS,y2026,post,16:00,20:00,14,24.188741239999754,29656.545255744346,800.0,37122.915990502435,1250.0,98949.88987872128,31275.0,137606.10685656863,41324.0
SOXS,y2026,rth,09:30,16:00,14,24.04394866202421,460477.700111621,2100.0,434143.1895690861,2700.0,1051939.118675915,69787.5,1016752.5659486307,89978.0
SOXX,last12m,rth,09:30,10:00,7,492.8798035315365,112.91533338766592,80.0,120.33079649821279,80.0,56404.9820264837,43453.600000000006,61102.88186839302,39955.8
SOXX,last12m,rth,10:00,10:30,7,492.28378049445735,120.56263253218421,80.0,122.59538932006977,60.0,60874.905251630786,34188.8,61570.853619035246,23504.0
SOXX,last12m,rth,10:30,11:00,7,493.5787411543384,121.33426371982104,80.0,125.5750324230799,40.0,58202.25366413395,40356.799999999996,61532.4599346705,22681.800000000003
SOXX,last12m,rth,11:00,11:30,7,494.830905635408,127.8254490508943,80.0,125.3867459154167,80.0,63541.25943819888,36566.4,61512.619127228434,40498.8
SOXX,last12m,rth,11:30,12:00,7,494.74968138838165,109.71552080986443,60.0,124.50149944035023,80.0,54174.59828540891,29778.8,59737.092030804124,40562.0
SOXX,last12m,rth,12:00,12:30,7,494.8411067071437,103.94656200569443,40.0,116.69168586103034,40.0,51198.48064054896,22722.4,55458.078927571696,22703.199999999997
SOXX,last12m,rth,12:30,13:00,7,495.4458676136584,104.99318771551974,40.0,98.89315147954919,40.0,49419.113651759835,22787.6,45441.26262268408,22676.4
SOXX,last12m,rth,13:00,13:30,7,495.65431530669935,110.06642181851727,80.0,151.6584488030606,40.0,54206.504218312264,44614.0,68912.34086099957,22854.399999999998
SOXX,last12m,rth,13:30,14:00,7,496.45319260057175,100.49849637438318,80.0,124.1442820924659,60.0,48991.5640243273,40643.0,56499.51814571075,25293.4
SOXX,last12m,rth,14:00,14:30,7,496.7059758095267,119.58600622182519,80.0,108.44530916348178,60.0,57565.22304820704,40712.4,51610.024302349295,25298.600000000002
SOXX,last12m,rth,14:30,15:00,7,497.03355475206877,105.18339701564872,80.0,113.25742133679076,80.0,51436.12833931687,40775.600000000006,52818.921012253595,27682.4
SOXX,last12m,rth,15:00,15:30,7,497.3559708060099,114.67160999944664,80.0,109.79638494919405,80.0,55840.45205994602,37004.4,54613.22733832692,32307.2
SOXX,last12m,rth,15:30,16:00,7,497.87343937933247,141.20246177871624,80.0,152.40821326408195,80.0,67495.08059055825,45225.6,75688.79557505278,45046.0
SOXX,last12m,open5,09:30,09:35,7,492.37838198005085,163.9494124755929,80.0,175.36204967475553,80.0,76021.5960146926,43420.0,80702.19963511793,44520.0
SOXX,last12m,close5,15:55,16:00,7,498.075125304214,257.31213487555584,80.0,207.76437299188464,80.0,126445.2325034269,45504.0,105117.64995388906,45497.600000000006
SOXX,last12m,pre,04:00,07:00,7,492.1454131493517,465.6176831990666,120.0,480.85421931939044,80.0,237335.37300802115,68202.0,187450.69626607368,45248.0
SOXX,last12m,pre,07:00,08:00,7,491.9476295720349,314.2133066399048,120.0,452.0724295219619,120.0,158073.99797749112,44465.600000000006,190291.53359756654,65230.8
SOXX,last12m,pre,08:00,09:00,7,492.87700979614476,157.26026829015268,80.0,235.17943407975926,120.0,77542.40977481297,46320.0,118378.6170305536,61258.00000000001
SOXX,last12m,pre,09:00,09:30,7,492.3948607756299,437.92065442013336,200.0,292.18683932672377,160.0,194651.36890423278,110702.0,148716.05996395933,66526.8
SOXX,last12m,post,16:00,17:00,7,497.3671603662371,674.9607649134284,160.0,964.0124721899617,80.0,299523.5676915459,91344.0,454624.2083240564,45430.4
SOXX,last12m,post,17:00,18:00,7,497.51259943160534,674.3773301720381,120.0,1155.850005732057,120.0,252939.99479823848,68184.0,518965.52010694356,67140.0
SOXX,last12m,post,18:00,20:00,7,497.96091911588877,1094.0985653567047,80.0,366.98560552112383,200.0,514970.37763776415,45185.600000000006,197304.40900722885,86441.6
SOXX,last12m,pre,04:00,09:30,7,492.34122831771305,343.7529800785924,140.0,365.07323191407596,120.0,166900.78834630697,70782.6,161209.22716037944,63244.40000000001
SOXX,last12m,post,16:00,20:00,7,497.6135596379104,814.4788868140571,120.0,828.9493611477143,120.0,355811.3133758495,68184.0,390298.0458127429,67140.0
SOXX,last12m,rth,09:30,16:00,7,495.3604634623787,114.8075448126141,80.0,122.59080114462411,80.0,56103.78090147254,36782.399999999994,58961.222153223796,27607.2
SOXX,last5,rth,09:30,10:00,4,557.5543596421957,125.39019645635697,80.0,141.88822717928173,80.0,69928.68505604716,44914.399999999994,79101.69388175433,44060.0
SOXX,last5,rth,10:00,10:30,4,558.1256937201154,138.57823282638,80.0,148.43081031956186,80.0,77281.5193792527,45272.399999999994,82703.4953214019,44358.0
SOXX,last5,rth,10:30,11:00,4,559.30159309575,123.84044432534084,80.0,137.4928408523703,80.0,69304.55858133006,44596.8,76795.82029677907,44371.399999999994
SOXX,last5,rth,11:00,11:30,4,560.0665137981479,145.74495279839778,80.0,131.80640285008707,80.0,81535.47174221295,45189.2,73765.93452420329,44481.2
SOXX,last5,rth,11:30,12:00,4,560.1745055867116,110.70601829970629,80.0,125.86424988601995,80.0,62017.02723831026,44502.8,70449.8304138197,44498.799999999996
SOXX,last5,rth,12:00,12:30,4,561.330250918576,115.11689557438565,40.0,111.12706950913568,40.0,64641.13900471234,22598.0,62354.07480132698,22596.800000000003
SOXX,last5,rth,12:30,13:00,4,561.8842961408777,95.92437103630304,40.0,84.04258015750244,40.0,53907.9153877793,22599.199999999997,47179.066435584624,22633.0
SOXX,last5,rth,13:00,13:30,4,561.8217392183731,106.97469776991748,80.0,131.13312587365996,40.0,60103.26054362889,44903.6,73513.81976377271,22649.2
SOXX,last5,rth,13:30,14:00,4,562.504807754536,99.47374188203979,80.0,97.98542259099915,40.0,56040.28866148413,44940.0,55120.06766070797,22754.4
SOXX,last5,rth,14:00,14:30,4,562.6976686772343,104.98986069923386,80.0,100.60929550548872,40.0,59099.253120231704,44656.8,56568.15836106134,22634.0
SOXX,last5,rth,14:30,15:00,4,563.4977701172238,104.35104568817954,80.0,92.17559610749309,40.0,58834.69850559371,44638.399999999994,51970.28173516548,22765.4
SOXX,last5,rth,15:00,15:30,4,564.6969256978375,116.62795223097842,80.0,104.363163866096,60.0,65904.90712201502,45117.6,58975.33751793051,33859.8
SOXX,last5,rth,15:30,16:00,4,565.4326474550862,131.0818883522011,100.0,166.10748482923051,80.0,74124.28333180705,56415.8,93866.36046316507,45454.8
SOXX,last5,open5,09:30,09:35,4,556.1034328906237,141.6183280516375,80.0,149.91830807501324,80.0,78761.13812879051,45118.0,83264.34369749817,44449.2
SOXX,last5,close5,15:55,16:00,4,565.854425029418,279.4693855961549,80.0,246.21545219325972,100.0,158030.58203342423,45524.399999999994,139310.3576360221,56998.59999999999
SOXX,last5,pre,04:00,07:00,4,556.6978536369403,454.1659779725666,140.0,155.32077770470002,120.0,253456.18124971862,78789.0,86414.64130604883,67935.20000000001
SOXX,last5,pre,07:00,08:00,4,554.9982378579261,223.26651672333332,120.0,226.17914228823332,160.0,123854.83695659824,67460.0,125846.07612804671,88108.4
SOXX,last5,pre,08:00,09:00,4,554.3341834982944,139.8073666478,140.0,279.24058229670004,140.0,77427.1010450416,76674.0,154347.0131441161,77944.40000000001
SOXX,last5,pre,09:00,09:30,4,554.5139898451442,353.6043491143667,200.0,339.46245693236665,160.0,195956.991360085,109832.0,188328.29347646784,88660.4
SOXX,last5,post,16:00,17:00,4,564.9946475678063,394.64037625326654,120.0,940.4343788121668,240.0,224352.79843713928,68272.0,530231.977956182,134357.6
SOXX,last5,post,17:00,18:00,4,565.1116968942646,251.25835585723334,120.0,1023.2679207648001,80.0,142323.8827058953,68036.0,584232.3256764706,44880.2
SOXX,last5,post,18:00,20:00,4,565.9240349767821,1157.8059839761,80.0,506.3048209329,280.0,658240.384124386,45001.600000000006,288008.3649368337,159766.2
SOXX,last5,pre,04:00,09:30,4,555.1360662095763,292.7110526145167,160.0,250.0507398055,140.0,162673.77765286088,89915.20000000001,138734.00601366986,78458.6
SOXX,last5,post,16:00,20:00,4,565.3434598129511,601.2349053621999,80.0,823.3357068366221,160.0,341639.02175580687,45436.0,467490.88952316216,90099.0
SOXX,last5,rth,09:30,16:00,4,561.4683553581386,116.83079921893022,80.0,121.00195852591506,60.0,65594.07979322803,44979.2,67874.11245311389,33233.8
SOXX,normal18m,rth,09:30,10:00,9,430.3366200197153,154.10540180696069,80.0,153.17064730132188,80.0,57108.879547319775,44048.0,59419.5978872769,39955.8
SOXX,normal18m,rth,10:00,10:30,9,430.09341503189296,148.13783676351963,80.0,144.66244260750457,80.0,58535.18986478025,39610.8,58235.55450822087,29774.800000000003
SOXX,normal18m,rth,10:30,11:00,9,430.9826629683265,149.58763588752373,80.0,158.1814376674661,120.0,56782.826954233926,44096.399999999994,60334.5550789001,43223.0
SOXX,normal18m,rth,11:00,11:30,9,432.03194843429316,154.51129426781102,80.0,156.36579115281728,80.0,60955.95492555806,40854.600000000006,60244.09982677251,44385.2
SOXX,normal18m,rth,11:30,12:00,9,431.9615108834599,143.67824277179258,80.0,157.58073052078208,100.0,54389.75407283691,36632.4,59294.77535922031,40562.0
SOXX,normal18m,rth,12:00,12:30,9,432.09296247518927,139.09987698860962,60.0,148.46095145270843,40.0,52033.600037016535,28950.4,55534.92432042733,22775.800000000003
SOXX,normal18m,rth,12:30,13:00,9,432.5638603011902,148.30361418989017,80.0,139.03067824363285,60.0,52226.19223465955,24437.600000000002,48554.75493629945,28970.2
SOXX,normal18m,rth,13:00,13:30,9,432.59147770663606,145.24696816328816,80.0,176.60302191691122,80.0,54595.345530141414,44691.2,65983.48325846935,27588.399999999998
SOXX,normal18m,rth,13:30,14:00,9,433.1879095239586,140.5630473866044,80.0,157.6197764056947,80.0,51152.168287732595,40643.0,56443.47908748269,40848.799999999996
SOXX,normal18m,rth,14:00,14:30,9,433.3020242039072,150.06191021116976,80.0,147.78253334374193,80.0,56803.4059795511,40712.4,53286.3197262512,31242.2
SOXX,normal18m,rth,14:30,15:00,9,433.56914026949994,148.52753555487732,80.0,143.60662028666079,80.0,53615.782976533315,44861.2,52746.10688985679,34746.0
SOXX,normal18m,rth,15:00,15:30,9,433.8820521190382,142.84816372777212,80.0,154.77707096879843,80.0,54868.384009505105,37004.4,56770.18350120013,45153.6
SOXX,normal18m,rth,15:30,16:00,9,434.2788337115243,170.26643019580035,120.0,172.64359416574632,80.0,65109.64759584777,45225.6,70400.75648298491,45046.0
SOXX,normal18m,open5,09:30,09:35,9,429.9810726904952,207.27513795101248,120.0,210.25448252927802,120.0,74839.69712063464,44633.6,77440.00296333102,46015.200000000004
SOXX,normal18m,close5,15:55,16:00,9,434.3762400445994,280.4147487929604,120.0,282.78355644816304,120.0,114548.74803077886,45834.399999999994,108462.69717347532,49472.0
SOXX,normal18m,pre,04:00,07:00,9,429.79924439813425,589.9889407363111,160.0,423.7980318755259,160.0,225909.26691806025,68202.0,156094.5112415085,49816.0
SOXX,normal18m,pre,07:00,08:00,9,429.5583526628737,327.4696894681852,160.0,428.4722916033037,200.0,138684.43102110163,49646.0,163034.8836715698,52206.0
SOXX,normal18m,pre,08:00,09:00,9,430.22194846705855,156.00684701382323,100.0,251.12168210465506,160.0,67817.10911775481,46320.0,105506.03196972038,52086.0
SOXX,normal18m,pre,09:00,09:30,9,429.8895753102534,375.8137072351408,200.0,278.2149856672666,200.0,158465.64644254983,108961.99999999999,126190.14441346239,52143.0
SOXX,normal18m,post,16:00,17:00,9,433.80288695571875,1191.6259261582222,200.0,965.5811230081187,100.0,381983.22112730355,111683.99999999999,392037.26867907424,45430.4
SOXX,normal18m,post,17:00,18:00,9,433.90313289124856,757.8490345782518,120.0,1132.3277822360444,120.0,238100.21817640774,68184.0,445148.2934165117,67140.0
SOXX,normal18m,post,18:00,20:00,9,433.819181547896,1468.8920833470668,320.0,344.7424742830222,200.0,540420.1273115184,110198.4,164474.37450283126,68000.0
SOXX,normal18m,pre,04:00,09:30,9,429.8672802067085,362.31979778371664,180.0,345.40174857599845,180.0,147719.1140217695,50950.5,137706.39308476594,52114.5
SOXX,normal18m,post,16:00,20:00,9,433.84173379828775,1139.45568136118,160.0,814.2171265090617,120.0,386834.5222050766,91344.0,333886.6455328057,67140.0
SOXX,normal18m,rth,09:30,16:00,9,432.37489756371747,148.8409744056966,80.0,154.65241447002848,80.0,56013.47496782016,43738.4,58249.692633164064,36377.399999999994
SOXX,since_2026-07-15,rth,09:30,10:00,4,557.5543596421957,125.39019645635697,80.0,141.88822717928173,80.0,69928.68505604716,44914.399999999994,79101.69388175433,44060.0
SOXX,since_2026-07-15,rth,10:00,10:30,4,558.1256937201154,138.57823282638,80.0,148.43081031956186,80.0,77281.5193792527,45272.399999999994,82703.4953214019,44358.0
SOXX,since_2026-07-15,rth,10:30,11:00,4,559.30159309575,123.84044432534084,80.0,137.4928408523703,80.0,69304.55858133006,44596.8,76795.82029677907,44371.399999999994
SOXX,since_2026-07-15,rth,11:00,11:30,4,560.0665137981479,145.74495279839778,80.0,131.80640285008707,80.0,81535.47174221295,45189.2,73765.93452420329,44481.2
SOXX,since_2026-07-15,rth,11:30,12:00,4,560.1745055867116,110.70601829970629,80.0,125.86424988601995,80.0,62017.02723831026,44502.8,70449.8304138197,44498.799999999996
SOXX,since_2026-07-15,rth,12:00,12:30,4,561.330250918576,115.11689557438565,40.0,111.12706950913568,40.0,64641.13900471234,22598.0,62354.07480132698,22596.800000000003
SOXX,since_2026-07-15,rth,12:30,13:00,4,561.8842961408777,95.92437103630304,40.0,84.04258015750244,40.0,53907.9153877793,22599.199999999997,47179.066435584624,22633.0
SOXX,since_2026-07-15,rth,13:00,13:30,4,561.8217392183731,106.97469776991748,80.0,131.13312587365996,40.0,60103.26054362889,44903.6,73513.81976377271,22649.2
SOXX,since_2026-07-15,rth,13:30,14:00,4,562.504807754536,99.47374188203979,80.0,97.98542259099915,40.0,56040.28866148413,44940.0,55120.06766070797,22754.4
SOXX,since_2026-07-15,rth,14:00,14:30,4,562.6976686772343,104.98986069923386,80.0,100.60929550548872,40.0,59099.253120231704,44656.8,56568.15836106134,22634.0
SOXX,since_2026-07-15,rth,14:30,15:00,4,563.4977701172238,104.35104568817954,80.0,92.17559610749309,40.0,58834.69850559371,44638.399999999994,51970.28173516548,22765.4
SOXX,since_2026-07-15,rth,15:00,15:30,4,564.6969256978375,116.62795223097842,80.0,104.363163866096,60.0,65904.90712201502,45117.6,58975.33751793051,33859.8
SOXX,since_2026-07-15,rth,15:30,16:00,4,565.4326474550862,131.0818883522011,100.0,166.10748482923051,80.0,74124.28333180705,56415.8,93866.36046316507,45454.8
SOXX,since_2026-07-15,open5,09:30,09:35,4,556.1034328906237,141.6183280516375,80.0,149.91830807501324,80.0,78761.13812879051,45118.0,83264.34369749817,44449.2
SOXX,since_2026-07-15,close5,15:55,16:00,4,565.854425029418,279.4693855961549,80.0,246.21545219325972,100.0,158030.58203342423,45524.399999999994,139310.3576360221,56998.59999999999
SOXX,since_2026-07-15,pre,04:00,07:00,4,556.6978536369403,454.1659779725666,140.0,155.32077770470002,120.0,253456.18124971862,78789.0,86414.64130604883,67935.20000000001
SOXX,since_2026-07-15,pre,07:00,08:00,4,554.9982378579261,223.26651672333332,120.0,226.17914228823332,160.0,123854.83695659824,67460.0,125846.07612804671,88108.4
SOXX,since_2026-07-15,pre,08:00,09:00,4,554.3341834982944,139.8073666478,140.0,279.24058229670004,140.0,77427.1010450416,76674.0,154347.0131441161,77944.40000000001
SOXX,since_2026-07-15,pre,09:00,09:30,4,554.5139898451442,353.6043491143667,200.0,339.46245693236665,160.0,195956.991360085,109832.0,188328.29347646784,88660.4
SOXX,since_2026-07-15,post,16:00,17:00,4,564.9946475678063,394.64037625326654,120.0,940.4343788121668,240.0,224352.79843713928,68272.0,530231.977956182,134357.6
SOXX,since_2026-07-15,post,17:00,18:00,4,565.1116968942646,251.25835585723334,120.0,1023.2679207648001,80.0,142323.8827058953,68036.0,584232.3256764706,44880.2
SOXX,since_2026-07-15,post,18:00,20:00,4,565.9240349767821,1157.8059839761,80.0,506.3048209329,280.0,658240.384124386,45001.600000000006,288008.3649368337,159766.2
SOXX,since_2026-07-15,pre,04:00,09:30,4,555.1360662095763,292.7110526145167,160.0,250.0507398055,140.0,162673.77765286088,89915.20000000001,138734.00601366986,78458.6
SOXX,since_2026-07-15,post,16:00,20:00,4,565.3434598129511,601.2349053621999,80.0,823.3357068366221,160.0,341639.02175580687,45436.0,467490.88952316216,90099.0
SOXX,since_2026-07-15,rth,09:30,16:00,4,561.4683553581386,116.83079921893022,80.0,121.00195852591506,60.0,65594.07979322803,44979.2,67874.11245311389,33233.8
SOXX,y2022,rth,09:30,10:00,5,396.98189833164287,138.58361475476667,100.0,148.7822423272,100.0,54721.121668792824,38385.0,58349.63466998508,41147.5
SOXX,y2022,rth,10:00,10:30,5,396.2753913576841,137.73227408073333,100.0,147.59956363853334,100.0,54748.51726747405,38494.5,57736.97376801538,38512.0
SOXX,y2022,rth,10:30,11:00,5,397.13538263080875,156.91630022773998,100.0,142.69913543603275,100.0,62017.70734327758,43477.0,56039.105773540774,43503.5
SOXX,y2022,rth,11:00,11:30,5,398.09606744172817,135.94732219370314,100.0,142.73248230609983,100.0,53945.567879535774,40838.0,56734.14777851893,40889.5
SOXX,y2022,rth,11:30,12:00,5,397.33913453518653,132.02103559366665,100.0,127.90224232573334,100.0,53147.424455810586,38312.0,50431.79315600242,40707.5
SOXX,y2022,rth,12:00,12:30,5,396.42016228496874,125.64702140180144,100.0,131.68990493492115,100.0,49973.61553250075,38118.0,51859.99084351916,38135.0
SOXX,y2022,rth,12:30,13:00,5,397.0356595800069,131.69090803207308,100.0,129.1176939439154,100.0,52638.39031283112,38099.5,50981.648798804614,40296.0
SOXX,y2022,rth,13:00,13:30,5,396.6364808375369,123.31677053523333,100.0,123.83369234196667,100.0,48551.5208718617,37918.0,48996.40283257723,37940.0
SOXX,y2022,rth,13:30,14:00,5,396.37894044450366,123.6217656148,100.0,128.11814137726665,100.0,48911.10606715832,38050.5,50841.78782932639,38069.5
SOXX,y2022,rth,14:00,14:30,5,395.64707935188744,132.0080476832,100.0,140.4530914432667,100.0,52016.358875563594,38187.5,55353.020908345046,38228.0
SOXX,y2022,rth,14:30,15:00,5,395.8446646255072,135.09339792503334,100.0,131.34951866420002,100.0,53015.11121379443,42090.5,51726.65659135409,38083.5
SOXX,y2022,rth,15:00,15:30,5,395.1957773161254,154.1469942846989,100.0,138.88884601325844,100.0,60087.227029101814,38139.5,54883.09988880224,38148.0
SOXX,y2022,rth,15:30,16:00,5,396.0494571133294,166.66615963101668,100.0,131.7500709289297,100.0,65206.98581409994,39992.5,51926.53137295146,38120.5
SOXX,y2022,open5,09:30,09:35,5,395.2384346132006,142.40143460933334,100.0,156.5579567326,100.0,55824.09108369645,37954.0,62142.69465680343,37999.0
SOXX,y2022,close5,15:55,16:00,5,397.33408796253644,144.02797990480002,100.0,240.72811371606667,200.0,56657.95169772486,41969.0,97812.2327005208,71488.0
SOXX,y2022,pre,04:00,07:00,5,396.40563984081973,561.9313977674666,100.0,878.8723763330665,1000.0,210303.20634222953,47475.0,341113.89284763206,378000.0
SOXX,y2022,pre,07:00,08:00,5,394.54175518712606,630.2220475128667,500.0,796.0398428476,1000.0,233706.61420049643,165430.0,308022.1521425637,354000.0
SOXX,y2022,pre,08:00,09:00,5,394.74128716326817,650.1172194938667,100.0,911.1597034701334,1000.0,242518.75962816668,47401.0,355813.7413915044,355600.0
SOXX,y2022,pre,09:00,09:30,5,394.95326131345337,634.5113990503334,100.0,836.2325522092666,100.0,239422.52333138674,47476.0,309103.18556482904,47567.0
SOXX,y2022,post,16:00,17:00,5,397.8490160646775,412.21770753013334,100.0,427.23410574300016,100.0,158384.43242829916,48818.0,158513.37461436255,48899.0
SOXX,y2022,post,17:00,18:00,5,398.01505467812024,480.0003147724,100.0,488.5385945589333,200.0,184994.96073249023,41932.0,190023.99311282873,97808.0
SOXX,y2022,post,18:00,20:00,5,398.075907623031,664.9394427300667,500.0,827.1743950274667,500.0,256742.63604124094,244300.0,313756.5272006726,209880.0
SOXX,y2022,pre,04:00,09:30,5,395.16048587616683,619.1955159561335,100.0,855.5761187150166,1000.0,231487.77587556982,47475.5,328513.2429866323,354800.0
SOXX,y2022,post,16:00,20:00,5,397.97999278860965,519.0524883441999,100.0,580.9823651098001,200.0,200040.67640067675,48818.0,220764.6316426213,83926.0
SOXX,y2022,rth,09:30,16:00,5,396.5412381464298,137.95320065518771,100.0,135.76281739108114,100.0,54536.97330995125,38262.5,53527.75341130835,38180.5
SOXX,y2023,rth,09:30,10:00,5,472.28490415259125,265.906190681032,200.0,242.1169595606724,200.0,122835.94121477162,102494.0,113039.67980183291,98261.0
SOXX,y2023,rth,10:00,10:30,5,471.64107145597785,248.70389128169998,200.0,216.29505651106666,200.0,115706.92994065217,102158.0,100845.63409522972,84506.0
SOXX,y2023,rth,10:30,11:00,5,472.2212937732431,238.93518699633333,200.0,244.37887059746666,200.0,111867.08870764045,91532.0,115205.19577801983,98763.0
SOXX,y2023,rth,11:00,11:30,5,472.34422766539035,268.30608832946666,200.0,257.4661308336,200.0,124661.19500951098,100200.0,120660.44122871594,99023.0
SOXX,y2023,rth,11:30,12:00,5,472.2994597263725,266.81421306336665,200.0,269.51825203450005,200.0,124069.01192167166,91812.0,125849.34311216699,99995.0
SOXX,y2023,rth,12:00,12:30,5,472.9325844421753,269.68360938729995,200.0,251.7790706687,200.0,125936.29580471347,100813.0,119148.62371440516,99171.0
SOXX,y2023,rth,12:30,13:00,5,472.9676901288656,263.73632877063335,200.0,234.57572846143333,200.0,123496.98997100246,99804.0,110229.75961084462,92028.0
SOXX,y2023,rth,13:00,13:30,5,474.1876008736133,296.0878908793334,200.0,258.89020373406663,200.0,136740.65651152903,99264.0,120642.40277394858,92332.0
SOXX,y2023,rth,13:30,14:00,5,473.00607765730797,270.5513411432667,200.0,282.30645365,200.0,125875.528442813,85043.0,132675.48255421213,102128.0
SOXX,y2023,rth,14:00,14:30,5,473.76927511649285,255.96346747326663,200.0,303.1320835947667,200.0,118176.60199350357,92315.0,142446.32384241617,99870.0
SOXX,y2023,rth,14:30,15:00,5,472.09817002559174,239.32902874557342,200.0,283.77917607788044,200.0,110916.41466824664,93224.0,132605.53761422512,99612.0
SOXX,y2023,rth,15:00,15:30,5,472.02721881045824,232.7267596145004,150.0,284.8736110987368,200.0,106866.8908044629,67946.5,131527.55535652043,99365.0
SOXX,y2023,rth,15:30,16:00,5,471.9747282160174,242.29699402933753,150.0,332.92535915146493,200.0,111339.36830547464,68972.5,155750.33862004674,103138.0
SOXX,y2023,open5,09:30,09:35,5,471.35801664097033,171.92055261673332,200.0,194.00389436653333,100.0,81594.27816804402,84246.0,91988.21738786249,50831.0
SOXX,y2023,close5,15:55,16:00,5,472.0873978320062,261.2213198029164,200.0,401.8056887761726,200.0,119171.81980401691,86790.0,185915.60459618058,103035.99999999999
SOXX,y2023,pre,04:00,07:00,5,470.52950901197613,1508.3488520626001,2000.0,766.9981935201333,600.0,692199.5708682952,841600.0,369697.7405531474,294456.0
SOXX,y2023,pre,07:00,08:00,5,470.4525702251823,785.4437289522,100.0,1386.0196454864,2000.0,358812.18309827015,51669.00000000001,648272.2723643581,977200.0
SOXX,y2023,pre,08:00,09:00,5,469.9737093691884,1129.8411413821332,2000.0,1620.1306035420664,2000.0,540231.8575738389,832400.0,775631.758887662,968875.0
SOXX,y2023,pre,09:00,09:30,5,470.10635078827113,1219.9937284621335,2000.0,1459.7082352324,2000.0,575832.4273848924,831200.0,667788.2988715862,1018000.0
SOXX,y2023,post,16:00,17:00,5,472.0240828261337,942.5190144064,400.0,707.7278140148,200.0,445424.2964675695,196956.0,339043.3820203873,98630.0
SOXX,y2023,post,17:00,18:00,5,472.190657887516,865.8470142683334,200.0,1084.2270512057332,1000.0,399247.24101644923,86200.0,511294.94564314256,493400.0
SOXX,y2023,post,18:00,20:00,5,472.4413548878942,623.8403650024001,1000.0,764.9501500188667,400.0,297729.63021035714,431700.0,360441.4295808712,168388.0
SOXX,y2023,pre,04:00,09:30,5,470.2655348486545,1160.9068627147667,1300.0,1308.21416944525,2000.0,541769.0097313242,562372.0,615347.5176691884,838800.0
SOXX,y2023,post,16:00,20:00,5,472.21869853384794,810.7354645590444,400.0,852.3016717464665,400.0,380800.3892314586,196956.0,403593.2524148003,168388.0
SOXX,y2023,rth,09:30,16:00,5,472.59648478065714,258.38776877855355,200.0,266.3105345698969,200.0,119883.7627057726,99019.0,124663.5627050223,99057.0
SOXX,y2024,rth,09:30,10:00,2,212.45698896174432,205.11852412003776,200.0,177.13829983293397,100.0,43532.36141474767,42463.0,37620.73456612077,21328.0
SOXX,y2024,rth,10:00,10:30,2,212.66702165135555,211.68022547918542,200.0,181.00251491115972,150.0,44990.4516397986,42502.0,38398.09966841929,31658.0
SOXX,y2024,rth,10:30,11:00,2,214.4178248589025,233.11708014786169,200.0,217.36486943650033,200.0,50236.74265071715,42866.0,46682.61601484833,42881.0
SOXX,y2024,rth,11:00,11:30,2,214.41155537882756,218.15909045859343,200.0,238.03076694752167,200.0,46794.20454160593,42867.0,50938.63477287275,41989.0
SOXX,y2024,rth,11:30,12:00,2,213.51354587461827,215.4174774227295,200.0,191.67607592097733,150.0,46120.39755778483,42682.0,40915.08001948816,32208.0
SOXX,y2024,rth,12:00,12:30,2,213.7569339403469,241.63603468290995,200.0,193.69011070176063,200.0,51720.901458440676,42753.0,41434.347039851724,42727.0
SOXX,y2024,rth,12:30,13:00,2,213.54747135964345,227.86760241409513,200.0,184.66239914460428,200.0,48644.86924372369,42691.0,39438.43118054651,41689.0
SOXX,y2024,rth,13:00,13:30,2,213.1043554107751,278.6687341560441,250.0,195.45202927910012,200.0,59809.80084293146,53594.0,41746.54060732318,42605.0
SOXX,y2024,rth,13:30,14:00,2,213.24298124801444,292.04919280983984,300.0,210.76789102722793,200.0,62421.53835573001,63964.5,45043.76622477423,42639.0
SOXX,y2024,rth,14:00,14:30,2,213.44197034197592,272.71697132783333,200.0,258.6931428845,200.0,58363.07229144516,42701.0,55042.36198719595,42701.0
SOXX,y2024,rth,14:30,15:00,2,212.985519374007,268.18843578827693,250.0,239.73204201851874,200.0,57485.574076696845,53498.0,51073.07667167647,42527.0
SOXX,y2024,rth,15:00,15:30,2,213.19256618803294,252.4364623617542,200.0,252.31400247292754,200.0,54207.74300146842,42660.0,53723.97937907162,42645.0
SOXX,y2024,rth,15:30,16:00,2,212.84515797406905,264.986782001433,200.0,307.687218766763,200.0,56747.654560199415,42565.0,65429.71044117157,42582.0
SOXX,y2024,open5,09:30,09:35,2,212.8674528348118,223.09441354103282,200.0,228.32021616242665,200.0,47499.413249200494,42530.0,48664.9384280129,42600.0
SOXX,y2024,close5,15:55,16:00,2,212.60935668914138,325.1012614403334,250.0,1063.68886109268,700.0,69246.4437882195,53462.5,223217.79428408842,146975.0
SOXX,y2024,pre,04:00,07:00,2,215.34492903765823,229.0208025455,100.0,641.8622995976666,400.0,48829.590247874345,21506.0,136177.56245284414,85279.0
SOXX,y2024,pre,07:00,08:00,2,215.33194461305814,375.3679459175,350.0,1573.3438360353337,1300.0,80199.06359391303,74636.0,336370.25063854747,275559.0
SOXX,y2024,pre,08:00,09:00,2,215.5015276396538,370.9775318038332,300.0,1269.9209420739999,1350.0,78642.88433351113,63665.5,269111.2717068891,286028.0
SOXX,y2024,pre,09:00,09:30,2,214.37603039860915,141.18689939445545,100.0,1025.1367278647042,1200.0,30379.503943991254,21418.5,215763.81308051953,251904.5
SOXX,y2024,post,16:00,17:00,2,212.567204849428,1061.428530723,1100.0,578.3996001536667,550.0,229804.39504606728,239220.0,122798.47968918532,117310.0
SOXX,y2024,post,17:00,18:00,2,212.96823953402472,2799.9994965883334,2800.0,1684.9587189259998,2200.0,610968.8899299889,610969.0,354123.57533785416,460376.0
SOXX,y2024,post,18:00,20:00,2,212.5047320646331,3750.0,3750.0,1400.0,1400.0,806550.0,806550.0,301754.9282585323,301776.0
SOXX,y2024,pre,04:00,09:30,2,215.13860794024896,279.13829817229714,100.0,1127.5659538112373,400.0,59512.761217646505,21996.0,239355.72502669523,85279.0
SOXX,y2024,post,16:00,20:00,2,212.68005881602863,2537.1426757704444,2050.0,1221.1194396932221,850.0,549107.7616586853,434795.0,259558.9944285239,181827.0
SOXX,y2024,rth,09:30,16:00,2,213.35260717450075,244.77250920925286,200.0,219.09317610905123,200.0,52390.408700675645,43368.0,46729.79715441444,41761.0
SOXX,y2025,rth,09:30,10:00,3,241.7988783088038,240.56152512187506,200.0,215.60713239178241,160.0,52334.87038711231,42249.0,46840.236679779184,35605.0
SOXX,y2025,rth,10:00,10:30,3,243.05424849863232,202.7449256291766,200.0,189.91233794554464,200.0,45621.61184230097,35227.0,43810.2410595317,35213.0
SOXX,y2025,rth,10:30,11:00,3,243.03259999956842,236.3307108371841,200.0,242.46149588832256,200.0,56121.92420727014,49839.0,56031.3155847488,55499.0
SOXX,y2025,rth,11:00,11:30,3,243.05201884683325,222.35445983850502,160.0,239.4443236496594,210.0,51994.29904257598,43246.8,56375.38438791506,53353.2
SOXX,y2025,rth,11:30,12:00,3,243.2398904783745,224.15739318687602,200.0,252.29463651260596,200.0,51758.93600253821,43255.2,59890.51446302248,48860.6
SOXX,y2025,rth,12:00,12:30,3,243.2018774395908,220.7204759079711,200.0,245.39112148551132,250.0,50638.92269981678,43227.2,59230.076282946866,55705.8
SOXX,y2025,rth,12:30,13:00,3,243.44247776747858,262.6779391409108,300.0,256.73078927515115,250.0,60528.608759277064,61378.5,61131.47592176135,55733.1
SOXX,y2025,rth,13:00,13:30,3,243.3615427797353,228.8360839995172,200.0,301.39268883410506,250.0,52594.84251123733,43319.2,75591.06989780426,61912.2
SOXX,y2025,rth,13:30,14:00,3,243.3193148458797,235.34252972930196,200.0,283.1727535388742,220.0,53896.20326250714,36782.399999999994,68147.37131672227,59755.0
SOXX,y2025,rth,14:00,14:30,3,243.33066605229118,241.6894271068317,160.0,252.53057411627628,200.0,57761.56782721913,36879.600000000006,58554.684061468135,43363.8
SOXX,y2025,rth,14:30,15:00,3,243.47164290961763,248.98916444460457,200.0,244.8872268567341,200.0,55846.30412262811,49808.0,59090.85168777296,36930.0
SOXX,y2025,rth,15:00,15:30,3,243.90888240974613,216.9060216216955,160.0,252.25434916164392,300.0,51551.47432334097,37004.4,56479.32066019166,69662.0
SOXX,y2025,rth,15:30,16:00,3,244.0612474402475,245.37357552388013,200.0,217.9882845328464,160.0,57619.17466789257,35947.4,51787.02116099032,37086.0
SOXX,y2025,open5,09:30,09:35,3,242.27888132478057,293.58255355430055,200.0,264.1191599552421,200.0,63618.191410576685,49598.0,56934.850276171856,49604.0
SOXX,y2025,close5,15:55,16:00,3,244.13080357118818,349.65242971756294,300.0,423.7259199331077,300.0,82283.37964212742,52224.00000000001,98745.44299496937,52263.0
SOXX,y2025,pre,04:00,07:00,3,243.0431749330985,781.0323248722666,240.0,353.90964941444446,200.0,153755.54035137626,73363.2,93566.66062677394,49816.0
SOXX,y2025,pre,07:00,08:00,3,242.71440949691672,386.7141927830445,300.0,338.6605941772,280.0,89214.6860470681,52143.0,78161.91478690242,52206.0
SOXX,y2025,pre,08:00,09:00,3,242.67063943921738,166.42873464875558,200.0,277.37156299037775,200.0,42516.19950549659,49676.0,62587.088847031824,52086.0
SOXX,y2025,pre,09:00,09:30,3,241.9342977432811,487.19871972013334,200.0,256.9732899970889,200.0,136865.06387339623,34734.0,63206.397691242346,49722.0
SOXX,y2025,post,16:00,17:00,3,243.86639243165882,2730.393320233156,2000.0,1441.8521191673335,2000.0,672510.0247297743,617000.0,360996.3349878271,348600.0
SOXX,y2025,post,17:00,18:00,3,243.68000151022204,1821.8965445897331,2000.0,1865.895880090489,2000.0,469875.84840551723,347600.0,484553.9861717805,348600.0
SOXX,y2025,post,18:00,20:00,3,242.38181889796599,2749.593944356445,2000.0,257.9730728947112,280.0,695793.78733994,616400.0,57762.085670005414,68000.0
SOXX,y2025,pre,04:00,09:30,3,242.59063040312842,455.3434930060499,220.0,306.72877414477784,200.0,105587.8724443343,50950.5,74380.51548798764,50951.0
SOXX,y2025,post,16:00,20:00,3,243.30940427994895,2433.9612697264442,2000.0,1188.5736907175112,400.0,612726.5534917437,616400.0,301104.135609871,86441.6
SOXX,y2025,rth,09:30,16:00,3,243.2519007298251,232.8209644230764,200.0,245.69814959778216,200.0,53712.74725034344,37004.4,57920.04841658726,49623.0
SOXX,y2026,rth,09:30,10:00,6,524.606314355997,110.87696253301573,80.0,121.95213205075497,80.0,59495.90497897807,44048.0,65709.33343420403,44060.0
SOXX,y2026,rth,10:00,10:30,6,523.613046656143,120.8342782124245,80.0,122.03748323945238,40.0,64991.982214731805,44338.4,65448.21496212559,22657.4
SOXX,y2026,rth,10:30,11:00,6,524.9583937750313,106.21577566010727,60.0,116.04109496881453,40.0,57113.28078679478,33380.6,62486.190837417336,22631.0
SOXX,y2026,rth,11:00,11:30,6,526.5197184831319,120.59049938857328,60.0,114.827489748574,80.0,65436.678789602825,34044.8,62178.41261633242,44385.2
SOXX,y2026,rth,11:30,12:00,6,526.315355283248,103.44163808711117,40.0,110.22727345917716,60.0,55705.06600326808,22913.6,58996.927796326505,33698.0
SOXX,y2026,rth,12:00,12:30,6,526.5281436108407,98.29405472390278,40.0,100.00118341848835,40.0,52730.862202350734,22598.0,53687.55103206633,22596.800000000003
SOXX,y2026,rth,12:30,13:00,6,527.1219560692407,91.11802138577167,40.0,80.18223804230007,40.0,48075.09791458132,22725.4,42266.567046284545,22633.0
SOXX,y2026,rth,13:00,13:30,6,527.206140135668,103.45254498895683,80.0,114.20838961646335,40.0,55595.59381482737,44691.2,61179.70542601646,22782.0
SOXX,y2026,rth,13:30,14:00,6,528.1081217193579,93.18033730233559,80.0,94.85260181607086,40.0,49780.354362850434,44708.0,50592.40121020081,22833.4
SOXX,y2026,rth,14:00,14:30,6,528.2763855420246,104.2536105662424,80.0,95.41475342898909,40.0,56324.382139187794,44656.8,50652.451426828906,22857.2
SOXX,y2026,rth,14:30,15:00,6,528.5893698369102,98.31179272610083,80.0,92.98151148369827,60.0,52500.85703431723,44638.399999999994,49574.686352408644,25278.0
SOXX,y2026,rth,15:00,15:30,6,528.8653256857981,105.82052563092398,80.0,106.04013092983165,80.0,56526.781037881636,36355.2,56915.60985188,36360.0
SOXX,y2026,rth,15:30,16:00,6,529.3465811228958,132.7290643780254,80.0,149.98103359619674,80.0,68853.26774299334,45370.4,79703.60761605448,45219.6
SOXX,y2026,open5,09:30,09:35,6,523.8333712847553,164.1208770382213,80.0,183.32179861822334,80.0,80450.52188999276,44026.8,87692.71071657505,45267.600000000006
SOXX,y2026,close5,15:55,16:00,6,529.5505245062212,245.7771413846896,80.0,212.27417213037307,80.0,130690.17778701754,45359.2,113323.95813465619,45380.0
SOXX,y2026,pre,04:00,07:00,6,523.1772791306521,494.4672486683333,120.0,458.7422231060666,120.0,261986.1302014022,67253.4,187358.4365488758,68179.20000000001
SOXX,y2026,pre,07:00,08:00,6,522.9803242458522,297.84743781075554,100.0,473.37814031635554,100.0,163419.30350811838,44442.4,205471.36811390347,55473.4
SOXX,y2026,pre,08:00,09:00,6,523.9976075363402,150.79590294322387,80.0,237.9967410242206,100.0,80467.5645384079,45284.0,126965.50457350627,46652.0
SOXX,y2026,pre,09:00,09:30,6,523.8672140937396,320.1212009926445,200.0,288.83583350235557,160.0,169265.93772712658,109832.0,157682.01777457245,88660.4
SOXX,y2026,post,16:00,17:00,6,528.7711342177487,422.2422291207555,120.0,727.4456249285112,80.0,236719.81932606816,68272.0,407557.7355246979,45334.8
SOXX,y2026,post,17:00,18:00,6,529.0146985817619,225.8252795725111,120.0,765.5437333088222,100.0,122212.40306185294,56928.0,425445.4470388771,56326.8
SOXX,y2026,post,18:00,20:00,6,529.537862872861,828.5411528423776,80.0,388.1271749771777,140.0,462733.2972973076,45001.600000000006,217830.51891924415,79293.4
SOXX,y2026,pre,04:00,09:30,6,523.505606245671,315.80794960769606,120.0,364.73823602643705,120.0,168784.73506631446,56312.399999999994,169369.3322676795,65364.600000000006
SOXX,y2026,post,16:00,20:00,6,529.1078985574571,492.2028871785482,100.0,627.038844404837,80.0,273888.50656174286,45436.0,350277.90049427317,45521.2
SOXX,y2026,rth,09:30,16:00,6,526.9272695074412,106.8550320037385,80.0,109.13394048322877,40.0,57163.72780076971,44096.399999999994,58414.49883387292,22879.800000000003
SMH,last12m,rth,09:30,10:00,7,533.1513825181255,119.84733809577946,80.0,127.24819235206915,80.0,63619.75805745868,47578.399999999994,67541.0529759841,47969.600000000006
SMH,last12m,rth,10:00,10:30,7,532.551713898876,112.83683806676213,80.0,111.89269816282001,80.0,59603.33814405619,45001.40000000001,59428.72790491388,46806.8
SMH,last12m,rth,10:30,11:00,7,534.1575600425799,99.96778937749514,40.0,96.04221521559283,80.0,51009.963971970006,24009.6,51826.64415154868,36070.0
SMH,last12m,rth,11:00,11:30,7,535.2771620182443,93.64341807700596,40.0,110.19588273251925,60.0,49380.67621588668,24111.199999999997,56930.0245143636,26504.4
SMH,last12m,rth,11:30,12:00,7,535.1161755722272,108.37826832238426,40.0,114.27764568192781,40.0,55377.87695844817,24101.800000000003,55825.61538589917,24107.6
SMH,last12m,rth,12:00,12:30,7,535.3189592217487,94.11739544507049,60.0,96.33749315784131,40.0,49700.61161929858,33666.8,51077.14626894016,24121.0
SMH,last12m,rth,12:30,13:00,7,536.0638299689797,95.10421765069168,40.0,101.67147079018528,80.0,49106.92317445153,24067.8,54078.19132229306,43329.59999999999
SMH,last12m,rth,13:00,13:30,7,536.4769298689208,89.87651243734264,40.0,89.03215163184959,40.0,47742.892437972194,24117.8,47422.608757267895,24096.800000000003
SMH,last12m,rth,13:30,14:00,7,537.2328717469426,98.55360902624432,80.0,90.77885629995339,80.0,52316.25793684311,43472.399999999994,48414.76647729366,45496.4
SMH,last12m,rth,14:00,14:30,7,537.4550720705098,99.18791370213538,80.0,90.28137918806779,40.0,53109.856319413506,29027.2,48070.5535370788,24196.0
SMH,last12m,rth,14:30,15:00,7,537.7275753151898,125.90752824248153,40.0,89.08231093265582,40.0,67189.31611715235,24130.6,47054.9210715816,24140.6
SMH,last12m,rth,15:00,15:30,7,537.8405496252622,104.51396234742003,80.0,93.80180658363447,60.0,55470.22247479425,36336.0,50476.25473515945,26665.2
SMH,last12m,rth,15:30,16:00,7,538.2940745352754,125.50090865081442,80.0,154.75387672072446,80.0,65314.07585052831,47965.2,84500.7326736498,47849.4
SMH,last12m,open5,09:30,09:35,7,532.8778822824529,152.730539110793,80.0,148.630566074575,120.0,78126.05646759828,48375.200000000004,76765.3451018707,70923.59999999999
SMH,last12m,close5,15:55,16:00,7,538.4516581707579,215.6824890606891,120.0,155.05836656526347,120.0,115860.33534118674,47988.0,81203.92603813978,48050.4
SMH,last12m,pre,04:00,07:00,7,533.0542632766793,194.60837938498273,80.0,354.85359330111515,240.0,94182.28056131791,47115.200000000004,173561.33344158766,145173.6
SMH,last12m,pre,07:00,08:00,7,532.9052728582391,336.7109158132191,120.0,284.19764038706666,240.0,184521.9109935042,70908.0,148661.17705901578,128400.0
SMH,last12m,pre,08:00,09:00,7,533.6450671668268,200.62044996217142,120.0,252.20299811249527,160.0,96786.39100290311,70894.79999999999,130127.36004915654,86940.0
SMH,last12m,pre,09:00,09:30,7,532.9161957597154,160.23810824060953,120.0,226.10886928335236,120.0,81651.99915474639,69870.0,116816.69602625589,47814.0
SMH,last12m,post,16:00,17:00,7,537.7765100118498,180.44155804662856,200.0,216.41398894771427,200.0,99506.49012866813,119704.0,105298.45610568354,102065.59999999999
SMH,last12m,post,17:00,18:00,7,537.9811814959734,97.78137593215237,80.0,147.1798735594286,120.0,50567.4347750087,47671.2,81845.7491923382,47880.0
SMH,last12m,post,18:00,20:00,7,538.0935013382309,434.48936323133336,80.0,313.9674571278476,80.0,256535.83963196562,48080.0,155708.99734871156,48003.2
SMH,last12m,pre,04:00,09:30,7,533.1301997659004,223.04446355067267,120.0,279.34077473876783,180.0,114285.64556981313,70382.4,142291.64142360474,90749.2
SMH,last12m,post,16:00,20:00,7,537.9503976153513,237.57076573670471,80.0,225.8537732116635,120.0,135536.58817854748,47976.0,114284.40088224442,48519.2
SMH,last12m,rth,09:30,16:00,7,535.897160318767,105.18730331913152,80.0,105.03055404306578,80.0,55303.17712197542,29121.6,55588.25661339987,42985.200000000004
SMH,last5,rth,09:30,10:00,4,593.7531644679486,112.48693083387413,80.0,127.7011007942811,80.0,66780.79199519893,47806.0,75938.99739878555,48066.8
SMH,last5,rth,10:00,10:30,4,593.8504500509986,120.28978856299777,80.0,115.0781060367419,80.0,71444.33947864568,47820.8,68369.09111699364,47444.0
SMH,last5,rth,10:30,11:00,4,595.1201551618859,88.03829791412055,40.0,105.28483615143502,80.0,52344.841169419684,24013.0,62647.49938896038,46952.0
SMH,last5,rth,11:00,11:30,4,595.9351098441133,95.42136073663688,40.0,100.92229062093855,60.0,56762.37592440912,24060.4,60112.956552090305,35620.6
SMH,last5,rth,11:30,12:00,4,595.9242964602009,96.65422363423541,40.0,86.0224646412358,60.0,57596.26610520891,24085.6,51273.00714697291,35693.4
SMH,last5,rth,12:00,12:30,4,597.1631079856867,96.22284623630398,60.0,99.89216348736441,60.0,57463.731408511056,35707.0,59693.057079389524,35711.6
SMH,last5,rth,12:30,13:00,4,597.859793494223,87.90277866558749,40.0,102.70624660201501,80.0,52533.52788028205,24067.8,61415.3587100293,47432.8
SMH,last5,rth,13:00,13:30,4,598.0024841492303,93.88015975229975,40.0,91.29875608589552,60.0,56096.89954311247,24145.199999999997,54661.38504104323,35731.0
SMH,last5,rth,13:30,14:00,4,598.6060653743391,105.66497941583286,80.0,88.93209676512313,80.0,63235.19800223845,47638.8,53256.11111985292,47491.2
SMH,last5,rth,14:00,14:30,4,598.7404283551452,109.5451049056922,80.0,92.5242844799649,40.0,65710.39944142262,47594.8,55402.09699227519,24220.4
SMH,last5,rth,14:30,15:00,4,599.5578783598255,140.0210481657427,60.0,86.94746724655224,40.0,84154.70765655256,35808.4,52116.85519442125,24106.6
SMH,last5,rth,15:00,15:30,4,600.524779599098,109.27455185373056,80.0,96.17363719245458,80.0,65692.95502114495,47838.399999999994,57775.30214386103,47732.799999999996
SMH,last5,rth,15:30,16:00,4,600.9923288750746,114.16332089418458,80.0,164.80927976249583,80.0,68630.8286167543,48276.399999999994,99490.04089314588,47896.8
SMH,last5,open5,09:30,09:35,4,592.5254766682685,126.6394371212205,80.0,129.59686670986932,100.0,75007.23244084684,47424.399999999994,76866.42982389532,59585.0
SMH,last5,close5,15:55,16:00,4,601.3100526320037,232.70593632064612,120.0,137.51293204133776,100.0,140279.7871153565,72046.0,82660.85327835013,60088.2
SMH,last5,pre,04:00,07:00,4,593.1407605581984,128.02004475646666,80.0,268.01503840653334,260.0,76143.63667275704,46881.600000000006,159725.0298347782,155118.2
SMH,last5,pre,07:00,08:00,4,591.7237755512372,410.8649944263333,140.0,225.1755749656,180.0,240305.6583653375,83488.4,133642.0726033125,107102.40000000001
SMH,last5,pre,08:00,09:00,4,591.1014571923424,138.16711595366667,100.0,192.81372894986666,80.0,81467.44219667303,59464.59999999999,114693.49901124052,47251.2
SMH,last5,pre,09:00,09:30,4,591.1842871091945,160.7815927121,160.0,129.85567703466666,100.0,94924.4062050256,93940.0,76972.52476737241,59728.799999999996
SMH,last5,post,16:00,17:00,4,600.4317567132791,175.1151506599667,140.0,109.54865800443336,80.0,105076.84022116395,84130.0,65800.81211110768,48298.8
SMH,last5,post,17:00,18:00,4,600.7250796058261,92.42689466573333,80.0,118.51683393336667,80.0,55433.8228631438,47823.6,71158.33395360636,48144.0
SMH,last5,post,18:00,20:00,4,600.9614225054033,711.0449686710999,480.0,117.83413153933334,80.0,425746.6978317064,289845.0,70962.43069917857,47881.6
SMH,last5,pre,04:00,09:30,4,591.7875701027432,209.45843696214163,120.0,203.96500483916668,120.0,123210.2858599483,70382.4,121258.28155417589,72172.79999999999
SMH,last5,post,16:00,20:00,4,600.7060862748361,326.19567133226667,80.0,115.29987449237775,80.0,195419.120305338,48244.4,69307.19225463086,48040.8
SMH,last5,rth,09:30,16:00,4,597.386781049186,105.35109254647078,80.0,104.48432398652098,80.0,62957.378250932685,47332.8,62473.35934084659,47296.8
SMH,normal18m,rth,09:30,10:00,9,469.79649844736144,158.14249690661978,80.0,163.37103715467507,120.0,65218.40212732671,47988.0,67965.05331954993,52721.600000000006
SMH,normal18m,rth,10:00,10:30,9,469.6014920002012,147.53059591075112,100.0,158.84436524021947,80.0,60998.97325206899,47558.8,63269.48619610608,47585.2
SMH,normal18m,rth,10:30,11:00,9,470.75921385771534,143.99786578200684,60.0,139.84667550164627,80.0,55499.76089897178,26462.6,55943.03500653283,46952.0
SMH,normal18m,rth,11:00,11:30,9,471.7622739799349,128.1993461776832,60.0,148.69078482148504,80.0,52037.53205820436,24163.199999999997,59503.266127550094,45244.4
SMH,normal18m,rth,11:30,12:00,9,471.6575606871898,148.9428904493347,80.0,148.57364580298784,80.0,58614.02383498587,45314.0,58117.64919594188,47306.0
SMH,normal18m,rth,12:00,12:30,9,471.92090753399964,150.9648332736232,80.0,143.0949776756031,80.0,57080.78662893903,45253.4,56181.45574363835,43225.8
SMH,normal18m,rth,12:30,13:00,9,472.501070174655,136.2351043182655,80.0,142.51926804147212,80.0,53478.636489093435,26497.0,57703.099903424736,47432.8
SMH,normal18m,rth,13:00,13:30,9,472.6355226060048,136.80960550384245,60.0,126.87817116705199,80.0,53337.99948512882,32409.6,51174.35339549562,36222.0
SMH,normal18m,rth,13:30,14:00,9,473.1964290779756,139.81622449961174,80.0,118.92897203839753,80.0,56019.450585147846,47491.2,50117.29433834527,45496.4
SMH,normal18m,rth,14:00,14:30,9,473.28700316985265,136.17118030751664,80.0,122.3913115516413,60.0,56075.05241890013,38265.2,50574.61598076159,32339.8
SMH,normal18m,rth,14:30,15:00,9,473.5399138902863,161.80827744114998,100.0,140.53077180552788,60.0,68263.56517089778,43555.2,53962.60502423044,33881.4
SMH,normal18m,rth,15:00,15:30,9,473.6339267915074,146.92625823097333,80.0,145.25646371949054,80.0,59640.05461547228,47724.8,57034.688287744306,38408.399999999994
SMH,normal18m,rth,15:30,16:00,9,473.9629489409843,171.80414093713046,100.0,191.0763660639209,80.0,69091.67715484327,48017.600000000006,83350.78726530918,47919.0
SMH,normal18m,open5,09:30,09:35,9,469.60625210538245,181.9765300065012,120.0,180.29565728020418,120.0,76148.29512907367,57566.4,75300.87328176058,61299.00000000001
SMH,normal18m,close5,15:55,16:00,9,474.0319026110683,248.41187108559313,120.0,196.17913548404766,120.0,109451.25339402223,48047.200000000004,81602.11795837898,48619.2
SMH,normal18m,pre,04:00,07:00,9,469.7114423259566,219.06844249420232,100.0,366.5835035513048,240.0,88443.68294428318,47115.200000000004,155412.24889157576,121716.00000000001
SMH,normal18m,pre,07:00,08:00,9,469.45888835549243,366.09294555928153,160.0,347.49229842175555,240.0,168164.65698406246,87720.0,142640.0131683373,101195.0
SMH,normal18m,pre,08:00,09:00,9,470.0112997611343,245.8060836338,160.0,337.22117780601485,240.0,97611.36840246277,72376.0,134539.45430133026,97241.6
SMH,normal18m,pre,09:00,09:30,9,469.5136219178774,213.5346334112148,120.0,360.82804863234816,120.0,86202.84546175654,69870.0,133305.31743660674,58679.99999999999
SMH,normal18m,post,16:00,17:00,9,473.4771605006495,219.36641152504444,200.0,279.4331025148889,200.0,94404.3330814621,101295.0,106498.13252664274,102065.59999999999
SMH,normal18m,post,17:00,18:00,9,473.64494094661444,174.51441116760003,80.0,224.6140890668148,120.0,60292.92149917608,47671.2,87971.60131788824,58834.0
SMH,normal18m,post,18:00,20:00,9,473.1488693349644,397.98943529033335,100.0,267.0071375101037,100.0,212435.25720756492,47976.0,126694.80241124879,47760.0
SMH,normal18m,pre,04:00,09:30,9,469.67381308990895,261.1255265051832,120.0,353.0312570285619,220.0,110105.63856689289,71154.0,141474.25837305395,95900.0
SMH,normal18m,post,16:00,20:00,9,473.42365692740947,263.9567526609926,100.0,257.01810969726915,120.0,122377.50392940103,47976.0,107054.84541859325,58834.0
SMH,normal18m,rth,09:30,16:00,9,472.1733771627791,146.71889865133173,80.0,145.3848164022212,80.0,58873.39888064178,46641.200000000004,58838.31927456446,47068.4
SMH,since_2026-07-15,rth,09:30,10:00,4,593.7531644679486,112.48693083387413,80.0,127.7011007942811,80.0,66780.79199519893,47806.0,75938.99739878555,48066.8
SMH,since_2026-07-15,rth,10:00,10:30,4,593.8504500509986,120.28978856299777,80.0,115.0781060367419,80.0,71444.33947864568,47820.8,68369.09111699364,47444.0
SMH,since_2026-07-15,rth,10:30,11:00,4,595.1201551618859,88.03829791412055,40.0,105.28483615143502,80.0,52344.841169419684,24013.0,62647.49938896038,46952.0
SMH,since_2026-07-15,rth,11:00,11:30,4,595.9351098441133,95.42136073663688,40.0,100.92229062093855,60.0,56762.37592440912,24060.4,60112.956552090305,35620.6
SMH,since_2026-07-15,rth,11:30,12:00,4,595.9242964602009,96.65422363423541,40.0,86.0224646412358,60.0,57596.26610520891,24085.6,51273.00714697291,35693.4
SMH,since_2026-07-15,rth,12:00,12:30,4,597.1631079856867,96.22284623630398,60.0,99.89216348736441,60.0,57463.731408511056,35707.0,59693.057079389524,35711.6
SMH,since_2026-07-15,rth,12:30,13:00,4,597.859793494223,87.90277866558749,40.0,102.70624660201501,80.0,52533.52788028205,24067.8,61415.3587100293,47432.8
SMH,since_2026-07-15,rth,13:00,13:30,4,598.0024841492303,93.88015975229975,40.0,91.29875608589552,60.0,56096.89954311247,24145.199999999997,54661.38504104323,35731.0
SMH,since_2026-07-15,rth,13:30,14:00,4,598.6060653743391,105.66497941583286,80.0,88.93209676512313,80.0,63235.19800223845,47638.8,53256.11111985292,47491.2
SMH,since_2026-07-15,rth,14:00,14:30,4,598.7404283551452,109.5451049056922,80.0,92.5242844799649,40.0,65710.39944142262,47594.8,55402.09699227519,24220.4
SMH,since_2026-07-15,rth,14:30,15:00,4,599.5578783598255,140.0210481657427,60.0,86.94746724655224,40.0,84154.70765655256,35808.4,52116.85519442125,24106.6
SMH,since_2026-07-15,rth,15:00,15:30,4,600.524779599098,109.27455185373056,80.0,96.17363719245458,80.0,65692.95502114495,47838.399999999994,57775.30214386103,47732.799999999996
SMH,since_2026-07-15,rth,15:30,16:00,4,600.9923288750746,114.16332089418458,80.0,164.80927976249583,80.0,68630.8286167543,48276.399999999994,99490.04089314588,47896.8
SMH,since_2026-07-15,open5,09:30,09:35,4,592.5254766682685,126.6394371212205,80.0,129.59686670986932,100.0,75007.23244084684,47424.399999999994,76866.42982389532,59585.0
SMH,since_2026-07-15,close5,15:55,16:00,4,601.3100526320037,232.70593632064612,120.0,137.51293204133776,100.0,140279.7871153565,72046.0,82660.85327835013,60088.2
SMH,since_2026-07-15,pre,04:00,07:00,4,593.1407605581984,128.02004475646666,80.0,268.01503840653334,260.0,76143.63667275704,46881.600000000006,159725.0298347782,155118.2
SMH,since_2026-07-15,pre,07:00,08:00,4,591.7237755512372,410.8649944263333,140.0,225.1755749656,180.0,240305.6583653375,83488.4,133642.0726033125,107102.40000000001
SMH,since_2026-07-15,pre,08:00,09:00,4,591.1014571923424,138.16711595366667,100.0,192.81372894986666,80.0,81467.44219667303,59464.59999999999,114693.49901124052,47251.2
SMH,since_2026-07-15,pre,09:00,09:30,4,591.1842871091945,160.7815927121,160.0,129.85567703466666,100.0,94924.4062050256,93940.0,76972.52476737241,59728.799999999996
SMH,since_2026-07-15,post,16:00,17:00,4,600.4317567132791,175.1151506599667,140.0,109.54865800443336,80.0,105076.84022116395,84130.0,65800.81211110768,48298.8
SMH,since_2026-07-15,post,17:00,18:00,4,600.7250796058261,92.42689466573333,80.0,118.51683393336667,80.0,55433.8228631438,47823.6,71158.33395360636,48144.0
SMH,since_2026-07-15,post,18:00,20:00,4,600.9614225054033,711.0449686710999,480.0,117.83413153933334,80.0,425746.6978317064,289845.0,70962.43069917857,47881.6
SMH,since_2026-07-15,pre,04:00,09:30,4,591.7875701027432,209.45843696214163,120.0,203.96500483916668,120.0,123210.2858599483,70382.4,121258.28155417589,72172.79999999999
SMH,since_2026-07-15,post,16:00,20:00,4,600.7060862748361,326.19567133226667,80.0,115.29987449237775,80.0,195419.120305338,48244.4,69307.19225463086,48040.8
SMH,since_2026-07-15,rth,09:30,16:00,4,597.386781049186,105.35109254647078,80.0,104.48432398652098,80.0,62957.378250932685,47332.8,62473.35934084659,47296.8
SMH,y2022,rth,09:30,10:00,5,229.22234727226223,134.2868865868052,100.0,129.8718208870439,100.0,30693.773510676612,22518.5,29790.381817916183,22523.0
SMH,y2022,rth,10:00,10:30,5,228.74877631952538,153.29100657537919,100.0,158.92880104171243,100.0,34574.27144439276,22573.5,36384.0247517883,22576.0
SMH,y2022,rth,10:30,11:00,5,229.25583387109583,171.99116237803486,100.0,136.36064813094072,100.0,39308.02524007736,24905.5,31295.728679786276,22541.0
SMH,y2022,rth,11:00,11:30,5,229.78089684075573,172.39921033913743,100.0,134.89392362961965,100.0,39623.58334256051,24868.0,30762.58492207529,22494.0
SMH,y2022,rth,11:30,12:00,5,229.38826630397543,170.20593831852594,100.0,143.21276075064085,100.0,39070.15912218523,27646.0,32774.69508534881,22497.0
SMH,y2022,rth,12:00,12:30,5,228.81139845625,146.65937314334616,100.0,144.25185507841118,100.0,33440.93480866305,23414.5,33140.25835622991,23417.5
SMH,y2022,rth,12:30,13:00,5,229.12996131851125,166.3307262721469,100.0,144.90526056620365,100.0,38081.40248489415,27802.499999999996,33438.09112079335,22363.5
SMH,y2022,rth,13:00,13:30,5,228.87027299039048,160.2732020032089,100.0,142.64613273672657,100.0,36355.18590249732,26001.0,32822.215042603275,22261.0
SMH,y2022,rth,13:30,14:00,5,228.7154362593833,155.9786640369751,100.0,150.9580504148992,100.0,35786.49446974013,24321.0,34286.87958926921,22333.5
SMH,y2022,rth,14:00,14:30,5,228.29498531548094,150.75939233662928,100.0,148.76612209007666,100.0,34253.28698307491,23287.5,33728.91008705595,22415.5
SMH,y2022,rth,14:30,15:00,5,228.42599311195983,154.1608194458211,100.0,149.81948944672638,100.0,35145.76504820554,23234.0,34120.80678171235,24111.0
SMH,y2022,rth,15:00,15:30,5,228.07531504153596,161.1280930394501,100.0,156.97512004537674,100.0,36312.659738532144,25802.0,35417.39251441432,25807.0
SMH,y2022,rth,15:30,16:00,5,228.54974245673878,186.32848326647536,100.0,184.56014100744346,100.0,42071.922022968785,25900.5,42148.05140030791,23991.0
SMH,y2022,open5,09:30,09:35,5,228.2552748444204,145.76108223449606,100.0,147.82674646247946,100.0,32964.171651329525,22279.0,33833.81075428402,22302.0
SMH,y2022,close5,15:55,16:00,5,229.24734686573314,251.96424936969277,200.0,269.4438846760613,200.0,57577.521771875596,41296.0,60967.91958927346,41262.0
SMH,y2022,pre,04:00,07:00,5,230.17254166030213,246.68859105441666,200.0,219.30298764750003,250.0,54435.98233177549,51914.0,51225.30532687276,56504.0
SMH,y2022,pre,07:00,08:00,5,227.94871112186607,1766.3734425732478,200.0,281.773183875367,200.0,425212.9440413613,54088.0,63403.94496164596,54232.00000000001
SMH,y2022,pre,08:00,09:00,5,228.17907696733954,288.1374002994,200.0,469.5612462495333,300.0,68037.87850787176,49872.0,99223.66432845629,57723.0
SMH,y2022,pre,09:00,09:30,5,228.12754763727065,236.22084676246664,200.0,828.6015722846666,800.0,53074.05066635579,54272.0,174134.39881291843,153584.0
SMH,y2022,post,16:00,17:00,5,217.17467012311,450.0,100.0,352.54693206525,300.0,105358.0,21532.5,77973.2025025423,65619.0
SMH,y2022,post,17:00,18:00,5,229.52189701196812,380.0,500.0,422.7806156948,100.0,89761.4,124320.0,96678.55833560295,28001.0
SMH,y2022,post,18:00,20:00,5,235.25358415090543,400.0,450.0,525.4440960118334,500.0,97942.5,114264.0,124797.4267416813,119182.5
SMH,y2022,pre,04:00,09:30,5,228.52457081349573,654.7585504982434,200.0,461.94168525471224,300.0,155229.90577305952,54088.0,99405.85648699163,57723.0
SMH,y2022,post,16:00,20:00,5,227.4863463196848,407.6923076923077,400.0,432.75901467556406,300.0,97077.61538461539,89628.0,99575.02374268533,72072.0
SMH,y2022,rth,09:30,16:00,5,228.866862670204,160.2916882834547,100.0,148.16536669946845,100.0,36516.70955327419,24369.5,33854.60820034035,22523.0
SMH,y2023,rth,09:30,10:00,5,192.9715078130969,204.47905970756702,200.0,212.18832368032716,100.0,38446.48203892263,30221.0,39203.82001054853,25234.5
SMH,y2023,rth,10:00,10:30,5,192.70653859409668,253.62223448014885,200.0,256.89513659117557,200.0,47424.95735881776,44904.0,45767.45954546823,31508.999999999996
SMH,y2023,rth,10:30,11:00,5,192.7915807720749,285.6348699266244,200.0,252.79831996702123,200.0,51536.04807342223,47203.0,45714.00610013245,45232.5
SMH,y2023,rth,11:00,11:30,5,192.74436131993164,344.00640621766274,300.0,276.23624146711967,200.0,61971.903115744906,60408.0,49489.92314068451,49458.0
SMH,y2023,rth,11:30,12:00,5,192.90276020944046,323.32194607824044,200.0,295.0592771224581,200.0,58477.73991219574,49860.0,52496.41525264655,39567.0
SMH,y2023,rth,12:00,12:30,5,193.20465630672896,295.93210186777355,200.0,262.6524905946023,200.0,53593.404568147744,47124.0,46668.965468901784,30340.0
SMH,y2023,rth,12:30,13:00,5,193.32897822628382,304.89301883449406,250.0,273.9333124843387,200.0,54520.969679466856,50690.0,49907.86922166833,48876.0
SMH,y2023,rth,13:00,13:30,5,194.017472847771,341.12692058372784,250.0,282.5279057939985,200.0,60615.707774196744,50859.0,52317.46844850793,50872.0
SMH,y2023,rth,13:30,14:00,5,193.32226298095028,327.5601714245123,250.0,284.21349567849876,300.0,58625.926287081944,50804.0,50713.61103618718,50002.0
SMH,y2023,rth,14:00,14:30,5,193.83118891461373,305.7550427971976,200.0,287.0683364158371,250.0,55168.956209597956,47686.0,51603.69884410218,49379.0
SMH,y2023,rth,14:30,15:00,5,193.21311021329782,260.0758096555371,200.0,285.644004596846,250.0,47732.749507694294,46947.0,50720.812494499805,50312.0
SMH,y2023,rth,15:00,15:30,5,193.20254159514818,289.220284644655,300.0,371.48757335113,350.0,53380.07536682199,49494.5,64677.843782189535,57605.0
SMH,y2023,rth,15:30,16:00,5,193.2459920179546,415.1044498792877,400.0,646.8255937711443,350.0,72047.81300994974,75260.0,107004.13680677614,57645.0
SMH,y2023,open5,09:30,09:35,5,192.34435184501095,187.80040527983087,100.0,205.050520503794,100.0,35750.918178849046,25022.0,38907.46702937983,25025.0
SMH,y2023,close5,15:55,16:00,5,193.3412682710404,542.3200780141523,500.0,961.7984768456756,500.0,93918.3510115255,75360.0,157749.3078461952,75285.0
SMH,y2023,pre,04:00,07:00,5,191.89259629285297,460.7412752424,300.0,329.4210801074,200.0,78994.29423716331,48962.0,58577.187655728936,49578.0
SMH,y2023,pre,07:00,08:00,5,192.01085231530277,312.8526479860667,300.0,594.5771932648665,400.0,55409.84939067536,49078.0,110906.99751091651,65479.99999999999
SMH,y2023,pre,08:00,09:00,5,191.72258875768514,340.52281675473336,200.0,447.35949910073333,300.0,60372.10627890487,49032.0,74608.92981765425,48960.0
SMH,y2023,pre,09:00,09:30,5,191.75388656893807,340.3022045962666,200.0,272.85652682346665,300.0,61272.19750455852,48956.0,53594.15567533469,45777.0
SMH,y2023,post,16:00,17:00,5,193.20736033664178,189.06144437313333,100.0,583.4368793272668,300.0,33163.89602930295,25145.0,129336.85464823566,48687.0
SMH,y2023,post,17:00,18:00,5,193.24949969893981,379.99998096166667,300.0,453.06988727433327,300.0,71471.92297537747,45150.0,82516.60566794394,48678.0
SMH,y2023,post,18:00,20:00,5,193.496,280.0,100.0,680.0,600.0,46420.2,25101.0,129187.8,151656.0
SMH,y2023,pre,04:00,09:30,5,191.84498098369474,363.6047361448667,250.0,411.0535748241166,300.0,64012.11185282551,48997.0,74421.81766490858,49689.0
SMH,y2023,post,16:00,20:00,5,193.31762001186053,283.02047511160004,100.0,572.1689222005333,300.0,50352.00633489347,25145.0,113680.4201053932,48687.0
SMH,y2023,rth,09:30,16:00,5,193.1909516326697,303.8920218833959,200.0,306.7070098951678,200.0,54886.28162575253,49319.0,54325.55151660177,48708.0
SMH,y2024,rth,09:30,10:00,2,220.53523332859803,180.30835200151935,150.0,175.12767444041515,150.0,40127.26636113168,33641.0,38981.87122298657,33658.5
SMH,y2024,rth,10:00,10:30,2,221.06292805126648,234.54412330015407,150.0,169.48901602986913,150.0,51984.70423366544,33712.5,37774.67393899565,33700.0
SMH,y2024,rth,10:30,11:00,2,222.78498590208602,210.09270205216998,150.0,180.34283304688947,150.0,46780.75971420143,33967.5,40601.8598534343,34006.5
SMH,y2024,rth,11:00,11:30,2,222.71352767677482,208.83359997287837,200.0,190.75682490358162,150.0,46307.17470699316,44492.0,42974.61525037512,33941.0
SMH,y2024,rth,11:30,12:00,2,221.80469748326183,198.34594492071128,200.0,190.15196140596285,150.0,44039.602965555314,44330.0,42558.59801310366,33787.0
SMH,y2024,rth,12:00,12:30,2,222.10830714651397,215.17790520990965,200.0,199.11238511964618,150.0,47920.90662176218,44410.0,44629.30249489364,33881.0
SMH,y2024,rth,12:30,13:00,2,221.87266792238987,208.17095086531788,200.0,182.88056314177678,150.0,45968.72453589295,42074.0,40927.99458703695,33835.0
SMH,y2024,rth,13:00,13:30,2,221.34091375144425,214.01016975903988,200.0,202.0626971146498,200.0,47636.50741694361,44245.0,44748.817587866986,44250.0
SMH,y2024,rth,13:30,14:00,2,221.68586295552763,199.11094105104527,200.0,204.5455760531542,150.0,44388.00177627077,44316.0,45923.73487208433,33938.0
SMH,y2024,rth,14:00,14:30,2,221.97810946446972,205.80258891058514,200.0,202.46407174444983,150.0,45728.909045911925,41757.0,45520.58531599878,34012.0
SMH,y2024,rth,14:30,15:00,2,221.54820336715437,200.78096567378353,200.0,198.98541391250623,200.0,44309.587788852026,41729.0,44374.654937517975,44250.0
SMH,y2024,rth,15:00,15:30,2,221.77397556845398,233.33347674656076,200.0,181.75728766517196,150.0,51646.850404491655,44359.0,40389.148478418756,32600.0
SMH,y2024,rth,15:30,16:00,2,221.40278694987447,208.03841250183564,200.0,260.0106115743385,200.0,45960.61236478769,44264.0,58279.261369929605,44273.0
SMH,y2024,open5,09:30,09:35,2,220.76261758736413,165.34172481615835,100.0,188.06891851593423,150.0,36696.52457972147,22127.5,42019.37282767691,33696.5
SMH,y2024,close5,15:55,16:00,2,221.12658395699017,275.4780394363419,200.0,482.59496030173574,250.0,60562.99887705605,44246.0,106316.96962902839,54646.5
SMH,y2024,pre,04:00,07:00,2,223.15958797000658,304.22861753800004,200.0,474.2964358751666,500.0,66613.18848350282,44585.0,102857.15709103539,108617.0
SMH,y2024,pre,07:00,08:00,2,223.20426736065727,262.93102847299997,250.0,131.5351906823333,100.0,57846.16337510648,55236.5,29069.805617859514,22342.5
SMH,y2024,pre,08:00,09:00,2,223.38134455291296,346.8004769153333,450.0,542.1526391018334,700.0,79743.79010426387,104160.5,117116.39889692438,150130.5
SMH,y2024,pre,09:00,09:30,2,222.17559674951693,481.69153334083325,450.0,588.9439212215,550.0,109412.36839053327,103655.0,125791.91555066944,117452.0
SMH,y2024,post,16:00,17:00,2,221.00990704422196,228.1359105535,250.0,595.2677834794999,750.0,52012.37190175048,57118.0,134076.9526708345,166488.5
SMH,y2024,post,17:00,18:00,2,220.97164815182603,1424.5994502680003,2550.0,1442.5078925631667,1450.0,330998.1206003789,593466.0,312169.3019334267,313731.5
SMH,y2024,post,18:00,20:00,2,220.91545311331515,868.2248647641666,550.0,399.99999999999994,400.0,198043.04243311862,123325.0,84586.0,84586.0
SMH,y2024,pre,04:00,09:30,2,222.98019915827345,348.9129140667916,200.0,434.2320467202083,150.0,78403.87758835162,46715.0,93708.81928912218,35121.0
SMH,y2024,post,16:00,20:00,2,220.9656694364544,840.3200751952222,400.0,812.5918920142221,750.0,193684.51164508268,88302.0,176944.08486808708,166488.5
SMH,y2024,rth,09:30,16:00,2,221.739399557991,208.9654038649248,200.0,195.20664520470595,200.0,46369.20276719168,42202.0,43668.076615954116,41778.0
SMH,y2025,rth,09:30,10:00,3,284.52360136265725,247.13234583287135,250.0,246.72215638077162,200.0,65917.58108888213,59828.5,65437.460021376835,58558.0
SMH,y2025,rth,10:00,10:30,3,285.94908000935226,231.0834153258898,200.0,262.1605577872492,200.0,62526.853099310196,58812.0,67927.46119395967,58816.0
SMH,y2025,rth,10:30,11:00,3,286.26141523096635,263.4582211861191,200.0,230.08926483635642,200.0,70843.59381665094,58934.0,59410.741104464214,58932.0
SMH,y2025,rth,11:00,11:30,3,286.41712061335693,212.1661783895832,150.0,253.8415033716503,200.0,57492.20159092591,34839.2,69061.9511448033,59029.0
SMH,y2025,rth,11:30,12:00,3,286.76991856851487,267.42197418395716,200.0,281.8778582577041,220.0,73164.04816465345,59063.0,81236.65021872194,61132.5
SMH,y2025,rth,12:00,12:30,3,286.7956958595932,279.9224547338922,200.0,247.28731693218518,200.0,72074.26766210565,59128.0,64784.456753762126,59132.0
SMH,y2025,rth,12:30,13:00,3,286.97455701957983,247.4592883353056,160.0,228.36176126045186,200.0,67743.83641962228,51223.0,60652.42058756922,59129.0
SMH,y2025,rth,13:00,13:30,3,286.83684874224076,242.01354273029995,200.0,211.78446712633917,200.0,63567.10982873465,51242.0,56955.29471180113,59053.0
SMH,y2025,rth,13:30,14:00,3,286.82589003495974,237.6775923259588,200.0,184.88442659564984,160.0,63442.66724323,59023.0,51849.08844681567,43483.2
SMH,y2025,rth,14:00,14:30,3,286.75592750784983,218.81807204383932,150.0,192.51088911853998,200.0,59447.24894131937,44023.8,52621.25280338216,43545.600000000006
SMH,y2025,rth,14:30,15:00,3,286.80022409889864,253.319438400284,300.0,256.2858616927369,300.0,70382.35966920921,60751.5,67522.97409573653,70908.0
SMH,y2025,rth,15:00,15:30,3,287.15750962526664,249.80605990991722,300.0,250.24098309616775,300.0,68723.10192081743,60885.0,65457.39665433572,60922.5
SMH,y2025,rth,15:30,16:00,3,287.26320006100195,278.97003700032076,300.0,252.28676201545224,250.0,75411.0105935933,60817.5,67506.34415139994,52291.5
SMH,y2025,open5,09:30,09:35,3,285.05297751230967,269.04335936479475,200.0,257.1791853572582,200.0,74660.93996836388,58734.0,69435.5508662917,58567.99999999999
SMH,y2025,close5,15:55,16:00,3,287.13213526096405,320.2452075565421,300.0,284.6262209134355,300.0,86521.25955452294,60879.0,76417.17251971061,60906.0
SMH,y2025,pre,04:00,07:00,3,285.88946530360846,248.66270586251113,100.0,638.6587209396668,600.0,62037.85110347546,29300.0,193983.64540413482,121716.00000000001
SMH,y2025,pre,07:00,08:00,3,285.4722343196217,377.7872743437111,300.0,475.41460011846664,240.0,97505.43723002306,87720.0,115791.36639605425,86808.0
SMH,y2025,pre,08:00,09:00,3,285.5613565675502,353.59879117908895,500.0,527.8466746551555,500.0,97511.89743662087,100720.0,137903.25810861602,146570.0
SMH,y2025,pre,09:00,09:30,3,284.70759948802,344.43556835928894,200.0,631.6659067154444,200.0,95980.49302611977,71642.0,154916.82210276037,58679.99999999999
SMH,y2025,post,16:00,17:00,3,287.01943363624866,251.2009941665556,100.0,431.9719354267555,280.0,56173.63209894324,29392.0,109751.90319912917,102065.59999999999
SMH,y2025,post,17:00,18:00,3,286.90085307066784,324.2971336280889,100.0,357.0891898703556,200.0,73397.83675674911,29392.0,82648.0415944786,58834.0
SMH,y2025,post,18:00,20:00,3,285.06727221906465,193.49315776366666,100.0,124.20799161275555,100.0,43564.909236756364,29392.0,37062.688073241945,19745.0
SMH,y2025,pre,04:00,09:30,3,285.4076639197001,331.12108493615,250.0,568.3964756071833,370.0,88258.91969905978,80048.0,150648.77300289136,94067.5
SMH,y2025,post,16:00,20:00,3,286.3291863086604,256.3304285194371,100.0,304.4230389699556,200.0,57712.12603081624,29392.0,76487.5442889499,58834.0
SMH,y2025,rth,09:30,16:00,3,286.5638822100015,248.40301752990933,200.0,238.33279780319117,200.0,66979.3914361575,59021.0,63878.617535647376,59027.0
SMH,y2026,rth,09:30,10:00,6,562.4330590765198,113.64751860621872,80.0,121.69542711568265,80.0,64868.812223558176,47806.0,69228.85149778544,47969.600000000006
SMH,y2026,rth,10:00,10:30,6,561.4280573251998,105.7540227258896,80.0,107.18606682090613,80.0,60235.03033903809,47188.4,60940.48958350551,47194.8
SMH,y2026,rth,10:30,11:00,6,563.0135277017554,84.26418222913604,40.0,94.72273244893962,60.0,47827.394138532516,23996.2,54209.08018940977,35482.2
SMH,y2026,rth,11:00,11:30,6,564.4314377234663,86.2174762343103,40.0,96.11736178838852,40.0,49310.297733954816,24060.4,54724.09963224531,24122.2
SMH,y2026,rth,11:30,12:00,6,564.093282195091,89.70853890962931,40.0,81.92737936196225,40.0,51339.649077115115,24085.6,46559.16148094969,24090.199999999997
SMH,y2026,rth,12:00,12:30,6,564.4686421660442,86.49638177672408,40.0,91.0071778724645,40.0,49585.25054653553,24117.800000000003,51880.64632215086,24056.200000000004
SMH,y2026,rth,12:30,13:00,6,565.2261732949609,80.64588552110413,40.0,99.6156749082321,60.0,46348.97015679714,24011.800000000003,56229.046088035255,35726.600000000006
SMH,y2026,rth,13:00,13:30,6,565.5291090942388,84.21089293814094,40.0,84.42765102570318,40.0,48223.76090289773,24087.8,48284.061656689184,24053.600000000002
SMH,y2026,rth,13:30,14:00,6,566.3738790511168,90.88964655566964,60.0,85.95401205265794,80.0,52308.15371199455,35814.0,49251.46994499235,47491.2
SMH,y2026,rth,14:00,14:30,6,566.5483815950249,94.84957735996252,60.0,87.33308634562063,40.0,54389.02935338548,35831.6,49551.3432068503,24176.8
SMH,y2026,rth,14:30,15:00,6,566.8463972226986,116.08374708393558,40.0,82.69250305147514,40.0,67204.88683763961,24067.6,47187.02157881877,24073.8
SMH,y2026,rth,15:00,15:30,6,566.9119645202422,95.46438348904155,60.0,92.74178058601572,40.0,55096.59093188724,35891.2,52821.5351140824,24164.199999999997
SMH,y2026,rth,15:30,16:00,6,567.3056085846881,118.22533420788665,80.0,160.47353349325132,80.0,65932.25463881459,47978.4,91272.39653204891,47919.0
SMH,y2026,open5,09:30,09:35,6,561.8830237343018,138.4430519532708,80.0,141.8538372798009,120.0,76891.9737920426,48018.8,78233.5387587378,71205.0
SMH,y2026,close5,15:55,16:00,6,567.4542711622919,212.5057780540155,100.0,151.9686138262676,100.0,120912.87459196745,48017.600000000006,84193.82735725635,48334.8
SMH,y2026,pre,04:00,07:00,6,561.6224338602875,204.27131032333736,100.0,230.54589038254443,220.0,101646.5992989603,59257.600000000006,136126.55000094677,132220.8
SMH,y2026,pre,07:00,08:00,6,561.4522153734277,360.2457811670667,140.0,283.5311475734,280.0,203494.26686108217,83488.4,156064.33655447882,135206.40000000002
SMH,y2026,pre,08:00,09:00,6,562.2362713579263,191.90972986115554,100.0,241.90842938144445,120.0,97661.10388538375,59747.399999999994,132857.55239768737,72260.8
SMH,y2026,pre,09:00,09:30,6,561.9166331328062,148.0841659371778,120.0,225.4091195908,120.0,81314.02167957494,58960.6,122499.5651035299,59983.799999999996
SMH,y2026,post,16:00,17:00,6,566.7060239328499,203.44912020428887,200.0,203.16368605895553,140.0,113519.68357272155,119752.0,104871.24719039953,84291.6
SMH,y2026,post,17:00,18:00,6,567.0169848845877,99.62304993735555,80.0,158.37653866504442,120.0,53740.463870389576,47739.6,90633.38117959307,59964.0
SMH,y2026,post,18:00,20:00,6,567.1896678929143,500.23757405366666,220.0,338.40671045877775,180.0,296870.4311929692,132130.0,171510.85958025223,109065.6
SMH,y2026,pre,04:00,09:30,6,561.8068884326287,226.12774700191102,120.0,245.34864685377113,160.0,121028.99809063284,70382.4,136887.00102041397,95900.0
SMH,y2026,post,16:00,20:00,6,566.970892236784,267.76991473177037,80.0,233.31564506092596,120.0,154710.19287869343,48054.4,122338.49598341493,60283.6
SMH,y2026,rth,09:30,16:00,6,564.9699010515873,95.88134441398508,40.0,98.91494384162813,40.0,54820.761745823904,24144.6,56318.393458752624,24206.6
NVDA,last12m,rth,09:30,10:00,7,209.32508115087387,315.5741168866061,200.0,261.4687884060441,200.0,65834.42168900471,42728.0,53915.20530563295,35712.0
NVDA,last12m,rth,10:00,10:30,7,209.17155744225394,318.17344360939995,200.0,300.46434939919425,200.0,66435.78255223286,44531.0,62118.879598221254,44513.0
NVDA,last12m,rth,10:30,11:00,7,209.87292795236337,402.5731399918226,300.0,422.9131545467436,300.0,84901.44293546675,66780.0,89295.18890702922,67486.5
NVDA,last12m,rth,11:00,11:30,7,210.1347283561405,433.1225375582624,300.0,430.4624962039673,300.0,91013.55641129974,67756.5,90726.69625883714,60937.5
NVDA,last12m,rth,11:30,12:00,7,209.96053119369026,422.28165422300134,300.0,430.33235506337746,300.0,89660.54556369383,67471.5,89659.29340815719,60474.0
NVDA,last12m,rth,12:00,12:30,7,209.98337536521836,429.83397402938175,300.0,421.4296275468887,300.0,90958.43197334562,53716.5,88243.41328743746,53724.0
NVDA,last12m,rth,12:30,13:00,7,210.3409636632219,436.93427275469634,300.0,455.3616701079938,300.0,91994.10565889713,67936.5,96079.81106244221,60657.0
NVDA,last12m,rth,13:00,13:30,7,210.81355901850708,464.516769295399,300.0,472.9803789323593,300.0,98267.44782502312,67714.5,99402.6718928613,54189.0
NVDA,last12m,rth,13:30,14:00,7,210.98492911851804,479.97605719319887,350.0,498.8866715625241,300.0,102435.88788935548,78741.5,105868.42358588554,68406.0
NVDA,last12m,rth,14:00,14:30,7,211.04836824945446,473.26709427366427,300.0,477.0006971577919,300.0,99947.07032757107,67876.5,100400.76204341969,67866.0
NVDA,last12m,rth,14:30,15:00,7,211.2032026601392,506.4429337914537,350.0,495.34819588711696,400.0,107498.00298942046,76216.0,104666.73943314978,90261.5
NVDA,last12m,rth,15:00,15:30,7,210.9839628435667,525.4940257443595,400.0,568.4047609266476,400.0,111463.97491834551,90980.0,121278.34213999654,81550.0
NVDA,last12m,rth,15:30,16:00,7,210.8518897416404,709.485311281253,400.0,764.4917008173438,400.0,146584.74714751268,90498.0,159501.77109329336,80986.0
NVDA,last12m,open5,09:30,09:35,7,209.42330969611092,267.91518153455115,200.0,270.16613836728857,100.0,55745.73901235044,41068.0,55768.07297289613,22866.0
NVDA,last12m,close5,15:55,16:00,7,210.84188860365893,1068.7334302099314,500.0,1001.7838742348347,600.0,216666.8829618587,112285.0,207588.64392156407,113680.0
NVDA,last12m,pre,04:00,07:00,7,209.6553083482183,244.90524876467234,100.0,359.41228642914064,100.0,51616.78128485021,22431.0,77644.01089422638,22284.0
NVDA,last12m,pre,07:00,08:00,7,209.79960502205017,376.6981125880952,200.0,365.1153903769524,200.0,78300.10791798857,36488.0,73945.61761370697,44714.0
NVDA,last12m,pre,08:00,09:00,7,210.06506252234718,326.27111054027995,200.0,681.6849742909254,200.0,69198.99939486585,36726.0,143180.8362414626,44630.0
NVDA,last12m,pre,09:00,09:30,7,209.37312373817383,369.1909706531876,200.0,813.603387282219,200.0,77254.4201445789,35434.0,175696.02693904378,44570.0
NVDA,last12m,post,16:00,17:00,7,210.61825288667987,534.0200867470519,200.0,405.3144095842047,200.0,106546.1463454345,45064.0,82219.83277716259,45414.0
NVDA,last12m,post,17:00,18:00,7,210.607176271036,705.1637266579158,200.0,347.3761961546385,200.0,144885.08578482288,45616.0,71467.15595556372,45620.0
NVDA,last12m,post,18:00,20:00,7,210.59931049669814,382.48924621966665,300.0,636.6465739697143,200.0,79068.50092389018,67161.0,135588.14998508652,42280.0
NVDA,last12m,pre,04:00,09:30,7,209.7232207751581,329.2666157358351,200.0,554.9315198608532,200.0,69092.51088272015,35530.0,117612.04923095739,42887.0
NVDA,last12m,post,16:00,20:00,7,210.60824653701238,540.5576887010758,200.0,463.1124821735676,200.0,110166.58138982693,45616.0,96425.0679426941,45414.0
NVDA,last12m,rth,09:30,16:00,7,210.35959993337755,455.1965287584487,300.0,461.49172996353445,300.0,95920.84985479049,67405.5,97009.64535676903,58980.0
NVDA,last5,rth,09:30,10:00,4,225.38117311616796,313.8621275563986,200.0,238.36593747554892,100.0,70736.08310385306,44636.0,53658.459309813166,22870.5
NVDA,last5,rth,10:00,10:30,4,224.8968544428995,330.607809891805,200.0,279.8808462717076,200.0,74325.1963144284,45093.0,62977.3271752537,44870.0
NVDA,last5,rth,10:30,11:00,4,225.30929824218094,444.27339172183184,300.0,461.1267356497624,350.0,100084.03004872816,68488.5,103996.9733851733,78461.0
NVDA,last5,rth,11:00,11:30,4,225.38736217602275,463.62566930284373,400.0,455.924086640125,300.0,104500.13197458087,88618.0,102747.71268785611,68127.0
NVDA,last5,rth,11:30,12:00,4,225.11531101193125,490.2660440390208,300.0,429.24732757928956,300.0,110362.03554436854,68533.5,96584.49514024894,67447.5
NVDA,last5,rth,12:00,12:30,4,225.48781295340825,474.89011678103117,300.0,436.69128658134673,250.0,107132.24392551655,68098.5,98486.84000568505,56683.0
NVDA,last5,rth,12:30,13:00,4,225.8115148479309,461.26841900843976,300.0,490.44119125304053,300.0,104153.44671696953,68635.5,110651.35207571393,67764.0
NVDA,last5,rth,13:00,13:30,4,226.29176675434206,475.8830069535497,400.0,488.2736756843558,300.0,107666.01488842441,89740.0,110496.44319615157,68506.5
NVDA,last5,rth,13:30,14:00,4,226.3763185968531,523.6442898859998,500.0,534.8777192846977,400.0,118581.97639385835,113692.5,120987.7321572337,90460.0
NVDA,last5,rth,14:00,14:30,4,226.32945714275166,482.19305069141996,400.0,464.19401104574837,300.0,109169.29907624779,90186.0,104972.28878453113,68466.0
NVDA,last5,rth,14:30,15:00,4,226.61965815147784,531.5179121867845,500.0,501.20947684530404,400.0,120503.4991461082,113790.0,113537.00204704693,91416.0
NVDA,last5,rth,15:00,15:30,4,226.5670068739442,561.194892406054,550.0,644.0025079333818,450.0,127106.99898696315,124499.5,146014.80391435383,102207.0
NVDA,last5,rth,15:30,16:00,4,226.41338713708035,536.7117235282694,400.0,648.1972922239357,450.0,121486.40698497242,90994.0,146985.42512159148,100952.5
NVDA,last5,open5,09:30,09:35,4,225.3779917182499,257.5560020777936,200.0,248.68363956316472,100.0,57963.188705241824,44331.0,56048.25256372224,22574.5
NVDA,last5,close5,15:55,16:00,4,226.48487198576888,666.103834546785,450.0,776.7685390884646,500.0,150842.37089328017,101926.5,176229.38308067602,112972.5
NVDA,last5,pre,04:00,07:00,4,225.8497126242665,269.1729143956666,200.0,476.45484681416673,150.0,60627.4353984835,45684.0,107221.17837342077,33810.0
NVDA,last5,pre,07:00,08:00,4,225.5350422059284,353.9412859664167,150.0,275.4309261364167,200.0,79686.5714457452,33700.5,61950.30518752456,45049.0
NVDA,last5,pre,08:00,09:00,4,225.31035813586294,383.90614243205033,250.0,760.043439633687,350.0,86336.5155889128,56149.0,171327.1176602578,78252.5
NVDA,last5,pre,09:00,09:30,4,225.08347562959156,363.77460938672147,150.0,1127.3592948454484,200.0,81751.99043519526,33656.0,252557.78647396198,44955.0
NVDA,last5,post,16:00,17:00,4,226.20904633215946,328.8171866573578,150.0,306.3788748673696,200.0,74389.26341488808,33939.5,69189.55056498427,45139.0
NVDA,last5,post,17:00,18:00,4,226.03394784542147,574.3346311633279,200.0,249.49308058999068,200.0,129468.47488603805,45490.0,56506.44389932997,45205.0
NVDA,last5,post,18:00,20:00,4,226.16990799267748,329.02600463033326,200.0,768.1437214125832,400.0,74311.94928338435,44995.0,173378.69333082452,89912.0
NVDA,last5,pre,04:00,09:30,4,225.44464716388399,342.6987359609427,200.0,659.8221101471887,200.0,77100.62775195776,44585.0,148264.09317059754,44793.0
NVDA,last5,post,16:00,20:00,4,226.1376340608725,410.7259335560638,200.0,441.3385731779049,200.0,92723.22756248427,45214.0,99691.56580265297,45425.0
NVDA,last5,rth,09:30,16:00,4,225.84512208605554,468.45136264678666,400.0,467.0987052816234,300.0,105830.09690085673,88684.0,105543.30368052809,68145.0
NVDA,normal18m,rth,09:30,10:00,9,194.9412154289964,337.82388838224574,200.0,310.0539583004031,200.0,64129.96950975527,41002.0,56753.011499743996,35712.0
NVDA,normal18m,rth,10:00,10:30,9,195.02669239464427,364.35272205245735,200.0,357.324391367456,200.0,69240.08840244838,44531.0,65993.47811379543,44513.0
NVDA,normal18m,rth,10:30,11:00,9,195.59506572725905,417.1802055048224,300.0,457.44049018843566,300.0,81347.06012458984,66780.0,89111.63551745813,67486.5
NVDA,normal18m,rth,11:00,11:30,9,195.9556519068795,490.77506814841456,350.0,560.1306678253841,300.0,93335.31744704425,67756.5,101393.9829833738,67494.0
NVDA,normal18m,rth,11:30,12:00,9,195.95427563192357,470.07060820782124,300.0,477.5103055788663,300.0,90356.78246851689,67471.5,90327.21796231398,60474.0
NVDA,normal18m,rth,12:00,12:30,9,196.10675224191738,517.9525380906841,300.0,532.7546243691189,300.0,97112.78975352722,67488.0,97282.9668350244,54021.0
NVDA,normal18m,rth,12:30,13:00,9,196.33716982430724,506.1278989978998,350.0,516.7533576755027,300.0,95500.37744152496,68206.5,98213.39089220008,67536.0
NVDA,normal18m,rth,13:00,13:30,9,196.58252948613688,518.1849415226131,350.0,531.3008921676675,300.0,99016.2537865749,67714.5,101703.26396430572,56300.0
NVDA,normal18m,rth,13:30,14:00,9,196.68895886443295,505.2200576226482,400.0,538.197518308447,350.0,99847.74112629732,78741.5,105352.0259589963,68406.0
NVDA,normal18m,rth,14:00,14:30,9,196.75206841088792,580.4690698541236,400.0,506.59790653024663,300.0,108304.19892257289,67876.5,98567.41154418502,67866.0
NVDA,normal18m,rth,14:30,15:00,9,196.89026856177065,543.6712231912882,400.0,535.4164321666698,400.0,106363.2216217302,76216.0,103637.7085269189,90261.5
NVDA,normal18m,rth,15:00,15:30,9,196.73293504096867,647.2592405239848,450.0,769.9575563462539,400.0,123001.2012315944,90980.0,139621.779309288,84863.5
NVDA,normal18m,rth,15:30,16:00,9,196.59239275810725,859.3912136244904,450.0,856.0523745617091,550.0,160324.4837969094,91370.0,162908.20150646748,106451.0
NVDA,normal18m,open5,09:30,09:35,9,195.04002924371946,296.4367145117704,200.0,330.3875978848744,200.0,56139.14800508987,41068.0,59354.675613003725,22866.0
NVDA,normal18m,close5,15:55,16:00,9,196.47140846811246,1373.9395410972452,500.0,1328.3217049287134,800.0,239752.29491985578,113695.0,240623.20130036213,160749.0
NVDA,normal18m,pre,04:00,07:00,9,195.20180186015443,286.105795048844,100.0,393.9225754961244,100.0,54247.9396884911,22431.0,76396.44574877,22748.0
NVDA,normal18m,pre,07:00,08:00,9,195.2043615346531,373.21715565717534,200.0,374.20347558311585,200.0,72479.66552511156,36488.0,69365.41882261421,41204.0
NVDA,normal18m,pre,08:00,09:00,9,195.37386859494862,328.4706584357035,200.0,614.1446184235754,200.0,64533.59192396792,36726.0,122887.23974832323,36706.0
NVDA,normal18m,pre,09:00,09:30,9,194.8871631483222,391.3273572310449,200.0,727.3159056101711,200.0,75183.96614659714,35434.0,149450.22291533934,45340.0
NVDA,normal18m,post,16:00,17:00,9,196.24995866581716,623.7609174222152,300.0,469.50664312494865,200.0,109068.71419095588,45064.0,87522.90903178476,45414.0
NVDA,normal18m,post,17:00,18:00,9,196.25218037443236,685.5868491816428,200.0,457.1788523678286,300.0,132474.17306310995,45616.0,82339.3045205194,68082.0
NVDA,normal18m,post,18:00,20:00,9,195.64424771428222,428.60923594799544,300.0,596.3730116654773,200.0,79286.38243168617,67161.0,119098.86859545742,42280.0
NVDA,normal18m,pre,04:00,09:30,9,195.16685398263547,344.7687282214294,200.0,527.3270991164213,200.0,66609.05176008047,35530.0,104509.34881568301,42802.0
NVDA,normal18m,post,16:00,20:00,9,196.04879552187825,579.3190097875618,300.0,507.68617656816576,200.0,106943.0979398167,45616.0,96320.36157486994,45414.0
NVDA,normal18m,rth,09:30,16:00,9,196.1658153129667,519.8709263292143,300.0,534.5627329826007,300.0,99065.4023630733,67555.5,100833.30068151248,67222.5
NVDA,since_2026-07-15,rth,09:30,10:00,4,225.38117311616796,313.8621275563986,200.0,238.36593747554892,100.0,70736.08310385306,44636.0,53658.459309813166,22870.5
NVDA,since_2026-07-15,rth,10:00,10:30,4,224.8968544428995,330.607809891805,200.0,279.8808462717076,200.0,74325.1963144284,45093.0,62977.3271752537,44870.0
NVDA,since_2026-07-15,rth,10:30,11:00,4,225.30929824218094,444.27339172183184,300.0,461.1267356497624,350.0,100084.03004872816,68488.5,103996.9733851733,78461.0
NVDA,since_2026-07-15,rth,11:00,11:30,4,225.38736217602275,463.62566930284373,400.0,455.924086640125,300.0,104500.13197458087,88618.0,102747.71268785611,68127.0
NVDA,since_2026-07-15,rth,11:30,12:00,4,225.11531101193125,490.2660440390208,300.0,429.24732757928956,300.0,110362.03554436854,68533.5,96584.49514024894,67447.5
NVDA,since_2026-07-15,rth,12:00,12:30,4,225.48781295340825,474.89011678103117,300.0,436.69128658134673,250.0,107132.24392551655,68098.5,98486.84000568505,56683.0
NVDA,since_2026-07-15,rth,12:30,13:00,4,225.8115148479309,461.26841900843976,300.0,490.44119125304053,300.0,104153.44671696953,68635.5,110651.35207571393,67764.0
NVDA,since_2026-07-15,rth,13:00,13:30,4,226.29176675434206,475.8830069535497,400.0,488.2736756843558,300.0,107666.01488842441,89740.0,110496.44319615157,68506.5
NVDA,since_2026-07-15,rth,13:30,14:00,4,226.3763185968531,523.6442898859998,500.0,534.8777192846977,400.0,118581.97639385835,113692.5,120987.7321572337,90460.0
NVDA,since_2026-07-15,rth,14:00,14:30,4,226.32945714275166,482.19305069141996,400.0,464.19401104574837,300.0,109169.29907624779,90186.0,104972.28878453113,68466.0
NVDA,since_2026-07-15,rth,14:30,15:00,4,226.61965815147784,531.5179121867845,500.0,501.20947684530404,400.0,120503.4991461082,113790.0,113537.00204704693,91416.0
NVDA,since_2026-07-15,rth,15:00,15:30,4,226.5670068739442,561.194892406054,550.0,644.0025079333818,450.0,127106.99898696315,124499.5,146014.80391435383,102207.0
NVDA,since_2026-07-15,rth,15:30,16:00,4,226.41338713708035,536.7117235282694,400.0,648.1972922239357,450.0,121486.40698497242,90994.0,146985.42512159148,100952.5
NVDA,since_2026-07-15,open5,09:30,09:35,4,225.3779917182499,257.5560020777936,200.0,248.68363956316472,100.0,57963.188705241824,44331.0,56048.25256372224,22574.5
NVDA,since_2026-07-15,close5,15:55,16:00,4,226.48487198576888,666.103834546785,450.0,776.7685390884646,500.0,150842.37089328017,101926.5,176229.38308067602,112972.5
NVDA,since_2026-07-15,pre,04:00,07:00,4,225.8497126242665,269.1729143956666,200.0,476.45484681416673,150.0,60627.4353984835,45684.0,107221.17837342077,33810.0
NVDA,since_2026-07-15,pre,07:00,08:00,4,225.5350422059284,353.9412859664167,150.0,275.4309261364167,200.0,79686.5714457452,33700.5,61950.30518752456,45049.0
NVDA,since_2026-07-15,pre,08:00,09:00,4,225.31035813586294,383.90614243205033,250.0,760.043439633687,350.0,86336.5155889128,56149.0,171327.1176602578,78252.5
NVDA,since_2026-07-15,pre,09:00,09:30,4,225.08347562959156,363.77460938672147,150.0,1127.3592948454484,200.0,81751.99043519526,33656.0,252557.78647396198,44955.0
NVDA,since_2026-07-15,post,16:00,17:00,4,226.20904633215946,328.8171866573578,150.0,306.3788748673696,200.0,74389.26341488808,33939.5,69189.55056498427,45139.0
NVDA,since_2026-07-15,post,17:00,18:00,4,226.03394784542147,574.3346311633279,200.0,249.49308058999068,200.0,129468.47488603805,45490.0,56506.44389932997,45205.0
NVDA,since_2026-07-15,post,18:00,20:00,4,226.16990799267748,329.02600463033326,200.0,768.1437214125832,400.0,74311.94928338435,44995.0,173378.69333082452,89912.0
NVDA,since_2026-07-15,pre,04:00,09:30,4,225.44464716388399,342.6987359609427,200.0,659.8221101471887,200.0,77100.62775195776,44585.0,148264.09317059754,44793.0
NVDA,since_2026-07-15,post,16:00,20:00,4,226.1376340608725,410.7259335560638,200.0,441.3385731779049,200.0,92723.22756248427,45214.0,99691.56580265297,45425.0
NVDA,since_2026-07-15,rth,09:30,16:00,4,225.84512208605554,468.45136264678666,400.0,467.0987052816234,300.0,105830.09690085673,88684.0,105543.30368052809,68145.0
NVDA,y2022,rth,09:30,10:00,5,180.5748658205341,225.4431639772659,100.0,198.2006728721988,100.0,40469.300630724414,16332.0,35957.504750211425,16326.5
NVDA,y2022,rth,10:00,10:30,5,179.16777544678146,189.80971799381916,100.0,212.5235632688004,100.0,33330.564449349935,16414.5,37473.74874787086,16421.5
NVDA,y2022,rth,10:30,11:00,5,179.88762061885123,191.06770631561085,100.0,210.98692594000119,100.0,34019.86761335783,16400.5,37357.37819727037,16407.0
NVDA,y2022,rth,11:00,11:30,5,180.4604087573301,195.15228788106765,100.0,235.61062532297677,100.0,34993.02668134159,18876.5,40066.96202825403,21469.0
NVDA,y2022,rth,11:30,12:00,5,180.21874388595532,221.16719498642047,100.0,223.52703929101096,100.0,38856.96009096168,23079.0,38983.023414209376,18801.0
NVDA,y2022,rth,12:00,12:30,5,179.54800490810942,200.69963738719113,100.0,204.77512326034685,100.0,35449.7499341289,20986.0,35305.7502060869,18654.5
NVDA,y2022,rth,12:30,13:00,5,179.95858250770377,199.59678906842527,100.0,205.92458998553386,100.0,35054.37319315022,16273.0,36201.11860230037,16289.0
NVDA,y2022,rth,13:00,13:30,5,179.14035884261855,261.79302631211084,100.0,196.4612652695304,100.0,44995.61518544013,20563.5,34396.5756235617,16171.5
NVDA,y2022,rth,13:30,14:00,5,178.83757097810877,223.78830973203156,100.0,198.81586067803212,100.0,38620.894885527465,24801.5,35076.3532419619,20479.5
NVDA,y2022,rth,14:00,14:30,5,178.33314308685257,199.1985294429296,100.0,211.78077924882103,100.0,34646.92880099615,20238.0,36807.8342306128,18294.5
NVDA,y2022,rth,14:30,15:00,5,178.7652497075018,200.1276921961162,100.0,225.7496550566675,100.0,34984.65530875104,22557.0,38863.789454191385,18347.5
NVDA,y2022,rth,15:00,15:30,5,178.40396060834104,228.42681024722606,100.0,220.09338843524466,100.0,39482.299786650525,22484.0,37887.20107784984,24845.5
NVDA,y2022,rth,15:30,16:00,5,178.97339558661153,364.37877767657585,100.0,233.82973302173963,100.0,64599.9828639259,22605.5,40426.03614898464,25083.5
NVDA,y2022,open5,09:30,09:35,5,179.69751512182827,272.95661768869985,100.0,235.38919151490688,100.0,47236.869404945115,24610.0,42669.69706638722,16213.0
NVDA,y2022,close5,15:55,16:00,5,179.82123414616782,357.3410017473547,200.0,839.402637756979,200.0,61666.97615099184,40350.0,143220.40837154075,49350.0
NVDA,y2022,pre,04:00,07:00,5,179.48950843640657,281.5488792237259,100.0,156.73753254248248,100.0,46000.13801651095,24186.0,28579.87583654551,21800.0
NVDA,y2022,pre,07:00,08:00,5,179.2648625004952,374.4120351096,200.0,2303.5637128212,100.0,70203.29678441604,26220.0,547778.2523461528,21738.0
NVDA,y2022,pre,08:00,09:00,5,179.31319420859282,377.6619151436585,200.0,311.9368101369002,100.0,63259.165865609226,42522.0,51742.98143662546,24430.0
NVDA,y2022,pre,09:00,09:30,5,179.28635398304772,498.5689518150184,200.0,389.7941885493786,300.0,85126.6128881541,48840.0,63044.53740540468,43598.0
NVDA,y2022,post,16:00,17:00,5,180.21188856687382,540.9346447463848,200.0,348.5606438756352,200.0,104498.29379045448,40354.0,77194.2928208913,26364.0
NVDA,y2022,post,17:00,18:00,5,180.21176421662497,268.83168248386664,200.0,261.9821616567333,200.0,55743.20076525458,29930.0,52866.74159218192,33126.0
NVDA,y2022,post,18:00,20:00,5,180.33140216960317,225.55446502826666,200.0,670.0496908038,200.0,39611.475220524204,40302.0,122696.87272911327,26445.999999999996
NVDA,y2022,pre,04:00,09:30,5,179.33849213543118,383.0326932263056,200.0,790.6591716416796,150.0,66145.19319630723,27430.0,172825.8165811205,25462.0
NVDA,y2022,post,16:00,20:00,5,180.2516849852026,345.10692664263314,200.0,426.8641670888934,200.0,66617.65579700525,39636.0,84252.63586220895,26445.999999999996
NVDA,y2022,rth,09:30,16:00,5,179.4053635376291,223.12593266063251,100.0,213.71359112719279,100.0,39192.457616344655,20493.5,37292.530286719775,20154.0
NVDA,y2023,rth,09:30,10:00,5,373.6502103279968,229.75543306126892,200.0,265.795165946466,200.0,86811.37211819405,55700.0,94060.02823538856,70283.0
NVDA,y2023,rth,10:00,10:30,5,370.80845582331455,250.5239549261443,150.0,241.863654194153,200.0,97513.90739311099,49462.5,93689.38212871918,70975.0
NVDA,y2023,rth,10:30,11:00,5,371.4959444121231,236.3824860578448,200.0,237.6868168826327,200.0,91924.92624586573,55518.0,90224.53738026303,70661.0
NVDA,y2023,rth,11:00,11:30,5,370.9850403233625,206.45387330455998,100.0,231.59571779293222,200.0,79147.72060159553,44120.0,90324.13560575194,70334.0
NVDA,y2023,rth,11:30,12:00,5,371.95156376295625,241.54415159422078,150.0,272.81779085034157,200.0,96888.23028669893,63993.0,103185.1197933936,55140.0
NVDA,y2023,rth,12:00,12:30,5,372.42872211473843,203.2022256013757,200.0,224.1891018434934,150.0,77373.10608603418,55150.0,85160.81244563383,63908.5
NVDA,y2023,rth,12:30,13:00,5,372.60012549500453,217.86793632432386,150.0,221.12648357373257,100.0,86585.33764241656,63965.0,84658.933287015,42681.0
NVDA,y2023,rth,13:00,13:30,5,374.0856330226668,196.3147278867338,100.0,237.4358466439984,200.0,75760.7560917162,45812.0,91387.61310717791,55454.0
NVDA,y2023,rth,13:30,14:00,5,373.45971414236806,239.23312443340728,200.0,226.6903586389655,200.0,90711.54620062077,70281.0,85805.8319083666,55272.0
NVDA,y2023,rth,14:00,14:30,5,374.4865850574118,217.36187125912826,200.0,213.92462068548767,100.0,85261.48986927593,85319.0,79966.0862187765,42695.0
NVDA,y2023,rth,14:30,15:00,5,372.3185869740809,214.12212758070925,150.0,238.79964058769238,200.0,84232.88378384586,63995.5,87691.61918803766,69946.0
NVDA,y2023,rth,15:00,15:30,5,371.9867245537834,236.46980034418945,150.0,206.24941592799132,150.0,92291.3825174173,63894.0,79867.4507889724,48661.0
NVDA,y2023,rth,15:30,16:00,5,371.7666377115104,247.54614651896526,200.0,360.416131731332,200.0,98724.78454505511,84727.0,132267.33884313196,69413.0
NVDA,y2023,open5,09:30,09:35,5,372.07758605073815,249.68925369573535,200.0,231.5001749614001,200.0,92645.46716837377,84914.0,88081.69524928683,55332.00000000001
NVDA,y2023,close5,15:55,16:00,5,371.60065585049614,340.75825440361194,200.0,450.899809420263,200.0,126462.41533224618,84624.0,166368.4048195016,84640.0
NVDA,y2023,pre,04:00,07:00,5,372.69201222053806,664.6966111286548,200.0,166.6163142075119,100.0,234213.02088009694,82560.0,66945.57296115208,44928.0
NVDA,y2023,pre,07:00,08:00,5,372.1999961872873,314.3748045886058,100.0,319.4507201131223,200.0,104897.297333211,50277.0,116670.95268918618,84140.0
NVDA,y2023,pre,08:00,09:00,5,372.0477644343088,338.9385584117715,100.0,256.22233928514055,200.0,112013.52928450015,50070.0,88218.6384795325,83295.0
NVDA,y2023,pre,09:00,09:30,5,371.4887787162653,353.31798306799857,200.0,249.07166775285853,100.0,122523.72697191872,50053.0,85996.33765651593,50087.0
NVDA,y2023,post,16:00,17:00,5,371.3237515066794,382.423168429364,100.0,475.1142676775812,300.0,130414.68883447356,48627.0,179506.36870713593,84698.0
NVDA,y2023,post,17:00,18:00,5,371.28922218231577,1078.0831907256666,200.0,304.30980293333334,200.0,273020.9429759465,84680.0,106687.17554553984,84700.0
NVDA,y2023,post,18:00,20:00,5,371.6114418687137,719.3929255678455,300.0,327.502930975135,200.0,239440.77225752512,84716.0,135154.6496780029,91050.0
NVDA,y2023,pre,04:00,09:30,5,372.1071541790473,417.8536245608371,150.0,247.8379600511035,150.0,143420.50393722832,50173.5,89458.21450367161,52989.5
NVDA,y2023,post,16:00,20:00,5,371.4081762154162,726.7869841695488,200.0,368.92822150566604,200.0,214329.63045166802,84680.0,140431.93733972934,84700.0
NVDA,y2023,rth,09:30,16:00,5,372.4633798457665,225.90591982306336,200.0,244.50682695069386,200.0,87940.54323982325,55336.0,92176.02256127236,55440.0
NVDA,y2024,rth,09:30,10:00,2,477.6759955846599,321.0889992129335,200.0,351.7409461530317,200.0,119484.09565728481,94774.0,148215.02479611794,94800.0
NVDA,y2024,rth,10:00,10:30,2,482.5405663082618,342.8306751012473,200.0,368.37350289028154,200.0,126025.27351388802,96459.0,134332.66967972252,96516.0
NVDA,y2024,rth,10:30,11:00,2,487.1304092394155,354.72927408948243,200.0,352.1123112092489,200.0,121080.92886886885,97381.0,119251.39496292027,103355.5
NVDA,y2024,rth,11:00,11:30,2,487.9553490807285,365.52971810701854,200.0,450.72793914782307,250.0,125607.10119773111,103481.0,151603.37273333175,103546.5
NVDA,y2024,rth,11:30,12:00,2,488.12190489563744,450.4664424473553,250.0,427.0482214266479,300.0,156942.81815641606,103487.0,137017.40183143053,109404.0
NVDA,y2024,rth,12:00,12:30,2,488.0485944410445,1081.839042222192,300.0,513.8657682534972,300.0,213716.69419207404,109456.0,141444.59868301402,115412.0
NVDA,y2024,rth,12:30,13:00,2,488.6122799508863,358.02737639864904,250.0,418.142749365806,350.0,126272.01459708101,103546.5,127223.12820211305,115447.0
NVDA,y2024,rth,13:00,13:30,2,481.6218098053728,451.79827480626756,350.0,905.3903382904462,350.0,133877.48125973286,114124.5,203691.90926399795,114189.5
NVDA,y2024,rth,13:30,14:00,2,483.2568815419892,680.4356677008526,300.0,1176.56754040103,350.0,196684.88139077305,120485.0,239469.89452170467,120440.0
NVDA,y2024,rth,14:00,14:30,2,482.7667637442216,436.0018775958056,300.0,483.15247224826305,350.0,151752.57981733663,108496.0,147619.37744867083,114625.5
NVDA,y2024,rth,14:30,15:00,2,482.69271894449423,580.6599726601523,350.0,520.1985098940619,300.0,161711.2073025008,114545.0,147317.92498959575,120557.0
NVDA,y2024,rth,15:00,15:30,2,483.60967216388315,468.0341137309366,300.0,552.3476481837777,350.0,152884.98455813987,114625.0,153228.2442657964,114658.0
NVDA,y2024,rth,15:30,16:00,2,483.9679824778495,774.34286420192,300.0,479.45977159958056,300.0,185969.37934158268,120573.0,137040.32056296145,120593.0
NVDA,y2024,open5,09:30,09:35,2,481.376008752665,426.95334238374846,200.0,405.0568751496805,250.0,138578.44423871115,96142.0,135483.08960717698,101908.0
NVDA,y2024,close5,15:55,16:00,2,483.0959032650955,544.0764157161572,400.0,672.5380292221319,400.0,153720.5619760379,120340.0,183002.43978783235,120442.0
NVDA,y2024,pre,04:00,07:00,2,480.8413500283446,337.97061552242644,250.0,749.3312293449811,300.0,128695.9917042775,102087.0,178706.3382847228,144270.0
NVDA,y2024,pre,07:00,08:00,2,484.454407534024,361.4190249640001,200.0,312.11296374516667,200.0,108774.35547154551,60192.0,110518.95376344427,96847.0
NVDA,y2024,pre,08:00,09:00,2,484.9454332625739,325.3935894423652,200.0,399.79117673974594,200.0,90257.07704551908,60230.0,148907.60352311164,96880.0
NVDA,y2024,pre,09:00,09:30,2,482.42718750597186,311.5903875800758,200.0,256.888434872098,150.0,93495.77873210252,59954.5,84813.86301410853,54107.0
NVDA,y2024,post,16:00,17:00,2,482.4369220370571,499.7583793635805,200.0,460.2146988385532,250.0,109791.50060135151,60052.0,123912.0914236212,66017.5
NVDA,y2024,post,17:00,18:00,2,482.0170906656545,448.1340220951786,300.0,545.3701389094846,500.0,144073.90081267076,144586.5,212793.4383173523,277378.0
NVDA,y2024,post,18:00,20:00,2,481.2405179904074,346.78030221147054,200.0,233.96836659685715,150.0,91015.8038961201,59986.0,81425.05553651869,54077.0
NVDA,y2024,pre,04:00,09:30,2,483.1663963727265,334.09686800191986,250.0,429.5427789282156,200.0,105311.73729282254,60113.5,130729.57918543811,60055.0
NVDA,y2024,post,16:00,20:00,2,481.89803603702836,431.5397359564605,300.0,413.1720967062281,300.0,114961.75120576487,59998.0,139380.90003675735,65949.0
NVDA,y2024,rth,09:30,16:00,2,484.46137383991606,512.763830779831,200.0,538.3978670222575,200.0,151694.2884722161,118954.0,152881.3557507372,119055.0
NVDA,y2025,rth,09:30,10:00,3,156.3269543669603,368.01735450450866,200.0,403.57587281606305,200.0,55108.67326278564,35674.0,59468.67541668627,35968.0
NVDA,y2025,rth,10:00,10:30,3,157.12694521359998,447.27004760059424,300.0,490.8118209770799,300.0,70127.16959764747,36102.0,74670.27933837374,36158.0
NVDA,y2025,rth,10:30,11:00,3,157.4854224995321,447.01126966042045,300.0,488.05066430182285,300.0,70363.67792048039,54330.0,77558.71010626781,54336.0
NVDA,y2025,rth,11:00,11:30,3,157.77371634544474,617.1209702388221,500.0,791.4980802700403,400.0,95724.38947061228,61756.5,113355.36083826724,61719.5
NVDA,y2025,rth,11:30,12:00,3,158.28438790599745,537.1208818464262,400.0,633.5459767123664,400.0,82169.66792516735,45008.0,98905.76773083389,54310.5
NVDA,y2025,rth,12:00,12:30,3,158.39838270826723,652.4011956924495,550.0,783.2168280303539,550.0,97374.74244269959,67998.0,116272.52681550161,67947.0
NVDA,y2025,rth,12:30,13:00,3,158.2901127193409,626.1071291284883,550.0,635.4512516921449,550.0,94779.42525410527,62177.5,97074.45047523212,67839.0
NVDA,y2025,rth,13:00,13:30,3,158.0071628256683,601.3200029005449,500.0,690.6699691879247,500.0,91327.87451994958,56367.5,109341.10073474368,56300.0
NVDA,y2025,rth,13:30,14:00,3,158.05972042135895,509.51696093559235,400.0,602.5626188991562,400.0,81109.35171378804,54244.5,96530.98135948088,54262.5
NVDA,y2025,rth,14:00,14:30,3,158.1561053701008,814.0011649851572,400.0,588.7381181911541,400.0,123721.78212316711,54331.5,94375.27025054695,54327.0
NVDA,y2025,rth,14:30,15:00,3,158.10755588285355,594.3926773632919,400.0,630.8410453667263,450.0,94478.18829384318,54261.0,99296.5721772428,81371.5
NVDA,y2025,rth,15:00,15:30,3,158.01871654853682,895.4080642550896,650.0,1132.4665521467311,650.0,141334.8421892271,73101.0,162704.6691652736,75429.5
NVDA,y2025,rth,15:30,16:00,3,157.67069340226283,1118.651751029301,1000.0,1051.5936141134498,900.0,174137.26402522862,112140.0,164563.0418422639,106588.5
NVDA,y2025,open5,09:30,09:35,3,156.53143288646663,361.73270060077675,200.0,452.3842192999085,200.0,55917.74468369762,36040.0,64445.23724024735,36032.0
NVDA,y2025,close5,15:55,16:00,3,157.2587044675847,2174.8324317404913,800.0,2039.532768458493,1600.0,311752.0100081042,144208.0,307835.3130721012,246928.0
NVDA,y2025,pre,04:00,07:00,3,157.14815137167108,403.3645510770929,200.0,388.78035106949795,300.0,63529.39331768088,22198.0,56337.55190209799,44400.0
NVDA,y2025,pre,07:00,08:00,3,156.93054405132446,371.1071050215184,200.0,390.5272003382945,200.0,58545.89449151266,36488.0,57441.47609701916,35526.0
NVDA,y2025,pre,08:00,09:00,3,157.22008116044418,336.46198914199033,300.0,386.8018041216289,200.0,52783.40633437257,36726.0,59380.85303325136,35530.0
NVDA,y2025,pre,09:00,09:30,3,156.30652592606384,443.6468518101951,200.0,542.6664900261258,300.0,68962.1964364273,36232.0,85212.57436452115,54195.0
NVDA,y2025,post,16:00,17:00,3,157.16544068646874,1117.6432785938425,400.0,639.3854929291971,400.0,167031.87826750037,71972.0,102437.85574279724,71792.0
NVDA,y2025,post,17:00,18:00,3,157.3702789910039,760.2669889714646,300.0,723.1061200719702,600.0,122178.27864913808,54030.0,109458.21013287311,89584.0
NVDA,y2025,post,18:00,20:00,3,155.51806785129241,592.7300547058115,400.0,383.2719863890156,200.0,89242.17501230109,72204.0,55260.0483694673,36120.0
NVDA,y2025,pre,04:00,09:30,3,156.90184730757386,388.5968828174931,200.0,427.09268749492486,250.0,60948.199754911926,36360.0,64575.02998269237,36598.0
NVDA,y2025,post,16:00,20:00,3,156.68459727061617,823.5470714027886,400.0,581.9214411012995,400.0,126150.82439338266,71972.0,89052.07939870474,71792.0
NVDA,y2025,rth,09:30,16:00,3,157.82352481527747,632.9292598907413,400.0,686.3549771259019,400.0,97824.20273023934,54378.0,104927.58338804178,56147.5
NVDA,y2026,rth,09:30,10:00,6,214.23699569409547,322.7360303807443,200.0,263.3204908499601,150.0,68637.96591575228,44419.0,55395.977782822854,29288.5
NVDA,y2026,rth,10:00,10:30,6,213.9692222723513,322.91012590340665,200.0,290.6065419950122,200.0,68796.71969173533,44631.0,61656.7587775328,44594.0
NVDA,y2026,rth,10:30,11:00,6,214.64800269925405,402.26614866708667,300.0,442.13691690124637,300.0,86838.20806380687,67374.0,94887.52689451046,67849.5
NVDA,y2026,rth,11:00,11:30,6,215.04292304103302,427.61434948844624,300.0,444.46936181765034,300.0,92141.01273717714,68220.0,95414.45211629507,67615.5
NVDA,y2026,rth,11:30,12:00,6,214.77854205243742,436.5644766333231,300.0,399.53669796179,300.0,94448.01912153207,67527.0,86040.37464812185,66625.5
NVDA,y2026,rth,12:00,12:30,6,214.9545344711433,450.751037446948,300.0,407.5660487388103,250.0,96981.85788612107,60552.0,87791.4110990633,49727.5
NVDA,y2026,rth,12:30,13:00,6,215.36020954593747,446.1398254328921,300.0,457.4059357047853,300.0,95860.84427239826,68635.5,98782.84646750987,67287.0
NVDA,y2026,rth,13:00,13:30,6,215.8521859604681,476.6562611130277,300.0,451.69082925260307,300.0,102856.85052325003,68523.0,97887.91485644666,60475.5
NVDA,y2026,rth,13:30,14:00,6,216.00479972987483,503.07147007724956,450.0,506.012932476385,300.0,109217.52843132261,100925.0,109762.82722297392,68697.0
NVDA,y2026,rth,14:00,14:30,6,216.04640778432332,463.72505978017085,350.0,465.5355519436661,300.0,100596.86221805589,76471.0,100663.0865953651,68151.0
NVDA,y2026,rth,14:30,15:00,6,216.26503913183316,518.3321875828603,400.0,487.7449347447502,400.0,112300.65554626676,88326.0,105806.4201764796,90572.0
NVDA,y2026,rth,15:00,15:30,6,216.06901321133367,523.3196327933848,400.0,588.8999874939008,400.0,113844.34030274756,91440.0,128092.87390879505,90990.0
NVDA,y2026,rth,15:30,16:00,6,216.0490955514717,729.788567650198,400.0,758.3025885870377,450.0,153419.56535551776,90994.0,162080.95765234658,100952.5
NVDA,y2026,open5,09:30,09:35,6,214.2911359811248,263.79413294214015,200.0,269.39939777819075,100.0,56249.8313167483,42671.0,56809.81668513608,22574.5
NVDA,y2026,close5,15:55,16:00,6,216.058774211735,973.8808771936987,500.0,973.0605318639562,650.0,203787.29865611528,112990.0,207049.68860262583,137214.5
NVDA,y2026,pre,04:00,07:00,6,214.22860535152827,227.47648406414234,100.0,396.4936847699528,100.0,49607.218179516865,22582.5,86425.88120570368,22516.0
NVDA,y2026,pre,07:00,08:00,6,214.34123918430538,374.2721792608889,150.0,366.0416264662222,200.0,79446.53972271147,33700.5,75327.38049891076,45049.0
NVDA,y2026,pre,08:00,09:00,6,214.46541884877195,324.47192326332,200.0,727.9033578814056,250.0,70413.19847837875,40503.0,154664.82868338822,49036.0
NVDA,y2026,pre,09:00,09:30,6,214.10985190140576,365.259323304601,150.0,819.3169325440416,150.0,78283.94456175293,29095.0,181456.44192122816,33462.0
NVDA,y2026,post,16:00,17:00,6,215.7923127546142,376.8185351385996,200.0,384.56680487937166,200.0,80086.99111867971,43685.0,80065.39938573631,45139.0
NVDA,y2026,post,17:00,18:00,6,215.69312623557747,648.2467885647653,200.0,324.2152515537527,200.0,137622.11899096522,45490.0,68779.85508351291,45205.0
NVDA,y2026,post,18:00,20:00,6,215.707258567019,346.54915001055554,250.0,702.923104334389,200.0,74308.50576177907,51400.5,151018.15289795568,43858.0
NVDA,y2026,pre,04:00,09:30,6,214.28624441335853,322.86967024670923,150.0,577.4099559328083,200.0,69437.53786427596,29110.5,124462.82327438559,44600.0
NVDA,y2026,post,16:00,20:00,6,215.7308990847112,457.20495145012984,200.0,470.5685359336686,200.0,97339.23254790486,45214.0,99954.50348224615,45139.0
NVDA,y2026,rth,09:30,16:00,6,215.3289743840402,463.36530806207884,300.0,458.69822717148776,300.0,99685.74365448332,67756.5,98787.01211166567,67311.0
TQQQ,last12m,rth,09:30,10:00,7,69.41066923625696,2541.2421246161034,1650.0,2795.950845774581,2150.0,160565.1721714632,125801.5,179152.38079936604,163687.5
TQQQ,last12m,rth,10:00,10:30,7,69.38365637457926,3017.815303029065,2650.0,3051.3386664783966,2900.0,196884.88700608275,173213.5,199966.75005331513,218022.5
TQQQ,last12m,rth,10:30,11:00,7,69.73595153395988,3159.7739484509166,3000.0,3231.48575559932,3200.0,208339.23287239377,206780.0,214897.35604833518,211282.0
TQQQ,last12m,rth,11:00,11:30,7,69.7470775565725,3376.266222684052,3600.0,3225.4910885445033,3900.0,227481.64221967553,209125.0,217673.02462826032,210016.0
TQQQ,last12m,rth,11:30,12:00,7,69.66843523783677,4014.310786009202,4850.0,4240.698585111804,4400.0,266789.28956909507,306674.0,280932.0139526517,316789.0
TQQQ,last12m,rth,12:00,12:30,7,69.78497136026161,3616.6785664754584,4150.0,3987.9874661440876,3800.0,241358.89501433272,272403.0,269623.4837586138,241136.0
TQQQ,last12m,rth,12:30,13:00,7,69.95418981226193,3694.0525740413277,3900.0,3621.0819516200127,4150.0,242499.09767823204,251090.5,244648.50502228603,236655.0
TQQQ,last12m,rth,13:00,13:30,7,70.02177808828162,4020.200278770417,5200.0,3964.158906097698,3150.0,266064.6086517457,240732.0,257991.50122252892,210044.0
TQQQ,last12m,rth,13:30,14:00,7,70.13491749955527,4495.400046709675,3750.0,4208.0745618160645,4000.0,293017.8572781427,275343.0,281656.91861833574,269739.0
TQQQ,last12m,rth,14:00,14:30,7,70.16395403829786,4786.432050377655,5200.0,4292.525313155191,4500.0,315546.1842926233,319635.5,286478.3826971595,282579.0
TQQQ,last12m,rth,14:30,15:00,7,70.2345482313983,5119.814267198651,5050.0,4455.367602098913,5050.0,344649.6179846534,344908.0,295424.42781533464,353317.5
TQQQ,last12m,rth,15:00,15:30,7,70.28842728502134,5318.997426339168,5100.0,4849.403301002687,5100.0,364584.1859501517,378026.0,326438.35613292427,297841.5
TQQQ,last12m,rth,15:30,16:00,7,70.35207571914773,5963.844468385586,5650.0,4987.762327882741,5100.0,405303.56043734157,415863.0,337032.34944856534,369377.0
TQQQ,last12m,open5,09:30,09:35,7,69.34586934033555,1932.3827787951618,1200.0,2249.605463349253,1900.0,126793.64973510538,72018.0,148116.60030729833,127534.0
TQQQ,last12m,close5,15:55,16:00,7,70.30877008833933,6208.06313626014,5200.0,5529.81488406484,5400.0,418090.2901749546,354150.0,368595.4620109345,371818.0
TQQQ,last12m,pre,04:00,07:00,7,70.13701858345398,1096.7213946876545,500.0,1271.3393840946846,1000.0,73020.18882876626,39670.0,85997.16268740149,71808.0
TQQQ,last12m,pre,07:00,08:00,7,70.257676602239,1416.150563167128,1100.0,1813.646634535115,1800.0,94164.27958955031,63208.00000000001,118387.2821160474,97318.0
TQQQ,last12m,pre,08:00,09:00,7,70.42645570733198,1720.375034092198,1700.0,1959.7334481940422,2100.0,115737.75203449375,127279.00000000001,133791.99729414287,165627.0
TQQQ,last12m,pre,09:00,09:30,7,69.64323725565676,2203.5171331482725,1500.0,2133.9229190364217,2100.0,146519.32334847623,118274.99999999999,142117.04846598578,137736.0
TQQQ,last12m,post,16:00,17:00,7,69.9419218589559,2641.839054634893,2500.0,2358.458210888282,2200.0,175812.76482526297,188448.0,162581.75935777285,165522.0
TQQQ,last12m,post,17:00,18:00,7,70.20870979096117,690.6824876572003,200.0,2729.6719334163777,900.0,50078.414311331355,15654.0,172007.8206167449,71019.0
TQQQ,last12m,post,18:00,20:00,7,70.24354966959831,1718.1366836274685,1300.0,2099.572345626136,1300.0,114861.63433028017,102790.99999999999,140925.08695850277,105352.00000000001
TQQQ,last12m,pre,04:00,09:30,7,70.11653972990878,1605.5426237237396,1150.0,1791.0411374933676,1700.0,107116.57791456542,79142.0,119839.2089254744,94481.0
TQQQ,last12m,post,16:00,20:00,7,70.13496575865112,1664.343321822435,1300.0,2397.211855421251,1600.0,112338.70395456735,105287.0,158456.84740523068,119340.00000000001
TQQQ,last12m,rth,09:30,16:00,7,69.91406800988516,4087.2485216893297,4100.0,3916.73915411637,3900.0,271827.8911847498,251332.0,260949.37480522785,242440.0
TQQQ,last5,rth,09:30,10:00,4,78.07790701948917,1874.8691554101465,1550.0,2203.644256620205,2000.0,146836.6379824559,117913.0,172217.18354856028,154825.5
TQQQ,last5,rth,10:00,10:30,4,78.03911369792617,2781.8011476943593,2050.0,2803.3737824998357,2750.0,216676.42421239012,161676.0,218281.07131098118,215279.5
TQQQ,last5,rth,10:30,11:00,4,78.35218207193978,2915.102946982083,2650.0,2935.201669455408,3000.0,228064.76964086908,208470.5,229473.3193331896,231908.0
TQQQ,last5,rth,11:00,11:30,4,78.30962018037333,3380.9420296728003,3650.0,3102.194827193268,3450.0,264338.8376476022,280991.5,242991.70997988706,270012.0
TQQQ,last5,rth,11:30,12:00,4,78.17642592072917,3845.756237457385,4450.0,3684.601438072109,4400.0,300312.3479142394,348372.5,287909.7830689707,339460.0
TQQQ,last5,rth,12:00,12:30,4,78.57607351774595,3557.9588858313055,4050.0,3922.309613362472,3300.0,279840.79223975557,320799.0,308217.6116558964,260323.5
TQQQ,last5,rth,12:30,13:00,4,78.67722219606813,3233.3885159438046,3150.0,3420.353141095468,3950.0,254596.02112691008,249077.5,269318.54461001704,311999.0
TQQQ,last5,rth,13:00,13:30,4,78.71528012399165,3553.497948594743,4000.0,3092.4928841884603,2600.0,280043.81348974194,312067.0,244173.72530992122,203953.5
TQQQ,last5,rth,13:30,14:00,4,78.80621089585618,3619.8650752748263,3150.0,3651.7681694713383,3550.0,285387.9054944244,249823.5,288178.6205288194,280734.0
TQQQ,last5,rth,14:00,14:30,4,78.8381736016711,4179.114586179073,4250.0,3775.952429501944,4100.0,330177.0257650301,338793.0,298318.2707928755,326455.0
TQQQ,last5,rth,14:30,15:00,4,79.02185641791144,4703.161351561672,5550.0,3908.4788687000646,4650.0,372089.3122721408,440923.0,309303.56924465124,369820.5
TQQQ,last5,rth,15:00,15:30,4,79.20241949227533,5265.794099784775,4950.0,4464.1508173043885,4450.0,417094.06602515676,399518.0,353537.9542466184,354577.5
TQQQ,last5,rth,15:30,16:00,4,79.29277185918977,5489.345748983713,5500.0,4557.151617121166,5100.0,435375.28536057303,434089.5,361733.68901601474,406903.5
TQQQ,last5,open5,09:30,09:35,4,77.81486170854407,1547.9399373379415,1050.0,1873.2044276899167,1800.0,120563.77213278894,83631.0,145823.14908166946,139748.0
TQQQ,last5,close5,15:55,16:00,4,79.25644468491018,5238.140563800782,4850.0,4771.696913728049,5000.0,415214.90051051596,387337.0,378193.4096609464,399452.0
TQQQ,last5,pre,04:00,07:00,4,77.80111812779829,1165.7212326639528,650.0,1312.5178546739178,800.0,89669.63481580134,50275.0,101520.68875912167,61851.0
TQQQ,last5,pre,07:00,08:00,4,77.61082743882412,1357.7830435192661,950.0,1409.6450633038692,1550.0,105185.09195668779,75642.5,109240.0716966762,117491.0
TQQQ,last5,pre,08:00,09:00,4,77.5380079148083,1735.6194037468952,1450.0,1793.2806534417666,2100.0,133904.5468378071,111639.5,138805.12624810726,166834.5
TQQQ,last5,pre,09:00,09:30,4,77.61823967932739,2342.9141618613394,1650.0,2025.5626576998673,2050.0,179772.69243206352,126511.5,157245.8733573787,154865.0
TQQQ,last5,post,16:00,17:00,4,79.03326491528703,2296.640325661318,2450.0,2340.07888421811,2150.0,181408.1662605468,192074.0,185354.30685362517,168825.0
TQQQ,last5,post,17:00,18:00,4,79.10538490361263,801.7214511430296,450.0,1366.904065477337,500.0,63263.885920192726,35344.0,108546.10937461515,39184.0
TQQQ,last5,post,18:00,20:00,4,79.26298108998631,1333.5375380345283,1300.0,1268.6401024795719,1300.0,105574.74906823132,104039.0,100426.78336656552,102043.5
TQQQ,last5,pre,04:00,09:30,4,77.64262092962267,1643.073387778055,1150.0,1630.9663644376171,1800.0,126566.28676779757,92038.5,126367.72606267147,137700.0
TQQQ,last5,post,16:00,20:00,4,79.1364491153294,1454.838729661254,1350.0,1640.308744184078,1250.0,114976.10862315356,107677.5,130000.45551933425,98374.5
TQQQ,last5,rth,09:30,16:00,4,78.62222533289535,3724.164677391514,3750.0,3502.181466209537,3450.0,293224.04103779607,290927.0,275707.32944356994,272718.0
TQQQ,normal18m,rth,09:30,10:00,9,69.49565807063125,2369.5973437664247,1650.0,2561.8530153734064,2000.0,154800.82074421886,125801.5,167323.25476911204,154825.5
TQQQ,normal18m,rth,10:00,10:30,9,69.64029457956558,2887.8582033671387,2400.0,2988.7875061649397,2900.0,192099.29531165052,173213.5,199133.28690275294,218022.5
TQQQ,normal18m,rth,10:30,11:00,9,69.87863892712828,3088.876188451634,3000.0,3118.4153279441653,3150.0,209150.18750754927,206780.0,212336.50818073997,211282.0
TQQQ,normal18m,rth,11:00,11:30,9,69.93890463813159,3378.369078592474,3550.0,3296.6202206413964,3900.0,231986.58223733082,209125.0,227463.23042794527,210016.0
TQQQ,normal18m,rth,11:30,12:00,9,69.87288095249187,3802.165947866494,4200.0,4011.51967199561,4400.0,260768.47321386344,306674.0,274080.383691859,316789.0
TQQQ,normal18m,rth,12:00,12:30,9,70.00557963213697,3397.8604355371654,3900.0,3834.5213076581826,3800.0,234693.77848054384,272403.0,267174.7932170272,241136.0
TQQQ,normal18m,rth,12:30,13:00,9,70.12265542237891,3563.460109596265,3650.0,3597.836772022025,4150.0,242244.0580379394,251090.5,252375.01905802975,236655.0
TQQQ,normal18m,rth,13:00,13:30,9,70.09185589168028,3888.6311681255434,4850.0,4428.00310306658,3250.0,266635.03653683513,240732.0,292676.7827229211,210044.0
TQQQ,normal18m,rth,13:30,14:00,9,70.13937508006282,4258.147430921996,3750.0,4119.649035952398,4000.0,288871.073519995,275343.0,285484.56339336355,269739.0
TQQQ,normal18m,rth,14:00,14:30,9,70.13583287057547,4499.634120396201,5000.0,4100.91141143772,4400.0,307289.66240886506,319635.5,281685.06158455776,282579.0
TQQQ,normal18m,rth,14:30,15:00,9,70.18589163504392,4756.285933326869,4850.0,4152.44204043343,4500.0,330774.3267094842,344908.0,283548.1469338952,353317.5
TQQQ,normal18m,rth,15:00,15:30,9,70.25976945309762,4948.923905701897,5000.0,4734.709060741358,5100.0,349396.91346333746,378026.0,332296.84466937283,297841.5
TQQQ,normal18m,rth,15:30,16:00,9,70.27968119881704,5414.745402992672,5500.0,4971.131627415138,5100.0,378276.9343044777,415863.0,349294.1883407949,369377.0
TQQQ,normal18m,open5,09:30,09:35,9,69.43756222750557,1877.480623474602,1200.0,2116.862119512245,1800.0,127281.70246969562,72018.0,141194.599472122,127534.0
TQQQ,normal18m,close5,15:55,16:00,9,70.20789386652208,5746.992771368964,5200.0,5099.416960985903,4900.0,399135.7348110283,354150.0,348800.6584598963,371818.0
TQQQ,normal18m,pre,04:00,07:00,9,70.0766930682953,965.4730667609002,500.0,1124.645778594531,600.0,64359.93541695162,39670.0,76635.4603597075,53808.00000000001
TQQQ,normal18m,pre,07:00,08:00,9,70.12303763925733,1250.98314157561,800.0,1544.9273490033504,1300.0,83633.55298043934,62552.0,99785.78823858926,80910.0
TQQQ,normal18m,pre,08:00,09:00,9,70.20604548695734,1585.3231662885437,1200.0,1754.6823676237557,1400.0,105235.45116515817,96000.0,119046.39250563201,91644.0
TQQQ,normal18m,pre,09:00,09:30,9,69.5853938817884,2147.7572289680625,1500.0,2001.340536279975,1800.0,146785.612634637,82005.0,131997.1739238878,114555.0
TQQQ,normal18m,post,16:00,17:00,9,69.86200871163432,2357.3822914609127,2400.0,2057.2438175544157,2100.0,158849.93568906246,177386.0,144160.47659451418,132990.0
TQQQ,normal18m,post,17:00,18:00,9,70.08231551823987,650.5634558088508,200.0,2176.4039544381635,800.0,45960.56831354777,17922.0,137120.98711151752,62640.0
TQQQ,normal18m,post,18:00,20:00,9,69.96537168903903,1497.0890347124255,1300.0,1788.7846331911571,1300.0,101137.1396112676,101881.0,120518.19004666814,102258.0
TQQQ,normal18m,pre,04:00,09:30,9,69.99855374445568,1484.1321508636818,800.0,1603.571182893118,1250.0,99780.06314182172,62855.0,106688.81945837905,73944.0
TQQQ,normal18m,post,16:00,20:00,9,69.97166451033559,1487.7344820259402,1300.0,2006.9999649092779,1300.0,101056.71337047456,101881.0,133786.95909867514,102258.0
TQQQ,normal18m,rth,09:30,16:00,9,70.00368222487201,3866.1832602325335,3800.0,3840.049803238381,3900.0,265186.3604612076,245677.5,263474.66535290517,239937.0
TQQQ,since_2026-07-15,rth,09:30,10:00,4,78.07790701948917,1874.8691554101465,1550.0,2203.644256620205,2000.0,146836.6379824559,117913.0,172217.18354856028,154825.5
TQQQ,since_2026-07-15,rth,10:00,10:30,4,78.03911369792617,2781.8011476943593,2050.0,2803.3737824998357,2750.0,216676.42421239012,161676.0,218281.07131098118,215279.5
TQQQ,since_2026-07-15,rth,10:30,11:00,4,78.35218207193978,2915.102946982083,2650.0,2935.201669455408,3000.0,228064.76964086908,208470.5,229473.3193331896,231908.0
TQQQ,since_2026-07-15,rth,11:00,11:30,4,78.30962018037333,3380.9420296728003,3650.0,3102.194827193268,3450.0,264338.8376476022,280991.5,242991.70997988706,270012.0
TQQQ,since_2026-07-15,rth,11:30,12:00,4,78.17642592072917,3845.756237457385,4450.0,3684.601438072109,4400.0,300312.3479142394,348372.5,287909.7830689707,339460.0
TQQQ,since_2026-07-15,rth,12:00,12:30,4,78.57607351774595,3557.9588858313055,4050.0,3922.309613362472,3300.0,279840.79223975557,320799.0,308217.6116558964,260323.5
TQQQ,since_2026-07-15,rth,12:30,13:00,4,78.67722219606813,3233.3885159438046,3150.0,3420.353141095468,3950.0,254596.02112691008,249077.5,269318.54461001704,311999.0
TQQQ,since_2026-07-15,rth,13:00,13:30,4,78.71528012399165,3553.497948594743,4000.0,3092.4928841884603,2600.0,280043.81348974194,312067.0,244173.72530992122,203953.5
TQQQ,since_2026-07-15,rth,13:30,14:00,4,78.80621089585618,3619.8650752748263,3150.0,3651.7681694713383,3550.0,285387.9054944244,249823.5,288178.6205288194,280734.0
TQQQ,since_2026-07-15,rth,14:00,14:30,4,78.8381736016711,4179.114586179073,4250.0,3775.952429501944,4100.0,330177.0257650301,338793.0,298318.2707928755,326455.0
TQQQ,since_2026-07-15,rth,14:30,15:00,4,79.02185641791144,4703.161351561672,5550.0,3908.4788687000646,4650.0,372089.3122721408,440923.0,309303.56924465124,369820.5
TQQQ,since_2026-07-15,rth,15:00,15:30,4,79.20241949227533,5265.794099784775,4950.0,4464.1508173043885,4450.0,417094.06602515676,399518.0,353537.9542466184,354577.5
TQQQ,since_2026-07-15,rth,15:30,16:00,4,79.29277185918977,5489.345748983713,5500.0,4557.151617121166,5100.0,435375.28536057303,434089.5,361733.68901601474,406903.5
TQQQ,since_2026-07-15,open5,09:30,09:35,4,77.81486170854407,1547.9399373379415,1050.0,1873.2044276899167,1800.0,120563.77213278894,83631.0,145823.14908166946,139748.0
TQQQ,since_2026-07-15,close5,15:55,16:00,4,79.25644468491018,5238.140563800782,4850.0,4771.696913728049,5000.0,415214.90051051596,387337.0,378193.4096609464,399452.0
TQQQ,since_2026-07-15,pre,04:00,07:00,4,77.80111812779829,1165.7212326639528,650.0,1312.5178546739178,800.0,89669.63481580134,50275.0,101520.68875912167,61851.0
TQQQ,since_2026-07-15,pre,07:00,08:00,4,77.61082743882412,1357.7830435192661,950.0,1409.6450633038692,1550.0,105185.09195668779,75642.5,109240.0716966762,117491.0
TQQQ,since_2026-07-15,pre,08:00,09:00,4,77.5380079148083,1735.6194037468952,1450.0,1793.2806534417666,2100.0,133904.5468378071,111639.5,138805.12624810726,166834.5
TQQQ,since_2026-07-15,pre,09:00,09:30,4,77.61823967932739,2342.9141618613394,1650.0,2025.5626576998673,2050.0,179772.69243206352,126511.5,157245.8733573787,154865.0
TQQQ,since_2026-07-15,post,16:00,17:00,4,79.03326491528703,2296.640325661318,2450.0,2340.07888421811,2150.0,181408.1662605468,192074.0,185354.30685362517,168825.0
TQQQ,since_2026-07-15,post,17:00,18:00,4,79.10538490361263,801.7214511430296,450.0,1366.904065477337,500.0,63263.885920192726,35344.0,108546.10937461515,39184.0
TQQQ,since_2026-07-15,post,18:00,20:00,4,79.26298108998631,1333.5375380345283,1300.0,1268.6401024795719,1300.0,105574.74906823132,104039.0,100426.78336656552,102043.5
TQQQ,since_2026-07-15,pre,04:00,09:30,4,77.64262092962267,1643.073387778055,1150.0,1630.9663644376171,1800.0,126566.28676779757,92038.5,126367.72606267147,137700.0
TQQQ,since_2026-07-15,post,16:00,20:00,4,79.1364491153294,1454.838729661254,1350.0,1640.308744184078,1250.0,114976.10862315356,107677.5,130000.45551933425,98374.5
TQQQ,since_2026-07-15,rth,09:30,16:00,4,78.62222533289535,3724.164677391514,3750.0,3502.181466209537,3450.0,293224.04103779607,290927.0,275707.32944356994,272718.0
TQQQ,y2022,rth,09:30,10:00,5,35.919305854728876,7953.137272899511,8100.0,8588.700421461836,9000.0,206939.56859384672,196157.0,218560.5902428072,208994.0
TQQQ,y2022,rth,10:00,10:30,5,35.67627734105868,9643.692204222167,8950.0,10483.110617555432,10150.0,263037.54955666163,220430.5,276539.2721392183,237621.0
TQQQ,y2022,rth,10:30,11:00,5,35.852219846228614,10601.820585514879,9700.0,12583.975197299838,8850.0,278643.4815221938,233019.0,322618.964373449,219976.5
TQQQ,y2022,rth,11:00,11:30,5,36.04045733254539,12450.736765832917,10650.0,14086.515117654255,10400.0,321173.2090272221,252192.0,362750.79157779197,247248.5
TQQQ,y2022,rth,11:30,12:00,5,35.931555614184134,12591.413297991641,11000.0,14196.872789247196,12300.0,327618.2239650166,260645.0,370869.6438102268,291996.0
TQQQ,y2022,rth,12:00,12:30,5,35.79887461937668,11156.342070667411,12550.0,15386.152485360917,13300.0,287036.99750616023,315957.0,388710.162073224,323136.5
TQQQ,y2022,rth,12:30,13:00,5,35.98145623780706,13095.218886313158,14350.0,14495.237055808351,13150.0,346658.13919782976,378219.0,372986.5751848954,347137.0
TQQQ,y2022,rth,13:00,13:30,5,35.78407969857001,15567.049522209716,15600.0,14983.740764078482,15050.0,398526.4461936916,412598.0,387665.3447656802,398820.5
TQQQ,y2022,rth,13:30,14:00,5,35.76078997736019,15242.063105347775,15950.0,14329.95541044097,15250.0,394240.51183054433,419466.0,375680.27550126467,401731.5
TQQQ,y2022,rth,14:00,14:30,5,35.59484718127322,23183.193982195648,15650.0,12522.971228995737,14550.0,618714.5917593106,378737.0,335489.5330358329,349983.0
TQQQ,y2022,rth,14:30,15:00,5,35.538656403281244,12505.206339569979,12850.0,13338.120240257764,15150.0,327174.1137980087,330391.5,349342.54382951156,385446.0
TQQQ,y2022,rth,15:00,15:30,5,35.41046712065556,13249.831215951937,13300.0,13893.450690694359,13500.0,351507.6754609443,339204.0,366394.3332196234,345963.0
TQQQ,y2022,rth,15:30,16:00,5,35.608325491341844,12007.327823666084,13200.0,12345.767695473429,13900.0,320265.6818520235,340950.0,330185.59581310995,358071.0
TQQQ,y2022,open5,09:30,09:35,5,35.689754936238344,5154.606954785409,2900.0,6225.842239268987,3000.0,131152.43785163117,67483.0,159804.12662635595,69480.0
TQQQ,y2022,close5,15:55,16:00,5,35.83045598354397,15258.02115556022,13500.0,17284.434196319973,14500.0,408487.73732621904,345465.0,461940.7924320977,370185.0
TQQQ,y2022,pre,04:00,07:00,5,35.90633473213394,4054.089313249149,1600.0,7504.0991666530845,3100.0,107020.0814741273,55125.0,198080.8980403379,84235.0
TQQQ,y2022,pre,07:00,08:00,5,35.71514749209308,5446.27166520242,1700.0,8566.303006156211,9500.0,143696.8401503291,79268.0,223168.88571902123,225910.0
TQQQ,y2022,pre,08:00,09:00,5,35.81670520736314,5443.943045442008,1900.0,5958.273422868154,4200.0,143590.54111363934,56720.0,158508.60420445484,98952.0
TQQQ,y2022,pre,09:00,09:30,5,36.018782530737205,5876.177738249687,2200.0,5558.384102322169,2900.0,146677.98004350168,51458.0,151565.51787313411,143330.0
TQQQ,y2022,post,16:00,17:00,5,36.035289252992506,8941.589622259919,8200.0,7681.457074924333,6000.0,246767.0966469878,210248.0,224696.22308899154,225910.0
TQQQ,y2022,post,17:00,18:00,5,36.051705120443636,2697.6505635306507,3300.0,5068.821329793895,1800.0,71977.15796053826,75075.0,144451.2625916919,61452.00000000001
TQQQ,y2022,post,18:00,20:00,5,36.294625691636064,5400.674735345648,1800.0,6427.509422479327,2900.0,145669.05012296676,53856.0,169015.93728286715,74501.0
TQQQ,y2022,pre,04:00,09:30,5,35.86346557129511,5199.021418799819,1800.0,6913.1217094055655,3650.0,135114.4299098259,55922.5,183230.481221644,121141.0
TQQQ,y2022,post,16:00,20:00,5,36.12679715885963,5671.862919071395,3300.0,6388.8107108987715,2900.0,154580.84699440122,103292.99999999999,179301.1284676868,112425.0
TQQQ,y2022,rth,09:30,16:00,5,35.761347285998035,13018.998928606674,10850.0,13171.941063385048,11050.0,341656.8146716504,265711.0,342908.44222844415,288079.0
TQQQ,y2023,rth,09:30,10:00,5,35.80101691238389,11772.193284111232,9450.0,11319.802129001686,9900.0,383610.9907225594,356034.0,372580.5933602573,359579.0
TQQQ,y2023,rth,10:00,10:30,5,35.696626750109566,15587.986444625933,9950.0,13947.400218460161,10600.0,490978.5007220734,413675.0,447910.7465272433,441684.0
TQQQ,y2023,rth,10:30,11:00,5,35.87648792032286,15945.992537789643,11100.0,15624.888887440798,10900.0,507930.2473549289,464439.0,497895.642029933,459954.0
TQQQ,y2023,rth,11:00,11:30,5,35.87473332076472,16994.264560781678,11250.0,16236.99976314757,11000.0,544108.6826250954,465344.0,520483.90000975353,457930.0
TQQQ,y2023,rth,11:30,12:00,5,35.89931166951177,17174.996535263537,11750.0,16390.33464962199,11300.0,547755.5518138314,523807.5,520771.17106789903,467250.0
TQQQ,y2023,rth,12:00,12:30,5,35.88374829406505,17406.378029442367,11100.0,16586.33304727542,11750.0,553334.9259950038,496229.0,528134.949850088,484219.0
TQQQ,y2023,rth,12:30,13:00,5,35.91805298618839,15968.881615783614,10500.0,13624.427816275384,10700.0,511780.1506515874,450639.0,452858.65005532146,459254.0
TQQQ,y2023,rth,13:00,13:30,5,36.14350406016901,14833.235010482795,12400.0,13442.625514682273,11700.0,506213.19785060536,425648.5,468113.3856665482,469265.5
TQQQ,y2023,rth,13:30,14:00,5,35.96138572855878,14418.136392043287,12500.0,13967.639246214576,11950.0,480961.8746286865,445264.0,475576.22208489856,479254.0
TQQQ,y2023,rth,14:00,14:30,5,36.07053645641784,13983.686358834208,11500.0,13975.656966450171,11200.0,464022.6247812767,447966.0,463774.0621679753,436568.0
TQQQ,y2023,rth,14:30,15:00,5,35.85872098019942,14311.74579429976,9750.0,14429.237512546457,10400.0,463643.97170547384,418252.5,463585.58776987763,441409.5
TQQQ,y2023,rth,15:00,15:30,5,35.89849724246843,14506.525780859363,11350.0,14678.782590005341,11400.0,473567.4565130867,473284.0,478907.69396234996,459349.5
TQQQ,y2023,rth,15:30,16:00,5,35.955860669270635,18429.347104383454,16450.0,17809.469519935534,15500.0,611364.6876713699,625860.5,594515.3886464818,622520.5
TQQQ,y2023,open5,09:30,09:35,5,35.676624891566085,9407.114015245837,9300.0,9716.420261554193,8500.0,310985.1194657919,305796.0,329540.581129226,320640.0
TQQQ,y2023,close5,15:55,16:00,5,35.96585359518959,23419.890207278368,22800.0,21177.973389240236,22000.0,784008.5990210574,813042.0,720718.5560453249,697752.0
TQQQ,y2023,pre,04:00,07:00,5,35.304127938284346,7184.577108266616,9700.0,9461.640556741895,10400.0,240059.971436846,284085.0,317486.0696556953,391392.00000000006
TQQQ,y2023,pre,07:00,08:00,5,35.53724796418251,7487.236080979713,9000.0,10310.418368503582,10300.0,246176.544540977,284082.0,342808.0367027307,406727.00000000006
TQQQ,y2023,pre,08:00,09:00,5,35.46786535467837,7393.351640370472,7900.0,7777.01585554782,9800.0,244655.76667214237,231021.0,261876.22503751106,341360.0
TQQQ,y2023,pre,09:00,09:30,5,35.55460289130115,9415.213410592753,8400.0,10618.14400814591,9200.0,312105.3723809278,336316.0,345616.94399925135,350556.0
TQQQ,y2023,post,16:00,17:00,5,35.99616066031754,15760.329099459117,17400.0,12948.442549298607,13000.0,536515.928176514,603160.0,451254.8618139851,523600.0
TQQQ,y2023,post,17:00,18:00,5,35.939454550465214,11245.558486235224,4000.0,2212.429298823081,1600.0,345552.34603071056,177400.0,72544.0972282079,65680.0
TQQQ,y2023,post,18:00,20:00,5,35.96101771727671,8969.026251958048,9300.0,4333.967054568632,1500.0,302721.0321884353,367780.0,134555.70443879272,61860.0
TQQQ,y2023,pre,04:00,09:30,5,35.465931885454374,7868.8827945548,8700.0,9567.169250005616,10000.0,260703.47534161332,286927.5,317767.73069248284,383014.5
TQQQ,y2023,post,16:00,20:00,5,35.96537980399722,11977.266765965052,13600.0,6466.5087944340485,4500.0,394338.9558956151,412000.0,218326.75346661927,121005.0
TQQQ,y2023,rth,09:30,16:00,5,35.9106561016921,15487.191700673853,11300.0,14771.825237641424,11450.0,503020.75771407125,459614.5,483469.7459706546,464281.0
TQQQ,y2024,rth,09:30,10:00,4,61.92655602165139,2402.0564121840325,1500.0,2501.913493040367,2600.0,143175.27811123143,92559.0,149689.82176358122,158603.0
TQQQ,y2024,rth,10:00,10:30,4,61.98718905439078,2973.107008353318,3000.0,3168.5330849979814,3100.0,176014.4663874377,181716.0,184951.17905803522,188616.0
TQQQ,y2024,rth,10:30,11:00,4,62.239927670960206,3141.0389945991515,3000.0,3129.2607461467856,2550.0,183643.40432397812,187427.0,183824.98815021792,156505.5
TQQQ,y2024,rth,11:00,11:30,4,62.404302986535725,3342.527359569476,3300.0,3499.498910942985,3600.0,198153.59723763852,204337.5,208794.40200097515,228909.0
TQQQ,y2024,rth,11:30,12:00,4,62.33926082211837,3774.85526133026,3850.0,3645.803154144152,3800.0,225062.27769762833,246202.0,216470.38096908288,242756.0
TQQQ,y2024,rth,12:00,12:30,4,62.30775433034502,4019.6072339800526,4200.0,4008.7964277346096,4000.0,240205.723969937,267326.5,240486.62606934804,255366.0
TQQQ,y2024,rth,12:30,13:00,4,62.40414999903984,3980.8121725427413,4250.0,3726.9945119489917,4050.0,241328.97373515635,261465.5,223703.3552712318,255591.0
TQQQ,y2024,rth,13:00,13:30,4,62.31033431185373,3402.7576589316677,4000.0,3608.246640374781,3800.0,203569.33148969352,248183.0,215282.67513878987,219644.0
TQQQ,y2024,rth,13:30,14:00,4,62.451318312357614,3596.2574383292517,3650.0,3747.540773856237,4000.0,214438.159684493,213879.5,223567.53427847615,246416.0
TQQQ,y2024,rth,14:00,14:30,4,62.4405532313207,3927.0227102384383,3950.0,3591.6218490687406,4100.0,236960.0400551183,252228.5,212949.8157305119,238791.5
TQQQ,y2024,rth,14:30,15:00,4,62.46857909731996,3827.7528627247484,4200.0,3570.658942469172,3900.0,225740.79703862124,251833.0,212899.9594500196,247362.0
TQQQ,y2024,rth,15:00,15:30,4,62.659497293115145,3882.6289799727106,4250.0,3851.8356053982307,3800.0,231502.989288439,261087.5,229539.9822035261,218555.0
TQQQ,y2024,rth,15:30,16:00,4,62.53935813146701,3918.009664869022,4300.0,3971.087288999932,4400.0,233001.27416413848,275946.0,235509.72052545028,269850.0
TQQQ,y2024,open5,09:30,09:35,4,62.39718266870444,2013.4282664996285,1700.0,1929.0440380976072,1050.0,122175.8207374814,106005.0,117858.43374200397,61908.0
TQQQ,y2024,close5,15:55,16:00,4,62.69554498448358,4911.954959319152,5050.0,4612.083363383917,4850.0,295843.4510877718,311248.5,277067.33177849767,301005.0
TQQQ,y2024,pre,04:00,07:00,4,62.64526045943744,1430.936505019575,650.0,2236.7761448775595,1200.0,87079.3930578769,45833.5,132773.44075173946,73428.0
TQQQ,y2024,pre,07:00,08:00,4,62.86379516296403,1945.2913258622384,1450.0,1450.5697890941235,700.0,118277.85554507091,91628.5,91590.23607079418,42204.0
TQQQ,y2024,pre,08:00,09:00,4,63.02541622313129,1985.3252213469607,1250.0,3000.1486863862806,1800.0,121637.59183150032,88773.5,188310.94996519788,109564.0
TQQQ,y2024,pre,09:00,09:30,4,62.63260746413762,2608.0927388302716,1750.0,3026.4673816934815,2450.0,156743.6177883035,107422.5,190822.56218771596,158096.0
TQQQ,y2024,post,16:00,17:00,4,62.677256736283184,2853.742366023663,3150.0,3317.1594492731533,3150.0,173636.49006169703,197053.5,197735.04496323632,196038.0
TQQQ,y2024,post,17:00,18:00,4,62.55007740953508,3861.2940047056663,1150.0,1012.2034849669166,450.0,275507.17825561884,64852.5,58006.44338377013,27849.5
TQQQ,y2024,post,18:00,20:00,4,62.4583920911498,3078.113466383372,3150.0,2171.416722172177,2150.0,190741.58023681727,193038.5,127569.44116472616,127050.0
TQQQ,y2024,pre,04:00,09:30,4,62.78876846948811,1984.719061196007,1300.0,2420.6923827638884,1500.0,120465.49735903475,80669.5,150299.57641968524,84855.0
TQQQ,y2024,post,16:00,20:00,4,62.56123239295784,3269.1485510029884,2500.0,2155.776687420094,1450.0,213774.6938240137,165107.5,127094.11578419032,90039.0
TQQQ,y2024,rth,09:30,16:00,4,62.344513662477404,3552.856701360264,3600.0,3540.050838782097,3400.0,211747.23277571236,243183.5,210584.25617741438,236753.0
TQQQ,y2025,rth,09:30,10:00,3,64.70374248688042,2623.1378408409705,2350.0,2508.0834291173,1950.0,168444.68458593698,210093.5,157367.550676431,170852.0
TQQQ,y2025,rth,10:00,10:30,3,65.33772878183491,2867.2634577564663,2700.0,3152.3765938879314,3100.0,185308.27511435992,194808.5,202552.98931367698,222207.0
TQQQ,y2025,rth,10:30,11:00,3,65.33354542806431,3387.409738735381,3500.0,3435.517312996337,3350.0,223820.2958413374,234925.0,225108.1149457641,280912.5
TQQQ,y2025,rth,11:00,11:30,3,65.42331140297993,3618.1250512203305,3550.0,3842.4320214409536,4250.0,240092.57534646126,191248.0,255869.52620329882,267156.5
TQQQ,y2025,rth,11:30,12:00,3,65.51559117627616,4038.160239703743,4200.0,3980.1934278530166,4500.0,270454.6619260047,335080.5,268669.62716058415,335095.5
TQQQ,y2025,rth,12:00,12:30,3,65.56347121946818,3274.903785880277,3850.0,3973.3079896772165,4700.0,224723.974035987,242900.0,270283.49380410474,333232.5
TQQQ,y2025,rth,12:30,13:00,3,65.5994651970751,3987.0279202677343,4050.0,4265.104578590634,5100.0,266985.6465637498,291678.0,292618.5405880491,346343.5
TQQQ,y2025,rth,13:00,13:30,3,65.37888370982847,4831.925565840306,4850.0,6862.668079896362,5450.0,320360.3095988865,389507.0,433020.5527475514,402305.0
TQQQ,y2025,rth,13:30,14:00,3,65.27514290873614,5412.973962550596,5050.0,5165.031361052919,5350.0,356568.7382001272,453939.0,345018.2783352155,414186.5
TQQQ,y2025,rth,14:00,14:30,3,65.21861654862299,5116.066652196595,5350.0,4708.071289641936,4800.0,340454.7711880506,455227.5,311237.13607834844,412477.5
TQQQ,y2025,rth,14:30,15:00,3,65.2403678552073,5898.344761479873,5400.0,4720.3434823418775,4400.0,387222.1131212039,487801.5,309392.46919205994,397432.5
TQQQ,y2025,rth,15:00,15:30,3,65.36455678418494,5098.829779765416,5600.0,5741.876166388966,7000.0,346018.5458453606,435084.0,394346.065657797,474388.0
TQQQ,y2025,rth,15:30,16:00,3,65.2778349792799,5174.571410386522,5600.0,5943.912456454326,7250.0,347873.67511577945,438112.0,410363.1242402199,449231.5
TQQQ,y2025,open5,09:30,09:35,3,64.73777659610643,2228.678179175072,2100.0,2117.5606447335094,1800.0,146385.82584012704,186286.0,133578.13716866678,120472.0
TQQQ,y2025,close5,15:55,16:00,3,65.12508239526412,5842.350944715708,5600.0,5626.1111006017045,4900.0,393684.32741609635,502040.00000000006,366221.40377871675,441098.0
TQQQ,y2025,pre,04:00,07:00,3,65.15109855417745,561.2992008149133,500.0,872.4118581770124,600.0,35288.77521447325,30054.000000000004,55234.97061893688,53808.00000000001
TQQQ,y2025,pre,07:00,08:00,3,65.3878230141784,992.1671664802642,700.0,1815.3795304639195,600.0,61879.68172009976,61171.0,102246.72427300346,29964.0
TQQQ,y2025,pre,08:00,09:00,3,65.32388805425941,1468.0998219940016,800.0,1692.0105216103555,800.0,86768.43513447323,62594.0,101521.16014924104,53682.0
TQQQ,y2025,pre,09:00,09:30,3,64.70614896393305,1870.7956025241938,800.0,1938.370767470726,900.0,129750.60275814573,62621.99999999999,114891.90375233129,71576.0
TQQQ,y2025,post,16:00,17:00,3,65.09584168473991,2161.8064891798713,1600.0,1853.6863609504235,1100.0,136482.31647418716,143440.0,119521.02650303936,98637.0
TQQQ,y2025,post,17:00,18:00,3,64.9582961556382,461.86721353285276,200.0,3237.7017270256974,400.0,27801.230796771524,17922.0,181132.85934626256,19852.0
TQQQ,y2025,post,18:00,20:00,3,64.56008132121183,1678.7443883258848,900.0,1634.8883420895193,900.0,102028.97894464094,80811.0,97781.39299527014,80811.0
TQQQ,y2025,pre,04:00,09:30,3,65.14100587621333,1217.7745660374765,700.0,1573.368695144263,800.0,78109.78483697653,52985.5,93140.89369703796,53745.0
TQQQ,y2025,post,16:00,20:00,3,64.86951649780943,1427.5818820100928,800.0,2245.755785370649,900.0,88341.83637434978,39672.0,132942.01257906412,80811.0
TQQQ,y2025,rth,09:30,16:00,3,65.32548854595554,4255.834573197988,3800.0,4484.386131055439,4500.0,282933.2907012772,258606.0,298132.48054236243,302423.5
TQQQ,y2026,rth,09:30,10:00,6,71.90311719040598,2242.218559385471,1550.0,2588.866863705319,2000.0,147946.14147021592,117913.0,172325.00202296124,154825.5
TQQQ,y2026,rth,10:00,10:30,6,71.79703835555836,2898.181715313754,2050.0,2906.785332728569,2750.0,195503.4246688059,161676.0,197419.09536281225,215279.5
TQQQ,y2026,rth,10:30,11:00,6,72.1520575427113,2939.552146882206,2650.0,2959.803507086266,3000.0,201812.3192358576,206173.0,205948.25487495167,203616.5
TQQQ,y2026,rth,11:00,11:30,6,72.2029405948434,3258.1598138074346,3650.0,3022.960154675265,3400.0,227922.3853736572,222014.5,213220.83265576613,197162.5
TQQQ,y2026,rth,11:30,12:00,6,72.05354165018194,3684.059624092077,4450.0,4027.1972865028833,4250.0,255920.897743838,287960.0,276788.26513158466,284349.5
TQQQ,y2026,rth,12:00,12:30,6,72.23032887086603,3459.441038104335,4050.0,3765.01252118035,3300.0,239686.97378056127,284778.0,265617.85704572336,209461.0
TQQQ,y2026,rth,12:30,13:00,6,72.39228887376368,3350.9234652933537,3150.0,3263.017040950785,3700.0,229829.2945277875,241024.5,232181.73995270062,190454.5
TQQQ,y2026,rth,13:00,13:30,6,72.4506488456887,3416.5222540408954,4000.0,3209.4789168150214,2600.0,239746.10304409525,233014.0,222436.2035088494,202965.5
TQQQ,y2026,rth,13:30,14:00,6,72.57595789590957,3679.6737102725406,3150.0,3595.9979190619188,3550.0,254960.07572574817,249823.5,255663.03726516693,246835.0
TQQQ,y2026,rth,14:00,14:30,6,72.59735702381714,4191.052299601283,4250.0,3796.9714162809664,4100.0,290687.4405500478,285413.0,266891.4994587453,236847.0
TQQQ,y2026,rth,14:30,15:00,6,72.65769359653082,4185.478193392134,4550.0,3868.6015494092576,4650.0,302561.3900448279,227802.0,270631.0021996034,314637.0
TQQQ,y2026,rth,15:00,15:30,6,72.71053250083943,4873.874300783322,4950.0,4230.476028926935,4450.0,351088.2758371124,321770.0,301232.2212863458,266536.5
TQQQ,y2026,rth,15:30,16:00,6,72.78126175223849,5534.86396781267,5500.0,4484.613350391652,5000.0,393482.56010920677,382863.5,318751.6934781119,326354.0
TQQQ,y2026,open5,09:30,09:35,6,71.79484200313931,1701.3298454957664,1050.0,2116.511758983915,1800.0,117699.61358643671,69781.5,145014.80191494417,139748.0
TQQQ,y2026,close5,15:55,16:00,6,72.75091865866996,5699.283309720433,4850.0,4835.90212033208,5000.0,401863.1749759453,347745.5,340084.73667252174,343316.0
TQQQ,y2026,pre,04:00,07:00,6,72.64434595885794,1176.1640183225002,650.0,1256.1322728647517,800.0,79514.37988288456,50275.0,87791.2770199806,59715.0
TQQQ,y2026,pre,07:00,08:00,6,72.52820398014636,1382.4440195021984,950.0,1407.5560712108197,1550.0,94683.037128907,75642.5,98535.80043746499,89114.0
TQQQ,y2026,pre,08:00,09:00,6,72.65728656711006,1644.1788425031632,1450.0,1786.1487440433625,1750.0,114507.398853506,111639.5,127845.4880045799,128635.5
TQQQ,y2026,pre,09:00,09:30,6,72.11031512512557,2291.0798753960485,1650.0,2033.9262559212802,2050.0,155600.92300370868,126511.5,140848.84272844702,154865.0
TQQQ,y2026,post,16:00,17:00,6,72.32716312661819,2458.5379055500966,2450.0,2162.527698714828,2150.0,170418.90399191217,182917.0,156904.4800742564,149256.0
TQQQ,y2026,post,17:00,18:00,6,72.64432396578057,744.9115315126154,450.0,1645.755323683411,850.0,55040.23269953508,35344.0,115115.06159131268,66829.5
TQQQ,y2026,post,18:00,20:00,6,72.68221222715185,1405.784295266827,1300.0,1866.136940630325,1300.0,100688.87779931867,102336.0,131946.29986732762,103805.0
TQQQ,y2026,pre,04:00,09:30,6,72.48659011172856,1620.5605249573719,1150.0,1619.0408992890282,1500.0,110879.58124721689,82178.0,113628.068007159,86277.0
TQQQ,y2026,post,16:00,20:00,6,72.55544819777262,1518.196418115662,1300.0,1886.091399992264,1450.0,107495.66647212907,104039.0,134214.84927919673,108151.0
TQQQ,y2026,rth,09:30,16:00,6,72.34669734433022,3671.031246388113,3750.0,3517.341967328261,3450.0,256298.03117637054,240597.00000000003,246116.72966882854,225750.5
SQQQ,last12m,rth,09:30,10:00,7,46.16996681447596,5377.5887813394775,5250.0,6298.4702112735395,5600.0,209318.11367479924,182383.5,237781.04729574948,195696.0
SQQQ,last12m,rth,10:00,10:30,7,46.1200342168743,9562.344151281122,8450.0,11560.899432950016,10600.0,357730.4241950964,331196.0,426963.6116895969,415218.0
SQQQ,last12m,rth,10:30,11:00,7,45.829407278243366,10464.263710152078,8650.0,11132.583189530273,10950.0,391568.2383326932,312761.0,413313.12852321554,383196.5
SQQQ,last12m,rth,11:00,11:30,7,45.93028085510395,12008.101556859274,11500.0,12254.286769225422,11100.0,444867.3244718851,392207.5,453570.5271298458,406315.5
SQQQ,last12m,rth,11:30,12:00,7,45.93445515703593,13359.7157878223,15950.0,15238.429097439579,19700.0,494096.8121331283,545892.5,562387.9953359001,686461.0
SQQQ,last12m,rth,12:00,12:30,7,45.88925184990698,12649.753212632884,11450.0,14917.8237928054,12650.0,467275.23387367354,393718.0,546115.9014716275,437234.0
SQQQ,last12m,rth,12:30,13:00,7,45.746104587677365,15144.787887224948,12300.0,15834.490509428859,16900.0,557439.25242867,419307.0,581876.7632522859,577117.0
SQQQ,last12m,rth,13:00,13:30,7,45.734171566683926,14933.493839696072,12250.0,15799.843944385657,12650.0,550964.7109460292,418017.0,583028.5906847031,433903.0
SQQQ,last12m,rth,13:30,14:00,7,45.60229468902423,16429.680788108748,15550.0,19253.48576122754,18600.0,611201.8019534515,533271.5,701400.1746297738,640212.0
SQQQ,last12m,rth,14:00,14:30,7,45.638520735685226,15696.622349597961,18650.0,18219.156390846907,14500.0,578925.1324643363,642005.5,666492.5761054155,500395.0
SQQQ,last12m,rth,14:30,15:00,7,45.62368631753358,16841.040469814714,15950.0,19669.303326614903,22000.0,621766.9658469235,546769.0,715382.4276597725,754689.5
SQQQ,last12m,rth,15:00,15:30,7,45.628574900116,18131.083603616928,19500.0,21378.774972520983,21950.0,676922.4468478501,666413.5,782747.4837170865,750541.5
SQQQ,last12m,rth,15:30,16:00,7,45.586744894864694,19587.777800902248,22900.0,21144.773483703866,22950.0,718082.7532787903,782604.0,769985.751514363,785187.0
SQQQ,last12m,open5,09:30,09:35,7,46.12174191238933,4197.361637811278,5000.0,4392.78304059631,4900.0,167910.0016924623,171207.0,169314.93213181142,178040.99999999997
SQQQ,last12m,close5,15:55,16:00,7,45.61165412376648,19752.218831150967,21500.0,18273.05225977976,19700.0,730867.3458640304,733580.0,677048.2519001854,672755.0
SQQQ,last12m,pre,04:00,07:00,7,46.944285783346594,3837.8482682962585,5500.0,4084.784705191616,4600.0,144394.7445164157,196365.00000000003,154036.52745938473,153180.0
SQQQ,last12m,pre,07:00,08:00,7,47.704442370829966,4707.37379655051,5400.0,4826.818601583489,6000.0,178938.96107068277,198180.00000000003,183515.74013277655,214334.0
SQQQ,last12m,pre,08:00,09:00,7,47.67197770166821,5179.249193428084,6400.0,4942.410402400963,6200.0,194666.62423458658,234688.0,195294.43129384425,224832.00000000003
SQQQ,last12m,pre,09:00,09:30,7,47.316355178576984,5294.1979889834,5400.0,4905.238244103974,5300.0,209619.35872310676,239295.00000000003,192322.2289160823,194668.99999999997
SQQQ,last12m,post,16:00,17:00,7,47.69330447316507,6734.584045264563,7400.0,7009.950463010979,7500.0,265495.2289852932,259768.0,272204.4686313571,257550.00000000003
SQQQ,last12m,post,17:00,18:00,7,45.71421726745496,2515.6890832297477,800.0,3772.0720899135604,600.0,92659.40771671604,34300.0,139007.40058938356,30820.0
SQQQ,last12m,post,18:00,20:00,7,45.77570584512163,5984.139030929056,1200.0,1222.3269259541105,500.0,224271.1015793871,46398.0,51055.415310768585,17265.0
SQQQ,last12m,pre,04:00,09:30,7,47.4006498670975,4742.479712474442,5450.0,4681.106334960774,5450.0,181466.64307965746,201598.0,180892.32122072604,207669.5
SQQQ,last12m,post,16:00,20:00,7,46.327636465902216,4986.110049521047,1900.0,3852.2496644789367,1400.0,190213.81468642806,65093.99999999999,148206.77425201252,51225.0
SQQQ,last12m,rth,09:30,16:00,7,45.80258448991867,13860.553922103654,11500.0,15592.46553707292,13200.0,513860.39283450623,415102.0,572387.4565917577,465243.0
SQQQ,last5,rth,09:30,10:00,4,34.7728890143781,7041.17674211464,5400.0,8767.65282321083,6150.0,244026.03320107626,192494.0,302319.078211487,210273.0
SQQQ,last5,rth,10:00,10:30,4,34.74395006549794,13921.359718764015,13100.0,16886.36093746065,16700.0,484600.4709226887,448556.5,588204.9141357606,571629.5
SQQQ,last5,rth,10:30,11:00,4,34.60403168756813,15432.730768263053,14050.0,16351.563204737773,15550.0,535385.1122678658,494917.0,566504.5636353104,546744.0
SQQQ,last5,rth,11:00,11:30,4,34.61460616922,17807.355140274864,17750.0,17820.856362881983,18650.0,617139.7984405331,611714.0,616909.7564612202,647856.0
SQQQ,last5,rth,11:30,12:00,4,34.66768517972115,20133.863933533492,19850.0,22854.783023677504,23250.0,698173.8882104661,689967.0,792660.9944805758,794918.0
SQQQ,last5,rth,12:00,12:30,4,34.485299943545,18963.91134300433,18400.0,22648.352388964147,23600.0,653808.6189821746,637282.0,781298.7933431995,807126.0
SQQQ,last5,rth,12:30,13:00,4,34.43447142044338,23137.16041212677,25300.0,23919.534942941173,23200.0,798193.2371958618,867758.5,825028.6392938955,794955.0
SQQQ,last5,rth,13:00,13:30,4,34.41621867527242,22394.671725927572,24400.0,23450.00997567101,20600.0,772145.4463004663,836146.0,809345.9586377979,705093.0
SQQQ,last5,rth,13:30,14:00,4,34.37549552539919,24011.021438392247,20550.0,29182.07104261887,24850.0,826872.4713085757,704754.5,1006796.1881660279,846985.5
SQQQ,last5,rth,14:00,14:30,4,34.361323025515276,23008.45946945807,21850.0,27423.433752472974,26100.0,790078.5003490873,748128.0,943619.8920300985,889092.0
SQQQ,last5,rth,14:30,15:00,4,34.274601565642165,24789.942760801572,23850.0,30318.31763523893,31250.0,850119.5753574572,812417.5,1040197.872095792,1064637.5
SQQQ,last5,rth,15:00,15:30,4,34.18954970614179,26506.910036091795,24000.0,31868.24716442829,29000.0,906916.5911524785,820797.0,1091274.1698439068,985570.0
SQQQ,last5,rth,15:30,16:00,4,34.14507708712942,29303.657994906356,27750.0,32109.401424562377,26100.0,1000023.2007456587,951960.0,1098106.2651350056,886878.0
SQQQ,last5,open5,09:30,09:35,4,34.894424122264155,5047.3242510585105,5050.0,5794.5037294469885,5550.0,175645.06506672874,171553.5,200666.68461456243,189790.5
SQQQ,last5,close5,15:55,16:00,4,34.165005110163875,29281.190344829043,28350.0,26420.65106452588,26450.0,1000779.1886147134,962703.0,903244.538081076,898560.0
SQQQ,last5,pre,04:00,07:00,4,34.8961802895867,5345.9140160437155,5650.0,5951.371118856171,5850.0,187368.6984343681,200690.5,208294.81789460595,207669.5
SQQQ,last5,pre,07:00,08:00,4,34.91492189357257,7253.213055852992,7150.0,7346.034580238248,7450.0,252233.37789863907,243397.0,255829.1996762579,256146.0
SQQQ,last5,pre,08:00,09:00,4,35.00231801106629,7668.85287803027,7200.0,7039.002624907048,7050.0,266899.39444192214,256701.0,245501.52696392732,247033.5
SQQQ,last5,pre,09:00,09:30,4,34.976992924916246,6945.638566952164,6900.0,6376.057721443542,6250.0,241916.06249770802,239622.0,222280.68580406,223586.5
SQQQ,last5,post,16:00,17:00,4,34.25803085355164,9398.613351084341,7750.0,10201.50214476222,8100.0,322337.27720912424,263473.0,349949.12444594275,275835.0
SQQQ,last5,post,17:00,18:00,4,34.22990562585203,3951.9974228170563,2200.0,5893.978479036152,750.0,134859.3412592127,74661.0,199834.97127889944,25545.0
SQQQ,last5,post,18:00,20:00,4,34.15405203742257,8821.613618582882,1500.0,1239.5720670816895,450.0,301945.2769796404,50934.0,42151.264914126565,15370.5
SQQQ,last5,pre,04:00,09:30,4,34.94615217451476,6761.152258051114,6750.0,6654.011958944341,6300.0,235660.0209815147,238124.0,232151.50639540292,226124.0
SQQQ,last5,post,16:00,20:00,4,34.210671409764856,7207.118952606204,2650.0,5432.988944351176,1300.0,246714.3320614266,90058.0,185382.50334678052,44235.5
SQQQ,last5,rth,09:30,16:00,4,34.46811362235624,20496.274051277553,19700.0,23353.52854673705,22650.0,705959.0994189358,676269.0,804777.7842616566,786817.0
SQQQ,normal18m,rth,09:30,10:00,9,41.797643472753,12290.702741379495,5250.0,12856.682300700859,5600.0,313821.5794245798,182383.5,333368.52341388055,195696.0
SQQQ,normal18m,rth,10:00,10:30,9,41.68568175647309,18551.297833435434,8450.0,20103.471447704436,10600.0,485522.4360285498,331196.0,541141.5340485909,415218.0
SQQQ,normal18m,rth,10:30,11:00,9,41.503174532878965,19493.297002385505,8650.0,20862.879880109216,10950.0,515179.9438720018,312761.0,548044.3250603165,383196.5
SQQQ,normal18m,rth,11:00,11:30,9,41.55373443037101,23298.87898384251,11500.0,22144.13048914017,11100.0,603787.3267141809,392207.5,588777.0777911706,406315.5
SQQQ,normal18m,rth,11:30,12:00,9,41.584422295436234,23195.24183570429,15950.0,24165.43362633213,19700.0,619877.6672280872,545892.5,665061.4325193263,686461.0
SQQQ,normal18m,rth,12:00,12:30,9,41.520978964224625,22738.897564473406,11450.0,24347.99773221621,12650.0,598159.2041725508,393718.0,658544.5700221972,437234.0
SQQQ,normal18m,rth,12:30,13:00,9,41.414869307587935,22963.909970948505,12300.0,26703.16510542398,16900.0,644367.7924737908,419307.0,721078.6708653611,577117.0
SQQQ,normal18m,rth,13:00,13:30,9,41.453217731289115,23728.020864122293,12250.0,23521.675616807235,12650.0,656266.4049365418,418017.0,665366.7346772719,433903.0
SQQQ,normal18m,rth,13:30,14:00,9,41.36530424192587,25179.49916722066,15550.0,26652.975121525073,18600.0,708764.5410466555,533271.5,766851.244697177,640212.0
SQQQ,normal18m,rth,14:00,14:30,9,41.42170295582443,25354.75048658261,18650.0,26110.656443499593,14500.0,697699.7401329133,642005.5,744639.1670933656,500395.0
SQQQ,normal18m,rth,14:30,15:00,9,41.40223782795447,26957.459123648445,15950.0,25341.81669340002,22000.0,745394.3935583984,546769.0,749518.5221675886,754689.5
SQQQ,normal18m,rth,15:00,15:30,9,41.37321663765451,28851.498329385147,19500.0,27458.612549837384,21950.0,805127.5164897855,666413.5,817045.4935330065,750541.5
SQQQ,normal18m,rth,15:30,16:00,9,41.36183593277986,27781.182687121593,22900.0,25859.704065972972,22950.0,797671.8987576035,782604.0,783338.9763875877,785187.0
SQQQ,normal18m,open5,09:30,09:35,9,41.7643953323005,8132.539154647586,5000.0,8204.946843959038,4900.0,223207.7608331959,171207.0,222262.6919313286,178040.99999999997
SQQQ,normal18m,close5,15:55,16:00,9,41.381696715554895,32462.993360452798,21500.0,31113.988130031677,19700.0,890528.0448030994,733580.0,846883.1899346784,672755.0
SQQQ,normal18m,pre,04:00,07:00,9,42.11939446940522,7747.502632397028,5500.0,6341.974486183204,4600.0,197451.52304547597,196365.00000000003,178407.9151418385,153180.0
SQQQ,normal18m,pre,07:00,08:00,9,42.854807818663126,8178.300194196135,5400.0,8427.591344157894,6000.0,221433.61427039062,198180.00000000003,228924.08410814323,214334.0
SQQQ,normal18m,pre,08:00,09:00,9,42.74249641349167,12197.25180273498,6400.0,10207.256969630045,6200.0,302234.5689520963,234688.0,273557.0128978689,224832.00000000003
SQQQ,normal18m,pre,09:00,09:30,9,42.836327036755215,10437.482379430552,5400.0,9699.0305105704,5300.0,281208.1847634818,239295.00000000003,263180.5523171369,194668.99999999997
SQQQ,normal18m,post,16:00,17:00,9,43.52865995010827,11546.221555850467,7400.0,11882.380500616804,7500.0,325364.3149223729,259768.0,335703.61662897246,257550.00000000003
SQQQ,normal18m,post,17:00,18:00,9,41.46330574376231,2195.1926400106317,800.0,3354.3382787759106,1100.0,77306.62674916913,30464.000000000004,118356.95284101696,37246.0
SQQQ,normal18m,post,18:00,20:00,9,41.89413621405114,7364.134260193805,1200.0,3086.720503720391,500.0,226911.66136660156,46398.0,79903.06089513387,18230.0
SQQQ,normal18m,pre,04:00,09:30,9,42.63072919778353,9601.837022628668,5450.0,8630.113245797407,5450.0,249627.59999891577,201598.0,235062.13445645772,207669.5
SQQQ,normal18m,post,16:00,20:00,9,42.23018157533114,6780.676548177129,1800.0,5812.820430741735,1500.0,203267.12759501705,61624.0,170070.3372567705,51255.0
SQQQ,normal18m,rth,09:30,16:00,9,41.49523239124599,23106.666018169315,11500.0,23548.36317674775,13200.0,630130.4031660114,415102.0,660214.0564606377,465243.0
SQQQ,since_2026-07-15,rth,09:30,10:00,4,34.7728890143781,7041.17674211464,5400.0,8767.65282321083,6150.0,244026.03320107626,192494.0,302319.078211487,210273.0
SQQQ,since_2026-07-15,rth,10:00,10:30,4,34.74395006549794,13921.359718764015,13100.0,16886.36093746065,16700.0,484600.4709226887,448556.5,588204.9141357606,571629.5
SQQQ,since_2026-07-15,rth,10:30,11:00,4,34.60403168756813,15432.730768263053,14050.0,16351.563204737773,15550.0,535385.1122678658,494917.0,566504.5636353104,546744.0
SQQQ,since_2026-07-15,rth,11:00,11:30,4,34.61460616922,17807.355140274864,17750.0,17820.856362881983,18650.0,617139.7984405331,611714.0,616909.7564612202,647856.0
SQQQ,since_2026-07-15,rth,11:30,12:00,4,34.66768517972115,20133.863933533492,19850.0,22854.783023677504,23250.0,698173.8882104661,689967.0,792660.9944805758,794918.0
SQQQ,since_2026-07-15,rth,12:00,12:30,4,34.485299943545,18963.91134300433,18400.0,22648.352388964147,23600.0,653808.6189821746,637282.0,781298.7933431995,807126.0
SQQQ,since_2026-07-15,rth,12:30,13:00,4,34.43447142044338,23137.16041212677,25300.0,23919.534942941173,23200.0,798193.2371958618,867758.5,825028.6392938955,794955.0
SQQQ,since_2026-07-15,rth,13:00,13:30,4,34.41621867527242,22394.671725927572,24400.0,23450.00997567101,20600.0,772145.4463004663,836146.0,809345.9586377979,705093.0
SQQQ,since_2026-07-15,rth,13:30,14:00,4,34.37549552539919,24011.021438392247,20550.0,29182.07104261887,24850.0,826872.4713085757,704754.5,1006796.1881660279,846985.5
SQQQ,since_2026-07-15,rth,14:00,14:30,4,34.361323025515276,23008.45946945807,21850.0,27423.433752472974,26100.0,790078.5003490873,748128.0,943619.8920300985,889092.0
SQQQ,since_2026-07-15,rth,14:30,15:00,4,34.274601565642165,24789.942760801572,23850.0,30318.31763523893,31250.0,850119.5753574572,812417.5,1040197.872095792,1064637.5
SQQQ,since_2026-07-15,rth,15:00,15:30,4,34.18954970614179,26506.910036091795,24000.0,31868.24716442829,29000.0,906916.5911524785,820797.0,1091274.1698439068,985570.0
SQQQ,since_2026-07-15,rth,15:30,16:00,4,34.14507708712942,29303.657994906356,27750.0,32109.401424562377,26100.0,1000023.2007456587,951960.0,1098106.2651350056,886878.0
SQQQ,since_2026-07-15,open5,09:30,09:35,4,34.894424122264155,5047.3242510585105,5050.0,5794.5037294469885,5550.0,175645.06506672874,171553.5,200666.68461456243,189790.5
SQQQ,since_2026-07-15,close5,15:55,16:00,4,34.165005110163875,29281.190344829043,28350.0,26420.65106452588,26450.0,1000779.1886147134,962703.0,903244.538081076,898560.0
SQQQ,since_2026-07-15,pre,04:00,07:00,4,34.8961802895867,5345.9140160437155,5650.0,5951.371118856171,5850.0,187368.6984343681,200690.5,208294.81789460595,207669.5
SQQQ,since_2026-07-15,pre,07:00,08:00,4,34.91492189357257,7253.213055852992,7150.0,7346.034580238248,7450.0,252233.37789863907,243397.0,255829.1996762579,256146.0
SQQQ,since_2026-07-15,pre,08:00,09:00,4,35.00231801106629,7668.85287803027,7200.0,7039.002624907048,7050.0,266899.39444192214,256701.0,245501.52696392732,247033.5
SQQQ,since_2026-07-15,pre,09:00,09:30,4,34.976992924916246,6945.638566952164,6900.0,6376.057721443542,6250.0,241916.06249770802,239622.0,222280.68580406,223586.5
SQQQ,since_2026-07-15,post,16:00,17:00,4,34.25803085355164,9398.613351084341,7750.0,10201.50214476222,8100.0,322337.27720912424,263473.0,349949.12444594275,275835.0
SQQQ,since_2026-07-15,post,17:00,18:00,4,34.22990562585203,3951.9974228170563,2200.0,5893.978479036152,750.0,134859.3412592127,74661.0,199834.97127889944,25545.0
SQQQ,since_2026-07-15,post,18:00,20:00,4,34.15405203742257,8821.613618582882,1500.0,1239.5720670816895,450.0,301945.2769796404,50934.0,42151.264914126565,15370.5
SQQQ,since_2026-07-15,pre,04:00,09:30,4,34.94615217451476,6761.152258051114,6750.0,6654.011958944341,6300.0,235660.0209815147,238124.0,232151.50639540292,226124.0
SQQQ,since_2026-07-15,post,16:00,20:00,4,34.210671409764856,7207.118952606204,2650.0,5432.988944351176,1300.0,246714.3320614266,90058.0,185382.50334678052,44235.5
SQQQ,since_2026-07-15,rth,09:30,16:00,4,34.46811362235624,20496.274051277553,19700.0,23353.52854673705,22650.0,705959.0994189358,676269.0,804777.7842616566,786817.0
SQQQ,y2022,rth,09:30,10:00,5,45.57150739506463,1224.5454970141873,800.0,1421.2726770919433,800.0,54220.11823635672,29772.0,63529.79344913541,29755.0
SQQQ,y2022,rth,10:00,10:30,5,45.66922253834289,1748.0905281882406,1350.0,1934.4921696331894,1200.0,76480.21042540697,55585.0,84763.52526916133,48600.5
SQQQ,y2022,rth,10:30,11:00,5,45.42073448981296,1987.3454216869652,1750.0,1976.667796797815,2000.0,85628.18175858348,67702.0,86562.589973109,78050.0
SQQQ,y2022,rth,11:00,11:30,5,45.23912965615581,2074.0052979115626,1750.0,2102.9072112982576,2200.0,89570.76385392196,67616.5,90437.36487825081,84909.0
SQQQ,y2022,rth,11:30,12:00,5,45.358897137565094,2418.057398242344,2100.0,2266.625611592452,2050.0,104228.02969934548,81623.0,98076.68669745569,79720.5
SQQQ,y2022,rth,12:00,12:30,5,45.374645743468314,2289.8055217624465,1600.0,2568.259752570226,2500.0,100831.98947101123,62605.5,112173.01061901374,96325.0
SQQQ,y2022,rth,12:30,13:00,5,45.17484201604903,2614.8589319746798,2100.0,2737.4189802926758,2450.0,112753.30680342694,81858.0,118594.77581054666,111684.0
SQQQ,y2022,rth,13:00,13:30,5,45.260324561935356,2410.7110338902735,2100.0,2326.40418874716,2050.0,105893.9701638962,82687.5,102734.08349543279,80629.5
SQQQ,y2022,rth,13:30,14:00,5,45.25076791257097,2330.0953583259047,1800.0,2726.493062438636,2200.0,102791.8576892458,70869.0,120083.95370470223,84557.0
SQQQ,y2022,rth,14:00,14:30,5,45.40489625500859,1861.4483525688393,1500.0,2073.2780294400154,2000.0,81874.73458235706,62257.5,90490.00216674872,81487.0
SQQQ,y2022,rth,14:30,15:00,5,45.27831197412691,2477.3805907038623,2050.0,2433.291458066878,2200.0,109991.1888740897,82895.5,107549.57303426234,91268.0
SQQQ,y2022,rth,15:00,15:30,5,45.40431134994474,2410.3229545578574,2050.0,2267.4449905227134,2150.0,106935.03474152005,85790.0,100938.48558783431,92321.5
SQQQ,y2022,rth,15:30,16:00,5,45.205333957362576,2764.438081966759,2350.0,2735.0119289166228,2700.0,125032.25636601812,103669.5,118857.89530683696,113891.5
SQQQ,y2022,open5,09:30,09:35,5,45.917669470513474,1390.532425256787,700.0,1202.061861121007,500.0,62166.97298322142,27797.0,55192.13655825045,18765.0
SQQQ,y2022,close5,15:55,16:00,5,44.89697050437354,3841.6812912088635,4000.0,3710.073163382431,3100.0,169942.02448524866,176480.0,161293.34365844494,129487.00000000001
SQQQ,y2022,pre,04:00,07:00,5,45.62377730530017,797.1474643895051,400.0,1260.1548058541593,1200.0,35607.25659176575,18420.0,54416.3878392124,45744.0
SQQQ,y2022,pre,07:00,08:00,5,45.82801138991919,1128.2108862847094,700.0,1359.0283349019542,1000.0,51168.74003955161,26711.999999999996,60872.97998765546,38270.0
SQQQ,y2022,pre,08:00,09:00,5,45.83265765099223,967.6805438414459,500.0,1181.3202615062128,700.0,44862.299130625266,23852.0,51486.97260754132,31507.0
SQQQ,y2022,pre,09:00,09:30,5,45.96122069732692,976.9814944848815,700.0,1282.5460493585167,1000.0,43370.89959068336,32584.999999999996,55534.26099378972,41844.0
SQQQ,y2022,post,16:00,17:00,5,44.79395079906934,3316.651576171524,2700.0,2775.138494490813,2000.0,151069.27262950232,113130.0,117957.37387022286,90880.0
SQQQ,y2022,post,17:00,18:00,5,44.75235060546202,1700.9747709908286,400.0,1973.8424942722102,1000.0,75609.74518063478,21856.0,86640.10360701717,54660.0
SQQQ,y2022,post,18:00,20:00,5,44.68417114145982,2854.0493730547546,2700.0,1891.7061111606693,1300.0,128953.70097679102,126497.99999999999,82102.3675505345,49062.0
SQQQ,y2022,pre,04:00,09:30,5,45.81009068360687,966.3786447921013,550.0,1270.4166755043636,900.0,43702.57168549778,23742.0,55558.023097310135,37955.0
SQQQ,y2022,post,16:00,20:00,5,44.74351657265664,2619.5391672442297,2000.0,2212.3244514914936,1300.0,118341.66463529029,87680.0,95520.10244345598,54660.0
SQQQ,y2022,rth,09:30,16:00,5,45.3548391589959,2200.894239001411,1850.0,2274.628651347662,2100.0,96634.67204275611,72173.0,99601.38977547963,84557.0
SQQQ,y2023,rth,09:30,10:00,5,23.758216893779394,29667.073213649957,26700.0,26376.423202710717,26300.0,565030.7632661838,504530.0,498798.75982939533,497610.0
SQQQ,y2023,rth,10:00,10:30,5,23.781539078960144,41914.07071067877,38650.0,36332.959669329925,36700.0,778572.8374879386,719311.0,688438.8477937126,680869.5
SQQQ,y2023,rth,10:30,11:00,5,23.68903244150758,38737.47506087906,41200.0,36097.20314039552,44800.0,739927.7921268757,768089.0,688032.9434270577,828532.0
SQQQ,y2023,rth,11:00,11:30,5,23.683530543180062,42596.686520194016,46650.0,44379.375869478776,46050.0,816372.3202214357,869788.0,847098.1563437922,858374.5
SQQQ,y2023,rth,11:30,12:00,5,23.63306490841736,41682.43192332527,48950.0,43624.9442666375,44750.0,797413.6318640715,917252.0,824699.7348012007,827882.5
SQQQ,y2023,rth,12:00,12:30,5,23.635604362739993,43288.61364045069,40050.0,38647.439031833834,40450.0,810852.4334035313,753511.5,730934.604275425,761061.5
SQQQ,y2023,rth,12:30,13:00,5,23.607787991205424,41233.36000207927,34650.0,37953.259664508565,34950.0,774295.5283346692,651725.5,714602.919989139,647692.5
SQQQ,y2023,rth,13:00,13:30,5,23.375833929013638,44495.35091362684,39650.0,45036.34905430427,33950.0,824806.5734412527,743837.5,829684.9694983867,652012.5
SQQQ,y2023,rth,13:30,14:00,5,23.65066314220766,40175.09137409504,38700.0,40951.0212656336,37150.0,760431.3656473081,726202.5,766594.1170428995,735749.5
SQQQ,y2023,rth,14:00,14:30,5,23.461855073430662,40185.32589054849,30450.0,40854.78145922653,32050.0,743231.2096364704,612593.0,751743.5408972795,601258.0
SQQQ,y2023,rth,14:30,15:00,5,23.55830042553368,39501.60930071736,31050.0,34523.492691992375,34450.0,745937.2853764554,593202.5,660928.4471879378,646577.5
SQQQ,y2023,rth,15:00,15:30,5,23.5396315435354,33194.3725882943,35550.0,38652.69780233454,32500.0,639182.1183238255,666024.0,734293.7403894356,609209.0
SQQQ,y2023,rth,15:30,16:00,5,23.43012143911119,44756.38896953951,51550.0,50402.89572685268,58650.0,865336.1968511358,966565.5,955935.4406885565,1086711.0
SQQQ,y2023,open5,09:30,09:35,5,23.858434022668845,26171.44931240112,21700.0,23248.09600696161,24300.0,496694.4925977106,410564.00000000006,436008.44876848056,460916.0
SQQQ,y2023,close5,15:55,16:00,5,23.397096661541568,56441.16021203629,51700.0,67025.4533258982,65100.0,1080439.5937376828,970409.0,1300004.319040323,1192508.0
SQQQ,y2023,pre,04:00,07:00,5,23.829084704378086,17832.60317914062,19800.0,21280.498968771106,25700.0,362544.6026357669,376398.00000000006,417286.710205183,489071.00000000006
SQQQ,y2023,pre,07:00,08:00,5,23.934839541960983,21716.394351392864,28400.0,22741.46922079017,31600.0,430232.62419888465,542440.0,445298.00735345343,588392.0
SQQQ,y2023,pre,08:00,09:00,5,23.989302499346543,19730.601888792935,16300.0,16401.105169601018,14900.0,373431.04577022826,303017.0,316014.28917662334,276544.0
SQQQ,y2023,pre,09:00,09:30,5,23.9068236555028,20033.284243201095,20800.0,19724.28399007415,18800.0,373454.97907748516,384800.0,369780.59045040846,358703.99999999994
SQQQ,y2023,post,16:00,17:00,5,23.545385542742146,25981.074214047945,34200.0,31768.988317732008,33200.0,515654.8665890235,627456.0,624005.4180166244,624492.0
SQQQ,y2023,post,17:00,18:00,5,23.442790093061316,6382.852988158265,5200.0,8097.4877333698,4100.0,168720.1301476961,112322.0,187434.46729230107,124468.0
SQQQ,y2023,post,18:00,20:00,5,23.333701057587607,14137.125679764506,9900.0,12768.517519716142,7200.0,295162.72072977363,331848.00000000006,263737.66034836974,167700.0
SQQQ,y2023,pre,04:00,09:30,5,23.914776350534503,19830.340497880436,19900.0,20063.164247009405,19150.0,385181.3594664495,383600.0,387736.6502896474,365869.5
SQQQ,y2023,post,16:00,20:00,5,23.439906296489823,15393.901495847791,9900.0,17411.342405355943,11600.0,324616.44780203124,331848.00000000006,355916.8670501407,259612.0
SQQQ,y2023,rth,09:30,16:00,5,23.60039233321524,40111.109713909915,38100.0,39526.47890735007,36300.0,758590.8106627716,710431.5,745537.9161281827,694743.0
SQQQ,y2024,rth,09:30,10:00,5,14.907137013210415,141305.08484533848,130250.0,149393.19829089293,158000.0,1418396.6364326957,1487604.0,1506843.7575890534,1691352.0
SQQQ,y2024,rth,10:00,10:30,5,14.997709511133815,155198.1740110675,176400.0,173058.90260815155,179550.0,1576564.0106530841,1618457.0,1746459.653892978,2081512.5000000002
SQQQ,y2024,rth,10:30,11:00,5,14.924554447613206,156298.55271765243,142450.0,185070.2388322665,202600.0,1568391.7577069276,1675709.5,1871251.038395911,2068999.0
SQQQ,y2024,rth,11:00,11:30,5,14.85510182746698,172608.44874245496,175400.0,192382.9163489941,219500.0,1729590.4987519942,1794001.0,1974475.016996633,2228600.5
SQQQ,y2024,rth,11:30,12:00,5,14.845765246598656,175803.79930880212,186200.0,175522.88188397043,209400.0,1798953.276717993,1965030.5,1849174.352430483,2005109.0
SQQQ,y2024,rth,12:00,12:30,5,14.828610887712648,166753.00523161242,163050.0,170711.39583409711,184850.0,1728110.2905584031,1892473.5,1772863.626173809,1910624.0
SQQQ,y2024,rth,12:30,13:00,5,14.756762708544112,161183.0739604586,180950.0,187075.81989441748,207350.0,1665334.6650271313,1664376.5,1911727.715071118,2175324.0
SQQQ,y2024,rth,13:00,13:30,5,14.78056717369573,146617.32766561923,154600.0,158794.93465560867,181350.0,1527124.010943879,1598716.0,1666948.6679592438,1875669.0
SQQQ,y2024,rth,13:30,14:00,5,14.753205568692467,155757.08273826828,166400.0,166202.1287285524,177250.0,1582196.2290095342,1718293.5,1708666.5080747667,1976674.5
SQQQ,y2024,rth,14:00,14:30,5,14.78404574658623,140742.72070657517,164250.0,174358.40982734182,185950.0,1458808.258527245,1390888.0,1792584.9555831621,2063397.0
SQQQ,y2024,rth,14:30,15:00,5,14.762178107312595,153223.20881429067,142600.0,145575.6639045445,153200.0,1555911.9721567756,1614892.5,1494160.2338204745,1659532.0
SQQQ,y2024,rth,15:00,15:30,5,14.718233293830288,174239.50462175545,168300.0,155362.1074901511,155800.0,1760029.74244154,1908192.0,1612285.7228374789,1593069.0
SQQQ,y2024,rth,15:30,16:00,5,14.757157700376391,176473.31647849514,183150.0,164172.19330161987,167050.0,1771152.2639108184,1909326.5,1662337.8585962888,1700431.0
SQQQ,y2024,open5,09:30,09:35,5,14.713142542755607,114783.48290479199,120600.0,114697.3472741551,106900.0,1153891.8563995475,1402548.0,1153694.6377456898,1272110.0
SQQQ,y2024,close5,15:55,16:00,5,14.741316095381238,261240.02004851136,283300.0,233027.29504546136,267000.0,2595173.4053116497,3224610.0,2377130.9582716073,2596011.0
SQQQ,y2024,pre,04:00,07:00,5,14.868558498038007,84477.86072315957,96100.0,107794.44464195754,114200.0,894743.4150684013,989624.0,1061426.6631029441,1347560.0
SQQQ,y2024,pre,07:00,08:00,5,14.417136248389491,148791.40113796564,140800.0,114607.69745647472,117000.0,1447887.9122350933,1459738.0000000002,1145425.8725414493,1353200.0
SQQQ,y2024,pre,08:00,09:00,5,14.565332312513526,104569.06911702601,132200.0,101048.21960865264,131100.0,1058058.0487419053,1193920.0,1037153.1713340769,1076331.0
SQQQ,y2024,pre,09:00,09:30,5,14.987942439668387,108185.88885741033,87800.0,97698.19409278013,86900.0,1071910.8969164465,1025504.0,959097.6199049384,1028027.0
SQQQ,y2024,post,16:00,17:00,5,16.245389653971625,73296.19862214565,89500.0,79291.0664032937,83600.0,818000.293524738,744640.0,922573.6733347701,696388.0
SQQQ,y2024,post,17:00,18:00,5,14.79745178938836,24804.16964283266,20400.0,17888.396888040203,19000.0,278759.4689074914,235025.99999999997,181813.97846345266,154660.0
SQQQ,y2024,post,18:00,20:00,5,14.83022103899589,85367.0782600652,101100.0,101071.21473412332,111100.0,867325.6443282283,877910.9999999999,1034942.0101841004,1158322.0
SQQQ,y2024,pre,04:00,09:30,5,14.71360587379179,110694.16080092468,108100.0,105348.44949473008,115600.0,1111440.9663444571,1106752.5,1051093.6607554113,1209240.5
SQQQ,y2024,post,16:00,20:00,5,15.209617926294287,59910.35425909957,55800.0,64668.2480989823,37600.0,638731.1311045261,676296.0,692290.8290695235,653640.0000000001
SQQQ,y2024,rth,09:30,16:00,5,14.820842114261023,159708.55072319476,166150.0,169053.14234106545,182900.0,1626203.96854569,1686341.5,1736146.2245896885,1891605.0
SQQQ,y2025,rth,09:30,10:00,3,40.46838406957993,25089.010991219482,3650.0,24563.76729810623,3350.0,505513.8564299705,174282.50000000003,492620.05901735136,162999.0
SQQQ,y2025,rth,10:00,10:30,3,40.0879927733616,34218.20709265853,5250.0,34184.02332630676,6050.0,680871.9008678029,204350.0,684374.5484799268,219710.0
SQQQ,y2025,rth,10:30,11:00,3,40.101460005509594,35196.53276468248,4650.0,37650.68100505723,4850.0,707754.8776928266,243219.0,749135.3452469498,233345.0
SQQQ,y2025,rth,11:00,11:30,3,40.097097773751166,42927.73630194064,5550.0,38891.561771056746,7150.0,843503.7513465745,230576.0,778491.0577027122,250014.0
SQQQ,y2025,rth,11:30,12:00,3,40.03253226151645,39581.92675169212,4600.0,38266.57220009506,5250.0,782964.3932917492,242603.0,770068.3322769611,269460.0
SQQQ,y2025,rth,12:00,12:30,3,40.03927740705858,39859.174478524044,4200.0,39400.973307376524,5000.0,781918.3916464922,247326.0,779583.7007139728,240152.5
SQQQ,y2025,rth,12:30,13:00,3,39.97005251648054,34818.405211599944,6850.0,44440.64738594255,7150.0,717913.1043842881,269420.0,892066.7645184759,267152.0
SQQQ,y2025,rth,13:00,13:30,3,40.06403700993144,37648.7013542625,7200.0,35156.38364168442,6600.0,769975.7265066968,275729.0,732604.5321218814,282666.0
SQQQ,y2025,rth,13:30,14:00,3,40.08515266831849,38998.122637093526,6800.0,36499.48020822498,7200.0,820384.786482797,288917.0,762014.0709571105,275662.0
SQQQ,y2025,rth,14:00,14:30,3,40.161793715011044,40871.3535903365,7400.0,37355.344325027436,7400.0,839353.7096121194,282009.0,782629.05576652,302043.0
SQQQ,y2025,rth,14:30,15:00,3,40.099000229849175,43048.94003482327,8050.0,31637.519075737026,7250.0,882606.9724613321,289884.0,679552.7909212674,308568.0
SQQQ,y2025,rth,15:00,15:30,3,39.93767828817484,46639.815927488315,8650.0,34321.787609157975,7800.0,995312.987503259,320115.0,746554.5163925991,311199.0
SQQQ,y2025,rth,15:30,16:00,3,40.02606570724262,39204.10806510774,8250.0,29702.53519097341,8900.0,822968.7199580598,310978.0,651660.6467902537,329020.0
SQQQ,y2025,open5,09:30,09:35,3,40.42139048183377,15467.420835559711,3600.0,15096.779260598158,2500.0,336863.00198002224,126792.0,321743.63443783135,170475.0
SQQQ,y2025,close5,15:55,16:00,3,40.06059441707704,53077.89655155992,8200.0,52494.03089133036,8600.0,1084772.2291948532,375424.00000000006,1080236.6847229612,308568.0
SQQQ,y2025,pre,04:00,07:00,3,40.38924932456986,13594.194006325124,400.0,9156.98544074518,400.0,256010.37769756472,14047.999999999998,182009.93568672935,14052.000000000002
SQQQ,y2025,pre,07:00,08:00,3,41.10281249098046,13184.777495523555,1700.0,13651.54808167244,1700.0,270818.60118232743,114291.0,283928.09981725935,114274.0
SQQQ,y2025,pre,08:00,09:00,3,40.80310935048909,23162.652279923757,1000.0,18694.310187681385,5100.0,458907.1197150172,40194.0,411742.96374179114,221133.00000000003
SQQQ,y2025,pre,09:00,09:30,3,42.10062585124104,19101.741499491025,3500.0,17630.84640883024,4600.0,412066.93020975345,239295.00000000003,383335.6886814274,177944.0
SQQQ,y2025,post,16:00,17:00,3,43.127779971035125,19007.312701964896,3100.0,19275.000713504567,2800.0,408632.5381523884,207824.00000000003,418002.3300173836,187795.99999999997
SQQQ,y2025,post,17:00,18:00,3,40.16009757828111,887.2705544393556,600.0,1767.5603854944331,1800.0,27144.09442716189,26844.0,64589.21108002479,63774.0
SQQQ,y2025,post,18:00,20:00,3,41.348104467688295,8915.497876349586,2700.0,6931.524602315605,1400.0,207838.06474382346,180954.0,150535.88565423005,93856.00000000001
SQQQ,y2025,pre,04:00,09:30,3,41.08585748360977,17184.35232258106,1850.0,14684.64036429781,3950.0,347564.8472078319,92495.5,312897.21106345067,179522.5
SQQQ,y2025,post,16:00,20:00,3,41.48252114583741,9221.821061244418,1700.0,8949.553560431874,2000.0,206534.80191236985,39028.0,203423.82098395267,93856.00000000001
SQQQ,y2025,rth,09:30,16:00,3,40.0900501457694,38315.07818267043,6700.0,35543.05625444974,6750.0,780845.9144748402,281610.0,730860.1312146609,270665.0
SQQQ,y2026,rth,09:30,10:00,6,42.46247603735292,5889.595421039864,5400.0,7001.353142046881,6000.0,217946.18608053226,192494.0,253718.45166791772,205140.0
SQQQ,y2026,rth,10:00,10:30,6,42.48411911346123,10721.835558026962,9850.0,13066.783615638979,12650.0,387897.4839608814,359462.0,469561.52649713383,463088.5
SQQQ,y2026,rth,10:30,11:00,6,42.203432452434896,11648.393499930402,10350.0,12476.157434036711,12950.0,418974.81801868737,362526.5,447584.79732642,446133.50000000006
SQQQ,y2026,rth,11:00,11:30,6,42.2813531570483,13493.877782604557,12050.0,13778.45839851679,13200.0,484044.24674844305,416043.5,494011.2047309383,472804.5
SQQQ,y2026,rth,11:30,12:00,6,42.35828294038237,15023.908635255006,17300.0,17133.803837716092,21750.0,538553.3489740406,598891.5,612699.0193366179,764228.5
SQQQ,y2026,rth,12:00,12:30,6,42.26142993546143,14183.378669630629,14900.0,16825.5716871564,17000.0,506329.19415419706,511409.5,598057.6646498342,594823.5
SQQQ,y2026,rth,12:30,13:00,6,42.13750173597214,17034.824196374368,18300.0,17831.67359682356,17300.0,607583.7326059508,624577.5,635558.1106795764,592475.5
SQQQ,y2026,rth,13:00,13:30,6,42.146760158518155,16778.181734209775,16500.0,17713.098288014287,13150.0,599497.5211852193,562617.0,631798.5570281511,451366.5
SQQQ,y2026,rth,13:30,14:00,6,42.00518887685712,18272.25082524891,17550.0,21731.192855541518,20450.0,652971.085432197,597697.0,769269.1092817895,700144.0
SQQQ,y2026,rth,14:00,14:30,6,42.052127575145256,17590.660591884072,19750.0,20484.117763207643,19900.0,626819.9125299656,679647.5,725630.050937227,683248.9999999999
SQQQ,y2026,rth,14:30,15:00,6,42.05287479722411,18923.841626479483,17950.0,22198.708542267254,24350.0,676891.4769660059,614893.0,784448.6771884558,834483.0
SQQQ,y2026,rth,15:00,15:30,6,42.090950736211205,19957.774173048845,21450.0,24027.19271613973,26700.0,710039.428006528,728637.0,852289.2597149329,913686.0
SQQQ,y2026,rth,15:30,16:00,6,42.0302348786971,22065.325920763076,25150.0,23936.810274673488,24050.0,785013.7571834105,859509.0,849228.7941274632,821909.0
SQQQ,y2026,open5,09:30,09:35,6,42.436149037281965,4463.725938492074,5050.0,4757.7411556253855,5000.0,166358.87506453492,171553.5,172503.60753147257,183933.5
SQQQ,y2026,close5,15:55,16:00,6,42.042015885739794,22159.161640321836,24100.0,20427.720979543323,22900.0,793440.0609288836,823093.0,730247.4182643971,782687.5
SQQQ,y2026,pre,04:00,07:00,6,43.092617399255104,4458.6836995764115,5550.0,4758.504326505386,5100.0,164511.61608837443,200690.5,176381.7446794686,179126.0
SQQQ,y2026,pre,07:00,08:00,6,43.853439533442774,5324.624197786403,6250.0,5449.9527669939525,6100.0,193284.3302026816,219870.0,197571.971657013,217327.0
SQQQ,y2026,pre,08:00,09:00,6,43.85839149164596,5887.920026776215,6400.0,5323.930121303887,6300.0,212087.4644295231,241184.0,194046.82879977248,226124.0
SQQQ,y2026,pre,09:00,09:30,6,43.23571242596956,5733.971539630979,6300.0,5393.136430096575,6250.0,210169.73598670788,232956.0,197952.70322862867,223586.5
SQQQ,y2026,post,16:00,17:00,6,43.74480701560493,7523.33929477034,7500.0,7896.416499518073,7550.0,280467.6300295554,263473.0,291329.6734997057,260185.0
SQQQ,y2026,post,17:00,18:00,6,42.11966096999327,2853.9220119606853,900.0,4153.512187219385,500.0,102570.77189697992,47962.0,145436.84632406107,26993.0
SQQQ,y2026,post,18:00,20:00,6,42.15934359899786,6610.637617401994,950.0,1219.3008025529355,450.0,236175.69906321936,43407.0,45596.728212946546,15370.5
SQQQ,y2026,pre,04:00,09:30,6,43.49968850404267,5336.824481914348,5650.0,5224.563363338046,6050.0,194539.86578073507,210885.5,191281.46739491294,212300.5
SQQQ,y2026,post,16:00,20:00,6,42.60981217676821,5541.165771449119,1850.0,4220.118934718694,900.0,201607.9396569352,63359.0,153134.83741234764,34033.0
SQQQ,y2026,rth,09:30,16:00,6,42.197456659225125,15506.430437538365,14600.0,17554.148125114258,15950.0,554811.9952209621,512586.0,624909.4628469324,553548.5
QQQ,last12m,rth,09:30,10:00,8,703.2104223785981,199.31023866480135,120.0,309.6763414953537,180.0,139257.79132766678,89316.6,220161.00469182717,130100.4
QQQ,last12m,rth,10:00,10:30,8,703.0033417221536,242.07463721737616,160.0,285.8035319567807,180.0,168488.32238516642,117394.40000000001,200658.52670797883,118530.4
QQQ,last12m,rth,10:30,11:00,8,703.9584924503573,239.30990307385886,120.0,309.17535807500406,200.0,166056.4853719794,89053.2,215638.5854690558,142708.2
QQQ,last12m,rth,11:00,11:30,8,704.1642848749049,264.61486260450437,160.0,375.59849738488225,240.0,183467.97119820613,119092.80000000002,263449.521628759,162842.8
QQQ,last12m,rth,11:30,12:00,8,703.7394395761717,268.7928757477602,160.0,363.9542044370589,220.0,185535.15873023416,118952.0,255515.88585680025,148208.0
QQQ,last12m,rth,12:00,12:30,8,704.5178610636766,262.1678603647228,160.0,302.1497153447078,200.0,182221.27729754878,119214.40000000001,211138.60200938946,144540.0
QQQ,last12m,rth,12:30,13:00,8,704.9663841594711,277.66484351219805,160.0,374.01702419597854,220.0,191020.40858860142,118872.0,263163.98178588325,148975.0
QQQ,last12m,rth,13:00,13:30,8,705.1533931644602,316.08773062542855,180.0,380.5144773546495,240.0,220536.080046772,130202.4,266457.84669520624,171038.2
QQQ,last12m,rth,13:30,14:00,8,705.5409582280301,289.04621525186815,140.0,426.3155465087249,220.0,201929.75557497767,103945.8,296924.2680189224,149133.0
QQQ,last12m,rth,14:00,14:30,8,705.5747207844418,269.4827487725216,200.0,483.98906217169036,260.0,188425.37180262976,144498.8,339987.87465983845,190259.0
QQQ,last12m,rth,14:30,15:00,8,705.6748098436769,287.6682168295751,200.0,425.99203607373386,240.0,200374.1370829884,144616.4,294609.47654872976,177774.0
QQQ,last12m,rth,15:00,15:30,8,705.7828767086013,313.0872952143445,220.0,424.6808953571913,240.0,218796.0260673316,148609.0,296817.77555895125,177758.40000000002
QQQ,last12m,rth,15:30,16:00,8,705.9388234204204,414.69282985581384,240.0,433.603873809498,320.0,291150.50549621135,146718.0,305740.249082554,213073.59999999998
QQQ,last12m,open5,09:30,09:35,8,702.8166881695447,206.5223419417693,120.0,311.9571538391706,200.0,144377.35107990197,89325.0,221927.2481776153,147077.0
QQQ,last12m,close5,15:55,16:00,8,705.8699264741052,433.20079501925636,240.0,443.5195707878503,260.0,302873.1354981365,177894.0,308258.99915513326,183349.59999999998
QQQ,last12m,pre,04:00,07:00,8,703.1491892312919,191.3069588040553,140.0,213.84970263019156,180.0,135068.03924827502,101743.6,150174.55691535838,131737.6
QQQ,last12m,pre,07:00,08:00,8,703.0597950687095,211.65745960177023,200.0,228.6358291492942,240.0,148694.3445274742,144429.0,161052.22306480343,173263.2
QQQ,last12m,pre,08:00,09:00,8,703.470436047446,324.9737420138875,200.0,291.80760131336734,260.0,222665.99488675332,147525.0,208095.6858361037,191131.0
QQQ,last12m,pre,09:00,09:30,8,702.7069880849842,402.56197260085156,200.0,478.25830450159685,440.0,279914.62741895084,133380.0,337952.1029347064,324554.0
QQQ,last12m,post,16:00,17:00,8,705.3286400042606,658.3167383311525,500.0,671.0088898138156,700.0,453204.94675557606,371534.0,462366.9022087391,457244.0
QQQ,last12m,post,17:00,18:00,8,705.7114439819834,267.05480047944144,140.0,229.96789787130052,160.0,191723.27273564952,104045.4,162198.69976001186,103244.79999999999
QQQ,last12m,post,18:00,20:00,8,705.8552088937132,468.09589201804476,600.0,447.5808244017049,600.0,325778.3268005008,402960.0,314087.97353285446,409077.0
QQQ,last12m,pre,04:00,09:30,8,703.0967195460775,282.5711113436776,200.0,303.0672837968725,240.0,196548.6616218195,142457.2,214268.61888351318,175381.2
QQQ,last12m,post,16:00,20:00,8,705.6322495519544,464.1778979161049,420.0,449.1635784540521,460.0,323360.6822182963,311300.0,312644.49870935077,324048.0
QQQ,last12m,rth,09:30,16:00,8,704.7095135599084,280.2991212127214,160.0,376.56116655511664,220.0,195167.50795558674,119186.40000000001,263856.7124084607,148837.0
QQQ,last5,rth,09:30,10:00,5,739.9865129258484,193.4647194418694,120.0,349.4612038832187,200.0,143265.95776307627,89316.6,258268.29882646457,147207.0
QQQ,last5,rth,10:00,10:30,5,739.6521697485807,232.2789145911275,140.0,288.6027930659351,160.0,171637.98783081607,103309.8,213563.74390319924,118530.4
QQQ,last5,rth,10:30,11:00,5,740.2209865264879,221.50849778679998,120.0,290.988489010394,160.0,163851.80219956482,89007.0,215370.40391845047,118954.4
QQQ,last5,rth,11:00,11:30,5,740.5060998424527,248.80232098290293,160.0,362.52496645371355,220.0,184191.82748140485,118984.0,268631.39496183506,162842.8
QQQ,last5,rth,11:30,12:00,5,739.8451377012109,235.67297818500106,160.0,371.2635741137984,200.0,174277.41689516857,118306.4,274698.664792131,148583.0
QQQ,last5,rth,12:00,12:30,5,741.5492749797967,242.72242340165465,160.0,297.63073940669545,180.0,179985.08646726047,118644.0,220650.0496745253,133568.0
QQQ,last5,rth,12:30,13:00,5,741.677132623668,240.42292873291848,160.0,369.23837751702257,200.0,178223.35973536508,118592.79999999999,273938.6857238717,148368.0
QQQ,last5,rth,13:00,13:30,5,741.8512200873288,308.3160146339603,160.0,334.2554386526759,200.0,228376.66465055716,119230.4,248169.9012936815,148393.0
QQQ,last5,rth,13:30,14:00,5,742.0366010970686,284.7071580144105,120.0,356.7039880211693,200.0,211272.37378018952,89540.4,264755.41014580574,148463.0
QQQ,last5,rth,14:00,14:30,5,742.1870194540268,270.92583410739826,200.0,456.64731611946536,280.0,200916.2194770974,147690.0,338905.2424480995,208184.2
QQQ,last5,rth,14:30,15:00,5,742.5781936769506,268.2527048593213,200.0,373.8630866949944,240.0,199158.06322173402,148087.0,277710.45042846125,178491.6
QQQ,last5,rth,15:00,15:30,5,742.9743868862531,298.64879201424486,200.0,407.96461771350556,240.0,222025.63225466217,148887.0,303173.320796549,177895.2
QQQ,last5,rth,15:30,16:00,5,743.0875569160978,411.89652581041935,220.0,455.4595982727743,340.0,306105.200386183,163666.4,338644.2183147822,252457.8
QQQ,last5,open5,09:30,09:35,5,738.9297388315582,199.98899391848536,120.0,352.31924458062576,200.0,147735.54742746684,89180.4,260389.30664961613,149100.0
QQQ,last5,close5,15:55,16:00,5,743.1590236251775,400.5543532668147,240.0,402.74365560135493,240.0,297721.0503301006,177943.19999999998,299544.2039904857,178689.59999999998
QQQ,last5,pre,04:00,07:00,5,739.4413560877535,201.24473121969822,120.0,209.71765326681393,240.0,148943.84459854645,89109.6,155284.4555893221,176028.0
QQQ,last5,pre,07:00,08:00,5,739.0341282722798,213.3587062850022,200.0,228.30061138524832,240.0,157715.27983766125,146880.0,168780.51648122363,176275.2
QQQ,last5,pre,08:00,09:00,5,738.5848678487913,282.86608525731606,200.0,325.0812888179385,280.0,208929.87230624902,148258.0,239886.02797596832,207527.59999999998
QQQ,last5,pre,09:00,09:30,5,738.7483780807564,413.8704826414872,200.0,514.462326718233,480.0,305850.5707235753,148900.0,379888.01633196947,352608.0
QQQ,last5,post,16:00,17:00,5,742.6636276354939,561.7758242816965,400.0,582.2791491506488,600.0,417024.1833767231,296428.0,432448.11392720736,444480.0
QQQ,last5,post,17:00,18:00,5,742.9970258013545,318.91847029866506,160.0,249.73223456185255,240.0,237130.36208606156,119289.59999999999,185449.64256897214,178905.6
QQQ,last5,post,18:00,20:00,5,743.3824916868294,399.2480063984524,600.0,423.8467778533959,600.0,296815.44646533264,444216.0,314926.021382798,444696.0
QQQ,last5,pre,04:00,09:30,5,738.9522981245457,277.76695281672966,200.0,319.29297513426667,240.0,205309.62913881376,147569.0,235887.8313006403,178566.0
QQQ,last5,post,16:00,20:00,5,743.0151240568664,426.3605344160393,400.0,418.27160626667035,520.0,316777.607824822,296428.0,310683.0534868753,385522.8
QQQ,last5,rth,09:30,16:00,5,741.3961393412575,265.96223235342745,160.0,362.64459706860094,200.0,197169.57716925323,118744.79999999999,268947.1111097626,148875.0
QQQ,normal18m,rth,09:30,10:00,10,665.4983213770092,222.06540636947557,120.0,315.88462067109424,180.0,144747.32915185625,89316.6,212760.34387320574,130100.4
QQQ,normal18m,rth,10:00,10:30,10,665.71366555159,254.5155996946339,160.0,294.4311524011604,200.0,167142.4771652343,117394.40000000001,195493.69431965426,118530.4
QQQ,normal18m,rth,10:30,11:00,10,666.3245878844098,255.47560330600797,120.0,325.16703671493224,200.0,166718.77150055187,89237.4,213567.74197230604,143700.0
QQQ,normal18m,rth,11:00,11:30,10,666.6342828679961,285.0215489848292,180.0,386.67768187958933,240.0,185420.95748732417,119092.80000000002,256941.1189838902,162842.8
QQQ,normal18m,rth,11:30,12:00,10,666.2475089989751,288.95077162257996,200.0,378.9729825811264,220.0,187483.53475484595,118952.0,251489.97006146834,148208.0
QQQ,normal18m,rth,12:00,12:30,10,666.9722781269991,272.74582614405386,180.0,338.07282479749483,200.0,178929.45815152643,119214.40000000001,220436.26547764876,147929.0
QQQ,normal18m,rth,12:30,13:00,10,667.3106928141056,302.86609259403895,160.0,385.2986485741354,240.0,196012.98953222562,119128.79999999999,256449.04642202402,156948.8
QQQ,normal18m,rth,13:00,13:30,10,667.307052535215,344.25111459213804,200.0,381.4337323907682,260.0,225092.60632402278,141181.2,253450.89456977817,168275.8
QQQ,normal18m,rth,13:30,14:00,10,667.4593939953079,328.3975655995584,180.0,420.6870618149088,260.0,213296.30405463921,104990.20000000001,279086.918249741,157119.0
QQQ,normal18m,rth,14:00,14:30,10,667.362992431234,299.3039043690298,200.0,474.126370038505,260.0,194981.72071281195,147690.0,318368.5140436205,190259.0
QQQ,normal18m,rth,14:30,15:00,10,667.517178216377,334.56002295820355,200.0,448.7443732384289,260.0,214317.42057949194,148127.0,291920.347300854,178491.6
QQQ,normal18m,rth,15:00,15:30,10,667.7104345844137,362.4182132183247,240.0,447.86866195808335,270.0,232726.60059132823,160219.5,292915.4230361194,177758.40000000002
QQQ,normal18m,rth,15:30,16:00,10,667.716389006759,434.45707964070095,240.0,444.0213144278486,320.0,288114.6488265001,146718.0,296346.42036842025,213073.59999999998
QQQ,normal18m,open5,09:30,09:35,10,665.1678701987253,220.31527611152381,120.0,300.99963423077753,200.0,144458.76379413635,89325.0,204803.80942003411,147077.0
QQQ,normal18m,close5,15:55,16:00,10,667.6807683762744,482.75171097693766,240.0,471.4420201923746,260.0,315373.413052627,177894.0,309223.2347894359,183349.59999999998
QQQ,normal18m,pre,04:00,07:00,10,665.455940385573,177.24914698158975,120.0,223.70446997602966,180.0,120713.06395778747,88534.8,148126.49208485807,114251.6
QQQ,normal18m,pre,07:00,08:00,10,665.2931986095163,204.68096856260428,200.0,222.00174846912768,240.0,136873.01309163743,142457.2,148702.2503212048,160678.8
QQQ,normal18m,pre,08:00,09:00,10,665.4912863903493,355.61056769552505,200.0,305.0875050428042,240.0,225932.986049227,147525.0,203041.1886323532,160744.2
QQQ,normal18m,pre,09:00,09:30,10,664.9102774243872,417.54483740520186,200.0,470.40383713439616,340.0,271211.15353437304,133380.0,316638.3451912673,248964.59999999998
QQQ,normal18m,post,16:00,17:00,10,666.9070453789533,673.4597514208923,550.0,654.2025988300264,700.0,439857.9820785702,371534.0,430695.3827892647,450428.0
QQQ,normal18m,post,17:00,18:00,10,667.3736091227308,274.27454293688214,180.0,231.7457032193135,160.0,185581.0034881558,105398.79999999999,154320.44734661275,101521.8
QQQ,normal18m,post,18:00,20:00,10,667.0714516368016,427.30847933056265,600.0,428.3470955144915,600.0,289231.31322758883,365955.6,289467.0389185753,363069.0
QQQ,normal18m,pre,04:00,09:30,10,665.2877943443561,288.7185149733665,200.0,305.23917950289035,240.0,188649.17015692373,117914.0,204086.1303519819,149304.0
QQQ,normal18m,post,16:00,20:00,10,667.1176409742473,458.0695465191406,420.0,437.8190247236702,450.0,304715.6255861603,281414.0,291314.26808694686,291940.0
QQQ,normal18m,rth,09:30,16:00,10,666.9055936878024,306.52685892182234,200.0,387.784862734341,240.0,199604.94006563423,119363.2,256853.84669191347,148998.0
QQQ,since_2026-07-15,rth,09:30,10:00,5,739.9865129258484,193.4647194418694,120.0,349.4612038832187,200.0,143265.95776307627,89316.6,258268.29882646457,147207.0
QQQ,since_2026-07-15,rth,10:00,10:30,5,739.6521697485807,232.2789145911275,140.0,288.6027930659351,160.0,171637.98783081607,103309.8,213563.74390319924,118530.4
QQQ,since_2026-07-15,rth,10:30,11:00,5,740.2209865264879,221.50849778679998,120.0,290.988489010394,160.0,163851.80219956482,89007.0,215370.40391845047,118954.4
QQQ,since_2026-07-15,rth,11:00,11:30,5,740.5060998424527,248.80232098290293,160.0,362.52496645371355,220.0,184191.82748140485,118984.0,268631.39496183506,162842.8
QQQ,since_2026-07-15,rth,11:30,12:00,5,739.8451377012109,235.67297818500106,160.0,371.2635741137984,200.0,174277.41689516857,118306.4,274698.664792131,148583.0
QQQ,since_2026-07-15,rth,12:00,12:30,5,741.5492749797967,242.72242340165465,160.0,297.63073940669545,180.0,179985.08646726047,118644.0,220650.0496745253,133568.0
QQQ,since_2026-07-15,rth,12:30,13:00,5,741.677132623668,240.42292873291848,160.0,369.23837751702257,200.0,178223.35973536508,118592.79999999999,273938.6857238717,148368.0
QQQ,since_2026-07-15,rth,13:00,13:30,5,741.8512200873288,308.3160146339603,160.0,334.2554386526759,200.0,228376.66465055716,119230.4,248169.9012936815,148393.0
QQQ,since_2026-07-15,rth,13:30,14:00,5,742.0366010970686,284.7071580144105,120.0,356.7039880211693,200.0,211272.37378018952,89540.4,264755.41014580574,148463.0
QQQ,since_2026-07-15,rth,14:00,14:30,5,742.1870194540268,270.92583410739826,200.0,456.64731611946536,280.0,200916.2194770974,147690.0,338905.2424480995,208184.2
QQQ,since_2026-07-15,rth,14:30,15:00,5,742.5781936769506,268.2527048593213,200.0,373.8630866949944,240.0,199158.06322173402,148087.0,277710.45042846125,178491.6
QQQ,since_2026-07-15,rth,15:00,15:30,5,742.9743868862531,298.64879201424486,200.0,407.96461771350556,240.0,222025.63225466217,148887.0,303173.320796549,177895.2
QQQ,since_2026-07-15,rth,15:30,16:00,5,743.0875569160978,411.89652581041935,220.0,455.4595982727743,340.0,306105.200386183,163666.4,338644.2183147822,252457.8
QQQ,since_2026-07-15,open5,09:30,09:35,5,738.9297388315582,199.98899391848536,120.0,352.31924458062576,200.0,147735.54742746684,89180.4,260389.30664961613,149100.0
QQQ,since_2026-07-15,close5,15:55,16:00,5,743.1590236251775,400.5543532668147,240.0,402.74365560135493,240.0,297721.0503301006,177943.19999999998,299544.2039904857,178689.59999999998
QQQ,since_2026-07-15,pre,04:00,07:00,5,739.4413560877535,201.24473121969822,120.0,209.71765326681393,240.0,148943.84459854645,89109.6,155284.4555893221,176028.0
QQQ,since_2026-07-15,pre,07:00,08:00,5,739.0341282722798,213.3587062850022,200.0,228.30061138524832,240.0,157715.27983766125,146880.0,168780.51648122363,176275.2
QQQ,since_2026-07-15,pre,08:00,09:00,5,738.5848678487913,282.86608525731606,200.0,325.0812888179385,280.0,208929.87230624902,148258.0,239886.02797596832,207527.59999999998
QQQ,since_2026-07-15,pre,09:00,09:30,5,738.7483780807564,413.8704826414872,200.0,514.462326718233,480.0,305850.5707235753,148900.0,379888.01633196947,352608.0
QQQ,since_2026-07-15,post,16:00,17:00,5,742.6636276354939,561.7758242816965,400.0,582.2791491506488,600.0,417024.1833767231,296428.0,432448.11392720736,444480.0
QQQ,since_2026-07-15,post,17:00,18:00,5,742.9970258013545,318.91847029866506,160.0,249.73223456185255,240.0,237130.36208606156,119289.59999999999,185449.64256897214,178905.6
QQQ,since_2026-07-15,post,18:00,20:00,5,743.3824916868294,399.2480063984524,600.0,423.8467778533959,600.0,296815.44646533264,444216.0,314926.021382798,444696.0
QQQ,since_2026-07-15,pre,04:00,09:30,5,738.9522981245457,277.76695281672966,200.0,319.29297513426667,240.0,205309.62913881376,147569.0,235887.8313006403,178566.0
QQQ,since_2026-07-15,post,16:00,20:00,5,743.0151240568664,426.3605344160393,400.0,418.27160626667035,520.0,316777.607824822,296428.0,310683.0534868753,385522.8
QQQ,since_2026-07-15,rth,09:30,16:00,5,741.3961393412575,265.96223235342745,160.0,362.64459706860094,200.0,197169.57716925323,118744.79999999999,268947.1111097626,148875.0
QQQ,y2022,rth,09:30,10:00,5,312.5056355492832,353.5596000922453,200.0,355.321759724708,200.0,108151.35840697603,58932.0,107854.35347028289,64192.0
QQQ,y2022,rth,10:00,10:30,5,312.0702971944313,400.28188654402385,200.0,351.0559753912056,200.0,121426.38580950338,63944.0,107277.65367719092,68832.0
QQQ,y2022,rth,10:30,11:00,5,312.5522974696196,451.28075456907663,200.0,401.3100569414601,200.0,138533.70853718187,69977.0,121939.38287866392,68620.0
QQQ,y2022,rth,11:00,11:30,5,313.0547055004293,425.4725304367309,200.0,403.4419005389458,200.0,129878.82547352908,71468.0,122989.70721944854,71472.0
QQQ,y2022,rth,11:30,12:00,5,312.74355358003874,404.1881816411657,200.0,434.35496156841424,200.0,123204.55268216062,71607.0,133067.81116027926,69966.0
QQQ,y2022,rth,12:00,12:30,5,312.47025437364186,427.98576208978176,250.0,423.63451760449686,200.0,131794.79278851493,78056.0,129039.46408732345,69744.0
QQQ,y2022,rth,12:30,13:00,5,312.91376761308777,505.2894540792802,400.0,462.00185329320374,300.0,156190.88791564025,143833.0,142330.9131395624,85486.5
QQQ,y2022,rth,13:00,13:30,5,312.5283981492687,412.44806022522994,200.0,508.8604225709506,250.0,126309.40566741592,71604.0,154360.55544277534,78338.5
QQQ,y2022,rth,13:30,14:00,5,312.5444774735547,544.6130523141321,200.0,481.86316239559847,300.0,171458.74778525918,69547.0,147303.09900130238,85020.0
QQQ,y2022,rth,14:00,14:30,5,312.0950436856238,456.551862114216,200.0,436.63560631002724,300.0,143363.58791775792,67245.0,132948.9318706686,85075.5
QQQ,y2022,rth,14:30,15:00,5,312.15590756710986,458.98553382633696,200.0,455.9296559714561,200.0,140378.1738088335,71416.0,139138.95393083728,71417.0
QQQ,y2022,rth,15:00,15:30,5,311.8307128942619,465.5629809707098,200.0,426.8474376316469,200.0,143663.49153848356,69105.0,130000.22628398682,69111.0
QQQ,y2022,rth,15:30,16:00,5,312.29651875966175,464.7364931940944,200.0,384.5619929373639,200.0,142883.15544416977,69290.0,117888.51379222744,69288.0
QQQ,y2022,open5,09:30,09:35,5,311.74711464648163,308.30823075015223,200.0,372.29772334652756,200.0,94983.83856204223,57278.0,113825.23822642208,57276.0
QQQ,y2022,close5,15:55,16:00,5,312.9936204687282,643.8093763881005,400.0,713.8440858256162,400.0,198451.86812510586,118411.99999999999,219545.52322410655,114616.00000000001
QQQ,y2022,pre,04:00,07:00,5,312.1013839222882,902.4595771770588,800.0,924.58948932288,800.0,274979.18773854664,236264.0,286055.48100820807,257616.0
QQQ,y2022,pre,07:00,08:00,5,311.46999090802683,579.7241194458835,300.0,648.2336886586653,300.0,179821.82586857476,87954.0,202208.98653221474,103368.0
QQQ,y2022,pre,08:00,09:00,5,311.65417193416516,797.0674114779121,200.0,852.5812829211569,200.0,244179.27180599168,58916.0,259058.8611514454,58934.0
QQQ,y2022,pre,09:00,09:30,5,311.7271174917947,617.4923246024606,200.0,703.5615841346812,300.0,188859.42100066305,69048.0,224014.55552762802,88389.0
QQQ,y2022,post,16:00,17:00,5,313.2306612694669,1020.703958937274,800.0,859.8207246317575,800.0,312122.27690382925,229567.99999999997,268775.6397503843,229544.0
QQQ,y2022,post,17:00,18:00,5,313.2775337949734,568.0567288224667,100.0,596.8005091678,700.0,171909.82834632104,35942.0,181982.66651392786,233800.0
QQQ,y2022,post,18:00,20:00,5,313.3644708241871,660.1976467062076,600.0,1083.0743785259942,900.0,201828.64777037455,178116.0,345635.527934844,258488.99999999997
QQQ,y2022,pre,04:00,09:30,5,311.7383810174019,724.2774215385887,300.0,782.3169445492705,800.0,221986.89630649865,86884.5,242858.11500649623,223612.0
QQQ,y2022,post,16:00,20:00,5,313.29081040029695,749.6902351885572,500.0,846.2534859153673,800.0,228630.7924351924,167005.0,265359.29094758426,233800.0
QQQ,y2022,rth,09:30,16:00,5,312.4432086660707,443.9206037224539,200.0,425.0669896864914,200.0,136710.890106627,71053.0,129704.25474438621,71382.0
QQQ,y2023,rth,09:30,10:00,5,351.37074901172537,490.8668056420612,300.0,475.89848778324034,300.0,171778.38255905092,112219.5,165184.74354561663,112222.5
QQQ,y2023,rth,10:00,10:30,5,351.0767687543861,647.5612088810001,400.0,594.7064190873372,350.0,224791.76797378843,156044.0,206568.6505240714,122149.0
QQQ,y2023,rth,10:30,11:00,5,351.63404965105155,607.2905284005053,450.0,690.3938688358043,450.0,215497.54413186034,169409.0,237538.819545338,175846.0
QQQ,y2023,rth,11:00,11:30,5,351.633127716627,658.597369349231,400.0,679.6290045586194,800.0,233149.85938631624,149192.0,236359.18104307246,258853.0
QQQ,y2023,rth,11:30,12:00,5,351.7326844373176,678.1364975147168,400.0,611.413688432108,350.0,239317.5231693529,152244.0,212999.20891148603,136783.0
QQQ,y2023,rth,12:00,12:30,5,351.7121427414166,688.4706196024273,650.0,570.8259647452411,400.0,240973.241660938,214558.0,197420.89142023894,137506.0
QQQ,y2023,rth,12:30,13:00,5,351.8429169371165,716.8976947391544,450.0,639.4651597330271,450.0,249444.8612435843,171924.5,226452.59089104988,154373.0
QQQ,y2023,rth,13:00,13:30,5,352.6586477128952,781.0020395221118,700.0,635.9725262027642,450.0,277813.8455940409,235674.0,224022.411007307,173912.0
QQQ,y2023,rth,13:30,14:00,5,351.8816209409089,700.5081211631343,400.0,677.2891165792062,400.0,245512.89138887642,153384.0,240658.40357261823,138926.0
QQQ,y2023,rth,14:00,14:30,5,352.36847063984044,729.1671462247745,500.0,654.2082616252447,400.0,253028.32231373663,195490.0,234021.94148220823,138768.0
QQQ,y2023,rth,14:30,15:00,5,351.6939086693691,642.0086895908559,400.0,660.0451551441107,400.0,225038.82991173817,155894.0,230677.202634195,152844.0
QQQ,y2023,rth,15:00,15:30,5,351.8211615953442,708.7489189424974,450.0,609.3144928774725,400.0,248254.59861942515,170750.5,216924.85370220337,124870.0
QQQ,y2023,rth,15:30,16:00,5,352.11512601873113,865.2465918197149,650.0,826.4648507151251,450.0,306427.0134550364,208046.0,295362.9549525028,172359.5
QQQ,y2023,open5,09:30,09:35,5,350.95362704982153,417.40874415307337,300.0,393.22436389250026,200.0,147121.2848373686,94676.99999999999,137918.32966404123,73954.0
QQQ,y2023,close5,15:55,16:00,5,352.165356114924,1344.876060413467,700.0,1398.7021363808733,1200.0,486163.52678556775,261982.0,496913.5116239435,379332.0
QQQ,y2023,pre,04:00,07:00,5,350.28257062049846,996.6202181631526,800.0,1170.090978884502,800.0,347645.0011908579,295064.0,413356.9473085066,295144.0
QQQ,y2023,pre,07:00,08:00,5,350.30268890078014,1045.146818235095,900.0,1371.5183071625752,1000.0,368782.2214103378,334872.0,487852.2079990333,368340.0
QQQ,y2023,pre,08:00,09:00,5,350.24946782086664,677.5277458716268,400.0,822.2615964789644,800.0,245531.37629286796,126392.0,300864.69297087286,298024.0
QQQ,y2023,pre,09:00,09:30,5,350.23013473418047,1069.5619124715342,900.0,821.5261927454632,500.0,364957.32200665807,315670.0,281639.13750080083,184200.0
QQQ,y2023,post,16:00,17:00,5,351.81961760398104,1016.4468439529078,900.0,1127.3877996464648,900.0,361322.6285155452,333126.0,395330.2046534272,311952.0
QQQ,y2023,post,17:00,18:00,5,352.08465340525646,274.8518388172139,300.0,359.0232983764986,300.0,98099.52951283779,94980.0,127552.10884623676,112376.99999999999
QQQ,y2023,post,18:00,20:00,5,352.1383227580717,743.6516016863351,600.0,698.7333172939128,600.0,256998.16996533214,185646.00000000003,238204.98920488902,222156.0
QQQ,y2023,pre,04:00,09:30,5,350.2662200893029,947.2019861706584,850.0,1046.3789051772555,850.0,331725.7960500585,289736.5,370939.8225615603,289830.5
QQQ,y2023,post,16:00,20:00,5,352.01489398816983,677.1065286127601,600.0,726.9535984535606,600.0,238368.28080280527,224712.0,253188.9298897711,185664.0
QQQ,y2023,rth,09:30,16:00,5,351.810927843236,685.7358777739449,400.0,640.4381586699434,400.0,240850.3067325349,156430.0,224939.90334508588,150088.0
QQQ,y2024,rth,09:30,10:00,5,460.32207127469036,414.84446043900846,300.0,517.8259145668374,400.0,190625.45016853395,127906.5,238175.69199413926,186076.0
QQQ,y2024,rth,10:00,10:30,5,459.9565136212123,407.4524351172609,250.0,503.3024267055049,400.0,186179.53049760268,114047.0,229667.21139796995,181002.0
QQQ,y2024,rth,10:30,11:00,5,460.694129124882,465.40003570497976,300.0,445.292869796375,300.0,211946.46366115453,135844.5,206437.2541543851,128229.0
QQQ,y2024,rth,11:00,11:30,5,461.26037415802097,425.74104929757095,250.0,508.7923312610299,350.0,196119.24354735765,114280.5,234234.3621296347,160745.5
QQQ,y2024,rth,11:30,12:00,5,461.2275498914942,575.2991083137208,500.0,512.2214190704025,350.0,264633.08367112244,226204.0,236888.46756242507,160916.0
QQQ,y2024,rth,12:00,12:30,5,461.2733108142961,539.4981099124527,300.0,520.0892790803262,350.0,248350.61740993857,142506.0,240916.23514042565,157471.5
QQQ,y2024,rth,12:30,13:00,5,461.7628974537919,589.3152660627727,450.0,632.3828695183598,300.0,271951.57197262376,221385.5,298440.70222899277,146214.0
QQQ,y2024,rth,13:00,13:30,5,461.53025736037193,493.44904312544816,300.0,558.6871415577375,500.0,229334.93958627468,127822.5,257951.29030206433,222175.0
QQQ,y2024,rth,13:30,14:00,5,461.85780607636156,483.00956600308245,350.0,601.9045135763967,750.0,223284.17063881902,156888.0,279786.27031732665,320084.0
QQQ,y2024,rth,14:00,14:30,5,461.7154818825034,550.742810660876,400.0,518.4691022344217,550.0,256456.1109655325,177902.5,239869.2191087162,233779.5
QQQ,y2024,rth,14:30,15:00,5,461.83680849714,573.7625974115167,350.0,558.5798717457977,450.0,265584.8594834659,156805.5,260660.92864703195,191327.0
QQQ,y2024,rth,15:00,15:30,5,462.3102295574371,567.1734094552164,500.0,490.80772132772074,300.0,264346.45401596103,240752.0,228223.018226163,136263.0
QQQ,y2024,rth,15:30,16:00,5,461.9545402610249,642.6593672314297,400.0,488.166370055047,350.0,303047.98436578806,177694.5,226119.45699111314,157471.0
QQQ,y2024,open5,09:30,09:35,5,461.85903177956516,498.31706081985783,300.0,389.5957747693203,300.0,230454.69033596784,128858.99999999999,179802.24869784998,127611.0
QQQ,y2024,close5,15:55,16:00,5,462.2310191446533,1070.942923649971,900.0,782.7282459269978,800.0,496585.5360858912,381078.0,360023.5294683127,338720.0
QQQ,y2024,pre,04:00,07:00,5,461.22183801768006,975.0518937993334,800.0,1179.919711262,800.0,450890.0699579222,375584.0,543688.1144764803,400432.0
QQQ,y2024,pre,07:00,08:00,5,461.9188598210088,1103.08430325141,1000.0,1088.590275186703,900.0,506744.35810744565,432171.0,501468.3650355797,432144.0
QQQ,y2024,pre,08:00,09:00,5,462.19362803899065,1056.1922859982062,1000.0,1212.2284897836134,1000.0,493240.35389093444,432324.0,553226.9050121438,453996.0
QQQ,y2024,pre,09:00,09:30,5,462.3243976903327,945.884653126574,800.0,1248.9536689908616,900.0,432412.8557686375,343768.0,568986.3564956432,404992.0
QQQ,y2024,post,16:00,17:00,5,461.89336601776387,792.0378428175104,800.0,776.4271809197356,800.0,362655.36434893915,342184.0,357690.3769978372,342160.0
QQQ,y2024,post,17:00,18:00,5,461.7311215030435,398.3763331283937,200.0,1660.2653512658392,200.0,189654.48333177506,94450.0,708120.8322109862,94454.0
QQQ,y2024,post,18:00,20:00,5,461.9207663193103,843.6344537952198,600.0,699.8770005785087,600.0,390591.1646636511,283734.0,321047.6117861146,256524.0
QQQ,y2024,pre,04:00,09:30,5,461.91464747544063,1020.0507743456698,850.0,1182.419152096878,900.0,470820.2454487628,413700.0,541840.9273812465,429390.5
QQQ,y2024,post,16:00,20:00,5,461.848302717204,677.7491800543489,600.0,1046.0895606125193,600.0,314178.5491721101,256512.0,462516.1444395286,256524.0
QQQ,y2024,rth,09:30,16:00,5,461.3616916673562,517.5598505453812,300.0,527.4258510453807,400.0,239371.50809773416,143853.0,244413.55646361577,170602.0
QQQ,y2025,rth,09:30,10:00,3,549.371902041522,285.1727768292938,140.0,308.5994485589658,140.0,158443.61214277506,86681.79999999999,172502.30667855492,86641.6
QQQ,y2025,rth,10:00,10:30,3,551.2091667521495,338.04178663355754,300.0,359.4191693237689,300.0,191740.79200860485,171441.0,203528.6253877462,171457.5
QQQ,y2025,rth,10:30,11:00,3,551.1029732270054,347.45023140060306,260.0,418.53615025888365,330.0,196245.4294261767,160380.6,235787.44918085716,177731.5
QQQ,y2025,rth,11:00,11:30,3,551.3289479478032,402.75132658928595,300.0,448.1653385580823,360.0,227139.7705538335,171712.5,253828.2309488473,213745.2
QQQ,y2025,rth,11:30,12:00,3,551.5782078717237,427.79228431041497,300.0,457.00225931014404,370.0,243071.22054035138,171829.5,259161.8166932391,222791.1
QQQ,y2025,rth,12:00,12:30,3,551.5803899360866,361.37660931136094,300.0,465.47418516968315,380.0,204538.51860543687,171910.5,261394.7196119635,223903.8
QQQ,y2025,rth,12:30,13:00,3,551.7531451341265,469.20392672332406,400.0,425.6459511184707,400.0,268480.7457338431,229126.0,239322.05626478253,226603.0
QQQ,y2025,rth,13:00,13:30,3,551.2526238231802,486.63474067485146,420.0,434.9894480908606,310.0,275481.1609517774,251491.80000000002,245191.5037355156,185554.0
QQQ,y2025,rth,13:30,14:00,3,551.0236742486436,487.7314996543305,420.0,523.7414878177268,400.0,274573.46559483645,251475.0,299384.6848758871,206028.0
QQQ,y2025,rth,14:00,14:30,3,550.7231932411594,413.46822284390737,400.0,569.7390877453751,550.0,231230.52009563864,226596.8,329065.9892473183,314776.0
QQQ,y2025,rth,14:30,15:00,3,550.8848281192888,512.9817747530248,420.0,653.8925307469668,550.0,282794.4767699944,251533.0,370693.84971693816,274621.0
QQQ,y2025,rth,15:00,15:30,3,551.3342294169165,527.330829397231,440.0,639.7976949743295,600.0,288386.50814726093,251883.19999999998,359066.5749849995,297814.0
QQQ,y2025,rth,15:30,16:00,3,551.0666060625964,551.9648049172572,480.0,506.1427805379511,440.0,314717.7655068977,299486.0,286234.5173195514,274518.19999999995
QQQ,y2025,open5,09:30,09:35,3,549.4773992979794,276.34701791575065,200.0,262.78818621861365,160.0,153931.02021916,123868.0,147430.69771339456,99185.59999999999
QQQ,y2025,close5,15:55,16:00,3,550.6816176878331,709.0354336004272,600.0,626.1851398264101,480.0,402413.8992648017,374070.0,356576.9894976231,299304.0
QQQ,y2025,pre,04:00,07:00,3,550.8231248746065,117.74514503717778,100.0,248.03304625715555,120.0,65291.26396644532,49843.2,138539.09110288226,74778.0
QQQ,y2025,pre,07:00,08:00,3,550.4910405199918,164.31082418589276,100.0,227.96299320214084,200.0,88670.91299327978,57004.99999999999,127043.45063247845,113988.00000000001
QQQ,y2025,pre,08:00,09:00,3,550.3156615259712,444.66633193729086,120.0,275.3757119524187,200.0,237867.81741364376,74839.2,144707.3500435017,91444.0
QQQ,y2025,pre,09:00,09:30,3,549.0187847815391,485.8329440695196,400.0,467.0669848988202,200.0,261385.16882577413,183176.0,262322.9310375473,114014.00000000001
QQQ,y2025,post,16:00,17:00,3,550.3797312488745,799.1923345046025,800.0,684.0947594996804,800.0,451049.20261337655,456384.0,385429.5157836551,456376.0
QQQ,y2025,post,17:00,18:00,3,550.4195361527135,221.79783304086763,200.0,222.99233334684078,100.0,119615.28737613889,91508.0,121606.29292256813,49859.2
QQQ,y2025,post,18:00,20:00,3,549.1200532908066,413.5162610164183,600.0,366.1274200477966,600.0,243378.41446863007,342432.0,209531.9789735854,342480.0
QQQ,y2025,pre,04:00,09:30,3,550.1624801122216,303.08638695180724,110.0,304.56330681910043,200.0,163275.65004118855,65898.5,168126.3285788098,102776.0
QQQ,y2025,post,16:00,20:00,3,549.973021813452,478.1013555904619,500.0,424.3502739702791,500.0,271309.87186377373,228680.0,238825.13088107068,228700.0
QQQ,y2025,rth,09:30,16:00,3,551.0930674322838,431.6491264719238,360.0,477.75187144258365,400.0,242814.7790782794,198513.6,270381.30114323355,223867.8
QQQ,y2026,rth,09:30,10:00,7,715.2232477780761,195.04305116868656,120.0,319.00410587668,200.0,138882.62870221876,89316.6,229998.69452597297,141104.4
QQQ,y2026,rth,10:00,10:30,7,714.7628333373297,218.73630717228312,140.0,266.59287373507266,160.0,156605.53857636524,103309.8,192051.84979618277,118163.2
QQQ,y2026,rth,10:30,11:00,7,715.6875812461186,216.07203332845984,120.0,285.1660443163891,200.0,154069.0249793821,89007.0,204048.42337313443,141706.8
QQQ,y2026,rth,11:00,11:30,7,716.0287518870426,234.58849784693072,160.0,360.33761569824804,240.0,167549.46332834734,118984.0,258274.61714087587,148890.0
QQQ,y2026,rth,11:30,12:00,7,715.3550657599038,229.49137492210855,160.0,345.5566532033781,200.0,163677.90056953704,118741.6,248204.47306944657,147691.0
QQQ,y2026,rth,12:00,12:30,7,716.3679926488418,234.8057167324081,160.0,283.5362249957197,180.0,167967.00785119776,119176.0,202903.21233679625,130292.0
QQQ,y2026,rth,12:30,13:00,7,716.755483936484,231.6934203680062,160.0,368.0348351174772,200.0,165005.46868711855,118592.79999999999,263777.34706427244,148368.0
QQQ,y2026,rth,13:00,13:30,7,716.9151791149052,283.3884226296209,160.0,358.5410366703114,240.0,203553.73164355956,119230.4,256981.41822600074,156898.8
QQQ,y2026,rth,13:30,14:00,7,717.3399300213034,260.1396284727484,120.0,376.5390115425684,200.0,187045.44503623116,89540.4,270391.4467771928,149029.0
QQQ,y2026,rth,14:00,14:30,7,717.3336735253226,250.3937657161376,200.0,433.1640856531966,240.0,179452.0541103256,141354.0,313785.514710393,161277.8
QQQ,y2026,rth,14:30,15:00,7,717.4160329263071,258.2257892529764,200.0,360.9757730429679,240.0,185020.86027723236,130130.79999999999,258218.65519930175,171201.0
QQQ,y2026,rth,15:00,15:30,7,717.4802544522606,291.8911566834739,200.0,365.7876782477088,220.0,208922.9066237109,148257.0,264625.0099589123,163591.6
QQQ,y2026,rth,15:30,16:00,7,717.6583677113342,384.14778488449895,220.0,417.4248745608939,280.0,276724.89521363896,142514.8,300675.69071923674,183181.59999999998
QQQ,y2026,open5,09:30,09:35,7,714.6939766267731,196.32856410024863,120.0,317.3576300647114,200.0,140403.77139790045,89180.4,229364.7504756641,148578.0
QQQ,y2026,close5,15:55,16:00,7,717.6558445492667,386.0967676865299,240.0,405.3449661073367,240.0,278194.89591816504,177844.8,288996.5281450378,178689.59999999998
QQQ,y2026,pre,04:00,07:00,7,714.588211867059,202.75289793402123,160.0,213.27710492114304,200.0,144467.16012152293,114377.6,152235.70623744285,149064.0
QQQ,y2026,pre,07:00,08:00,7,714.4947604322256,221.98268298502444,200.0,219.44689622459993,240.0,157531.32341821116,145582.0,157984.7132088758,174712.80000000002
QQQ,y2026,pre,08:00,09:00,7,714.8796715300232,317.42262308085986,200.0,317.82819980409744,280.0,220815.21873781065,148258.0,228055.28419549201,207527.59999999998
QQQ,y2026,pre,09:00,09:30,7,714.6027759456496,388.26394230193387,200.0,471.8346283081112,400.0,275424.3854072834,117859.99999999999,339927.96357450285,296500.0
QQQ,y2026,post,16:00,17:00,7,717.0800146350183,619.323285025532,400.0,641.3319815891475,600.0,435039.39711398515,296428.0,450185.4308571911,444480.0
QQQ,y2026,post,17:00,18:00,7,717.4967812367042,296.76456055916117,160.0,235.4971472994841,200.0,213852.02354191465,119289.59999999999,168340.79867871097,117535.99999999999
QQQ,y2026,post,18:00,20:00,7,717.6231021412955,433.21955295643954,600.0,455.0132252323354,600.0,308882.96420574374,431820.0,323725.63415406016,444072.0
QQQ,y2026,pre,04:00,09:30,7,714.6413391515486,282.5590927976131,200.0,305.5289221455564,240.0,199526.64893125393,144429.0,219501.88578255114,176151.6
QQQ,y2026,post,16:00,20:00,7,717.4005268993856,449.47113903253813,400.0,443.6003202073091,400.0,319054.63420387916,296428.0,313844.5841811863,296040.0
QQQ,y2026,rth,09:30,16:00,7,716.4863289544795,252.9605114467598,160.0,349.2689043512499,200.0,181106.28833710751,118856.0,251062.58075835503,148088.0
SPY,last12m,rth,09:30,10:00,13,739.1206549117607,281.80519954604335,200.0,328.1722215504381,240.0,207707.33044108495,154537.0,242368.43182641512,174778.8
SPY,last12m,rth,10:00,10:30,13,739.1111586075112,311.83135891342465,240.0,389.2712975404181,240.0,230580.67509339453,164611.2,287010.4879318727,170635.19999999998
SPY,last12m,rth,10:30,11:00,13,738.8463984894585,302.2649393286211,240.0,329.2740415306292,220.0,223400.83736896524,160942.8,244142.0838866664,156382.8
SPY,last12m,rth,11:00,11:30,13,738.5409357225618,318.26293986050405,260.0,299.672915296533,240.0,234348.2442301309,184323.2,221332.37403860837,157614.0
SPY,last12m,rth,11:30,12:00,13,738.223108915955,305.57587249225077,240.0,337.33291708852533,240.0,224440.2064772144,184161.0,249159.45537537994,172597.2
SPY,last12m,rth,12:00,12:30,13,738.5702377602341,300.77139222248525,240.0,342.24698628851087,240.0,221686.53508150953,161242.8,253536.97371757356,174910.8
SPY,last12m,rth,12:30,13:00,13,738.6710416585463,327.37395294498884,240.0,322.2302898832953,200.0,240819.7697104844,184170.2,238024.46543627183,154603.0
SPY,last12m,rth,13:00,13:30,13,738.6209885956208,295.74951772140673,240.0,300.43162815864923,200.0,217314.78329740584,166845.6,221777.4425636441,153694.0
SPY,last12m,rth,13:30,14:00,13,738.9863195759643,328.90329508104656,240.0,379.0337800017058,240.0,240784.15335261516,180451.2,281185.74793722905,161529.6
SPY,last12m,rth,14:00,14:30,13,739.0910248162432,341.81784461064416,240.0,330.02601422293895,220.0,252108.88426699376,182355.6,243936.26207617664,156342.40000000002
SPY,last12m,rth,14:30,15:00,13,739.0769084077886,340.89497541868974,240.0,374.1928777775016,240.0,250747.93243130815,185121.59999999998,274603.9374244943,185102.4
SPY,last12m,rth,15:00,15:30,13,739.030627942717,386.84830600655056,280.0,433.4417780703924,280.0,285148.09461725596,185798.40000000002,320793.6286269685,208882.8
SPY,last12m,rth,15:30,16:00,13,738.797688825348,485.0382793390805,280.0,464.96051504824896,320.0,355813.0509366802,216841.8,339849.6847426789,240688.0
SPY,last12m,open5,09:30,09:35,13,739.3508296272976,308.3375016359464,200.0,334.4840920569713,240.0,228028.68033350614,154714.0,247324.4404938448,158292.0
SPY,last12m,close5,15:55,16:00,13,738.5169374375938,609.9310477280508,400.0,546.304370924671,320.0,448103.74750323646,277300.8,401392.7027646982,247196.8
SPY,last12m,pre,04:00,07:00,13,739.5592215509361,257.4526674356813,160.0,232.56820669150682,160.0,190563.92689642534,123907.2,172008.33482007126,123763.2
SPY,last12m,pre,07:00,08:00,13,739.8394931376188,239.96672806841332,160.0,252.7509603059319,200.0,177373.15680352456,120808.0,186823.55081263222,154844.0
SPY,last12m,pre,08:00,09:00,13,739.8743132731138,252.3257746673956,160.0,294.1551778477445,200.0,185974.5443491778,113788.79999999999,215944.97240841994,136718.0
SPY,last12m,pre,09:00,09:30,13,739.13899826932,342.43478447294274,160.0,357.27218861409733,240.0,252584.59393742145,123860.8,263585.9003340883,185407.19999999998
SPY,last12m,post,16:00,17:00,13,737.9258744058019,537.0476589689557,360.0,688.7084644241341,560.0,392669.9754587287,278406.0,509318.52526070666,429923.2
SPY,last12m,post,17:00,18:00,13,738.135611584917,744.841639748746,160.0,614.0960790128931,200.0,543028.5875545477,122628.79999999999,452709.83906943834,131276.0
SPY,last12m,post,18:00,20:00,13,738.2177549106082,317.51029444266743,440.0,509.8438684224189,480.0,234278.17730498593,301941.2,378617.7949309186,328339.19999999995
SPY,last12m,pre,04:00,09:30,13,739.6038712166267,272.9144370772255,160.0,284.04712234601976,180.0,201528.20779516728,122457.6,209487.70456586787,130327.8
SPY,last12m,post,16:00,20:00,13,738.0940612474374,533.2122630368689,280.0,603.7354945478609,440.0,390050.27279602713,191508.80000000002,446526.17058474704,309448.0
SPY,last12m,rth,09:30,16:00,13,738.8220780769047,332.84553230723265,240.0,356.1684093856886,240.0,244984.16027143996,180471.6,262896.2639132406,169713.6
SPY,last5,rth,09:30,10:00,4,769.481337391324,296.65664305718894,220.0,372.9445259569581,240.0,228242.97885442537,170100.8,286813.3775658028,184662.0
SPY,last5,rth,10:00,10:30,4,769.2353275893363,328.13369033833686,260.0,386.14784429993136,280.0,252306.18049445306,199544.6,296794.08319763717,215345.2
SPY,last5,rth,10:30,11:00,4,769.5901442136292,321.7394072768399,260.0,340.4779212691963,240.0,247785.05908950945,199950.0,261864.40607749744,184611.4
SPY,last5,rth,11:00,11:30,4,769.274241967852,311.22014004226793,280.0,306.7975247136425,220.0,239397.62978953094,214005.40000000002,236022.1047090788,169053.8
SPY,last5,rth,11:30,12:00,4,768.9043906873374,316.53251367327556,280.0,405.68854733035204,240.0,243411.65342843824,213929.8,312279.70221457124,184976.4
SPY,last5,rth,12:00,12:30,4,770.0191620871847,294.5068311136698,200.0,446.19641048456896,240.0,226792.22698025947,154502.0,343750.4500656467,185600.40000000002
SPY,last5,rth,12:30,13:00,4,770.131294440258,321.82956237517527,240.0,361.1980354000772,200.0,247827.7306965468,184254.0,278266.8507906875,154603.0
SPY,last5,rth,13:00,13:30,4,770.1781077962186,260.6450014590287,180.0,350.668435076846,200.0,200826.67726414892,138491.0,270321.41450274474,153998.0
SPY,last5,rth,13:30,14:00,4,770.4244479356785,286.45264405007214,220.0,517.1886899874372,220.0,220764.84873163485,169270.2,398966.21689042496,169381.59999999998
SPY,last5,rth,14:00,14:30,4,770.5163111488935,302.54806357080133,220.0,396.5918968067622,220.0,233279.75975548185,169531.0,305770.38542858,170320.0
SPY,last5,rth,14:30,15:00,4,770.8692986069556,367.3874918281632,260.0,385.83100115117895,280.0,283181.43860544276,200311.2,297746.62057193875,215752.0
SPY,last5,rth,15:00,15:30,4,770.9352084785498,390.1174994032878,240.0,516.8140049249942,320.0,301132.85507663,185798.40000000002,398494.6140720636,245672.0
SPY,last5,rth,15:30,16:00,4,770.9913982957634,424.62529799407633,280.0,449.0791556618596,340.0,327333.5700825654,215875.8,346253.17780858645,262149.8
SPY,last5,open5,09:30,09:35,4,769.516913615623,300.5902152857918,220.0,383.91342291615075,220.0,231282.08110938282,169349.8,295329.6750839548,170168.0
SPY,last5,close5,15:55,16:00,4,770.6186943864856,618.106709288958,400.0,483.4845911527711,300.0,476709.5843031829,308292.6,372616.8125892638,230234.2
SPY,last5,pre,04:00,07:00,4,769.6212327186598,240.7527513869402,160.0,226.04762880553852,160.0,185375.9472881735,123889.6,173842.24446073308,123878.2
SPY,last5,pre,07:00,08:00,4,769.4390743010543,204.7403895813082,140.0,215.3478888542272,180.0,157525.42761164453,107708.6,165566.75172267627,138753.2
SPY,last5,pre,08:00,09:00,4,769.3219092480373,210.42733045616228,140.0,249.9088605344025,240.0,161826.510063371,107631.0,192095.6015613233,185061.4
SPY,last5,pre,09:00,09:30,4,769.3041306943268,339.92074865449973,160.0,366.96726620832,320.0,261711.39082710564,123060.0,282149.5712251026,247104.0
SPY,last5,post,16:00,17:00,4,770.2773646899362,524.4478574609324,280.0,666.8984818046083,580.0,403871.183414306,215878.0,513715.96887492226,444968.60000000003
SPY,last5,post,17:00,18:00,4,770.1897553510082,363.1622798701333,100.0,369.0126482929391,140.0,279299.26305506163,76776.79999999999,285005.48379611224,107705.2
SPY,last5,post,18:00,20:00,4,770.2785831726018,324.7092477396158,320.0,667.5385691554326,440.0,250148.19011037383,245860.8,514851.80509456637,340402.4
SPY,last5,pre,04:00,09:30,4,769.4219931009904,248.65084218410598,160.0,264.21581086152867,200.0,191371.33164789248,123137.6,203142.81436098984,154078.0
SPY,last5,post,16:00,20:00,4,770.2482485119023,402.77213072382585,180.0,566.7181978567975,300.0,310077.64567181625,138571.0,437016.8303417892,232073.0
SPY,last5,rth,09:30,16:00,4,770.0424339296121,324.8009756583474,240.0,402.742002127766,240.0,250176.6671078678,185449.19999999998,310258.538827684,185587.2
SPY,normal18m,rth,09:30,10:00,15,719.5327804688196,302.5229583320771,200.0,369.05128195368127,240.0,215787.5244288798,154537.0,262000.235821883,174778.8
SPY,normal18m,rth,10:00,10:30,15,719.6702163578685,329.35697970750186,240.0,406.5608060526596,240.0,236134.80330346912,164611.2,290450.81927803357,170635.19999999998
SPY,normal18m,rth,10:30,11:00,15,719.3465872264958,325.86711452897,240.0,351.20465311046604,220.0,232187.2482668049,163855.2,252286.18926000645,156382.8
SPY,normal18m,rth,11:00,11:30,15,719.1491847489301,328.22986061701806,260.0,341.9141236406524,240.0,234915.80614106805,184323.2,241955.76964257966,163809.90000000002
SPY,normal18m,rth,11:30,12:00,15,718.8145993005558,329.05321519439724,240.0,364.60463551071643,240.0,233296.58255016344,184689.6,260215.43531636623,172597.2
SPY,normal18m,rth,12:00,12:30,15,719.1762737946976,321.4139695507267,240.0,377.8857296622036,240.0,229206.53745129798,161242.8,269042.20090982417,180099.6
SPY,normal18m,rth,12:30,13:00,15,719.2223607005037,347.29970240858614,240.0,361.0663547584798,200.0,247063.06154833754,184170.2,256540.15515233323,154603.0
SPY,normal18m,rth,13:00,13:30,15,719.10388438363,317.7519964521226,240.0,339.86319708377175,220.0,225780.3352598773,166845.6,240487.05067911666,156211.8
SPY,normal18m,rth,13:30,14:00,15,719.3234647001536,354.4662095086273,240.0,408.7739102153573,240.0,251225.1124237839,180451.2,292543.25632229995,167151.6
SPY,normal18m,rth,14:00,14:30,15,719.3366019375038,366.4064993742538,240.0,368.0126870083098,240.0,261132.72676980545,182355.6,261459.42860911056,157903.2
SPY,normal18m,rth,14:30,15:00,15,719.3393649545047,363.8570835397157,240.0,409.2700629069424,280.0,258879.51559225676,185121.59999999998,289842.32830897317,185102.4
SPY,normal18m,rth,15:00,15:30,15,719.3229776173342,411.4777785811118,280.0,461.70498221238853,280.0,293581.1142077965,191854.40000000002,330633.80824928475,208882.8
SPY,normal18m,rth,15:30,16:00,15,719.060377784245,551.0874327713736,310.0,490.6784273560005,320.0,386542.64742299897,216841.8,347911.7613939367,240688.0
SPY,normal18m,open5,09:30,09:35,15,719.7084625414122,321.57882625878904,200.0,348.7593944014767,240.0,231097.87267737827,154714.0,249541.78177647156,158292.0
SPY,normal18m,close5,15:55,16:00,15,718.7904632003049,682.2619483906051,400.0,583.4288749449012,360.0,480278.84376199974,277300.8,414299.0519565699,247196.8
SPY,normal18m,pre,04:00,07:00,15,719.87559348453,265.80603991985134,200.0,233.53517132138015,160.0,191422.62732633288,123907.2,167847.75459963677,123763.2
SPY,normal18m,pre,07:00,08:00,15,720.098899187579,246.97339254822327,160.0,238.97398646143662,160.0,176371.98770107643,120808.0,173800.43608412085,122662.4
SPY,normal18m,pre,08:00,09:00,15,719.9843407358067,292.4022889977242,160.0,326.0907904370313,200.0,204357.67113211943,120764.79999999999,228878.29799438966,153330.0
SPY,normal18m,pre,09:00,09:30,15,719.2629971917037,365.17366523691595,200.0,379.0141278420332,240.0,259795.32761700518,123860.8,269161.79914378095,161619.0
SPY,normal18m,post,16:00,17:00,15,717.8949981718584,572.0945689791366,400.0,687.328664305837,560.0,404614.00319297786,278406.0,495519.01475767104,429923.2
SPY,normal18m,post,17:00,18:00,15,718.4286600145023,681.0271930689023,160.0,583.3811966754207,200.0,492050.1499679246,112996.8,421422.00397697574,131276.0
SPY,normal18m,post,18:00,20:00,15,718.2417144082957,311.05147757106243,400.0,486.2278066645755,480.0,225144.05934648876,257280.00000000003,355266.9181043604,321610.0
SPY,normal18m,pre,04:00,09:30,15,719.8063103791947,292.47384882291334,160.0,294.267787065763,200.0,207904.95350243346,123137.6,209827.0234286254,128752.0
SPY,normal18m,post,16:00,20:00,15,718.1900169393012,521.2050790483337,280.0,585.139143105325,440.0,373832.4611232886,191508.80000000002,423712.79764690535,301840.0
SPY,normal18m,rth,09:30,16:00,15,719.2614515419865,357.588575673495,240.0,388.50298358158494,240.0,254279.90366837557,183736.0,276564.03861291875,177874.8
SPY,since_2026-07-15,rth,09:30,10:00,6,770.5536666861366,285.78295910968575,200.0,348.18791241900897,220.0,220167.86042619307,154729.0,268133.3556014611,169172.8
SPY,since_2026-07-15,rth,10:00,10:30,6,770.3217373149666,326.7713623059332,260.0,386.77460668245874,300.0,251634.45613368708,199736.6,297783.0450381067,230470.0
SPY,since_2026-07-15,rth,10:30,11:00,6,770.4792237263325,318.65993741400297,240.0,379.37548779971445,280.0,245605.41920135805,185302.8,292299.86877869413,215052.59999999998
SPY,since_2026-07-15,rth,11:00,11:30,6,770.0634355090713,320.5593627161951,280.0,320.2627950388649,220.0,246880.89064321105,214005.40000000002,246600.41406843075,169105.8
SPY,since_2026-07-15,rth,11:30,12:00,6,769.9256812189165,297.55649881467775,260.0,371.43895697768164,240.0,229110.17859488254,199847.0,286068.4105187079,184976.4
SPY,since_2026-07-15,rth,12:00,12:30,6,770.6856192077037,329.7747815010182,220.0,401.18051956675816,240.0,254180.56672994248,169747.0,309210.5516157377,185247.6
SPY,since_2026-07-15,rth,12:30,13:00,6,770.6997143636646,323.97498916419386,240.0,358.42362215045586,200.0,249690.1657964744,184254.0,276263.22343399737,154603.0
SPY,since_2026-07-15,rth,13:00,13:30,6,770.6555467223832,291.1454582347796,220.0,316.6481821761401,200.0,224444.68845309564,169695.59999999998,244137.19664010176,153694.0
SPY,since_2026-07-15,rth,13:30,14:00,6,770.6924201930146,291.1460693176594,220.0,454.84361284262957,220.0,224436.30622280636,169270.2,350801.9186945691,169381.59999999998
SPY,since_2026-07-15,rth,14:00,14:30,6,770.7763729015494,361.5597780897687,240.0,352.70801694318357,200.0,278847.55127193325,185504.40000000002,271945.0749727499,154686.0
SPY,since_2026-07-15,rth,14:30,15:00,6,771.0334221970971,356.0407491275304,240.0,362.264029353021,240.0,274505.20994265546,185622.0,279511.57525534456,185451.6
SPY,since_2026-07-15,rth,15:00,15:30,6,771.1211039623906,394.75711643138817,260.0,485.79832726502815,300.0,304632.0156990614,200391.6,374623.1442244567,231220.8
SPY,since_2026-07-15,rth,15:30,16:00,6,771.1613948944228,430.34280519517654,280.0,425.8685225750334,300.0,331825.942292467,215875.8,328350.87109634065,232373.4
SPY,since_2026-07-15,open5,09:30,09:35,6,770.6326794101575,332.1635942266144,220.0,345.41115811853655,180.0,256019.96541457117,170061.8,266036.4202076773,139295.4
SPY,since_2026-07-15,close5,15:55,16:00,6,770.8678291785296,568.7634395587473,360.0,532.8987210556661,320.0,438621.5678085095,276795.0,410769.44382528955,246395.2
SPY,since_2026-07-15,pre,04:00,07:00,6,771.0920769639184,272.6373472676619,200.0,208.94758234100507,160.0,210368.20495758925,154900.8,160982.30786910234,123850.4
SPY,since_2026-07-15,pre,07:00,08:00,6,770.843524973447,257.7864315788408,160.0,248.7353735638285,180.0,198859.26867541755,123263.20000000001,191739.12244892566,138753.2
SPY,since_2026-07-15,pre,08:00,09:00,6,770.6183183660808,241.48517943406858,120.0,239.78761341472818,220.0,186140.59439233821,92793.0,184650.5641361737,169408.2
SPY,since_2026-07-15,pre,09:00,09:30,6,770.2431350972189,355.79276097853943,200.0,365.7704240526292,360.0,274211.1970412027,153898.4,281622.05008730787,277842.0
SPY,since_2026-07-15,post,16:00,17:00,6,770.6123136673559,507.144385035815,220.0,735.4224948546238,600.0,390605.06301005365,169647.0,566866.6161203535,460932.0
SPY,since_2026-07-15,post,17:00,18:00,6,770.5811863251054,386.8090379318545,120.0,599.2015520067828,140.0,298002.0698595779,92102.79999999999,462855.66439219436,107705.2
SPY,since_2026-07-15,post,18:00,20:00,6,770.5683375072467,305.8452599613916,320.0,616.8922886060307,440.0,235752.58324671077,245860.8,475708.4454805732,340100.0
SPY,since_2026-07-15,pre,04:00,09:30,6,770.7003049580693,281.76166026961374,160.0,265.58947714618665,200.0,217268.8710232788,123865.6,204578.76449867527,154078.0
SPY,since_2026-07-15,post,16:00,20:00,6,770.5870448787155,398.929533782184,200.0,649.7107669461768,360.0,307347.9512765168,153958.0,501201.4254087233,277884.0
SPY,since_2026-07-15,rth,09:30,16:00,6,770.6284477006312,332.92851432795794,240.0,381.8297986350978,240.0,256612.34235927794,185506.8,294287.60302599415,184784.4
SPY,stress,rth,09:30,10:00,4,737.4409740868849,264.71012850258046,200.0,315.12697515141605,200.0,194550.3311397684,152182.0,231335.67885398306,150413.0
SPY,stress,rth,10:00,10:30,4,736.1643336564579,263.60380737933883,220.0,295.924542651218,200.0,193208.4452337344,166789.40000000002,217066.4067130065,151950.0
SPY,stress,rth,10:30,11:00,4,736.4887932341471,281.5139153073444,220.0,283.0993302562524,220.0,207063.93396282813,166902.8,208705.2235992318,167313.8
SPY,stress,rth,11:00,11:30,4,735.6720593025785,324.72356680992226,240.0,297.7005637899517,220.0,237752.54150692467,171663.2,218023.35439269044,167318.4
SPY,stress,rth,11:30,12:00,4,734.3426039971085,359.38048382678477,260.0,259.38457122510533,200.0,264699.1636688868,187111.0,189369.43933466016,151792.0
SPY,stress,rth,12:00,12:30,4,733.2611507638466,399.5731393041393,320.0,248.30176820709434,220.0,294871.2836592861,226729.59999999998,180931.44695338517,166947.0
SPY,stress,rth,12:30,13:00,4,732.5628488820508,300.54047888932837,240.0,252.0143905967067,200.0,218463.42910322302,181285.8,183554.10040706277,151501.0
SPY,stress,rth,13:00,13:30,4,733.8595970814429,280.50594954793286,240.0,292.5912324997174,180.0,203976.23067704146,180695.2,213211.9113963283,137290.80000000002
SPY,stress,rth,13:30,14:00,4,734.4647125872536,277.0348022059179,200.0,342.70767326386607,220.0,201012.721014242,151584.0,254757.5576207152,155152.2
SPY,stress,rth,14:00,14:30,4,734.3109761107088,316.2197787282517,240.0,363.2853452147758,220.0,229662.50046452528,181629.59999999998,268356.50576478336,167282.8
SPY,stress,rth,14:30,15:00,4,733.8937134526773,338.11605661327667,220.0,292.25622210731603,220.0,244384.00369331954,165835.59999999998,214346.5144867443,155727.6
SPY,stress,rth,15:00,15:30,4,733.2786237996515,345.56789588461015,220.0,380.0079285472892,280.0,250474.0547982462,166074.0,277656.80325397593,210910.0
SPY,stress,rth,15:30,16:00,4,733.3716912411968,373.2195401264366,200.0,378.17018491262195,220.0,268929.90904482285,150887.0,274190.0100293263,166241.0
SPY,stress,open5,09:30,09:35,4,736.7044032988694,276.8423630069409,200.0,314.85585889694886,200.0,202952.81728530108,151975.0,231219.09276881386,152062.0
SPY,stress,close5,15:55,16:00,4,734.5446164892546,463.92782983819137,260.0,543.4489717832021,360.0,336453.4627374222,195883.8,397726.70567805,268437.39999999997
SPY,stress,pre,04:00,07:00,4,736.6806363839451,188.51967346076108,140.0,317.8414938026836,260.0,139418.21654507343,106549.0,234906.8682496543,196887.4
SPY,stress,pre,07:00,08:00,4,736.797762295301,296.98289611783065,200.0,259.52018197340965,280.0,222631.96284461967,149391.2,193109.00674081352,211075.2
SPY,stress,pre,08:00,09:00,4,736.4168256372267,221.2488131092446,180.0,281.0836608388731,260.0,163349.35029096174,135249.6,208935.03641210627,197727.4
SPY,stress,pre,09:00,09:30,4,736.129269618025,377.71307946587723,420.0,337.32905548493665,240.0,276585.42846734344,297223.2,247603.51408825198,170596.8
SPY,stress,post,16:00,17:00,4,732.5846337339302,591.9720957929338,500.0,632.2472308928661,540.0,431300.9263590435,377091.19999999995,459244.47450960614,407208.0
SPY,stress,post,17:00,18:00,4,733.1266809610306,507.1272022473436,140.0,276.45459981482037,240.0,381568.38295147254,103050.0,202988.48012960382,171240.0
SPY,stress,post,18:00,20:00,4,732.5836876036168,288.8363698034902,200.0,605.3211904139428,320.0,213094.61484683774,146039.0,444998.0542377066,237917.6
SPY,stress,pre,04:00,09:30,4,736.5064395804601,271.04976516396334,180.0,298.9200682162116,260.0,200449.34312294048,135730.0,221122.3555301279,187701.0
SPY,stress,post,16:00,20:00,4,732.7655638842073,462.24139303389967,240.0,504.27604355729164,380.0,341709.08877518814,179862.6,368795.49102169543,284188.2
SPY,stress,rth,09:30,16:00,4,734.5475148792182,317.26922090427496,240.0,307.7373754336838,200.0,231453.46628431045,177374.4,225501.57543727968,152134.0
SPY,y2022,rth,09:30,10:00,5,413.2974829061267,308.95572993172624,200.0,363.8719618444438,200.0,127668.85927115715,84851.0,150383.49805647903,89331.0
SPY,y2022,rth,10:00,10:30,5,412.91520469340935,329.56039435364744,200.0,345.8478575263631,200.0,135767.5400684951,89323.0,143474.73844246616,89518.0
SPY,y2022,rth,10:30,11:00,5,412.9249055289273,396.73276653818294,200.0,354.37102727890095,200.0,163534.36654250024,89514.0,146306.1928634187,89599.0
SPY,y2022,rth,11:00,11:30,5,413.38567505935816,394.77726953949883,200.0,333.87572973821847,200.0,162730.8802238867,89677.0,138781.12243035965,89462.0
SPY,y2022,rth,11:30,12:00,5,413.1729723823006,351.3530296768335,200.0,355.52600411694465,250.0,144994.1475921014,89540.0,148097.9809278334,103776.0
SPY,y2022,rth,12:00,12:30,5,412.94285282616516,416.7472670136512,250.0,393.74590483018403,300.0,171884.55368632358,103556.5,163629.1799603886,119344.50000000001
SPY,y2022,rth,12:30,13:00,5,413.18510470845644,448.985241755115,250.0,427.7988426691768,300.0,188393.3199053238,103515.5,176609.610461882,126799.5
SPY,y2022,rth,13:00,13:30,5,412.88764702658113,405.90401295598184,300.0,461.1645913481596,300.0,169743.66820257928,115810.5,189508.23233433554,135001.5
SPY,y2022,rth,13:30,14:00,5,412.97979618188606,399.48750414325167,250.0,444.3872461427725,300.0,164369.93671875322,100747.5,182540.8342051457,118335.0
SPY,y2022,rth,14:00,14:30,5,412.67273374511245,378.3069878305805,200.0,323.41270892411666,200.0,157743.4068803361,88180.0,133153.7957987675,89043.0
SPY,y2022,rth,14:30,15:00,5,412.51935666070875,386.73918545233016,200.0,423.4304074959753,250.0,160156.26047776346,87893.0,175792.31736987544,103868.0
SPY,y2022,rth,15:00,15:30,5,412.240585530085,372.6432875798245,200.0,416.9543497681807,250.0,154119.74751711593,88716.0,172038.68627072417,101856.5
SPY,y2022,rth,15:30,16:00,5,412.71077971342385,556.1092338437774,200.0,614.8464838419778,250.0,230810.6581480455,87670.0,255305.3035844909,109458.0
SPY,y2022,open5,09:30,09:35,5,413.02054892481897,348.113958795239,200.0,358.69534273246705,200.0,143348.7337921556,89760.0,148716.4631356567,89364.0
SPY,y2022,close5,15:55,16:00,5,413.4155824910893,896.2212096741986,300.0,822.8588793284468,400.0,375606.86481905106,131478.0,341398.2849001868,180608.0
SPY,y2022,pre,04:00,07:00,5,413.7974024248643,603.1952696244464,400.0,505.0524294631431,400.0,243140.6286854779,158032.0,206817.1117176731,158088.0
SPY,y2022,pre,07:00,08:00,5,413.3060132929085,591.8127252619346,400.0,693.6958803778201,500.0,247852.76740072996,160200.0,288543.3380996446,189250.0
SPY,y2022,pre,08:00,09:00,5,413.30711881891546,691.3179286073108,400.0,700.8214655761723,500.0,283606.7737622592,150988.0,289285.07405425026,188860.0
SPY,y2022,pre,09:00,09:30,5,413.11448698741884,602.9557296063914,300.0,866.9751633826752,200.0,247132.26542531853,134565.0,372125.3512120712,79934.0
SPY,y2022,post,16:00,17:00,5,413.8948437633372,849.8803237799372,500.0,1087.645455428285,500.0,351098.45030421024,201405.0,440698.3971803356,218910.0
SPY,y2022,post,17:00,18:00,5,413.8613169500205,838.2291019977503,900.0,405.2130950823168,300.0,342548.5255286562,406170.0,163980.58920753622,131310.0
SPY,y2022,post,18:00,20:00,5,414.03544082596784,521.6202780330667,400.0,446.9139979434666,400.0,217045.84510883005,161236.0,185589.5605887022,161252.0
SPY,y2022,pre,04:00,09:30,5,413.3813297352879,622.2864331880932,400.0,691.6088958911374,450.0,255419.23612035654,157654.0,289182.06914648035,173474.0
SPY,y2022,post,16:00,20:00,5,413.9306291223902,736.2741054651187,500.0,645.4134936787799,500.0,303437.3821458369,201405.0,262949.62790050235,201420.0
SPY,y2022,rth,09:30,16:00,5,412.9103769061691,395.86747695292297,200.0,404.55752652809895,300.0,163992.91854040296,89364.0,167355.89110372364,113128.5
SPY,y2023,rth,09:30,10:00,5,433.1854601706596,577.0362421242745,500.0,618.7604049756811,500.0,251934.95269181137,222232.5,269761.11141904444,227872.5
SPY,y2023,rth,10:00,10:30,5,432.92061215113205,652.5059719756848,550.0,654.4036098223745,600.0,284370.75145967246,246774.5,286115.67809431074,266118.0
SPY,y2023,rth,10:30,11:00,5,433.4496403116491,657.9236628112654,600.0,681.5836030985867,600.0,287502.6028887368,267138.0,297892.1874164823,268131.0
SPY,y2023,rth,11:00,11:30,5,433.5714711526399,614.8771705976341,600.0,834.2338428601269,750.0,268714.37782200566,269607.0,365888.84141073533,336656.5
SPY,y2023,rth,11:30,12:00,5,433.6883900708351,665.7277303613635,600.0,754.3979229403432,600.0,290166.3253045591,266241.0,329665.99014516175,273114.0
SPY,y2023,rth,12:00,12:30,5,433.69589394176387,638.00594323232,550.0,723.4819908774706,650.0,278767.4803447587,250519.0,316889.5464561976,289295.5
SPY,y2023,rth,12:30,13:00,5,433.6987916353838,688.8926749340183,600.0,771.8251048209521,650.0,300757.8957462305,273147.0,338495.6949398963,289138.0
SPY,y2023,rth,13:00,13:30,5,434.4173469981894,696.6268639698214,600.0,708.4968472214996,600.0,304788.28233131394,270798.0,311329.115522138,258228.0
SPY,y2023,rth,13:30,14:00,5,433.6363432707594,653.0043284981161,650.0,881.8308806494546,650.0,285374.50646997313,291774.5,387597.2591322288,278948.0
SPY,y2023,rth,14:00,14:30,5,434.192742625787,687.5548698672544,600.0,672.8522774865587,600.0,300929.7552641193,269643.0,295059.85828486347,267177.0
SPY,y2023,rth,14:30,15:00,5,433.65986600347543,718.9081331890175,600.0,678.421193881206,550.0,314677.1514791755,269304.0,295064.0241799308,234195.5
SPY,y2023,rth,15:00,15:30,5,433.8793100227245,637.155039160853,550.0,739.6631052930345,700.0,278644.6863261386,243961.0,324049.59145562263,311258.5
SPY,y2023,rth,15:30,16:00,5,434.29269326641617,1020.0989875348305,750.0,1111.2209586438114,800.0,447646.021372112,341406.5,488008.5810461827,364188.0
SPY,y2023,open5,09:30,09:35,5,432.98797780832456,599.3189062289116,400.0,567.9813854009816,500.0,261852.87365847436,178848.0,247253.08744527452,223020.0
SPY,y2023,close5,15:55,16:00,5,434.425871215526,1680.217955939219,1200.0,1553.345237153774,1400.0,738122.6090057741,531720.0,682880.4387674563,620662.0
SPY,y2023,pre,04:00,07:00,5,432.9479965837588,574.7930096038266,400.0,604.498160691017,400.0,250228.2143122054,177100.0,260341.31729933398,181624.0
SPY,y2023,pre,07:00,08:00,5,432.83339434720955,975.0740553912524,400.0,685.5789592841157,400.0,418076.84593350446,176772.0,299404.58952969237,178144.0
SPY,y2023,pre,08:00,09:00,5,432.7230770745527,623.9024162233645,400.0,814.6419723065557,500.0,270470.99859353906,176644.0,354602.08091999433,205750.0
SPY,y2023,pre,09:00,09:30,5,432.6530655510751,590.4545011262053,400.0,841.1532903152768,500.0,255018.52169493996,178428.0,361506.642771924,220815.0
SPY,y2023,post,16:00,17:00,5,434.2287021275694,1123.9025119856979,1000.0,1681.1663906284684,1500.0,489307.8845245737,443080.0,733374.7041620663,659248.0
SPY,y2023,post,17:00,18:00,5,434.23113728018564,1131.9049698889378,300.0,1125.5622064277236,500.0,506708.8924067475,123582.0,491604.6719267236,227500.0
SPY,y2023,post,18:00,20:00,5,434.16896463618025,588.2065566523515,500.0,1015.784318800162,1100.0,253143.01535883528,207250.0,441417.8385242524,455895.0
SPY,y2023,pre,04:00,09:30,5,432.78970806320405,691.3016296555326,400.0,736.2095495197984,450.0,298554.34538477665,176936.0,318857.27720128896,193737.5
SPY,y2023,post,16:00,20:00,5,434.2095987944487,947.9811517699223,500.0,1274.1160374320314,1100.0,416376.8557840168,221525.0,555441.7257542198,455653.0
SPY,y2023,rth,09:30,16:00,5,433.71442578368374,685.2376882027684,600.0,756.2378137880576,600.0,299551.86181485857,266199.0,331213.9275824176,268062.0
SPY,y2024,rth,09:30,10:00,5,536.7618883540041,454.61264106166124,350.0,473.0993086944176,350.0,242426.4557046774,197619.5,251421.86033958555,197604.5
SPY,y2024,rth,10:00,10:30,5,536.344241293909,431.782574876003,400.0,455.75664257001165,350.0,230021.70723722884,200694.0,241169.6517974555,186765.0
SPY,y2024,rth,10:30,11:00,5,537.1869287686366,450.4089586817374,400.0,442.8688259305946,400.0,241310.73215455178,197126.0,236702.18833406482,199174.0
SPY,y2024,rth,11:00,11:30,5,537.503777739417,446.51712260154295,400.0,436.7103162187768,300.0,239496.44399433976,199348.0,234608.91233499654,166553.99999999997
SPY,y2024,rth,11:30,12:00,5,537.5154477158252,491.3355748022139,350.0,443.62416671470726,350.0,263492.2763857304,180277.5,238829.69162328137,187506.5
SPY,y2024,rth,12:00,12:30,5,537.5121813236522,535.9124976630129,400.0,465.82037326226447,350.0,289455.10082757147,219990.0,249232.58542281407,197901.0
SPY,y2024,rth,12:30,13:00,5,537.9559581355758,482.6095331424396,450.0,533.6680461670895,450.0,260629.67415907243,232189.5,287604.5591868761,221740.5
SPY,y2024,rth,13:00,13:30,5,537.7473999197823,515.7244036673515,350.0,459.9115481015347,350.0,276769.0827882133,190730.0,248040.7792797605,190717.0
SPY,y2024,rth,13:30,14:00,5,538.0992143510886,601.2025822257249,400.0,454.58743155004606,350.0,321639.4778330658,220672.0,246018.26624494977,192704.0
SPY,y2024,rth,14:00,14:30,5,537.9643472604023,573.9350956211731,400.0,507.33907310032686,350.0,307707.5301459976,217944.0,276519.2419672996,182332.5
SPY,y2024,rth,14:30,15:00,5,537.9519407391201,588.2117616137862,500.0,551.5798263469593,300.0,316736.11565638613,246317.5,298576.83287896635,167487.0
SPY,y2024,rth,15:00,15:30,5,538.2551379840073,664.1766276773583,450.0,559.5022930736678,450.0,355688.99200547003,236618.0,303027.2870750012,235044.0
SPY,y2024,rth,15:30,16:00,5,538.0939994519549,704.075988998882,500.0,599.9070160230813,400.0,383478.97126541514,275822.5,325513.32134738803,217900.0
SPY,y2024,open5,09:30,09:35,5,537.6979607121825,475.8745246694698,300.0,490.1644112983625,300.0,256652.4446841144,163734.0,261124.55705738842,166386.0
SPY,y2024,close5,15:55,16:00,5,538.2841935281482,1058.1368986631185,700.0,906.4371743376948,700.0,567736.7108722987,349629.0,485971.39027218666,349531.0
SPY,y2024,pre,04:00,07:00,5,536.7085781192261,545.1856070997333,400.0,421.62940888746664,400.0,292551.4310192236,222312.0,224707.60193772186,218067.99999999997
SPY,y2024,pre,07:00,08:00,5,537.5698779638449,557.473961332141,400.0,566.3434285516388,400.0,303477.63401742285,218132.00000000003,302882.88809617184,237012.0
SPY,y2024,pre,08:00,09:00,5,537.7485789646464,666.6016789715034,500.0,850.2609414533558,700.0,358400.66378826485,246580.0,449943.73498356243,345219.0
SPY,y2024,pre,09:00,09:30,5,537.9373335249479,630.3024630634184,500.0,844.1230477488718,700.0,338973.2294353985,277775.0,445313.441270184,345478.0
SPY,y2024,post,16:00,17:00,5,538.0721686755859,1724.0947103296164,1100.0,1260.6621594944986,1100.0,904534.7036799489,592416.0,677051.283275673,652729.0
SPY,y2024,post,17:00,18:00,5,537.9709846246886,2843.889211620633,200.0,998.4765040503098,1000.0,1427421.4883084816,111670.0,541964.7072088479,499450.0
SPY,y2024,post,18:00,20:00,5,538.1044114502964,1138.0140235869078,1100.0,1023.3065390432032,1100.0,612331.9893785312,543202.0,541376.2315545541,543290.0
SPY,y2024,pre,04:00,09:30,5,537.490898189018,599.8605329113032,400.0,670.4867545681536,450.0,323334.8176158157,228838.0,355658.4745194306,244006.0
SPY,y2024,post,16:00,20:00,5,538.0490808169885,1903.0932113752694,1000.0,1093.736964100949,1100.0,981932.5028953111,545190.0,586579.8731713444,543290.0
SPY,y2024,rth,09:30,16:00,5,537.6072238885995,533.9078336603243,400.0,491.11863989895454,400.0,286846.9114243369,217912.0,264412.3335955517,197158.0
SPY,y2025,rth,09:30,10:00,3,621.5855205918309,384.6788752583647,240.0,537.1784695468275,300.0,242289.21085639086,163383.59999999998,337289.7735280709,204119.59999999998
SPY,y2025,rth,10:00,10:30,3,622.6768207700056,413.888398537604,280.0,454.31479431170106,290.0,262161.7308081599,190872.8,282374.86684906663,177261.59999999998
SPY,y2025,rth,10:30,11:00,3,622.5186475906145,423.3957010493203,400.0,447.4872898772967,260.0,263741.3330000982,216883.7,284219.3879381301,177497.2
SPY,y2025,rth,11:00,11:30,3,622.7813466817256,403.50075735306433,340.0,515.9386173630432,350.0,255598.51036281735,231994.2,322259.1587982716,203863.0
SPY,y2025,rth,11:30,12:00,3,622.8069279524971,498.02057825559797,450.0,502.56498596101034,320.0,314770.9789084656,273284.0,317926.0519288053,218635.2
SPY,y2025,rth,12:00,12:30,3,622.780130853275,435.01866393661413,300.0,530.9007398454386,400.0,274957.24857397086,204697.0,331494.9685952542,230742.8
SPY,y2025,rth,12:30,13:00,3,622.9776265213501,499.02927115222167,400.0,554.0777342207757,280.0,315557.7141653672,273398.0,350402.16281021794,191384.2
SPY,y2025,rth,13:00,13:30,3,622.5941669282076,451.2332235497068,320.0,536.687598758035,450.0,285657.10499797453,218862.40000000002,336547.722036146,244051.4
SPY,y2025,rth,13:30,14:00,3,622.2674494949924,507.1365541650377,300.0,588.9471140007296,410.0,322177.7417382738,205217.0,372504.6619094617,243843.5
SPY,y2025,rth,14:00,14:30,3,622.0139249095555,498.9478703510603,300.0,577.7991060407298,310.0,314537.7852523801,205283.8,365082.9334801537,205275.4
SPY,y2025,rth,14:30,15:00,3,622.14165177118,545.4247764564377,360.0,638.3031952155817,380.0,346992.67136214126,246416.0,405348.42503936356,260119.8
SPY,y2025,rth,15:00,15:30,3,622.3871625371011,589.3611558523891,470.0,663.3180857696442,500.0,374898.3341374121,287561.4,422630.4105043279,342331.80000000005
SPY,y2025,rth,15:30,16:00,3,621.9347764076358,899.5125903089449,560.0,732.4990294633739,540.0,559124.7057045673,383241.6,468021.46959614323,369575.39999999997
SPY,y2025,open5,09:30,09:35,3,621.4754812067835,390.69236371427274,280.0,395.13943771582785,280.0,248286.33276946816,190766.8,244526.57158094164,190576.4
SPY,y2025,close5,15:55,16:00,3,621.4962306736088,1163.7439842068595,720.0,838.3326133036353,680.0,729904.8345951609,492264.00000000006,529315.9494773967,465024.8
SPY,y2025,pre,04:00,07:00,3,622.2846138502614,270.6882370606804,200.0,213.7526838582877,200.0,170464.2852491145,109249.59999999999,130668.65327076313,108014.00000000001
SPY,y2025,pre,07:00,08:00,3,621.8132761240273,248.23492940123825,200.0,165.06803574269333,100.0,149496.36574335216,107946.0,104070.3752587618,64364.0
SPY,y2025,pre,08:00,09:00,3,621.7295242444778,436.2949285190985,500.0,427.98966158812226,500.0,262204.9498555695,269035.0,258023.03257579936,269040.0
SPY,y2025,pre,09:00,09:30,3,620.8084380613324,501.1680736928338,480.0,472.0983730145416,200.0,313009.80280548596,321805.0,289084.3590514485,128724.0
SPY,y2025,post,16:00,17:00,3,621.3601118118444,832.1869590355356,960.0,844.1194771797753,1000.0,526892.5735872563,642900.0,539596.89816495,642940.0
SPY,y2025,post,17:00,18:00,3,621.5517074974559,1098.205662234928,100.0,415.92064297853057,300.0,736830.7185725115,64290.0,254878.4788240214,161355.0
SPY,y2025,post,18:00,20:00,3,620.403211802054,223.49715655615557,100.0,327.99862551188886,480.0,140721.59637623403,54721.6,208336.78069597296,321610.0
SPY,y2025,pre,04:00,09:30,3,621.6590872501844,364.16409407563947,200.0,319.82717324743396,200.0,223836.7438037724,119039.6,195519.53891938145,118818.8
SPY,y2025,post,16:00,20:00,3,621.1049614192052,717.9408427073145,280.0,529.2876842931742,500.0,468136.5653638683,191508.80000000002,334232.53277535917,321610.0
SPY,y2025,rth,09:30,16:00,3,622.4204724972608,503.78181762466073,400.0,560.007724252215,320.0,317883.1600270435,244248.0,353550.8026053865,218742.4
SPY,y2026,rth,09:30,10:00,12,743.9990652200416,282.00119937689345,200.0,327.05472532471504,220.0,209167.6577032828,153849.0,243193.6324455263,160462.0
SPY,y2026,rth,10:00,10:30,12,743.8984533700003,308.2416528548376,240.0,394.63221092716424,240.0,229633.46819235833,161612.40000000002,292468.1328112057,170635.19999999998
SPY,y2026,rth,10:30,11:00,12,743.5327478555662,301.50594286325315,240.0,327.1547009232147,200.0,224305.51325589165,158035.2,244309.7572969441,154712.0
SPY,y2026,rth,11:00,11:30,12,743.2260678535094,309.4239123023238,240.0,298.43522573525706,220.0,229748.3658225835,182303.59999999998,221892.48553886425,156145.8
SPY,y2026,rth,11:30,12:00,12,742.8046648196259,286.83223375086925,240.0,330.1315793490086,240.0,212938.0416198623,174321.0,245794.905641616,164868.0
SPY,y2026,rth,12:00,12:30,12,743.2421091232166,293.05192326741394,220.0,339.6846779863179,240.0,217784.61696315213,156245.8,253450.51874219737,174910.8
SPY,y2026,rth,12:30,13:00,12,743.2697233104319,309.3890988899106,240.0,312.8412267100969,200.0,229949.23436214819,174331.4,233088.13200846466,154094.0
SPY,y2026,rth,13:00,13:30,12,743.184125244052,284.44695543032924,220.0,290.7533341136109,200.0,210840.41961974077,159542.4,216518.8517818443,151856.0
SPY,y2026,rth,13:30,14:00,12,743.5689572582554,316.3277417651776,240.0,363.76497323897854,220.0,233500.48770695625,174828.0,272568.15575794276,156418.0
SPY,y2026,rth,14:00,14:30,12,743.6621563704316,333.2781223837064,240.0,315.5771076417801,200.0,247784.26886889414,169165.2,235558.99835740842,154686.0
SPY,y2026,rth,14:30,15:00,12,743.6232711823171,318.49415591122465,240.0,352.0483554624979,240.0,236865.29795200442,182617.2,260984.24996662492,184540.8
SPY,y2026,rth,15:00,15:30,12,743.5575989942866,367.0057091622405,260.0,411.3003177929656,280.0,273251.2491853641,185019.6,307634.0240954947,202578.6
SPY,y2026,rth,15:30,16:00,12,743.3356191485578,464.00323790676333,280.0,430.2386112846681,320.0,343408.0767170735,215875.8,317891.9508035245,230633.6
SPY,y2026,open5,09:30,09:35,12,744.2330399492331,304.32412955482357,200.0,337.18027965827065,220.0,226806.6487490957,154002.0,250793.86543499137,156443.0
SPY,y2026,close5,15:55,16:00,12,743.0745772508651,562.0866371988591,380.0,519.8062809487036,320.0,417973.54699414404,276795.0,385591.456607884,246395.2
SPY,y2026,pre,04:00,07:00,12,744.2882297492171,264.5847456627568,200.0,238.4838117864834,160.0,196665.4108680031,145075.19999999998,177148.20307132133,123850.4
SPY,y2026,pre,07:00,08:00,12,744.5765633547538,246.65921154737998,160.0,257.3799850730487,220.0,183065.26010511618,121732.0,191166.44504899418,156499.6
SPY,y2026,pre,08:00,09:00,12,744.570214811096,256.39666156931474,160.0,300.59308046211146,180.0,189882.7989469128,117276.79999999999,221585.5382095346,138477.0
SPY,y2026,pre,09:00,09:30,12,744.0541718268138,330.9298358072933,160.0,355.57521553332754,340.0,246395.75161802652,123060.0,264145.23448479536,258645.2
SPY,y2026,post,16:00,17:00,12,742.5063528203171,505.78459240578934,340.0,647.355195161536,560.0,373439.35353672004,259510.2,484281.4563827197,421733.2
SPY,y2026,post,17:00,18:00,12,742.6477630285938,576.7331576200166,160.0,625.2461015408799,180.0,430855.34921447217,117812.79999999999,463057.65298543905,126957.2
SPY,y2026,post,18:00,20:00,12,742.739343065902,332.97406618859503,460.0,525.8465622609874,440.0,246282.4669581549,308331.4,392056.52392373735,324358.4
SPY,y2026,pre,04:00,09:30,12,744.3729340214054,274.529507477397,160.0,287.8701753877873,200.0,203917.16573012777,123137.6,213408.24127666725,154078.0
SPY,y2026,post,16:00,20:00,12,742.631932822885,471.67532433083124,280.0,599.2001811399532,400.0,350090.6712980992,197466.2,446240.1484890588,282036.0
SPY,y2026,rth,09:30,16:00,12,743.4542010878724,321.0666763420954,240.0,345.6577823258195,240.0,238390.5800931011,178984.8,257331.2559831832,165136.80000000002
