n_trades,dollars,eff_bps_tw,eff_bps_dw,eff_bps_median,eff_cents_tw,eff_cents_dw,quoted_bps_at_trade_tw,quoted_bps_at_trade_dw,eff_over_quoted_dw,share_at_mid,share_inside_not_mid,share_at_quote,share_outside,share_signed_by_quote_rule,share_signed_lee_ready,share_buys_lee_ready,share_trf,n_60s,eff_signed_bps_dw_60s_sample,realized_bps_tw_60s,realized_bps_dw_60s,impact_bps_tw_60s,impact_bps_dw_60s,n_300s,eff_signed_bps_dw_300s_sample,realized_bps_tw_300s,realized_bps_dw_300s,impact_bps_tw_300s,impact_bps_dw_300s,ticker,group,bucket,venue
2393834,16820130650.531307,2.220463654566291,2.6084878020463598,1.4896469536706252,3.1939955068732164,4.153798992110707,3.572956914412319,4.026190204457327,0.6478799235958964,0.2144467828596302,0.27085086100372874,0.511306130667373,0.03492932258460695,0.7855532171403699,0.9999235535964482,0.4552927724217106,0.2967123033593808,2393651,2.6086639700028282,-0.20644899149352308,0.09626086403195637,2.427082405497748,2.5124031059708716,2393651.0,2.6086639700028282,-0.2829520988388743,-0.35627365843846176,2.5035855128430993,2.96493762844129,SOXL,last12m,RTH all,all
1683554,9402720816.583,2.114213222575493,2.371550419906088,1.545475620120687,2.9033460168192264,3.6624090475216082,3.060114986722845,3.282174659561438,0.7225546065921347,0.15525845918812228,0.2162282884897069,0.6479150653914278,0.024780315926902257,0.8447415408118777,0.9999210004549899,0.42477550179069884,0.0,1683421,2.3717827210833318,-1.2869139131154055,-1.568412894613166,3.4012941707691176,3.940195615696497,1683421.0,2.3717827210833318,-1.0215224088712063,-1.3206300437211054,3.135902666524919,3.6924127648044376,SOXL,last12m,RTH all,lit
710280,7417409833.948306,2.4723056602257985,2.908842791881284,1.319957761354188,3.882912710762325,4.776712187482577,4.788529757135367,4.969345646648941,0.5853573083294882,0.3547389761784085,0.40032100016894745,0.1875063355296503,0.05898518893957313,0.6452610238215915,0.999929605226108,0.5276262619151543,1.0,710230,2.9089270930070352,2.3545204674446114,2.2063482763277458,0.11795924243100094,0.7025788166792897,710230.0,2.9089270930070352,1.4676424548760347,0.8661137667157379,1.004837254999578,2.0428133262912973,SOXL,last12m,RTH all,offexchange_TRF
388823,3069361579.7819686,3.590803546995689,3.829902334630629,2.2014309301056945,5.397613710608794,6.053799259777331,5.572744902553393,5.90244910089149,0.6488666431790443,0.18070947449096375,0.36969006463095033,0.42139739675893656,0.0510000694403366,0.8192905255090362,1.0,0.47930806562368994,0.31679195932339393,388823,3.8299023346304897,4.611655135408071,4.902923114989919,-1.0208515884125156,-1.0730207803594298,388823.0,3.8299023346304897,6.747900252790287,9.331015986712876,-3.1570967057947326,-5.501113652082385,SOXL,last12m,09:30-10:00,all
310934,2480688883.6025095,2.3283146984989775,2.617235875212053,1.5369246138462929,3.1802320762606477,3.9533352058654767,3.7213507168774806,4.1041847541056855,0.6376993317841894,0.1911724031466485,0.30159776672863053,0.4908758771958036,0.04486161050255038,0.8088275968533515,0.9999774871837753,0.513049686904,0.32052139682376324,310927,2.61728875102779,-2.0597908234476856,-0.8231962576625367,4.388157940047494,3.440485008690327,310927.0,2.61728875102779,0.46333501424296253,0.6161510206746159,1.865032102356846,2.001137730353173,SOXL,last12m,10:00-10:30,all
193415,1579744775.8706412,2.4545312366235503,2.7272416188608,1.5821533106566121,3.7875255983249945,4.542546975158522,4.117433451795899,4.367985748794777,0.6243705395818441,0.21010779929167853,0.34515420210428355,0.4261044903445958,0.041754775999793194,0.7898922007083214,0.999927616782566,0.49634179761221503,0.34623995036579375,193401,2.7272966472914373,-2.7392678980643255,-1.889001791354549,5.193976814416931,4.616298438645987,193401.0,2.7272966472914373,-11.128249232333166,-9.38957364335743,13.58295814868577,12.11687029064887,SOXL,last12m,10:30-11:00,all
151230,1226574374.2814126,2.1574995004372783,2.338884378975886,1.573440327276393,3.1643159624414916,3.687519219503749,3.5448088572781526,3.7042024004114205,0.6314137636529012,0.21202803676519208,0.31304635323679164,0.4587581829002182,0.04011108906962904,0.7879719632348079,0.9997487271044105,0.5134266363299645,0.34294782781194205,151192,2.3393353067483815,1.0206058462055616,0.8803404384020779,1.1374359116328518,1.4589948683463032,151192.0,2.3393353067483815,-2.92012898986415,-8.142916041197735,5.078170747702565,10.482251347946113,SOXL,last12m,11:00-11:30,all
119590,1061183285.4463276,2.3813456271578035,2.6956243905242965,1.5159554309089522,4.165817223848315,4.967504675548314,4.065615952816997,4.3648008864707295,0.6175824420490145,0.20893051258466427,0.36621791119658836,0.41686595869219834,0.030445689438916297,0.7910694874153358,0.9999665523873233,0.4974746207750071,0.3568943891629735,119586,2.6957001641989113,-0.8225058049850519,0.34113574457689516,3.203931085133058,2.3545644196220157,119586.0,2.6957001641989113,-5.36336623301913,-3.3026632908646394,7.744791513167137,5.998363455063551,SOXL,last12m,11:30-12:00,all
135438,1245108275.2575974,1.9929184071288555,2.2968974771756048,1.4182385477224375,2.913814880609729,3.641262403844559,3.336833509287711,3.5093651088904205,0.6545051329531882,0.1984228946086032,0.3403254625732808,0.440600126995378,0.042048760318374456,0.8015771053913968,0.9999556992867585,0.532171126469372,0.30644280039575306,135432,2.2969276849496736,-3.9633266343209383,-7.692920485225895,5.956333333067878,9.989848170175568,135432.0,2.2969276849496736,-5.291740699470793,-10.883337816399495,7.284747398217734,13.180265501349163,SOXL,last12m,12:00-12:30,all
81785,751069995.4471229,2.186353265711822,2.5901458761771172,1.4253135689838807,3.591022224124389,4.6032447892010335,3.8966506313113602,4.218522351793218,0.6139936357279446,0.22630066638136578,0.36681543070245154,0.40344806504860303,0.027107660328911168,0.7736993336186342,0.9998410466466956,0.4811793768037959,0.3550773369199731,81772,2.5903152669904306,1.4578166271903565,2.4319890288415373,0.72888422195392,0.1583262381488931,81772.0,2.5903152669904306,5.57361664658268,0.38226346508072256,-3.386915797438403,2.2080518019097086,SOXL,last12m,12:30-13:00,all
71704,611391649.5565106,1.884467933235271,2.1281819247649176,1.4413178373556055,2.60692316467721,3.2157741421432506,3.2180859016718,3.424622621663934,0.621435457239049,0.2317583398415709,0.2992998995871918,0.4672682137677117,0.03361039830413924,0.7682416601584291,0.9997629142028339,0.48697811318649126,0.33922793707464016,71687,2.1289449324052505,0.26744247606306015,0.4271953836329895,1.6174723437046554,1.7017495487722607,71687.0,2.1289449324052505,-0.2097057008908831,1.0009054300175348,2.0946205206585984,1.1280395023877154,SOXL,last12m,13:00-13:30,all
88286,804184984.0048885,2.456578993635688,2.559393195555924,1.3965505202177682,3.5580198445961058,3.9806024508126185,2.8453879748781836,3.0634269145503934,0.8354673595768011,0.20790385791631744,0.2769861586208459,0.48765376163831187,0.051933488888385476,0.7920961420836826,0.9999093854065197,0.5263372527696595,0.2997757288811363,88278,2.5596185348198017,-0.44161955960862226,-0.7964718478010142,2.89842117532381,3.356090382620816,88278.0,2.5596185348198017,8.567273739791666,5.707179778400371,-6.110472124076479,-3.147561243580569,SOXL,last12m,13:30-14:00,all
63957,566590431.3095155,1.5164709909653629,1.749558543649475,1.1491611123901777,2.0797021561363724,2.6727440684672863,2.624122357192565,2.8538723756927022,0.6130472261307115,0.23742514501930984,0.27312100317400756,0.4998358271963976,0.019857091483340368,0.7625748549806901,0.9998749159591601,0.5201488686296892,0.33677314445643164,63949,1.7496782074009332,-0.5244611433977832,-0.13767898940489048,2.0411218444119887,1.8873571968058238,63949.0,1.7496782074009332,-1.7615655406916155,-0.4088218923297704,3.2782262417058203,2.1585000997307047,SOXL,last12m,14:00-14:30,all
64939,587560948.6750903,1.636449228094756,1.932393451808889,1.3814062715832167,2.2862463049941453,2.9878006764093348,2.7839397322260897,3.011432130993812,0.6416858716225405,0.23161736398774235,0.28046320392984186,0.4865643142025593,0.024222732102434592,0.7683826360122576,0.9997382158641186,0.49120483041187885,0.3332204068433453,64922,1.9327580774490178,-0.036087796726534276,1.1907708123657332,1.6729655334449343,0.741987265083285,64922.0,1.9327580774490178,1.0026494556306271,3.8473243199563516,0.6342282810877734,-1.9145662425073338,SOXL,last12m,14:30-15:00,all
97851,838087684.8221934,1.687028277804392,1.9909021960848485,1.334311828673148,2.2552587158027895,3.1200489945764134,2.7502815626615287,3.1372989842821157,0.6345911582094276,0.23604255449612166,0.2384135062492974,0.5239088001144597,0.02869669190912714,0.7639574455038783,0.9998671449448652,0.5107626893436088,0.306373976760585,97838,1.9910842858652005,-1.7380326396014274,-1.479057966484559,3.42528507742125,3.47014225234976,97838.0,1.9910842858652005,-6.436760860860006,-7.102311745362894,8.124013298679825,9.093396031228092,SOXL,last12m,15:00-15:30,all
625882,1998583782.4755287,1.502529754062817,1.816091943301546,1.4290818149326054,1.8493933431542788,2.7347013650488696,2.4608213702123893,2.6200813395712292,0.6931433447782753,0.24329985524427927,0.11493700090432382,0.6739273537184326,0.018366081785384465,0.7567001447557207,0.9999392856800483,0.32419580598359976,0.21000603947708993,625844,1.8162791448568056,-0.8464039572916838,-0.5484742040996173,2.349024941965548,2.364753348956423,625844.0,1.8162791448568056,-0.020835528772781484,2.0759819982652785,1.5234565134466487,-0.25970285340847227,SOXL,last12m,15:30-16:00,all
539185,4088536329.795612,3.834374053911441,4.640255972280095,2.260142388968449,5.280657908139217,6.784511152565544,5.575489036898854,6.155539796192487,0.7538341276179107,0.17436872316551832,0.3388929588174745,0.44408876359691013,0.057718593803611,0.8256312768344817,0.9999758895369864,0.4695829902146254,0.2913768001706279,442179,4.99037297671492,6.791235836995408,6.178135405248807,-2.715017706774136,-1.1877624285338866,,,,,,,SOXL,last12m,open 09:30-09:35 (fixed),all
1301537,4500523089.692207,1.339505521111923,1.4638092915934326,1.0275908133371943,1.4879979743950933,1.9971998619150186,1.8014320375700006,1.8996048527684661,0.7705862034728385,0.2272835885572212,0.07703737965190387,0.7103593674248215,0.014915442280934003,0.7727164114427788,0.999924704407174,0.3706958220861677,0.1603242935083674,789537,1.5641760951369958,-5.345277459013696,-3.8699647336365612,6.795177688098618,5.434140828773557,,,,,,,SOXL,last12m,close 15:55-16:00 (fixed),all
748115,6461619564.695942,1.6341438371554262,1.7444101225908446,0.7211625139718678,2.3526292885454625,2.5075090545837195,2.7782143030533764,2.8015098657845883,0.6226678491822147,0.21895831523228382,0.3534055593057217,0.39402765617585533,0.03828154762302587,0.7810416847677162,0.9999358387413699,0.5139379226727018,0.3177613067509674,748067,1.7444630650309672,0.24975451129630763,-0.580977100361232,1.3844941813119216,2.3254401653921986,748067.0,1.7444630650309672,5.316170369642113,0.5742846043876303,-3.6819216770338823,1.1701784606433372,SOXL,last5,RTH all,all
510393,3578668655.4259996,1.565282573613415,1.630424645029988,0.7168201856557762,2.2555332851353347,2.3475371321566696,2.467056597209743,2.2593171205501426,0.7216448856161372,0.17086441232540414,0.31296471542517235,0.49448170331489655,0.028348743027431803,0.8291355876745958,0.9999353439408456,0.5146641586331218,0.0,510360,1.6304809608602098,-0.5448423694197362,-2.3991908522888448,2.1102261545795815,4.029671813149055,510360.0,1.6304809608602098,6.456582049461291,-0.7200044185708696,-4.891198264301445,2.35048537943108,SOXL,last5,RTH all,lit
237722,2882950909.2699423,1.7819900898497396,1.8859027350419184,0.915331807781334,2.5610959869095407,2.7060856251028804,3.4462749577620264,3.474545322729376,0.5427768412473827,0.32221670690975174,0.4402327087943059,0.17835118331496455,0.05960744062392206,0.6777832930902483,0.9999369010861426,0.5123786846832445,1.0,237707,1.885950161075104,1.9557642798022417,1.6759893385313038,-0.1736617412182656,0.2099608225437998,237707.0,1.885950161075104,2.867691759788317,2.1808981744078872,-1.0855892212043412,-0.29494801333278275,SOXL,last5,RTH all,offexchange_TRF
118426,1076735742.1278944,3.2121242127539786,3.273313784746066,2.3029977353834656,4.5459876699374915,4.628928555502374,5.425218213119384,5.30374484881829,0.6171702972241174,0.17149950179859152,0.5092125040109435,0.27254150271055344,0.047371354263421886,0.8285004982014085,1.0,0.492003445189401,0.3480316822319423,118426,3.2733137847459046,3.8365503941125807,3.6289843712673107,-0.6244261813587506,-0.35567058652140543,118426.0,3.2733137847459046,11.30665167716085,3.8750121540910394,-8.094527464407019,-0.6016983693451345,SOXL,last5,09:30-10:00,all
93753,801587738.8277183,1.6372020448693347,1.7536120621586715,1.3144058885409207,2.340908988512503,2.5093703054847634,3.152088496427046,3.1093897774923205,0.5639730582677014,0.20131622454748116,0.3982059240770962,0.3672949132294433,0.03626550617046921,0.7986837754525189,0.9999893336746557,0.5173009642460961,0.3319253783878916,93752,1.7536144240612175,2.042716901895502,1.7711577196364008,-0.4054973939104365,-0.01754329557518268,93752.0,1.7536144240612175,7.146587339057801,4.082621840291174,-5.509367831072735,-2.3290074162299566,SOXL,last5,10:00-10:30,all
67323,595895653.949389,1.6716924460327505,1.8098569207158164,1.3329778725698918,2.4063556823079506,2.6017876059572953,2.9751238898945638,2.8598501349650745,0.6328502667283714,0.22874797617456144,0.42559006580217756,0.29934791973025565,0.048586664290064314,0.7712520238254386,0.9999405849412534,0.5312170412513555,0.3611544345914472,67319,1.8098868064199267,-1.6080310377825935,0.07435217468133194,3.2798228134216774,1.7355346317385947,67319.0,1.8098868064199267,-4.346774595877804,-3.4381998976959096,6.018566371516888,5.248086704115838,SOXL,last5,10:30-11:00,all
44595,385502015.91320825,1.2295459829589876,1.2718862639193715,0.722256328770424,1.7783290279182138,1.8390702425239371,2.3540715445492055,2.2697671639071046,0.5603597955527682,0.23969054826774303,0.36701423926449156,0.35788765556676755,0.03939903576634152,0.760309451732257,0.9998878798071533,0.5361516034985423,0.3495459132189707,44590,1.2719424128387196,1.533412200617779,1.5119902836277201,-0.3037283452680249,-0.24004787078900047,44590.0,1.2719424128387196,1.1633425179065118,2.2795769889014244,0.06634133744324226,-1.0076345760627037,SOXL,last5,11:00-11:30,all
41898,366229832.97603244,1.161813393745815,1.2521631996036096,0.7168201856557762,1.6774190128409845,1.806500291627805,2.392260057164616,2.3628101480685824,0.5299465979639362,0.2500119337438541,0.37183159100673063,0.3588954126688625,0.02343787292949544,0.7499880662561459,0.9999522650245836,0.4825520336070269,0.36004105207885817,41896,1.2521893441922693,-0.3477835442311818,-0.11552703029737235,1.5096523997579754,1.3677163744896421,41896.0,1.2521893441922693,3.5922744168158043,4.100914808177041,-2.43040556128901,-2.848725463984772,SOXL,last5,11:30-12:00,all
74502,727261339.3362126,1.485167948387279,1.6470241128825183,1.1908514719426735,2.1449791925051014,2.3770678224213286,2.654997217479606,2.61964633486381,0.6287200264260647,0.2033368231725323,0.39020428981772304,0.3665404955571662,0.04322031623312126,0.7966631768274677,0.9999865775415425,0.5522341981986819,0.2880996483315884,74501,1.6470255023183438,-6.762079487857965,-13.186026766364495,8.247267371117722,14.833052268682842,74501.0,1.6470255023183438,-10.865146169411958,-20.711202679326142,12.350334052671712,22.358228181644485,SOXL,last5,12:00-12:30,all
36700,340593187.2574441,1.2463613084734315,1.3543784508954604,0.7136485280992617,1.8039834495915228,1.9576856404603786,2.46594469417146,2.449014442828722,0.5530299973776767,0.2411716621253406,0.3999455040871935,0.3326430517711172,0.030408719346049048,0.7588283378746594,0.9999455040871935,0.4747942667175323,0.34057220708446867,36698,1.3543944803313783,0.4285369079038372,1.5853826871129695,0.8178923258681732,-0.23098820678159113,36698.0,1.3543944803313783,2.698268679585599,4.224532896481518,-1.451839445813589,-2.8701384161501404,SOXL,last5,12:30-13:00,all
27088,236733396.5506214,1.2241629585441922,1.3414264257491206,0.7122760782113146,1.77398547696428,1.9409782379505527,2.463084781467626,2.458683206101842,0.545587338141015,0.2573464264619019,0.3721943295924395,0.3485307147076196,0.02923803898405198,0.742653573538098,1.0,0.4664057885410514,0.3543266391021855,27088,1.3414264257488846,0.7204815246364819,0.9167228254416115,0.5036814339074621,0.42470360030727305,27088.0,1.3414264257488846,-1.2534064480097367,-0.9600992415263594,2.477569406553681,2.301525667275244,SOXL,last5,13:00-13:30,all
38580,355178352.59138393,2.788914882262597,2.5252322034898556,0.7137504014839516,4.118292897874778,3.7221286514161953,2.183774992856464,2.1819106642385626,1.1573490358144907,0.2175220321410057,0.31858475894245725,0.3935199585277346,0.07506480041472266,0.7824779678589943,0.9999481596682219,0.5587122193996579,0.28729911871435976,38578,2.5255473497863123,-5.7156868008120805,-5.814188224926604,8.50474626884262,8.339735574712916,38578.0,2.5255473497863123,0.337020382216796,-0.5657427777029449,2.452039085813743,3.0912901274892586,SOXL,last5,13:30-14:00,all
30777,291306011.5557489,0.9680833868593762,1.090783486087073,0.7006480994874101,1.400072482698482,1.5729238312388605,1.8227662204713297,1.8979667282417148,0.5747115952330629,0.2479773857101082,0.2802742307567339,0.4592715339376807,0.02267927348344543,0.7520226142898918,0.9999350164083569,0.5141186027619822,0.31279851837411055,30775,1.0908153430040404,-1.4256438569781889,-1.4556435309509954,2.393790157461124,2.5464588739550353,30775.0,1.0908153430040404,-1.9484727216364246,0.5691002028973818,2.9166190221193595,0.5217151401066578,SOXL,last5,14:00-14:30,all
25502,234118598.48168403,0.9883639858316141,1.0672898615249942,0.6893936782593433,1.4424252529217134,1.5532245505220788,1.8551217163607534,1.8248762302217543,0.5848560268634218,0.2649596110109011,0.2968786761822602,0.41526154811387345,0.03187985256058348,0.7350403889890988,0.9997647243353462,0.4887041104486978,0.32762136303035055,25496,1.0673892081435907,0.4160130566495184,0.6457842542792072,0.5725835218989263,0.4216049538643838,25496.0,1.0673892081435907,3.297481704858049,5.465018740593901,-2.308885126309605,-4.39762953245031,SOXL,last5,14:30-15:00,all
33749,298525195.71984506,0.7978044350180878,0.8469104372898628,0.6860357424654581,1.1730445524316515,1.2449849594823594,1.4773926004309839,1.4701665978042013,0.5760642627541559,0.292275326676346,0.23550327417108655,0.4503837150730392,0.03137870751725977,0.7077246733236541,0.9998814779697176,0.507097347755223,0.3032682449850366,33745,0.8469907311353514,0.3037998178856953,1.2609272410080117,0.4940991857418849,-0.4139365098726603,33745.0,0.8469907311353514,0.06302366797666945,1.0463396389231516,0.7348753356509109,-0.19934890778780012,SOXL,last5,15:00-15:30,all
115222,751952499.4087594,0.8115838350651677,0.8247076910895813,0.6835503605721935,1.1994756591626439,1.2174500997481061,1.2356336877086855,1.2491395280568582,0.660220633937094,0.21212962802242627,0.13787297564701184,0.6322837652531634,0.0262536668344587,0.7878703719775737,0.9998351009355853,0.5178944992751925,0.23899949662390862,115203,0.8247657754221817,2.6690131429815365,1.5002001534100948,-1.8572954564295507,-0.6754343779879137,115203.0,0.8247657754221817,23.985896135202065,10.943361851550627,-23.174178448650075,-10.118596076128444,SOXL,last5,15:30-16:00,all
149046,1342651364.6841516,3.9644155149220244,4.277953909003674,2.904865649965176,5.6172468513077565,6.0533166451178975,6.428269006517946,6.391463483308797,0.6693230619521618,0.15610616856540935,0.5256028340243951,0.26377091636139177,0.05461401178159763,0.8438938314345906,0.9999865813238866,0.5040457851372749,0.33931135354185954,126295,4.5202481432244594,6.804375177579925,7.593357967869623,-2.612110983833299,-3.073109824645163,,,,,,,SOXL,last5,open 09:30-09:35 (fixed),all
196387,1442261398.248664,0.7199902088472412,0.7976696635721126,0.6832701308456086,1.0576860973487678,1.1688704126863863,0.9741069470182638,1.0761078413080483,0.7412543919413467,0.19203409594321416,0.07561091110918747,0.7184946050400485,0.024069821322185277,0.8079659040567858,0.9999796320530381,0.6151754479766579,0.168402185480709,142515,0.7343692216988835,1.9543126888999103,-0.8226315834889958,-1.2597530113235291,1.5570008051878792,,,,,,,SOXL,last5,close 15:55-16:00 (fixed),all
2586278,17817929558.920906,2.387409128749875,2.7206857390281325,1.5435671837602696,3.0100306851004985,3.9635174078886326,3.7344154985616003,4.11728017747212,0.6607968420304464,0.21836476975793012,0.25981623011911326,0.5245170859435838,0.03342641432978203,0.7816352302420698,0.9999056559271664,0.4563772170048808,0.2974641550521638,2586034,2.7209020216054673,-0.5727161954234561,-0.07936520978037209,2.9603505833257473,2.800267231385839,2586034.0,2.7209020216054673,-1.3569387621702,-0.9857332417907484,3.744573150072493,3.7066352633962154,SOXL,normal18m,RTH all,all
1816953,9967399831.546,2.292272242531207,2.505715252542991,1.5609146960104432,2.745557424985721,3.5002076453135955,3.2324384452178143,3.3859271447175856,0.740038147735157,0.16288258419452786,0.2005764596002208,0.6636616357164989,0.02353775799374007,0.8371174158054722,0.9998992819296921,0.4259862283062798,0.0,1816770,2.506010154450734,-1.8940919223360837,-1.8070189264832441,4.18659506135951,4.313029080933979,1816770.0,2.506010154450734,-2.742219666131604,-2.150716171168409,5.034722805155033,4.656726325619143,SOXL,normal18m,RTH all,lit
769325,7850529727.374907,2.6120986303592955,2.9936223261361015,1.3848497438015377,3.6346502975988915,4.551757158556798,4.919959596315024,5.045840204454623,0.5932852022331662,0.3493997985246807,0.3997257335976343,0.19589250316836188,0.056780944334319045,0.6506002014753193,0.9999207097130601,0.5281515838515776,1.0,769264,2.993715141194674,2.547975503893105,2.1139546504087394,0.06433025693922814,0.8797604907859342,769264.0,2.993715141194674,1.9146777282543597,0.4932553836970769,0.6976280325779732,2.5004597574975964,SOXL,normal18m,RTH all,offexchange_TRF
425332,3252545613.9098682,3.7844631627456886,3.9210918745183356,2.2901637467090614,5.002557192499139,5.757043692415395,5.6635330322622295,5.927014417402536,0.6615627360388168,0.18309696895601554,0.350119436111085,0.44720829845861587,0.04823290982103392,0.8169030310439844,0.9999952977909021,0.48303199868337526,0.3190542917062436,425330,3.9210950781375455,4.116821717434897,4.64414948452532,-0.33234075926855033,-0.7230544063877727,425330.0,3.9210950781375455,7.217766878490364,8.881881621253491,-3.4332859203240176,-4.960786543115948,SOXL,normal18m,09:30-10:00,all
335901,2631290786.7409096,2.4696492973701476,2.710266452321998,1.540713350279779,2.997209119353705,3.7677421692049324,3.8309083925926037,4.17403760545158,0.64931529337019,0.19567967942935569,0.2891506723707283,0.5091619256864374,0.04237260383267689,0.8043203205706443,0.9999464127823376,0.5061643488952998,0.32120178266810756,335883,2.710329114350202,-2.9652600521536034,-1.2998345369150504,5.435041698250234,4.010163651265252,335883.0,2.710329114350202,-0.3087775310773139,-0.28182495166297583,2.7785591771739457,2.9921540660131773,SOXL,normal18m,10:00-10:30,all
221208,1734603801.0214415,2.700030422243248,2.898053921345102,1.693260266037303,3.4199702705147614,4.217785804066441,4.216530605797796,4.406809652289304,0.6576308372746676,0.20657932805323495,0.31520559835087336,0.4643864598025388,0.0415129651730498,0.793420671946765,0.9998824635637047,0.48420305449810563,0.3400645546273191,221182,2.8982311098861446,-5.639243943717448,-3.290701613688788,8.339591755219049,6.188932723574932,221182.0,2.8982311098861446,-23.296441972584944,-14.866469498630877,25.99678978408655,17.76470060851702,SOXL,normal18m,10:30-11:00,all
165258,1324076737.0668128,2.3061511473055423,2.448951865640024,1.578656563263226,2.956737483208239,3.4686715725508015,3.678015618865677,3.805895451350338,0.6434627269572347,0.21493059337520726,0.3020973266044609,0.47363516440958986,0.03792857229302061,0.7850694066247927,0.9997337496520592,0.5163666517365356,0.35057304336249984,165214,2.4494281481811373,1.087393317137206,1.1770807082493517,1.2193720072384098,1.2723474399317856,165214.0,2.4494281481811373,-3.237321417063196,-7.9467021576070245,5.544086741438811,10.396130305788162,SOXL,normal18m,11:00-11:30,all
131455,1145904201.7224276,2.5719163139611427,2.8338360296461866,1.5521924718650995,3.8519566528471363,4.651027582834645,4.216343321250234,4.464774897017564,0.6347097210968392,0.21559469019816668,0.3461945152333498,0.4403940511962268,0.028808337453881557,0.7844053098018333,0.9999163211745464,0.501704147773957,0.356631546917196,131444,2.8340900083285674,-0.7315135306733718,0.28758635209157846,3.303645077581093,2.546503656236989,131444.0,2.8340900083285674,-4.53082337521976,-2.7591454331032828,7.102954922127479,5.593235441431852,SOXL,normal18m,11:30-12:00,all
142265,1292553473.2944973,2.1284942652641843,2.3859127001110436,1.42918393597126,2.8082717449831,3.5341536309169608,3.479527833942626,3.6082420789140652,0.6612396418893011,0.20042174814606545,0.33252732576529714,0.45043404913365903,0.04035426844269497,0.7995782518539346,0.9999437669138579,0.532226885144492,0.31165782167082556,142257,2.385962420024672,-3.5254544449154244,-7.378156045210754,5.654068408711832,9.764118465235427,142257.0,2.385962420024672,-4.632469769168864,-10.047648300754386,6.761083732965274,12.433610720779058,SOXL,normal18m,12:00-12:30,all
86779,784568233.5626229,2.3252350528602985,2.680155104143626,1.4597474636874541,3.423459507484683,4.4364978124520125,4.045630763571959,4.309454340353673,0.6219244694268342,0.22853455329054265,0.3569296719252354,0.4143859689556229,0.025755078993765772,0.7714654467094574,0.9997810530197399,0.47896496081143386,0.3619884995217737,86760,2.6804567993454858,1.119646099544266,2.0885391303976375,1.2060981680000793,0.5919176689478481,86760.0,2.6804567993454858,5.357657743131958,0.40087815566802587,-3.031913475587613,2.2795786436774614,SOXL,normal18m,12:30-13:00,all
79010,661311053.5374105,2.148845331774211,2.3563828458891822,1.4595344085223534,2.430111360587461,3.029260355091799,3.5109556320390536,3.668244382954417,0.6423734625857569,0.23427414251360587,0.2892671813694469,0.4822427540817618,0.03131249208960891,0.7657258574863941,0.9997721807366157,0.4829223212477213,0.3492469307682572,78992,2.357164856673687,0.5449070308702525,0.5823733065836316,1.6044279608183376,1.7747915500900553,78992.0,2.357164856673687,-0.7648189316852421,0.7776469179534183,2.9141539233738323,1.5795179387202682,SOXL,normal18m,13:00-13:30,all
92257,827634085.8162885,2.5283706114295343,2.606882518204033,1.4273479874380395,3.4334528545260743,3.8869062252372446,2.9792046814264275,3.1468633262880545,0.8284066538342589,0.21118180734253228,0.2741147013234768,0.49114972305624505,0.04989323303380773,0.7888181926574678,0.9999024464268293,0.5229923683982308,0.3069468983383375,92248,2.607107120257078,-0.2916190666836972,-0.6611728405813999,2.8202363537645887,3.2682799608384774,92248.0,2.607107120257078,8.561964929042599,5.842498312907364,-6.033347641961708,-3.235391192650287,SOXL,normal18m,13:30-14:00,all
68758,601817157.6109154,1.7711273568240777,1.926562099374531,1.3233525166302824,1.9855622734811087,2.558615660642703,2.90115822865893,3.0559234188389017,0.6304353333914788,0.236176154047529,0.2658454288955467,0.5118095348904854,0.019052328456325082,0.763823845952471,0.9997527560429332,0.514903769220698,0.3401204223508537,68741,1.9267905357631032,-0.10833825892264651,0.2688636025622376,1.879903624577715,1.657926933200866,68741.0,1.9267905357631032,-1.8223554550962315,-0.5338305320598691,3.5939208207512996,2.4606210678229723,SOXL,normal18m,14:00-14:30,all
68522,613718801.5587904,1.8093143662734954,2.0556319355487855,1.395413097543886,2.204876810367691,2.8916480933900606,2.974255148103319,3.154797353076213,0.6515892165131806,0.2310936633489974,0.27538600741367736,0.4952278100464085,0.023642041971921428,0.7689063366510026,0.9997081229386182,0.4905404221774547,0.33780391699016377,68502,2.0560562816260806,0.1235624810914485,1.2373544249238941,1.6862801367266955,0.8187018567021866,68502.0,2.0560562816260806,1.1502320724740909,3.6664942592062437,0.6596105453440527,-1.6104379775801625,SOXL,normal18m,14:30-15:00,all
101946,867845368.3345934,1.794627808536128,2.0705000184205655,1.3729662936801434,2.1928544582427842,3.036902120295588,2.87355316062913,3.229964965314857,0.6410286305439022,0.23678221803699998,0.23603672532517214,0.5288584152394404,0.027749985286328056,0.763217781963,0.9998626723951896,0.5095652003296315,0.3102426774959292,101932,2.0706830201993167,-1.5002534456628196,-1.288070255394093,3.295127739986502,3.35875327559341,101932.0,2.0706830201993167,-5.929085260221198,-6.547888230779654,7.723959554544878,8.618571250978972,SOXL,normal18m,15:00-15:30,all
667587,2080060244.7443285,1.621480241942834,1.9012210241152754,1.4290818149326054,1.7708998893029517,2.6561339100911736,2.6560833675283293,2.7149509628603408,0.7002782186946909,0.25320744711925186,0.10952579963360581,0.6739526084240706,0.017453904884307214,0.7467925528807481,0.9999430785800203,0.3322512654501767,0.20351504747695806,667549,1.901409323508606,-0.7971643721317159,-0.4915027086560108,2.4187369162861647,2.3929120321646176,667549.0,1.901409323508606,-0.11467814504293462,2.324487631398304,1.736250689197386,-0.4230783078896972,SOXL,normal18m,15:30-16:00,all
594841,4379579693.054511,3.980121857009567,4.662740844709165,2.2745365631764165,4.870763303471088,6.3915126498306645,5.612718542794092,6.129147277280899,0.7607487034930114,0.17546033309741596,0.3191323395663715,0.4688614268350702,0.0552836808491681,0.8245396669025841,0.9999781454203729,0.4724458162695771,0.2948771184232425,489402,4.996528770305212,6.150914405115369,5.811142369631466,-1.9375115070859101,-0.8146135993262523,,,,,,,SOXL,normal18m,open 09:30-09:35 (fixed),all
1420405,4737354277.269207,1.4418937655182993,1.55242453681299,1.0306622004628605,1.4114234880898584,1.9299172328620438,2.0052053836705026,2.0483896964816917,0.7578755836740587,0.24370584445985477,0.07195905393180115,0.7011253832533679,0.01382070606622759,0.7562941555401452,0.999919741200573,0.3729862401437452,0.17547108043128545,846969,1.6332670790680404,-5.230440586727602,-3.759631694287202,6.77321828857504,5.392898773355243,,,,,,,SOXL,normal18m,close 15:55-16:00 (fixed),all
839497,7158367441.916635,1.8175389036006402,1.9130460458680874,0.7561150807145972,2.590564945676046,2.726638025012817,3.126700995418614,3.100691594278652,0.6169739839324911,0.21265948538231821,0.3685421150998753,0.3856130516249611,0.03746886528480745,0.7873405146176817,0.9999380581467235,0.5078962886192663,0.3191637373331888,839445,1.9131042903248365,0.18952336832879213,-0.4378842141384193,1.6281281239736713,2.3509885044632557,839445.0,1.9131042903248365,2.9198709295480594,-0.16306582417934257,-1.1022194372455951,2.0761701145041798,SOXL,since_2026-07-15,RTH all,all
571560,3971975177.287,1.7369200958719158,1.8003732219463688,0.7407681765984596,2.4778203513193415,2.568912603294656,2.7713628960574255,2.5211287007542706,0.7141139686394168,0.162850794317307,0.3287476380432501,0.48652634893974384,0.027991811883266847,0.837149205682693,0.9999422632794457,0.5035300169545796,0.0,571527,1.8004292500318773,-0.673966267460829,-2.2254051214959882,2.4109866531931816,4.025834371527866,571527.0,1.8004292500318773,3.038865189218024,-1.962119879188871,-1.301844803485671,3.7625491292207482,SOXL,since_2026-07-15,RTH all,lit
267937,3186392264.6296344,1.9895139788811345,2.053497573051265,1.1415075772491756,2.8310703643025086,2.9232495555032343,3.884703973995224,3.82314169946777,0.5371230612083088,0.3189107887301866,0.45343121703982653,0.17034601417497397,0.057685202118408434,0.6810892112698135,0.9999290878079549,0.5172104897767227,1.0,267918,2.0535583675392117,2.031533390327817,1.7903341995540203,-0.04187832064460266,0.2632241679851915,267918.0,2.0535583675392117,2.6660304550506537,2.079529132948282,-0.676375385367439,-0.025970765409070822,SOXL,since_2026-07-15,RTH all,offexchange_TRF
137315,1235839290.1177897,3.383270302184963,3.403225923169531,2.636609320415297,4.7657234519172675,4.792986524990926,5.706579430387898,5.502336586880166,0.6185055874779128,0.17098641808979353,0.5123256745439319,0.26836106761825,0.04888759421767469,0.8290135819102065,1.0,0.4844918617776645,0.3409095874449259,137315,3.4032259231693702,3.4599179633198838,3.336672105678089,-0.07664766113506406,0.06655381749128116,137315.0,3.4032259231693702,10.008106910075249,4.6456770050517076,-6.62483660789043,-1.2424510818823384,SOXL,since_2026-07-15,09:30-10:00,all
107810,933771710.1069877,1.9245089151853998,2.060300406549661,1.4123296377361634,2.7317280437808633,2.925338676233142,3.604124658470407,3.5508991272826136,0.5802193564778454,0.19101196549485205,0.42217790557462204,0.35263890177163526,0.03686114460625174,0.8089880345051479,0.9999907244225953,0.5241120871170311,0.33838233930062145,107809,2.0603027887005676,1.0409427753389113,1.099806681186403,0.8835839909432815,0.9604961075141655,107809.0,2.0603027887005676,2.831503732139628,0.9622850596539715,-0.9069769658574329,1.0980177290465971,SOXL,since_2026-07-15,10:00-10:30,all
76684,662843397.704618,1.988632312316588,2.0657709276962946,1.3749011806009162,2.8285760210737485,2.9421133764310885,3.614917059070767,3.356320925006774,0.6154867111499849,0.22039799697459705,0.4486463929894111,0.2848312555422252,0.04811955557873872,0.779602003025403,0.9999478378801314,0.5312989045383412,0.36114443690991604,76680,2.065801593896707,-0.5433454407166219,1.2200566391254848,2.5320814897211648,0.8457449547712221,76680.0,2.065801593896707,-4.078998655849645,-3.1536100539939502,6.067734704854186,5.219411647890657,SOXL,since_2026-07-15,10:30-11:00,all
50008,425047207.0379112,1.551750461439931,1.540152844085588,0.7235628233414787,2.200521976484046,2.18989021195384,2.9339680836584057,2.7238971780681007,0.5654225337455386,0.22876339785634298,0.39439689649656057,0.34242521196608544,0.03797392417213246,0.771236602143657,0.9999000159974404,0.5356678599284043,0.3566229403295473,50003,1.5402145099253928,2.0842554010502528,1.7517543979403483,-0.5323497738743486,-0.2115398880149549,50003.0,1.5402145099253928,1.7409379893284822,2.9538819884600844,-0.18903236215257818,-1.413667478534691,SOXL,since_2026-07-15,11:00-11:30,all
49439,428559428.9627253,1.344273369365065,1.4082041737147541,0.7191399086685775,1.9092182649328062,2.0021684137084614,2.7419112846607603,2.6332927756271567,0.5347693149613301,0.24106474645522766,0.3862133133760796,0.3543356459475313,0.021986690669309656,0.7589352535447723,0.9999595461073242,0.5074943867953152,0.363761402940998,49437,1.4082292999747763,-1.187415967188244,-1.067917159453857,2.531743719843662,2.476146459428633,49437.0,1.4082292999747763,0.017740091857402898,0.09249888987812085,1.3265876607980152,1.3157304100966554,SOXL,since_2026-07-15,11:30-12:00,all
77677,751054082.8937614,1.578733610321406,1.713599857834396,1.3027618551316968,2.2661773729677472,2.462560131014124,2.844993983421847,2.7577547925558914,0.6213749904306137,0.20112774695212224,0.4007363827130296,0.35903806789654596,0.04226476305727564,0.7988722530478778,0.9999742523526912,0.5517862890247828,0.2939093940291206,77675,1.7136049550653971,-6.279572208312294,-12.591204463544601,7.8583464683563395,14.304809418609999,77675.0,1.7136049550653971,-10.058567821142022,-19.737642473143076,11.63734208118607,21.451247428208475,SOXL,since_2026-07-15,12:00-12:30,all
41881,379063848.78610355,1.540435285663122,1.6313733045940735,0.747523827321316,2.182573782861198,2.3154053872207787,3.056263681441174,2.902111476799629,0.5621332321779411,0.23690933836345837,0.41885341801771686,0.31842601657076003,0.02946443494663451,0.7630906616365416,0.9999522456483847,0.4694715728646816,0.3512332561304649,41879,1.6313906528021929,0.5156148886757986,1.4958536787344399,1.02489396298844,0.13553697406775303,41879.0,1.6313906528021929,1.448689762865907,2.314868946093116,0.09181908879833102,-0.683478293290923,SOXL,since_2026-07-15,12:30-13:00,all
29104,252642452.37881747,1.339313587906809,1.4525166281160873,0.7128345867375518,1.919750501649584,2.0815510827210923,2.737727140667461,2.7031215445876056,0.5373478787975428,0.2537108301264431,0.3897058823529412,0.3356239692138538,0.027762506871907643,0.7462891698735569,1.0,0.46364760857614074,0.35991616272677296,29104,1.4525166281158497,0.7326864977190439,0.8451985047126283,0.6066270901875166,0.6073181234032211,29104.0,1.4525166281158497,-1.5749501210159702,-1.253793506235941,2.914263708922531,2.7063101343517912,SOXL,since_2026-07-15,13:00-13:30,all
40991,374778894.0357611,2.768791439242255,2.5495942723614355,0.7143112254002575,4.069348881462019,3.7375252289965566,2.3810420596667186,2.3522669746332134,1.083888138487763,0.21980434729574785,0.33368300358615305,0.379717498963187,0.07121075358005416,0.7801956527042522,0.9999512088019321,0.556124813974481,0.29623575906906396,40989,2.5498958162230356,-5.276340185718941,-5.51309088765185,8.045266724204145,8.062986703874886,40989.0,2.5498958162230356,0.46501549280485976,-0.2866792399816173,2.303911045680344,2.8365750562046537,SOXL,since_2026-07-15,13:30-14:00,all
32816,307441774.5429351,1.0923490901102124,1.2065731751750217,0.7041013905996061,1.559680363237786,1.7218375597611242,2.0924868013256788,2.107930129443982,0.5723971389380372,0.2432350073135056,0.30113359336908824,0.4426194539249147,0.022580448561677232,0.7567649926864944,0.9999390541199414,0.5144450539403913,0.3176803998049732,32814,1.206606564278527,-1.1025741030981702,-0.9990559204136136,2.1949897714424056,2.2056624846921404,32814.0,1.206606564278527,-1.8132946825813405,0.4031709902298292,2.905710350925575,0.8034355740486979,SOXL,since_2026-07-15,14:00-14:30,all
26888,243574665.15944326,1.0545587116893027,1.1292545818643902,0.6903931789147644,1.5253097590006741,1.6317194748164243,2.0122985842297325,1.9315704768857775,0.5846302764396456,0.262793811365665,0.31039869086581373,0.40452990181493603,0.030794406426658733,0.7372061886343351,0.999776852127343,0.48921211219403316,0.3314489735197858,26882,1.1293556152250943,0.5239327700892897,0.6948187803869343,0.5308613166563058,0.4345368348381599,26882.0,1.1293556152250943,3.2792727573731826,5.288960689912963,-2.224478670627587,-4.159605074687868,SOXL,since_2026-07-15,14:30-15:00,all
38336,337344696.7953381,0.898065214060142,0.9449031631723543,0.6866009818387796,1.2967362426965965,1.3654074252814423,1.7375929564288242,1.701574788951426,0.5553109797510805,0.29189273789649417,0.25477358096828046,0.43262207846410683,0.02924144407345576,0.7081072621035058,0.9998174040066778,0.5040830702601163,0.3134390651085142,38329,0.945039068089433,0.5887316420425582,1.4272842078496597,0.3094975850751826,-0.4822451397602265,38329.0,0.945039068089433,0.5410797816873474,1.5400281077877485,0.3571494454303934,-0.5949890396983155,SOXL,since_2026-07-15,15:00-15:30,all
130548,826405993.3944428,0.911210719586416,0.9008978115539313,0.6882549296292196,1.3213109691457572,1.3105455173157012,1.3600726667938774,1.3803843563255693,0.6526427276762407,0.19930600238992555,0.14262187088274045,0.6420933296565248,0.0241903361215798,0.8006939976100744,0.9998544596623464,0.4791425660198117,0.22689738640193646,130529,0.9009555451599498,1.7511046898282872,1.2318693603768076,-0.8397613330222459,-0.33091381521685853,130529.0,0.9009555451599498,12.98110108621142,6.567712948267361,-12.069757729405378,-5.666757403107409,SOXL,since_2026-07-15,15:30-16:00,all
189988,1737941547.3603659,4.083097747063024,5.223523248385746,2.8839221340997567,5.7794771996126935,7.38809389813898,6.537645048095238,6.462916818014065,0.8082299982302477,0.15888371897172454,0.49874728930248224,0.28590226751163234,0.05686674947891446,0.8411162810282755,0.9999894730193486,0.4899782089206573,0.3176463776659578,153707,5.7904664352223625,0.40926394783020625,3.347792728548775,4.023576250285385,2.4426737066735864,,,,,,,SOXL,since_2026-07-15,open 09:30-09:35 (fixed),all
260126,1865224226.1904824,1.0349840695109158,1.1792012135651198,0.6833635152213008,1.4397618062017772,1.636950913969075,1.3621142779415103,1.464492730740873,0.8051943098198739,0.17673358295595212,0.11731622367621845,0.6838224552716761,0.03041602915510176,0.8232664170440479,0.9999846228366254,0.5433681118859612,0.17321221254315217,187103,1.0915054279759888,-3.0058486532787496,-2.2334196233372396,4.0037883649842385,3.3249250513132282,,,,,,,SOXL,since_2026-07-15,close 15:55-16:00 (fixed),all
1680819,11733874703.03135,6.238047147385654,6.218275385332622,6.10447370715908,4.888380747718901,7.9833621275565605,8.308342290626369,8.75286738207389,0.7104272364582855,0.18920300163194254,0.2828763834773405,0.5393204146312006,0.03454982362764819,0.8107969983680575,0.999920871908278,0.4934151887979075,0.3263337694302599,1680686,6.218576334525976,-0.8628252158837886,-3.37977954594955,7.10136600709725,9.598355880475527,1680686.0,6.218576334525976,3.3271211382117962,0.8357379459262211,2.9114196530016643,5.382838388599756,SOXL,stress,RTH all,all
1132311,6560240318.204999,6.1232228339271675,5.828348167139617,6.898250800689153,4.383362344797521,6.884818975091699,7.553517966632551,7.476202184502308,0.7795867505056795,0.14106813410803215,0.20039194178984396,0.7033915593860697,0.02251854834934925,0.8589318658919678,0.9999178670877524,0.4617485325264216,0.0,1132218,5.828755903723687,-5.21518727817786,-7.9196589422252215,11.338913071538176,13.74841484594891,1132218.0,5.828755903723687,-1.2119196844860043,-7.302253896092914,7.33564547784632,13.131009799816601,SOXL,stress,RTH all,lit
548508,5173634384.82635,6.475084406999906,6.71270851834597,5.016911005182655,5.930914116111539,9.376330115635579,9.866561833688209,10.371696599407407,0.6472141229747796,0.2885700846660395,0.4531529166393198,0.20062059258935147,0.05938655407031438,0.7114299153339605,0.9999270749013688,0.5587855626946331,1.0,548468,6.712849891690915,8.121878849707038,2.376569175123744,-1.6463222121009091,4.336280716567171,548468.0,6.712849891690915,12.697191447132754,11.154320190719229,-6.221634809526623,-4.441470299028315,SOXL,stress,RTH all,offexchange_TRF
236187,1581352940.4358592,6.863222027011024,5.971032166973872,5.187170398547789,5.907939810404541,8.960997846133287,8.491223123033015,8.73344279374372,0.6836974041040579,0.170398878854467,0.3069474611219076,0.5051505798371629,0.0517428986354033,0.829601121145533,0.9999915321334366,0.4822109786819654,0.32555559789488836,236185,5.9710441148924405,4.520361420654209,-2.7064483017554046,2.342918723697161,8.677492416647846,236185.0,5.9710441148924405,-13.448956369121204,-11.761369533976962,20.312236513472573,17.732413648869404,SOXL,stress,09:30-10:00,all
181401,1252963580.0002265,6.5762366478439045,5.98087965784172,6.677201807297474,4.726158731208835,7.615969913008132,8.656742071279469,8.428540980891464,0.709598454987774,0.1802911781081692,0.31388470846356964,0.5088946587946043,0.041477169365108243,0.8197088218918308,0.9999944873512274,0.5061135611907387,0.3648767096102006,181400,5.980892001845012,4.841845758453952,-2.6412018637509362,1.734427142072541,8.622093865595946,181400.0,5.980892001845012,9.767781211989588,-1.5416992369748366,-3.191508311463096,7.5225912388198495,SOXL,stress,10:00-10:30,all
138836,971000390.9541316,6.5829679284479665,6.455295520337764,6.680175465943757,5.216290443400907,8.662894432035843,8.817424511682564,9.233594212485022,0.6991097260489707,0.18858941484917457,0.29605433749171683,0.5279106283672823,0.03746146532599614,0.8114105851508254,0.9999567835431732,0.4948498163221206,0.34319628914690714,138830,6.45547858560324,0.4018210780033932,0.21810320722676052,6.181431355289,6.23737537837648,138830.0,6.45547858560324,-6.979690102273276,0.1726455896419104,13.562942535565671,6.2828329959613285,SOXL,stress,10:30-11:00,all
127512,804940266.7202306,6.9232718090095915,6.781999295997455,8.035355564484984,4.239858836815417,7.532549311743302,8.51889716783796,8.931083754259665,0.759370249188716,0.16547462199636112,0.25479954827780915,0.5934029738377564,0.034804567413263064,0.8345253780036389,0.999937260806826,0.4493192370435437,0.30956302151954324,127504,6.782078322256947,-17.659140021213663,-5.021968590224755,24.582846217963684,11.8040469124817,127504.0,6.782078322256947,-0.7629802321920484,15.961560127182176,7.686686428942074,-9.179481804925226,SOXL,stress,11:00-11:30,all
99692,848816920.2318712,5.5874496258608515,5.606057491570803,4.688110431047368,5.421323075071233,7.742454734842204,7.949659739969895,8.001974385277014,0.7005842835345105,0.17997432090839788,0.3396461100188581,0.4816133691770654,0.03813746338723268,0.8200256790916022,0.9998695983629579,0.49750699746185256,0.3574208562372106,99679,5.6064189817426735,-4.89204929263033,-0.9821836348367354,10.480227626093821,6.588602616579411,99679.0,5.6064189817426735,11.559082760353231,10.39535105945764,-5.970904426889739,-4.788932077714967,SOXL,stress,11:30-12:00,all
89774,704765671.3711972,6.475386363714532,6.501029989191039,6.30226639195227,6.151469690556358,8.953305326691053,9.06704080746951,9.382476785922506,0.6928906020791016,0.1639116002406042,0.3368681355403569,0.5039877915654867,0.03165727270701985,0.8360883997593959,0.9998886091741485,0.4580009803484693,0.32911533406108673,89764,6.501298498794455,-1.9995757800125333,0.10713715923473287,8.475683522716698,6.394161339559721,89764.0,6.501298498794455,-7.066889850853055,7.8542977039402,13.542997593557219,-1.3529992051457482,SOXL,stress,12:00-12:30,all
110114,875569291.5433522,7.118227254075015,7.244239909907339,7.369196761998806,8.078671740196528,10.797150333853915,9.840198488418746,10.555872802947443,0.6862757864877437,0.13766641843907224,0.3539422780027971,0.48606898305392593,0.04305537897088472,0.8623335815609278,0.9996185771109941,0.4211334399302275,0.3092703925023158,110072,7.246887379441116,-13.95519537234079,-15.562939272205703,21.076138717198752,22.809826651646826,110072.0,7.246887379441116,35.29835810098709,26.178624117294323,-28.177414756129117,-18.931736737853214,SOXL,stress,12:30-13:00,all
88613,838985831.5781687,6.967441847368419,6.849974417562548,7.719776475397716,6.387180436279209,9.41160170976936,9.579501105236389,9.570743750647253,0.7157201776611453,0.1632153295791814,0.37186417342827804,0.4694570774039926,0.03520928080529945,0.8367846704208186,0.9999435748705043,0.5268034488985193,0.36254274203559295,88608,6.850380417643822,3.7515552762494857,2.7221331208050494,3.2162797321114645,4.128247296838773,88608.0,6.850380417643822,31.11435248588773,19.45690147304594,-24.14651747752678,-12.60652105540212,SOXL,stress,13:00-13:30,all
99678,739835824.3641989,6.637291399769565,6.6751051214176895,8.322929671245578,3.4070882240815896,6.0026733847382605,8.224903488699784,8.580665257155855,0.7779239629294451,0.21942655350227733,0.2480085876522402,0.5716607476072955,0.04134312486205582,0.7805734464977226,0.9999398061758864,0.5543181635765311,0.3682056221031722,99672,6.67528339816292,-18.26754549614565,-19.829213129937138,24.905236443916515,26.504496528100056,99672.0,6.67528339816292,-39.56773854050956,-34.396179336085595,46.20542948828041,41.07146273424851,SOXL,stress,13:30-14:00,all
86246,695161765.5466503,6.688570274113855,6.725403986624565,8.036080360802359,4.170730700554293,6.642777663026709,7.972897068427891,8.29776074248754,0.8105083040281049,0.19101175706699441,0.2828536975627855,0.5628318994504093,0.026899798251513115,0.8089882429330056,0.999965215778123,0.5155780759018124,0.3624979709203905,86243,6.725440316303155,6.164407995172464,2.994563741328678,0.5243949437467842,3.7308765749744763,86243.0,6.725440316303155,-5.504583715457569,0.37476604139760833,12.193386654376816,6.350674274905547,SOXL,stress,14:00-14:30,all
82084,726032843.005216,5.6306852789442905,5.595050370919385,6.282064705266703,3.7871480434676985,6.335852062327569,7.398910708839556,7.676396800216589,0.7288641424530738,0.18763705472442863,0.28909409872813213,0.5412747916768189,0.03280785536767214,0.8123629452755714,0.9999756347156571,0.4700665188470067,0.3560377174601628,82082,5.595081221656933,4.81219371755911,7.478602013920456,0.8186287579757607,-1.8835207922635246,82082.0,5.595081221656933,-14.217348169849766,0.07930372236532081,19.84817064538464,5.515777499291611,SOXL,stress,14:30-15:00,all
79458,779956924.3523319,5.427804298843039,5.431335084891154,4.868944250586978,4.648505122203086,7.314072676440859,7.82103410137961,8.232843372710317,0.659715585370491,0.230612399003247,0.3051800951446047,0.489340280399708,0.03157643031538675,0.769387600996753,0.9997734652269124,0.5330060422960725,0.3478441440761157,79440,5.431555370964161,-0.49914299379625715,-1.434101649523271,5.9281771576615405,6.865657020487433,79440.0,5.431555370964161,1.1280130681219946,14.519765760180247,4.301021095743288,-9.088210389216089,SOXL,stress,15:00-15:30,all
261224,914492452.9279159,4.604636253685346,5.422596668465837,1.6541229013324152,2.951951352096452,6.443522621240297,6.903506409771259,8.082080989777417,0.670940649484283,0.24282225216672282,0.1504915321716228,0.6458058983860595,0.009723455731479496,0.7571777478332772,0.9999349217529783,0.5099710191533917,0.23779208648516215,261207,5.422671496968992,6.1418785600392685,-8.59863596916393,-1.5369426251957958,14.021307466132923,261207.0,5.422671496968992,24.495534612685834,-24.57023953073639,-19.890598677842373,29.992911027705386,SOXL,stress,15:30-16:00,all
300887,1881890360.5532742,7.65461569239154,6.889223592526044,7.108583614713355,6.33810819344144,10.088313691282542,9.324803372187064,9.793850516287318,0.7034233962494285,0.13793218051959705,0.29928511368055116,0.5278460019874571,0.05255129001917663,0.8620678194804029,0.9999734119453483,0.4590948520833957,0.3245205010518899,245221,7.091311173172019,5.74634894879854,5.827359231056284,2.1240977315975615,1.263951942115733,,,,,,,SOXL,stress,open 09:30-09:35 (fixed),all
768133,2372983476.3378873,2.8507405398296846,2.9414083159234083,1.615378402389291,2.0470386508587968,2.8112128922205186,4.056541926123402,3.957512748221819,0.743246706468611,0.20775568814254822,0.12022266977203167,0.6689102017489159,0.0200056500632052,0.7922443118574518,0.9999960944263558,0.5198534102300392,0.14020879196701613,505193,3.0078195785080704,-1.4867927734708184,-6.467020569169868,4.576013462784422,9.47484014767794,,,,,,,SOXL,stress,close 15:55-16:00 (fixed),all
199020,894911050.1083,4.584325457184021,4.479950908768378,3.615982643285162,0.8393931263189907,0.8317204725540241,5.373120279831473,5.408611452765145,0.8282996380666261,0.18445884835694906,0.12582152547482664,0.7459803034870868,0.01614410611998794,0.815541151643051,0.9995779318661441,0.4956518679374271,0.2699678424278967,198936,4.48229909365942,1.8732899646674486,0.7199213211881529,2.712971207210661,3.762377772471267,198936.0,4.48229909365942,5.76647938851282,2.1492258508677917,-1.180218216634711,2.333073242791628,SOXL,y2022,RTH all,all
145291,484485147.58799994,4.6268983433323285,4.68070874230781,3.60685302074125,0.8734388227763843,0.8835632306545735,4.983146257517045,5.017062488086122,0.9329580314024308,0.1755304870914234,0.011156919561431885,0.8963321885044497,0.015327859261757438,0.8244695129085766,0.9994769118527644,0.48317322590641465,0.0,145215,4.684265290179476,1.590107358966784,-0.13237013872187656,3.039212526727451,4.816635428901352,145215.0,4.684265290179476,9.637295331040693,2.293065346168135,-5.007975445346459,2.3911999440113405,SOXL,y2022,RTH all,lit
53729,410425902.5203,4.4692022052833,4.242967355794437,3.686635944699727,0.7473286307208743,0.7705229551569066,6.4276665337369145,5.870813416080711,0.722722228605077,0.2086024307171174,0.43589123192317,0.3394070241396639,0.018351355878575816,0.7913975692828826,0.9998511046176181,0.5293832951732097,1.0,53721,4.244011521997801,2.638770169556077,1.7254879250516306,1.831097578394544,2.51852359694617,53721.0,4.244011521997801,-4.696850353937712,1.9795184214329455,9.166718101888334,2.264493100564855,SOXL,y2022,RTH all,offexchange_TRF
39086,160064352.3684,4.854312015586873,4.796371883948593,3.321707357581136,0.9718548841017445,1.0078761436546586,5.752974228949877,5.715921106777344,0.8391249274349771,0.1867164713708233,0.15701274113493321,0.7064422043698511,0.02177250166299954,0.8132835286291766,0.9993603847925088,0.5135557205396687,0.28066315304712686,39061,4.8036539439816455,1.8107324617505818,-0.8957432840471078,3.046686432830327,5.699397228028755,39061.0,4.8036539439816455,4.3265680218881135,4.981280916919673,0.5308508726927926,-0.17762697293803067,SOXL,y2022,09:30-10:00,all
22503,92617808.7567,5.627295639188095,5.131588981222149,5.61534861956367,0.8438545971648422,0.8184439259378444,5.745155333608018,5.761734385559336,0.8906326876302171,0.18615295738346,0.11345153979469404,0.7278140692352131,0.0492378793938586,0.8138470426165401,0.9998666844420744,0.4749777777777778,0.2582322357019064,22500,5.133375069155133,4.049208598015322,-1.114127973383184,1.578837347257915,6.24750304253832,22500.0,5.133375069155133,33.80961955583852,17.100025262217887,-28.181573610565284,-11.96665019306275,SOXL,y2022,10:00-10:30,all
20255,89652786.6529,4.6248139909961585,4.596438040302966,3.4182191078465616,0.823810417180963,0.8128219354641435,5.447687428650074,5.4832320997234625,0.838271653781495,0.16919279190323377,0.11039249568007899,0.7660330782522834,0.01258948407800543,0.8308072080967662,0.9996544063194273,0.51106282101936,0.2580103678104172,20248,4.597560325023155,3.163459054969841,-1.7548872504861257,1.4629537950709142,6.35244757550928,20248.0,4.597560325023155,2.4986318598760158,-12.906795757600744,2.127780990164739,17.5043560826239,SOXL,y2022,10:30-11:00,all
14669,69769759.5449,4.620978313790601,4.455092736506718,3.4393809114352574,0.7787661053923519,0.7777402196679639,5.610203205676169,5.4645304567851865,0.8152745733121367,0.19687776944576998,0.1288431385915877,0.7526075397095917,0.005862703660781239,0.80312223055423,0.9987729224896039,0.49300389051941845,0.2810007498807008,14651,4.457522997025791,-0.643073155657016,-0.7385901248626533,5.269728734456607,5.196113121888442,14651.0,4.457522997025791,1.4678928425489963,2.4438668649411945,3.1587627362505937,2.013656132084598,SOXL,y2022,11:00-11:30,all
14595,70412511.23519999,3.941742210805659,3.8782881210006783,3.5032404974619427,0.828496060294686,0.8179566212231562,4.694280187459506,4.683559545994363,0.8280642282679213,0.17327852004110997,0.1079136690647482,0.7710174717368962,0.015279205207262761,0.82672147995889,0.9998629667694416,0.4848900157609813,0.25837615621788285,14593,3.8786120983258323,0.7414989222085238,1.6226462117407845,3.2007835122947936,2.2559658865850487,14593.0,3.8786120983258323,-1.2202803772456094,5.9554109211339865,5.162562811748927,-2.076798822808152,SOXL,y2022,11:30-12:00,all
10852,47764030.466299996,4.059815775147966,3.851722709049126,3.546227609916983,0.7938794692222937,0.7833125084686674,4.915704056990344,4.729987155720035,0.8143199087530688,0.18374493180980464,0.11712126796903796,0.7670475488389237,0.005805381496498342,0.8162550681901953,0.9999078510873571,0.5155285227168003,0.2676925912274235,10851,3.852090425217889,2.3696734402502937,3.8106271076926945,1.6905164769835528,0.04146331752519353,10851.0,3.852090425217889,-0.14496262058667053,-6.198015124485241,4.205152537820517,10.05010554970313,SOXL,y2022,12:00-12:30,all
8429,36038203.370400004,3.930982233291096,3.868223603950022,3.629105425511889,0.787844346897663,0.7697965225750402,4.749279762667104,4.817441712105206,0.8029622017491148,0.1868549056827619,0.12338355676829992,0.7649780519634595,0.004270969272748843,0.8131450943172381,0.9998813619646458,0.489202657807309,0.2563767944002847,8428,3.8700365659239067,3.8920725101722877,7.407852925995519,0.03937614246291988,-3.537816360071615,8428.0,3.8700365659239067,-11.645813025733736,-2.363112604352602,15.577261678368947,6.233149170276511,SOXL,y2022,12:30-13:00,all
10657,50501440.734799996,4.830656007071952,4.650371757372446,3.694808793646819,0.7983822839448519,0.7581949577426764,5.836966252409929,5.939466505054274,0.7829611890925129,0.175940696255982,0.13746833067467393,0.7390447593131275,0.00713146288824247,0.824059303744018,0.9997184948859904,0.5277829923033602,0.28657220606174344,10654,4.656389023407442,0.6880730259242952,4.188525496276991,4.143943218431329,0.467863527130451,10654.0,4.656389023407442,9.608918441578057,11.743522920836716,-4.776902197222433,-7.087133897429272,SOXL,y2022,13:00-13:30,all
7916,34640419.2852,4.046886298383355,3.58394627996219,3.671745915181939,0.797397675593773,0.762709004185796,4.9457728898104865,4.68377452391028,0.7651833498103808,0.18077311773623042,0.1167256189994947,0.7697069226882264,0.006568974229408792,0.8192268822637696,0.9984840828701365,0.4722925101214575,0.2617483577564427,7904,3.5865474168407485,1.75338418473973,0.891631769401035,2.299646171788826,2.694915647439714,7904.0,3.5865474168407485,2.0832726939352315,0.1480405962715477,1.9697576625933242,3.4385068205692026,SOXL,y2022,13:30-14:00,all
11908,67495498.5323,4.562333060775697,4.901632555216826,3.7943464238277405,0.7714578434666095,0.7925958727323711,5.667946014838332,5.997477579268932,0.81728234752556,0.1990258649647296,0.15241854215653342,0.7033087000335909,0.007306012764528048,0.8009741350352704,0.9995801142089352,0.5061749138872553,0.32885455156197513,11903,4.902086228888528,2.4516473833138903,0.23668850522577892,2.112602140983812,4.66539772366275,11903.0,4.902086228888528,2.8313839555815847,-3.2415274370843563,1.732865568716117,8.143613665972884,SOXL,y2022,14:00-14:30,all
10586,51897897.7789,4.534498457395348,4.592371329014235,3.774297037178757,0.8153466843000421,0.784197554646203,5.250224597265634,5.61079560873218,0.8184884371597937,0.19270734932930286,0.12214245229548461,0.7495749102588324,0.01558662384281126,0.8072926506706971,1.0,0.48148498016247876,0.2682788588702059,10586,4.592371329014106,2.4788437844359863,3.9978133781934413,2.055654672959267,0.5945579508206639,10586.0,4.592371329014106,3.984376160235808,3.971496511552566,0.5501222971594449,0.6208748174615392,SOXL,y2022,14:30-15:00,all
13518,64230514.1314,4.294335482171314,4.492925123662698,3.8292169251407677,0.8104290575529035,0.8266589931541541,5.143396245764384,5.353036851065107,0.8393226590190072,0.17080929131528333,0.10682053558218671,0.7778517532179317,0.007323568575233023,0.8291907086847167,0.9997040982393846,0.45619357703122687,0.24907530699807665,13514,4.493334718309799,-0.9335292695263,-1.731482262663022,5.229135829241432,6.224816980972822,13514.0,4.493334718309799,1.1508779566195773,-6.651702657656782,3.1447286030955564,11.145037375966584,SOXL,y2022,15:00-15:30,all
14046,59825827.2509,3.9817172570251076,3.844923105118148,3.827751196171487,0.7852271109212882,0.7572164913570273,4.750749081913478,4.8054539767137,0.800116518387212,0.19834828420902748,0.09953011533532678,0.7902605724049552,0.007973800370212161,0.8016517157909725,0.9997864160615122,0.48771629993591115,0.2501779866154065,14043,3.8451943336308028,1.6280975266323054,3.0355250000555802,2.3544703429235896,0.8096693335752222,14043.0,3.8451943336308028,3.7459053549932944,5.578766118434866,0.23666251456260226,-1.733571784804063,SOXL,y2022,15:30-16:00,all
61550,199955066.6742,7.066529404496776,5.666962312683043,7.630675314763838,1.1074807473598887,1.0409882637717258,7.198431923942257,6.816543774010621,0.8313542024463222,0.15246141348497158,0.11553208773354996,0.7225507717303006,0.03892770105605199,0.8475385865150284,1.0,0.4845004061738424,0.2471161657189277,50037,5.768843881140259,-5.6729875861074035,-6.366423690220811,13.06234069498889,12.135267571361066,,,,,,,SOXL,y2022,open 09:30-09:35 (fixed),all
25574,121834222.31250001,4.409069681442255,4.37038460054646,3.8160656363281857,0.8246085868460363,0.8412196341466635,5.222366717909482,5.170696404285155,0.8452216604565208,0.20356612184249628,0.0958004223039024,0.7430593571596152,0.018925471181668884,0.7964338781575037,0.999843591147259,0.5476730543605788,0.2536560569328224,16575,3.7763170533231616,0.5220012154939976,2.352597478257838,3.4336585991807183,1.4237195750653238,,,,,,,SOXL,y2022,close 15:55-16:00 (fixed),all
184374,998099848.6725,4.024386968103659,4.092717115550635,4.285408185131826,0.788514541095839,0.7980971941441501,4.67733724463666,4.812973890411043,0.8503509906223705,0.18670202957032989,0.14374044062611865,0.753902394046883,0.009762764814995606,0.8132979704296701,0.9996366081985529,0.5125198717357452,0.30508097671038215,184307,4.093974644902362,-3.7995389462766953,-1.8191417896566884,7.8253888752383185,5.91311643455905,184307.0,4.093974644902362,-6.251421505903104,-1.8775905296070223,10.277271434864726,5.971565174509384,SOXL,y2023,RTH all,all
128125,519361947.111,4.169101713080806,4.273963652822136,4.326195111398663,0.818806634146361,0.8379684532736783,4.46325651420584,4.480260405340555,0.9539542942029643,0.19281951219512194,0.002833170731707317,0.9309814634146342,0.007133658536585366,0.807180487804878,0.9995082926829268,0.5072699161343724,0.0,128062,4.276412198730631,-6.295024684069547,-5.168810142085584,10.466177383453221,9.445222340816214,128062.0,4.276412198730631,-10.990429669748627,-8.629140755858963,15.161582369132303,12.905552954589592,SOXL,y2023,RTH all,lit
56249,478737901.56149995,3.6947530777198834,3.8960906228551124,4.110996916751494,0.7195146580383953,0.7548425976149494,5.164974244164632,5.173920293176894,0.7530248635629506,0.17276751586694875,0.4647015946950168,0.35054845419474123,0.015751391135842414,0.8272324841330513,0.9999288876246689,0.5244732865143569,1.0,56245,3.8961655864463065,1.8823331232979903,1.8127570657605283,1.8126827157749525,2.0834085206857784,56245.0,3.8961655864463065,4.538637405615889,5.442820018271771,-0.8436215665429464,-1.5466544318254636,SOXL,y2023,RTH all,offexchange_TRF
43508,187738774.6835,4.200593709036844,4.07705656792736,4.236390595212035,0.8566240691367404,0.839666138732301,4.6649528626235535,4.666495560788355,0.8736870130523782,0.162475866507309,0.11790935000459686,0.7702721338604395,0.01926082559529282,0.837524133492691,1.0,0.5582651466396984,0.2838558426036591,43508,4.077056567927295,-9.583706095512934,-6.358489622312093,13.784299804549704,10.43554619023939,43508.0,4.077056567927295,-20.494555492816282,-9.499581785320759,24.695149201853056,13.57663835324805,SOXL,y2023,09:30-10:00,all
20926,97092777.5308,3.9101314464924783,3.9238400504739963,4.318721658391326,0.768027334416526,0.776283962702611,4.542369134845478,4.704030512456529,0.834144259924219,0.1933479881487145,0.15182070151964064,0.7623052661760489,0.004922106470419574,0.8066520118512854,1.0,0.5784191914364905,0.329351046544968,20926,3.923840050473918,-1.8035756117202846,-0.6092463677847795,5.713707058212689,4.533086418258699,20926.0,3.923840050473918,0.9756662211667548,2.130235782534498,2.934465225325651,1.7936042679394222,SOXL,y2023,10:00-10:30,all
16364,85285001.11610001,3.658640090604171,3.7999330344232933,4.283572499463702,0.7721278416035425,0.7990236041997703,4.272790727528412,4.4755715022025795,0.8490386160858381,0.1914568565142997,0.13933023710584208,0.7690662429723784,0.004522121730628209,0.8085431434857003,0.9998166707406502,0.47839374121386224,0.29552676607186507,16361,3.8004373560409728,2.074258705470145,3.6533517099247215,1.5850522439000343,0.14708564611625097,16361.0,3.8004373560409728,6.6754331549572905,3.894246172442251,-3.0161222055871106,-0.09380881640127783,SOXL,y2023,10:30-11:00,all
11311,65529476.3927,4.099780854358944,4.313752858222107,4.615739672281565,0.7585960569357405,0.7810895590356581,4.9140830935018895,5.161599384516122,0.8357395715681841,0.18778180532225267,0.1532136857925913,0.7573158871894616,0.001414552205817346,0.8122181946777474,0.9991159048713641,0.4599592956375542,0.3234019980549907,11301,4.316022433668373,-1.3731963355835124,-1.4541371691888199,5.4766049935476735,5.770159602857192,11301.0,4.316022433668373,-3.980164910205606,-1.7459292292401074,8.083573568169768,6.061951662908479,SOXL,y2023,11:00-11:30,all
7991,44871160.9275,3.7171733564244485,3.7474012544137993,4.09752099979722,0.7661394068327256,0.7653475502125682,4.492991990461793,4.6376223336873155,0.8080436449499085,0.17857589788512077,0.1773244900513077,0.7241897134276061,0.004004505068201727,0.8214241021148793,0.9998748592166187,0.4610763454317897,0.3511450381679389,7990,3.7474070783199527,2.893244304307076,1.9368751025182571,0.8243942803221217,1.8105319758016958,7990.0,3.7474070783199527,12.291419251777887,7.742152268566277,-8.573780667148691,-3.994745190246325,SOXL,y2023,11:30-12:00,all
8051,51513046.96120001,3.712250209288391,4.007864373068112,4.278074866309309,0.7282076760651031,0.7738017123106813,4.541290725375097,4.82769697769787,0.8301814284498232,0.21761271891690473,0.18805117376723388,0.7053782138864737,0.006086200471991057,0.7823872810830953,1.0,0.5219227425164575,0.36815302446901005,8051,4.0078643730680845,1.950714830127815,1.8605485936771708,1.7615353791605148,2.1473157793909126,8051.0,4.0078643730680845,0.6806676482858799,3.5273498730830366,3.03158256100245,0.4805144999850474,SOXL,y2023,12:00-12:30,all
7416,45520293.477,3.937957319636625,3.812462235310801,4.268943436498617,0.7540668824164001,0.7654688214405686,4.681209620344965,4.523208323506955,0.8428668243064483,0.1941747572815534,0.17030744336569578,0.73584142394822,0.0056634304207119745,0.8058252427184466,0.9987864077669902,0.5902524638855137,0.3251078748651564,7407,3.8158168498352,1.127973219231307,1.0534194287874419,2.8147689817170725,2.762397421047758,7407.0,3.8158168498352,-7.330178943155594,-2.724220496101315,11.272921144103972,6.540037345936516,SOXL,y2023,12:30-13:00,all
11132,65786846.7299,4.19968154880253,4.34779785859472,5.583018319278246,0.7649892202658903,0.7929795619949475,4.764172849224605,4.929821219545976,0.8819382417675465,0.20571325907294286,0.15792310456342076,0.7442508084800575,0.01643909450233561,0.7942867409270571,0.999910168882501,0.4497349743958315,0.3087495508444125,11131,4.348000794851742,-7.352309603256449,-3.9120341188740397,11.552368448038498,8.260034913725779,11131.0,4.348000794851742,-19.579520484859675,-35.88836920970021,23.77957932964172,40.23637000455194,SOXL,y2023,13:00-13:30,all
8801,52257527.4962,4.248402721930333,4.440160315626015,5.06810262907768,0.7551596409499273,0.797736986334404,5.056171237477554,5.160696204733681,0.8603800997922043,0.20759004658561528,0.17657084422224747,0.7108283149642086,0.0103397341211226,0.7924099534143847,0.998295648221793,0.520145686319144,0.32734916486762866,8786,4.4501412070610655,-1.6083259201530344,-3.585667623154281,5.863981776709828,8.035808830215348,8786.0,4.4501412070610655,4.741005594234215,4.1063328273436035,-0.48534973767742245,0.34380837971746303,SOXL,y2023,13:30-14:00,all
10278,64803754.564500004,4.15567863425243,4.0659664415744485,4.605111673957177,0.7814496983849403,0.7671236317924802,4.90302345916563,4.918706003312961,0.8266333541455506,0.18087176493481222,0.1422455730686904,0.7546215216968282,0.00642148277875073,0.8191282350651877,1.0,0.49464876435104105,0.29315041836933253,10278,4.065966441574317,1.5358199114888913,3.0808280760845084,2.6198587227634205,0.9851383654898085,10278.0,4.065966441574317,3.1667603995386076,4.085742447932632,0.988918234713704,-0.019776006358315276,SOXL,y2023,14:00-14:30,all
11662,76654232.5579,3.85855346847796,4.021081300860642,4.367765887747548,0.7489435774310008,0.8027511526734623,4.59534705216095,4.694545413704502,0.8565432744823689,0.214457211456011,0.12776539187103414,0.763419653575716,0.0025724575544503517,0.7855427885439891,0.9998285028297033,0.44099485420240137,0.29317441262219174,11660,4.021889261931254,-4.022812223331853,-4.831986848975263,7.8820275363154595,8.853876110906517,11660.0,4.021889261931254,-9.640982294966282,-4.073464783691819,13.50019760794989,8.095354045623074,SOXL,y2023,14:30-15:00,all
10904,69996684.6356,4.405088695339642,4.394650795247356,4.751722499408465,0.812498165810733,0.8047144593557187,5.126752552105319,5.281497572451522,0.8320842213712282,0.1840608950843727,0.14159941305942772,0.7427549523110785,0.016599413059427734,0.8159391049156273,0.997982391782832,0.5369417386509833,0.2921863536316948,10882,4.39956270346001,-4.095239100054239,-1.3446935353784606,8.509233506779333,5.744256238838471,10882.0,4.39956270346001,11.636465603280637,11.458210307298085,-7.222471196555542,-7.058647603838075,SOXL,y2023,15:00-15:30,all
16030,91050271.5996,3.898133074047063,4.242068635331569,4.1779820346793874,0.7772713661884271,0.8101604895793031,4.6324461317117525,4.899523667145417,0.8658124592350632,0.18390517779164067,0.13599500935745476,0.7587024329382408,0.005926388022457892,0.8160948222083593,0.9997504678727386,0.44552602021714716,0.274235807860262,16026,4.242389938682644,-8.705426247566534,-3.2973639836877124,12.604532273834678,7.539753922370359,16026.0,4.242389938682644,-16.53738633665991,5.19828929748037,20.436492362928053,-0.955899358797726,SOXL,y2023,15:30-16:00,all
53635,229554509.90940002,4.5653821310123135,4.29483988239852,4.276245456488351,0.9071117740281714,0.8667988447194354,4.96879542813235,4.945250865692992,0.8684776564508365,0.14419688636151767,0.11637922998042323,0.756856530250769,0.024144681644448586,0.8558031136384824,1.0,0.535639041670551,0.2767222895497343,45562,4.333178829474744,-5.042486064144021,-7.307560302566088,9.706871506477722,11.640739132040832,,,,,,,SOXL,y2023,open 09:30-09:35 (fixed),all
23116,148194545.0384,3.8372618908816745,4.064231204771527,4.343105320303153,0.7585784737844413,0.7844454362768004,4.721547736622083,4.8612751307590845,0.8360422102126321,0.21084962796331544,0.12476206956220799,0.7247361135144489,0.009214396954490396,0.7891503720366846,0.9997404395224088,0.47412375594980527,0.31203495414431565,16346,4.1679967355674234,0.16690386250064798,6.753033696656783,3.6995571788478725,-2.5850369610893593,,,,,,,SOXL,y2023,close 15:55-16:00 (fixed),all
370655,2025897412.3575,2.4246665818281303,2.3750362166694767,2.858367871946582,0.8332968933374938,0.8217289960422653,2.722112362164862,2.7671197696233074,0.8583062586383077,0.1978686379517341,0.11187222619416978,0.7524949076634606,0.026911818267661303,0.802131362048266,0.9997922596484602,0.47635585490773874,0.29115214957305313,370578,2.375436910291429,0.42584910910749446,-0.30366780203058735,1.9993212784693979,2.679104712322016,370578.0,2.375436910291429,1.4493838698915713,-2.7617688208225606,0.9757865176853212,5.137205731113989,SOXL,y2024,RTH all,all
262738,1061322934.2210001,2.486550874646661,2.5445468904704858,2.886419396735721,0.8510615137513454,0.8626969420177846,2.6243481783118208,2.6289313604557187,0.9679016077579884,0.18768507029816775,0.003044858376024785,0.917065669983025,0.016541193127754646,0.8123149297018323,0.999744993111008,0.4526613139630945,0.0,262671,2.545159410231115,0.4582712415343866,-1.8112364908905816,2.028913882453033,4.356395901121696,262671.0,2.545159410231115,3.416828533533305,-5.171677302897066,-0.9296434095458838,7.71683671312818,SOXL,y2024,RTH all,lit
107917,964574478.1365,2.2740012063399773,2.188523334794526,2.675037532417821,0.7900466098947132,0.7766518956033788,2.9601320081629936,2.91916871059925,0.7497077256440117,0.22266186050390577,0.3768266352845242,0.3518259403059759,0.05216045664723815,0.7773381394960942,0.9999073361935562,0.5340339366306172,1.0,107907,2.1887191899322023,0.3469260184210307,1.3548617916821997,1.9272859250540926,0.8338573982500026,107907.0,2.1887191899322023,-3.339838861195728,-0.1105433309362977,5.614050804670849,2.2992625208685,SOXL,y2024,RTH all,offexchange_TRF
85993,374560732.79120004,2.5297606146757,2.500130528055636,2.877283844048599,0.8861239868361577,0.8785532790938815,2.774576264235775,2.8243409581963754,0.8852084663504012,0.1731419999302269,0.10300838440338167,0.7601083809147257,0.03471212773132697,0.8268580000697732,0.9999767422929773,0.4746078077938389,0.27276638796181085,85991,2.50056495163113,1.7665478948677664,3.2868859725678017,0.7632715576074934,-0.786321020936673,85991.0,2.50056495163113,-2.1250750695463294,-2.391420308671448,4.6548945220215865,4.891985260302579,SOXL,y2024,09:30-10:00,all
51346,256409505.884,2.5294704820886817,2.461508681458856,2.8180921516147994,0.8912207377400795,0.8944750527615597,2.709862212859504,2.710395868304095,0.908173123433453,0.18334436957114478,0.1094145600436256,0.7503018735636661,0.03883457328711097,0.8166556304288553,0.9999610485724302,0.5083943596135868,0.30526233786468276,51344,2.4615378094723037,0.21038026757923073,-7.232818880753649,2.319188744833527,9.694356690225948,51344.0,2.4615378094723037,3.9984619779204973,-18.12240033972493,-1.4688929655077374,20.583938149197238,SOXL,y2024,10:00-10:30,all
41621,214018583.4442,2.4969085395238784,2.4509633062479836,2.962524070505379,0.860898584849002,0.8447744397453403,2.7244899412498236,2.8099088754668156,0.8722572207402279,0.18512289469258308,0.09850796472934337,0.7732634967924845,0.032195286033492705,0.814877105307417,0.9999519473342784,0.43996732261707394,0.26782153239950984,41619,2.4510629321593247,-1.6011215841900193,-2.2412282574631393,4.09815011259098,4.692291189622463,41619.0,2.4510629321593247,7.441557316015773,8.56048001553038,-4.944528787614812,-6.109417083371058,SOXL,y2024,10:30-11:00,all
27349,145641633.2382,2.393672945238582,2.3915264453591285,2.7401013837487063,0.8069501627116428,0.8032833459283906,2.7215682456372976,2.797626601326173,0.8548411872497428,0.20819774031957292,0.11265494167976892,0.7613806720538228,0.02179238729021171,0.7918022596804271,0.9998171779589747,0.4701579871269748,0.2943800504588833,27344,2.3929479155679125,2.349531789466768,0.5546764318315329,0.044578851965642326,1.8382714837363796,27344.0,2.3929479155679125,10.547934579941433,7.464038244023315,-8.153823938509023,-5.071090328455401,SOXL,y2024,11:00-11:30,all
19358,116440643.77110001,2.2512737295008556,2.2075133906310325,2.762049440682476,0.7795733030271786,0.7671722452559213,2.6435003146818814,2.7013656016100818,0.8171842379703432,0.21226366360161172,0.11674759789234425,0.754365120363674,0.015859076350862693,0.7877363363983882,0.9984502531253229,0.48897971854304634,0.2891311085855977,19328,2.209074280991,0.0683661197273877,0.08092516685998331,2.186401929510823,2.1281491141310167,19328.0,2.209074280991,-1.7148986495510234,-3.7847696762912832,3.969666698789234,5.9938439572822855,SOXL,y2024,11:30-12:00,all
18374,123192385.6532,2.1954134581640665,2.085251337173133,2.767400027671483,0.7602503537607997,0.7525412054036056,2.59194138277495,2.5908703790001195,0.8048458749904279,0.22727767497550888,0.13018395558941984,0.7371829759442691,0.015511048220311309,0.7727223250244911,0.9995101774246218,0.4883746256466104,0.3133231740502885,18365,2.085536213634352,0.6709698710142148,3.8432985467744705,1.5255194772190663,-1.757762333140119,18365.0,2.085536213634352,-1.3834224079055477,3.206194560943248,3.579911756138829,-1.1206583473088967,SOXL,y2024,12:00-12:30,all
18294,112347239.0671,2.3604024693968118,2.2740688578460944,2.7851274195808706,0.8004504209030262,0.7751261467518468,2.74046537295307,2.782112068760822,0.8173893795942538,0.19454465945118618,0.11484639772603039,0.7598666229364819,0.01607084289931125,0.8054553405488138,0.9997266863452499,0.44086609437366725,0.29036842680660324,18289,2.274383702030854,-6.311957425249492,-2.3064961581102823,8.673005201242917,4.580879860141136,18289.0,2.274383702030854,-0.030779732649654654,-6.403839476445398,2.3918275086430794,8.678223178476255,SOXL,y2024,12:30-13:00,all
20022,118538457.8682,2.490263468383032,2.455771172971757,2.864098524990725,0.8320697233044272,0.826646902960567,2.7437122530163736,2.776293690040572,0.8845502123141261,0.20357606632704026,0.11896913395265209,0.7350414544001598,0.031715113375287186,0.7964239336729597,0.9998501648186995,0.46950397122733406,0.30816102287483765,20019,2.4559108778725727,3.380719285982096,2.3231999338785276,-0.8900826326046658,0.1327109439940449,20019.0,2.4559108778725727,13.385924184992911,5.414493792479044,-10.895287531615484,-2.958582914606473,SOXL,y2024,13:00-13:30,all
14180,93935239.0773,2.2390372400781664,2.238615846206757,2.854288568571687,0.7562595204513646,0.759209773160917,2.694454258332208,2.771031173631396,0.8078638261124588,0.218688293370945,0.15077574047954867,0.7138928067700987,0.014245416078984486,0.781311706629055,0.9996473906911142,0.5332627865961199,0.3540197461212976,14175,2.239106763543241,-0.633842870899626,-1.0357073130613403,2.873669894836617,3.274814076604582,14175.0,2.239106763543241,-2.072881639620304,-4.052355633068856,4.312708663557295,6.291462396612098,SOXL,y2024,13:30-14:00,all
19642,119570404.9413,2.3780382296012537,2.3363454753429647,2.8764562059557357,0.8037725282558136,0.7890260899110705,2.6823355295204445,2.7732857634916415,0.8424467128845182,0.2189695550351288,0.11119030648610122,0.7481417370939822,0.02677935037165258,0.7810304449648712,0.9998472660625191,0.4295534395845002,0.2941655635882293,19639,2.3364187562230954,-0.03890336656387689,-2.3751515301184716,2.4173048587898185,4.711570286341568,19639.0,2.3364187562230954,1.6863599085479273,-3.196347753505834,0.6920415836780173,5.532766509728934,SOXL,y2024,14:00-14:30,all
12065,78778882.3405,2.2373660815503573,2.2175515584242507,2.8665615594068807,0.7628097803564307,0.7583628145940414,2.6501286260173895,2.720826934876148,0.8150285231299336,0.23713220058019063,0.12217157065893079,0.7311230832987982,0.016825528387898882,0.7628677994198093,0.9997513468711148,0.46998839330127673,0.3050973891421467,12062,2.217625851351558,0.6744684206220903,2.7297958126522217,1.5634541273718618,-0.512169961300663,12062.0,2.217625851351558,-14.692981041866139,-22.102549538676037,16.93090358986009,24.320175390027593,SOXL,y2024,14:30-15:00,all
13430,104499554.1314,2.2078025561848795,2.1894275283681814,2.851033499641028,0.7814579300074567,0.7771762796803383,2.579382880162624,2.664837543171205,0.8215988753155749,0.22784810126582278,0.13507073715562173,0.7326135517498138,0.01355174981384959,0.7721518987341772,0.9996276991809382,0.5013780260707635,0.3219657483246463,13425,2.1898196607335203,0.6662526421473932,0.6069856827446564,1.5423721868702265,1.582833977988864,13425.0,2.1898196607335203,0.25304636741777425,-0.15420059299781103,1.955578461599846,2.3440202537313324,SOXL,y2024,15:00-15:30,all
28981,167964150.1498,2.409957472993366,2.4854356707092196,2.966038855110519,0.7739946861737045,0.8025395569907773,2.8303740313557597,2.882256833711089,0.8623227609834697,0.22069631827749214,0.1057244401504434,0.75138884096477,0.014699285738932404,0.7793036817225079,0.9998964839032469,0.488922630961419,0.2743176563955695,28978,2.485603146587911,0.8378322400277134,0.06625993622994629,1.572374728183268,2.419343210357965,28978.0,2.485603146587911,-4.222041897600833,-1.9484454026265352,6.632248865811816,4.434048549214446,SOXL,y2024,15:30-16:00,all
138913,551469361.9291,4.3372706317765,5.013476539795666,2.839698991904275,1.4339474347253731,1.6193505303753108,3.6595240004465714,3.755681417302525,1.3349046371980449,0.19263855794634052,0.09682319149395664,0.6864728283170042,0.053623490961969,0.8073614420536595,1.0,0.4589419276813545,0.23557910346763802,115033,5.456152070395459,-11.895413263387427,-10.771918157268999,16.558957242319206,16.22807022766446,,,,,,,SOXL,y2024,open 09:30-09:35 (fixed),all
73547,414116170.68630004,2.3580164612122374,2.318861622277644,2.8822596915996876,0.7926955552232292,0.7941242778937755,2.8290360164955697,2.838426254694749,0.8169532741751714,0.21221803744544304,0.054033475192733896,0.7848586618080955,0.011557235509266184,0.7877819625545569,0.9997688552898146,0.5113015095879233,0.22282350061865203,47745,2.2907776635348,0.6227081059228694,2.2594612333984827,1.7387505962140444,0.031316430136317006,,,,,,,SOXL,y2024,close 15:55-16:00 (fixed),all
595275,3044968092.7036,2.701296145399473,2.8054535101505476,2.306539038174401,0.7465631178867279,0.7822206160646856,3.3490262879151103,3.3824795489535946,0.8294073828231848,0.2567586409642602,0.09741044055268573,0.7335953970853807,0.019863088488513713,0.7432413590357397,0.9997345764562597,0.43858266525741996,0.2761211204905296,595117,2.806323297089473,-5.869007001120525,-2.661724834077133,8.571020324471364,5.468048131166606,595117.0,2.806323297089473,-18.093167624188045,-9.45210754648541,20.795180947538885,12.258430843574882,SOXL,y2025,RTH all,all
430907,1745266706.3830001,2.775298406809675,2.9081050188335063,2.315082764210005,0.794713940595083,0.8246945388153991,3.1315526981759727,3.117294431212097,0.9328939190715932,0.22849710030238543,0.0019981109612979137,0.9064299257148294,0.00948232449229184,0.7715028996976145,0.9996867073405631,0.4035638342324942,0.0,430772,2.909496845743342,-8.67210485129802,-4.6423646153894165,11.44827301121347,7.551861461132758,430772.0,2.909496845743342,-25.22679304799514,-11.872876609025313,28.002961207910587,14.782373454768654,SOXL,y2025,RTH all,lit
164368,1299701386.3206,2.5072918838796756,2.6676108777197767,2.157730067966535,0.6203309646647555,0.7251857278615128,3.9191548538995025,3.7385757737431295,0.7135366618633268,0.3308490703786625,0.3475433174340504,0.28049255329504524,0.047077289983451766,0.6691509296213375,0.9998600700866349,0.5303720831178313,1.0,164345,2.66783433414174,1.4783176337430841,-0.003129168174573471,1.029325144372978,2.6709635023163143,164345.0,2.66783433414174,0.6050957307313632,-6.202730149069163,1.9025470473846988,8.870564483210904,SOXL,y2025,RTH all,offexchange_TRF
95938,545773428.2452,3.417313950582441,3.0767583975249906,2.2954206358294282,0.7955471241843958,0.7917222091549607,3.9215358885020137,3.5804512210090933,0.8593214116342172,0.21952719464654255,0.11869123809126728,0.7309616627405199,0.026683900018762117,0.7804728053534574,0.9999791532031104,0.5134777351567712,0.3100856803352165,95936,3.07677337849895,-1.7294412356970146,-0.7706053125808567,5.146826427814345,3.8473786910798062,95936.0,3.07677337849895,0.7434674265357033,-3.5102816761994537,2.6739177655816286,6.5870550546984035,SOXL,y2025,09:30-10:00,all
70589,433992433.71919996,2.8887717337581442,2.8722135422112474,2.2719527433841002,0.8352737678675313,0.8360788436133808,3.327145619993944,3.3462398758519054,0.8583405998292404,0.21526016801484651,0.12220034282961935,0.7260338013004859,0.03438212752695179,0.7847398319851535,0.9998016688152545,0.4773219978746015,0.31112496281290286,70575,2.872293291964377,-8.90381800427448,-5.290893757745818,11.79316278520604,8.163187049710196,70575.0,2.872293291964377,-12.363430016051877,-13.77954017122173,15.252774796983438,16.65183346318611,SOXL,y2025,10:00-10:30,all
54296,325250566.71029997,3.243719591297011,3.276856551175308,2.3863500775542072,0.8312115072933738,0.8551313530254043,3.6560355207847217,3.523153092319915,0.9300920128388669,0.1913584794459997,0.11586488875791955,0.7337188743185502,0.030941505819949904,0.8086415205540003,0.9997421541181671,0.42076563133267014,0.3006114630912038,54282,3.2776320458293977,-14.868395941530311,-10.453267845856548,18.112952128278327,13.730899891685947,54282.0,3.2776320458293977,-60.21745894688385,-39.7441974920434,63.46201513363188,43.02182953787278,SOXL,y2025,10:30-11:00,all
31762,218368961.3243,2.772235733353005,2.743548263730301,2.239390885680241,0.7508519614634127,0.7534638418633482,3.511104352413138,3.4890341643150102,0.7863345941953342,0.22265600402997293,0.1492664189912474,0.6923052704489642,0.016119891694477678,0.7773439959700271,0.9992443800768214,0.4998739681139328,0.36307537308733706,31738,2.745678832875421,0.38919621240148217,1.2480680192060203,2.3851358615399954,1.4976108136694009,31738.0,2.745678832875421,-4.024741049796438,-5.400649118785285,6.799073123737915,8.146327951660709,SOXL,y2025,11:00-11:30,all
30213,212658213.0234,2.988158495468809,3.0401344308694864,2.3247704289213336,0.7271207758250048,0.7546329685678194,3.7539434616080056,3.7262820684994447,0.8158626681993866,0.24380233674246185,0.14546718300069506,0.6910270413398206,0.015622414192566113,0.7561976632575381,0.99973521331877,0.5361032941565966,0.35289444940919473,30205,3.041177055043671,0.5360821642242729,-0.15674208010685992,2.4528677653766406,3.197919135150531,30205.0,3.041177055043671,3.4298915266614283,3.4415379326485898,-0.44094159706051483,-0.40036087760491934,SOXL,y2025,11:30-12:00,all
22714,151959727.62299997,2.7955050923631863,2.795639394922976,2.229405863338561,0.7544140177863886,0.749554116385128,3.5401456856636453,3.5703498974107535,0.7830155237587207,0.21431716122215375,0.14088227524874528,0.7037069648674826,0.015276921722285815,0.7856828387778463,0.9997798714449239,0.4765951825267515,0.3462181914237915,22709,2.7965621303122856,-0.781918253165147,-1.520404116983282,3.578038851515314,4.316966247295568,22709.0,2.7965621303122856,-1.2206798282023286,-2.095559039109531,4.016800426552496,4.8921211694218165,SOXL,y2025,12:00-12:30,all
16116,116696717.0922,2.736983031656109,2.5667440429073456,2.229902999220675,0.7266219905684294,0.6981547085589846,3.6251915360534293,3.4340265447229745,0.7474444386143808,0.23945147679324894,0.14619012161826755,0.681620749565649,0.010362372797220154,0.760548523206751,0.9992553983618764,0.48168156979632387,0.37087366592206505,16104,2.567918189305841,-0.22240399269038855,0.4096201148964856,2.9614265049958814,2.1582980744093554,16104.0,2.567918189305841,2.4151554945476414,1.1453788351899579,0.3238670177578509,1.4225393541158828,SOXL,y2025,12:30-13:00,all
21438,143379908.8506,2.8005692041897423,2.9948717075433797,2.3177656738915555,0.7116447429798456,0.749861114029376,3.718719609432165,3.8413758909907223,0.779635160039227,0.25011661535591007,0.14394999533538577,0.6814068476536991,0.00904935161862114,0.7498833846440899,0.9996268308610878,0.45548296780214653,0.355630189383338,21430,2.9987862859738357,1.1670620812740002,0.5721719429764696,1.634552599053382,2.426614342997366,21430.0,2.9987862859738357,1.9232485539681639,2.294943344042936,0.8783661263592193,0.7038429419308981,SOXL,y2025,13:00-13:30,all
17328,125328815.6965,2.3643600188102316,2.278916594633243,2.25963168003731,0.7322576177285697,0.7455478422050179,3.1120645668571743,2.949026689844925,0.7727690639358302,0.23938134810710987,0.13238688827331488,0.693213296398892,0.013561865189289013,0.7606186518928901,0.9998845798707294,0.4557889876486206,0.34435595567867033,17326,2.27992792149376,1.6245103015770106,1.0845110254429504,0.740122643473229,1.1954168960508096,17326.0,2.27992792149376,10.046755958814774,6.120106059070575,-7.682123013764533,-3.8401781375768147,SOXL,y2025,13:30-14:00,all
16040,116180217.03060001,2.852363736013658,2.732483007343239,2.312406058505056,0.7443241895262166,0.7417475740466716,3.580044931589024,3.5021856134507043,0.7802222123375474,0.22288029925187033,0.12774314214463842,0.7148379052369077,0.012344139650872818,0.7771197007481296,0.9993142144638404,0.4686505708403519,0.3335411471321696,16029,2.7332778790840746,1.3408156344243347,1.9294271766482223,1.5135055537755788,0.803850702435852,16029.0,2.7332778790840746,-1.9209892293070243,-1.4429874988682314,4.775310417506937,4.176265377952307,SOXL,y2025,14:00-14:30,all
15923,122443286.7884,2.4951403473234515,2.4451908967576137,2.2509848058505133,0.7343741757207132,0.7527525533502664,3.2043682386537102,3.1553703503559216,0.7749299211364521,0.21999623186585443,0.14450794448282359,0.6951579476229354,0.009608742071217735,0.7800037681341456,0.9974251083338567,0.5029593250220376,0.35445581862714315,15882,2.44691200434298,1.103389318023564,-0.9374823419430726,1.398192331040095,3.384394346286052,15882.0,2.44691200434298,0.4895330494648865,-2.263360605812537,2.012048599598773,4.710272610155516,SOXL,y2025,14:30-15:00,all
29380,193136845.164,2.2575016225492,2.3614708241829376,2.285453091073227,0.7858386657589627,0.8162585864615298,2.7423389749661333,2.805184212614576,0.841823796656094,0.2081347855684139,0.10159972770592239,0.7479577944179714,0.015282505105513955,0.7918652144315861,0.9997957794417971,0.5103492884864166,0.28332198774676653,29374,2.3618939844454174,-5.3248928515291505,-6.2296584428512425,7.582855596490402,8.59155242729666,29374.0,2.3618939844454174,-13.434459789886168,-14.992393173701881,15.692422534847413,17.354287158147297,SOXL,y2025,15:00-15:30,all
173538,339798971.4359,2.0823814978504025,2.3338842011605645,2.314011338656743,0.6607564913737182,0.7398976526402895,2.867167533695142,2.9260517746604915,0.797622318706703,0.3476356763360186,0.0246343740275905,0.7751040118014498,0.01400269681568302,0.6523643236639813,0.9999366133065957,0.32521163853463725,0.15783862900344592,173527,2.334632854190717,-10.570818390322078,-3.434163674357572,12.653331891817103,5.768796528548289,173527.0,2.334632854190717,-37.35605612964691,-14.94595719829266,39.43856963114194,17.280590052483376,SOXL,y2025,15:30-16:00,all
157834,872146172.2971001,3.7067118351052626,3.461603965742067,2.280241705618722,1.0620283335656744,1.0407556567955207,4.0040961649309645,3.8952514375788136,0.88867279075923,0.18931915810281688,0.10191720415119683,0.7186981258790881,0.039585894040574277,0.8106808418971831,0.9999429780655625,0.47288452399809916,0.272007298807608,132406,3.5483050435346177,0.5438123386735803,2.0878803130121413,3.290553609717297,1.4604247305224776,,,,,,,SOXL,y2025,open 09:30-09:35 (fixed),all
458390,988548686.3632,2.0002143646022885,2.1816940679345227,2.348244687097597,0.6926203887519518,0.7258243654386031,2.777628904472001,2.9326067669410403,0.7439436110318385,0.31029909029429087,0.015857675778267414,0.7378738628678636,0.004858308427321713,0.6897009097057091,0.9999476428368856,0.35190219169833714,0.2117214598922315,236523,2.2444353504214427,-7.434369003768805,-3.7301178883315402,9.599209484671604,5.974553238752983,,,,,,,SOXL,y2025,close 15:55-16:00 (fixed),all
2043668,15003171398.415707,2.298845909836863,2.7020927153419385,1.4313318542931834,3.609163690090723,4.559252023188734,3.829747091891927,4.255869347162686,0.6349096964509441,0.2094009398786887,0.303259139938581,0.46940256440870043,0.036786307756445764,0.7905990601213113,0.999938835466426,0.46469000162952284,0.3031617660011313,2043543,2.7022019934059416,0.9811333967044876,0.43653090190382643,1.317853129570767,2.2656710915021154,2043543.0,2.7022019934059416,3.8620876147039844,0.7190641545951918,-1.5631010884287295,1.98313783881075,SOXL,y2026,RTH all,all
1424106,8356162311.563,2.1528563533381724,2.427173740707254,1.435441039258007,3.280873193428071,4.015222753650122,3.252671499891543,3.4398509169950646,0.7056043413728957,0.14708947227242916,0.25532579737744243,0.5970075261251621,0.027230416836948934,0.8529105277275708,0.999939611236804,0.43776913245600485,0.0,1424020,2.427294903782319,0.1898525402211236,-1.218565839693949,1.963133829300958,3.645860743476268,1424020.0,2.427294903782319,4.59024846215537,-0.1483720813098302,-2.4372620926332877,2.575666985092149,SOXL,y2026,RTH all,lit
619562,6647009086.852707,2.634412977131377,3.0477019276295714,1.3185654008464303,4.363762045122605,5.2431681754168595,5.1561951520074585,5.281711551169074,0.577029225868077,0.3526281469812545,0.4134372346916047,0.1760937565570516,0.05875118228684135,0.6473718530187454,0.9999370523046927,0.5265696350256568,1.0,619523,3.04778887227469,2.79995168956761,2.5171600989816825,-0.16537287177185744,0.5306287732930074,619523.0,3.04778887227469,2.1883553884787754,1.8095219590646736,0.4462234293169776,1.2382669132100164,SOXL,y2026,RTH all,offexchange_TRF
335759,2729502766.8506684,3.8683295875960373,4.080627103459126,2.18842324105283,6.122942097754761,6.707984771762479,6.120431446720796,6.376851220745367,0.6399125465220054,0.17507795770180398,0.4117209069600517,0.3702119675124122,0.053988128389708095,0.824922042298196,1.0,0.4747661268945881,0.3223651488120944,335759,4.0806271034589825,5.670098980979278,5.724753994572342,-1.8017693933833823,-1.6441268911133586,335759.0,4.0806271034589825,9.00288026493404,11.32611099171149,-5.134550677338144,-7.245483888252507,SOXL,y2026,09:30-10:00,all
270202,2224200161.145609,2.3701676067782715,2.6818945659075824,1.5238095238081377,3.5220087208829978,4.303589371283343,3.9565789266564475,4.328021234161504,0.6196583659846954,0.19072767781141517,0.3298051087704754,0.45676197807566193,0.04412254535495666,0.8092723221885848,0.9999851962605755,0.514652218003094,0.323398790534489,270198,2.6819533909068296,-1.3943787017357325,-0.4592993852285012,3.7645813963769044,3.141252776135331,270198.0,2.6819533909068296,2.7746598715407034,2.2504722195012383,-0.4044571768995312,0.4314811714055906,SOXL,y2026,10:00-10:30,all
171565,1437497254.2869415,2.5297498741486417,2.8103729193316656,1.5461925009693582,4.166311098417675,4.910515471337046,4.369194793309515,4.587180782299391,0.612657981603011,0.21254917961122607,0.37373590184478184,0.38622679450936964,0.04408241774254656,0.7874508203887739,0.999930055664034,0.5060010608966325,0.35226881939789584,171553,2.8104297988930496,-2.544007837899491,-1.6994576651412763,5.0739346660999916,4.509887464034326,171553.0,2.8104297988930496,-11.045741085909425,-8.96176510830319,13.575667914109928,11.77219490719624,SOXL,y2026,10:30-11:00,all
135538,1115480874.8065124,2.2031410890681493,2.396374696309251,1.5548472362576233,3.440054619368932,3.976905832718322,3.71159449848213,3.8645868757643007,0.6200856063910632,0.2135784798359132,0.33547049535923507,0.42608714899142675,0.0427186471690596,0.7864215201640868,0.9998450619014594,0.5199642849236628,0.3478138972096386,135517,2.396564363396099,1.2306123684927281,1.1231856794461919,0.9728701239628015,1.2733786839499066,135517.0,2.396564363396099,-2.9760121671257354,-8.339082380893293,5.179494659581264,10.73564674428939,SOXL,y2026,11:00-11:30,all
106638,960867902.1873276,2.463612688019969,2.7833118198920923,1.508409382304986,4.580608993042063,5.40062207146118,4.303917331767928,4.598206721214694,0.605303760496621,0.20744012453346836,0.3935088805116375,0.3828747725951349,0.03153660046137399,0.7925598754665316,0.9999718674393744,0.4958409527828574,0.35793056884037583,106635,2.78339809699176,-1.1450695736358183,0.27064411701141167,3.6087515713387583,2.5127539799803484,106635.0,2.78339809699176,-6.243399012842799,-3.804712744529949,8.70708101054574,6.588110841521707,SOXL,y2026,11:30-12:00,all
122720,1161404861.8412974,2.0145412584450315,2.337537300780719,1.3984058173669285,3.133719848435632,3.8484329233030774,3.462255241862858,3.609990189033334,0.6475190176089243,0.1997555410691004,0.36414602346805736,0.40814048239895695,0.044385593220338984,0.8002444589308996,0.99996740547588,0.5418282864500147,0.30871903520208605,122716,2.337542425912455,-3.890852554091325,-8.05543597769294,5.9054594776901554,10.392978403605394,122716.0,2.337542425912455,-5.086639712272026,-11.1983039195194,7.101246635870855,13.535846345431855,SOXL,y2026,12:00-12:30,all
72791,678582187.3693228,2.245188478260331,2.692060085231225,1.3801670002057698,3.9421290077071687,5.018868172387114,4.118320575594048,4.446538138133246,0.6054283133533205,0.2257284554409199,0.39848332898297867,0.36298443488892856,0.02861617507658914,0.7742715445590801,0.9998763583410037,0.47668379544392847,0.36202277754117956,72782,2.6922204959537526,1.416519128334376,2.364150345297604,0.8289469830809932,0.3280701506561487,72782.0,2.6922204959537526,6.151086171141483,0.41579386513637423,-3.905620059726114,2.2764266308173773,SOXL,y2026,12:30-13:00,all
59944,530306067.45461065,1.9117526075006983,2.1766497343698665,1.349436610214008,2.9708127352197615,3.588021750569272,3.4254710332553193,3.6156080717069266,0.6020148454149986,0.2355031362605098,0.3344288002135326,0.4152876017616442,0.03823568664086481,0.7644968637394902,0.9998331776324569,0.49240831581406214,0.3438208995062058,59934,2.1767820292159583,0.4019704953607115,0.6272476852220111,1.5101010884483175,1.5495343439939468,59934.0,2.1767820292159583,-1.725053407525452,0.319861424577452,3.6371249913344816,1.8569206046385065,SOXL,y2026,13:00-13:30,all
76567,710677802.5669885,2.566268055449313,2.6631368708943266,1.3474365020574446,3.9864325362102657,4.403123296931196,2.9545083915326336,3.1822137400333186,0.8368818339859355,0.2054279258688469,0.30376010552849136,0.4501939477842935,0.057204801023939815,0.7945720741311532,0.9998955163451617,0.5367494350762158,0.2996330011623807,76559,2.6634021979804277,-0.6789642173196958,-0.9180687701349114,3.245500433853014,3.581470968115339,76559.0,2.6634021979804277,8.00186974258184,5.7145197038923365,-5.435333526048525,-3.051117505911909,SOXL,y2026,13:30-14:00,all
54407,494903736.09461546,1.4762735798037159,1.7509442943939932,0.8310537068497731,2.31164281801999,2.9509343566377706,2.7073342788600816,2.954904262308986,0.5925553381637452,0.24092488098957854,0.3022589005091257,0.4594445567665925,0.02049368647416693,0.7590751190104215,0.9998897200727848,0.5277476516975791,0.3408568750344625,54401,1.7510772024144596,-0.47455539302375993,-0.11419808288048154,1.9509917941261,1.8652752852949406,54401.0,1.7510772024144596,-1.7205325552078035,-0.1433634284241356,3.196968956310143,1.8944406308385957,SOXL,y2026,14:00-14:30,all
53995,498980904.43829036,1.6260121901528046,1.9659177458147772,1.3116474291698457,2.599600866747179,3.3822009950304106,2.909811289994481,3.1583727371768333,0.6224464018050153,0.23502176127419205,0.3107880359292527,0.44250393554958795,0.02718770256505232,0.764978238725808,0.9997962774330956,0.485773562537048,0.3335123622557644,53984,1.966199832700639,-0.056697644727971015,1.8202444775434816,1.6830411577557007,0.14595535515715752,53984.0,1.966199832700639,1.389576089478109,5.084541071007634,0.23676742354962008,-3.1183412383069946,SOXL,y2026,14:30-15:00,all
74927,690692403.9348934,1.638965007101787,2.0030112370097544,1.0050756319403893,2.6981899795803996,3.6046181968955677,2.93607793871601,3.3532581721239767,0.5973328429230468,0.24774780786632322,0.285678059978379,0.44987788113764066,0.03184432847972026,0.7522521921336768,0.9998665367624487,0.51139260781932,0.3202984237991645,74917,2.0031812129665707,0.010831720232043878,0.09803723960648382,1.6283520576434274,1.9051439733600872,74917.0,2.0031812129665707,-2.9167868517283093,-3.9914248665385177,4.555970629603778,5.994606079505088,SOXL,y2026,15:00-15:30,all
508615,1770074475.4386287,1.4762134011949875,1.8247228824576625,1.3249420337885824,2.115139908182177,2.9899383627804084,2.5764445364359525,2.6851846564116597,0.6795521038378517,0.225986256795415,0.1361068784837254,0.6454174572122332,0.01817288125595981,0.774013743204585,0.9999469146604013,0.34599518667369267,0.21598261946659064,508588,1.8248229107156353,2.5562048143801492,0.015169136577609179,-1.0799130437353615,1.8096537741380263,508588.0,1.8248229107156353,13.740454493004624,5.362285559862922,-12.264162722359835,-3.5374626491472863,SOXL,y2026,15:30-16:00,all
448999,3558622476.202512,4.06872713859874,4.947194332697352,2.244920866537413,6.10523505442115,7.625809718436794,6.154107822729083,6.659415036168335,0.7428872214493852,0.17116296472820652,0.38931267107499123,0.3879830467328435,0.06003131410092227,0.8288370352717935,0.9999888641177375,0.4712980574350659,0.30114543684952527,367057,5.347209296019608,8.204815788308917,6.886221346943344,-3.867839900617708,-1.5390120509237366,,,,,,,SOXL,y2026,open 09:30-09:35 (fixed),all
995470,3834986487.6675076,1.2265277162307056,1.4152524197338185,0.7644967700004514,1.719982178870553,2.213542037950866,1.6867089508542905,1.8508972649593942,0.7646304560101379,0.21343285081418828,0.09610435271781169,0.6892965132048178,0.017826755201060807,0.7865671491858117,0.9999045676916432,0.391076729875675,0.15617145669884577,634796,1.5206931864325461,-4.304589556088011,-3.7137438075254607,5.658279866665497,5.234436993958007,,,,,,,SOXL,y2026,close 15:55-16:00 (fixed),all
719191,5186171384.287869,9.47270319567881,10.766083278846954,2.8789405498791183,0.7994018162074169,0.8109138520666619,12.434855803072551,13.567190695611364,0.7935381406800381,0.23062719082969615,0.17886069208318792,0.6245183824602922,0.01577327858663415,0.7693728091703038,0.9997219097569352,0.4894595342639894,0.4215695135228333,718991,10.767814790503758,0.3362526986956179,-0.3990105057700907,9.139085496084718,11.166825296273851,718991.0,10.767814790503758,-0.6455307875002118,-2.614143484801812,10.12086898228055,13.38195827530557,SOXS,last12m,RTH all,all
416002,2519589378.735,7.824029402971361,9.730358741920735,2.8624588521554646,0.8407781693357447,0.8160042586611743,9.467670425942169,11.724293243320066,0.8299313689944272,0.21320089807260542,0.0126970543410849,0.8481305378339528,0.00936774342431046,0.7867991019273946,0.9997235590213509,0.47887767590715746,0.0,415887,9.73166177677593,-3.3438860283210587,-4.613833487602692,11.170078911712075,14.345495264378624,415887.0,9.73166177677593,-4.86443955583074,-6.089262765413602,12.690632439221758,15.820924542189534,SOXS,last12m,RTH all,lit
303189,2666582005.55287,11.734828784383822,11.74471455180249,2.9442072721934687,0.7426298170448792,0.8061040489695628,16.506095364062542,15.308500296149308,0.7672021638041676,0.254537598659582,0.40685183169574096,0.3177028190336721,0.024562236756610564,0.745462401340418,0.9997196468209598,0.503978832347973,1.0,303104,11.746902165948867,5.385746782451636,3.5836830892631695,6.3523728210787285,8.163219076685698,303104.0,11.746902165948867,5.143206117768864,0.6695852412979512,6.594913485761501,11.077316924650916,SOXS,last12m,RTH all,offexchange_TRF
158383,1014405976.9513168,9.569379765378677,10.407488976407754,2.8485970659424313,0.9399127052777494,0.9401225910800305,11.865964020699451,12.995549306765438,0.8008502550168964,0.21880504852162164,0.15679713100522152,0.6410410208166281,0.028317433057840805,0.7811949514783784,0.9998674100124382,0.5047107260580189,0.35904105869948166,158362,10.408026117680793,1.733309366671393,0.6855118043418598,7.837339370904187,9.722514313338934,158362.0,10.408026117680793,5.1954529442660755,0.8210937967759918,4.375195793309508,9.586932320904802,SOXS,last12m,09:30-10:00,all
113432,826249900.3197302,10.584668105704454,11.421993638811882,2.8673835125462697,0.7812291046618647,0.7923696999579628,13.788734429079856,14.413192871129821,0.7924679660459255,0.2294855067353128,0.1818798927992101,0.6202306227519572,0.013364835319839199,0.7705144932646872,0.9998853938923761,0.4736243486541056,0.42021651738486493,113419,11.422942758624682,-2.950838991009035,-4.539368579521035,13.536720303366293,15.962311338145716,113419.0,11.422942758624682,-2.295533979499509,-3.907099118514019,12.881415291856765,15.330041877138699,SOXS,last12m,10:00-10:30,all
72208,519454003.4368868,9.679422627678415,11.518110756275002,2.8789405498791183,0.7615967898294289,0.7834207103035574,13.294204540532133,14.868486495317153,0.7746659863398097,0.24501440283625084,0.18241746066917794,0.618615665854199,0.014388987369820519,0.7549855971637491,0.9996814757367605,0.5108956154325691,0.4251052514956791,72185,11.519619931170583,-1.3002445353885137,-0.9926456078366293,10.982751276392703,12.512265539007212,72185.0,11.519619931170583,-8.611512953765185,-2.5280356140139686,18.294019694769375,14.04765554518455,SOXS,last12m,10:30-11:00,all
61757,476160270.886277,9.038175586223137,11.47843870903846,2.775850104091854,0.7577909354405575,0.7764331380850579,11.983452791149304,14.218523634124349,0.8072876625172458,0.23738199718250563,0.1784736952896028,0.6251922858947164,0.014184626843920528,0.7626180028174944,0.9997571125540424,0.4908814097372939,0.4216040286931036,61742,11.479542561198393,1.4880848166394478,1.7682496841041062,7.552286562298247,9.711292877094287,61742.0,11.479542561198393,-6.491319868085781,-11.02430966443982,15.531691247023474,22.503852225638212,SOXS,last12m,11:00-11:30,all
42138,296180303.0959629,9.799431820426966,11.12470442444682,2.9090909090923973,0.7352399686744054,0.7639523686419655,13.52420154351328,14.313467468068227,0.7772193879131534,0.23553562105463002,0.2041625136456405,0.6028525321562486,0.0059091556314965115,0.76446437894537,0.9995728321230244,0.50664767331434,0.4648535763443922,42120,11.126451973040519,1.6666585331157895,3.441332737545338,8.136961078687257,7.685119235495178,42120.0,11.126451973040519,2.9329099990156777,3.4563931556531116,6.870709612787368,7.670058817387403,SOXS,last12m,11:30-12:00,all
49464,369908739.2809335,6.64005005352299,9.217936853047119,2.903178980985663,0.7835237829532761,0.8111214277448465,8.787290565310911,11.305287640623424,0.8153650880959629,0.23243166747533558,0.14984635290312145,0.6591460456089278,0.019327187449458192,0.7675683325246644,0.999959566553453,0.47042173789980185,0.3930333171599547,49462,9.21794500272392,-2.024266489838123,-4.856490881859452,8.664585034325837,14.074435884583371,49462.0,9.21794500272392,-2.562519618347876,-15.464952326912424,9.202838162835588,24.682897329636347,SOXS,last12m,12:00-12:30,all
33104,263900412.62800053,10.019141993777788,11.69373442419398,2.891426919186097,0.7520033772354316,0.755069445884593,13.2415513765371,14.87482705020175,0.7861425470513539,0.2332044465925568,0.21205896568390528,0.5973598356694055,0.01069357177380377,0.7667955534074432,0.99939584340261,0.48555192842461614,0.4802742870952151,33084,11.695398199677937,4.378447376256695,5.028269244701256,5.646751407506291,6.667128954976682,33084.0,11.695398199677937,9.954094901087492,11.849692328341892,0.07110388267549193,-0.15429412866395556,SOXS,last12m,12:30-13:00,all
27111,202847190.79829964,10.3585949370534,11.77819365391815,2.881429188875063,0.740281066725722,0.7558602145642077,13.653351284108737,15.131497246744722,0.7783891747032518,0.23459112537346463,0.20349673564235918,0.6037401792630298,0.007561506399616392,0.7654088746265354,0.9994467190439305,0.49867139061116034,0.47449374792519644,27096,11.787071128855922,-0.8157692094155446,-1.4743126535616908,11.180098532505667,13.26138378241761,27096.0,11.787071128855922,2.0984340305189573,2.8827767216381335,8.265895292571166,8.90429440721779,SOXS,last12m,13:00-13:30,all
32211,238347518.78494596,6.530564739674391,8.007514272098039,2.915876949990058,0.7944975318990842,0.796592370896283,9.088251814678145,10.214416654289085,0.7839423966258164,0.2409735804538822,0.16671323460929496,0.6246002918257738,0.021266027133587904,0.7590264195461178,0.9995964111638881,0.46496676812224363,0.42193660550743534,32198,8.008543709762934,-0.6060623796096906,-0.920984194387088,7.139263846459999,8.929527904150023,32198.0,8.008543709762934,3.3582878966311456,0.5069749028955347,3.1749135702191613,7.5015688068674,SOXS,last12m,13:30-14:00,all
26445,193026567.57932743,7.658185588498349,9.264398745156877,2.8905911258867225,0.759450935904698,0.7937049859517397,10.097524625137284,11.285364028708493,0.8209215689976376,0.2097560975609756,0.1595764794857251,0.6655700510493477,0.005369635091699754,0.7902439024390244,0.9993949706938929,0.41552839683680803,0.42957080733598035,26429,9.268025197576259,0.2491655201011154,0.07092072594082294,7.413656300165773,9.197104471635436,26429.0,9.268025197576259,-4.056668266143064,-7.100474254133571,11.719490086409953,16.36849945170983,SOXS,last12m,14:00-14:30,all
21857,175406540.84089833,10.518781971243923,12.0644606136023,2.942474621157898,0.7269652742828927,0.7618074874220182,13.84510918781313,15.16991841339505,0.7952884310141952,0.2406551676808345,0.19398819600128106,0.6035595003888914,0.00796083634533559,0.7593448323191655,0.9995424806698083,0.5371446880578569,0.49004895456833053,21847,12.06603874584165,2.721965936989447,2.3094030708135675,7.801630783176883,9.756635675028082,21847.0,12.06603874584165,1.3801773639012407,1.7004561561040252,9.14341935626509,10.365582589737626,SOXS,last12m,14:30-15:00,all
30776,221827969.83925852,11.18852854753383,11.726010316469111,2.9782707795163272,0.7493780868209554,0.7759936578378991,14.32802676646637,14.431802001858681,0.8125118619947052,0.2189043410449701,0.20522485053288275,0.6129451520665453,0.008708084221471277,0.7810956589550299,0.9992851572654016,0.4592898484749951,0.4845334026514167,30754,11.734857495515621,2.0175462408037044,0.5265635803589362,9.178986066502503,11.208293915156686,30754.0,11.734857495515621,-2.3366611939986193,-4.00553810722874,13.533193501304833,15.74039560274436,SOXS,last12m,15:00-15:30,all
50305,388455989.8460318,9.905815100694907,9.774982455515824,2.95290122545552,0.7219664049299727,0.7537232973503738,13.580983427877177,12.575273845999725,0.7773176612472188,0.23892257230891562,0.20431368651227513,0.5975350362787,0.007852102176721996,0.7610774276910844,0.9997614551237451,0.49883681625673554,0.4683033495676374,50293,9.776633537475632,2.038472311911891,0.23980484384432327,7.8697063340318625,9.536828693631309,50293.0,9.776633537475632,-6.885682617954222,-4.565915319827118,16.793861263897973,14.342548857302752,SOXS,last12m,15:30-16:00,all
209965,1285123873.5116282,9.099675367406444,9.659985647778436,3.035361966916107,1.1518533174577115,1.1815702641397023,11.287293878319707,12.138471466817721,0.795815657200778,0.20720596289857834,0.16858524039720907,0.6153978043959708,0.036901388326625865,0.7927940371014217,0.9998094920582001,0.5192806954864833,0.3387897982997166,170434,9.717199392311707,6.157403504396858,4.475192790801321,3.1186440571930523,5.242006601510387,,,,,,,SOXS,last12m,open 09:30-09:35 (fixed),all
90960,729978492.0731554,8.435419665809249,8.168225137476364,2.7758501040957984,0.7407944217238827,0.7688391703124264,12.376447528018844,11.604188909583915,0.7039031509328685,0.26999780123131045,0.1477132805628848,0.6077506596306068,0.018128847845206686,0.7300021987686895,0.9991204925241864,0.5227002640845071,0.384674582233949,63016,8.683275886372188,-0.5122556512886498,-1.9961120326350057,9.371443477399776,10.679387919007194,,,,,,,SOXS,last12m,close 15:55-16:00 (fixed),all
271950,1949134310.961419,2.353227796241087,2.3678967834734146,2.8461647929389224,0.8140872645707509,0.8191785707813058,3.0176058326484285,3.028491897219593,0.7818732437908585,0.25163449163449164,0.13930134215848503,0.6528883986026843,0.02290862290862291,0.7483655083655084,0.999834528405957,0.4797778635920634,0.40552675124103693,271905,2.3681687576963943,0.12517698823510506,-0.5039828759592212,2.22844026480438,2.872151633655615,271905.0,2.3681687576963943,1.3653588898921405,-1.8138457219531667,0.9882583631473446,4.1820144796495615,SOXS,last5,RTH all,all
161667,955904483.7509999,2.468058709756926,2.401375646408318,2.874802357335319,0.8542398881651915,0.8302185178132577,2.8322501416863695,2.7539657474725727,0.871970048506289,0.21634594567846252,0.011393790940637236,0.8656868748724229,0.015179350145669802,0.7836540543215375,0.9998577322520984,0.45640419687708794,0.0,161644,2.4016388995437765,-0.232709475655415,-0.15467488553294356,2.701119360527439,2.5563137850767204,161644.0,2.4016388995437765,0.9107567922138892,1.6051060397784895,1.5576530926581333,0.796532859765288,SOXS,last5,RTH all,lit
110283,993229827.2104192,2.184893879904342,2.3356760483387857,2.548744743215271,0.7552263866598995,0.808553502364003,3.289324034826127,3.2927014187833072,0.7093494827726731,0.30336497918990235,0.326804675244598,0.34094103352284577,0.03423918464314536,0.6966350208100976,0.9998005132250665,0.5140439502634658,1.0,110261,2.3359560851468313,0.6498430040441331,-0.8401674062147284,1.5354868202586385,3.17612349136156,110261.0,2.3359560851468313,2.031811230040544,-5.104347867584956,0.15351859426222705,7.440303952731785,SOXS,last5,RTH all,offexchange_TRF
57082,362679298.26838315,3.020588225467143,3.048769144477054,2.8380871292763206,1.0753262674749182,1.0885420340318053,3.8394576244074123,3.930718896685625,0.7756263484137139,0.2306156056199853,0.14039452016397463,0.6374338670684279,0.037717669317823485,0.7693843943800147,0.9999824813426299,0.505667384944202,0.3545250691986966,57081,3.048796347311485,2.4035754297920557,0.681140132609109,0.617065713252115,2.367656214702375,57081.0,3.048796347311485,8.46254397688846,-0.7356450442486597,-5.441902833844291,3.784441391560143,SOXS,last5,09:30-10:00,all
38328,272022777.113776,2.17534100861515,2.299442686276884,2.8293546149354647,0.7573898925068461,0.7976407063914046,2.8749854604439813,2.937522593195202,0.7827829789645072,0.25193070340221246,0.12747860571905656,0.6678146524733876,0.01776768941765811,0.7480692965977875,0.9999217282404509,0.49440313111545986,0.39120225422667504,38325,2.2995508988147093,2.4971643672366697,2.607949780912523,-0.32165307752515426,-0.3083988820978142,38325.0,2.2995508988147093,7.515236510870359,5.209883739240874,-5.3397252211588455,-2.910332840426165,SOXS,last5,10:00-10:30,all
27538,197163724.68373996,2.1483500806853004,2.175733867378899,2.8731504094254032,0.7391488488634531,0.7499860996219463,2.7002270047608845,2.717783167528419,0.8005546186959185,0.27416660614423705,0.12680659452393056,0.6682402498365895,0.023857941753213742,0.725833393855763,1.0,0.4874355436124628,0.40445929261384267,27538,2.1757338673786797,-3.597965092232056,-2.3562966772573093,5.746315172917132,4.532030544635989,27538.0,2.1757338673786797,-7.597386377438749,0.4310089388768185,9.745736458123828,1.744724928501862,SOXS,last5,10:30-11:00,all
19560,142845352.19534057,2.0441244210427274,2.058865548167799,2.7356038845589152,0.711328977505191,0.7185413659620795,2.6619477423708577,2.6765471230931097,0.7692244722329056,0.27085889570552146,0.13333333333333333,0.6513292433537833,0.0217280163599182,0.7291411042944785,0.9996932515337423,0.48000409123453003,0.4324642126789366,19554,2.0594246147213915,2.364312263385317,1.4605476387153786,-0.3195606179117545,0.5988769760060128,19554.0,2.0594246147213915,-0.5182683839474636,-4.863110500512697,2.5630200294210272,6.92253511523409,SOXS,last5,11:00-11:30,all
14065,103594949.80635163,2.0387991527559057,2.0310731536347517,2.7689325764892443,0.7006314824032163,0.6983513159977838,2.7352669157115614,2.741268343177866,0.7409246010845449,0.26192676857447567,0.16096693921080696,0.643298969072165,0.00796302879488091,0.7380732314255244,0.9998578030572343,0.5002488800398208,0.45375044436544615,14063,2.0312921585846087,1.6625463047947984,2.0845574276682814,0.37654280019763553,-0.053265269083672614,14063.0,2.0312921585846087,5.281197109884834,3.049712960187781,-3.2421080048924003,-1.0184208016031722,SOXS,last5,11:30-12:00,all
28090,198963158.9482589,2.33727880591358,2.4066603348807987,2.8981307056921914,0.7937209113563721,0.8195042656311431,2.9235329508167425,3.005678102404025,0.8007046173560252,0.2399074403702385,0.11509433962264151,0.6900320398718405,0.02474190103239587,0.7600925596297615,1.0,0.4315414738341047,0.37586329654681383,28090,2.4066603348805895,-4.625663780371957,-8.079172305991447,6.9629425862853,10.48583264087204,28090.0,2.4066603348805895,-4.5767235423949355,-17.1948413037407,6.914002348308278,19.601501638621283,SOXS,last5,12:00-12:30,all
13961,106390932.14041993,2.0782994352612802,2.09313481384212,2.886419396739823,0.709125406489582,0.716911711503515,2.719171318869328,2.727944360105634,0.7672938071805349,0.2652388797364086,0.15915765346321897,0.6437217964329203,0.016474464579901153,0.7347611202635914,0.9999283718931309,0.5132521489971347,0.44832032089391877,13960,2.093152483699087,1.1688885490092635,1.1422492073787613,0.9095597615695278,0.9509032763203255,13960.0,2.093152483699087,-0.2815463050358082,2.938422908525391,2.3599946156145992,-0.8452704248263043,SOXS,last5,12:30-13:00,all
9921,78442303.75089666,2.090038632431305,2.1609454453252517,2.821361738879654,0.7106078016329587,0.7376814409273641,2.9448113512775724,2.923824971013944,0.7390816710125655,0.2721499848805564,0.17951819373047073,0.5995363370627961,0.013103517790545308,0.7278500151194436,0.9994960185465175,0.5125050423557886,0.4818062695292813,9916,2.1626711116213206,1.3795171192899904,0.8298725436027362,0.7115753849807182,1.3327985680185843,9916.0,2.1626711116213206,-1.4250876830021195,-1.4780725750224806,3.5161801872728273,3.640743686643799,SOXS,last5,13:00-13:30,all
14364,104744163.39070775,2.539155882225378,2.314820700290813,2.9167274318229888,0.8544054580897372,0.7793548017055153,2.7778591068433687,2.8210058962250324,0.8205657079229866,0.24018379281537175,0.1461292119186856,0.6441102756892231,0.03759398496240601,0.7598162071846283,0.9995126705653021,0.43393466601657726,0.4048315232525759,14357,2.31541731034411,-5.050944093104325,-5.647644199465549,7.591337984048278,7.963061509809657,14357.0,2.31541731034411,-0.13363250786157466,-1.2533881037183559,2.6740263988055277,3.568805414062465,SOXS,last5,13:30-14:00,all
14427,102085970.99810717,2.265228110206608,2.2251945629163816,2.889755815635057,0.7706896790739126,0.7582376812750341,2.8246075484922764,2.7916556756490505,0.7970877577511529,0.19976433076869757,0.12019130796423373,0.7219103070631455,0.006862133499688085,0.8002356692313024,0.9995147986414362,0.403120665742025,0.4059749081583143,14420,2.2257796539583348,-1.6394086809365105,-0.5021793539680217,3.905736416439126,2.727959007926357,14420.0,2.2257796539583348,-5.324897719079697,-4.204887222915011,7.591225454582311,6.430666876873345,SOXS,last5,14:00-14:30,all
8631,64519432.52561863,2.0198402053086535,2.0790543758313507,2.8074279865495093,0.685635499942161,0.7091605239622994,2.7737863220000145,2.7970902740379064,0.7432918397839222,0.299965241571081,0.13706407137064072,0.619163480477349,0.01737921445950643,0.700034758428919,0.9998841385702699,0.49710312862108924,0.46367744177963155,8630,2.0792839949997903,1.6654415515062786,2.842241802703569,0.35463270249330126,-0.7629578077037781,8630.0,2.0792839949997903,4.368867787152316,4.658474390949368,-2.348793533152735,-2.579190395949578,SOXS,last5,14:30-15:00,all
8628,61789941.22704189,2.017145871681462,2.1305070495995384,2.8388928317930184,0.6790774223459646,0.7173648732907479,2.8024262256471486,2.7420058112240273,0.7769885245605965,0.2902178952248493,0.2022484932777005,0.5616597125637459,0.014719517848864163,0.7097821047751507,0.9991886879925823,0.48173065769632295,0.521557719054242,8621,2.1314105781345374,1.0231265361132662,1.0473651169056606,0.9956571990525295,1.0840454612288764,8621.0,2.1314105781345374,-0.7763484346653693,0.12644379932597327,2.795132169831165,2.004966778808564,SOXS,last5,15:00-15:30,all
17355,153892305.912777,2.1289503811672974,2.236585321009431,2.851033499641028,0.7169968308845435,0.7521921351685659,2.7837473786801046,2.782106338184045,0.8039179848421286,0.26004033419763756,0.15108038029386345,0.6456928838951311,0.01331028522039758,0.7399596658023624,0.9997118985883031,0.45780979827089335,0.42074330164217805,17350,2.2366904480999885,0.2019602472133859,-0.5398047476916652,1.9276036643228758,2.7764951957916537,17350.0,2.2366904480999885,-3.482856133544766,-5.948118237869335,5.612420045081027,8.184808685969323,SOXS,last5,15:30-16:00,all
73937,457435419.89527845,3.4078883222541982,3.56519027855473,2.8308563340424953,1.2052785722980957,1.265326104497086,4.308042254975464,4.510407811308838,0.7904363480428118,0.22346051368056588,0.14290544652880155,0.6176474566184725,0.04399691629360131,0.7765394863194341,0.9997294994387114,0.5067440507596358,0.33367596737763233,62583,3.73269464513438,3.888111860781823,0.6665847557987786,-0.3270279774865628,3.0661098893356025,,,,,,,SOXS,last5,open 09:30-09:35 (fixed),all
25332,227798175.37053105,2.1938409346648133,2.494371693173567,2.84535495803247,0.7359498105164564,0.8349989684521476,2.7469515917755953,2.7667393728395906,0.9015564377549288,0.30696352439602087,0.13555976630348965,0.6079662087478288,0.02873835465024475,0.6930364756039792,0.9988552029054161,0.5068964154448089,0.4071135322911732,17012,2.2252336528586207,0.9337335456617255,1.9788670704642688,1.1752680656891514,0.2463665823943514,,,,,,,SOXS,last5,close 15:55-16:00 (fixed),all
785776,5614959034.483669,9.187570975256179,10.49467884074092,2.9099374363424726,0.8000065815194538,0.8113786016994482,12.042626520325282,13.208713777529804,0.7945269325612988,0.2309156808047077,0.1779209342102584,0.6266582333896683,0.016531428804137566,0.7690843191952923,0.999618211805909,0.48939369248710335,0.41623185233450755,785476,10.497121245004926,0.0742413852386334,-0.42621344081815665,9.116838635860367,10.923334685823084,785476.0,10.497121245004926,-1.6072273530177303,-3.069163491789616,10.79830737411673,13.566284736794543,SOXS,normal18m,RTH all,all
458711,2736671112.867,7.678850791738167,9.566237074714891,2.8855864954525767,0.8421127899701762,0.8180935859615774,9.245867940055929,11.453341768490178,0.835235450760145,0.2145032493225582,0.012371623963672116,0.8490770877524193,0.01061888640124174,0.7854967506774417,0.9996075960681126,0.4794005203574022,0.0,458531,9.56824763987184,-3.5508158007729436,-4.5970085288912435,11.232680986614136,14.165256168763083,458531.0,9.56824763987184,-5.9177999671710415,-6.667278373607348,13.599665153012237,16.235526013479188,SOXS,normal18m,RTH all,lit
327065,2878287921.616669,11.30356181530856,11.377439645169243,2.96655062812553,0.7409523232385635,0.8049940064282414,15.965100417299698,14.877718408163084,0.7647301375812227,0.25393423325638637,0.41010502499503154,0.3147142005411768,0.02482381178053292,0.7460657667436137,0.9996331004540382,0.5034088302313845,1.0,326945,11.38033149343693,5.158280280340484,3.539545673812092,6.149430328856199,7.8407858196248394,326945.0,11.38033149343693,4.438227299417182,0.3520683325357152,6.869483309779502,11.028263160901217,SOXS,normal18m,RTH all,offexchange_TRF
172732,1083178359.8558168,9.281201470076974,10.19384427172632,2.8756290438548135,0.9436943588912664,0.9472802022445942,11.53110995918316,12.706917530111518,0.8022279398264779,0.21881874811847254,0.1560625709191117,0.6427297779218674,0.028506588240742883,0.7811812518815274,0.9998784243799643,0.5034363763744057,0.3553192228423222,172711,10.194336981254253,1.4941250425695962,0.9669041319743289,7.788204932529307,9.227432849279925,172711.0,10.194336981254253,5.175197243099589,0.7586445028128963,4.107132731999314,9.435692478441355,SOXS,normal18m,09:30-10:00,all
122963,874680779.9653301,10.196863297195573,11.164938744834773,2.871500358934933,0.782503190390646,0.7922693468942295,13.241914021421332,14.069702972929601,0.7935447369654033,0.2303619788066329,0.17907825931377733,0.6242446914925628,0.015403007408732709,0.7696380211933671,0.9998780120849361,0.47598984936721217,0.41231102038824685,122948,11.165947638903306,-2.934791859490962,-4.470132992642342,13.132899202538743,15.636080631545646,122948.0,11.165947638903306,-2.3629198595385126,-3.5285349248961624,12.561027202586292,14.694482563799468,SOXS,normal18m,10:00-10:30,all
82032,585343890.5955868,9.410134751012395,11.134499949911383,2.9090909090923973,0.760625621708645,0.7830844460152481,12.783295308545627,14.25537818882214,0.7810736272603497,0.24292958845328652,0.17685781158572264,0.631241466744685,0.01386044470450556,0.7570704115467135,0.9997196216110786,0.5143215988489068,0.41054710356933877,82009,11.135794618591994,-2.9953355733155465,-1.7422637888499206,12.40810946270612,12.878058407441916,82009.0,11.135794618591994,-16.605851507828287,-8.071814689637476,26.018625397218866,19.207609308229472,SOXS,normal18m,10:30-11:00,all
67612,519661097.4221771,8.832286459862946,11.161449737789393,2.835672763364559,0.7543503342602292,0.7724382446046296,11.719430697522903,13.865361850098871,0.8049879879413174,0.23756137963675086,0.17856297698633378,0.6257764893805833,0.01362184227651896,0.7624386203632492,0.9996598236999349,0.48355501634881415,0.42016210140211796,67589,11.163370389933155,1.0650097234765536,1.255423996595935,7.770282293334484,9.907946393337221,67589.0,11.163370389933155,-7.52613156362838,-11.573196749850311,16.361423580439414,22.736567139783467,SOXS,normal18m,11:00-11:30,all
47973,331534313.79026294,9.347205371849194,10.70641715216519,2.9201343261804977,0.7535960185938377,0.7708462098383274,12.727559487631343,13.692310101004361,0.781929205019966,0.23240155921038919,0.19658974840014173,0.6111562754049152,0.012110979092406144,0.7675984407896108,0.9996247889437809,0.4938796788656032,0.4465636920767932,47955,10.707919620592046,1.1026346688243767,2.5460074888140585,8.248079194249616,8.161912131777987,47955.0,10.707919620592046,0.8370370328571631,1.4843957206447336,8.51367683021683,9.22352389994731,SOXS,normal18m,11:30-12:00,all
52704,397284831.5769335,6.5962671555261245,9.106401949390886,2.9057097196004986,0.7801559729811948,0.8098676106826923,8.730242739328554,11.174025347529923,0.8149616334460797,0.23271478445658775,0.1537833940497875,0.6558325743776563,0.018803126897389194,0.7672852155434122,0.9998482088646024,0.4695233034765447,0.3966112629022465,52696,9.106932306673054,-1.6527572977194527,-4.1926789012616315,8.250025860130988,13.299611207934683,52696.0,9.106932306673054,-2.3936413850547615,-14.229129904225829,8.990909947466298,23.33606221089888,SOXS,normal18m,12:00-12:30,all
36348,283767435.51830053,9.547444431124136,11.284434518916168,2.8956131460851653,0.7513909926268857,0.754679396903512,12.618148895529027,14.35553837021436,0.7860683610675109,0.23385055573896776,0.20581600088037857,0.603251898316276,0.012132717068339386,0.7661494442610323,0.9981016837240013,0.48835414427079027,0.4699570815450644,36279,11.29329277992148,3.869788813710421,4.685039297635362,5.695814157223008,6.608253482286115,36279.0,11.29329277992148,9.615584537689397,11.639723448270404,-0.04998156675596555,-0.3464306683489242,SOXS,normal18m,12:30-13:00,all
30345,222666454.54929966,9.70833412709723,11.162358070337522,2.9572674848455174,0.7396421156698368,0.7584638935177677,12.844225154559847,14.337971433728796,0.7785172485473832,0.23750205964738838,0.2013840830449827,0.6040204317020926,0.00932608337452628,0.7624979403526116,0.9994068215521503,0.500544069640914,0.46515076618882845,30327,11.170367755384559,-0.1495859925523395,-0.82064112255183,9.86368231222655,11.991008877936387,30327.0,11.170367755384559,2.4246960148463503,4.1981539481029975,7.2894003048278595,6.972213807281561,SOXS,normal18m,13:00-13:30,all
33689,250522564.02124596,6.499753296819519,7.968838818270584,2.9175784099171125,0.7897818278963911,0.7965936299955356,9.063384842409777,10.169623527102155,0.7835923126390612,0.24123601175457865,0.1701742408501291,0.6205586393184719,0.02080797886550506,0.7587639882454214,0.999584434088278,0.4655679287305122,0.42506456113271396,33675,7.97000498836821,-0.5963532683300846,-0.7075496369904661,7.098808763995905,8.677554625358677,33675.0,7.97000498836821,3.3648621027812484,1.3313167779113715,3.137593392884571,6.638688210456838,SOXS,normal18m,13:30-14:00,all
28342,207803794.16392744,7.533690929721638,9.100402263498005,2.8981307056921914,0.7601517182979243,0.789011135096475,9.929099730564118,11.169723675856398,0.8147383523165146,0.2128290170065627,0.1642085950179945,0.6576458965492908,0.008079881448027662,0.7871709829934374,0.9994354667983911,0.42215632281296334,0.4322912991320302,28326,9.10371111183057,0.6410725763717535,0.4019958536265996,6.896873774336609,8.70171525820397,28326.0,9.10371111183057,-3.5081330745794213,-6.432693583390492,11.046079425287783,15.53640469522106,SOXS,normal18m,14:00-14:30,all
23592,191370374.10409832,10.264558988713134,11.782614672573464,2.9442072721934687,0.7282748389285021,0.7628947948707298,13.475894574365409,14.807593212879718,0.7957143678369614,0.24008138351983724,0.19671922685656154,0.603001017293998,0.008604611732790776,0.7599186164801628,0.9995337402509326,0.5358975446333913,0.4860122075279756,23581,11.784115341044066,2.416943868394947,2.018684645926098,7.85240330355346,9.765430695117967,23581.0,11.784115341044066,1.520743111170778,1.8741975653007001,8.748604060777629,9.909917775743367,SOXS,normal18m,14:30-15:00,all
32717,236543258.2125585,10.85573211415354,11.40886815651509,3.038128512837647,0.74441238499868,0.7734121743338498,13.92887095059322,14.051734024131735,0.8119188803974,0.2221780725616652,0.20591741296573646,0.6134119876516796,0.008466546443744841,0.7778219274383348,0.9990830455115077,0.4603665065622419,0.4815844973561146,32687,11.418105365820237,2.1330008997326773,0.7261168594705797,8.732694562645484,10.691988506349658,32687.0,11.418105365820237,-2.0523655969342856,-3.797505148729491,12.918061059312452,15.215610514549729,SOXS,normal18m,15:00-15:30,all
54727,430601880.7081318,9.60701433599798,9.535434751416382,2.9677993767636495,0.7179063350814456,0.7529194888349351,13.197412667711268,12.25046322761139,0.7783734030501321,0.2397719589964734,0.20748442267984724,0.5949896760282859,0.007455186653754088,0.7602280410035266,0.9993787344455205,0.5015267036000951,0.46755714729475395,54693,9.540703415911844,1.9805170358244641,0.11328502135829877,7.632469517594673,9.427418394553547,54693.0,9.540703415911844,-5.746995132628773,-4.088834575201705,15.35998168604791,13.62953799111355,SOXS,normal18m,15:30-16:00,all
229477,1382865689.4491282,8.977530765605987,9.593001749322008,3.0911901081926856,1.13590922750432,1.1702360262580778,11.12029469354325,11.991646631793765,0.7999736853392455,0.2060293624197632,0.16673566414063282,0.6200664990391194,0.03629121872780278,0.7939706375802368,0.9998039019160961,0.5169200460267095,0.3373104929905829,186419,9.649905810000028,5.947816955265282,4.826524332457195,3.210772226538424,4.823381477542835,,,,,,,SOXS,normal18m,open 09:30-09:35 (fixed),all
97440,784089464.5704553,8.33392760752099,8.166866190627449,2.8276544606263587,0.7414488977832978,0.7691946210589475,12.159272046754282,11.528410166321043,0.7084121811076806,0.26754926108374383,0.14620279146141216,0.6116995073891626,0.017980295566502463,0.7324507389162561,0.999066091954023,0.5221419839957268,0.3806444991789819,67363,8.641184019347655,-0.534270411535489,-1.8915657820891612,9.26963262875728,10.532749801436815,,,,,,,SOXS,normal18m,close 15:55-16:00 (fixed),all
364861,2457664901.5723577,2.2907349651978044,2.31728740696515,2.6556898154309163,0.8473350443046044,0.8484173345626855,2.9973640386111358,2.972982219041852,0.779448794588478,0.24693513420179192,0.14101260480018418,0.6477644911349801,0.023814548554106908,0.7530648657982081,0.9998191091950085,0.4823531024273907,0.3751784926314405,364795,2.3175710160703127,0.33610728664929956,-0.4669790520638326,1.9550421264099729,2.7845500681341453,364795.0,2.3175710160703127,1.0504455499328431,-2.08764842277494,1.24070386312643,4.405219438845252,SOXS,since_2026-07-15,RTH all,all
227973,1222568865.6739998,2.3618728579346366,2.328492049971451,2.7681660899668143,0.8796892614476517,0.8527099652179368,2.8290734055390394,2.7081352767544282,0.8598137877226127,0.2153632228377922,0.02017782807613182,0.8414549091339764,0.015457970900062727,0.7846367771622078,0.9998245406254249,0.4640047733325144,0.0,227933,2.3288000795504615,-0.1687552508965467,-0.8829939940292088,2.5310425942908954,3.2117940735796706,227933.0,2.3288000795504615,0.3970438439802057,-0.6860827856782415,1.9652434994141423,3.0148828652287043,SOXS,since_2026-07-15,RTH all,lit
136888,1235096035.8983579,2.1722620616496924,2.306196408943662,2.237842490315889,0.7934523961195781,0.8441682426391324,3.277634920597466,3.2351429064689214,0.7128576621243661,0.2995149319151423,0.3422505990298638,0.32519285839518436,0.0377315761790661,0.7004850680848577,0.9998100637017123,0.5129108152737795,1.0,136862,2.3064560641692395,1.1769165161683588,-0.05519172195858513,0.9957582152768434,2.361647786127825,136862.0,2.3064560641692395,2.138635193828902,-3.4749711207066545,0.034039537616299395,5.781427184875895,SOXS,since_2026-07-15,RTH all,offexchange_TRF
88012,517812897.97489977,2.801397977803694,2.8961162472462827,2.546797402267953,1.0753937417625405,1.106413603124868,3.563175061188695,3.6377034721318187,0.7961386268653337,0.2261623414988865,0.13528836976775893,0.6430373130936691,0.0395173385447439,0.7738376585011135,0.9999659137390355,0.5074026520014998,0.3147298095714221,88009,2.8961490909288212,2.6468522593082695,-0.5852404021555494,0.15464121093276018,3.4813894930843703,88009.0,2.8961490909288212,8.040900019476531,-2.872162682320442,-5.239406549235501,5.768311773249261,SOXS,since_2026-07-15,09:30-10:00,all
51699,340795515.3587993,2.1945246485416767,2.299746592635198,2.6556898154309163,0.8168637652566454,0.8416910063221992,3.0009636626775733,3.0049249424125386,0.7653258023772201,0.24774173581694037,0.14008007891835433,0.6481750130563454,0.019845644983461964,0.7522582641830596,0.99990328633049,0.49321004371880683,0.3639141956324107,51694,2.2999135983885965,0.7035558133819066,1.4346034699313193,1.491181096219707,0.8653101284572772,51694.0,2.2999135983885965,0.7741735487113267,2.0906511499574827,1.4205633608902863,0.209262448431115,SOXS,since_2026-07-15,10:00-10:30,all
38600,256691974.90743703,2.1243235498566255,2.1252579943851213,2.4128686760645475,0.793401580310949,0.7836147806693083,2.7956836110245784,2.7208603215812475,0.7810977937853173,0.2592227979274611,0.13531088082901555,0.6610362694300518,0.021658031088082903,0.7407772020725388,0.9998963730569949,0.49183853249041354,0.36316062176165803,38596,2.1253171213634627,-2.2232211486630087,-0.7649314545333752,4.34776485848936,2.8902485758968384,38596.0,2.1253171213634627,-5.872741846585304,1.3410186097174102,7.997285556411654,0.7842985116460536,SOXS,since_2026-07-15,10:30-11:00,all
27651,190625122.71089715,2.021918938362961,2.015947202164255,2.2948938611600953,0.7625653611081782,0.7541872096769358,2.7592581216143817,2.662925687953664,0.7570422303873668,0.26722360854941957,0.13692090701963763,0.6414234566561788,0.020686412787964268,0.7327763914505805,0.9996745144841055,0.4833586571159829,0.3893168420671947,27642,2.016374072696535,2.53708281450044,1.6396210514459317,-0.5145055565355017,0.37675302125060295,27642.0,2.016374072696535,1.0938792349794932,-2.6129696264432813,0.928698022985446,4.629343699139816,SOXS,since_2026-07-15,11:00-11:30,all
19343,130778558.54199584,2.012532611854329,2.0343711143531675,2.309202170651222,0.7448824794500175,0.7429265513291875,2.7322731656851493,2.7309485352368252,0.7449320586250993,0.2504265108824898,0.1563356252908029,0.6463320064105879,0.009409088559168692,0.7495734891175102,0.9997932068448534,0.47468845338435284,0.41679160419790107,19339,2.0348550708650137,0.45068126331586433,1.4183478590580374,1.562267612587465,0.616507211806976,19339.0,2.0348550708650137,1.4854716896187132,1.5443766516597481,0.5274771862846164,0.49047841920526447,SOXS,since_2026-07-15,11:30-12:00,all
31630,218696407.15998894,2.286694256792378,2.3623217431243053,2.872325147204051,0.800063876067049,0.8241764716118539,2.89540372471456,2.958444620860377,0.7985012551755298,0.23914005690799872,0.1207714195384129,0.6807777426493835,0.025608599430920014,0.7608599430920012,1.0,0.43626304141637684,0.36977552956054377,31630,2.3623217431240895,-3.916418103994443,-7.231324208412575,6.2031123607865855,9.593645951536661,31630.0,2.3623217431240895,-3.6256878240523016,-15.401826592128105,5.912382080844445,17.764148335252194,SOXS,since_2026-07-15,12:00-12:30,all
18705,135057297.0283226,2.057847539000843,2.0364045709511256,2.49826509368898,0.756313274525614,0.739861132745202,2.7797794370923232,2.7198549640221192,0.7487180742680823,0.25736434108527134,0.1673349371825715,0.6298315958299919,0.017375033413525795,0.7426356589147287,0.9999465383587276,0.5086077844311377,0.42715851376637265,18704,2.0364181130405323,1.3549954298389968,0.7666272113684831,0.7029621309505095,1.2697909016720488,18704.0,2.0364181130405323,0.7439894310425302,1.97748964056858,1.313968129746976,0.05892847247195246,SOXS,since_2026-07-15,12:30-13:00,all
12790,96566478.04486021,2.0056109391098698,2.0615627514157326,2.41726623709519,0.7270774042221041,0.7406565719128569,2.8584566284320134,2.819478011876257,0.7311859651793631,0.271931196247068,0.17216575449569976,0.6033620015637217,0.011102423768569195,0.7280688037529319,0.9994526974198593,0.5069232574513025,0.45410476935105554,12783,2.063134578133659,1.2578476538560586,1.1429281524234098,0.7488615623852151,0.9202064257102489,12783.0,2.063134578133659,-0.07443266028791282,-0.8034397058960397,2.0811418765291876,2.8665742840296984,SOXS,since_2026-07-15,13:00-13:30,all
17331,125879016.51056685,2.400074757747715,2.2460975661434976,2.8726366700901913,0.8438439789972416,0.7966717710038947,2.7407249564429548,2.7460949407764303,0.8179242213338904,0.2439559171426923,0.14984709480122324,0.6356240263112342,0.03398534418094744,0.7560440828573077,0.9995960994749293,0.4450473331794043,0.40453522589579366,17324,2.2465792471540786,-4.018417875289245,-3.9880505205423966,6.419462416187537,6.234629767696474,17324.0,2.2465792471540786,0.323427408377752,-1.159296539652692,2.0776171325205404,3.4058757868067704,SOXS,since_2026-07-15,13:30-14:00,all
16705,116256097.37094153,2.1892113654526972,2.219042332253381,2.7890112954971733,0.7706303501945189,0.7860444947848635,2.778042869679785,2.7618654039478976,0.8034578111885583,0.2059862316671655,0.12217898832684825,0.7112241843759354,0.00772223885064352,0.7940137683328344,0.9995809637832984,0.4059168762726075,0.3946722538162227,16698,2.2195546712950733,-1.4002033726916754,-0.24281548281823437,3.590332481560033,2.462370154113308,16698.0,2.2195546712950733,-5.072093732392581,-3.3396693027718105,7.262222841260938,5.5592239740668825,SOXS,since_2026-07-15,14:00-14:30,all
10323,73882160.84315942,1.9416918418048648,2.0084085743214435,2.8007281893266787,0.6885517775841261,0.7084051108053726,2.7101152991557087,2.7302540237079858,0.7356123484780377,0.2967160709096193,0.13726629855662115,0.6165843262617456,0.015208757144241015,0.7032839290903807,0.999709386806161,0.49098837209302326,0.44812554489973844,10320,2.0087854960707863,1.3617359260787558,2.3793092917766767,0.5805203610286769,-0.3705237957058906,10320.0,2.0087854960707863,3.9631267633708673,5.360601953399537,-2.0208704762634344,-3.35181645732875,SOXS,since_2026-07-15,14:30-15:00,all
11628,80319371.85231614,1.9295520174219056,1.9994139921815308,2.2870211549468538,0.7007791537668937,0.7176715182324693,2.6397928557927752,2.587992368527692,0.7725733725092074,0.2755417956656347,0.1781905744754042,0.597265221878225,0.01582387340901273,0.7244582043343654,0.9993980048159615,0.47190431116082954,0.46792225662194703,11621,2.000066245977566,1.4875000741017967,1.2957666384746138,0.4432142240289888,0.7042996075029526,11621.0,2.000066245977566,0.53313194502032,0.0728293682782105,1.3975823531104654,1.9272368776993558,SOXS,since_2026-07-15,15:00-15:30,all
20444,174304003.26817298,2.046261245884733,2.153799379934656,2.8372818839525897,0.7168293875954612,0.7455560679233342,2.694994457043584,2.7121541767733466,0.7941286665705096,0.26183721385247505,0.14620426531011543,0.6479651731559382,0.012668753668558012,0.738162786147525,0.9995597730385443,0.4625886958649376,0.4091175895128155,20435,2.1540858926068753,0.2136146753979252,-0.09743339461975999,1.8335477865968153,2.251519287226635,20435.0,2.1540858926068753,-3.086980421765268,-6.268336400107523,5.13414288376001,8.422422292714396,SOXS,since_2026-07-15,15:30-16:00,all
113979,681894805.0992663,3.602233849326438,3.790815662711111,2.814919071078146,1.4112213811316632,1.4914126111883614,4.712713443619619,4.864714215911772,0.7792473502989969,0.21017029452793937,0.17685714035041541,0.58766088489985,0.04853525649461743,0.7898297054720607,0.9998245290799183,0.5114734246527259,0.3058633607945323,91936,4.018490818704783,4.4659524656063825,1.6994948688449854,-0.6561258496610913,2.318995949859798,,,,,,,SOXS,since_2026-07-15,open 09:30-09:35 (fixed),all
47408,378470268.8161315,2.048058672799376,2.2162616998827707,2.211900049172872,0.7921950008438228,0.8285766159233547,2.4783907699732453,2.5289343491868506,0.8763618955135722,0.255863989200135,0.11261812352345596,0.666301046236922,0.02877151535605805,0.744136010799865,0.9993671954100574,0.4939845497910423,0.3307036787040162,31793,2.039099055474393,-0.17602431306902783,0.42213463005441837,2.196537436922194,1.6169644254199749,,,,,,,SOXS,since_2026-07-15,close 15:55-16:00 (fixed),all
786216,5606611301.379164,8.612053880957099,9.265593480402925,4.379242391065474,1.4021644687974106,1.2774150640418744,10.46124110578248,11.359517244768963,0.8156678915796104,0.18695880012617397,0.1621857097795008,0.6271800624764696,0.054436694241785974,0.8130411998738261,0.9998677208298992,0.49535689570951724,0.28655992755171605,786112,9.266354087875502,-1.8710868095349735,-2.538161210494209,10.484280036543955,11.804515298369711,786112.0,9.266354087875502,1.4977009836331092,5.627354237025987,7.115492243375872,3.6389998508495163,SOXS,stress,RTH all,all
560918,3705554896.97,7.550066422419108,8.58628380452168,4.01525798032729,1.4213867267586657,1.3193984117094664,8.670048271351954,9.989132949633044,0.8595624713191049,0.16782845264370194,0.06302168944480298,0.761697788268517,0.04992351823261154,0.8321715473562981,0.9998538110739894,0.49367016382685847,0.0,560836,8.587086306818906,-8.57983856276319,-9.924289865910067,16.131008882661398,18.51137617272897,560836.0,8.587086306818906,-7.654238590998371,-0.6544064933703807,15.205408910896582,9.241492800189286,SOXS,stress,RTH all,lit
225298,1901056404.409164,11.25605374455204,10.58970952987027,6.831120136858273,1.354307361805289,1.195580774864542,14.920722780289593,14.030681668819769,0.7547537446739787,0.23458708022263847,0.4090715408037355,0.29227512006320516,0.0656730197338636,0.7654129197773616,0.9999023515521664,0.4995561000727996,1.0,225276,10.590344067579448,14.83069011420968,11.858459093450376,-3.5735371261414666,-1.2681150258709262,225276.0,10.590344067579448,24.281917603592724,17.87140362945487,-13.024764615524507,-7.28105956187542,SOXS,stress,RTH all,offexchange_TRF
105818,730566691.6417882,9.111302060279474,9.715456343507112,3.9331366765015208,1.4203729044208373,1.364620469244192,11.125909861861617,12.196718011882178,0.7965631683902348,0.1913946587537092,0.1698482299797766,0.6164546674478822,0.0528171010603111,0.8086053412462908,0.9998676973671776,0.4934879588673396,0.2883724886125234,105804,9.716433359863814,6.404375367360166,0.1628976780794778,2.7081323016754313,9.553535681784336,105804.0,9.716433359863814,-3.3116645981480484,-10.642373139805283,12.424172267183643,20.358806499669097,SOXS,stress,09:30-10:00,all
87113,636068697.7201352,7.431719715943772,8.999449428516174,2.988196623335097,1.350018711328995,1.2299400857805782,9.45492419225487,11.352521721695968,0.7927269067732499,0.1989255335024623,0.1764030626886917,0.6043874048649456,0.05365444881934958,0.8010744664975377,0.9999655619712328,0.49217081850533806,0.29722314694706875,87110,8.99957342811207,1.2348975067430519,3.830757841816132,6.197078151792145,5.168815586295937,87110.0,8.99957342811207,16.254167101166022,16.80437511987058,-8.822191442630821,-7.8048016917585095,SOXS,stress,10:00-10:30,all
71923,556284000.4401153,7.372510531580558,8.65352028333196,2.881429188875063,1.5349651710857661,1.3780785633873955,8.821877798471219,10.609498957832109,0.8156389210956836,0.1766750552674388,0.1640365390765124,0.6285054850326043,0.06797547377056018,0.8233249447325612,0.9999443849672567,0.5138280565636341,0.26122380879551743,71919,8.653757327342882,1.717633636150253,-1.2879980101249442,5.655286940649509,9.941755337467828,71919.0,8.653757327342882,11.128407516997655,-3.711551591707018,-3.755486940197891,12.365308919049903,SOXS,stress,10:30-11:00,all
69878,482698400.7580834,7.970353512297615,7.958922520227579,2.8204766605570772,1.6246907467300475,1.5592411634481929,8.800240747800492,8.821609592128922,0.902207520873393,0.1752339792209279,0.14207618993102264,0.6442227882881594,0.07155327857122414,0.8247660207790721,0.9999713786885716,0.5049086954032859,0.2418214602593091,69876,7.959065157634468,0.3466333898813344,-10.478314965811839,7.623948250915585,18.437380123446307,69876.0,7.959065157634468,-4.969384381755661,-2.8694855408055235,12.939966022552582,10.828550698439994,SOXS,stress,11:00-11:30,all
58600,454178609.43542796,8.292003278438816,9.083907097104992,4.36300174520293,1.1181481228669186,1.046098650748015,10.512010936395964,11.575316358028303,0.7847653417096163,0.20139931740614334,0.15667235494880546,0.6318600682593857,0.04001706484641638,0.7986006825938566,0.9998122866894198,0.4933519944016795,0.2954095563139932,58589,9.084921244899768,-3.5880474775919002,-2.5610537901911066,11.881607567651626,11.645975035090876,58589.0,9.084921244899768,-0.2472591510297357,-1.7932976060901369,8.540819241089457,10.878218850989906,SOXS,stress,11:30-12:00,all
46284,381697712.07967573,8.666709162260334,9.252157776998322,4.409171075836865,1.013058076225071,1.0173650982281903,11.198996528275131,11.599861117717367,0.797609357828154,0.20467116066027136,0.16725002160573849,0.6302826030593726,0.03504450782127733,0.7953288393397286,0.9999567885230317,0.5192083315327773,0.3310647307924985,46282,9.252201887020012,1.2211881251136103,3.147951817950659,7.445895554633441,6.104250069069354,46282.0,9.252201887020012,2.6027472318516893,23.12590908873582,6.064336447895364,-13.873707201715803,SOXS,stress,12:00-12:30,all
53624,474662656.2464822,9.225118048854364,9.469065480860289,4.481290611695277,0.8795058182903549,0.8631448567398909,11.84203792113197,12.172402447496633,0.777912620101358,0.22874086230046248,0.14379755333432792,0.6374384603908697,0.0235528867671192,0.7712591376995375,0.9999627032671938,0.5205699153332587,0.3454236908846785,53622,9.46933471799941,-8.089089255565446,-5.784059817286732,17.314551384015715,15.253394535286137,53622.0,9.46933471799941,15.246197924816533,13.741197841517536,-6.020735796366261,-4.271863123518128,SOXS,stress,12:30-13:00,all
48479,411277595.02869487,7.53025704168594,8.321212550307289,4.575611988102498,1.5984087955609911,1.4818816936321166,9.524739006332993,10.293397946313553,0.808402880536395,0.17698384867674663,0.15934734627364425,0.6443202211266734,0.054353431382660536,0.8230161513232533,0.9994430578188493,0.4938495830925452,0.25670909053404567,48452,8.322017278381807,1.8785260488878381,-2.7340233142878625,5.655927247650777,11.056040592669671,48452.0,8.322017278381807,5.506406040838926,1.6061597171141127,2.0280472556996876,6.715857561267696,SOXS,stress,13:00-13:30,all
53442,324932107.5623184,10.467539209970486,10.368402175961112,6.478781988987083,2.083329590958444,1.7421566164230242,12.453498857232365,12.361347918032005,0.8387760173658974,0.14191085662961717,0.21290370869353692,0.5836982148871674,0.07694322817259833,0.8580891433703829,0.9998315931289997,0.476297419197874,0.2516747127727256,53433,10.372562131851344,-25.602369901605716,-14.96093976059312,36.0716722140201,25.333501892444463,53433.0,10.372562131851344,-51.86541857044058,-3.135660086905046,62.33472088285496,13.508222218756384,SOXS,stress,13:30-14:00,all
50255,286075884.84537363,8.274137217658298,10.398274511881906,4.196103618068284,1.4327513680231236,1.247669404065595,9.676813892869852,12.128514159994506,0.8573411693066463,0.17604218485722814,0.14221470500447717,0.6480549199084669,0.061566013332006765,0.8239578151427719,0.9998010148243955,0.4992934620360235,0.26526713759824894,50245,10.399153676860928,-2.3887886624519394,2.542400943285252,10.66457263843785,7.856752733575677,50245.0,10.399153676860928,-10.955285655382623,10.117499136359765,19.231069631368538,0.28165454050116584,SOXS,stress,14:00-14:30,all
50806,293072795.2281947,8.442142313963531,9.942148725206398,4.709761044923851,1.6068960359013058,1.3800393421090236,9.498701591579678,11.511871575329954,0.8636431235484344,0.17045230878242726,0.1518521434476243,0.6230169665000197,0.07788450183049246,0.8295476912175728,0.99984253828288,0.5084452143785189,0.27608943825532417,50798,9.943194321999412,0.7159778762843027,-7.477211303202301,7.727493961253099,17.42040562520171,50798.0,9.943194321999412,-1.3197796862983604,-9.730362471495848,9.763251523835763,19.673556793495262,SOXS,stress,14:30-15:00,all
42698,259365931.73205295,8.479237892578253,9.831119115013403,4.643064485077566,1.4249524567895795,1.2778477189927933,10.35656857507501,11.990153444692,0.8199327189899813,0.19270223429668837,0.15082673661529813,0.6285540306337534,0.05508454728558715,0.8072977657033116,0.9997892172935501,0.4881351167748132,0.2718160101175699,42689,9.832890989993633,-4.974824364885329,3.4000871420539664,13.455849910981549,6.432803847939663,42689.0,9.832890989993633,17.3721563598546,44.120012450947385,-8.891130813758382,-34.287121460953756,SOXS,stress,15:00-15:30,all
47296,315730218.6608211,11.82384465312654,9.784978317320197,4.561003420751658,1.0081816644114112,1.019696440980111,14.095023475013463,11.816317297808483,0.8280903491932272,0.19062922868741541,0.1566517253044655,0.6581106224627875,0.026788734776725304,0.8093707713125846,0.9999365696887687,0.4251157676611761,0.3634345399188092,47293,9.785481974392749,-5.145456202345398,-5.504744300184719,16.97005089319325,15.290226274577467,47293.0,9.785481974392749,23.590342666736387,20.341895387452325,-11.765747975888532,-10.556413413059579,SOXS,stress,15:30-16:00,all
141479,914598800.875952,8.578511931358168,9.451076034804471,3.9354584809122435,1.5511790442398126,1.516327922371871,10.31717218592786,11.696331331195639,0.8080376459238309,0.1783939665957492,0.16820870941977253,0.6271743509637473,0.05670099449388248,0.8216060334042508,0.9999929318132019,0.49031651564200796,0.2734257380954064,115194,9.539455601290586,13.504250333904693,9.893978373376145,-4.68151896568357,-0.3545227720855569,,,,,,,SOXS,stress,open 09:30-09:35 (fixed),all
83783,526771416.4260835,8.47561972735567,8.739173924443142,2.7177605652917256,0.9935729205209088,1.0392680567909098,10.966055061499423,10.854810206502348,0.8050968886778067,0.2041225546948665,0.15186851747967964,0.6325030137378704,0.03319289115930439,0.7958774453051335,1.0,0.4891923182507191,0.3068044830096798,62590,7.908806350697777,-20.10330105528511,-19.43019847512173,28.823132164223566,27.33900482581951,,,,,,,SOXS,stress,close 15:55-16:00 (fixed),all
73177,496779006.8212,5.013918323522116,4.579439113268571,3.1128404669276626,1.4875389808273451,1.6359187829032422,6.632646714146424,5.943107575629829,0.7705462260260801,0.1797559342416333,0.2463752271888708,0.5851975347445235,0.026524727714992417,0.8202440657583667,0.9995627041283464,0.5134322236653223,0.35034232067452886,73145,4.580385964972856,1.053316713685304,1.4798825737602546,3.9627951348398223,3.1005033912126017,73145.0,4.580385964972856,3.5156077915812425,2.8871523922020796,1.5005040569438857,1.693233572770777,SOXS,y2022,RTH all,all
47540,230824385.45,4.7522467377885365,4.487271766585158,3.0755036137183196,1.4726041228439513,1.6558762180826785,5.707075423293328,5.065532838948851,0.8858439791531016,0.17284392090870845,0.11903660075725704,0.7407446360959192,0.02475809844341607,0.8271560790912915,0.9996003365586874,0.4907093705940532,0.0,47521,4.488567642119225,0.05048113339547363,-0.8981450571182672,4.70366566306215,5.386712699237492,47521.0,4.488567642119225,5.0547872046385445,3.7622651189949488,-0.3006404081809205,0.7263025231242765,SOXS,y2022,RTH all,lit
25637,265954621.3712,5.499149325034555,4.659431974633678,3.1382394476692324,1.5152334516519557,1.6185975470972964,8.348980886130517,6.704762508476835,0.6949436268238817,0.19257323399773765,0.48250575340328433,0.29675859109880254,0.029800678706556928,0.8074267660022624,0.999492920388501,0.5555729004058695,1.0,25624,4.660063699729029,2.9131258617868108,3.54347782280475,2.5888133844630987,1.1165858769242798,25624.0,4.660063699729029,0.6611219623626944,2.1277505913403356,4.840817283887215,2.532313108388694,SOXS,y2022,RTH all,offexchange_TRF
12926,72171377.6577,5.705288022102747,5.467168646047212,3.1451486082733497,1.9422187838465357,2.2174812017593486,6.988732959446134,6.969715156543554,0.784417802342228,0.15170973232245089,0.2621847439269689,0.5937645056475321,0.03388519263499923,0.8482902676775491,1.0,0.4572180102119759,0.31278044251895404,12926,5.467168646047127,1.6493546922136386,6.380510750525031,4.055933329889039,-0.9133421044779044,12926.0,5.467168646047127,6.739254702853872,4.751614233049593,-1.0339666807511938,0.7155544129975322,SOXS,y2022,09:30-10:00,all
7940,48197902.0959,4.692805129037861,4.4494059813156115,3.179144810045465,1.8866045340050384,1.9258261565184909,6.369857418473331,6.114428287394009,0.7276896174395994,0.15277078085642318,0.29848866498740556,0.5609571788413098,0.026700251889168764,0.8472292191435769,0.9998740554156171,0.5242473863206953,0.367632241813602,7939,4.4495378309219715,-0.49242508923372336,-2.3243022349334352,5.1858213261099,6.773840065855406,7939.0,4.4495378309219715,5.112999119895213,5.766734112450662,-0.41960288301903,-1.3171962815286895,SOXS,y2022,10:00-10:30,all
8393,53819840.7104,5.699456236822156,5.822441861422219,3.151095005513789,1.6465054211843726,1.8523981871002106,7.2359973164986915,7.096664141795821,0.8204477124866222,0.1571547718336709,0.2786846181341594,0.5596330275229358,0.03836530442035029,0.8428452281663291,0.9994042654593114,0.515379113018598,0.3622066007387108,8388,5.824532438618535,-2.2651858729802123,-2.033237649387315,7.968039496686416,7.857770088005849,8388.0,5.824532438618535,-4.777439140789723,-0.4720267995356491,10.480292764495927,6.296559238154183,SOXS,y2022,10:30-11:00,all
6026,42723301.834800005,4.324578636071858,3.94689881741135,3.1245117950291847,1.4185662130766752,1.6513449331592893,6.0902049658240776,5.303699565807129,0.7441784302521484,0.20477928974444076,0.24178559575174244,0.5901095253899767,0.01692665117822768,0.7952207102555593,0.9993362097577165,0.5619395549651278,0.39462329903750415,6022,3.948195697613438,3.076294345658513,4.440863960361845,1.2511568102645165,-0.4926682627484075,6022.0,3.948195697613438,-2.59854357221544,0.4860047606528588,6.925994728138468,3.4621909369605826,SOXS,y2022,11:00-11:30,all
5512,38934750.077800006,5.27948784887383,4.755247873482951,3.1206116398785784,1.246897677793942,1.3872875617097522,6.961777347989786,6.0289051599085415,0.7887415289105473,0.18958635703918722,0.22296806966618288,0.6086719883889695,0.024310595065312045,0.8104136429608128,0.999455732946299,0.5118896351424941,0.37681422351233673,5509,4.756071234282101,1.4409198056272556,0.0033953566884691692,3.8414430593195776,4.7526758775936315,5509.0,4.756071234282101,5.644553160443876,-0.6939127529379258,-0.3621902954970452,5.449983987220026,SOXS,y2022,11:30-12:00,all
3536,26911484.167799998,5.430337656418801,4.621050180869223,3.072668612691693,1.3124038461538805,1.535692950075878,7.023830929178047,5.739855062300928,0.8050813358023693,0.17335972850678733,0.2256787330316742,0.606052036199095,0.028563348416289592,0.8266402714932126,1.0,0.5082013574660633,0.3721719457013575,3536,4.62105018086915,1.6896032032234822,-0.7793088650760075,3.7407344531952154,5.400359045945157,3536.0,4.62105018086915,0.4890190235411445,0.9432087442575401,4.941318632877554,3.677841436611611,SOXS,y2022,12:00-12:30,all
3550,22800395.3121,6.357507459929902,4.974402829351172,3.0726686126873264,1.3666760563380407,1.6316515768322095,8.407294282594057,6.314728653621513,0.7877460936501745,0.17690140845070423,0.26647887323943664,0.5901408450704225,0.02140845070422535,0.8230985915492958,0.9994366197183099,0.4695603156708005,0.3267605633802817,3548,4.975574851514261,9.051810384200955,14.138816462405297,-2.6907192109340703,-9.163241610891038,3548.0,4.975574851514261,8.943522714299903,17.397838747275294,-2.5824315410330168,-12.422263895761036,SOXS,y2022,12:30-13:00,all
4809,35597290.1472,3.648408135045791,3.404545455021226,2.002603384400744,1.1465044707839516,1.2319428301798363,4.99248785642854,4.436612893819949,0.767374917871163,0.1784154709918902,0.2249948014140154,0.6269494697442296,0.01372426699937617,0.8215845290081097,0.9997920565606155,0.49584026622296173,0.3289665211062591,4808,3.4052710912635984,3.244433701620727,2.843205788850708,0.4047332537525691,0.5620653024128902,4808.0,3.4052710912635984,12.70717941986886,6.91518301879151,-9.058012464495564,-3.5099119275279103,SOXS,y2022,13:00-13:30,all
1941,15197058.4641,5.23290304648188,4.947129026382359,3.0585716470423967,1.6625347758887628,1.7486408011925845,7.1128512999347935,6.544679232599604,0.7559009159288187,0.17877382792375066,0.3333333333333333,0.48480164863472436,0.025244719216898505,0.8212261720762494,1.0,0.5806285419886656,0.4183410613086038,1941,4.94712902638223,-1.730705907669445,-0.9551429975449887,6.9636089541512165,5.902272023927218,1941.0,4.94712902638223,-2.0803337571769442,4.136536704743841,7.313236803658717,0.8105923216383905,SOXS,y2022,13:30-14:00,all
4217,32031649.0748,4.655262989983394,4.23597836969471,3.087849312955107,1.1833198956605393,1.2635097563065367,6.7542482686939085,5.864057562743285,0.7223630266877977,0.2335783732511264,0.2672516006639791,0.47616789186625563,0.03414749822148447,0.7664216267488736,0.9990514583827366,0.5646807500593402,0.42874081100308276,4213,4.237097040649147,2.6031144989969874,-0.1160672448868199,2.0565683941335804,4.353164285535967,4213.0,4.237097040649147,-5.5357896306497585,-9.220311954123327,10.195472523780326,13.457408994772475,SOXS,y2022,14:00-14:30,all
3941,29815305.961600002,3.8408195323445753,3.5338257118525735,3.0576364470236674,1.2222735346359452,1.3908856538776297,5.448637083651437,4.8791849028434084,0.7242655857934777,0.2024866785079929,0.17838112154275565,0.6417153006851053,0.018523217457498097,0.7975133214920072,0.9997462572951028,0.5220812182741117,0.27734077645267696,3940,3.5349831209117646,-2.8650842308751874,-4.9071361846363635,6.706878590512071,8.442119305548129,3940.0,3.5349831209117646,-0.2552186287640687,-7.739302697910172,4.0970129884009525,11.274285818821939,SOXS,y2022,14:30-15:00,all
4897,39084628.693399996,4.661132806979886,4.253984416052515,1.9445794846874314,1.1281110884215038,1.5001198138648473,6.499382338619992,5.6454716515784735,0.7535215263835576,0.1954257708801307,0.20829079027976313,0.6060853583826833,0.019603839085154177,0.8045742291198693,0.9991831733714519,0.5685673410995299,0.3559322033898305,4893,4.255010676460537,-1.660440569176279,-1.8120150306026939,6.325383826028909,6.067025707063231,4893.0,4.255010676460537,9.13160244305601,6.6896374596785675,-4.46665918620338,-2.4346267832180293,SOXS,y2022,15:00-15:30,all
5489,39494022.623600006,4.706417425850296,3.9840792757280847,3.0641948827961127,1.086591364547364,1.165709764915953,6.259654357728085,5.105307396110014,0.7803799000945079,0.21789032610675899,0.16797230825286938,0.6170522863909638,0.023319366004736747,0.782109673893241,0.998724722171616,0.5041955490696826,0.3035161231554017,5482,3.9861556423622484,1.8765799613627656,3.519639770879724,2.835847118259881,0.4665158714825253,5482.0,3.9861556423622484,7.880171986313613,9.5852686745331,-3.167744906690967,-5.599113032170854,SOXS,y2022,15:30-16:00,all
21830,110527445.3959,6.819769402031576,7.0517248376389166,3.0529690123660864,3.322014658726557,3.6989550768362927,8.521705714028997,9.227163019011991,0.7642354235109188,0.1324782409528172,0.3261108566193312,0.5332569857993587,0.044754924415941366,0.8675217590471828,1.0,0.45849748053137884,0.2726981218506642,18066,7.336887848947441,2.0271487008594824,9.34995905480154,5.06335460610534,-2.0130712058540956,,,,,,,SOXS,y2022,open 09:30-09:35 (fixed),all
10218,63422292.854100004,4.119571102665981,4.814982611765961,1.951409893649159,1.130912115873968,1.2769278122377579,5.757346381033798,5.910895906312853,0.8145943843510332,0.20561753767860638,0.15247602270503033,0.6442552358582893,0.017811704834605598,0.7943824623213936,0.9998042669798395,0.4660336726703211,0.23380309258171852,6883,4.519565657657659,1.5191331969649304,1.4038937228110382,2.7222377390399934,3.1156719348466213,,,,,,,SOXS,y2022,close 15:55-16:00 (fixed),all
93762,529460860.66679996,5.6620832716192036,6.0654746970744675,5.1692943913145575,0.7624432072694818,0.7803212342098573,6.822746268770177,7.193153654021956,0.8432288518795977,0.21374330752330367,0.17707600093854653,0.7095518440306308,0.009929395704016552,0.7862566924766963,0.9985708495979181,0.4760007690007263,0.3408417055950172,93628,6.072554172410081,-4.681024432924221,-3.1851063886394613,10.351211254318962,9.257660561049542,93628.0,6.072554172410081,-9.471912519743226,-6.020849087932119,15.142099341137971,12.0934032603422,SOXS,y2023,RTH all,all
61804,267473202.17000002,5.763868534190952,6.349533367404213,5.182689816017162,0.7878939874441853,0.7883055396734234,6.28828848093951,6.729097258010689,0.9435936387819893,0.23527603391366256,0.004676072746100576,0.9184195197721831,0.007782667788492654,0.7647239660863374,0.9979127564558928,0.4416538305634374,0.0,61675,6.363526777501064,-8.389242686798985,-8.466759734653609,14.165166981685601,14.830286512154672,61675.0,6.363526777501064,-15.15022349284371,-14.529890059023845,20.926147787730326,20.89341683652491,SOXS,y2023,RTH all,lit
31958,261987658.4968,5.465239402541527,5.775468356343812,5.058064516128247,0.7132236059828749,0.7721697519541785,7.856341272183613,7.666926544473276,0.753296424954935,0.1721008824081607,0.5104825082921334,0.3056198760873647,0.014080981287940423,0.8278991175918393,0.9998435446523563,0.5422964979814102,1.0,31953,5.776109474619257,2.476499455528385,2.195874853582595,2.989595146744171,3.5802346210366625,31953.0,5.776109474619257,1.4882423723161164,2.648214717494862,3.9778522299564383,3.1278947571243947,SOXS,y2023,RTH all,offexchange_TRF
18575,89266462.0534,7.027306996942477,7.190404753674226,5.190760446404366,0.8123477792732342,0.843402039415088,7.933545259121943,7.977592010530453,0.901325204921844,0.18707940780619112,0.15014804845222074,0.7338896366083445,0.01959623149394347,0.8129205921938089,1.0,0.4141588156123822,0.30320323014804845,18575,7.190404753674146,-16.65984996807142,-12.558845157441503,23.687156965013756,19.749249911115655,18575.0,7.190404753674146,-45.852528819361225,-36.46280812006527,52.87983581630357,43.65321287373942,SOXS,y2023,09:30-10:00,all
10174,56371540.8138,5.628039772087566,6.3318414433702594,5.267316302342907,0.7026498918812786,0.7338246072253141,6.930386401780813,7.799526662270206,0.8118238090011545,0.2610575977983094,0.16738745822685278,0.7177118144289365,0.008551208964025949,0.7389424022016906,1.0,0.4490859052486731,0.3335954393552192,10174,6.3318414433701244,-4.066811598489538,-5.051340893643928,9.694851370576986,11.38318233701405,10174.0,6.3318414433701244,-5.455951172524488,-7.98131266015918,11.083990944611934,14.313154103529303,SOXS,y2023,10:00-10:30,all
7576,48120991.719799995,5.790878112844591,6.917906591599122,5.234231876471086,0.6716816261879879,0.7404527751803557,7.36006432395685,8.25121691466821,0.8384104627404887,0.27587117212249207,0.18307814149947202,0.702349524815206,0.0026399155227032735,0.7241288278775079,0.9891763463569165,0.492260475046704,0.3582365364308342,7494,6.947875973382468,-0.2473178065072081,2.592529145551636,6.101560211485772,4.355346827830831,7494.0,6.947875973382468,0.4077047980335995,-2.568168666060917,5.446537606944965,9.516044639443384,SOXS,y2023,10:30-11:00,all
5686,32056267.163,5.28540384001038,5.327330957790676,5.1692943913145575,0.7198663383749674,0.7464549143033925,6.55462337487823,6.510701873919109,0.8182421896986501,0.22106929300035175,0.1994372142103412,0.6966232852620471,0.002110446711220542,0.7789307069996483,0.9973619416109744,0.5235408217245636,0.3751319029194513,5671,5.339280519779984,0.0386019077077007,-0.07817531533591968,5.260782016520498,5.417455835115903,5671.0,5.339280519779984,-0.5535143210682748,-1.7517214945778192,5.852898245296472,7.091002014357804,SOXS,y2023,11:00-11:30,all
3959,24349308.5272,5.731615693868338,5.939376995070018,5.198856251623609,0.7110532962869632,0.7043191089415548,7.174267514659459,7.4362075508069605,0.7987104924775116,0.23339227077544836,0.1891891891891892,0.69689315483708,0.0015155342258145997,0.7666077292245517,0.9984844657741854,0.5446496331899823,0.3700429401363981,3953,5.948187402421485,-0.7187911004614926,-1.0217483173594761,6.459106438691655,6.9699357197809615,3953.0,5.948187402421485,5.355691851494226,3.331601933681508,0.38462348673593527,2.616585468739977,SOXS,y2023,11:30-12:00,all
5033,28971528.9587,4.988394062340828,5.284412829601225,4.929751047571117,0.7227776673952065,0.7180785867872952,6.264271131086291,6.557229338268044,0.8058911099481222,0.22133916153387642,0.2078283330021856,0.6882575004967216,0.0029803298231670973,0.7786608384661236,0.9988078680707332,0.4814004376367615,0.36995827538247567,5027,5.292901212210205,2.398629387325025,2.5995530718586526,2.5957185967132927,2.6933481403515516,5027.0,5.292901212210205,3.629287914885616,7.883216668148922,1.3650600691527017,-2.5903154559387187,SOXS,y2023,12:00-12:30,all
3613,20231270.034599997,5.388340526548895,6.012534616378203,5.317734645040154,0.7473124827014068,0.7369781717591226,6.58354814786364,7.066075483735773,0.8509015549320779,0.21339606974813174,0.19319125380570162,0.6958206476612233,0.013562136728480487,0.7866039302518683,0.9997232216994187,0.47120708748615725,0.37752560199280377,3612,6.01288170252554,1.129901126526405,1.494000585788654,4.259931188650962,4.518881116736885,3612.0,6.01288170252554,-2.0752724619855374,-1.2293253788129144,7.465104777162903,7.242207081338455,SOXS,y2023,12:30-13:00,all
5802,32197309.314,4.569344396636917,5.013355865759226,5.1059484299198425,0.7673181661496411,0.7930089510913089,5.576787336128431,5.952526173934295,0.8422232375411247,0.20854877628403998,0.17959324370906585,0.7033781454670803,0.016028955532574975,0.79145122371596,0.9996552912788693,0.5187931034482759,0.33109272664598416,5800,5.016225236812005,-6.509726445896516,-16.387489827359218,11.080646478532147,21.403715064171223,5800.0,5.016225236812005,-11.798617066892493,-38.92176427533406,16.36953709952812,43.93798951214607,SOXS,y2023,13:00-13:30,all
5483,33997878.3896,4.8421042000548855,5.243957547046421,4.8768593026116145,0.7986394309684756,0.8027634130960488,5.980007934141518,6.170630273560521,0.8498252714176311,0.1967900784242203,0.19624293270107607,0.6576691592194054,0.01750866314061645,0.8032099215757796,0.9996352361845705,0.49279328589673416,0.3913915739558636,5481,5.247146350442203,-2.45860308957446,-4.04096245399731,7.302474158521781,9.288108804439512,5481.0,5.247146350442203,-0.13413328695177495,24.887162871831695,4.978004355899098,-19.64001652138949,SOXS,y2023,13:30-14:00,all
6473,35944618.9014,4.904919183558604,5.330984903522878,5.074854097947281,0.7811215819558109,0.8091462201480253,5.753158770300488,6.1689954562707525,0.864157696550734,0.19063803491425924,0.17333539317163602,0.7222308048818168,0.010814151089139502,0.8093619650857408,0.9986096091456821,0.5010829207920792,0.2955353004789124,6464,5.347639875658314,1.9373859400905324,1.5136915919253515,2.9743624935688793,3.833948283732962,6464.0,5.347639875658314,4.190353687264664,4.324954132894756,0.7213947463947462,1.0226857427635572,SOXS,y2023,14:00-14:30,all
5709,39960738.288,5.884319432323198,6.414477804204569,5.212405525148819,0.7620458924505241,0.7617537520088667,7.080347791347353,7.870369764500511,0.8150160660985998,0.1812926957435628,0.19880889823086356,0.7122087931336486,0.002977754422841128,0.8187073042564372,0.999474513925381,0.5849982474588152,0.35435277631809425,5706,6.418947853771225,-5.093181630678178,2.9194340870207607,10.98059481664596,3.4995137667504643,5706.0,6.418947853771225,-6.196532552312376,-0.02188253263919871,12.08394573828016,6.440830386410423,SOXS,y2023,14:30-15:00,all
6532,36182055.3032,5.106529884432616,5.687761947645381,5.185377236192902,0.7720728720147033,0.8297109891702807,6.28710691569358,6.519055447607731,0.8724825234816178,0.20330679730557258,0.16886099203919167,0.7062155541947336,0.008420085731781997,0.7966932026944274,0.9992345376607471,0.4412440631224146,0.3606858542559706,6527,5.689857828781274,-1.708013008254881,4.228216460220074,6.818454743372529,1.461641368561202,6527.0,5.689857828781274,20.327662927524482,20.479149801252884,-15.217221192406832,-14.78929197247161,SOXS,y2023,15:00-15:30,all
9147,51810891.200100005,5.482251271357518,5.7162126324832165,5.2369730295878565,0.8346561714222881,0.8048782399104469,6.692685686209522,7.013301797016027,0.8150529947128916,0.20421996282934296,0.1769979228162239,0.7144418935170002,0.005138296709303596,0.795780037170657,0.9996720236142997,0.45986439195100615,0.33180277686673226,9144,5.723068205688003,-2.207687566551345,-2.7053090077746327,7.691737476777326,8.428377213462635,9144.0,5.723068205688003,-7.2936499760365265,-1.3968082607490249,12.777699886262509,7.119876466437027,SOXS,y2023,15:30-16:00,all
24595,103920991.4135,7.263984455887758,7.783376525105806,7.110208227528136,0.9112478145964923,0.9343546040945423,8.217793523137678,8.671789079034237,0.8975514111527061,0.17186420004065867,0.12274852612319577,0.7407196584671681,0.02443586094734702,0.8281357999593413,1.0,0.4285017279934946,0.2559869892254523,21265,7.751190016259002,-13.4237061850193,-19.367254693119904,20.599839926199493,27.11844470937891,,,,,,,SOXS,y2023,open 09:30-09:35 (fixed),all
12539,77598085.0776,5.091266333830116,5.324584456440658,5.158627805006509,0.7317090677087946,0.7685215993295618,6.707393220350357,6.67610759188758,0.7975582153455384,0.2610256001276019,0.16356966265252412,0.6553154159023845,0.014275460563043305,0.7389743998723981,0.9997607464710104,0.5376515634971283,0.3488316452667677,9038,5.059030021564108,-3.9537353666633868,-9.436287511929518,8.878528931768853,14.495317533493624,,,,,,,SOXS,y2023,close 15:55-16:00 (fixed),all
139270,772172124.2321999,4.08131714957896,4.6997245375644034,3.1372549019593388,0.8676724348388328,0.8042209966453573,4.946743377656734,5.605808555430479,0.8383669351340352,0.20849429166367486,0.1119192934587492,0.738436131255834,0.019961226394772744,0.7915057083363252,0.9994471171106484,0.5040267829560394,0.2599554821569613,139193,4.702890692503553,0.48006072411568124,-0.5723633003367026,3.603514164146287,5.275253992840255,139193.0,4.702890692503553,-1.45786350147541,-2.8193238811297907,5.541438389737378,7.522214573633344,SOXS,y2024,RTH all,all
103066,405715001.27,3.876255188836612,5.039748198258437,2.533248891701306,0.9069916364271681,0.7995940670680671,4.35533881705215,5.505170946107439,0.9154571670152967,0.1952826344284245,0.004181786428114024,0.8927483360176974,0.013146915568664739,0.8047173655715755,0.999427551277822,0.49963594707155823,0.0,103007,5.0449343423129775,-0.12580813044722863,-2.9711966572654327,4.004283547580311,8.01613099957841,103007.0,5.0449343423129775,-1.7804653842152627,-3.8211367721329808,5.658940801348346,8.866071114445957,SOXS,y2024,RTH all,lit
36204,366457122.9622,4.665090104110801,4.323274766810349,3.4583204893204886,0.7557380399956292,0.8093436006874136,6.630361277426705,5.71722728694336,0.7561838195034801,0.24610540271793171,0.41862777593636064,0.29913821677162744,0.0393602916804773,0.7538945972820683,0.9995028173682466,0.5165257281821699,1.0,36186,4.324487687211494,2.2047258736752244,2.081466852517828,2.4626847859506187,2.2430208346936658,36186.0,4.324487687211494,-0.5395455847290407,-1.7110179415014792,5.206956244354883,6.035505628712975,SOXS,y2024,RTH all,offexchange_TRF
28654,137748277.59,4.646147297994354,6.066704769551136,4.021717273277746,0.9462155370978163,0.8848371504240639,5.651708659348082,7.177074873180654,0.8452893242372659,0.1932016472394779,0.11171215188106373,0.7394779088434424,0.022684441962727717,0.8067983527605221,0.9999651008585189,0.4979932293302621,0.25556641306623856,28653,6.066708431202198,-2.0183287251429674,-1.2063685267295017,6.6646381753481005,7.273076957931701,28653.0,6.066708431202198,-15.602241431253066,-11.775003144761754,20.24855088145821,17.841711575963952,SOXS,y2024,09:30-10:00,all
19936,96713631.694,4.061383134956168,5.017966314681439,3.972194637536449,0.8680036115569931,0.8153796715850201,4.798262115767237,5.917403313087105,0.8480014035182553,0.19336878009630817,0.10388242375601926,0.7574739165329053,0.027287319422150885,0.8066312199036918,0.9994983948635634,0.50366355515407,0.2516051364365971,19926,5.01868857367914,-2.4537353332398752,-9.744866025090783,6.517156701225675,14.76355459876992,19926.0,5.01868857367914,-5.041981399812236,-15.915937466718791,9.105402767798033,20.934626040397934,SOXS,y2024,10:00-10:30,all
16960,98314883.5027,3.6542161331597174,3.8706129162237612,3.8714993404571256,0.8265943396226737,0.7678010533432659,4.203844379473609,4.506192509411021,0.858954185410438,0.20890330188679246,0.09716981132075472,0.7709316037735849,0.023643867924528304,0.7910966981132076,0.9994103773584906,0.5274926253687315,0.2375,16950,3.874452398075895,1.2243435898143205,-4.4897532540081375,2.4320284230698896,8.364205652084031,16950.0,3.874452398075895,5.970918959816049,3.4762120620370074,-2.314546946931841,0.3982403360388891,SOXS,y2024,10:30-11:00,all
11771,53575520.877000004,3.672978392222087,3.663205468644274,2.5383931971039235,0.821095913686204,0.7707084223574066,4.310425315512286,4.501007338890154,0.8138634738479537,0.19327159969416363,0.09455441338883697,0.7672245348738425,0.020134228187919462,0.8067284003058364,0.9998300909013678,0.5342849859801173,0.23506923795769263,11769,3.6646370155068473,3.2243761507759325,3.4836131187619763,0.4492264199475745,0.18102389674487107,11769.0,3.6646370155068473,9.395192982711512,9.20987940712969,-5.721590411988004,-5.5452423916228435,SOXS,y2024,11:00-11:30,all
7158,48074547.1751,3.939901623370433,4.861450510398311,3.1502424547970023,0.7950600726460167,0.8010196906691388,4.818977832485888,5.562291353769005,0.8740014143818976,0.22855546241967029,0.1243364068175468,0.7352612461581447,0.010896898575020955,0.7714445375803297,0.9973456272701872,0.4805995237428211,0.2812238055322716,7139,4.873570447638961,0.14238595947588736,0.46745841004414285,3.808001464544944,4.406112037594817,7139.0,4.873570447638961,1.9098828894644189,7.944195331446378,2.0405045345564146,-3.0706248838074153,SOXS,y2024,11:30-12:00,all
6507,40583265.6713,4.868697414996824,5.073905169782367,3.970022280739551,0.8565483325649639,0.7979320408808714,6.136361047162043,6.1964955937112185,0.8188346288718157,0.22299062548025203,0.14399877055478716,0.706469955432611,0.011372368218841248,0.7770093745197479,0.9993852773935762,0.5131477779486391,0.3142769325341939,6503,5.075943534939201,3.3497724871038543,6.401545227921408,1.5219196671915978,-1.3256016929822063,6503.0,5.075943534939201,2.8831874614284407,2.8198480812044555,1.9885046928670111,2.256095453734745,SOXS,y2024,12:00-12:30,all
6631,38437574.5245,3.9570863761150203,4.24148069066039,2.5034422330717527,0.7984858995627201,0.7163139450250795,4.895354055269794,5.254013411590063,0.8072839481726328,0.22741667923390138,0.1309003166943146,0.7163323782234957,0.012366158950384558,0.7725833207660986,0.9993967727341276,0.499471857552437,0.2762780877695672,6627,4.244118503880412,-0.24826548679668187,1.501071612049468,4.207740326093188,2.7430468918309447,6627.0,4.244118503880412,-4.2254339835145265,-2.034340277589826,8.184908822811034,6.278458781470236,SOXS,y2024,12:30-13:00,all
8311,46030893.8578,3.5407210720113813,4.16894083104727,2.4322023592375333,0.9119937432319183,0.8560170156461623,4.263413701706162,4.897169083370364,0.8512960774019452,0.1967272289736494,0.11490795331488389,0.7154373721573818,0.02635061966069065,0.8032727710263506,0.9990374202863674,0.5213778152475009,0.26410780892792685,8303,4.171689382181635,3.2603714713192216,4.196523049468284,0.2837611108180042,-0.024833667286647834,8303.0,4.171689382181635,5.2342628478307756,-3.3329619679864546,-1.6901302656935504,7.504651350168091,SOXS,y2024,13:00-13:30,all
6400,34194868.069,4.456715921437617,5.343459237071355,2.435163764760966,0.8664625000000487,0.775815648103188,5.492828370377583,6.327242267310954,0.8445163013083579,0.2115625,0.11234375,0.73125,0.00953125,0.7884375,0.9996875,0.4596748984057518,0.255,6398,5.34519783131358,0.9849636679955555,2.028955970098243,3.473145412529599,3.3162418612153366,6398.0,5.34519783131358,4.923426128757647,13.290005344561067,-0.465317048232493,-7.944807513247487,SOXS,y2024,13:30-14:00,all
8564,54259416.3614,3.665866476669479,4.257985045125935,2.425712553063703,0.8635123773937504,0.7840635462812514,4.641339103223196,5.103443964012032,0.8343356124123196,0.23260158804297057,0.10999532928538067,0.711816907986922,0.021134983652498832,0.7673984119570294,0.9996496964035497,0.5264571895806565,0.2599252685660906,8561,4.261275354072432,2.7087279162158002,-0.2651007434416419,0.9584231766701404,4.526376097514073,8561.0,4.261275354072432,1.8153327334126204,-9.866300745109545,1.851818359473319,14.127576099181974,SOXS,y2024,14:00-14:30,all
4348,24050147.8071,4.219561787706986,4.666785781231952,2.4274790629943235,0.9154415823367783,0.8017307672240555,5.1183536470502835,5.621231820585995,0.830206960001421,0.22171113155473782,0.11177552897884084,0.7224011039558418,0.011729530818767249,0.7782888684452622,0.9983900643974241,0.48583275742916376,0.25965961361545536,4341,4.686985623831028,1.6325209463115868,1.372674119744307,2.5938450184314186,3.314311504086719,4341.0,4.686985623831028,-8.148243232641393,-11.859840593171786,12.374609197384395,16.54682621700281,SOXS,y2024,14:30-15:00,all
5828,37074615.1458,3.841541633288268,4.012400453850148,2.4375380865303846,0.9168153740562988,0.8123263138504632,4.758104171684087,4.9684552253565,0.8075750453325756,0.2028140013726836,0.0998627316403569,0.7525737817433081,0.011496225120109815,0.7971859986273164,0.9994852436513384,0.4418884120171674,0.22100205902539466,5825,4.015715287657378,2.9305993556916325,4.427981217372611,0.9129207539742104,-0.4122659297152349,5825.0,4.015715287657378,11.70149202406962,15.943688360045247,-7.8579719144037785,-11.927973072387871,SOXS,y2024,15:00-15:30,all
8202,63114481.956499994,4.01061230300939,4.1496921107404745,3.8913661914636704,0.7725237746891337,0.7475054206061099,5.131710385519321,5.1436821648616196,0.8067551566635559,0.25676664228237017,0.1432577420141429,0.6811753230919289,0.01645940014630578,0.7432333577176299,0.9995123140697391,0.4982922664064406,0.33040721775176785,8198,4.150359802024875,1.5821766419322412,2.163822263784116,2.4303925346086572,1.9865375382407595,8198.0,4.150359802024875,0.6271141330668912,-5.372466764040564,3.3854550434740083,9.522826566065438,SOXS,y2024,15:30-16:00,all
51445,253501417.96490002,4.874425026795958,5.410444405625923,4.1762372102727126,1.177649528622839,1.1912131538932402,5.658068220092542,6.140729765938062,0.8810751509758743,0.16526387404023715,0.11011760132179998,0.7310914568957139,0.0351637671299446,0.8347361259597629,1.0,0.522771892312178,0.22563903197589658,44125,5.34239698124497,-6.503380649600206,-2.780604333843438,11.299777935838392,8.123001315088407,,,,,,,SOXS,y2024,open 09:30-09:35 (fixed),all
12397,97131518.04190001,4.177082509175232,4.365053191741406,2.6531063453492516,0.7263741227716854,0.7532286472183987,5.579371482345416,5.509315873392128,0.7923040341220823,0.272081955311769,0.10397676857304186,0.6896829878196338,0.014600306525772364,0.7279180446882311,0.9995966766153102,0.43608779857972885,0.30015326288618216,8752,3.7628769209025372,1.553440976068199,0.8933362266462573,2.042403758862216,2.8695406942562793,,,,,,,SOXS,y2024,close 15:55-16:00 (fixed),all
145800,1046658152.0840001,12.738374566761031,15.056297699751859,10.19887812340802,0.7531591220850673,0.7920760623217308,16.955609427058317,18.50809036088541,0.8134981732946098,0.22460219478737997,0.2293278463648834,0.5922153635116598,0.012496570644718792,0.77539780521262,0.9989026063100137,0.4884441087613293,0.4790466392318244,145640,15.067553223917919,-1.8329072816693284,-1.6530933128401668,14.585276217632916,16.720646536758085,145640.0,15.067553223917919,-12.012564536660046,-7.749721366467264,24.764933472623635,22.817274590385185,SOXS,y2025,RTH all,all
75955,439088498.175,11.640864979200865,14.229589282454137,8.650519031140147,0.8092001843196804,0.8205051346628898,13.785700972808085,15.892189910591183,0.8953825345977634,0.23690342966230005,0.007096307023895728,0.8544532947139754,0.01295503916792838,0.7630965703377,0.9988282535711934,0.47438905438536366,0.0,75866,14.239514194556241,-7.14606753470163,-8.362803110541972,18.800588657407364,22.60231730509821,75866.0,14.239514194556241,-19.520670300506026,-16.06911517681529,31.17519142321176,30.308629371371534,SOXS,y2025,RTH all,lit
69845,607569653.9089999,13.931893655072756,15.653757028150546,10.432968179448682,0.6922156203021188,0.7715304695679205,20.40281963025935,20.398592614750505,0.767393972897478,0.2112248550361515,0.4710000715870857,0.3070370105233016,0.011997995561600687,0.7887751449638485,0.9989834633832056,0.5037263163929258,1.0,69774,15.666025772722541,3.9441474343645613,3.196408923142004,10.001922911875353,12.469616849580538,69774.0,15.666025772722541,-3.8489226087221446,-1.7368057409482833,17.79499295496206,17.402831513670826,SOXS,y2025,RTH all,offexchange_TRF
26791,159571796.00230002,12.569198281298215,15.289397573162653,8.798944126706171,0.8771400843567089,0.9067193284529996,15.906052439227569,18.315139413671783,0.834795587837541,0.1973050651338136,0.2085028554365272,0.6293904669478556,0.017692508678287484,0.8026949348661864,0.9998880220969729,0.45576377482454833,0.4123026389459147,26788,15.289726597534283,-1.782358527106679,1.3528372627225045,14.352964438494508,13.93688933481178,26788.0,15.289726597534283,-5.303834452645487,-6.606579650804113,17.87444036403332,21.896306248338394,SOXS,y2025,09:30-10:00,all
21341,141335110.48700002,13.470228858061141,17.212101218504735,10.408921933087658,0.7666098120987985,0.8101891818346403,17.28749615371235,20.46980782757668,0.840853092685941,0.21400121831216906,0.2083782390703341,0.6252752916920482,0.018743264139449885,0.7859987816878309,0.9998594255189541,0.47642703158684035,0.43938896958905393,21338,17.213367914225998,-5.560133117790402,-8.625734158383494,19.032255812507838,25.839102072609492,21338.0,17.213367914225998,-16.36169187508874,-8.63641204666077,29.83381456980618,25.84977996088677,SOXS,y2025,10:00-10:30,all
16541,113441148.317,10.021245433205237,12.071715866499854,10.432968179444977,0.7020530802249154,0.7554472852111961,13.420383539196955,14.570124841231037,0.8285252184208401,0.2556677347197872,0.1956350885678012,0.6303730125143583,0.006952421256272293,0.7443322652802128,0.9992140741188562,0.557417715392062,0.427060032646152,16528,12.075381566728186,-8.44752015832531,-4.962732734180685,18.47664774246404,17.03811430090887,16528.0,12.075381566728186,-46.91461055008029,-33.015491251709115,56.943738134219025,45.09087281843729,SOXS,y2025,10:30-11:00,all
11469,99250649.6012,13.083532402092247,15.906687428260124,10.19887812340802,0.717042462289663,0.759911835055729,17.420640826952592,19.708475804983596,0.807098813000946,0.21998430551922574,0.25276833202545995,0.5731101229400994,0.0046211526724213095,0.7800156944807742,0.9992152759612869,0.48228621291448515,0.5030953003749237,11460,15.913793304942162,-3.187013058689572,-2.57063215690188,16.280820486228333,18.48442546184404,11460.0,15.913793304942162,-13.134483160202626,-12.930462807194923,26.228290587741395,28.84425611213708,SOXS,y2025,11:00-11:30,all
11460,76405720.7708,10.054606341178822,11.583147589078887,4.937052579608991,0.7791134380453906,0.7782379233894513,13.501952317204424,14.834541926927653,0.7808227342735244,0.23699825479930192,0.20148342059336824,0.6082024432809773,0.030366492146596858,0.7630017452006981,1.0,0.41020942408376965,0.4325479930191972,11460,11.58314758907873,-1.1571234703782391,-3.039029430672721,11.211729811556873,14.622177019751451,11460.0,11.58314758907873,-5.187840280363495,-2.760744604549184,15.242446621542127,14.343892193627916,SOXS,y2025,11:30-12:00,all
7265,62799229.4672,10.921621255249606,13.65342063606873,4.998750312424452,0.6852470750172243,0.7553283322840737,15.379194028013861,17.015581360115743,0.8024069437951815,0.25271851342050927,0.26703372333103925,0.53805918788713,0.007432897453544391,0.7472814865794907,0.9988988300068823,0.5279040926002481,0.5274604267033723,7257,13.658817928734104,2.0831795879246435,1.0346692430843536,8.85048148681519,12.62414868564975,7257.0,13.658817928734104,-4.8870187865024795,-6.9369868852347265,15.820679861242311,20.59580481396883,SOXS,y2025,12:00-12:30,all
6813,52325555.432,11.029045728510475,14.477014846039795,4.447409384032915,0.7258388375165656,0.7793764080389294,14.807197702554005,17.563554211760138,0.8242645350419069,0.22545134302069572,0.2385146044327022,0.5797739615441069,0.016439160428592395,0.7745486569793043,0.9904594158226919,0.4973325429756965,0.48011155144576545,6748,14.538499172090317,0.07612149764149717,-0.2233480088640914,11.059161334062765,14.761847180954408,6748.0,14.538499172090317,5.540975073666179,4.4882349543985685,5.594307758038081,10.050264217691751,SOXS,y2025,12:30-13:00,all
6601,47707207.1025,10.50228298222445,12.051249753842606,4.346881112803788,0.7109559157703583,0.7449509058111478,14.666435987021789,15.867889744389151,0.7594740036622639,0.24359945462808666,0.23799424329647023,0.565823360096955,0.01287683684290259,0.7564005453719134,0.9989395546129375,0.5201698513800425,0.5246174821996668,6594,12.070884870499423,5.2652191092613245,3.754964647166749,5.248212793326279,8.315920223332672,6594.0,12.070884870499423,7.143739079185983,10.202503811209882,3.3696928234016146,1.8683810592895416,SOXS,y2025,13:00-13:30,all
4712,43482971.7263,13.35866873844171,17.32234906090592,10.357327809426785,0.6529244482173455,0.7917471038322754,20.21264783026137,21.5382630891457,0.8042593309037809,0.26676570458404075,0.283106960950764,0.47304753820033957,0.004881154499151104,0.7332342954159593,0.9993633276740238,0.49139944786578893,0.5967741935483871,4709,17.325547438014162,2.9536700609984146,1.4316359893047914,10.413509190548888,15.893911448709371,4709.0,17.325547438014162,10.715107811756317,9.101838834612835,2.6520714397909835,8.223708603401327,SOXS,y2025,13:30-14:00,all
4952,41660496.0054,13.348672455993842,16.98135384819683,10.036591740720272,0.7130896607431464,0.7738485243077646,18.822020688164397,20.76626270475066,0.8177376011097094,0.2508077544426494,0.2506058158319871,0.5310985460420032,0.018376413570274638,0.7491922455573505,0.9997980613893377,0.49222379317309634,0.5420032310177706,4951,16.98410975830275,4.764843797531311,1.1380803250218154,8.586524815290375,15.846029433280936,4951.0,16.98410975830275,0.4596632009957928,-5.948924007962127,12.891705411825894,22.93303376626488,SOXS,y2025,14:00-14:30,all
5534,49361803.5896,15.021408237127433,17.7358640896859,13.73265157049114,0.7138164076617473,0.7765983526286167,20.4330089215307,21.491670573587133,0.8252436230565972,0.23202023852547884,0.2668955547524395,0.5448138778460426,0.006685941452837007,0.7679797614745212,0.9987350921575714,0.5080513841143477,0.5728225514998193,5527,17.739482973705716,2.240829106625776,-1.1219785460550693,12.799603892155226,18.861461519760784,5527.0,17.739482973705716,-5.822665316891443,-0.045569407262123544,20.863098315672445,17.785052380967837,SOXS,y2025,14:30-15:00,all
10241,68411647.6869,19.087391085382524,18.801382582875963,27.109266943292536,0.7542388438629157,0.7859603306888232,24.171254721733966,22.9242933173314,0.820151021565476,0.19236402695049312,0.24753442046675128,0.6020896396836246,0.001367053998632946,0.8076359730495069,0.9982423591446148,0.415827056636995,0.5416463236012108,10223,18.844749874968166,-3.7358544034046557,-0.2658565659225284,22.856853337709783,19.110606440890688,10223.0,18.844749874968166,-17.316784039043004,-6.8867306751247925,36.43778297334814,25.731480550092957,SOXS,y2025,15:00-15:30,all
12080,90904815.8958,14.117555364137704,13.650635568800519,10.454783063249355,0.6860231788079527,0.7340759982103788,20.03749340361597,18.020488701298103,0.7575064025770398,0.22293046357615895,0.2678807947019868,0.5409768211920529,0.0013245033112582781,0.777069536423841,0.9980960264900662,0.5717840258770839,0.5672185430463577,12057,13.678211704443822,2.2231556922854088,0.6169277127358019,11.921330398681029,13.061283991708017,12057.0,13.678211704443822,-13.724773283415587,-6.090652775169402,27.869259374382025,19.768864479613224,SOXS,y2025,15:30-16:00,all
38125,216674599.8413,13.108067014297804,13.97399442868443,10.840108401081853,0.8696236065573955,0.8961526899553419,16.325685545721992,17.298590706241278,0.8078111486644202,0.20068196721311476,0.16902295081967214,0.651016393442623,0.02119344262295082,0.7993180327868853,0.9996327868852459,0.5178557371887381,0.36390819672131147,31802,14.10183390077406,3.6615048267905648,9.359711854505413,9.71170114413175,4.742122046268652,,,,,,,SOXS,y2025,open 09:30-09:35 (fixed),all
19645,157578609.5368,12.171953862484886,12.282819244069383,8.389189189188073,0.657611606006627,0.6585612167426981,19.43583048402738,19.473440463334022,0.630747261491689,0.2930007635530669,0.17062865869177907,0.554135912445915,0.007075591753626877,0.7069992364469331,0.9980147620259608,0.5066816280730388,0.4663273097480275,14489,12.773130797406537,-1.4549104321868882,-0.3953611226087559,14.00565569933526,13.168491920015292,,,,,,,SOXS,y2025,close 15:55-16:00 (fixed),all
652448,4651333803.02047,8.276472994614085,9.33530859119271,2.8526601055498833,0.8071084156898756,0.812402967837551,10.795246980007583,11.85731008377039,0.7873040786856328,0.23430986070920595,0.16703246848791015,0.6335600691549365,0.017308659080876945,0.7656901392907941,0.9997700966207269,0.48978687655028835,0.40302062386581,652298,9.336450171530556,0.5459538266353059,-0.1541462498197514,7.73242239464676,9.49059642135031,652298.0,9.336450171530556,0.8124518049861432,-1.9284251420862937,7.465924416295923,11.26487531361685,SOXS,y2026,RTH all,all
389498,2336319080.404,6.828250193655083,8.583745629442847,2.8461647929389224,0.8452633903126802,0.8148504115110944,8.263810476954568,10.489445961813972,0.8183221173636165,0.21245551966890716,0.013227282296699854,0.8489671320520259,0.010002618755423649,0.7875444803310928,0.9997509614940256,0.47989604546470094,0.0,389401,8.584881456442846,-2.756433617151298,-3.8347241174921773,9.586384731627684,12.419605573935023,389401.0,8.584881456442846,-3.051712205301731,-4.7221792149801125,9.881663319778117,13.307060671422958,SOXS,y2026,RTH all,lit
262950,2315014722.6164694,10.421671262451813,10.093787952255518,2.8657400773764485,0.7505908788743852,0.8099330011039266,14.544969189804668,13.237762232219337,0.762499565650778,0.2666818786841605,0.3948583380870888,0.3144856436584902,0.02813082335044685,0.7333181213158395,0.9997984407682069,0.504437098939889,1.0,262897,10.094920045616309,5.4374245280809195,3.5602279328928947,4.986347741901741,6.534692112723414,262897.0,10.094920045616309,6.536021605212503,0.8909821288071471,3.8877506647701563,9.203937916809162,SOXS,y2026,RTH all,offexchange_TRF
147145,931930440.0558169,8.631589535184059,9.257497424137636,2.8324599915040687,0.9534401712596806,0.9515911295597648,10.676730381449984,11.672897479277081,0.7930762212700394,0.22368412110503244,0.14676679465833023,0.6445275068809677,0.030364606340684358,0.7763158788949676,0.9998708756668592,0.5123703492244742,0.34615515308029493,147126,9.258015245747199,2.08209511914731,0.8660080775638347,6.5506091082131315,8.392007168183364,147126.0,9.258015245747199,7.125888379007576,2.0559863823878133,1.506815848352865,7.202028863359386,SOXS,y2026,09:30-10:00,all
103258,742364919.5743302,9.409179551728771,9.916102286189698,2.8616397195607712,0.7841248116369148,0.7873457474973703,12.258684243742222,12.729948455601855,0.7789585575129399,0.2348098936644134,0.1725580584555192,0.6253559046272443,0.014584826357279824,0.7651901063355866,0.9998741017645122,0.47552908131144367,0.40531484243351606,103245,9.917019389329184,-2.296108059543991,-3.6420868263635544,11.706472359533247,13.559106215692742,103245.0,9.917019389329184,0.45173847278158147,-2.5584842556363787,8.958625827207676,12.475503644965563,SOXS,y2026,10:00-10:30,all
67591,483263887.1088867,9.0473473024557,10.71408172656348,2.8690288337371697,0.767935686703901,0.7840424840423469,12.358636231820416,13.94368195092163,0.7683825380035519,0.24602387891879096,0.17194596913790297,0.6279386308828099,0.01532748442840023,0.753976121081209,0.999807666701188,0.5039065968214508,0.41023213149679694,67578,10.715385054333252,-1.4667882828689087,-0.896010560096166,10.51587602622131,11.611395614429417,67578.0,10.715385054333252,-8.433970600345104,-2.019325409099444,17.483058343697504,12.734710463432698,SOXS,y2026,10:30-11:00,all
56756,424068681.1484771,7.909243698906919,9.977134261390393,2.760524499656347,0.7602684262457272,0.773392651801636,10.485822438832747,12.41191712812064,0.8038350690229825,0.24231799281133273,0.1640179011910635,0.6356684755796744,0.015399252942420184,0.7576820071886673,0.9997533300444006,0.4842268513623066,0.40365776305588835,56742,9.978195207407001,1.922302975341112,2.1224289315795546,5.988892177722765,7.855766275827446,56742.0,9.978195207407001,-6.263732991312934,-11.178829238246404,14.174928144376812,21.15702444565341,SOXS,y2026,11:00-11:30,all
38367,268346940.87336287,8.842095638223714,10.111618089687644,2.8348688873154115,0.7415023796492305,0.7676349239596019,12.077777426029506,12.909162633677926,0.7832900069992194,0.2339249876195689,0.19662730992780253,0.6138869340839784,0.006489952302760184,0.7660750123804311,0.9995308468214872,0.5174059297504499,0.4484061823963302,38349,10.11337127586881,1.9507319864571768,3.9022432775062637,6.8955138961401055,6.211127998362545,38349.0,10.11337127586881,2.9690029172877095,3.3435442657988697,5.877242965309571,6.769827010069937,SOXS,y2026,11:30-12:00,all
46507,342482661.91763353,5.837723092418001,8.121633866168306,2.900652646847025,0.7907906422689239,0.8132854312255503,7.590747722787274,9.945198177002206,0.8166387156516594,0.23233061689638118,0.1380222332122046,0.6712967940310061,0.02047003676865848,0.7676693831036188,0.9999784978605372,0.46153184535328773,0.3780721181757585,46506,8.121641522833116,-2.154903442402679,-5.100879613080826,7.992752061055637,13.222521135913942,46506.0,8.121641522833116,-2.0976849851471093,-15.640793268780632,7.935533603800065,23.762434791613746,SOXS,y2026,12:00-12:30,all
30362,237565149.1492005,9.043537283791819,10.377802663018207,2.888086642600755,0.7545596403399537,0.7474456829814039,11.905354140348711,13.394177880010709,0.7747995252852286,0.23657861800935379,0.20130426190633027,0.605658388775443,0.011461695540478229,0.7634213819906462,0.9998353204663725,0.4890799486115229,0.46979777353270535,30357,10.377887397837755,4.573407880976786,5.6200232496130536,4.471618933612354,4.757864148224702,30357.0,10.377887397837755,10.494523359999752,13.059009851607119,-1.4494965454106126,-2.681122453769365,SOXS,y2026,12:30-13:00,all
24293,179599315.59339964,9.340648372936982,10.708458182905256,2.8764562059557357,0.7442851850327691,0.7566683175144905,12.157678972990107,13.670352557748144,0.7833344559088103,0.23879306796196434,0.19120734367924916,0.6132219157782077,0.008397480755773267,0.7612069320380357,0.9995471946651299,0.49390495016884933,0.4484831021281851,24282,10.713353146032352,-1.3860137982164886,-1.9954131619516737,10.730893582573351,12.708766307984025,24282.0,10.713353146032352,1.4204713703613376,2.635981375987841,7.9244084139955255,8.077371770044511,SOXS,y2026,13:00-13:30,all
29451,209838521.72824597,5.343635140395168,5.960991699927581,2.910784456412492,0.8081749346372419,0.7943350955198799,7.204572265497895,7.737288046888064,0.7704239087137373,0.2393467114868765,0.1530678075447353,0.6421853247767478,0.023191063121795526,0.7606532885131235,0.9995585888424842,0.4619539370881174,0.39879800346337985,29438,5.9618621700165795,-1.083290537670563,-1.1324493836693326,6.429285459872237,7.094311553685911,29438.0,5.9618621700165795,2.2243660245027908,-0.38237572725933805,3.1216288976988813,6.344237897275918,SOXS,y2026,13:30-14:00,all
23793,169114839.34012744,6.251205779982408,7.055600429077974,2.8855864954525767,0.7681654268061908,0.7902058947466312,7.985168811447332,8.691184129079897,0.8118111783491722,0.2060690118942546,0.14836296389694448,0.681881225570546,0.005926112722229227,0.7939309881057454,0.9993695624763586,0.408781226343679,0.41096120707771194,23778,7.058470677945019,-0.187105835294646,0.22705120968803713,6.442255096086855,6.831419468256984,23778.0,7.058470677945019,-4.159608564014042,-6.360166172024084,10.41475782480625,13.418636849969102,SOXS,y2026,14:00-14:30,all
18566,144888858.23919833,8.651392528866813,9.574839218013386,2.9244041526553928,0.7298610363029813,0.7540483056306455,11.14784894019446,12.322296951247107,0.777033637145414,0.24485618873209092,0.17532047829365507,0.621404718302273,0.009371970268232253,0.7551438112679091,0.9997845524076269,0.5434220450382502,0.4593881288376602,18562,9.575784345924976,2.4386066456622673,2.9857879532568674,6.214650206559316,6.589996392668109,18562.0,9.575784345924976,3.6817572510044934,2.5100391545218343,4.971499601217091,7.065745191403142,SOXS,y2026,14:30-15:00,all
23025,172185385.0646585,7.015515675207087,8.281869998591281,2.8380871292763206,0.7383105320304759,0.766010258305117,9.140155698138642,10.292389868451785,0.8046595692975889,0.23661237785016287,0.18697068403908795,0.6207166123778501,0.011422366992399565,0.7633876221498371,0.9994788273615636,0.4791639508104115,0.452942453854506,23013,8.283502182349583,4.6830665177520565,1.0650550354400934,2.336107358823701,7.218447146909491,23013.0,8.283502182349583,4.717482719506647,-2.359119183445857,2.301691157069112,10.64262136579544,SOXS,y2026,15:00-15:30,all
43334,345684203.2271318,8.24727466393402,8.340774119605854,2.943340691686569,0.7253823787326855,0.7553493795859108,11.150892967792837,10.59755765388155,0.7870468264497615,0.24514238242488576,0.19192781649513085,0.6093829325702681,0.009115244380855678,0.7548576175751143,0.9997230811833664,0.482433867319145,0.4407162966723589,43322,8.342357299882131,1.8566291511565234,0.05491446196818895,6.39292997092716,8.287442837913943,43322.0,8.342357299882131,-3.5217744121215953,-3.4362856051703345,11.771333534205281,11.778642905052466,SOXS,y2026,15:30-16:00,all
194816,1192552732.414228,8.073097338093119,8.673688103715541,3.012501882815218,1.1813586245483345,1.213088347383197,9.995026181213074,10.885050249483006,0.7968441031429786,0.2088021517739816,0.16516097240473063,0.6149905551905388,0.03886744415243101,0.7911978482260184,0.9998408754927727,0.5173704340683317,0.3305631980946124,157610,8.65701822473978,6.354362466677378,4.192036675332393,1.848266703680521,4.464981549407385,,,,,,,SOXS,y2026,open 09:30-09:35 (fixed),all
80116,645319082.1458553,7.251555498372222,7.022947825943091,2.404068423486866,0.7604967871586753,0.7935578331733736,10.156568651812046,9.384502694788958,0.748355885692569,0.26220729941584703,0.13888611513305707,0.6272904288781267,0.020570173248789257,0.737792700584153,0.9992885316291378,0.5246380794164304,0.3578436267412252,54576,7.374915987274468,-0.25747498402411106,-2.145914074708567,7.820112677037859,9.520830061983034,,,,,,,SOXS,y2026,close 15:55-16:00 (fixed),all
232277,3602461974.9590664,1.1728772707954196,1.273734721165299,0.7131014565131298,6.26563172419251,6.96200970792037,1.9371692363693118,1.9433258389641521,0.655440634620613,0.18978202749303633,0.4281224572385557,0.33446273199671084,0.04957443052906659,0.8102179725069637,0.9998105709992811,0.4943397363854405,0.31672528920211646,232233,1.2739560290493401,0.06564635332449005,-0.036300475704612846,1.107453136534809,1.3102565047539534,232233.0,1.2739560290493401,-0.11945924149751995,-0.4376703475387472,1.2925587313568194,1.7116263765880881,SOXX,last12m,RTH all,all
158709,2274172483.381,1.2182887985213402,1.3627108351630108,0.8701074582736025,6.463901858118116,7.413832152691659,1.7819179895336084,1.7307663056047669,0.7873453687826737,0.09811037811340252,0.4342727885627154,0.4208204953720331,0.049556105828906995,0.9018896218865975,0.9999054874014706,0.47983540650560197,0.0,158694,1.362772673995303,-0.155597017726945,-0.37613476915945776,1.374000970771849,1.738907443154761,158694.0,1.362772673995303,-0.39645261022897665,-0.9767551408342043,1.614856563273881,2.3395278148295073,SOXX,last12m,RTH all,lit
73568,1328289491.5780663,1.0749105168554853,1.121398177501635,0.3584036700532554,5.837901533277998,6.188441763742743,2.272094341497189,2.307250303405952,0.48603230254048824,0.38754621574597653,0.41485428447150935,0.14816224445411047,0.04961396259243149,0.6124537842540235,0.9996058068725533,0.5256394566148574,1.0,73539,1.121839563545743,0.5430800351210392,0.5457344751620278,0.5322543711665991,0.5761050883837152,73539.0,1.121839563545743,0.47828053817679966,0.48562137793381854,0.5970538681108387,0.636218185611924,SOXX,last12m,RTH all,offexchange_TRF
47938,814570094.7328076,1.9853603294330326,2.001522603832134,1.2588456401788257,10.827475489174208,11.138660146101145,3.1534382789361515,3.157810085127239,0.633832481965579,0.1386374066502566,0.5070507739163086,0.29458884392340107,0.06061996745796654,0.8613625933497434,0.9998956986107055,0.4886403938831285,0.26215111185280987,47933,2.0015924478193123,-0.5222939998543092,-0.3034240738234893,2.50786142672835,2.3050165216428016,47933.0,2.0015924478193123,-2.6927339628531346,-3.7505850053294325,4.678301389727177,5.752177453148747,SOXX,last12m,09:30-10:00,all
30522,463598609.8104906,1.0814966963103632,1.0629641699601031,0.7275604443719239,5.361079221546114,5.517505983656121,1.9075299351764488,1.8511822874793569,0.5742082652527306,0.1790511762007732,0.44865998296310855,0.31996592621715486,0.05550095013432934,0.8209488237992267,0.9997706572308499,0.5080124528920203,0.3117423497804862,30515,1.0630922255352475,0.5461656529307273,0.6855219205653388,0.5355791337243191,0.3775703049699084,30515.0,1.0630922255352475,1.8502584516239242,2.4177237066047104,-0.7685136649688779,-1.354631481069463,SOXX,last12m,10:00-10:30,all
15198,221742376.60561585,1.3548927061055314,1.4129081262515597,0.8895293500200949,7.266150809318078,7.69582604609579,2.251819364411802,2.2964428938069625,0.6152594214564988,0.1789709172259508,0.4819055138834057,0.2864192656928543,0.05632320042110804,0.8210290827740492,0.9998026056060008,0.5174728529121422,0.36261350177654955,15195,1.4136040491219277,0.4231232264083456,-0.7273945010225827,0.932036980724828,2.1409985501445106,15195.0,1.4136040491219277,0.8254309899600439,-1.1781582927625223,0.5297292171731299,2.59176234188445,SOXX,last12m,10:30-11:00,all
17080,292921359.9309839,0.9768026861169904,0.8473143860298474,0.7216829646729624,5.212820843092349,4.589560168212996,1.6861094123312668,1.526565634727099,0.5550461550782387,0.17857142857142858,0.4382903981264637,0.33864168618266977,0.04590163934426229,0.8214285714285714,0.9998829039812647,0.47388452980442675,0.3457259953161593,17078,0.8473196480822874,1.3319234363708938,1.1516816523444582,-0.35500635715351936,-0.3043620042621708,17078.0,0.8473196480822874,2.77834212400204,2.0961680999901415,-1.8014250447846656,-1.2488484519078544,SOXX,last12m,11:00-11:30,all
13451,231959394.4638148,0.9329566976167889,0.8779111599434385,0.7128472902885895,4.974395955692109,4.694622903086922,1.6329825935951197,1.5740321074676633,0.5577466658897072,0.19113820533789308,0.4410081034867296,0.34071816221842244,0.028548063341015537,0.808861794662107,0.9997769682551483,0.4605145746579417,0.4022005798825366,13448,0.8779187263915591,0.2290981512266727,-0.37495771903486486,0.7040666717685894,1.2528764454264243,13448.0,0.8779187263915591,-0.20914001321221526,-1.7216905318959768,1.1423048362074775,2.5996092582875354,SOXX,last12m,11:30-12:00,all
13227,187454653.65226442,1.1621523117043102,1.0771668562779142,0.7202664986038285,6.287158085734906,5.87554708695173,2.0313385906332053,1.9732204796409545,0.5458928018393132,0.19747486202464656,0.46367279050427157,0.29477583730248735,0.0448325395025327,0.8025251379753534,0.9998487941332124,0.5228733459357278,0.34845392001209646,13225,1.0772413393025388,-1.19340011220981,-1.2903244830712794,2.3557281747360466,2.3675658223738183,13225.0,1.0772413393025388,-1.3927629212036883,-2.1783439829543942,2.5550909837299254,3.255585322256933,SOXX,last12m,12:00-12:30,all
11475,187566531.15284628,0.7474445295384271,0.7942927917900584,0.5358291062365634,4.033807407408408,4.356216139449129,1.3836951367281254,1.346401844432195,0.5899373913328437,0.23285403050108933,0.3958169934640523,0.34291938997821353,0.029019607843137254,0.7671459694989107,0.9996514161220044,0.42515909685293346,0.36470588235294116,11471,0.7943560903130589,0.30151708284141915,0.5051800822508171,0.4461880846636502,0.28917600806224186,11471.0,0.7943560903130589,2.049151405806006,2.766252943031787,-1.3014462383009364,-1.9718968527187284,SOXX,last12m,12:30-13:00,all
12315,218576518.34954208,0.7220461204793747,0.775595374290571,0.5364567034730693,3.898679658953957,4.2458507219905215,1.316487093739938,1.2558673877512818,0.6175774463570781,0.22314250913520098,0.36467722289890375,0.38717011774259036,0.030531871701177427,0.776857490864799,0.9997563946406821,0.4554093567251462,0.3362565976451482,12312,0.7757794168160708,0.5716088203148123,0.9259194105527239,0.15061323732820206,-0.15013999373665293,12312.0,0.7757794168160708,-0.03796323417663449,0.508342444568372,0.7601852918196492,0.267436972247699,SOXX,last12m,13:00-13:30,all
13464,174803311.80117,1.1713044805191193,2.414911413572538,0.5343355092657823,6.317076648843815,13.43190019760813,1.5260010599433411,1.510800353688652,1.5984318561194926,0.2864676173499703,0.3345216874628639,0.29723707664884136,0.08288770053475936,0.7135323826500297,0.999777183600713,0.5206893990045316,0.4025549613784908,13461,2.414968235261508,-0.4590448597491758,-1.5958303246798646,1.6306103842794202,4.010798559941373,13461.0,2.414968235261508,1.0246970121497154,0.713816731414984,0.1468685123805289,1.7011515038465237,SOXX,last12m,13:30-14:00,all
9014,114066925.90904227,0.7287903591122179,0.8577754964515507,0.5356138582861331,3.9406545373878092,4.69565249713822,1.3704492452839727,1.4524399897642473,0.5905755160258156,0.2430663412469492,0.37663634346572,0.351120479254493,0.030286221433325936,0.7569336587530509,0.9994453072997559,0.49272949272949274,0.3743066341246949,9009,0.8579617413699853,-0.04169071775719225,-0.8565389530504315,0.7708855559229055,1.7145006944204164,9009.0,0.8579617413699853,0.4820981487250316,0.5830339782891166,0.2470966894406818,0.2749277630808686,SOXX,last12m,14:00-14:30,all
7450,102446747.08526999,0.7650057246032607,0.8773764727225685,0.5375621556278294,4.143736912753554,4.807866184045119,1.4022721319528242,1.4444360065645319,0.6074180294143551,0.2153020134228188,0.39865771812080536,0.3591946308724832,0.027248322147651008,0.7846979865771813,0.9997315436241611,0.5154403866809882,0.3300671140939597,7448,0.8796320917132132,0.1629697619880987,0.19842108154244864,0.6022413884271531,0.6812110101707646,7448.0,0.8796320917132132,0.0048060431234997845,0.2057725496785745,0.7604051072917519,0.6738595420346387,SOXX,last12m,14:30-15:00,all
10647,167423580.7962432,0.6854023564466877,0.7624409356679415,0.5358817487643476,3.7065614727167127,4.191715874952736,1.26556118085001,1.262161673258567,0.6040754935138547,0.22644876491030339,0.36028928336620647,0.39100216023292944,0.02357471588240819,0.7735512350896966,0.999624307316615,0.4804096589307526,0.31764816380200994,10643,0.7625975115073588,0.867742936254601,0.5553540455131415,-0.18208298238022988,0.20724346599421736,10643.0,0.7625975115073588,1.4564229622609888,0.3088233208925087,-0.7707630083866179,0.45377419061485025,SOXX,last12m,15:00-15:30,all
30496,425331870.6689756,0.8606661361585002,1.0399667362423488,0.5792400370708356,4.52315123294961,5.607364799989274,1.3051526972182521,1.3232167369898975,0.7859383177151339,0.1814992130115425,0.3550957502623295,0.4089716684155299,0.05725341028331585,0.8185007869884575,0.9999672088142707,0.5223807181505165,0.23248950682056663,30495,1.0400226003191309,-0.23776884523277575,-0.1936330374457629,1.0984632045796892,1.2336556377648935,30495.0,1.0400226003191309,-1.6593844870263315,-0.19099429810683968,2.5200788463732446,1.2310168984259704,SOXX,last12m,15:30-16:00,all
52792,975445447.7784363,2.419867300033667,2.397834568280834,1.6203224441690092,12.831965449310967,12.931213417184944,3.666942188573359,3.637989683477298,0.6591097768009372,0.1272920139415063,0.4862289740869829,0.3222268525534172,0.06542657978481588,0.8727079860584938,0.9998863464161236,0.47628158981548135,0.2608539172601909,44285,2.56012887918182,-1.1500959068515257,-1.6714420202464957,3.7447134292306354,4.231570899428317,,,,,,,SOXX,last12m,open 09:30-09:35 (fixed),all
62412,1211379432.435563,0.5559876267593016,0.5672834041221291,0.32341003541310476,2.977256937769195,3.087608102292883,0.8575807452138914,0.7579824895070494,0.7484122812534355,0.23311222200858808,0.22135166314170351,0.508988656027687,0.04071332436069987,0.766887777991412,1.0,0.5009293084663206,0.23445811702877653,43964,0.5444178359827376,-0.026806345837665124,-0.28589467462166307,0.5794427988911741,0.8303125106044007,,,,,,,SOXX,last12m,close 15:55-16:00 (fixed),all
134617,2438192131.0420275,1.0824396350998442,1.2006711914744963,0.7147579650834233,6.065110944384397,6.738307119401294,1.7591480126522703,1.7648045755516755,0.6803422929131788,0.20826492939227587,0.4178298431847389,0.32968347236976014,0.04570745151058187,0.7917350706077242,0.9998142879428304,0.4947322277698526,0.3801822949553177,134592,1.2009109364490549,-0.1571815546384392,0.005606726382694242,1.2398222491685718,1.1953042100663607,134592.0,1.2009109364490549,-0.36368255724934834,0.0001509648261326646,1.4463232517794806,1.2007599716229227,SOXX,last5,RTH all,all
83438,1419619489.016,1.1424113550550747,1.3256983603673655,0.8810495061709505,6.400577674441487,7.435816466088746,1.5944906546848123,1.5548214671017064,0.8526370315934458,0.09218821160622258,0.41871809007886096,0.44447374098132747,0.04700496176801937,0.9078117883937774,0.9998801505309332,0.48312317207652106,0.0,83428,1.3257629594799398,-0.36671161205372754,-0.020368911538021665,1.509259900914499,1.3461318710179615,83428.0,1.3257629594799398,-0.2009839599343965,0.20117901632487564,1.343532248795168,1.1245839431550642,SOXX,last5,RTH all,lit
51179,1018572642.0260276,0.984666713205619,1.0264165548451754,0.35826884494091804,5.518193790424698,5.766164513687145,2.027591722652246,2.0574652075187756,0.4988743192809537,0.39750678989429256,0.41638171906446003,0.14253893198382148,0.04359209832157721,0.6024932101057074,0.9997069110377304,0.513661949808459,1.0,51164,1.026837521545096,0.18447808163008358,0.041822943688594225,0.8004773111289503,0.9850145778565018,51164.0,1.026837521545096,-0.6289788315201591,-0.2801299514648174,1.6139342242791928,1.3069674730099134,SOXX,last5,RTH all,offexchange_TRF
27524,565055723.4655641,1.7964451432627566,1.7966076404373652,1.2578842388108915,10.02161967737337,10.044696825271386,2.622438469358735,2.616206742544504,0.6867223492780993,0.14401976456910331,0.46555733178317105,0.32113791600058134,0.07008429007411714,0.8559802354308966,0.9998546722860049,0.4690043604651163,0.29955675047231506,27520,1.7966881588509027,-1.288085377956118,-0.1824771425788264,3.084791632431397,1.979165301429729,27520.0,1.7966881588509027,-2.6755325740593774,-2.934231668268563,4.472238828534656,4.730919827119466,SOXX,last5,09:30-10:00,all
15864,319996932.1694404,0.9323097416878198,0.9165476810723436,0.7170836209727438,5.199556227938925,5.108752136268804,1.680824803402241,1.6815555695096644,0.5450594067132766,0.20146243066061523,0.42391578416540593,0.3388174483106404,0.03794755421079173,0.7985375693393848,0.9996848209783157,0.4819976038842298,0.3975668179525971,15859,0.9166582749766585,1.4443281241832373,2.031462734728126,-0.511724445380576,-1.1148044597514675,15859.0,0.9166582749766585,2.9796492481836,4.133747502044475,-2.047045569380939,-3.2170892270678166,SOXX,last5,10:00-10:30,all
10295,167817802.7469375,1.2788763927521603,1.3033858628401542,0.907268124948141,7.163796017485582,7.309413846966407,2.1198313621821425,2.065023519520708,0.6311724057954895,0.1844584749878582,0.45789218067022824,0.3017969888295289,0.06070908207867897,0.8155415250121418,0.9998057309373483,0.510929758088021,0.3944633317144245,10293,1.3042223705614457,-0.5491328208278111,-1.5097579315555683,1.8282577079725653,2.813980302117014,10293.0,1.3042223705614457,-0.5587134765391158,-0.8644107981609709,1.8378383636838695,2.168633168722416,SOXX,last5,10:30-11:00,all
8639,179073224.8718485,0.8347188248494708,0.707174026326031,0.7090815621060363,4.6643778215087215,3.9429507160335433,1.5692698949639377,1.441958921098014,0.4904259171180386,0.22838291468920013,0.4110429447852761,0.32144924181039475,0.03970366940618127,0.7716170853107999,0.9998842458617896,0.4974531141467932,0.45051510591503646,8638,0.7071784943005403,0.6959695490610063,0.8452237385172235,0.13884590913208716,-0.13804524421668327,8638.0,0.7071784943005403,2.165283130912927,1.7318738074937816,-1.330467672719833,-1.0246953131932408,SOXX,last5,11:00-11:30,all
8455,164112254.5857801,0.8483048395946249,0.7725784344285107,0.7191786979263132,4.758209343584857,4.33517410443671,1.5036882401570277,1.4698495288021014,0.5256173637434486,0.20555884092253104,0.4358367829686576,0.33211117681845065,0.026729745712596096,0.7944411590774689,0.9997634535777646,0.44173666154028157,0.48255470136014195,8453,0.7725864085393305,0.18916617059372967,-0.2227211734677253,0.6593393799528491,0.9953075820070558,8453.0,0.7725864085393305,1.5158998466807543,2.7657818154518856,-0.6673942961341754,-1.9931954069125548,SOXX,last5,11:30-12:00,all
9083,147643979.9942628,1.069223224526357,1.0111068835442225,0.7204351428256118,6.000334691182715,5.671998866995123,1.8883230656004941,1.8927097080200974,0.5342112840969727,0.206099306396565,0.4715402400088077,0.28701970714521635,0.03545084223274249,0.793900693603435,0.9998899042166685,0.5358951772737283,0.3734448970604426,9082,1.0111107318794028,-1.5647020811941108,-1.1811084263778138,2.6340430356502007,2.1922191582572172,9082.0,1.0111107318794028,-2.6112132087057307,-2.6925682656872327,3.6805541631618204,3.7036789975666355,SOXX,last5,12:00-12:30,all
8931,157249713.00135365,0.6490991910259805,0.6862193199351603,0.5321083017799038,3.642588735865113,3.850125611430052,1.2347012528605077,1.1838626563434027,0.579644366902058,0.24969208375321914,0.3821520546411376,0.3400515059903706,0.028552233792408465,0.7503079162467808,0.9996640913671482,0.4178987455197133,0.4029783898779532,8928,0.6862365455727999,0.09604198744695785,0.2674050248893107,0.5532753148660567,0.4188315206834894,8928.0,0.6862365455727999,1.2527009935348865,2.006338951612943,-0.6033836912218722,-1.3201024060401438,SOXX,last5,12:30-13:00,all
8767,172208151.23598439,0.6668326585899814,0.6792942901599559,0.5284620872486101,3.744028744155688,3.8102356891361238,1.1927893228780546,1.1189290401233558,0.6070932702623103,0.22276719516368199,0.3588456712672522,0.39739933842819664,0.027489449070377554,0.777232804836318,1.0,0.437892095357591,0.3475533249686324,8767,0.6792942901597818,0.4891811827430518,0.8288925308805525,0.1776514758467108,-0.14959824072077083,8767.0,0.6792942901597818,-1.2218010297223199,-0.11873720663920292,1.8886336883120827,0.7980314967989848,SOXX,last5,13:00-13:30,all
8409,127270183.84340078,1.44663915005464,3.000535267415334,0.5333949700849471,8.195590438817828,17.021553809016766,1.6039049684477586,1.608380020668412,1.8655636285312527,0.30217623974313235,0.3294089665834225,0.2678083006302771,0.10096325365679629,0.6978237602568677,0.9998810797954573,0.5548287345385348,0.4341776667855869,8408,3.000548504867234,-0.6456613429958251,-1.8841542239844589,2.09247254813437,4.8847027288516935,8408.0,3.000548504867234,2.1333797579784335,1.4929045907715064,-0.6865685528398887,1.5076439140957278,SOXX,last5,13:30-14:00,all
5901,73108873.51667634,0.6845360640186566,0.7302414075529821,0.5270231099628925,3.8500220301661376,4.102537952626571,1.359164040837245,1.398677276165003,0.5220942815023148,0.26182003050330455,0.3879003558718861,0.327232672428402,0.02389425521098119,0.7381799694966955,0.9996610743941705,0.4899135446685879,0.4016268429079817,5899,0.7303595122818003,0.16727754952516363,-0.7370103095221332,0.5174905999531135,1.4673698218039335,5899.0,0.7303595122818003,0.7648468115751375,1.0263753838104,-0.08007866209686049,-0.29601587152859943,SOXX,last5,14:00-14:30,all
4935,71503085.25281349,0.7229620181806473,0.8729417747260898,0.5319384724495362,4.070788247215971,4.915785848410081,1.364250260139294,1.4268674005788555,0.6117889962108268,0.22634245187436677,0.41702127659574467,0.32806484295846,0.02857142857142857,0.7736575481256333,0.9997973657548126,0.5456019456830158,0.3696048632218845,4934,0.8761565217287333,-0.5183778325472697,-0.1716905963754599,1.2414863772818445,1.047847118104193,4934.0,0.8761565217287333,0.08981296754110912,0.9668691402623675,0.6332955771934656,-0.0907126185336341,SOXX,last5,14:30-15:00,all
5551,84694238.11546485,0.6441762066149883,0.7321731403480192,0.5311661753374715,3.6384903620988616,4.135557596821739,1.349753886306569,1.3493756739707208,0.5426014078003203,0.27544586560980006,0.3844352368942533,0.31940190956584397,0.020716987930102685,0.7245541343902,0.9996397045577373,0.509280951522797,0.4386597009547829,5549,0.732261890647457,0.46298199467920004,0.33406671058487836,0.18142638933908983,0.39819518006257837,5549.0,0.732261890647457,0.49193974861859185,0.20005614732028812,0.15246863539969768,0.5322057433271689,SOXX,last5,15:00-15:30,all
12263,208457968.24250075,0.7524109705941647,1.0216350813832644,0.5364375184395518,4.24769795319423,5.792370766030304,1.2642660288241092,1.2424129645579411,0.8222991151309895,0.20215281741825003,0.3804126233384979,0.38913805757155673,0.029682785615265432,0.79784718258175,0.9999184538856724,0.590115804925787,0.3486911848650412,12262,1.021747061952985,0.23842742219376548,-0.6122355689439483,0.5140449095949364,1.6339826308969332,12262.0,1.021747061952985,-4.136265591556867,-2.5510664931421867,4.88873792334557,3.572813555095171,SOXX,last5,15:30-16:00,all
31274,662064041.9391302,2.303870138991121,2.3365832181411768,1.579382353635149,12.822742853489013,13.021846396133126,3.2623845147915316,3.300849096758004,0.7078733833776586,0.12770991878237514,0.4787683059410373,0.3201701093560146,0.07399117477777067,0.8722900812176249,0.9998720982285605,0.4805564438759194,0.2900812176248641,26422,2.4952302684567456,-1.3968668928835946,-1.313195319850012,3.8832887653485235,3.8084255883067577,,,,,,,SOXX,last5,open 09:30-09:35 (fixed),all
39323,879119338.0569861,0.45103020262313914,0.48735754636474626,0.19550342130842505,2.552757419322785,2.7582303463135016,0.6823939713920508,0.6366913270453591,0.7654534083672636,0.22620349413829058,0.20959743661470387,0.5302240419093152,0.03756071510312031,0.7737965058617094,1.0,0.5176359891157847,0.23434122523713857,26826,0.41202465940183136,0.020580859029564965,-0.5928020939863033,0.37160393016459414,1.0048267533881348,,,,,,,SOXX,last5,close 15:55-16:00 (fixed),all
255031,3791723019.8303666,1.1587799517347745,1.2733924542169335,0.7043369547985354,5.881874909325829,6.735501494991636,1.9365515787948135,1.949921443193972,0.6530480797888536,0.20038740388423368,0.41616509365528115,0.33926071732456053,0.046484545016096085,0.7996125961157663,0.9997412079315848,0.49403251426666406,0.3050217424548388,254965,1.2736698523897603,0.07225312398450633,-0.01113291361858104,1.0868267884380343,1.2848027660083414,254965.0,1.2736698523897603,0.04615365105615442,-0.3013419265268854,1.1129262613663862,1.5750117789166458,SOXX,normal18m,RTH all,all
177241,2424116652.422,1.1944147199081183,1.3554738531476234,0.7258737705547671,5.989087175089722,7.100257609411549,1.7803599837641992,1.7442259951645984,0.7771205433844658,0.11719071772332587,0.4190001184827438,0.4213472052177544,0.04567227673055332,0.8828092822766741,0.9998138128311169,0.48036770348968444,0.0,177208,1.3556261834814671,-0.12604979273884967,-0.33199733717299484,1.3206869387549178,1.6876235206544619,177208.0,1.3556261834814671,-0.16212839627729686,-0.7763780883267604,1.356765542293365,2.1320042718082277,SOXX,normal18m,RTH all,lit
77790,1367606367.4083662,1.077587742635769,1.1279011120122029,0.3590922148804548,5.637596606250137,6.088962116329894,2.292427070436685,2.314521793688332,0.48731496721611056,0.3899472939966577,0.40970561768864894,0.1522303637999743,0.048335261601748294,0.6100527060033424,0.999575780948708,0.5251745823527142,1.0,77757,1.1283577173399535,0.5241849534881199,0.5577736470721937,0.5538601164039493,0.5705840702677603,77757.0,1.1283577173399535,0.5208278931676846,0.5409178229946526,0.5572171767243848,0.5874398943453013,SOXX,normal18m,RTH all,offexchange_TRF
50763,844762301.9805076,2.033455854274299,2.0409590764503216,1.2622505928058265,10.521679963753794,10.94485533607709,3.2301814888606075,3.211584695113438,0.6354990667242023,0.1387033863246853,0.5046983038827493,0.2980517305911786,0.05943305163209424,0.8612966136753147,0.9999015030632548,0.48930217896686234,0.2608986860508638,50758,2.041027751062691,-0.5317006839688505,-0.26121709605662125,2.565356847145466,2.3022448471193115,50758.0,2.041027751062691,-2.1812394494767235,-3.3521972776940148,4.214895612653339,5.3932250287567065,SOXX,normal18m,09:30-10:00,all
32191,474859001.0948906,1.1026477100489547,1.0828349176534793,0.7278152804770148,5.2318368488096345,5.470653928870964,1.9582735703426055,1.8856890241657283,0.5742383308045981,0.18300146003541362,0.44987729489608896,0.316827684756609,0.053368954055481345,0.8169985399645864,0.9997825479171197,0.5113099676858066,0.3141871951787767,32184,1.0829622733357724,0.5448668938251743,0.667218566331665,0.5580206414153025,0.41574370700410773,32184.0,1.0829622733357724,1.704052507295702,2.2643712970673597,-0.6011649720552253,-1.1814090237315868,SOXX,normal18m,10:00-10:30,all
16767,232263765.0089158,1.303030951567818,1.3836850274898083,0.8656884387301135,6.742226993500147,7.419323178876475,2.2004156363955105,2.263026966999914,0.611431082204095,0.18953897536828293,0.46788334227947753,0.294029939762629,0.05200691835152382,0.8104610246317171,0.9997614361543508,0.5084412098073138,0.3437108606190732,16763,1.384362392192179,0.5967421841627303,-0.5476656105676473,0.7065996976563924,1.9320280027598258,16763.0,1.384362392192179,1.1650573635518502,-0.7650323104730874,0.1382845182672724,2.1493947026652656,SOXX,normal18m,10:30-11:00,all
19360,308508137.76628387,0.9234341735472307,0.8333190862599061,0.6968580413585019,4.733536157025771,4.4186981897064035,1.6210461941899896,1.5058439990434316,0.5533900502238357,0.19772727272727272,0.4165805785123967,0.34653925619834713,0.041270661157024796,0.8022727272727272,0.9996384297520661,0.4714514545548494,0.3175103305785124,19353,0.8333960742495988,1.2475027177347116,1.1455278289971393,-0.32373453709760425,-0.3121317547475404,19353.0,0.8333960742495988,2.5406573424099723,2.0567290566092353,-1.6168891617728653,-1.2233329823596368,SOXX,normal18m,11:00-11:30,all
15250,245331238.65361476,0.9414617240369414,0.9014508600256818,0.6981411990568743,4.6128891803289,4.5701525325523935,1.659552236803349,1.602977873960529,0.5623601390070583,0.21134426229508196,0.4255737704918033,0.33711475409836067,0.028,0.788655737704918,0.9997377049180328,0.4701561065197429,0.3718688524590164,15246,0.9014811177870914,-0.23192740532420253,-0.5693312747798682,1.1736361349293156,1.4708123925669596,15246.0,0.9014811177870914,-0.24222593199558337,-1.7054549801407046,1.183934661600696,2.6069360979277953,SOXX,normal18m,11:30-12:00,all
15374,209896525.3701644,1.1065204431861912,1.0503301096747366,0.7122126676027745,5.611583192403809,5.410645665508776,1.9697756470021708,1.940992664521096,0.5411303859481026,0.20996487576427736,0.4425653701053727,0.3093534538831794,0.0392220632236243,0.7900351242357226,0.9994145960712892,0.5161731207289294,0.32216729543384937,15365,1.0507132850223446,-0.8322918917794411,-0.9634947991928662,1.9394604758042153,2.014208084215211,15365.0,1.0507132850223446,-0.9508382214991601,-1.6376088425054567,2.0580068055239344,2.6883221275278006,SOXX,normal18m,12:00-12:30,all
12766,202659107.91774628,0.732744406444594,0.8446518536807208,0.5294787281916132,3.752207425976222,4.276599084164389,1.361113331326918,1.3382020093072935,0.6311841170511664,0.24439918533604887,0.37451041829860565,0.3533604887983707,0.02874823750587498,0.7556008146639511,0.9996083346388845,0.4290416111590001,0.34615384615384615,12761,0.8449221011153656,0.16135496651969458,0.45866687005420764,0.5716765429755255,0.3862552310611579,12761.0,0.8449221011153656,1.8125150363163964,2.445820291644792,-1.0794835268211764,-1.6008981905294273,SOXX,normal18m,12:30-13:00,all
14022,232060310.23784205,0.7458409125586004,0.7905833369463013,0.5284341615066136,3.629914420198184,4.108224707136879,1.3762834407567395,1.2921885217187854,0.6118173344356276,0.23634288974468692,0.35693909570674653,0.38446726572528883,0.02752817001854229,0.7636571102553131,0.9997147339894451,0.463475531459552,0.3167165882185138,14018,0.7907837776366452,0.5421080292684811,0.8971918089480233,0.2039457070629255,-0.10640803131137794,14018.0,0.7907837776366452,0.28054427031383494,0.6627662298708084,0.46550946601757154,0.12801754776583696,SOXX,normal18m,13:00-13:30,all
14702,183515679.51746997,1.1246021939720232,2.3349715427032036,0.5272917417320253,5.889951027073431,12.861761680180186,1.5106363249479993,1.5042093981943863,1.552291552962003,0.2941096449462658,0.32390150999863965,0.30696503877023534,0.07658821928989253,0.7058903550537342,0.9997959461297783,0.5165657527722974,0.38695415589715687,14699,2.3350238750874492,-0.3573207424420699,-1.4495374614105967,1.4821524626794094,3.784561336498046,14699.0,2.3350238750874492,1.0962250017566895,0.8205329347878474,0.02860671848065005,1.5144909402996014,SOXX,normal18m,13:30-14:00,all
10668,126068247.78504226,0.727456706815291,0.8495126495390554,0.5266992634983841,3.545748031497443,4.3892505365946635,1.3967095116936248,1.4523165885845029,0.5849362709318296,0.2568428946381702,0.3532058492688414,0.3639857517810274,0.028683914510686165,0.7431571053618298,0.9993438320209974,0.4920739142669543,0.3429883764529434,10661,0.8498486329033027,0.11833096517399191,-0.7277293461607943,0.609603388854947,1.5775779790640971,10661.0,0.8498486329033027,0.4779509008737538,0.46928164641659326,0.2499834531551851,0.3805669864867096,SOXX,normal18m,14:00-14:30,all
8493,111300076.42296998,0.739518957541368,0.8596011429852347,0.527106449146926,3.771383492289503,4.525405539233438,1.4019264620170608,1.442393192290097,0.5959547976099641,0.24102201813257979,0.3759566701989874,0.3597079948192629,0.024373013069586717,0.7589779818674203,0.9996467679265277,0.5156654888103651,0.31531849758624747,8490,0.8616831645726741,0.08928027430993965,0.1622582682789672,0.6504999973504854,0.6994248962937071,8490.0,0.8616831645726741,0.12738813229647064,0.25701681835770074,0.6123921393639544,0.6046663462149735,SOXX,normal18m,14:30-15:00,all
12060,176844857.75414318,0.6607168346863239,0.7460014977828503,0.5279505838248737,3.3852553897194064,4.017886220024577,1.255962263165788,1.2505082321943237,0.5965586459785295,0.24369817578772804,0.3412106135986733,0.39502487562189054,0.021890547263681594,0.756301824212272,0.9995024875621891,0.4812510370001659,0.297346600331675,12054,0.7461871996199142,0.9176063332903477,0.635164437582881,-0.2565606201400519,0.11102276203703347,12054.0,0.7461871996199142,1.3408636330668762,0.3382743865511986,-0.6798179199165805,0.40791281306871563,SOXX,normal18m,15:00-15:30,all
32615,443653770.3207756,0.8387193086270984,1.0190647285021561,0.5747952291990749,4.297014870459375,5.419307521633377,1.2927093275067392,1.3126487038278298,0.77634231118383,0.19107772497317185,0.34355357964126937,0.4151464050283612,0.054054882722673614,0.8089222750268281,0.9999386785221523,0.519210130929384,0.22768664724819868,32613,1.0191200715464541,-0.22795512240288332,-0.21733309567402515,1.0667258656913494,1.236453167220479,32613.0,1.0191200715464541,-1.4801525731453176,-0.06304820533731396,2.318923316433784,1.0821682768837684,SOXX,normal18m,15:30-16:00,all
56172,1015989738.2052362,2.4659551393112764,2.4219542952183186,1.6301092735748748,12.44829986470172,12.653463065671017,3.741477545873679,3.6732796043512517,0.6593438442173984,0.12662892544328136,0.48755607776116217,0.3230969166132593,0.06389304279712313,0.8733710745567187,0.999857580289112,0.4772630154547397,0.2602898241116571,47165,2.5773018565881727,-1.0250242840521142,-1.6271424823567502,3.6563392537505823,4.204444338944923,,,,,,,SOXX,normal18m,open 09:30-09:35 (fixed),all
71562,1343242960.143363,0.5510393470104767,0.5660081607089712,0.3515046596401106,2.7353844219006542,2.8986285263138747,0.8606758722671541,0.7657089668098325,0.7391948968119398,0.23977809451943768,0.20709314999580783,0.5202481764064727,0.037170565383862944,0.7602219054805623,1.0,0.4997624437550655,0.22242251474246108,49567,0.5420830432678965,0.004022157916765257,-0.23327367753201195,0.5403082571818301,0.7753567207999083,,,,,,,SOXX,normal18m,close 15:55-16:00 (fixed),all
134617,2438192131.0420275,1.0824396350998442,1.2006711914744963,0.7147579650834233,6.065110944384397,6.738307119401294,1.7591480126522703,1.7648045755516755,0.6803422929131788,0.20826492939227587,0.4178298431847389,0.32968347236976014,0.04570745151058187,0.7917350706077242,0.9998142879428304,0.4947322277698526,0.3801822949553177,134592,1.2009109364490549,-0.1571815546384392,0.005606726382694242,1.2398222491685718,1.1953042100663607,134592.0,1.2009109364490549,-0.36368255724934834,0.0001509648261326646,1.4463232517794806,1.2007599716229227,SOXX,since_2026-07-15,RTH all,all
83438,1419619489.016,1.1424113550550747,1.3256983603673655,0.8810495061709505,6.400577674441487,7.435816466088746,1.5944906546848123,1.5548214671017064,0.8526370315934458,0.09218821160622258,0.41871809007886096,0.44447374098132747,0.04700496176801937,0.9078117883937774,0.9998801505309332,0.48312317207652106,0.0,83428,1.3257629594799398,-0.36671161205372754,-0.020368911538021665,1.509259900914499,1.3461318710179615,83428.0,1.3257629594799398,-0.2009839599343965,0.20117901632487564,1.343532248795168,1.1245839431550642,SOXX,since_2026-07-15,RTH all,lit
51179,1018572642.0260276,0.984666713205619,1.0264165548451754,0.35826884494091804,5.518193790424698,5.766164513687145,2.027591722652246,2.0574652075187756,0.4988743192809537,0.39750678989429256,0.41638171906446003,0.14253893198382148,0.04359209832157721,0.6024932101057074,0.9997069110377304,0.513661949808459,1.0,51164,1.026837521545096,0.18447808163008358,0.041822943688594225,0.8004773111289503,0.9850145778565018,51164.0,1.026837521545096,-0.6289788315201591,-0.2801299514648174,1.6139342242791928,1.3069674730099134,SOXX,since_2026-07-15,RTH all,offexchange_TRF
27524,565055723.4655641,1.7964451432627566,1.7966076404373652,1.2578842388108915,10.02161967737337,10.044696825271386,2.622438469358735,2.616206742544504,0.6867223492780993,0.14401976456910331,0.46555733178317105,0.32113791600058134,0.07008429007411714,0.8559802354308966,0.9998546722860049,0.4690043604651163,0.29955675047231506,27520,1.7966881588509027,-1.288085377956118,-0.1824771425788264,3.084791632431397,1.979165301429729,27520.0,1.7966881588509027,-2.6755325740593774,-2.934231668268563,4.472238828534656,4.730919827119466,SOXX,since_2026-07-15,09:30-10:00,all
15864,319996932.1694404,0.9323097416878198,0.9165476810723436,0.7170836209727438,5.199556227938925,5.108752136268804,1.680824803402241,1.6815555695096644,0.5450594067132766,0.20146243066061523,0.42391578416540593,0.3388174483106404,0.03794755421079173,0.7985375693393848,0.9996848209783157,0.4819976038842298,0.3975668179525971,15859,0.9166582749766585,1.4443281241832373,2.031462734728126,-0.511724445380576,-1.1148044597514675,15859.0,0.9166582749766585,2.9796492481836,4.133747502044475,-2.047045569380939,-3.2170892270678166,SOXX,since_2026-07-15,10:00-10:30,all
10295,167817802.7469375,1.2788763927521603,1.3033858628401542,0.907268124948141,7.163796017485582,7.309413846966407,2.1198313621821425,2.065023519520708,0.6311724057954895,0.1844584749878582,0.45789218067022824,0.3017969888295289,0.06070908207867897,0.8155415250121418,0.9998057309373483,0.510929758088021,0.3944633317144245,10293,1.3042223705614457,-0.5491328208278111,-1.5097579315555683,1.8282577079725653,2.813980302117014,10293.0,1.3042223705614457,-0.5587134765391158,-0.8644107981609709,1.8378383636838695,2.168633168722416,SOXX,since_2026-07-15,10:30-11:00,all
8639,179073224.8718485,0.8347188248494708,0.707174026326031,0.7090815621060363,4.6643778215087215,3.9429507160335433,1.5692698949639377,1.441958921098014,0.4904259171180386,0.22838291468920013,0.4110429447852761,0.32144924181039475,0.03970366940618127,0.7716170853107999,0.9998842458617896,0.4974531141467932,0.45051510591503646,8638,0.7071784943005403,0.6959695490610063,0.8452237385172235,0.13884590913208716,-0.13804524421668327,8638.0,0.7071784943005403,2.165283130912927,1.7318738074937816,-1.330467672719833,-1.0246953131932408,SOXX,since_2026-07-15,11:00-11:30,all
8455,164112254.5857801,0.8483048395946249,0.7725784344285107,0.7191786979263132,4.758209343584857,4.33517410443671,1.5036882401570277,1.4698495288021014,0.5256173637434486,0.20555884092253104,0.4358367829686576,0.33211117681845065,0.026729745712596096,0.7944411590774689,0.9997634535777646,0.44173666154028157,0.48255470136014195,8453,0.7725864085393305,0.18916617059372967,-0.2227211734677253,0.6593393799528491,0.9953075820070558,8453.0,0.7725864085393305,1.5158998466807543,2.7657818154518856,-0.6673942961341754,-1.9931954069125548,SOXX,since_2026-07-15,11:30-12:00,all
9083,147643979.9942628,1.069223224526357,1.0111068835442225,0.7204351428256118,6.000334691182715,5.671998866995123,1.8883230656004941,1.8927097080200974,0.5342112840969727,0.206099306396565,0.4715402400088077,0.28701970714521635,0.03545084223274249,0.793900693603435,0.9998899042166685,0.5358951772737283,0.3734448970604426,9082,1.0111107318794028,-1.5647020811941108,-1.1811084263778138,2.6340430356502007,2.1922191582572172,9082.0,1.0111107318794028,-2.6112132087057307,-2.6925682656872327,3.6805541631618204,3.7036789975666355,SOXX,since_2026-07-15,12:00-12:30,all
8931,157249713.00135365,0.6490991910259805,0.6862193199351603,0.5321083017799038,3.642588735865113,3.850125611430052,1.2347012528605077,1.1838626563434027,0.579644366902058,0.24969208375321914,0.3821520546411376,0.3400515059903706,0.028552233792408465,0.7503079162467808,0.9996640913671482,0.4178987455197133,0.4029783898779532,8928,0.6862365455727999,0.09604198744695785,0.2674050248893107,0.5532753148660567,0.4188315206834894,8928.0,0.6862365455727999,1.2527009935348865,2.006338951612943,-0.6033836912218722,-1.3201024060401438,SOXX,since_2026-07-15,12:30-13:00,all
8767,172208151.23598439,0.6668326585899814,0.6792942901599559,0.5284620872486101,3.744028744155688,3.8102356891361238,1.1927893228780546,1.1189290401233558,0.6070932702623103,0.22276719516368199,0.3588456712672522,0.39739933842819664,0.027489449070377554,0.777232804836318,1.0,0.437892095357591,0.3475533249686324,8767,0.6792942901597818,0.4891811827430518,0.8288925308805525,0.1776514758467108,-0.14959824072077083,8767.0,0.6792942901597818,-1.2218010297223199,-0.11873720663920292,1.8886336883120827,0.7980314967989848,SOXX,since_2026-07-15,13:00-13:30,all
8409,127270183.84340078,1.44663915005464,3.000535267415334,0.5333949700849471,8.195590438817828,17.021553809016766,1.6039049684477586,1.608380020668412,1.8655636285312527,0.30217623974313235,0.3294089665834225,0.2678083006302771,0.10096325365679629,0.6978237602568677,0.9998810797954573,0.5548287345385348,0.4341776667855869,8408,3.000548504867234,-0.6456613429958251,-1.8841542239844589,2.09247254813437,4.8847027288516935,8408.0,3.000548504867234,2.1333797579784335,1.4929045907715064,-0.6865685528398887,1.5076439140957278,SOXX,since_2026-07-15,13:30-14:00,all
5901,73108873.51667634,0.6845360640186566,0.7302414075529821,0.5270231099628925,3.8500220301661376,4.102537952626571,1.359164040837245,1.398677276165003,0.5220942815023148,0.26182003050330455,0.3879003558718861,0.327232672428402,0.02389425521098119,0.7381799694966955,0.9996610743941705,0.4899135446685879,0.4016268429079817,5899,0.7303595122818003,0.16727754952516363,-0.7370103095221332,0.5174905999531135,1.4673698218039335,5899.0,0.7303595122818003,0.7648468115751375,1.0263753838104,-0.08007866209686049,-0.29601587152859943,SOXX,since_2026-07-15,14:00-14:30,all
4935,71503085.25281349,0.7229620181806473,0.8729417747260898,0.5319384724495362,4.070788247215971,4.915785848410081,1.364250260139294,1.4268674005788555,0.6117889962108268,0.22634245187436677,0.41702127659574467,0.32806484295846,0.02857142857142857,0.7736575481256333,0.9997973657548126,0.5456019456830158,0.3696048632218845,4934,0.8761565217287333,-0.5183778325472697,-0.1716905963754599,1.2414863772818445,1.047847118104193,4934.0,0.8761565217287333,0.08981296754110912,0.9668691402623675,0.6332955771934656,-0.0907126185336341,SOXX,since_2026-07-15,14:30-15:00,all
5551,84694238.11546485,0.6441762066149883,0.7321731403480192,0.5311661753374715,3.6384903620988616,4.135557596821739,1.349753886306569,1.3493756739707208,0.5426014078003203,0.27544586560980006,0.3844352368942533,0.31940190956584397,0.020716987930102685,0.7245541343902,0.9996397045577373,0.509280951522797,0.4386597009547829,5549,0.732261890647457,0.46298199467920004,0.33406671058487836,0.18142638933908983,0.39819518006257837,5549.0,0.732261890647457,0.49193974861859185,0.20005614732028812,0.15246863539969768,0.5322057433271689,SOXX,since_2026-07-15,15:00-15:30,all
12263,208457968.24250075,0.7524109705941647,1.0216350813832644,0.5364375184395518,4.24769795319423,5.792370766030304,1.2642660288241092,1.2424129645579411,0.8222991151309895,0.20215281741825003,0.3804126233384979,0.38913805757155673,0.029682785615265432,0.79784718258175,0.9999184538856724,0.590115804925787,0.3486911848650412,12262,1.021747061952985,0.23842742219376548,-0.6122355689439483,0.5140449095949364,1.6339826308969332,12262.0,1.021747061952985,-4.136265591556867,-2.5510664931421867,4.88873792334557,3.572813555095171,SOXX,since_2026-07-15,15:30-16:00,all
31274,662064041.9391302,2.303870138991121,2.3365832181411768,1.579382353635149,12.822742853489013,13.021846396133126,3.2623845147915316,3.300849096758004,0.7078733833776586,0.12770991878237514,0.4787683059410373,0.3201701093560146,0.07399117477777067,0.8722900812176249,0.9998720982285605,0.4805564438759194,0.2900812176248641,26422,2.4952302684567456,-1.3968668928835946,-1.313195319850012,3.8832887653485235,3.8084255883067577,,,,,,,SOXX,since_2026-07-15,open 09:30-09:35 (fixed),all
39323,879119338.0569861,0.45103020262313914,0.48735754636474626,0.19550342130842505,2.552757419322785,2.7582303463135016,0.6823939713920508,0.6366913270453591,0.7654534083672636,0.22620349413829058,0.20959743661470387,0.5302240419093152,0.03756071510312031,0.7737965058617094,1.0,0.5176359891157847,0.23434122523713857,26826,0.41202465940183136,0.020580859029564965,-0.5928020939863033,0.37160393016459414,1.0048267533881348,,,,,,,SOXX,since_2026-07-15,close 15:55-16:00 (fixed),all
17532,306533544.0442,2.053706597105128,2.063066201838004,1.795869630466763,8.208566050650422,8.229614168189809,3.403778774310616,3.1946907081647793,0.6457796357454435,0.05401551448779375,0.6543463381245722,0.2435546429386265,0.0485968514715948,0.9459844855122063,0.9998288843258042,0.5061897427120772,0.22587268993839835,17529,2.0633238930897067,0.3029671811592692,0.770580001654488,1.7510908974787907,1.2927438914352187,17529.0,2.0633238930897067,0.6527024479721321,-0.0010175566090734065,1.4013556306659278,2.0643414496987806,SOXX,y2022,RTH all,all
13572,230668735.479,1.9782282296439853,2.0766488538929173,1.7702770483598123,7.875346301208495,8.366353594358289,3.3222547710492014,3.053553896221574,0.6800760440031972,0.03787208959622753,0.6556145004420867,0.25921013852048336,0.04796640141467728,0.9621279104037724,0.9998526377836723,0.5014738393515107,0.0,13570,2.076822298721805,-0.12596124696576244,0.44574957995146497,2.1044810356708368,1.6310727187703398,13570.0,2.076822298721805,0.03767740682176451,-0.05034996941692452,1.9408423818833103,2.1271722681387293,SOXX,y2022,RTH all,lit
3960,75864808.5652,2.312391547403772,2.0217678286764174,1.9604222478942042,9.350601010101386,7.813854725558381,3.6831837673065557,3.6238205057111257,0.5579105878699344,0.10934343434343434,0.65,0.1898989898989899,0.05075757575757576,0.8906565656565657,0.9997474747474747,0.5223541298307653,1.0,3959,2.022274809838871,1.7731765192892717,1.758399703203841,0.5397991128700333,0.2638751066350299,3959.0,2.022274809838871,2.7607827228926904,0.14900388855320829,-0.4478070907333856,1.8732709212856633,SOXX,y2022,RTH all,offexchange_TRF
2826,47329716.8797,3.422921473713608,3.169050661898435,3.125610484048437,14.393616418966918,13.094201855315694,5.399434271833276,5.109023002665045,0.6202850643352649,0.03149327671620665,0.6825902335456475,0.23036093418259024,0.05555555555555555,0.9685067232837934,1.0,0.524416135881104,0.22045293701344656,2826,3.1690506618984013,1.0906628888010927,3.4409493488568765,2.332258584912496,-0.2718986869584746,2826.0,3.1690506618984013,3.9504899139800194,3.7602219402011166,-0.5275684402664289,-0.5911712783027155,SOXX,y2022,09:30-10:00,all
1339,21161949.917099997,2.500869835711284,2.8031387144071576,2.3017078672353968,9.298655713218738,10.248292406119306,4.297421125986921,4.228029743720363,0.6629893554014112,0.040328603435399554,0.7027632561613144,0.19716206123973115,0.05974607916355489,0.9596713965646004,1.0,0.48244958924570575,0.23823749066467514,1339,2.8031387144071553,-1.3398817097823175,-1.498985991526874,3.8407515454935823,4.30212470593403,1339.0,2.8031387144071553,-8.500581903067362,-17.301742617450486,11.001451738778625,20.10488133185764,SOXX,y2022,10:00-10:30,all
1606,28811389.9636,1.9786892150079947,2.0534066232437063,1.8754102492493194,7.775367372353763,8.172141409186484,3.395308282374681,3.1005516115843403,0.66227138924949,0.05417185554171856,0.6450809464508095,0.2727272727272727,0.028642590286425903,0.9458281444582815,1.0,0.5348692403486924,0.16998754669987548,1606,2.0534066232436867,1.0394699755114924,1.4817406786419602,0.939219239496444,0.5716659446017268,1606.0,2.0534066232436867,-0.9767688483798316,-0.22195145740935876,2.955458063387768,2.275358080653045,SOXX,y2022,10:30-11:00,all
1148,18874194.8815,1.8052254646365904,1.8253445872775313,1.6571037996839193,7.053379790940945,7.112968817759461,3.292549054349535,3.16076403524805,0.5775010620602313,0.06968641114982578,0.6777003484320557,0.20209059233449478,0.050522648083623695,0.9303135888501742,1.0,0.5452961672473867,0.24477351916376305,1148,1.8253445872774963,1.4906152187238877,0.37005313067062234,0.31461024591266257,1.4552914566068735,1148.0,1.8253445872774963,5.2233380964930705,0.8030518262521499,-3.418112631856521,1.0222927610253463,SOXX,y2022,11:00-11:30,all
1087,18701455.0547,1.7014755494982923,1.6877931186125232,1.6221539887619496,6.687083716651591,6.7113360231199835,2.7149501647661207,2.5108672226610524,0.6721952890936926,0.046918123275068994,0.6117755289788408,0.28518859245630174,0.05611775528978841,0.953081876724931,1.0,0.5216191352345906,0.17939282428702852,1087,1.6877931186124908,-0.47623882930293837,-0.3320499386373529,2.177714378801196,2.019843057249844,1087.0,1.6877931186124908,0.3755156588130643,3.5749675672355616,1.325959890685193,-1.8871744486230717,SOXX,y2022,11:30-12:00,all
941,18852050.038499996,1.7096309662362634,1.6787029236626976,1.6394786457891473,6.886652497343519,6.947643488320593,2.823645890161604,2.4264531131670584,0.6918340661739054,0.05526036131774708,0.6184909670563231,0.27523910733262485,0.053134962805526036,0.944739638682253,1.0,0.4824654622741764,0.25292242295430395,941,1.6787029236626663,-0.6727239211715961,0.7396388106300161,2.3823548874078218,0.9390641130326505,941.0,1.6787029236626663,-3.793065753972271,-1.0608935100556658,5.502696720208496,2.739596433718333,SOXX,y2022,12:00-12:30,all
697,11653848.4787,1.5697148624050343,1.5710399870705585,1.3654943179276777,6.193888091822757,6.558675362291843,3.0772618353393706,2.6863809068735685,0.5848165399965366,0.07317073170731707,0.7116212338593975,0.1836441893830703,0.03299856527977044,0.926829268292683,0.9985652797704447,0.48419540229885055,0.23385939741750358,696,1.5736081302955158,-0.09590053474681459,0.18176187780706388,1.667870734597806,1.3918462524884523,696.0,1.5736081302955158,-4.9573493723141775,-3.3004697861022474,6.52931957216517,4.874077916397763,SOXX,y2022,12:30-13:00,all
844,12324940.0685,1.5232123535154596,1.5517553755524127,1.4154951286590682,5.891800947867653,6.0165674641342095,2.6507695840235184,2.6513642552627714,0.5852667631285621,0.06990521327014218,0.6824644549763034,0.22274881516587677,0.024881516587677725,0.9300947867298578,1.0,0.466824644549763,0.2618483412322275,844,1.5517553755523417,-0.10443910471141897,-0.9435012476292864,1.6276514582268133,2.4952566231816284,844.0,1.5517553755523417,2.2913209815407347,0.6234838369126716,-0.7681086280253401,0.9282715386396703,SOXX,y2022,13:00-13:30,all
698,10715701.9288,1.647768056922678,1.7172032098891585,1.4159483144397496,6.746389684813684,7.2741916908555915,2.98043032126438,2.784236145288092,0.6167591828714928,0.07163323782234957,0.7263610315186246,0.16332378223495703,0.03868194842406877,0.9283667621776505,0.998567335243553,0.5164992826398852,0.33810888252148996,697,1.7172606714525303,-0.22215360589274458,0.5823536545118623,1.8722857489802893,1.1349070169406672,697.0,1.7172606714525303,0.9162775541714169,-2.988149487639591,0.7338545889161276,4.705410159092122,SOXX,y2022,13:30-14:00,all
1101,18466084.0444,2.0492647706442733,2.220961387186453,1.7940437746698692,8.103251589464117,8.835513631008103,3.5474365511623516,3.654728388638323,0.6076953335549891,0.055404178019981834,0.7057220708446866,0.2025431425976385,0.03633060853769301,0.9445958219800181,1.0,0.508628519527702,0.23160762942779292,1101,2.220961387186451,-0.7733369850096133,-2.1633809871333165,2.8226017556538716,4.3843423743197665,1101.0,2.220961387186451,-2.263017850871448,-3.102193875430904,4.312282621515707,5.3231552626173535,SOXX,y2022,14:00-14:30,all
1253,22908809.501900002,1.7993697067247492,1.9499210435797438,1.662056438689113,7.278276137270717,8.03929880562406,2.8733942262771213,2.8078385385196145,0.6944562576620972,0.05107741420590583,0.6496408619313647,0.25458898643256184,0.0446927374301676,0.9489225857940942,0.9992019154030327,0.4936102236421725,0.22905027932960895,1252,1.951531556493421,-0.07982529510536066,-0.4308950882619186,1.8806321980814555,2.3824266447553395,1252.0,1.951531556493421,1.1097421829485348,-2.6097618564411125,0.6910647200275599,4.561293412934534,SOXX,y2022,14:30-15:00,all
1691,30980378.957999997,1.596580251170053,1.682854267237009,1.4804068157916337,6.3411117681846685,6.679053021909518,2.577131954280862,2.475362629630336,0.6798415097218794,0.06564163217031342,0.6020106445890006,0.270254287403903,0.06209343583678297,0.9343583678296866,1.0,0.4293317563571851,0.21230041395623891,1691,1.6828542672370082,0.9714425220439792,1.129253423641356,0.6251377291260636,0.5536008435956522,1691.0,1.6828542672370082,2.6107625167202824,3.349284467639848,-1.0141822655502397,-1.6664302004028393,SOXX,y2022,15:00-15:30,all
2301,45753024.32879999,1.536206146261201,1.5870201522500011,1.433246542294129,5.948987396784324,6.055540405000759,2.3879296689494582,2.2728394066078885,0.6982544158799843,0.05997392438070404,0.5880052151238592,0.2985658409387223,0.055627987831377665,0.940026075619296,1.0,0.5406345067362016,0.22164276401564537,2301,1.587020152249964,0.6132551911144454,1.4367007419244089,0.9229509551467099,0.15031941032555507,2301.0,1.587020152249964,3.4584896546379604,4.551233748620593,-1.9222835083768055,-2.964213596370629,SOXX,y2022,15:30-16:00,all
5333,87285351.46350001,6.667327865020888,3.7848129291731447,3.652300949598385,24.377828614288674,14.878741699740917,6.446297267532893,5.824819458035128,0.6497734318532623,0.02381398837427339,0.6921057566097881,0.20701293830864428,0.0770673167072942,0.9761860116257266,1.0,0.5045940371273204,0.1959497468591787,4570,3.82371623857389,6.425649084351714,2.71972414435758,0.7830733192883836,1.1039920942163106,,,,,,,SOXX,y2022,open 09:30-09:35 (fixed),all
5363,115907405.3409,1.511134694390803,1.730378100256943,1.4308344831120654,6.025619988812394,7.037560537937917,2.428033958085528,2.375785885325287,0.7283392459501979,0.08819690471750885,0.5929517061346261,0.2770837217975014,0.0417676673503636,0.9118030952824911,1.0,0.5515569643856051,0.1715457766175648,3746,1.5735045047530969,-0.7441427696847612,0.928085886113608,2.1758802572041023,0.6454186186394887,,,,,,,SOXX,y2022,close 15:55-16:00 (fixed),all
13801,310916671.0244,2.0090754303280707,2.1907307483349703,1.6618986004451517,9.450132599087445,10.362302325022021,3.343167792365538,3.1727868467448133,0.6904752364888919,0.10984711252807768,0.5956090138395769,0.2586044489529744,0.03601188319686979,0.8901528874719223,0.9994203318600101,0.5082288117160879,0.2559234838055213,13793,2.190845234647486,-0.045090512550032776,-0.25859357584864634,2.0553312153671723,2.449438810496132,13793.0,2.190845234647486,-2.6630206410876753,-2.661504523233961,4.673261343904817,4.852349757881446,SOXX,y2023,RTH all,all
10269,232506898.385,1.9250582922182777,2.133728558963161,1.643636192867472,9.002785081312936,10.144408783185673,3.186736123164804,2.9186496979580148,0.7310670274873992,0.06709514071477261,0.6240140227870289,0.2735417275294576,0.0354464894342195,0.9329048592852274,0.9995130976726069,0.48012470771628996,0.0,10264,2.1338399955193705,-0.7636369214009221,-0.5111480726534149,2.6896329855853662,2.6449880681727853,10264.0,2.1338399955193705,-4.469264015166803,-3.8420121197024337,6.395260079351247,5.975852115221803,SOXX,y2023,RTH all,lit
3532,78409772.6394,2.253348361032902,2.3597581770069684,1.9876728683778406,10.750758776897872,11.008417597202197,3.797980026516821,3.926374546846552,0.6010018017517448,0.2341449603624009,0.5130237825594564,0.21517553793884484,0.03765571913929785,0.765855039637599,0.9991506228765572,0.589968829696798,1.0,3529,2.3598817289564624,2.0447820690440524,0.4903012172404648,0.21048186157869406,1.8695805117159976,3529.0,2.3598817289564624,2.590388820954873,0.8390310181339562,-0.33512489033212606,1.5208507108225058,SOXX,y2023,RTH all,offexchange_TRF
1920,42674442.0379,3.7178763344982455,3.7146063304654535,3.5458958345259335,17.87596875000066,18.258108269961546,5.608908859670267,5.325652353016278,0.6974932053838663,0.06614583333333333,0.6359375,0.24427083333333333,0.05364583333333333,0.9338541666666667,1.0,0.5734375,0.31979166666666664,1920,3.7146063304653265,0.23434180205317573,0.7773005453310138,3.4835345324449936,2.937305785134313,1920.0,3.7146063304653265,-8.771202301709616,-22.335168363614045,12.48907863620778,26.049774694079364,SOXX,y2023,09:30-10:00,all
1147,21870311.5947,2.506239663847957,2.509523838075111,2.36440156996318,11.475780296426024,11.522335532041112,3.9337081860168994,4.3145584624663575,0.5816409396016333,0.07497820401046207,0.5876198779424586,0.2955536181342633,0.041848299912816043,0.9250217959895379,0.999128160418483,0.5881326352530541,0.4019180470793374,1146,2.5095801261110857,-1.134864709578455,-1.7999513954967288,3.6432913190318104,4.309531521607815,1146.0,2.5095801261110857,-1.1059234698384923,-11.068807284281009,3.614350079291848,13.578387410392095,SOXX,y2023,10:00-10:30,all
1027,22081288.5554,1.7644329381602355,1.7010468405664914,1.7391808458200364,8.419961051606606,8.284815883373398,3.2147049896092237,2.7798894390150606,0.6119116885343423,0.11392405063291139,0.6426484907497566,0.21226874391431352,0.0311587147030185,0.8860759493670886,1.0,0.4936708860759494,0.22103213242453748,1027,1.7010468405664771,0.9120390122974819,-1.1680834211574405,0.8523939258627233,2.869130261723919,1027.0,1.7010468405664771,0.9233012444680145,-2.681779508808413,0.8411316936921902,4.3828263493748905,SOXX,y2023,10:30-11:00,all
842,16006780.822,1.5332957831415515,1.4622940854572966,1.424095699229693,7.180855106889173,6.905966307264593,3.198800627993129,3.0713081965178985,0.47611440854915676,0.16389548693586697,0.6460807600950119,0.1828978622327791,0.007125890736342043,0.836104513064133,0.996437054631829,0.4505363528009535,0.2980997624703088,839,1.4632023459912746,-0.4886908138388556,-0.17500300948110645,2.0274691802334823,1.6382053554723808,839.0,1.4632023459912746,-2.0159678475298106,-1.3273126708335048,3.554746213924438,2.79051501682478,SOXX,y2023,11:00-11:30,all
728,22272357.326899998,1.7613956748422899,2.16017836099095,1.6625696435494732,8.423598901099073,10.606387887059975,3.0287621561601665,2.6936075341323935,0.8019647753497764,0.12087912087912088,0.5618131868131868,0.3118131868131868,0.005494505494505495,0.8791208791208791,0.9986263736263736,0.5144429160935351,0.260989010989011,727,2.16032515249716,-0.03694809247245409,-0.4791674556362039,1.800766594927921,2.6394926081333647,727.0,2.16032515249716,2.2099314233446954,2.0927625368612564,-0.4461129208892283,0.06756261563590348,SOXX,y2023,11:30-12:00,all
674,17159258.2065,1.6571627980238712,1.702245614506697,1.587301587926154,7.910474777448897,8.145065508793758,3.057890044485682,2.6925754428488236,0.6321997844211457,0.142433234421365,0.5756676557863502,0.2655786350148368,0.016320474777448073,0.857566765578635,1.0,0.516320474777448,0.27002967359050445,674,1.7022456145066247,0.6475223193919741,2.1354569977357154,1.0096404786317792,-0.43321138322909025,674.0,1.7022456145066247,0.2546289463926374,1.5479270461467094,1.4025338516311163,0.1543185683599157,SOXX,y2023,12:00-12:30,all
680,18613502.703,1.7854063660019526,2.1247540639413165,1.884881025695992,8.397882352942126,9.851558488794188,2.917712032053938,2.9552993573818607,0.7189640733464189,0.10294117647058823,0.6132352941176471,0.2426470588235294,0.041176470588235294,0.8970588235294118,1.0,0.5147058823529411,0.2647058823529412,680,2.124754063941299,1.580161969438592,0.5896974718574525,0.20524439656332513,1.5350565920838475,680.0,2.124754063941299,-1.1926495515482285,-0.9014507053115377,2.9780559175501464,3.0262047692528378,SOXX,y2023,12:30-13:00,all
745,19296030.5138,2.1810858520421044,2.217532263626984,1.8774494848757581,9.901208053691567,10.202976947784506,3.4194539048655295,3.018470720898005,0.7346542235027083,0.0912751677852349,0.574496644295302,0.2859060402684564,0.04832214765100671,0.9087248322147651,1.0,0.43221476510067114,0.24295302013422818,745,2.2175322636269783,-1.1847277207499765,-3.469286960031817,3.365813572792063,5.686819223658795,745.0,2.2175322636269783,-5.441932097949586,-8.526475630098126,7.623017949991672,10.744007893725103,SOXX,y2023,13:00-13:30,all
745,18200133.0548,1.752064080545845,2.152412938389671,1.4115654260588888,7.9829530201342225,9.679538037527069,2.8906927539051805,2.866404494998106,0.7509103973795901,0.11140939597315436,0.5704697986577181,0.28859060402684567,0.02953020134228188,0.8885906040268456,0.9973154362416108,0.5168236877523553,0.21073825503355706,743,2.1527194946412385,2.1708340168300104,0.7716231329310057,-0.4140537476420716,1.3810963617102319,743.0,2.1527194946412385,1.8931239605318502,8.630863182750696,-0.1363436913439104,-6.478143688109461,SOXX,y2023,13:30-14:00,all
818,19237656.6091,1.7482456820864174,2.0216425017444912,1.590836820406329,8.10586797066118,9.460001372637235,3.109847168795775,2.7856475663324987,0.7257352028943582,0.15158924205378974,0.5611246943765281,0.24449877750611246,0.042787286063569685,0.8484107579462102,1.0,0.4779951100244499,0.2860635696821516,818,2.0216425017444624,0.6477272286926349,-0.09346857205329728,1.1005184533936074,2.1151110737977596,818.0,2.0216425017444624,2.30187621056897,3.8108423962320233,-0.5536305284827276,-1.7891998944875604,SOXX,y2023,14:00-14:30,all
1185,23510174.3825,1.588745601744084,1.6691195349286387,1.423487544482691,7.640438818565578,8.105407583262155,2.8117771879107902,2.4627907285029678,0.6777350245845817,0.11561181434599156,0.6683544303797468,0.20337552742616033,0.012658227848101266,0.8843881856540085,0.99915611814346,0.4045608108108108,0.19324894514767932,1184,1.669241359533709,0.7507252030403616,-0.7452525835470103,0.8393622446510965,2.4144939430807186,1184.0,1.669241359533709,-8.68959866845996,1.2275508053790514,10.279686116151419,0.4416905541546576,SOXX,y2023,14:30-15:00,all
902,19772677.676,1.7330203602373038,2.9620342661832555,1.549606787276319,7.90547671840437,13.136798482642876,3.2156713774497683,3.4793948638647794,0.8513073054586109,0.13968957871396895,0.6419068736141907,0.18070953436807094,0.038802660753880266,0.8603104212860311,1.0,0.5,0.24057649667405764,902,2.962034266183226,-1.2197364503576837,0.10217695347863724,2.9527568105949,2.859857312704589,902.0,2.962034266183226,1.6972236304236334,16.79939511899937,0.03579672981358332,-13.837360852816145,SOXX,y2023,15:00-15:30,all
2388,50222057.54179999,1.3365800685224516,1.418285881150935,1.2209018394909943,6.251909547738657,6.620025831215134,2.150624595038471,2.0387977120838783,0.6956481620245143,0.10720268006700168,0.5125628140703518,0.32914572864321606,0.05108877721943048,0.8927973199329984,1.0,0.5238693467336684,0.17127303182579565,2388,1.4182858811509131,-1.1854484473371694,-0.24609075696557448,2.522028515859583,1.6643766381164875,2388.0,1.4182858811509131,-3.9048224545716876,-0.6981162867727194,5.2414025230941,2.1164021679236344,SOXX,y2023,15:30-16:00,all
3029,67567677.8321,3.8359705345408197,3.6755024787830237,3.465180036485473,17.83994717728658,17.594320714612362,5.7710652691068,5.273927145540223,0.6969194638744923,0.05315285572796302,0.6612743479696269,0.24166391548365798,0.043908880818752064,0.946847144272037,0.9996698580389568,0.571994715984148,0.24199405744470123,2636,3.727359410260948,0.435522205513381,-0.8712897088698766,3.467347925100791,4.598649119130824,,,,,,,SOXX,y2023,open 09:30-09:35 (fixed),all
6009,135491089.44340003,1.008080891126228,1.2788151708863773,0.9235742322780794,4.673130304543681,5.931822535665757,1.8129058063709176,1.7678251674962273,0.723383281559208,0.1840572474621401,0.46280579131303046,0.3108670327841571,0.042436345481777334,0.8159427525378599,1.0,0.48810118156099186,0.1544350141454485,4178,1.2694050828378323,-0.8865888155398749,-1.6243296859879401,1.8949454201996125,2.8937347688257726,,,,,,,SOXX,y2023,close 15:55-16:00 (fixed),all
23217,366990092.0834,1.3318364741022026,1.4572581863402954,0.9703085581206001,2.8393771805144867,3.109952692088465,2.138434947236671,2.1038291629681263,0.6926694486373433,0.1437308868501529,0.4124563897144334,0.40504802515398197,0.04009992677779214,0.8562691131498471,0.999526209243227,0.5301215202964751,0.31080673644312357,23206,1.4574602092220146,0.8576154168173902,0.6871318667016277,0.4748523682049677,0.7703283425203863,23206.0,1.4574602092220146,0.5036722638658596,0.016176366368948692,0.8287955211564988,1.4412838428530659,SOXX,y2024,RTH all,all
16001,245281856.871,1.2992215821039588,1.3436531779379437,0.9681010697508017,2.769051934254209,2.870933541430966,2.0660059325782463,1.9523842971443128,0.6882114243098862,0.0968064495969002,0.42509843134804076,0.4605337166427098,0.019498781326167114,0.9031935504030998,0.9996250234360352,0.5474835886214442,0.0,15995,1.343908215794269,-0.3323684872757418,-1.1760119557626376,1.6320774297730438,2.5199201715569073,15995.0,1.343908215794269,-3.0065843144758317,-2.269553944926361,4.3062932569731345,3.6134621607206294,SOXX,y2024,RTH all,lit
7216,121708235.21239999,1.4041578276032962,1.6862093938090859,1.3669605660258892,2.9953187361423566,3.5916543698647234,2.299041469347184,2.4090400456829872,0.6999507529278237,0.24778270509977826,0.38442350332594233,0.2820121951219512,0.08578159645232816,0.7522172949002217,0.9993070953436807,0.49161004021633614,1.0,7211,1.6862692702598288,3.4971650695659204,4.4413961092551,-2.092033619838491,-2.7551268389952734,7211.0,1.6862692702598288,8.289909120137576,4.621959061376749,-6.884777670410148,-2.935689791116921,SOXX,y2024,RTH all,offexchange_TRF
5353,88502524.66679999,1.4301169623936227,1.5339632315470817,1.3757996835648214,3.0230674388196728,3.2274962190069734,2.4521659226122705,2.4255041254429153,0.6324306833602967,0.15804221931627124,0.44797309919671213,0.3314029516159163,0.0650102746123669,0.8419577806837287,0.9996263777321128,0.4883199401980938,0.3257986175976088,5351,1.5339810915172676,2.407589133485392,6.496962413466663,-0.9769376478392398,-4.9629813219493935,5351.0,1.5339810915172676,2.613924053142028,13.09996252970331,-1.1832725674958768,-11.565981438186038,SOXX,y2024,09:30-10:00,all
2092,29251757.1673,1.5068695423630416,1.5701590489774992,1.3824566254234298,3.211242829828048,3.352123172407832,2.585229008870474,2.655580074913035,0.5912678227294347,0.15583173996175909,0.47944550669216063,0.3317399617590822,0.032982791586998086,0.844168260038241,1.0,0.5430210325047801,0.27963671128107076,2092,1.5701590489774275,1.4947615376733867,1.9612796065785518,0.012108004689582995,-0.39112055760112474,2092.0,1.5701590489774275,-2.96676295202242,-1.6955302700977912,4.473632494385392,3.265689319075218,SOXX,y2024,10:00-10:30,all
2733,49379241.8907,1.5894636606442007,1.807082451612681,1.4333835017573069,3.4452616172704777,3.94387906851768,2.311315266435739,2.3435545894221534,0.771086135466659,0.10025612879619465,0.384924990852543,0.482253933406513,0.033662641785583605,0.8997438712038054,1.0,0.5821441639224295,0.32674716428832784,2733,1.8070824516126474,0.2525366004773655,-7.908866267468667,1.3369270601667957,9.715948719081311,2733.0,1.8070824516126474,-5.8644084550059,-20.655968764123728,7.453872115650062,22.463051215736375,SOXX,y2024,10:30-11:00,all
1422,17275016.4865,1.534662554034965,1.490463210349217,1.428945676247242,3.3054430379747832,3.2039948688757116,2.2851565561180975,2.216004723285313,0.6725902678309943,0.11392405063291139,0.46624472573839665,0.3790436005625879,0.04219409282700422,0.8860759493670886,0.9992967651195499,0.6129486277269528,0.3530239099859353,1421,1.4905951971428766,-0.9615262823752413,-0.15960705906053702,2.497268824132922,1.6502022562034133,1421.0,1.4905951971428766,-8.54359771600192,-7.179945392776699,10.079340257759599,8.670540589919575,SOXX,y2024,11:00-11:30,all
1159,11446231.986200001,1.3832210993769571,1.2482192618172168,1.3753581661878609,2.993770491803296,2.6887898311591245,2.0771763875446196,1.9416739767801778,0.6428572853858313,0.14236410698878343,0.4426229508196721,0.3882657463330457,0.027610008628127698,0.8576358930112166,1.0,0.6220880069025022,0.4176013805004314,1159,1.2482192618171113,-0.15268520372449343,-3.8404959945745585,1.5359063031013684,5.088715256391669,1159.0,1.2482192618171113,14.496165149638637,4.71860677469239,-13.112944050261762,-3.470387512875281,SOXX,y2024,11:30-12:00,all
918,14928525.9002,0.9510459912036181,1.2111619789198487,0.9156251430681982,2.0316339869284317,2.6157321939107874,2.0771330823717493,2.004673589264885,0.6041691701859466,0.25381263616557737,0.4466230936819172,0.28540305010893247,0.016339869281045753,0.7461873638344226,0.9989106753812637,0.5736095965103599,0.3289760348583878,917,1.2111796981271268,1.0593496628075922,0.2999300330252359,-0.10726654402371698,0.9112496651018913,917.0,1.2111796981271268,1.2697770557358674,-3.6343533712975633,-0.3176939369519921,4.845533069424689,SOXX,y2024,12:00-12:30,all
1011,10941680.359100001,1.0037483014699775,1.1156744678533146,0.9168003667219187,2.1470227497529817,2.3913223202631153,1.8943757718280068,1.7989801068768319,0.6201705419579161,0.20771513353115728,0.4391691394658754,0.32443125618199803,0.03066271018793274,0.7922848664688428,1.0,0.5212660731948566,0.27794263105835804,1011,1.1156744678532302,-0.8566519117063611,-1.220812649972071,1.8604002131761863,2.336487117825301,1011.0,1.1156744678532302,-0.3722837036691107,-1.0309025605899802,1.376032005138936,2.14657702844321,SOXX,y2024,12:30-13:00,all
1089,16557008.8477,1.2932862285409836,1.367158804246656,1.3671474468534899,2.7216345270893694,2.8711476509536102,2.2443788988596265,2.0683355583172727,0.6609946818102039,0.13406795224977044,0.4701561065197429,0.38934802571166205,0.006427915518824609,0.8659320477502296,1.0,0.49586776859504134,0.2809917355371901,1089,1.3671588042465963,1.3301081212481896,1.1945920488342288,-0.03682189270731466,0.17256675541236746,1089.0,1.3671588042465963,6.253135553688903,9.4953097916211,-4.95984932514803,-8.128150987374505,SOXX,y2024,13:00-13:30,all
1949,31056280.2838,1.1794500143092346,1.4536939810782359,0.966650555825938,2.4610774756289073,3.0296914746110764,1.6638682940892915,1.7913752799920089,0.8114960596557527,0.0918419702411493,0.34427911749615187,0.5248845561826577,0.038994356080041044,0.9081580297588507,0.9984607491021037,0.35714285714285715,0.38481272447408926,1946,1.4557734279636043,0.42573419641413407,1.3624680827399092,0.755534086159653,0.09330534522369542,1946.0,1.4557734279636043,-2.57329733868143,-2.263559892312752,3.7545656212552174,3.7193333202763563,SOXX,y2024,13:30-14:00,all
1052,20969884.780100003,1.5134226309583891,1.865406367989931,1.4499933561025462,3.190684410646445,3.977376934614382,2.3000122905499647,2.2185426146741323,0.8408251235074558,0.13688212927756654,0.4344106463878327,0.39638783269961975,0.03231939163498099,0.8631178707224335,1.0,0.5684410646387833,0.3108365019011407,1052,1.8654063679899076,-0.013469478109863573,-1.8374313062471603,1.5268921090681822,3.702837674237068,1052.0,1.8654063679899076,-0.4970321961845518,-6.893247418336894,2.0104548271428695,8.758653786326802,SOXX,y2024,14:00-14:30,all
847,11222440.5062,1.2575859041645434,1.3298073204947631,0.968194800795791,2.6634002361280755,2.8146453254512602,2.010826609721725,1.9513145695596228,0.6814930515251968,0.1782762691853601,0.4014167650531287,0.38488783943329397,0.03541912632821724,0.8217237308146399,0.9988193624557261,0.5638297872340425,0.2845336481700118,846,1.3298594368038879,0.7469896311673141,0.5766904539412859,0.5120827811580515,0.7531689828626021,846.0,1.3298594368038879,5.438081945694415,3.6596321245667376,-4.179009533369048,-2.32977268776285,SOXX,y2024,14:30-15:00,all
1127,15143607.098199999,1.0456930322487912,1.052858920053265,0.9663236217800556,2.212369121561896,2.2239325321907555,1.6650853739606082,1.5273284029046659,0.689346782297077,0.16149068322981366,0.34960070984915703,0.44631765749778174,0.04791481810115351,0.8385093167701864,0.997338065661047,0.6023131672597865,0.2502218278615794,1124,1.053087713884472,1.588395310695281,1.99734885242738,-0.5399112828089101,-0.9442611385429079,1124.0,1.053087713884472,6.884326637322266,9.39019757427111,-5.835842609435895,-8.337109860386638,SOXX,y2024,15:00-15:30,all
2465,50315892.1106,1.0357948060597144,1.1087255328537076,0.9149967975103765,2.2447789046653326,2.4095781064639805,1.473092062896649,1.4403316608962364,0.7697709929974119,0.12941176470588237,0.291683569979716,0.5460446247464503,0.033671399594320486,0.8705882352941177,1.0,0.539553752535497,0.2105476673427992,2465,1.108725532853616,-0.016459826652947138,0.11310851552361895,1.0522546327125362,0.9956170173299969,2465.0,1.108725532853616,0.35239227888952734,-1.4710098308536494,0.6834025271700618,2.579735363707265,SOXX,y2024,15:30-16:00,all
6438,98925039.5111,2.8287963931267566,2.604368282548321,2.305050365351007,6.031307859583864,5.550030879491287,4.113700676364774,4.034037043609339,0.6455985045239291,0.11136999068033551,0.5256290773532153,0.3095681888785337,0.05374339857098478,0.8886300093196645,1.0,0.4931655793724759,0.26545511028269647,5393,2.757826352321479,0.12035843894298598,-0.08781617165007533,2.913255073955536,2.845642523971555,,,,,,,SOXX,y2024,open 09:30-09:35 (fixed),all
8230,164193436.4136,0.6400199716368896,0.6758864608388748,0.4842497760340382,1.3578614823820008,1.4327499433704993,0.9363035717065044,0.8657320149951195,0.7807109464961683,0.194775212636695,0.1258809234507898,0.6626974483596598,0.020413122721749697,0.8052247873633049,0.9998784933171324,0.5869485964272694,0.1671931956257594,4996,0.7159039990928192,-0.11852241676869711,-1.5813433981386718,0.786593995442581,2.2972473972314913,,,,,,,SOXX,y2024,close 15:55-16:00 (fixed),all
39995,365508028.2157,0.9905880108497832,1.112158640645811,0.5704343857842563,2.375196899612982,2.6452524486365903,1.7823306625998565,1.7910041770764702,0.6209693170348901,0.24813101637704713,0.3484935616952119,0.3792724090511314,0.029053631703962995,0.7518689836229528,0.9992999124890611,0.5082943428328371,0.2153769221152644,39967,1.1128617973100488,-0.05883284680608695,-0.06167826649398238,1.0501148418001773,1.1745400638040309,39967.0,1.1128617973100488,0.5905817410865849,-0.008641380265311341,0.4007002539075058,1.1215031775753594,SOXX,y2025,RTH all,all
31381,280312101.376,0.999889581521398,1.134858441425576,0.5757549586890581,2.398820942608979,2.6811788728333887,1.6693733045439973,1.7019280045017509,0.6668075490994769,0.20620757783372104,0.3458143462604761,0.42646824511647174,0.027500716994359645,0.793792422166279,0.9993945380963003,0.4960142848032651,0.0,31362,1.1355500674957808,-0.17711203661254357,-0.41330209126840073,1.1776073799489941,1.5488521587641815,31362.0,1.1355500674957808,0.4947088795282236,-0.7985297117112399,0.5057864638082271,1.9340797792070206,SOXX,y2025,RTH all,lit
8614,85195926.83970001,0.9567021750887033,1.0374716327872677,0.40100250626529943,2.2891339679601623,2.5270471325481996,2.1938369144167718,2.0840830840520512,0.49780723269924887,0.4008590666357093,0.3582540051079638,0.20733689342930114,0.03471093568609241,0.5991409333642906,0.99895518922684,0.5530505520046485,1.0,8605,1.0382054272909473,0.3722504711149,1.0953494908005628,0.5854523221693597,-0.057144063509615435,8605.0,1.0382054272909473,0.9400023900340952,2.590507654167533,0.017700403250164285,-1.5523022268765854,SOXX,y2025,RTH all,offexchange_TRF
6328,51799894.3773,1.9872483335172055,2.3281039735799003,1.321571348335722,4.54391276864754,4.899836169534116,3.2781433035624232,3.622483660945856,0.642681704455781,0.12025916561314791,0.5587863463969659,0.288716814159292,0.03271175726927939,0.8797408343868521,1.0,0.5074273072060683,0.20369785082174463,6328,2.3281039735797884,0.4109220845741174,1.2917814369375071,1.5763262489429704,1.0363225366422812,6328.0,2.3281039735797884,3.7028219626004395,4.864918108469962,-1.715573629083352,-2.536814134890174,SOXX,y2025,09:30-10:00,all
6439,55646162.7023,1.244067853421599,1.3782535323922256,0.984009840097506,3.3508867836622978,3.7359666996886123,2.0417047241390653,2.184584021133622,0.6308997589742618,0.15825438732722472,0.44401304550396026,0.3203913651188073,0.08495107936014909,0.8417456126727753,1.0,0.5912408759124088,0.22534555055132785,6439,1.3782535323920837,-1.6759918866315267,-3.0134865111273923,2.9200597400530186,4.391740043519476,6439.0,1.3782535323920837,-3.294489209318907,-7.078084592529486,4.538557062740399,8.456338124921569,SOXX,y2025,10:00-10:30,all
2528,23940141.591,0.9033364469463399,0.9340109235002902,0.4017919922852283,2.2765664556967717,2.522558255375832,1.7329426089526314,1.6507964101561778,0.56579413291305,0.25830696202531644,0.34810126582278483,0.37658227848101267,0.01819620253164557,0.7416930379746836,0.9992088607594937,0.44615993665874903,0.22389240506329114,2526,0.9342454715799,1.7060838408517065,1.2012827908623087,-0.8020321631479292,-0.26703731928240854,2526.0,0.9342454715799,2.736336547588737,1.8583295217892122,-1.8322848698849599,-0.9240840502093127,SOXX,y2025,10:30-11:00,all
3272,25315744.0931,0.6380347213747468,0.672900555738036,0.4009864266090946,1.6299572127148207,1.7253286860791053,1.2472327397051457,1.2465188253728876,0.539823821382515,0.29645476772616136,0.30134474327628363,0.39333740831295844,0.014058679706601468,0.7035452322738386,0.9984718826405868,0.46434037343128254,0.17481662591687042,3267,0.6736104788051556,0.6309570085549495,0.9491338982028709,0.008054196935505454,-0.2755234193977156,3267.0,0.6736104788051556,0.16521687821394107,-0.10227339233061275,0.47379432727651405,0.7758838711357686,SOXX,y2025,11:00-11:30,all
2976,32106331.6945,0.9176058152451707,1.1053920933929542,0.4011150999775739,2.1011088709684675,2.7132691460831104,1.6068164071034798,1.6035052227886988,0.6893598334968546,0.2825940860215054,0.33602150537634407,0.3585349462365591,0.028561827956989246,0.7174059139784946,0.9993279569892473,0.5484196368527237,0.1989247311827957,2974,1.1056173250400694,-1.974042983576479,-1.035832251376943,2.8922658841039137,2.1414495764170125,2974.0,1.1056173250400694,-0.16352708398607674,-1.4281890237818702,1.0817499845135115,2.5338063488219396,SOXX,y2025,11:30-12:00,all
2999,31916272.3949,0.766063286851405,0.8149215121184229,0.569459867315333,1.7058286095368878,1.7869447504262115,1.5258414374929814,1.559239234349264,0.5226404609158798,0.2610870290096699,0.3304434811603868,0.40146715571857283,0.009336445481827277,0.7389129709903302,0.9976658886295432,0.4632352941176471,0.185728576192064,2992,0.816548256238625,0.6819354518983047,1.1086364470157324,0.08592009531653083,-0.29208819077710735,2992.0,0.816548256238625,1.0474314770573752,1.5013235936480795,-0.27957592984253943,-0.6847753374094542,SOXX,y2025,12:00-12:30,all
1854,21446479.0945,0.6882809605384108,1.3145410112479567,0.40100250626529943,1.6915857605185334,3.167589238318705,1.2397776089985804,1.2849681311031862,1.0230144852848462,0.29395900755124055,0.23624595469255663,0.45145631067961167,0.021574973031283712,0.7060409924487594,0.9989212513484358,0.4519438444924406,0.2011866235167206,1852,1.3182827878468055,-0.879732657223579,-0.567634306648764,1.5687569017363716,1.8859170944955692,1852.0,1.3182827878468055,-0.298722642053625,-1.7014191781608579,0.9877468865664174,3.019701966007663,SOXX,y2025,12:30-13:00,all
2339,23492771.301799998,0.8322068264186286,0.8696160470370421,0.40108292389415046,1.7321077383503347,1.924097685935987,1.6055283574327126,1.4988081666579651,0.5802050364965035,0.2967079948696024,0.30825138948268493,0.3903377511757161,0.007268063274903805,0.7032920051303976,0.9991449337323642,0.5126230209670518,0.21077383497221033,2337,0.8700781555139642,0.33236875566541746,0.4870493977271595,0.5005502717170087,0.38302875778680473,2337.0,0.8700781555139642,2.1264198735227238,1.0703420500446141,-1.2935008461402973,-0.20026389453065016,SOXX,y2025,13:00-13:30,all
2161,16887652.1383,0.6794597088599935,0.7921952931360794,0.401050752972424,1.7123276260996751,2.0054521341202287,1.3574228306796114,1.3132559042951784,0.6032299497341677,0.3183711244794077,0.2582137899120777,0.42156409069875056,0.005552984729291994,0.6816288755205924,1.0,0.5099490976399815,0.3489125404905137,2161,0.7921952931358921,0.3550073902292258,0.7186759689325039,0.3244523186305321,0.07351932420338848,2161.0,0.7921952931358921,0.38985922233231285,2.094019183691367,0.2896004865274446,-1.3018238905554742,SOXX,y2025,13:30-14:00,all
2255,19043833.0741,0.6908729380673093,0.7266074944429618,0.40143714498094163,1.5217028824840022,1.6702890432134927,1.3956478503719476,1.2694009835673623,0.5724018681638303,0.2984478935698448,0.22350332594235034,0.46031042128603106,0.02616407982261641,0.7015521064301552,0.9982261640798226,0.5126610395379831,0.19955654101995565,2251,0.7280477119049116,0.6491834890312516,0.22203220281417896,0.04291712195999109,0.5060155090907328,2251.0,0.7280477119049116,-0.08862331393575944,-1.4777249253994267,0.7807239249270022,2.2057726373043387,SOXX,y2025,14:00-14:30,all
1537,15402277.864500001,0.5540979512099455,0.6175030478661259,0.4016467516815305,1.2953025374114377,1.4658997877997852,1.2799737297797622,1.2112381704556099,0.5098114168857895,0.3623942745608328,0.24528301886792453,0.3916720884840599,0.004554326610279766,0.6376057254391672,0.9993493819128172,0.5110677083333334,0.24398178269355889,1536,0.6177526993596277,-0.06943062385873085,0.09079037459467597,0.6238893159220014,0.5269623247649519,1536.0,0.6177526993596277,0.9386480809258552,0.8312370156718533,-0.3841893888625849,-0.21348431631222553,SOXX,y2025,14:30-15:00,all
2159,19060772.9216,0.46339003147467595,0.46832024141487194,0.4011794676344816,1.1014265863833463,1.2106594923483478,1.0615399438998088,0.9131154140650096,0.5128817608389751,0.34182491894395556,0.20704029643353405,0.44001852709587774,0.01621120889300602,0.6581750810560445,0.999073645206114,0.4849327770050997,0.20889300602130617,2157,0.4685571088151394,0.8239197952280367,0.9619442138765192,-0.3601001021574473,-0.49338710506138,2157.0,0.4685571088151394,0.9509713896820908,1.5735157353992153,-0.48715169661150143,-1.1049586265840758,SOXX,y2025,15:00-15:30,all
3148,29449694.9678,0.48674113043833783,0.47684706037793473,0.40121165921045177,1.1183163913601613,1.1028051518558584,1.0102729518172975,0.9477860115378102,0.5031167949020862,0.318297331639136,0.20362134688691233,0.4822109275730623,0.01048284625158831,0.681702668360864,0.9996823379923762,0.48109310454401016,0.21950444726810672,3147,0.476867237981116,0.08041296018627755,-0.4057868008142383,0.40648283854875966,0.8826540387953543,3147.0,0.476867237981116,0.8687612464521177,1.9031049111191392,-0.3818654477170805,-1.4262376731380235,SOXX,y2025,15:30-16:00,all
7004,78348701.5878,2.5934304405722886,2.3228982483565375,1.6461718274175914,6.323041119360882,5.4268071342731465,3.8888853655138518,3.611140691766118,0.6432588610167017,0.12649914334665904,0.4687321530553969,0.3666476299257567,0.03969160479725871,0.873500856653341,0.999571673329526,0.46121982573918013,0.23529411764705882,5562,2.5593581328603183,1.1110894360975783,-0.9804181614627517,1.689561675646981,3.539776294323069,,,,,,,SOXX,y2025,open 09:30-09:35 (fixed),all
14056,194888055.473,0.47844320402739043,0.525309704749813,0.401614490250443,1.1449445076839984,1.2513409993827074,0.7928566141311926,0.7711518335072214,0.6812013950102263,0.2867103016505407,0.10949060899260102,0.5916334661354582,0.01928002276607854,0.7132896983494593,1.0,0.48612692088787707,0.1766505406943654,9358,0.5021503256291038,0.17401118614045727,0.2379017595603297,0.2850611326692261,0.264248566068774,,,,,,,SOXX,y2025,close 15:55-16:00 (fixed),all
215036,3426214991.6146665,1.1900623262008883,1.290592849820919,0.7136867272104416,6.534089361782465,7.171848562383291,1.9652354528587719,1.9668747099125512,0.6561642403131512,0.1915074685168995,0.42875146487099836,0.3318188582376904,0.04972655741364237,0.8084925314831005,0.9998232854033743,0.49138131517502487,0.3216949720046876,214998,1.2908169659995743,0.09662131808206835,-0.005743215274346771,1.0936513466724138,1.296560181273921,214998.0,1.2908169659995743,-0.05505267399917731,-0.33255286007069307,1.2453253387536596,1.623369826070267,SOXX,y2026,RTH all,all
145860,2143804551.046,1.2362657645242827,1.3843203119470344,0.8697290793909784,6.761513780337756,7.678072059050546,1.8042381750476841,1.7497566479663664,0.7911501942604099,0.09803921568627451,0.4347456465103524,0.42024544083367615,0.04958179075826134,0.9019607843137255,0.9999040175510764,0.4770031402986712,0.0,145846,1.3843859643455803,-0.11506962124037332,-0.321372345449011,1.3514540569705107,1.705758309794591,145846.0,1.3843859643455803,-0.30337142415473406,-0.7734832906270254,1.5397558598848717,2.1578692549726064,SOXX,y2026,RTH all,lit
69176,1282410440.5686665,1.0926407708370298,1.1339087231891545,0.3584357862285711,6.054557071819551,6.325595130821673,2.3047038080907205,2.3298308077341794,0.48669144532941855,0.38858852781311437,0.4161125245749971,0.1453683358390193,0.05003180293743495,0.6114114721868856,0.999653058864346,0.5217058074965294,1.0,69152,1.1343449832156298,0.5430910765333181,0.5220717308702517,0.5499289078978851,0.6122732523453782,69152.0,1.1343449832156298,0.4686674850011028,0.40479882647616233,0.6243524994301004,0.7295461567394679,SOXX,y2026,RTH all,offexchange_TRF
44435,792962407.6032076,2.040036279420037,2.022201471802642,1.2572855205599651,11.372975357264142,11.33974335514743,3.2233512342542596,3.184742914436602,0.6349653727576878,0.14133003263193428,0.4969956115674581,0.2993811184876786,0.06323843816811073,0.8586699673680657,0.9998874760886688,0.48672068422237225,0.26904467199279847,44430,2.0222739603209696,-0.6659549463892847,-0.3626696275641291,2.7062208045036793,2.384943587885098,44430.0,2.0222739603209696,-3.019284477962528,-3.888995696948401,5.0595503360769225,5.91126965726937,SOXX,y2026,09:30-10:00,all
25752,419212838.3925905,1.0672871825879242,1.0436211560614612,0.7272462819527221,5.7021474060278585,5.700915693188127,1.9374125421003174,1.8460138088360811,0.5653376757346514,0.1891891891891892,0.4513435849642746,0.31593662628145386,0.0454721963342653,0.8108108108108109,0.9997281764523144,0.4913187026607108,0.3364010562286424,25745,1.0437601948035307,1.1003188140955449,1.1558591375483507,-0.03274143883827109,-0.11209894274481992,25745.0,1.0437601948035307,2.954221864968317,3.5046507778701987,-1.8866444897110433,-2.460890583066668,SOXX,y2026,10:00-10:30,all
14239,208323623.41791582,1.3739929367973354,1.4353606922209226,0.8866898979411862,7.5350628555386985,7.982049785120624,2.2834110583616316,2.333383299981761,0.6151414095713045,0.1773298686705527,0.48914951892689096,0.279373551513449,0.058009691691832295,0.8226701313294473,0.9998595406980827,0.5194914658987146,0.36498349603202473,14237,1.4361026912120012,0.3999172192967926,-0.7487047386615957,0.9742687347001319,2.184807429873597,14237.0,1.4361026912120012,0.8862731239734863,-1.0665840172025427,0.48791283002343855,2.5026867084145437,SOXX,y2026,10:30-11:00,all
16088,283192393.67318386,0.9814791143421316,0.8476595648787263,0.7216764544029232,5.3647463948294405,4.659469674482498,1.6970728987570216,1.529026153226282,0.5543787220971624,0.1776479363500746,0.44001740427647934,0.3370213823968175,0.04680507210343113,0.8223520636499254,0.9998756837394331,0.47289568568941936,0.346531576330184,16086,0.847665009925435,1.3727205986181064,1.1630659078072685,-0.3911194552926913,-0.31540089788183334,16086.0,0.847665009925435,3.023099465779887,2.249529083308806,-2.041498322454472,-1.4018640733833712,SOXX,y2026,11:00-11:30,all
12274,213224906.9591148,0.9472459170110582,0.8707424171047493,0.7189331032740863,5.221904839499231,4.849752672959165,1.6723387635417237,1.602898468432172,0.5432299264447114,0.19406876323936778,0.4472869480202053,0.3319211341046114,0.02786377708978328,0.8059312367606323,0.9998370539351474,0.4511897001303781,0.4138015316930096,12272,0.8707493343222712,0.19025738360362268,-0.4991016609752872,0.7571429085566577,1.3698509952975582,12272.0,0.8707493343222712,-0.26129783339554014,-1.747196116843742,1.208698125555821,2.6179454511660127,SOXX,y2026,11:30-12:00,all
12375,177980252.97526443,1.189027999699163,1.0925447081940052,0.7577493083315889,6.558117171718386,6.060465089574306,2.0773601879571655,2.0094505201616597,0.5437032149993474,0.19757575757575757,0.46973737373737373,0.287030303030303,0.046464646464646465,0.8024242424242424,0.9998383838383839,0.528974379697729,0.35523232323232323,12373,1.0926242763962015,-1.198457592279224,-1.3343660400285775,2.387677789181662,2.4269903164247792,12373.0,1.0926242763962015,-1.434053524019256,-2.199416773169001,2.6232737209216945,3.2920410495652024,SOXX,y2026,12:00-12:30,all
10912,181212628.82324627,0.7402989545301937,0.7890405640043957,0.5357764740585977,4.102316715543537,4.407850181998874,1.3817288398676748,1.344502228356249,0.5868644524070851,0.23597873900293256,0.39800219941348974,0.33669354838709675,0.02996700879765396,0.7640212609970675,0.999725073313783,0.42515354294619123,0.37078445747800587,10909,0.7890577514626479,0.33809841497258136,0.5797872955382498,0.4024041234663966,0.20927045592439836,10909.0,0.7890577514626479,2.1709358063540973,2.935262787249036,-1.4304332679151197,-2.1462050357863878,SOXX,y2026,12:30-13:00,all
11683,208567538.93604204,0.7285499879229242,0.7816811971742412,0.5313261013942477,4.0098656167095355,4.3542418815490915,1.3303873643974908,1.268915158616468,0.6160232162617784,0.2242574681160661,0.36668663870581186,0.3832919626808183,0.03158435333390396,0.7757425318839339,0.9998288110930412,0.4536426675798305,0.33792690233672856,11681,0.7818549236618783,0.5840702484629301,0.9433754325123029,0.14460448049014987,-0.16152050885042468,11681.0,0.7818549236618783,-0.08875726934023322,0.6168716143962013,0.8174319982933135,0.1649833092656774,SOXX,y2026,13:00-13:30,all
12541,166628027.37917,1.2013068355737373,2.491331004191839,0.5284062387158446,6.609817398934071,13.962042239238668,1.537037278708783,1.5235624219940658,1.6352011366433812,0.2899290327725062,0.335220476835978,0.2872179252053265,0.08882864205406267,0.7100709672274939,0.9997607846264254,0.5177061732333705,0.3935092895303405,12538,2.4913925001357846,-0.4800947968927531,-1.6692900359222944,1.6816890722893647,4.160682536058079,12538.0,2.4913925001357846,1.2179714086266908,0.6914626698935333,-0.016377133230079118,1.799929830242251,SOXX,y2026,13:30-14:00,all
8413,107024414.71094225,0.7372625309596744,0.8713822880128368,0.5356999366083537,4.088268156426161,4.873060225764237,1.3969940768048077,1.4848644353351965,0.5868429920446772,0.24569119220254368,0.38797099726613576,0.3381671223107096,0.02935932485439201,0.7543088077974563,0.9996434090098657,0.48656361474435195,0.38143349578033997,8410,0.8714813707952695,-0.023755721057005734,-0.8964139708781658,0.7612812469739179,1.7678953416734353,8410.0,0.8714813707952695,0.6295987674060031,0.815084309457119,0.10792675851090912,0.05639706133815074,SOXX,y2026,14:00-14:30,all
6956,95897798.55846998,0.7804896428104013,0.8984848523877728,0.5375525233606478,4.318499137437231,5.016796983249594,1.4288731770039396,1.4795193195796463,0.6072815951082313,0.21420356526739506,0.4048303622771708,0.35264519838987923,0.02875215641173088,0.785796434732605,0.9997124784358827,0.5166810468794938,0.3310810810810811,6954,0.9009529157647478,0.12433634845245876,0.1737637044726483,0.6563777665012119,0.7271892112920993,6954.0,0.9009529157647478,-0.0518030211540233,0.1645745551156094,0.8325171361076938,0.7363783606491384,SOXX,y2026,14:30-15:00,all
9901,157784084.8325432,0.7037456770390103,0.7795461951319645,0.5650808135777793,3.883264316737138,4.35700731232277,1.2983577572871141,1.2912662585730088,0.6037067800357835,0.2223007776992223,0.37046762953237045,0.3852136147863852,0.023128976871023128,0.7776992223007777,0.9995960004039995,0.48044862079418005,0.31663468336531664,9897,0.779716066145876,0.9380248300671896,0.5956998555162432,-0.23399472515050732,0.18401621062963266,9897.0,0.779716066145876,1.4258386324587105,0.18909660040842277,-0.7218085275420281,0.590619465737453,SOXX,y2026,15:00-15:30,all
29467,414204075.3529756,0.8763216198545128,1.0576161235332224,0.5793574925402454,4.636599585978575,5.726208601757724,1.3228823926531867,1.338590252046337,0.7900969859271108,0.17748668001493195,0.358502731869549,0.40798181016051854,0.05870974310245359,0.822513319985068,0.9999660637323107,0.5232810697074595,0.22856076288729765,29466,1.057674462055739,-0.2608891601381745,-0.20393396285045826,1.1372405200868467,1.261608424906197,29466.0,1.057674462055739,-1.7310190562198147,-0.20284246801455183,2.6073704161684867,1.2605169300702905,SOXX,y2026,15:30-16:00,all
49168,937641036.6174364,2.447796234941928,2.430231356858067,1.6215485788954642,13.320845265213581,13.25731793862898,3.7204792468019288,3.6784718932219325,0.6606632937269652,0.1266474129515132,0.4902375528799219,0.31689310120403513,0.06734054669703872,0.8733525870484868,0.9998983078424992,0.47954762728067857,0.2638504718516108,41603,2.578635612203201,-1.310606201497313,-1.6752134517636406,3.9192822359733124,4.253849063966841,,,,,,,SOXX,y2026,open 09:30-09:35 (fixed),all
57506,1148354904.6703632,0.5687837803873462,0.5729151220589649,0.3492107836286808,3.124130351616324,3.178190760622175,0.87725270759493,0.7647852543734256,0.7491189438901299,0.22830661148401907,0.23094981393245922,0.5027997078565715,0.04154349111397072,0.7716933885159809,1.0,0.5030953291830418,0.23361040587069176,40209,0.5484976539091778,-0.03554006263379091,-0.3089611626669277,0.5997129325328447,0.8574588165761053,,,,,,,SOXX,y2026,close 15:55-16:00 (fixed),all
219451,3708769456.931815,1.0773134636788921,1.2541844829431223,0.502609380365945,6.048269454230201,7.123580964086951,1.8055725001073695,1.76503594285761,0.7105716390752846,0.22246424030877052,0.42744849647529515,0.30814623765669785,0.04346300540895234,0.7775357596912295,0.9997038063166721,0.5118786066567602,0.38023522335282134,219386,1.25447797805141,0.9073293373241426,1.000104885821521,0.1703033143389181,0.2543730922298889,219386.0,1.25447797805141,1.273330720364151,1.2877269281348243,-0.1956980687010903,-0.033248950083414205,SMH,last12m,RTH all,all
136008,2211941606.7180004,1.0724401325915403,1.2488008259556063,0.6607256419807251,5.984855302629844,7.118465811688425,1.5621377795368097,1.489745974305973,0.838264272898864,0.11321392859243574,0.43614346214928534,0.41180665843185693,0.041262278689488854,0.8867860714075643,0.999816187283101,0.4992535831684843,0.0,135983,1.2489787019654774,0.683039240272961,0.5233613053131723,0.38959805669429814,0.7256173966523052,135983.0,1.2489787019654774,1.1034136761106106,1.1086245815273266,-0.030776379143351493,0.14035412043815118,SMH,last12m,RTH all,lit
83443,1496827850.2138152,1.085256754482537,1.2621401973462736,0.3312355084462042,6.151631413062717,7.1311398950711515,2.202359162563905,2.1718464757218086,0.5811369318481887,0.40053689344822213,0.413276128614743,0.13918483276008772,0.04705008209196697,0.5994631065517778,0.9995206308498017,0.5324628610481638,1.0,83403,1.2626063928183207,1.273019303719965,1.7047739184869373,-0.18724206112373465,-0.4421675256686165,83403.0,1.2626063928183207,1.5503690694490664,1.5524559826874547,-0.4645918268528354,-0.2898495898691343,SMH,last12m,RTH all,offexchange_TRF
29473,588477152.5599585,2.750364758635418,2.370536264755763,1.6908545839976057,15.86807450887369,13.76189177154193,4.158428522916337,3.913304494398126,0.6057633051936472,0.17711125436840497,0.466494757914023,0.2858887795609541,0.07070878431106437,0.822888745631595,0.9995928476911071,0.4955025287668443,0.40433617208970923,29461,2.3713655462764636,3.7978435053063446,3.575201887181665,-1.046358473187362,-1.2038363409052015,29461.0,2.3713655462764636,7.437901218706484,5.25412329812328,-4.6864161865875005,-2.8827577518468157,SMH,last12m,09:30-10:00,all
24600,426767396.1449635,1.0032951253855182,1.4774396567150392,0.5444063262338737,5.23089024390349,8.0947710941181,1.9441736625850343,1.8006270717701165,0.8205139642061662,0.2160569105691057,0.4579268292682927,0.286260162601626,0.040365853658536587,0.7839430894308943,0.9998780487804878,0.5581168435175021,0.4054878048780488,24597,1.4775383164177531,-0.40836790021129865,0.5161716255420555,1.4117853935836406,0.9613666908756971,24597.0,1.4775383164177531,-3.047856441593415,-0.507113995313075,4.051273934965757,1.9846523117308288,SMH,last12m,10:00-10:30,all
20391,340463056.66871065,1.2586502837728397,2.0657759632675865,0.7484002943729379,7.0548055514698715,11.761456335452937,2.000749077676423,1.9724292605173575,1.0473257543977748,0.19145701534990928,0.49933794321023983,0.2646755921730175,0.045068902947378746,0.8085429846500908,0.999950958756314,0.5297694948504169,0.3911039183953705,20390,2.0657796063509957,0.1442533910567146,0.5844886678175523,1.1144586215184895,1.4812909385334434,20390.0,2.0657796063509957,-0.18680179632491942,-0.27119378022377855,1.4455138089001232,2.3369733865747744,SMH,last12m,10:30-11:00,all
17460,288915151.00488734,0.7054813622312649,0.6387698040167669,0.5065813358506825,3.835152348225459,3.565064204305454,1.3568953356772526,1.133011766166618,0.5637803799495856,0.19495990836197022,0.4461626575028637,0.3315578465063001,0.033104238258877434,0.8050400916380298,1.0,0.49100801832760593,0.36792668957617414,17460,0.6387698040165647,0.6597894320834553,1.3258528821680762,0.045691930147628505,-0.6870830781515113,17460.0,0.6387698040165647,0.39528075075245517,1.3887129062971564,0.3102006114786286,-0.7499431022805918,SMH,last12m,11:00-11:30,all
10371,130462151.44804066,0.7421074081812734,0.6426210423065372,0.5063761193055911,3.9836274226219968,3.466753372040299,1.486792384218023,1.3742078314304378,0.4676301703488484,0.22032590878410954,0.4911773213769164,0.2647767814097001,0.024780638318387813,0.7796740912158905,0.9996143091312313,0.5322658435420083,0.4210780059782085,10367,0.6428408276656169,0.25256773844884156,0.8133642056930204,0.4898260042198035,-0.17052337802740364,10367.0,0.6428408276656169,0.9882167737525963,2.131487958936807,-0.24582303108395126,-1.4886471312711904,SMH,last12m,11:30-12:00,all
18232,354356140.4680529,0.90828133273464,0.8561513647595805,0.5274514705453465,5.166590609917822,4.979102918939894,1.6427680412107408,1.6407319553356534,0.5218106235911234,0.21056384379113646,0.4571632294866169,0.2790149188240456,0.05380649407634928,0.7894361562088635,0.9998354541465555,0.4919633550935323,0.32574594120228173,18229,0.8561875558337803,2.3168321152381965,0.5169520792835642,-1.4084013039805956,0.33923547655021613,18229.0,0.8561875558337803,3.587668098627524,0.8717422231785892,-2.6792372873699217,-0.015554667344808587,SMH,last12m,12:00-12:30,all
11082,162401247.4797585,0.6361647635529613,0.6700592595864436,0.3376040242396619,3.576691932865365,3.829954358487862,1.3302955527909612,1.2834899141227039,0.5220604012649723,0.2494134632737773,0.4168922577152139,0.31023280996210073,0.024363833243096916,0.7505865367262227,0.9991878722252301,0.48794364670820917,0.42176502436383323,11073,0.6704185676064515,0.8155788443494052,1.0618426310034568,-0.17889701379837808,-0.39142406339700525,11073.0,0.6704185676064515,0.8126394701407523,0.5817324354266429,-0.17595763958972505,0.08868613217980863,SMH,last12m,12:30-13:00,all
11269,199302471.22902685,0.6591709707387271,0.7041025471787745,0.4968656061341821,3.732450084303489,4.035666250101654,1.3387315932520378,1.2484064084704312,0.5640010676022186,0.23844174283432426,0.41893690655781346,0.3217676812494454,0.02147484248824208,0.7615582571656757,0.999023870795989,0.4782376976372357,0.3984381932735824,11258,0.7046155592264755,0.5221984234697136,0.5612685956334773,0.13761661199413017,0.14334696359299814,11258.0,0.7046155592264755,-0.10455320565904822,-0.3204802944536206,0.7643682411228919,1.0250958536800958,SMH,last12m,13:00-13:30,all
14934,220830126.59768626,1.408496613250414,2.1273123825084266,0.3369045212583689,8.134691308426325,12.387317520105077,1.591538288466968,1.3402175934946248,1.5872888050674276,0.31197267979108073,0.3822150796839427,0.23650729878130441,0.06970670952189634,0.6880273202089192,0.9997321548145172,0.5214333556597455,0.4606937190304004,14930,2.127462114695409,0.29671876641876505,-0.5098286524975499,1.112155206941986,2.6372907671929586,14930.0,2.127462114695409,0.746253096354965,0.39880930242508505,0.6626208770057855,1.7286528122703246,SMH,last12m,13:30-14:00,all
8924,136052916.25932416,0.5260682741279763,0.4966003778639831,0.3358183894185168,2.898112953833489,2.7908152970177684,1.1850418728446233,1.091794623469738,0.4548477957198401,0.26311071268489467,0.4332138054683998,0.29336620349619,0.012326311071268489,0.7368892873151053,0.9991035410129987,0.5196276357110812,0.3896234872254594,8916,0.4974559204154808,0.05998971753742143,0.08853238439052251,0.4665505783705907,0.40892353602495823,8916.0,0.4974559204154808,-0.2609049572065911,0.07002269713121415,0.7874452531146032,0.4274332232842666,SMH,last12m,14:00-14:30,all
8698,141744850.78848302,0.5946986713663484,0.7925201813886744,0.33602715099349467,3.2454104391826695,3.9411263211435483,1.13780687659826,1.098628913477287,0.7213720407924243,0.24522878822717867,0.3973327201655553,0.31156587721315243,0.048401931478500804,0.7547712117728214,0.9995401241664751,0.5034506556245687,0.36146240515060934,8694,0.7926727661396592,0.17114184793430468,0.05946914596194698,0.42383043680718224,0.733203620177712,8694.0,0.7926727661396592,0.6917358891812179,1.2433817466765174,-0.09676360443973107,-0.4507089805368585,SMH,last12m,14:30-15:00,all
12601,206998021.85262543,0.4856624374963352,0.6238368847169486,0.3350644999159291,2.7165812237131326,3.587459108458632,0.935712288828404,0.880323951757192,0.7086446795770169,0.21752241885564638,0.37084358384255217,0.3871121339576224,0.027299420680898343,0.7824775811443536,0.9997619236568527,0.4775361168439435,0.31775255932068885,12598,0.62386213731521,1.2179871186448799,1.595838318987582,-0.7322090288775168,-0.9719761816723721,12598.0,0.62386213731521,1.9568277978979747,1.0976745679479705,-1.4710497081306118,-0.4738124306327604,SMH,last12m,15:00-15:30,all
31416,511998774.4302976,0.5390919879816387,0.6306765515472292,0.33353901572606126,2.9636809269174944,3.4626013032197203,0.9590054157071884,0.9287124799882868,0.6790869780873231,0.23940030557677616,0.32929080723198373,0.392602495543672,0.04131652661064426,0.7605996944232238,0.9999045072574484,0.5257059179320663,0.323943213649096,31413,0.6307453939250954,0.037938317993626645,-0.017205106785296912,0.5012051542765967,0.6479505007103923,31413.0,0.6307453939250954,0.291318777282629,0.9238656098209814,0.2478246949875943,-0.29312021589588616,SMH,last12m,15:30-16:00,all
36124,720550429.0228617,3.2781658032534176,2.772308400468628,2.0467379577383262,18.065791717418755,15.593908544180488,4.83699437294043,4.4850519279342915,0.6181218066176298,0.16543018491861367,0.4796534160115159,0.2806167644779094,0.07465950614549884,0.8345698150813864,0.9995293987376813,0.49386545545185145,0.4101428413243273,30526,2.905899478196881,4.290722341226096,4.047024557583082,-0.7443003993295249,-1.1411250793862018,,,,,,,SMH,last12m,open 09:30-09:35 (fixed),all
72512,1586894180.7410235,0.35149885005073406,0.36430876961557823,0.16768676114184417,1.9470335944402424,2.032876890135671,0.5941701491334482,0.5697289603611029,0.6394422523030492,0.2728651809355693,0.18642431597528686,0.5098604368932039,0.03461496028243601,0.7271348190644307,1.0,0.49120145631067963,0.29555108120035306,51272,0.35058174101149164,-0.09911389440640511,0.3959176312198837,0.4478164706066366,-0.04533589020839215,,,,,,,SMH,last12m,close 15:55-16:00 (fixed),all
138497,2453300157.669198,0.9431707107810315,1.1440483659491942,0.498309898925689,5.6237086723912615,6.828576669827396,1.4567914158902047,1.4318753568766236,0.7989860014385108,0.22291457576698412,0.4099150162097374,0.3226495880777201,0.04643421879174278,0.7770854242330159,0.999754507317848,0.5122812592533745,0.3823692931976866,138463,1.1442114357578177,0.7451591754389624,0.675287994363531,0.19824313370508898,0.4689234413942863,138463.0,1.1442114357578177,0.9132427859222096,0.7252127709660167,0.03015952322184188,0.4189986647918012,SMH,last5,RTH all,all
85540,1447747000.859,0.9405226707920589,1.189523044022203,0.5026430647818565,5.614545241992715,7.105936989035553,1.262124498717006,1.203408700380245,0.9884613960712979,0.12388356324526538,0.40685059621229835,0.4299275192892214,0.042401215805471126,0.8761164367547346,0.9998246434416648,0.5019234142063724,0.0,85525,1.1896588776189743,0.6038679396937469,0.31916849634282396,0.3368196868428814,0.8704903812761504,85525.0,1.1896588776189743,0.9794221545626908,1.025876154658614,-0.038734528026062254,0.1637827229603605,SMH,last5,RTH all,lit
52957,1005553156.810198,0.9474480176650455,1.0785761148311426,0.3333222225922771,5.638510111979826,6.429246641801145,1.7712315861225714,1.7608106443836058,0.6125452036943541,0.382876673527579,0.41486489038276336,0.14936646713371227,0.0529486186906358,0.6171233264724211,0.9996412183469607,0.5290150742377876,1.0,52938,1.0787738732132761,0.9734249379745618,1.1880471502309562,-0.025636871340619292,-0.10927327701768029,52938.0,1.0787738732132761,0.8063254391585022,0.29230217865271446,0.14146262747544058,0.7864716945605612,SMH,last5,RTH all,offexchange_TRF
18135,364630114.42550087,2.319112679091518,1.8856958128996875,1.3792152265348467,13.73720209539692,11.147982721785624,3.371195563412294,3.149183111252507,0.5987888751726793,0.1881996140060656,0.41918941273779986,0.31248966087675767,0.08045216432313207,0.8118003859939343,0.9996691480562448,0.4703513707319764,0.41929969671905154,18129,1.8861083477746343,2.49349936408581,2.374249408313055,-0.17361914811573606,-0.488141060538421,18129.0,1.8861083477746343,4.253128260749047,2.0588649521818105,-1.933248044778974,-0.17275660440717663,SMH,last5,09:30-10:00,all
16875,311105601.251585,0.6283281391737213,1.2990204291887557,0.49921373836540933,3.732045037038361,7.760528947924689,1.2249199398706134,1.1958324013273958,1.086289707275718,0.23205925925925927,0.4023703703703704,0.3229037037037037,0.043555555555555556,0.7679407407407407,0.9998814814814815,0.5421086943637764,0.3911703703703704,16873,1.299131952397033,0.5205508709933229,2.160684591759955,0.10785174552733237,-0.8615526393629224,16873.0,1.299131952397033,-0.4655418825781978,3.1829232164417665,1.093944499098853,-1.8837912640447325,SMH,last5,10:00-10:30,all
12749,229391456.70494375,1.2258365641072722,2.208898055287082,0.6727324711139377,7.321810338067125,13.213744090288667,1.6254007605862177,1.5649819969028793,1.411452693806396,0.19091693466154208,0.4669385834183073,0.2883363401051063,0.054121891913091226,0.8090830653384579,0.9999215624754882,0.5521650454973329,0.39540356106361285,12748,2.2089038369757112,-1.1759553516338823,-1.724482990337774,2.401888074868973,3.933386827313485,12748.0,2.2089038369757112,-0.3976728898887534,-2.3154784299153395,1.623605613123843,4.52438226689105,SMH,last5,10:30-11:00,all
10183,164099692.1817626,0.5600601856171169,0.4855793060376006,0.3391382497071848,3.3360817048032123,2.8849622717936882,1.0662436256058523,0.8318190869615391,0.5837559075631699,0.20219974467249338,0.4130413434154964,0.36423450849454975,0.030442895021113622,0.7978002553275066,1.0,0.49543356574683295,0.37670627516448985,10183,0.48557930603740906,0.8690668283377739,1.9129992081804337,-0.3090066427208362,-1.4274199021430245,10183.0,0.48557930603740906,0.5757201697390764,2.4623169362707573,-0.015659984122138447,-1.9767376302333484,SMH,last5,11:00-11:30,all
6767,86360725.11487803,0.5539554830510665,0.4522681282800166,0.3383350532028794,3.300520171421649,2.690712459561359,1.1638891021176583,1.0471574530645358,0.43190078718003794,0.24250036943992906,0.4592877198167578,0.27722772277227725,0.022461947687306045,0.757499630560071,0.999704448056746,0.5312638580931264,0.43771242795921383,6765,0.45228982837268195,-0.25436337620164967,0.46240318270355474,0.8084826302748144,-0.010113354330872704,6765.0,0.45228982837268195,0.6912862294037266,1.218542679409133,-0.13716697533056182,-0.7662528510364508,SMH,last5,11:30-12:00,all
13483,290147737.7353684,0.8275674983513597,0.8020784554305318,0.5044008978331394,4.93879552028609,4.786047163916305,1.4719934854406216,1.5344174247798084,0.5227250697740424,0.22183490321145147,0.42668545575910405,0.29422235407550246,0.05799896165541794,0.7781650967885485,0.9999258325298525,0.49495623794689214,0.32203515538085,13482,0.8020800895274751,3.3578910162601505,0.6530931209816911,-2.5302621347686043,0.1489869685457836,13482.0,0.8020800895274751,4.447770674560391,0.8523407475011552,-3.620141793068845,-0.0502606579736803,SMH,last5,12:00-12:30,all
8479,129845430.60078114,0.5622520904989944,0.6035655892229979,0.3373477718176603,3.3577686047897046,3.6051098499019267,1.1239231255360633,1.1239933786152112,0.5369832249070775,0.24542988559971696,0.3943861304399104,0.336478358296969,0.0246491331524944,0.7545701144002831,0.9996461846915909,0.48336479471448796,0.4232810472933129,8476,0.6035977582228619,0.9168190065511393,1.247146802564803,-0.3543679122449804,-0.6435490443419412,8476.0,0.6035977582228619,1.321941350226021,1.0600291948336606,-0.7594902559198625,-0.45643143661079877,SMH,last5,12:30-13:00,all
8103,157017945.75492716,0.6034953499283264,0.6480638263566547,0.33708054539218374,3.605807725535296,3.8735772645468622,1.1881275056452494,1.1340625234728305,0.5714533484204152,0.23337035665802788,0.40194989510058005,0.34715537455263484,0.0182648401826484,0.7666296433419721,0.9992595335061089,0.472273681610473,0.39997531778353695,8097,0.6484231510794888,0.6314620153376597,0.6512426977569069,-0.02751946618769697,-0.002819546677418129,8097.0,0.6484231510794888,-0.12504199835794086,-0.523990071872632,0.7289845475079036,1.172413222952121,SMH,last5,13:00-13:30,all
8502,161312784.3535387,1.9864747011598143,2.5285028827968783,0.4962738108034295,11.97324864737849,15.242655053297199,1.3097080639176382,1.198178640837848,2.1102887304256877,0.2121853681486709,0.4076687838155728,0.27605269348388617,0.10479887085391673,0.787814631851329,0.9996471418489767,0.5571243675726556,0.34133145142319454,8499,2.528737069341098,0.48398679873615963,-0.5898218492142353,1.5031890936345587,3.1185589185553333,8499.0,2.528737069341098,0.8411541039344107,-0.48319205659574965,1.146021788436307,3.011929125936847,SMH,last5,13:30-14:00,all
5748,94966365.01857597,0.4603915535936275,0.43901067885233913,0.33356961201683755,2.754380654141464,2.6273257393888287,0.9942720484300756,0.9421507936383897,0.46596646929200314,0.255741127348643,0.4104036186499652,0.32498260264439804,0.012004175365344467,0.744258872651357,0.9991301322199025,0.5101863137732893,0.3738691718858734,5743,0.43934582594349386,-0.09353512115986477,-0.6094880225527971,0.5543275031997242,1.048833848496291,5743.0,0.43934582594349386,-0.5800800544601326,-0.7606554381200067,1.0408724364999917,1.2000012640635007,SMH,last5,14:00-14:30,all
5580,92542919.12045056,0.5331093216887687,0.5302818647987666,0.33064956106240695,3.194043010754097,3.1779249117818456,1.0519946990130928,0.9649175678895215,0.5495618304044406,0.25555555555555554,0.40376344086021504,0.30232974910394267,0.04103942652329749,0.7444444444444445,0.999820788530466,0.5251837246818426,0.39408602150537636,5579,0.5302821491503642,-0.48835858850009595,-0.21947213788964207,1.0215634666184206,0.7497542870400061,5579.0,0.5302821491503642,0.524252075803916,1.4501207800604214,0.008952802314408695,-0.9198386309100572,SMH,last5,14:30-15:00,all
6991,107085854.90353106,0.4089591663369728,0.5874200731055097,0.33337222675948536,2.4553854956381675,3.5266624594924676,0.8729282965342092,0.7967882147284072,0.7372348915900285,0.25303962237162064,0.3877842940924045,0.3350021456157917,0.026748676870261764,0.7469603776283793,0.9998569589472178,0.4971387696709585,0.38163352882277213,6990,0.5874233476140117,0.1065944178337876,0.4585369145634741,0.30242325482149773,0.12888643305053785,6990.0,0.5874233476140117,0.3404700882341226,0.1845206238090113,0.06854758442116277,0.40290272380500053,SMH,last5,15:00-15:30,all
16902,264793530.5033547,0.39649717105232507,0.43482040104450237,0.3334681100332937,2.379446219383192,2.61078477309286,0.7496887438901711,0.6796930722677047,0.6397305177670599,0.23535676251331203,0.3532126375576855,0.38054668086616966,0.03372381966631168,0.7646432374866879,0.9998225062122825,0.5276051837386828,0.34451544195953143,16899,0.4349121846051933,-0.15980572195378864,-0.6381468663846328,0.5563732812841422,1.0730590509898263,16899.0,0.4349121846051933,-1.6301867151768346,-0.9310317798698726,2.026754274507188,1.3659439644750657,SMH,last5,15:30-16:00,all
21802,461742581.7964009,2.860999617381004,2.3513608349755026,1.6966982252501843,16.932217227778306,13.898435987629044,4.011407675098214,3.766919178950276,0.6242132425126132,0.17324098706540683,0.43830841207228693,0.30249518392808,0.0864140904504174,0.8267590129345932,0.9996330611870471,0.47361659172249243,0.4457847903862031,18462,2.480883977929162,2.734983293745315,3.3416210293820936,0.39537568398001466,-0.8607370514529307,,,,,,,SMH,last5,open 09:30-09:35 (fixed),all
47998,1053796420.1924328,0.2730100550329359,0.29211253717055874,0.16675143197777043,1.641092128839368,1.7566970138542348,0.4586596899404534,0.44919707268733416,0.6502992894031727,0.27903245968582024,0.16446518604941873,0.5282303429309555,0.032188841201716736,0.7209675403141798,1.0,0.49279136630692943,0.30986707779490813,34073,0.26948291599683766,-0.30104260252740106,-0.16672725964577267,0.5581187516376827,0.43621017564261033,,,,,,,SMH,last5,close 15:55-16:00 (fixed),all
247714,4090865962.283115,1.0947682698090193,1.2706105131034722,0.5014667903613522,5.662967292927689,6.74484556234808,1.8509527119851577,1.813697915891527,0.7005634741984588,0.23041895088690992,0.4130771777130077,0.31839944452069724,0.04044583673106889,0.7695810491130901,0.999664936176397,0.5114908876513845,0.3718118475338495,247631,1.2709543792521154,0.804446625963798,0.9185851123722916,0.2906885840358426,0.3523692668798242,247631.0,1.2709543792521154,1.229140985295967,1.1696583009712755,-0.13400577529632604,0.10129607828084002,SMH,normal18m,RTH all,all
155611,2486976016.151,1.1036967761004663,1.2656289997818861,0.5129301132716002,5.591179286811911,6.6648186103185845,1.6298530069046084,1.54973492928217,0.8166745008245504,0.12785085887244474,0.41853724993734376,0.4193212562093939,0.03792790998065689,0.8721491411275553,0.9997493750441807,0.4980266371840691,0.0,155572,1.265904433761001,0.5171236566367511,0.42062052564647195,0.5868498027631137,0.8452839081145288,155572.0,1.265904433761001,1.0333785966246125,0.9908591745266349,0.07059486277525243,0.2750452592343667,SMH,normal18m,RTH all,lit
92103,1603889946.1321151,1.0796832694016671,1.2783347987907772,0.3307097030223859,5.784255453136181,6.868934569092578,2.2245078210184066,2.2229963334245864,0.5750503406460719,0.40371106261468137,0.4038522089399911,0.14788877669565595,0.04469995548462048,0.5962889373853186,0.9995222739758748,0.5342443433015783,1.0,92059,1.2787858336594264,1.2899983806444635,1.690828488911753,-0.20979907192217376,-0.4120426552523269,92059.0,1.2787858336594264,1.559963026925573,1.446939948720136,-0.4797637182032837,-0.16815411506071012,SMH,normal18m,RTH all,offexchange_TRF
34057,653014232.7434585,2.7679127474054246,2.431502860414575,1.6862553327809564,14.564523592801363,13.031438104818571,4.258735702126805,4.002659170776767,0.6074718722410509,0.17394368264967555,0.47532078574155096,0.28502216871715064,0.06594826320580204,0.8260563173503245,0.9995889244501864,0.49587286666862496,0.39310567577884137,34043,2.4322748419615383,3.1097813965918544,3.147185746289572,-0.3407303600092452,-0.7149109043280344,34043.0,2.4322748419615383,6.446948253789919,4.542582227331638,-3.6778972172073106,-2.1103073853701004,SMH,normal18m,09:30-10:00,all
28952,492763485.3371635,0.9982427477299533,1.5209687815899209,0.5128336624011336,4.772385327439614,7.525377813770205,1.9287507787630274,1.9018793552965472,0.7997188556435887,0.23970710140922907,0.43589389334070183,0.28934097817076543,0.03602514506769826,0.760292898590771,0.9998963802155292,0.5567722546547377,0.41444459795523625,28949,1.5210567444174707,0.058989576601901156,0.8705771077479248,0.9393566195455006,0.6504796366695463,28949.0,1.5210567444174707,-2.1160005515073776,-0.51364044810811,3.1143467476547797,2.034697192525581,SMH,normal18m,10:00-10:30,all
22337,364394891.65551066,1.2569384079326456,2.002715076564918,0.7098163224129297,6.675754129920008,11.146533663725412,2.011022134834498,1.9667618132655844,1.0182804359210318,0.1987285669516945,0.4850248466669651,0.2751040873886377,0.042261718225365986,0.8012714330483055,0.9999552312306935,0.5261461318051576,0.3777141066392085,22336,2.0027183764796854,0.26146108978770305,0.588079242057965,0.9955335922497103,1.4146391344217202,22336.0,2.0027183764796854,-0.08451426289252338,-0.299116560290691,1.341508944929937,2.3018349367703754,SMH,normal18m,10:30-11:00,all
19297,312430254.95098734,0.7075041499818747,0.640557718966032,0.5009894541743818,3.631131263927942,3.416234351091413,1.35759016527907,1.1298799272233286,0.5669254790110289,0.20920350313520236,0.4257138415297715,0.3399492149038711,0.030937451417318754,0.7907964968647976,0.9999481784733378,0.4934183250414594,0.3610405762553765,19296,0.640569809472767,0.5882490496126208,1.2724927977588583,0.11929176621431395,-0.6319229882860913,19296.0,0.640569809472767,0.34649026772974134,1.3888249572541724,0.36105054809719334,-0.7482551477814056,SMH,normal18m,11:00-11:30,all
12604,160587020.23574066,0.8498510316705182,0.8047722855728248,0.501441644730989,3.7852999047932463,3.4115658599324656,1.6013840659375287,1.5096878526032618,0.5330719752332238,0.23111710568073626,0.4526340844176452,0.29347826086956524,0.026182164392256426,0.7688828943192637,0.999682640431609,0.5316666666666666,0.3828943192637258,12600,0.804995881074403,-0.7473319324030725,-0.641950677689549,1.5974527580517057,1.4469465587639525,12600.0,0.804995881074403,0.35748753243829107,1.3210900747214378,0.49263329321034194,-0.5160941936470346,SMH,normal18m,11:30-12:00,all
20038,379970495.74755293,0.9068974599256745,0.8689226771157595,0.5073094841503448,4.873888611639006,4.792732226321832,1.6410050692382667,1.6461313401994597,0.5278574411993597,0.22003193931530093,0.43482383471404334,0.2964367701367402,0.04985527497754267,0.779968060684699,0.9997504740992115,0.48854390256077473,0.31814552350533987,20033,0.8690202996529783,2.1239669633687748,0.5350613664378622,-1.2168431525572476,0.3339589332151163,20033.0,0.8690202996529783,3.3453936858860556,0.8610224731094477,-2.4382698750745275,0.007997826543530684,SMH,normal18m,12:00-12:30,all
12243,175273699.8559585,0.6315503719113996,0.6583990004566626,0.3382892711554576,3.3648991260324608,3.6372055598266457,1.331141854692891,1.2812808982543686,0.5138599985012441,0.26137384627950666,0.3935309973045822,0.3250837213101364,0.022461814914645103,0.7386261537204933,0.9989381687494895,0.4868356500408831,0.41207220452503474,12230,0.65899954457934,0.7395211559911479,0.9706798259647038,-0.10729947133796486,-0.31168028138536397,12230.0,0.65899954457934,0.9041765046598141,0.6491846425640417,-0.2719548200066312,0.009814902015297961,SMH,normal18m,12:30-13:00,all
12943,222693047.02452683,0.7117743588488086,0.7527887741488705,0.4918234353890446,3.5398083906371705,3.8688530402409462,1.4222769619317477,1.3300864671664618,0.5659698017622625,0.2518735996291432,0.398748358185892,0.33098972417522987,0.02055164954029205,0.7481264003708569,0.9988410723943444,0.48831992574257427,0.38491848875840223,12928,0.7536343955498758,0.457228794497504,0.4185524237292765,0.25537141640728755,0.33508197182059934,12928.0,0.7536343955498758,0.061676927568854976,-0.06883407897315129,0.6509232833359367,0.8224684745230273,SMH,normal18m,13:00-13:30,all
16142,235275040.88228625,1.3490776570938545,2.0376499893122473,0.3387132284448289,7.630646760007397,11.720239636547912,1.571898544235612,1.3304125353276777,1.5315925964350439,0.3151406269359435,0.3668690372940156,0.2543055383471689,0.06548135299219428,0.6848593730640565,0.9996282988477264,0.5213187902825979,0.4519886011646636,16136,2.0378802239602782,0.29807125730985945,-0.4894020098188668,1.0515080399635115,2.527282233779145,16136.0,2.0378802239602782,0.8385775317028509,0.37257666680785884,0.5110017655705199,1.6653035571524197,SMH,normal18m,13:30-14:00,all
10759,156937836.77612415,0.5840638771225009,0.5532546004268106,0.33883947479850585,2.7189943303291293,2.680735766263548,1.2645712549330286,1.159747582936437,0.4770474270151018,0.26312854354493914,0.404405613904638,0.323078353006785,0.013291198066734827,0.7368714564550609,0.9992564364717911,0.5199516324062878,0.36155776559159775,10751,0.554080714914309,0.2909255331166613,0.26740722133679207,0.2935729557642255,0.28667349357751665,10751.0,0.554080714914309,-0.13353060355750157,-0.05557500275084024,0.7180290924383882,0.6096557176651491,SMH,normal18m,14:00-14:30,all
10193,163483984.817083,0.6505214207451843,0.7984548435997547,0.3390922500463168,3.07718434219676,3.6612638286700387,1.2338089529784253,1.1396759322129375,0.700598144640446,0.24840576866476993,0.37869125870695575,0.3355243794761111,0.04248013342489944,0.7515942313352301,0.9996075738251742,0.5012268132299539,0.35073089375061317,10189,0.798588125789855,0.1785715150506031,0.053119455632722294,0.47220528754567437,0.7454686701571328,10189.0,0.798588125789855,0.4876986293791381,0.9731253000354119,0.16307817321713947,-0.17453717424555698,SMH,normal18m,14:30-15:00,all
14135,224568279.06742543,0.5068249129340862,0.6339479004510948,0.3352161305998996,2.581325787054106,3.4332858977381187,0.9802884169878939,0.919274883441045,0.689617340656682,0.22667138309161655,0.35790590732224975,0.39384506544039616,0.024690484612663603,0.7733286169083834,0.9997170145030068,0.4795838935673342,0.31467987265652636,14131,0.6339738452043726,1.055825211792271,1.4119078807148113,-0.5488568341600419,-0.7779340355104389,14131.0,0.6339738452043726,1.6989770775040047,0.9760812783989067,-1.1920086998717756,-0.3421074331945337,SMH,normal18m,15:00-15:30,all
34014,549473693.1892977,0.5470855442114803,0.6353879076677365,0.333616907704579,2.844431704593427,3.329479248958064,0.9797325290455056,0.9508462169332862,0.6682341438103623,0.24407596871876286,0.31983888986887754,0.4001881578173693,0.0393073440348092,0.7559240312812371,0.9998530017051802,0.5219206680584552,0.3197212912330217,34009,0.6354695857139769,0.049278181154793876,0.08309480805683792,0.4978877955220341,0.5523747776571394,34009.0,0.6354695857139769,0.4971251057706962,1.1860064440978768,0.050040870906131685,-0.5505368583838998,SMH,normal18m,15:30-16:00,all
41521,791065764.9080617,3.262496913453232,2.809189452558285,2.049250315924227,16.671182293298244,14.84169049811708,4.897725114352056,4.560359644740736,0.6160017348188757,0.1659160424845259,0.4869102381927218,0.27807615423520626,0.06941065966619302,0.8340839575154742,0.9995183160328508,0.493168839305077,0.401989354784326,35169,2.9307474308418504,3.428030694318856,3.4895788312884912,0.07579143109016792,-0.55883140044664,,,,,,,SMH,normal18m,open 09:30-09:35 (fixed),all
80213,1715179905.4142237,0.3666243631063891,0.37913644995459395,0.25056062940807317,1.8733988256274798,1.9780872526772042,0.6292223147954629,0.5999479686746703,0.631948885154382,0.2791318115517435,0.18397267275877974,0.5071372470796505,0.03356064478326456,0.7208681884482565,0.999975066385748,0.49154106045305507,0.2909877451285951,56761,0.3655236880784939,-0.06741824703945136,0.4378138414505233,0.4301384879083551,-0.0722901533720294,,,,,,,SMH,normal18m,close 15:55-16:00 (fixed),all
138497,2453300157.669198,0.9431707107810315,1.1440483659491942,0.498309898925689,5.6237086723912615,6.828576669827396,1.4567914158902047,1.4318753568766236,0.7989860014385108,0.22291457576698412,0.4099150162097374,0.3226495880777201,0.04643421879174278,0.7770854242330159,0.999754507317848,0.5122812592533745,0.3823692931976866,138463,1.1442114357578177,0.7451591754389624,0.675287994363531,0.19824313370508898,0.4689234413942863,138463.0,1.1442114357578177,0.9132427859222096,0.7252127709660167,0.03015952322184188,0.4189986647918012,SMH,since_2026-07-15,RTH all,all
85540,1447747000.859,0.9405226707920589,1.189523044022203,0.5026430647818565,5.614545241992715,7.105936989035553,1.262124498717006,1.203408700380245,0.9884613960712979,0.12388356324526538,0.40685059621229835,0.4299275192892214,0.042401215805471126,0.8761164367547346,0.9998246434416648,0.5019234142063724,0.0,85525,1.1896588776189743,0.6038679396937469,0.31916849634282396,0.3368196868428814,0.8704903812761504,85525.0,1.1896588776189743,0.9794221545626908,1.025876154658614,-0.038734528026062254,0.1637827229603605,SMH,since_2026-07-15,RTH all,lit
52957,1005553156.810198,0.9474480176650455,1.0785761148311426,0.3333222225922771,5.638510111979826,6.429246641801145,1.7712315861225714,1.7608106443836058,0.6125452036943541,0.382876673527579,0.41486489038276336,0.14936646713371227,0.0529486186906358,0.6171233264724211,0.9996412183469607,0.5290150742377876,1.0,52938,1.0787738732132761,0.9734249379745618,1.1880471502309562,-0.025636871340619292,-0.10927327701768029,52938.0,1.0787738732132761,0.8063254391585022,0.29230217865271446,0.14146262747544058,0.7864716945605612,SMH,since_2026-07-15,RTH all,offexchange_TRF
18135,364630114.42550087,2.319112679091518,1.8856958128996875,1.3792152265348467,13.73720209539692,11.147982721785624,3.371195563412294,3.149183111252507,0.5987888751726793,0.1881996140060656,0.41918941273779986,0.31248966087675767,0.08045216432313207,0.8118003859939343,0.9996691480562448,0.4703513707319764,0.41929969671905154,18129,1.8861083477746343,2.49349936408581,2.374249408313055,-0.17361914811573606,-0.488141060538421,18129.0,1.8861083477746343,4.253128260749047,2.0588649521818105,-1.933248044778974,-0.17275660440717663,SMH,since_2026-07-15,09:30-10:00,all
16875,311105601.251585,0.6283281391737213,1.2990204291887557,0.49921373836540933,3.732045037038361,7.760528947924689,1.2249199398706134,1.1958324013273958,1.086289707275718,0.23205925925925927,0.4023703703703704,0.3229037037037037,0.043555555555555556,0.7679407407407407,0.9998814814814815,0.5421086943637764,0.3911703703703704,16873,1.299131952397033,0.5205508709933229,2.160684591759955,0.10785174552733237,-0.8615526393629224,16873.0,1.299131952397033,-0.4655418825781978,3.1829232164417665,1.093944499098853,-1.8837912640447325,SMH,since_2026-07-15,10:00-10:30,all
12749,229391456.70494375,1.2258365641072722,2.208898055287082,0.6727324711139377,7.321810338067125,13.213744090288667,1.6254007605862177,1.5649819969028793,1.411452693806396,0.19091693466154208,0.4669385834183073,0.2883363401051063,0.054121891913091226,0.8090830653384579,0.9999215624754882,0.5521650454973329,0.39540356106361285,12748,2.2089038369757112,-1.1759553516338823,-1.724482990337774,2.401888074868973,3.933386827313485,12748.0,2.2089038369757112,-0.3976728898887534,-2.3154784299153395,1.623605613123843,4.52438226689105,SMH,since_2026-07-15,10:30-11:00,all
10183,164099692.1817626,0.5600601856171169,0.4855793060376006,0.3391382497071848,3.3360817048032123,2.8849622717936882,1.0662436256058523,0.8318190869615391,0.5837559075631699,0.20219974467249338,0.4130413434154964,0.36423450849454975,0.030442895021113622,0.7978002553275066,1.0,0.49543356574683295,0.37670627516448985,10183,0.48557930603740906,0.8690668283377739,1.9129992081804337,-0.3090066427208362,-1.4274199021430245,10183.0,0.48557930603740906,0.5757201697390764,2.4623169362707573,-0.015659984122138447,-1.9767376302333484,SMH,since_2026-07-15,11:00-11:30,all
6767,86360725.11487803,0.5539554830510665,0.4522681282800166,0.3383350532028794,3.300520171421649,2.690712459561359,1.1638891021176583,1.0471574530645358,0.43190078718003794,0.24250036943992906,0.4592877198167578,0.27722772277227725,0.022461947687306045,0.757499630560071,0.999704448056746,0.5312638580931264,0.43771242795921383,6765,0.45228982837268195,-0.25436337620164967,0.46240318270355474,0.8084826302748144,-0.010113354330872704,6765.0,0.45228982837268195,0.6912862294037266,1.218542679409133,-0.13716697533056182,-0.7662528510364508,SMH,since_2026-07-15,11:30-12:00,all
13483,290147737.7353684,0.8275674983513597,0.8020784554305318,0.5044008978331394,4.93879552028609,4.786047163916305,1.4719934854406216,1.5344174247798084,0.5227250697740424,0.22183490321145147,0.42668545575910405,0.29422235407550246,0.05799896165541794,0.7781650967885485,0.9999258325298525,0.49495623794689214,0.32203515538085,13482,0.8020800895274751,3.3578910162601505,0.6530931209816911,-2.5302621347686043,0.1489869685457836,13482.0,0.8020800895274751,4.447770674560391,0.8523407475011552,-3.620141793068845,-0.0502606579736803,SMH,since_2026-07-15,12:00-12:30,all
8479,129845430.60078114,0.5622520904989944,0.6035655892229979,0.3373477718176603,3.3577686047897046,3.6051098499019267,1.1239231255360633,1.1239933786152112,0.5369832249070775,0.24542988559971696,0.3943861304399104,0.336478358296969,0.0246491331524944,0.7545701144002831,0.9996461846915909,0.48336479471448796,0.4232810472933129,8476,0.6035977582228619,0.9168190065511393,1.247146802564803,-0.3543679122449804,-0.6435490443419412,8476.0,0.6035977582228619,1.321941350226021,1.0600291948336606,-0.7594902559198625,-0.45643143661079877,SMH,since_2026-07-15,12:30-13:00,all
8103,157017945.75492716,0.6034953499283264,0.6480638263566547,0.33708054539218374,3.605807725535296,3.8735772645468622,1.1881275056452494,1.1340625234728305,0.5714533484204152,0.23337035665802788,0.40194989510058005,0.34715537455263484,0.0182648401826484,0.7666296433419721,0.9992595335061089,0.472273681610473,0.39997531778353695,8097,0.6484231510794888,0.6314620153376597,0.6512426977569069,-0.02751946618769697,-0.002819546677418129,8097.0,0.6484231510794888,-0.12504199835794086,-0.523990071872632,0.7289845475079036,1.172413222952121,SMH,since_2026-07-15,13:00-13:30,all
8502,161312784.3535387,1.9864747011598143,2.5285028827968783,0.4962738108034295,11.97324864737849,15.242655053297199,1.3097080639176382,1.198178640837848,2.1102887304256877,0.2121853681486709,0.4076687838155728,0.27605269348388617,0.10479887085391673,0.787814631851329,0.9996471418489767,0.5571243675726556,0.34133145142319454,8499,2.528737069341098,0.48398679873615963,-0.5898218492142353,1.5031890936345587,3.1185589185553333,8499.0,2.528737069341098,0.8411541039344107,-0.48319205659574965,1.146021788436307,3.011929125936847,SMH,since_2026-07-15,13:30-14:00,all
5748,94966365.01857597,0.4603915535936275,0.43901067885233913,0.33356961201683755,2.754380654141464,2.6273257393888287,0.9942720484300756,0.9421507936383897,0.46596646929200314,0.255741127348643,0.4104036186499652,0.32498260264439804,0.012004175365344467,0.744258872651357,0.9991301322199025,0.5101863137732893,0.3738691718858734,5743,0.43934582594349386,-0.09353512115986477,-0.6094880225527971,0.5543275031997242,1.048833848496291,5743.0,0.43934582594349386,-0.5800800544601326,-0.7606554381200067,1.0408724364999917,1.2000012640635007,SMH,since_2026-07-15,14:00-14:30,all
5580,92542919.12045056,0.5331093216887687,0.5302818647987666,0.33064956106240695,3.194043010754097,3.1779249117818456,1.0519946990130928,0.9649175678895215,0.5495618304044406,0.25555555555555554,0.40376344086021504,0.30232974910394267,0.04103942652329749,0.7444444444444445,0.999820788530466,0.5251837246818426,0.39408602150537636,5579,0.5302821491503642,-0.48835858850009595,-0.21947213788964207,1.0215634666184206,0.7497542870400061,5579.0,0.5302821491503642,0.524252075803916,1.4501207800604214,0.008952802314408695,-0.9198386309100572,SMH,since_2026-07-15,14:30-15:00,all
6991,107085854.90353106,0.4089591663369728,0.5874200731055097,0.33337222675948536,2.4553854956381675,3.5266624594924676,0.8729282965342092,0.7967882147284072,0.7372348915900285,0.25303962237162064,0.3877842940924045,0.3350021456157917,0.026748676870261764,0.7469603776283793,0.9998569589472178,0.4971387696709585,0.38163352882277213,6990,0.5874233476140117,0.1065944178337876,0.4585369145634741,0.30242325482149773,0.12888643305053785,6990.0,0.5874233476140117,0.3404700882341226,0.1845206238090113,0.06854758442116277,0.40290272380500053,SMH,since_2026-07-15,15:00-15:30,all
16902,264793530.5033547,0.39649717105232507,0.43482040104450237,0.3334681100332937,2.379446219383192,2.61078477309286,0.7496887438901711,0.6796930722677047,0.6397305177670599,0.23535676251331203,0.3532126375576855,0.38054668086616966,0.03372381966631168,0.7646432374866879,0.9998225062122825,0.5276051837386828,0.34451544195953143,16899,0.4349121846051933,-0.15980572195378864,-0.6381468663846328,0.5563732812841422,1.0730590509898263,16899.0,0.4349121846051933,-1.6301867151768346,-0.9310317798698726,2.026754274507188,1.3659439644750657,SMH,since_2026-07-15,15:30-16:00,all
21802,461742581.7964009,2.860999617381004,2.3513608349755026,1.6966982252501843,16.932217227778306,13.898435987629044,4.011407675098214,3.766919178950276,0.6242132425126132,0.17324098706540683,0.43830841207228693,0.30249518392808,0.0864140904504174,0.8267590129345932,0.9996330611870471,0.47361659172249243,0.4457847903862031,18462,2.480883977929162,2.734983293745315,3.3416210293820936,0.39537568398001466,-0.8607370514529307,,,,,,,SMH,since_2026-07-15,open 09:30-09:35 (fixed),all
47998,1053796420.1924328,0.2730100550329359,0.29211253717055874,0.16675143197777043,1.641092128839368,1.7566970138542348,0.4586596899404534,0.44919707268733416,0.6502992894031727,0.27903245968582024,0.16446518604941873,0.5282303429309555,0.032188841201716736,0.7209675403141798,1.0,0.49279136630692943,0.30986707779490813,34073,0.26948291599683766,-0.30104260252740106,-0.16672725964577267,0.5581187516376827,0.43621017564261033,,,,,,,SMH,since_2026-07-15,close 15:55-16:00 (fixed),all
73612,946788806.2528,0.8727371376491623,0.9913833997336273,0.5250997693175882,1.9809264793787515,2.2661549791735855,1.3893579566354284,1.376600898004753,0.7201676253230255,0.18024235179046894,0.3450388523610281,0.4384882899527251,0.042927783513557576,0.819757648209531,0.9993343476607075,0.5100118265976102,0.1042764766614139,73563,0.9917318445420805,0.4253844546171306,0.5287666246042868,0.44793400951048434,0.46296521993779394,73563.0,0.9917318445420805,1.9051139049781651,4.024212322679076,-1.0317954408505503,-3.0324804781369954,SMH,y2022,RTH all,all
65936,781975653.01,0.832264598365509,0.9244939156795561,0.5238481887958997,1.8849338752733866,2.1137278506863315,1.3604728963734363,1.3179419488864321,0.7014678578678584,0.17938607134190732,0.33919255035185636,0.4514832564911429,0.03738473671438971,0.8206139286580927,0.9993023537976219,0.5114888450447715,0.0,65890,0.9248566652189282,0.3542060236023911,0.2767429340227902,0.47863960635388564,0.648113731196138,65890.0,0.9248566652189282,1.6657316194699887,3.570944233661332,-0.8328859895137116,-2.6460875684424034,SMH,y2022,RTH all,lit
7676,164813153.2428,1.2203918211049931,1.308748530753407,0.9645759488601275,2.805492443981588,2.98936366118736,1.6374774633361462,1.6549152748561222,0.7908250957845495,0.18759770713913496,0.3952579468473163,0.32686294945284,0.09054194893173528,0.8124022928608651,0.9996091714434602,0.4973282940179851,1.0,7673,1.308954592686601,1.036611721600211,1.7242422634428152,0.18425724996249762,-0.4152876707562133,7673.0,1.308954592686601,3.960750395546883,6.174291773675702,-2.7398814239841744,-4.8653371809890995,SMH,y2022,RTH all,offexchange_TRF
10495,132603209.18850002,1.485576151183758,1.4962661907577346,1.1877189856891563,3.4525583611245634,3.479006242658308,2.3036298903215986,2.364021236520149,0.6329326351400488,0.10995712243925679,0.47937112910909957,0.35921867555979037,0.05364459266317294,0.8900428775607432,1.0,0.5528346831824679,0.10357313006193425,10495,1.4962661907576644,0.9901635252807907,1.2062963583527764,0.49541262590290314,0.2899698324048877,10495.0,1.4962661907576644,5.725412579994462,10.659980036376592,-4.239836428810767,-9.163713845618927,SMH,y2022,09:30-10:00,all
9531,127494196.80489999,0.9785996635187232,1.0425879185893634,0.8857003675648469,2.1131088028541525,2.274194813861822,1.4920563541902865,1.4405643246305162,0.723735761578555,0.125590179414542,0.3434057286748505,0.500786905886056,0.03556814604973245,0.874409820585458,1.0,0.5228202706956248,0.07491344035253383,9531,1.0425879185892568,-0.21790496790464475,-0.09536092855216755,1.1965046314232584,1.1379488471414243,9531.0,1.0425879185892568,3.2689872064919916,8.75844652937765,-2.2903875429733778,-7.715858610788395,SMH,y2022,10:00-10:30,all
6551,83037766.87939999,0.800315887141741,0.9227329170714419,0.516942800278679,1.8013555182417842,2.0814058579671495,1.2679067822808237,1.2543383996312396,0.7356331571629429,0.16486032666768433,0.3561288352923218,0.43581132651503585,0.046252480537322546,0.8351396733323156,0.9996947030987635,0.5701633837227058,0.08426194474126088,6549,0.9227652847342217,0.32963315620163586,1.6040693767992231,0.470927139517514,-0.6813040920650014,6549.0,0.9227652847342217,1.1413207153279699,5.053196324007652,-0.34076041960882003,-4.1304310392734305,SMH,y2022,10:30-11:00,all
4069,43091700.3456,0.7531315057021453,0.8607890376915422,0.518927894971472,1.6668026542152155,1.9435103945952479,1.3344124336800198,1.3063036468152653,0.6589501910908109,0.20348980093389038,0.3873187515360039,0.37822560825755713,0.0324404030474318,0.7965101990661096,0.9975423937085279,0.5331362404533136,0.11403293192430572,4059,0.8619692376480118,0.8980884374296518,0.012698080258920413,-0.1431014710089996,0.8492711573890916,4059.0,0.8619692376480118,1.7058033316189234,1.6550698104356318,-0.9508163651982704,-0.7931005727876201,SMH,y2022,11:00-11:30,all
5069,73346017.3002,0.8273762489223182,1.1212690369835676,0.7232749891502174,1.8559281909652006,2.5284298335464723,1.2900097010066685,1.2437371093110063,0.9015321876218019,0.17242059577826002,0.34661668968238313,0.4284868810416256,0.05681594002761886,0.82757940422174,0.9996054448609193,0.5512137359384252,0.12507397908857762,5067,1.121299271360507,0.739887969077075,0.835367431011374,0.08781485424763275,0.2859318403491328,5067.0,1.121299271360507,1.0965590139414745,0.09680196796673805,-0.2688561906167668,1.0244973033937692,SMH,y2022,11:30-12:00,all
4088,56880195.795600004,0.7351085908084973,0.7984889303077861,0.5190086933980925,1.7139970645796039,1.9473417716683195,1.238233749315472,1.1612292915257358,0.6876238277271268,0.1915362035225049,0.3593444227005871,0.4160958904109589,0.04598825831702544,0.8084637964774951,0.9968199608610567,0.5371779141104295,0.15973581213307242,4075,0.7988864191750339,1.1286918995766093,0.18058827488723872,-0.3912381770675349,0.6182981442877952,4075.0,0.7988864191750339,4.0384754130498,3.5736279613857302,-3.3010216905407255,-2.774741542210697,SMH,y2022,12:00-12:30,all
5255,74724026.7649,0.6749561190954443,0.7921437644046361,0.48312679662733554,1.5117602283542166,1.7650638162377512,1.0565086215407626,1.0312015500989928,0.7681754981153706,0.23368220742150334,0.26622264509990484,0.467174119885823,0.04471931493815414,0.7663177925784966,0.998477640342531,0.5300171526586621,0.08239771646051379,5247,0.7930214169088992,0.33992995136276427,0.7281719629140257,0.336055260347937,0.06484945399487349,5247.0,0.7930214169088992,-3.3243066904735064,-4.6307303880258575,4.000291902184208,5.423751804934756,SMH,y2022,12:30-13:00,all
3422,43371164.383,0.6677922805450195,0.749521175406381,0.48177679281145214,1.5763763880776362,1.7697342418469963,1.1236605682557737,1.1045214585754044,0.6785935842053286,0.201052016364699,0.3310929281122151,0.44973699590882527,0.037697253068381065,0.798947983635301,1.0,0.5070134424313267,0.11689070718877849,3422,0.7495211754062564,1.0933494364640357,1.7209449095869445,-0.42555715591917864,-0.9714237341806882,3422.0,0.7495211754062564,2.3306831180166325,3.259813011129613,-1.6628908374717755,-2.510291835723357,SMH,y2022,13:00-13:30,all
2650,26174842.7298,0.6396913242630445,0.691601286038919,0.5145885867668071,1.473992452830505,1.6259046890316171,1.2254804598682236,1.1578791879692911,0.5973000406474717,0.21735849056603773,0.3739622641509434,0.4041509433962264,0.015471698113207547,0.7826415094339623,0.9996226415094339,0.49301623254058136,0.09471698113207547,2649,0.692115530306539,0.3973732992277834,0.2604733425164972,0.2425595091137058,0.43164218779004154,2649.0,0.692115530306539,-0.5434875242521269,0.9867077829247626,1.183420332593616,-0.2945922526182233,SMH,y2022,13:30-14:00,all
3730,44592247.4127,0.7839032152035772,0.9679915190089471,0.5149065448044665,1.781876675603706,2.226003994975499,1.4221389830261795,1.520722685639223,0.6365338849417242,0.21206434316353887,0.3466487935656836,0.43672922252010726,0.016890080428954422,0.7879356568364612,1.0,0.5176943699731903,0.11662198391420911,3730,0.9679915190087985,1.248400673653032,1.9204175627148623,-0.4644974584496337,-0.9524260437060642,3730.0,0.9679915190087985,2.7570588026706084,2.873328081942737,-1.9731555874672109,-1.905336562933939,SMH,y2022,14:00-14:30,all
4636,63490104.438899994,0.8928603685854749,0.8884398305957477,0.5106861067840005,1.993697152718105,2.023134222794911,1.23310204490504,1.1815569752156418,0.7519229704802018,0.18399482312338222,0.33951682484900775,0.4242881794650561,0.05910267471958585,0.8160051768766178,1.0,0.4100517687661777,0.09296807592752372,4636,0.8884398305956387,-0.08033028624522329,-0.5911241956963398,0.9731906548305418,1.4795640262919787,4636.0,0.8884398305956387,2.3139247884646514,3.1497824442298836,-1.4210644198793332,-2.2613426136342456,SMH,y2022,14:30-15:00,all
6146,83970882.6942,0.7038454589184431,1.0957281941230266,0.4894403249879306,1.6167621217060082,2.525856928730938,1.080694716471363,1.1173002748986856,0.9806926738851692,0.20859095346566872,0.2736739342661894,0.46387894565571103,0.060689879596485516,0.7914090465343313,0.9991864627399935,0.395863865819899,0.10348193947282786,6141,1.0963350656706825,-0.8599892756930837,-1.2757856820008133,1.5644078053318515,2.3721207476714965,6141.0,1.0963350656706825,-1.4434899607902216,1.8824421394681683,2.1479084904289896,-0.786107073797484,SMH,y2022,15:00-15:30,all
7970,94012451.5151,0.6151769168665826,0.6865056287348544,0.48908126085104564,1.4275232120456451,1.6006428923917968,1.032805661787334,1.0272041566816434,0.6683244263268883,0.2426599749058971,0.2368883312421581,0.4963613550815558,0.029109159347553325,0.7573400250941029,0.9989962358845671,0.47324792765636775,0.12371392722710163,7962,0.6871768804155215,0.4074952385080472,0.7510382386294161,0.2082997913117235,-0.0638613582138947,7962.0,0.6871768804155215,1.412908867493466,2.8728961272210656,-0.7971138376736951,-2.1857192468055437,SMH,y2022,15:30-16:00,all
10829,146678826.8112,3.1331456761798493,2.4313294475389253,1.997962078680201,6.796042109151309,5.4847133570803,3.637948391312307,3.4042499131383495,0.7142041593819131,0.061224489795918366,0.5686582325237788,0.27038507710776616,0.10324129651860744,0.9387755102040817,0.9999076553698403,0.5456224602881419,0.13519253855388308,8959,2.5540020263421024,-0.980426564151089,-3.5349813664744785,4.363365064239768,6.088983392816581,,,,,,,SMH,y2022,open 09:30-09:35 (fixed),all
16356,290657021.4496,0.6196916635180549,0.6768452556951744,0.48455481526303595,1.443949620934537,1.6038752711328474,0.8816917673795021,0.8540308126455717,0.7925302526245849,0.19607483492296404,0.17131327953044753,0.5935436537050623,0.046221570066030816,0.8039251650770359,1.0,0.5030569821472243,0.13089997554414282,12342,0.630417207765499,0.6876147668986508,1.1208112185093952,-0.11093106302307716,-0.4903940107438965,,,,,,,SMH,y2022,close 15:55-16:00 (fixed),all
60024,753043185.4087,0.7485194796036255,0.8469579260636737,0.6559742858073998,1.4775809676133462,1.7422403553958836,1.2175736443669534,1.2700452227939631,0.6668722584542756,0.26489404238304676,0.1913901106224177,0.5478308676529389,0.028488604558176728,0.7351059576169532,0.9991003598560576,0.5161247290311822,0.16188524590163936,59970,0.8474973920374007,0.14576005003395964,0.28088736382775553,0.6034334341033496,0.5666100282096448,59970.0,0.8474973920374007,0.30793129451744855,0.4493559322350141,0.44126218961986086,0.39814145980238674,SMH,y2023,RTH all,all
50307,596607047.7290001,0.7190947912973225,0.8056736609714004,0.6587398307032644,1.4171109388359406,1.6344880851329404,1.1981914448842466,1.1850511417538312,0.679864043486793,0.256962251774107,0.16920110521398612,0.5893811994354662,0.022978909495696424,0.743037748225893,0.9990856143280259,0.5154294582280495,0.0,50261,0.8062003696663698,0.032926228697777865,-0.04548324607463014,0.6868266943595202,0.8516836157409999,50261.0,0.8062003696663698,0.408527493982464,0.12539151544745047,0.3112254290748339,0.6808088542189193,SMH,y2023,RTH all,lit
9717,156436137.67970002,0.9008574228603088,1.0044054562807192,0.6191458961765011,1.7906473191318142,2.1531796997262553,1.3179194619419803,1.5941907080757336,0.6300409676161555,0.3059586292065452,0.30626736647113306,0.33271585880415766,0.057013481527220335,0.6940413707934547,0.9991767006277658,0.5197239674528787,1.0,9709,1.0049808444718031,0.7298717705178235,1.5254800116648644,0.17172793881697793,-0.5204991671930612,9709.0,1.0049808444718031,-0.21282939981885152,1.684772722414843,1.114429109153653,-0.6797918779430402,SMH,y2023,RTH all,offexchange_TRF
10469,144710365.1812,1.3612738471021346,1.4721200154289733,0.7935248373266867,2.668529945553943,3.020731180397245,2.0672455632607165,2.185214215296285,0.6736730912348445,0.18320756519247303,0.3258190849173751,0.4617441971535008,0.04040500525360589,0.816792434807527,0.9996179195720699,0.5233635929288103,0.14690992453911547,10465,1.4725373552327403,0.45474020151278016,-0.29268968429831055,0.9070539604853108,1.7652270395310508,10465.0,1.4725373552327403,0.4292675643177168,-2.454896906664138,0.9325265976803747,3.9274342618968787,SMH,y2023,09:30-10:00,all
4637,56774372.2965,0.725663714952532,0.8655920089724757,0.667846528870855,1.4733017036881841,1.8424786278103007,1.2518170013960939,1.3166391518969445,0.6574253907954782,0.2620228596075049,0.2065990942419668,0.5376320897131767,0.022212637481130042,0.7379771403924952,0.9991373733017037,0.5210446794733434,0.12357127453094673,4633,0.8661475219356067,0.6971632193105326,2.119285181511055,0.029127012986865344,-1.2531376595754478,4633.0,0.8661475219356067,1.4762212393455287,5.40850134890328,-0.749931007048131,-4.542353826967673,SMH,y2023,10:00-10:30,all
4734,51355351.6874,0.5334656979705611,0.5979598151603428,0.6157066773383557,0.9648500211243111,1.1356800467532286,0.9298949966211206,0.928414877766246,0.644065309034067,0.29594423320659063,0.12948880439374735,0.5999155048584707,0.0204900718208703,0.7040557667934094,0.9997887621461766,0.511092330445806,0.13857203210815378,4733,0.5981490015625922,0.1956113268118101,0.24610479773249025,0.3379670831166151,0.3520442038301021,4733.0,0.5981490015625922,0.8862667149760968,-0.3221902536938563,-0.3526883050476715,0.9203392552564484,SMH,y2023,10:30-11:00,all
3195,30240873.884,0.5169861315189797,0.6068399850574717,0.6162758450711953,0.9953615023480963,1.2105516824524187,1.0648148451990027,1.086807765201217,0.5583692024367515,0.3809076682316119,0.14397496087636932,0.4754303599374022,0.01596244131455399,0.6190923317683881,0.9990610328638497,0.5043859649122807,0.21158059467918622,3192,0.6071127726780332,-0.07104387070696662,0.819250776924747,0.5885158914468979,-0.21213800424671395,3192.0,0.6071127726780332,-0.5515536378945248,0.2905457105521387,1.0690256586344558,0.3165670621258943,SMH,y2023,11:00-11:30,all
3698,47041371.778400004,0.5836969038389666,0.6713718754467204,0.6153278158968556,1.1732233639810548,1.3656265862361952,1.0401539749159605,1.0228023211075123,0.6564043330677471,0.3063818280151433,0.19172525689561926,0.513250405624662,0.025959978366684695,0.6936181719848566,0.9983775013520823,0.4656013001083424,0.24553812871822606,3692,0.6723147734213931,-0.030273170877448737,0.08623926739297423,0.6149186612337884,0.5860755060284188,3692.0,0.6723147734213931,0.8652943141859093,1.9022593326189448,-0.2806488238295697,-1.2299445591975517,SMH,y2023,11:30-12:00,all
2900,30753537.1911,0.5854537528146553,0.7152264594942036,0.614495959688506,1.0853103448281562,1.5406233062524017,1.0046236734672949,1.116485930277016,0.6406049911589533,0.36689655172413793,0.1493103448275862,0.4910344827586207,0.020344827586206895,0.6331034482758621,0.9996551724137931,0.5122456019317005,0.17517241379310344,2899,0.7152642873897558,-0.11279588201591755,0.6007633647314714,0.6984515850726944,0.11450092265828442,2899.0,0.7152642873897558,-0.04313263857828258,1.8874671418521995,0.6287883416350597,-1.1722028544624434,SMH,y2023,12:00-12:30,all
3754,51678660.1595,0.5621745786316258,0.5940909895422122,0.613515752016375,1.0318486947258754,1.0804294545728628,0.8834685478790605,0.8595951706968465,0.6911288124857675,0.2911561001598295,0.10468833244539158,0.6273308470964305,0.02770378263185935,0.7088438998401705,0.9997336174746937,0.5382360778044232,0.16169419286094833,3753,0.5942649844454418,-0.09088858559963389,0.08328834618777647,0.6532129576173493,0.5109766382576654,3753.0,0.5942649844454418,-1.8219326196035766,-1.5313901141237232,2.3842569916212923,2.1256550985691653,SMH,y2023,12:30-13:00,all
3942,52293447.544999994,0.7750240590045178,0.8827647484438902,0.6593479049214325,1.690791476408166,1.9924867932069883,1.2335932872174535,1.286082085936216,0.6863984485105964,0.23642820903094874,0.2328767123287671,0.5454084221207509,0.034753932014205985,0.7635717909690513,0.9984779299847792,0.5304878048780488,0.15246067985794012,3936,0.8844520467060446,0.7589657173564874,0.9404576900735523,0.017239780762181734,-0.056005643367507595,3936.0,0.8844520467060446,1.3726576258872296,-0.5187295960803668,-0.5964521277685605,1.4031816427864126,SMH,y2023,13:00-13:30,all
3379,44179215.649100006,0.7793732674153055,0.8941055165766875,0.6590871642768763,1.6722403077836976,1.960220508649941,1.1697660935203886,1.1653223371900718,0.767260257563271,0.23054158034921574,0.2184078129624149,0.5179047055341817,0.06362829239419947,0.7694584196507842,0.9997040544539805,0.5201302545885139,0.13643089671500444,3378,0.894435965716923,0.4999894241635418,0.9654605133672538,0.2796145635794261,-0.07102454765033012,3378.0,0.894435965716923,3.056921454143608,4.225202252382199,-2.27731746640064,-3.330766286665276,SMH,y2023,13:30-14:00,all
2596,26988435.1066,0.6925085864108625,0.8306231237919525,0.6463527302420321,1.4294144838215477,1.791261079278778,1.242606160664379,1.2966047594335892,0.6406139710259918,0.2838983050847458,0.21764252696456085,0.48266563944530044,0.033513097072419104,0.7161016949152542,0.9980739599383667,0.5009648784253184,0.16563944530046226,2591,0.8308006025099639,0.029565586732678603,-0.4892466868851885,0.6642793728666878,1.3200472893951525,2591.0,0.8308006025099639,1.0403721377266315,1.479393949029365,-0.34652717812726497,-0.6485933465194008,SMH,y2023,14:00-14:30,all
3700,43154479.7514,0.5888492817731772,0.6283436517712071,0.6176080041991728,1.1289945945949378,1.237795145637391,1.038508551551906,1.0634397111172118,0.5908596841010307,0.2864864864864865,0.14945945945945946,0.5843243243243244,0.02027027027027027,0.7135135135135136,0.9994594594594595,0.5140616549486209,0.18432432432432433,3698,0.6287999834889871,0.18327925037085727,0.4632800294501979,0.40588850045662284,0.16551995403878952,3698.0,0.6287999834889871,-1.027203951857926,-1.0406414439136151,1.616371702685406,1.669441427402602,SMH,y2023,14:30-15:00,all
4098,50205233.0389,0.7394902882783609,0.85196784629275,0.6606110652347418,1.5756612981945122,1.8878191329653309,1.2517902304420814,1.3628729618242377,0.6251263838651336,0.25427037579306977,0.20985846754514398,0.5622254758418741,0.013665202537823329,0.7457296242069302,0.9978038067349927,0.5429200293470287,0.15373352855051245,4089,0.8529512310420158,-0.1603285865918516,-0.3319080272551075,0.901446513068734,1.1848592582971231,4089.0,0.8529512310420158,1.4130827295214987,2.944686837982366,-0.6719648030446156,-2.0917356069403503,SMH,y2023,15:00-15:30,all
8922,123667842.1396,0.5014070881644008,0.5200365356005916,0.6162758450694437,0.9138937457972149,0.9745888566915263,0.7557428715970959,0.7274412654296437,0.7148845691252419,0.2587984756780991,0.09829634611073751,0.6613987895090787,0.02320107599193006,0.7412015243219009,0.998767092580139,0.5099315452811133,0.16218336695808114,8911,0.5203660210237356,-0.4423534685362169,-0.10193704321854513,0.944379508329843,0.6223030642422807,8911.0,0.5203660210237356,-1.3393773775030124,0.19168096397060314,1.8414034172966387,0.32868505705313267,SMH,y2023,15:30-16:00,all
13255,152149611.1922,1.4082827876247417,1.62270142398267,0.6695457132367678,2.7107370803474455,3.272461054787176,2.1994804410337627,2.409737020959719,0.6733935736009904,0.23319502074688797,0.2845718596755941,0.4502451904941531,0.03900414937759336,0.7668049792531121,0.9999245567710298,0.5181831899803833,0.12048283666540928,11179,1.6417893423864527,0.8202493607703565,-0.3110578130675542,0.6420034607604795,1.952847155454007,,,,,,,SMH,y2023,open 09:30-09:35 (fixed),all
20744,341247706.3541,0.4568508952800829,0.48993269707221176,0.39921753379277697,0.8767325491712754,0.9623634493268831,0.6864267462343808,0.6694900564687583,0.7317998114212089,0.29126494408021597,0.06199382954107212,0.6415349016583108,0.028104512148091013,0.708735055919784,0.9998071731585036,0.4854387656702025,0.16549363671423062,13984,0.4759123459556621,-0.16898440813528504,-0.07858867344112869,0.6190615314135856,0.5545010193967908,,,,,,,SMH,y2023,close 15:55-16:00 (fixed),all
38615,563310071.7974999,0.9729509967520272,1.1397974467141827,0.8540438978580004,2.1592091156289444,2.520142415499309,1.7038001732132548,1.6649699594868757,0.6845753824083739,0.21090249902887478,0.39401786870387157,0.36120678492813674,0.03609996115499158,0.7890975009711252,0.999533859899003,0.5089514729124025,0.27810436358927876,38597,1.1400688969401245,-0.011253542246384028,-1.2756872615347616,0.9846582819819473,2.4157561584748857,38597.0,1.1400688969401245,-0.5663120168608715,-1.786784106888543,1.5397167565964351,2.926853003828668,SMH,y2024,RTH all,all
27876,382840723.18200004,0.9394931931202455,1.0519491453465681,0.8534243652648521,2.0765891806574546,2.3307416752268515,1.6138147685820345,1.550905974280514,0.6782804133787552,0.17459463337638112,0.39238054240206627,0.4059047209068733,0.030169321279954083,0.8254053666236189,0.999497775864543,0.4912425525805757,0.0,27862,1.0522911375060198,-0.4625467144471255,-0.580613690140939,1.4025119808104958,1.6329048276469589,27862.0,1.0522911375060198,-0.825862738107392,0.22019515801891296,1.7658280044707622,0.8320959794871067,SMH,y2024,RTH all,lit
10739,180469348.61549997,1.0597998405959188,1.326155448690144,0.8592172530816604,2.373671664028724,2.9219298488412493,1.937381804603505,1.906940903142587,0.6954360496985909,0.3051494552565416,0.39826799515783595,0.24518111556010802,0.051494552565415776,0.6948505447434584,0.9996275258403948,0.5549138332557056,1.0,10735,1.32622674419863,1.1600487739023868,-2.7497895919102784,-0.09985403816346583,4.07601633610891,10735.0,1.32622674419863,0.10733513687648666,-6.043157724263745,0.9528595988624347,7.369384468462376,SMH,y2024,RTH all,offexchange_TRF
7210,106504456.5909,1.3282109483229365,1.6012257716419998,0.9637160892392334,2.899667128987728,3.47075834672158,2.344919976184774,2.3064841842375357,0.6942279433714494,0.14715672676837727,0.4912621359223301,0.3276005547850208,0.03453536754507628,0.8528432732316228,0.9998613037447989,0.5040921070883617,0.2568654646324549,7209,1.6013194043120937,-1.3529302803908245,-6.1059638938734295,2.6813254721521984,7.7072832981855255,7209.0,1.6013194043120937,-6.397395922041461,-16.598192529557114,7.725791113802833,18.19951193386921,SMH,y2024,09:30-10:00,all
3545,55097573.26889999,1.2621264550692186,1.4677234975901643,0.9533342866667528,2.8270578279268572,3.3170334335037333,2.323166431549719,2.377330216599711,0.6173830994709036,0.17461212976022567,0.4820874471086037,0.304654442877292,0.03892806770098731,0.8253878702397743,0.9997179125528914,0.4794018058690745,0.3021156558533145,3544,1.4683427337875543,1.2247855243115646,2.1755777419533233,0.03769706124709996,-0.7072350081657689,3544.0,1.4683427337875543,-0.7707584121566667,-1.2832092506205082,2.033240997715331,2.7515519844080627,SMH,y2024,10:00-10:30,all
4272,66103940.937199995,1.0668554765726481,1.157882328530209,0.8560269649478435,2.445252808988996,2.66097518642483,1.8173812073147524,1.7743730034675405,0.6525585805619425,0.18117977528089887,0.4407771535580524,0.3445692883895131,0.036750936329588015,0.8188202247191011,0.9997659176029963,0.4750643877312105,0.272940074906367,4271,1.1579235479757324,1.1084168600158715,1.2900298011967366,-0.041311592884562896,-0.1321062532210039,4271.0,1.1579235479757324,0.9730303267644417,1.2636724367943017,0.09407494036686613,-0.10574888881857027,SMH,y2024,10:30-11:00,all
3271,44988754.665,0.7121153416434411,0.7088468893590889,0.472020957732777,1.5949801284012837,1.5741730712382276,1.3838867020846057,1.2385673647365105,0.5723119384062627,0.26566799143992664,0.2989911342097218,0.4050749006420055,0.03362885967594008,0.7343320085600734,0.9996942830938551,0.5798165137614679,0.2604708040354632,3270,0.7088668891288951,-1.9824489332994806,-2.8764766755377704,2.6947820472184825,3.585343564666666,3270.0,0.7088668891288951,-3.5207052045528586,-2.817462365329928,4.233038318471861,3.5263292544588234,SMH,y2024,11:00-11:30,all
2831,38433278.5126,1.057452459094879,1.28917664602567,0.8592910848542131,2.370271988696844,2.823131641607414,1.4892331322433014,1.3033062349531128,0.9891586577670664,0.25785941363475806,0.2744613210879548,0.41292829388908514,0.05863652419639703,0.7421405863652419,0.9996467679265277,0.5441696113074205,0.40904274108089017,2830,1.2892475234317637,2.952883274730345,-2.019040125669844,-1.8950571575228576,3.3082876491016076,2830.0,1.2892475234317637,9.618832319341148,9.142395819446623,-8.561006202133662,-7.85314829601486,SMH,y2024,11:30-12:00,all
1973,35712718.919599995,0.9074150073540747,1.0494988959056493,0.47428205554069325,1.9876938672075803,2.3179705447836056,1.4078003604162428,1.3786335631953386,0.7612602245611699,0.23568170299037,0.3613786112519007,0.3375570197668525,0.06588950836289914,0.76431829700963,1.0,0.43740496705524584,0.3345159655347187,1973,1.0494988959053686,0.5325992785351985,3.793087479792721,0.37481572881868647,-2.7435885838873526,1973.0,1.0494988959053686,3.351745481380024,8.345021454954209,-2.44433047402614,-7.29552255904884,SMH,y2024,12:00-12:30,all
1895,32459728.2201,0.7354212606217132,0.9133662681712046,0.47527387656824044,1.6217941952508967,2.0111295470385273,1.3364704944879044,1.3340007239686897,0.684681988367978,0.21213720316622692,0.34934036939313984,0.42427440633245384,0.017941952506596307,0.7878627968337731,0.9994722955145119,0.5121436114044351,0.22110817941952507,1894,0.913663239357744,-2.3500022288524836,-4.50455118105326,3.0858117794743833,5.418214420411004,1894.0,0.913663239357744,-0.198950699500715,0.29580698438250325,0.9347602501226157,0.6178562549752402,SMH,y2024,12:30-13:00,all
2071,30753142.093200002,1.0779796770556838,1.2990623732326787,0.9585889570543429,2.3543795267990113,2.848649932060932,1.7366444188933239,1.6753527704861453,0.7753963201766297,0.1612747464992757,0.46547561564461615,0.31916948334138096,0.05408015451472718,0.8387252535007242,0.9985514244326412,0.4932301740812379,0.2559150169000483,2068,1.2999741973749617,0.7748645886065021,1.8762794281612314,0.30467888875424254,-0.576305230786269,2068.0,1.2999741973749617,-1.2047954146613453,1.7513881503620112,2.284338892022091,-0.4514139529870506,SMH,y2024,13:00-13:30,all
1526,17106925.1506,0.8120193177429594,0.8340121259754595,0.8528602805527543,1.7971559633031284,1.8164019159403089,1.5521455869487721,1.4254952009701207,0.5850683505688918,0.23656618610747052,0.4475753604193971,0.2948885976408912,0.022280471821756225,0.7634338138925295,0.9993446920052425,0.5337704918032787,0.3427260812581914,1525,0.8351569017908359,1.1451905721829083,1.1366060401574474,-0.33263878275636694,-0.30144913836661125,1525.0,0.8351569017908359,-0.10659770316192609,2.5130880524138295,0.9191494925884677,-1.6779311506229935,SMH,y2024,13:30-14:00,all
2226,30446432.5363,0.8474634231714344,0.9786044299903736,0.8495454931628006,1.8523000898476214,2.1229939165990284,1.5428646149198708,1.5267534172912776,0.6409708463116367,0.2169811320754717,0.3890386343216532,0.36522911051212936,0.029649595687331536,0.7830188679245284,0.9995507637017071,0.5487640449438203,0.24842767295597484,2225,0.9788727207684802,-0.24895886042664908,-1.8434653985684717,1.0968031660352937,2.822338119336953,2225.0,0.9788727207684802,-1.3017494417711077,-2.371540272512843,2.1495937473797517,3.3504129932813242,SMH,y2024,14:00-14:30,all
1927,24116174.3458,0.7697552476984653,0.8303585985161053,0.4792829926452946,1.7086248053973718,1.8486835475126961,1.401455114358383,1.3671332166883954,0.6073721188103977,0.2283341982355994,0.371043072132849,0.376751427088739,0.02594706798131811,0.7716658017644006,0.9994810586403736,0.5358255451713395,0.2568759730150493,1926,0.8303666879560815,0.9627446225392275,1.1503770845315375,-0.19258970960332797,-0.32001039657545577,1926.0,0.8303666879560815,1.0989778746036896,5.040497729791764,-0.3288229616677896,-4.210131041835683,SMH,y2024,14:30-15:00,all
2223,29678356.237,0.5914920578917762,0.6873669539255645,0.47843456211505153,1.29868645973959,1.4983583224601476,1.1730412556942196,1.1120729812627368,0.6180951839555286,0.27800269905533065,0.297795771479982,0.41340530814215026,0.018893387314439947,0.7219973009446694,1.0,0.5038236617183985,0.26450742240215924,2223,0.6873669539254186,-0.37009085301197503,-0.9981680533514632,0.961582910903507,1.6855350072768818,2223.0,0.6873669539254186,-0.07902253974622929,-0.3727908981512941,0.670514597637762,1.0601578520767136,SMH,y2024,15:00-15:30,all
3645,51908590.3203,0.6307353781578444,0.791968501229395,0.4779772004843851,1.4155500685876836,1.7638184384555466,1.1317209706418372,1.1029084421279391,0.7180727528945012,0.2710562414266118,0.29108367626886145,0.41179698216735255,0.029080932784636488,0.7289437585733882,0.9983539094650206,0.4962901896125309,0.2392318244170096,3639,0.7924994203366769,-0.5650368235416152,-1.4387143401894005,1.196812161102621,2.231213760526077,3639.0,0.7924994203366769,1.2369809182977625,1.566462494509985,-0.6052055807367569,-0.773963074173308,SMH,y2024,15:30-16:00,all
20677,321709289.5914,1.9021680077924503,1.933836453192423,1.4333150187512345,4.211413648014694,4.326475409944844,2.6519134958362103,2.5874275490408842,0.7473973344332921,0.08555399719495091,0.46912027857039224,0.38608115297190115,0.06287178991149586,0.9144460028050491,1.0,0.4296561396720994,0.20051264690235526,18885,1.9662344626754493,0.2187593553636797,-0.3659566234468892,1.7015407591494525,2.3321910861223385,,,,,,,SMH,y2024,open 09:30-09:35 (fixed),all
10577,174667128.7771,0.5517476414031515,0.6128002464352971,0.47921408889650163,1.217018058050792,1.3584084851703933,0.8408297490117684,0.8341396805840073,0.7346494366582063,0.23957643944407678,0.12375909993381866,0.6162427909615202,0.02344710220289307,0.7604235605559232,0.9999054552330529,0.5260968229954615,0.18180958683936843,7182,0.6096400157336025,0.03301872372047373,-0.6777192664899859,0.4947325407760104,1.2873592822235882,,,,,,,SMH,y2024,close 15:55-16:00 (fixed),all
38908,546547050.8819001,1.2975169626503473,1.5283739204209434,0.4924046581476182,3.394798499023996,4.051995433861377,2.3741968682601575,2.430241375457494,0.62889799172036,0.27099825228744734,0.36008018916418216,0.35668757067955176,0.018582296699907474,0.7290017477125527,0.9993317569651485,0.5061468031479862,0.35072478667626195,38882,1.529107672648957,0.09732075913777996,0.4025857719091532,1.2010638399772862,1.1265219007398042,38882.0,1.529107672648957,0.5501190951380842,0.6979438091998593,0.7482655039769821,0.8311638634490978,SMH,y2025,RTH all,all
25262,348507721.22299993,1.3701837977998121,1.4341836097027543,0.6779890843751248,3.4637716728687806,3.563923347758962,2.1899447720711662,2.1219162075759272,0.6758907842742587,0.2026363708336632,0.3471221597656559,0.4427202913466867,0.016902858047660518,0.7973636291663367,0.999406222785211,0.4787103418227908,0.0,25247,1.4351221217973988,-0.5436679135220998,-0.6144455530291533,1.9146657786156118,2.0495676748265517,25247.0,1.4351221217973988,0.14527271268408873,-0.613394061315939,1.2257251524094233,2.048516183113338,SMH,y2025,RTH all,lit
13646,198039329.65889996,1.1629933227891582,1.6941291297837586,0.33875912532363034,3.267112707021436,4.9109000303023045,2.71529143472112,2.9728290616468023,0.5698710200462362,0.39755239630661,0.3840685915286531,0.19742048952073868,0.021691338121061117,0.60244760369339,0.9991939029752308,0.556949028236157,1.0,13635,1.694423063427037,1.2841957880078922,2.191487676429257,-0.12026422344785495,-0.4970646130022196,13635.0,1.694423063427037,1.2997455430893876,3.0045146654882333,-0.13581397852935073,-1.3100916020611957,SMH,y2025,RTH all,offexchange_TRF
5846,80679082.7595,2.865623941692014,2.8947664729478664,1.7059315239109576,7.017653096134588,6.901981481674009,5.036931017975528,4.920518088019594,0.5883052193215186,0.15703044816968867,0.5494355114608279,0.25846732808758127,0.035408826548067054,0.8429695518303113,0.9996578857338351,0.5027378507871321,0.3532329798152583,5844,2.8948190919420913,-0.76740484677424,-0.8398636855033846,3.634009494811696,3.7346827774454767,5844.0,2.8948190919420913,0.012549957554778932,-2.469573288717079,2.8540546904826765,5.36439238065917,SMH,y2025,09:30-10:00,all
5614,86255924.405,1.3276707707388558,2.0600492888353665,0.3402691528996344,3.7571036693991178,5.38369225333457,2.4616885563712922,3.0218697857190535,0.6817134538923152,0.33060206626291416,0.3713929462059138,0.2878517990737442,0.012468827930174564,0.6693979337370859,0.9998218738867118,0.550864065562088,0.4827217670110438,5613,2.06009203728715,1.8432444158550627,2.039379462249007,-0.5153371101494694,0.02071257503814369,5613.0,2.06009203728715,1.007028653003599,-3.817678087128545,0.32087865270199434,5.877770124415698,SMH,y2025,10:00-10:30,all
2934,49682878.8479,1.3572626431145474,1.7586214872352173,0.6791402084954263,3.7282958418546173,5.585294141793115,2.435972470645309,2.5623764242981237,0.6863244098559532,0.2471029311520109,0.40081799591002043,0.34185412406271304,0.014996591683708248,0.7528970688479891,1.0,0.5020449897750511,0.321745057941377,2934,1.7586214872350656,1.5786367319223742,5.4248249122081305,-0.2213740888079438,-3.6662034249730646,2934.0,1.7586214872350656,1.6858059142565387,12.195270893190592,-0.32854327114210863,-10.436649405955526,SMH,y2025,10:30-11:00,all
2505,30788282.9354,0.9153167772394303,0.8080427194380152,0.33912674862198916,2.6205988023958593,2.302378999481144,1.7353216460782706,1.4609827978030625,0.5530816109902874,0.3021956087824351,0.3217564870259481,0.37045908183632736,0.00998003992015968,0.6978043912175649,0.9996007984031936,0.490814696485623,0.34530938123752497,2504,0.808197516662635,-0.2440033869643884,-0.7142250532439838,1.1596857060475385,1.5224225699066194,2504.0,0.808197516662635,-1.7457262491244003,-3.112024058232765,2.66140856820755,3.9202215748954004,SMH,y2025,11:00-11:30,all
3041,38284661.1587,1.383595991350349,1.466392799359006,0.343352393081917,3.5194475501485183,3.5098653905707375,2.2359277981578667,2.180163911460111,0.6726066749618499,0.2476159158171654,0.3357448207826373,0.3949358763564617,0.03222624136797106,0.7523840841828346,1.0,0.5445577112791845,0.26438671489641563,3041,1.4663927993588528,-3.6311810447036295,-5.248295326291632,5.014777036053862,6.714688125650485,3041.0,1.4663927993588528,-1.9830473648696147,-1.7213376687301782,3.3666433562198472,3.187730468089031,SMH,y2025,11:30-12:00,all
2639,34301643.776999995,1.0249326854234095,1.0892605541364497,0.4892487585336113,2.8047821144376717,2.7653565625158913,1.887645121427365,1.8729554292119652,0.58157313150519,0.27055702917771884,0.33004926108374383,0.39333080712391055,0.01098901098901099,0.7294429708222812,0.9992421371731717,0.47667804323094426,0.31943918150814704,2637,1.0901410738679012,0.31883586878437387,0.7198808038299355,0.7068741641439902,0.3702602700379652,2637.0,1.0901410738679012,-0.12849401852852219,-0.14218615062705106,1.1542040514568868,1.2323272244949524,SMH,y2025,12:00-12:30,all
1641,18163727.64,0.7793456111690973,0.7009657228038987,0.3383693978713488,2.2638391224871732,2.077198490429973,1.7013903936196233,1.6377184603162325,0.42801356874767527,0.3272394881170018,0.27726995734308346,0.40097501523461304,0.006703229737964655,0.6727605118829981,0.9963436928702011,0.45749235474006117,0.3546617915904936,1635,0.703866467281597,0.027783640915162867,-0.22669460112849918,0.7544219541478528,0.9305610684100962,1635.0,0.703866467281597,1.3971505402663436,1.2984802596602787,-0.6149449452033273,-0.5946137923786816,SMH,y2025,12:30-13:00,all
2179,31167180.8422,1.02454750152406,1.1199448994249086,0.33887392196088006,2.4679394217537904,2.719069104310117,1.9575424543762479,2.0054269572426273,0.5584570883423163,0.32354290959155574,0.29600734281780633,0.3786140431390546,0.011473152822395595,0.6764570904084443,0.9967875172097292,0.5400552486187845,0.3414410279944929,2172,1.124337981363545,0.16849027113670834,-0.5952195768185183,0.8593591790569666,1.719557558182063,2172.0,1.124337981363545,1.2414738658982951,2.083525949182113,-0.21362441570462015,-0.9591879678185679,SMH,y2025,13:00-13:30,all
2440,36412863.1118,0.8621457259116041,1.0567445603654733,0.33882799396855356,2.7139098360661422,3.473651084757279,1.62417145855021,1.6611546584691843,0.6361506166676272,0.25491803278688524,0.35450819672131145,0.3622950819672131,0.03770491803278689,0.7450819672131147,0.9991803278688525,0.46759639048400325,0.38278688524590165,2438,1.0570650113812177,-0.18226633177639973,-0.22857270788373282,1.0451193142308532,1.2856377192649502,2438.0,1.0570650113812177,2.5988650739513246,4.828273709573536,-1.7360120914968709,-3.771208698192319,SMH,y2025,13:30-14:00,all
2280,24945611.9134,0.8912698617978599,0.9432914856706146,0.3390922500463168,2.1918596491233107,2.2648382855254683,1.7504441543102172,1.6890237125749021,0.5584832697420067,0.26666666666666666,0.306140350877193,0.4219298245614035,0.015789473684210527,0.7333333333333333,0.999561403508772,0.5221588415971917,0.27982456140350875,2279,0.9433052055180338,1.1397021461088614,1.255600254679491,-0.2480412049510541,-0.3122950491614574,2279.0,0.9433052055180338,0.5933091524660182,-0.32699008035467364,0.29835178869178874,1.270295285872707,SMH,y2025,14:00-14:30,all
1928,35148768.2117,0.9671086596211549,1.5686802371070212,0.33919576683652136,2.3925414937765526,4.9508603177849855,1.8211761271411415,1.5935630897000768,0.9843853985111196,0.26556016597510373,0.3065352697095436,0.4336099585062241,0.009854771784232365,0.7344398340248963,1.0,0.49844398340248963,0.3262448132780083,1928,1.5686802371068884,0.3349382291596887,-0.2616743427193061,0.6321704304612593,1.8303545798261944,1928.0,1.5686802371068884,-0.23234837497442914,0.7002502950733644,1.1994570345953772,0.8684299420335236,SMH,y2025,14:30-15:00,all
2130,24736919.8813,0.6860660264317502,0.7690343408076092,0.33904626286225925,1.7703474178408527,1.9991196628338082,1.3952893197494878,1.4203949704856826,0.5414228836255661,0.2887323943661972,0.31784037558685446,0.39248826291079814,0.005164319248826291,0.7112676056338029,0.9990610328638497,0.48778195488721804,0.32065727699530516,2128,0.7691160065974375,-0.013956436779224379,-0.35175791912259197,0.7006672621078706,1.12087392572003,2128.0,0.7691160065974375,0.2838632543174662,-0.49554642392713544,0.40284757101117974,1.2646624305245728,SMH,y2025,15:00-15:30,all
3731,55979505.398,0.5675118419744177,0.6167582396759455,0.33908075208079974,1.4108067542221259,1.5514204068128064,1.1631482452073294,1.1537229997798273,0.5345808654188619,0.32752613240418116,0.24336638970785313,0.4234789600643259,0.0150093808630394,0.6724738675958188,0.9994639506834628,0.4786806114239743,0.3229697132136157,3729,0.6169207145319903,0.24753549244760711,1.0359583086920165,0.32028072702294275,-0.4190375941600263,3729.0,0.6169207145319903,2.3151692940841673,3.6156741625537556,-1.7473530746136177,-2.9987534480217652,SMH,y2025,15:30-16:00,all
8555,109929968.98460001,3.313323500493106,3.1078494874608547,2.2299029992175057,9.372703682057743,8.409201497238007,5.5319622536562605,5.404323220438703,0.5750672860770476,0.1724137931034483,0.5345412039742841,0.25306838106370544,0.04032729398012858,0.8275862068965517,0.9992986557568674,0.4862557024213358,0.36107539450613674,7031,3.198792102408168,-0.13106988019410173,-1.9158107905504502,3.6344211491741727,5.114602892958619,,,,,,,SMH,y2025,open 09:30-09:35 (fixed),all
13156,252849567.8466,0.4961461174593594,0.4939627555397251,0.3396393031577888,1.412626938279833,1.419410369785354,0.8867208186636316,0.9028052728271759,0.5471420808086978,0.32547886895712985,0.18318637883855274,0.4516570386135604,0.04416235937975069,0.6745211310428701,0.9998479781088476,0.5066139577314885,0.27143508665247795,9252,0.49512490773268436,0.015447418905933303,0.3961718755570518,0.49349846504542566,0.09895303217563264,,,,,,,SMH,y2025,close 15:55-16:00 (fixed),all
208806,3544318911.401215,1.056988962025381,1.2308624448239902,0.5015799769268648,6.085607980614849,7.1600929858959494,1.7534536763619109,1.7186246400408827,0.7161903862816202,0.2228575807208605,0.4229524055822151,0.3112650019635451,0.04451979349252416,0.7771424192791395,0.9997270193385247,0.5124862873594604,0.37574111855023323,208749,1.231155808006299,0.9361572830396607,0.9981348877944783,0.12112029531821901,0.23302092021182058,208749.0,1.231155808006299,1.3556169403094942,1.2423808394344575,-0.29833936195161437,-0.011225031428158661,SMH,y2026,RTH all,all
130349,2138468294.928,1.0520508475381538,1.2381595333677808,0.5114348304162689,6.003476819922493,7.170173748979752,1.5213056596166539,1.4564861334512573,0.8501004609181314,0.11335721793032551,0.4323776937299097,0.41478645789380814,0.04200262372553683,0.8866427820696745,0.9998158789096963,0.5017686552848648,0.0,130325,1.2383409026255916,0.7226237891654332,0.5892203713118076,0.32962079879343786,0.649120531313784,130325.0,1.2383409026255916,1.205425473676954,1.2521727790814763,-0.153180885718083,-0.01383187645588472,SMH,y2026,RTH all,lit
78457,1405850616.4732153,1.065193179434861,1.2197626933188654,0.3213064252988241,6.222061256486828,7.144758929780181,2.139145989791273,2.117368915323823,0.5760747144681301,0.40478223740392827,0.4072931669576966,0.13927374230470194,0.04870183667486649,0.5952177625960717,0.9995793874351555,0.5302968479037029,1.0,78424,1.220223881734761,1.291007234446866,1.6202872159693966,-0.2253658328492794,-0.4000633342346355,78424.0,1.220223881734761,1.605205113431061,1.2274826692713074,-0.5395637118334746,-0.0072587875365463924,SMH,y2026,RTH all,offexchange_TRF
28211,572335149.9839585,2.7476646299406275,2.3661990199356424,1.6861131719145657,16.12841728403932,13.895475440605665,4.097474852938487,3.8732734156857958,0.6109042058206178,0.17744851299138634,0.45996242600404097,0.29052497252844633,0.0722767714721208,0.8225514870086137,0.999574634008011,0.49445015780701446,0.4013682606075644,28199,2.3670501386240708,3.9132948689217755,3.7094111255726263,-1.1644609785266957,-1.3423609869485558,28199.0,2.3670501386240708,7.780421910415974,5.531386570504621,-5.031588020020895,-3.16433643188055,SMH,y2026,09:30-10:00,all
23338,406507560.9321635,0.9189982143006972,1.4065825020960154,0.5128336624011336,5.0166132487798905,7.979817252428136,1.8005515893083697,1.6642311066900017,0.8451845999282966,0.217842145856543,0.45140971805638874,0.28969920301653956,0.04169166166766647,0.7821578541434571,0.999914302853715,0.558193349331505,0.39802039592081584,23336,1.4066749176213078,-0.3701766220923052,0.6225604189709025,1.2892535986669378,0.7841144986504052,23336.0,1.4066749176213078,-2.8671816847315856,0.18746737535644367,3.786258661306219,1.2192075422648654,SMH,y2026,10:00-10:30,all
19403,314712012.80761063,1.241768006137887,2.041249583455923,0.7481203476259078,7.121450291193204,12.024474060558063,1.9467638095616577,1.8727334719386242,1.0899840335223214,0.1914136989125393,0.49775807864763183,0.26501056537648815,0.04638457970416946,0.8085863010874607,0.9999484615781065,0.5297907432223482,0.38617739524815753,19402,2.041253477839635,0.0622757823955204,-0.1754883938439981,1.179556225804146,2.216741871683633,19402.0,2.041253477839635,-0.3522247772598742,-2.2715812174207093,1.594056785459541,4.312834695260345,SMH,y2026,10:30-11:00,all
16792,281641972.01558733,0.6765030404487534,0.6222487448274697,0.5015170891943582,3.7818806574568757,3.5379977852452846,1.301240870412348,1.0936847224135577,0.5689470942359723,0.19533111005240592,0.44122201048118154,0.33539780848022865,0.03406383992377322,0.8046688899475941,1.0,0.493806574559314,0.36338732729871365,16792,0.6222487448272632,0.7123533910364435,1.4896334291663582,-0.03585035058787724,-0.8673846843390949,16792.0,0.6222487448272632,0.6584787240305257,1.8807504697769164,0.01802431641804077,-1.2585017249496533,SMH,y2026,11:00-11:30,all
9563,122302359.07704067,0.6801220321529645,0.5976633027445121,0.5015045135401657,3.869840008366875,3.3807948735758173,1.3996014151289908,1.299806792891358,0.45980933936730606,0.2258705427167207,0.48980445466903694,0.2612150998640594,0.02426016940290704,0.7741294572832793,0.9995817212171912,0.5275656449419396,0.4205793161141901,9559,0.5978813547166818,0.17010557680353816,0.8005127867763305,0.5103010550069776,-0.20263143205964881,9559.0,0.5978813547166818,1.1020807558626389,2.273817497003693,-0.42167412405212323,-1.6759361422870112,SMH,y2026,11:30-12:00,all
17399,345668851.9705529,0.8889944218149484,0.8470579608560834,0.5073523815961765,5.187721133399701,4.993914130406018,1.60359584470082,1.623622979793263,0.5217085317207939,0.2123685269268349,0.4507155583654233,0.2817403299040175,0.05575033047876315,0.7876314730731652,0.9998275762974883,0.4903426074959761,0.3179493074314616,17396,0.847094667461709,2.397600597331701,0.5167352592665961,-1.5084528653729041,0.3303594081951127,17396.0,0.847094667461709,3.8719884132107985,0.9604974472418036,-2.982840681252002,-0.11340277978009357,SMH,y2026,12:00-12:30,all
10602,157109972.21595854,0.6086743119583831,0.6534777956449148,0.33743883921008616,3.5353235238647396,3.8175603974307566,1.273834002176501,1.2400725987006136,0.5269673697569393,0.2511790228258819,0.41152612714582154,0.31333710620637617,0.02490096208262592,0.7488209771741181,0.9993397472175062,0.49136385087305334,0.4209583097528768,10595,0.6538309949843947,0.8493551189122649,1.108614160156052,-0.24027866252902783,-0.45478316517165723,10595.0,0.6538309949843947,0.8281017006752296,0.5743875226230809,-0.21902524429199258,0.0794434723613136,SMH,y2026,12:30-13:00,all
10764,191525866.18232682,0.6484584281641772,0.6930411192660251,0.49683269159442034,3.7567911557056286,4.055958440544935,1.3139210061498297,1.2201876863708365,0.5679791125636697,0.2373652917131178,0.4195466369379413,0.32134894091415833,0.02238944630248978,0.7626347082868822,0.9992567818654775,0.47787281517292673,0.39371980676328505,10756,0.6935049486849788,0.5155348629931946,0.5829898663999782,0.13340586969149146,0.11051508228500065,10756.0,0.6935049486849788,-0.17656395659361654,-0.4179545701143988,0.8255046892783025,1.1114595187993777,SMH,y2026,13:00-13:30,all
13702,198862177.77048624,1.4357886417738053,2.2172596843799717,0.33471968595531315,8.506200554666325,13.230239695092253,1.562589982644047,1.2698516594975975,1.7460777152956635,0.3258648372500365,0.36907020872865276,0.23507517150780907,0.07042767479200117,0.6741351627499635,0.9997080718143336,0.5308804204993429,0.4643117793022916,13698,2.2174329889309874,0.3835627920004929,-0.537150680258721,1.052645119342707,2.7545836691897088,13698.0,2.2174329889309874,0.5252777048666865,-0.4431047313188079,0.9109302064765136,2.6605377202497955,SMH,y2026,13:30-14:00,all
8479,131992224.86272416,0.5014563001606162,0.47954034353537284,0.3352217491867824,2.8607406533801103,2.759337495729379,1.1339202099300814,1.0597180778749138,0.45251690383258375,0.2621771435310768,0.43082910720603845,0.2964972284467508,0.012619412666588042,0.7378228564689232,0.9991744309470456,0.5193578847969783,0.3835357943153674,8472,0.4803906336172409,0.0626014182666586,0.08031718275451054,0.43926921075361675,0.40007345086273044,8472.0,0.4803906336172409,-0.3290532433093429,-0.004189235367976713,0.8309238723296185,0.48457986898521743,SMH,y2026,14:00-14:30,all
8265,128335216.60538301,0.5766702172905114,0.5875035977667634,0.3338312983530735,3.236892921961329,3.308065935827412,1.096792145744824,1.0153641889925373,0.5786136680176747,0.24440411373260737,0.3955232909860859,0.31264367816091954,0.050090744101633396,0.7555958862673926,0.9995160314579552,0.5018762861639027,0.356442831215971,8261,0.5876285320166047,0.1420777461603578,0.13935429799347349,0.4348716965105397,0.44827423402313127,8261.0,0.5876285320166047,0.6557473673519837,1.0478768776086673,-0.0787979246810863,-0.46024834559206274,SMH,y2026,14:30-15:00,all
12005,199831359.18612543,0.47502286614108125,0.6172256879527218,0.3340459647244423,2.72521449396158,3.610819871353591,0.9066564367394814,0.8572417396210736,0.7200135730973085,0.21566014160766347,0.3650145772594752,0.39408579758433987,0.02815493544356518,0.7843398583923366,0.9998334027488547,0.47813046738315423,0.31361932528113284,12003,0.617245961933702,1.2454857423396462,1.6302142576740006,-0.7703837255087147,-1.0129682957402986,12003.0,0.617245961933702,1.9498612077831816,1.158239208748972,-1.4747591909522497,-0.5409932468152696,SMH,y2026,15:00-15:30,all
30283,493494187.79129755,0.5445689336724477,0.6375011637621537,0.33355570380223165,3.0210606610982427,3.53117332563466,0.9571348987909148,0.9278328922752669,0.6870861866072125,0.2337945381897434,0.32926064128388866,0.3973186276128521,0.042300960935178156,0.7662054618102566,0.9999009345177162,0.5272457067371202,0.3193210712280818,30280,0.6375733607065766,0.024862675414671773,-0.024977019297477268,0.5197602115865357,0.6625503800040539,30280.0,0.6375733607065766,0.27323188324028236,0.9104385059595381,0.27139100376092506,-0.27286514525296124,SMH,y2026,15:30-16:00,all
32966,681135795.9234617,3.249306916118823,2.7609880680909384,2.0314880655879812,18.565209003216417,15.879843713074346,4.733134362463823,4.424150550671873,0.6240719063395439,0.16422981253412608,0.47454953588545773,0.2845659163987138,0.07695807801977796,0.835770187465874,0.9995753200266941,0.49496236950716194,0.4126069283504216,28138,2.8890125880984248,4.317363132281775,4.331203790725804,-0.8134233513339078,-1.4421912026273798,,,,,,,SMH,y2026,open 09:30-09:35 (fixed),all
67057,1462330337.5676236,0.34121332174951846,0.35928198821039226,0.16762632739463895,1.963798261181496,2.0746873195540614,0.5787033485892558,0.5475813203826553,0.65612535496887,0.27003892211103986,0.1841269367851231,0.5180219812994915,0.03148068061499918,0.7299610778889601,1.0,0.48858433869692947,0.2948238066122851,47509,0.34164856412851613,-0.08355567660704274,0.4454851203156465,0.41779963614401194,-0.10383655618713042,,,,,,,SMH,y2026,close 15:55-16:00 (fixed),all
2481626,21154149322.293518,0.8398594276645731,0.6223866849573726,0.5263157894737042,1.7682711818785835,1.2956860974900215,0.9464336176352374,0.8899981535241444,0.6993123328322592,0.1827918469584055,0.45509315263460326,0.2678957264309771,0.10593457676539494,0.8172081530415946,0.9999387498357931,0.639607346278865,0.6632631186165845,2481474,0.622457515390651,0.5356383638960477,0.499995864914051,0.3042725084472474,0.12246165047659999,2481474.0,0.622457515390651,0.8052138312228545,1.0730026322790467,0.034697041120440295,-0.45054511688839594,NVDA,last12m,RTH all,all
835655,9843121024.977999,0.6298718842005196,0.5952698108648538,0.4735184790582146,1.307861258534063,1.2362155741724563,0.9170198529291231,0.8148536559586732,0.7305235811509251,0.26057045072428214,0.10127026105270716,0.6378361883791757,0.03420670013342827,0.7394295492757178,0.9998564000694067,0.47489692233120095,0.0,835535,0.5953796364666635,0.12918362252461454,0.027413179294793037,0.5007787242249896,0.5679664571718704,835535.0,0.5953796364666635,1.004638797725559,1.0802434074167955,-0.37467645097595526,-0.4848637709501319,NVDA,last12m,RTH all,lit
1645971,11311028297.315521,0.946469532358674,0.6459844221830059,0.5326941004153816,2.002020047741023,1.347438735981121,0.9613669059771874,0.955390650515213,0.6761468953402948,0.1433038613681529,0.634728072365795,0.08007796006126475,0.14235062464648526,0.8566961386318471,0.9999805585882133,0.7232199978249497,1.0,1645939,0.6460182034816678,0.7419687092683731,0.9111939976905012,0.20451922415186605,-0.26517579420883347,1645939.0,0.6460182034816678,0.7039788891096675,1.0667023734945027,0.24250904431057185,-0.4206841700128346,NVDA,last12m,RTH all,offexchange_TRF
341053,3559191542.9761405,2.1259508284100113,1.2980639702559866,0.8741640805971331,4.540886841634877,2.770889253234896,1.8099638125573942,1.7292202756100274,0.7506643245887576,0.2002738577288574,0.3954722579774991,0.2726555696621933,0.13472099644336805,0.7997261422711426,0.9998299384553134,0.5505300664232613,0.51849126088907,340995,1.2984407524711816,3.1598657978560802,1.8386440857140858,-1.0335533654694777,-0.5402033332429046,340995.0,1.2984407524711816,2.8877946406137465,4.264577843757601,-0.7614822082271434,-2.966137091286419,NVDA,last12m,09:30-10:00,all
311845,2600445069.3162074,0.8157113757654331,0.5574434388403344,0.5590808710474886,1.654637528259515,1.1106031257533702,1.020089475532187,0.9285061579694547,0.6003659039369266,0.19008802449935064,0.4198688450993282,0.24670910227837548,0.15138610527665988,0.8099119755006493,0.9999935865574243,0.6319654441497805,0.662101364459908,311843,0.5574513670313667,-0.11022413600206389,0.7423558959676966,0.9259407433189525,-0.18490452893632972,311843.0,0.5574513670313667,-1.8969266145302295,2.4670170224739847,2.7126432218471175,-1.9095656554426181,NVDA,last12m,10:00-10:30,all
288982,1765007286.2840595,0.7994940164952671,0.5069495079987133,0.555262500346534,1.6668279685242735,1.0504297474807804,0.9520178914827311,0.8023369345740801,0.6318411706521114,0.14395360264653162,0.4988615207867618,0.20654919683578907,0.16167442954924527,0.8560463973534684,0.9999723166148756,0.6938686525431353,0.7486971506875861,288974,0.5069618993972695,0.09660186735283535,0.7882845873217214,0.7029142824558058,-0.28132268792445186,288974.0,0.5069618993972695,-1.1310634479460613,1.2813636891304978,1.9305795977547033,-0.7744017897332285,NVDA,last12m,10:30-11:00,all
290594,1881538866.3224883,0.6848758821251946,0.5332406795629353,0.5413208228076711,1.4198366105289508,1.1122087459140992,0.8120457473497771,0.7210233625819416,0.7395608897517999,0.13308258257224856,0.5159707358032168,0.21149782858558677,0.14945250073986385,0.8669174174277514,0.9999931175454414,0.694379060676137,0.7533190637108819,290592,0.533272280146267,0.44931609490391783,0.4031715867158952,0.23556450088075995,0.13010069343037192,290592.0,0.533272280146267,3.2581541373477063,-0.759033334437057,-2.5732735415630286,1.2923056145833238,NVDA,last12m,11:00-11:30,all
224253,1204128827.473066,0.6319363643423944,0.4318224585667637,0.5335704757695554,1.3341790745276518,0.8858254513526169,0.8132501165187316,0.7228079581928268,0.5974234977246397,0.12474749501678907,0.5962818780573726,0.17085613124462104,0.11696164599804684,0.8752525049832109,0.9999955407508484,0.7293357472843052,0.8030126687268397,224252,0.43182275856516067,0.8801197816637133,-0.1621183222366053,-0.24818059934715042,0.5939410808017661,224252.0,0.43182275856516067,4.821233817737021,-1.7110339964662655,-4.189294635420459,2.142856755031426,NVDA,last12m,11:30-12:00,all
214698,1392315603.087411,0.6518659560372455,0.5256315135932328,0.4791222480438756,1.3754107630254289,1.0803754521509608,0.8189603413817271,0.7624223268013692,0.6894230338170217,0.14549273863752807,0.5475411974028636,0.20811558561328006,0.11008020568426348,0.8545072613624719,0.9999534229475822,0.6891954836786406,0.7316882318419361,214688,0.5256859264435167,-0.3189368287557362,-0.4751523313654077,0.9708331482019149,1.0008382578089245,214688.0,0.5256859264435167,0.5288734388818437,-1.0102113249711422,0.12302288056433468,1.5358972514146592,NVDA,last12m,12:00-12:30,all
113352,1054552239.8649156,0.4813508482575319,0.41864153328519815,0.4459010545568558,1.0340736819821137,0.8783441574314396,0.7305408430530689,0.68960012710478,0.6070786776719785,0.22483061613381325,0.45688651280965487,0.28892300091749595,0.042531230150328184,0.7751693838661867,0.999920601312725,0.615194586344106,0.6676459171430588,113343,0.41867304141982764,0.02771539362086022,-0.17612991845969106,0.45367367629673583,0.5948029598795186,113343.0,0.41867304141982764,-2.4799674436172685,1.1602199459276512,2.9613565135348647,-0.7415469045078237,NVDA,last12m,12:30-13:00,all
120941,1371150385.1977015,0.4600270491137876,0.4382952360761591,0.4412575841143257,0.9841400352240609,0.9242633748022739,0.7092010847446382,0.6845495789647194,0.6402680675649765,0.23221240108813387,0.4129368865810602,0.3312028179029444,0.037720872160805684,0.7677875989118661,1.0,0.6179294035934877,0.6309026715505908,120941,0.4382952360759639,-0.48455635111896905,0.13671771543421532,0.944583400232614,0.3015775206417487,120941.0,0.4382952360759639,-1.4004381993594301,0.06967719639727515,1.860465248473075,0.36861803967868856,NVDA,last12m,13:00-13:30,all
113758,1102633025.0123663,0.5038436570948601,0.4719048236859822,0.4397053973858524,1.0744023277486023,0.9775530099967101,0.7055510678883302,0.656090610597232,0.7192677597632627,0.2548392200988062,0.39614796322016915,0.32477715852951,0.03829181244395999,0.7451607799011938,0.9999472564566888,0.6098266404107181,0.6406142864677649,113752,0.4719441017136893,-0.3120806662587181,0.19205858445322632,0.8159508992548854,0.27988551726046296,113752.0,0.4719441017136893,-0.9992309822479096,0.40969341405491383,1.5031012152440768,0.06225068765877546,NVDA,last12m,13:30-14:00,all
97662,966699652.2936621,0.4237145946489716,0.39836828395029367,0.44407931256482025,0.9041248387297401,0.8184845774207643,0.6650589335320185,0.6241752242848402,0.6382314908553622,0.22694599741967192,0.4291331326411501,0.34071593864553257,0.023632528516720937,0.7730540025803281,0.9996723392926624,0.6204752637508962,0.6379758759804223,97630,0.39862823627504074,0.6756827595929836,0.09449987697889652,-0.2518292848148025,0.30412835929614424,97630.0,0.39862823627504074,0.6872469288912915,0.07427816799623492,-0.2633934541131104,0.32435006827880586,NVDA,last12m,14:00-14:30,all
91774,893635427.6735289,0.4218527867495547,0.3773198918837736,0.4357583284331328,0.905749776625462,0.7869739709949671,0.6398552150049982,0.5935301237431938,0.6357215527733362,0.214832087519341,0.4538322400679931,0.328066772724301,0.022054176564168502,0.785167912480659,0.9998801403447599,0.6393644497237448,0.6517096345370148,91763,0.37739259969509886,-0.2419104275734847,0.3671640428868326,0.663813783513706,0.010228556808266284,91763.0,0.37739259969509886,-0.24755867634910605,1.037794976962016,0.6694620322893277,-0.6604023772669173,NVDA,last12m,14:30-15:00,all
104566,1177642916.7655687,0.41348045099180464,0.3891272056946432,0.4357203546759725,0.8720566914679128,0.7908217267873116,0.6105545803223987,0.594515271795267,0.6545285279545296,0.22782740087600176,0.3979400569974944,0.36709829198783545,0.028661323948510987,0.7721725991239983,0.9999139299581126,0.610030892240596,0.6121492645793087,104557,0.3891374035145955,-0.08389412044271069,0.003974475827362154,0.49741016277746175,0.38516292768723354,104557.0,0.3891374035145955,1.0840276388090107,-0.6286903050955133,-0.6705115964742595,1.017827708610109,NVDA,last12m,15:00-15:30,all
168148,2185208480.0264053,0.6078278480768353,0.5506002618518944,0.4444740760516367,1.2707488640961568,1.1184970158419574,0.6401393976351847,0.6087129998113892,0.904531794166543,0.22772795394533388,0.2748768941646645,0.4711623093941052,0.05145467088517259,0.7722720460546662,0.9999762114327854,0.5453599295841659,0.4712693579465709,168144,0.5506086330106583,0.32490888113000815,0.07895487272620956,0.2829334266442967,0.4716537602844486,168144.0,0.5506086330106583,1.1696952280549902,0.7827642268880407,-0.5618529202806853,-0.23215559387738247,NVDA,last12m,15:30-16:00,all
439095,5354599410.613506,2.7576208513945204,1.467235703954838,0.9727153348591339,5.681572006058145,3.0685962526174975,2.01856507217135,1.8563567213654946,0.7903845672913405,0.18940092690647808,0.37875630558307427,0.31761463920108407,0.11810200526082056,0.8105990730935219,0.9997904781425432,0.5264018696910955,0.43601270795613706,368669,1.5938397432541989,3.3878990452546405,-0.38595877923520455,-0.30066136995834203,1.9797985224894035,,,,,,,NVDA,last12m,open 09:30-09:35 (fixed),all
354452,5793265382.54873,0.5516144724698149,0.5172978108519645,0.4438230921150791,1.1614650220625307,1.0785333717236,0.6015531386269188,0.5771284069324351,0.8963305299794834,0.2626138376987575,0.1171329263200659,0.5826740997370589,0.05615428887409297,0.7373861623012424,0.999985893717626,0.5238075085979004,0.29406802613612,221787,0.5077065058422059,0.032243145019541314,0.4990373303574307,0.5411821858298163,0.008669175484775233,,,,,,,NVDA,last12m,close 15:55-16:00 (fixed),all
1372071,9990775533.120388,0.814882708876834,0.6303215133588586,0.4460800713749414,1.8333433911221007,1.4191830299120978,0.9156625114198679,0.918789199610191,0.686034961693369,0.15485787543064464,0.5554552206117613,0.2122200673288773,0.08445991497524545,0.8451421245693553,0.9999482534067115,0.6829475218658893,0.7380266764620781,1372000,0.6303899778015047,0.3094247611469674,0.8157942514391286,0.5055001173160112,-0.18540427363762396,1372000.0,0.6303899778015047,-0.6962521625283904,1.745667830972187,1.5111770409913687,-1.115277853170682,NVDA,last5,RTH all,all
359446,4629449856.438,0.6735884813640316,0.5953503525981207,0.44405959279694956,1.517113001675111,1.3406313932912697,0.951059741435663,0.8430567298154059,0.7061806537366442,0.23690902110470002,0.11640413302693589,0.633299577683435,0.03903228857742192,0.7630909788953,0.9998219482203168,0.46724376846920546,0.0,359382,0.5954880005137784,0.23145813164381723,0.3274299770441443,0.44225030470614113,0.26805802346963403,359382.0,0.5954880005137784,2.1661075329904906,2.3390724346562015,-1.4923990966405325,-1.7435844341424227,NVDA,last5,RTH all,lit
1012625,5361325676.682387,0.8650371539108465,0.6605187527967454,0.5235830533618594,1.9455939760525167,1.4870115642723332,0.9030977488075904,0.9841834122662136,0.6711337994163231,0.12573262560177756,0.7113028021231946,0.06275175904209357,0.10058511294901865,0.8742673743982224,0.9999930872731762,0.7595016087014057,1.0,1012618,0.6605205957610502,0.3370954160672842,1.237395505017973,0.5279477176503526,-0.576874909256923,1012618.0,0.6605205957610502,-1.712114562856023,1.2333860406987762,2.5771576965736593,-0.5728654449377261,NVDA,last5,RTH all,offexchange_TRF
174867,1946538458.4990406,2.5431019092474427,1.3684578486408756,0.8998470260073183,5.697626424654419,3.070637025931756,2.089156961589636,1.9186373249346176,0.7132446715470363,0.18487764987104485,0.4486152332915873,0.26389770511302874,0.10497692532038636,0.8151223501289552,0.9996740379831529,0.5592014186831417,0.5191316829361744,174810,1.3691751476425207,4.253742913114827,2.7357063703553925,-1.7098117789442897,-1.3665312227128723,174810.0,1.3691751476425207,0.1701074383031943,6.4499622619488175,2.3738236958673435,-5.080787114306296,NVDA,last5,09:30-10:00,all
141170,1018258719.7950612,0.7009980551639212,0.48698267983456683,0.5371050040257637,1.5816571509529935,1.0945498719078792,0.9416470881561763,0.8503155676370476,0.5727081784329187,0.16422752709499186,0.5237585889353262,0.2019480059502727,0.11449316427002905,0.8357724729050081,0.999992916341999,0.675729090664381,0.7438265920521357,141169,0.4869833259897627,-0.006703688098517987,0.5495510021025551,0.7077067089279631,-0.06256767611279246,141169.0,0.4869833259897627,-4.840383707724304,1.5519276332495187,5.541386728553749,-1.0649443072597564,NVDA,last5,10:00-10:30,all
159499,891832806.372488,0.7266715046391009,0.5278150519945211,0.5393500831498249,1.6389143505605495,1.1906694745679316,0.8884696962406147,0.7884280757158325,0.6694523803142161,0.12857760863704476,0.5685552887478919,0.16672204841409663,0.1404899090276428,0.8714223913629553,0.9999623822092929,0.7247778899387434,0.7985441914996332,159493,0.5278316617922196,-1.0467775988125765,1.2521259289833806,1.773476440256497,-0.7242942671911611,159493.0,0.5278316617922196,-5.2502735396715385,3.034702198626221,5.97697238111546,-2.506870536834002,NVDA,last5,10:30-11:00,all
154144,855644604.7819464,0.5848716508906296,0.5634156661918579,0.4511922755878316,1.3185474621134743,1.2773177718670896,0.7251221529936954,0.6355953977554131,0.8864376113822475,0.1138870147394644,0.6003477268009134,0.17238426406477061,0.12023821880838696,0.8861129852605356,1.0,0.7355654452979032,0.8130773821880839,154144,0.5634156661916236,1.0048421585841663,0.7606251384057214,-0.4199705076936172,-0.19720947221409785,154144.0,0.5634156661916236,5.224247423279724,0.013660292129702498,-4.639375772389174,0.5497553740619213,NVDA,last5,11:00-11:30,all
135203,570318232.6033285,0.5569788579585779,0.39159096375244734,0.4503591614308318,1.2525529758956055,0.8802561458710327,0.723337839953457,0.6450906556223144,0.6070324540272286,0.09902147141705435,0.6757320473658129,0.1287249543279365,0.10223145936110885,0.9009785285829457,1.0,0.7669134560623655,0.864337329792978,135203,0.39159096375221364,0.22817908970230458,0.3582066963324996,0.3287997682562074,0.03338426741971402,135203.0,0.39159096375221364,2.7644606106445933,-1.056514440456658,-2.2074817526860815,1.4481054042088715,NVDA,last5,11:30-12:00,all
126197,714457036.8691738,0.5643201049620298,0.500299720843826,0.4438230921150791,1.2719528990389117,1.1226017349428288,0.7173428900399239,0.7379580687648424,0.6779514203038702,0.11826747070057132,0.6342226835820186,0.17004366189370587,0.08310023217667616,0.8817325292994287,0.9999920758813601,0.729254493010872,0.7932676688035373,126196,0.5003020817357156,-2.1332760357215976,-0.5911364159977983,2.697600612458445,1.091438497733514,126196.0,0.5003020817357156,-3.502946904201218,-2.1913886833567826,4.067271480938065,2.6916907650924977,NVDA,last5,12:00-12:30,all
74940,585143915.3819542,0.4759190263289141,0.3795622382184015,0.44229195692036116,1.07371790765971,0.8557436389445839,0.6939999137385046,0.6383024134729015,0.5946432759877313,0.18797704830531092,0.5523885775286896,0.22723512143047772,0.0437016279690419,0.8120229516946891,1.0,0.6637309847878302,0.7529356818788364,74940,0.3795622382182008,-0.1231606172438972,0.13233716737730056,0.5990796435726955,0.24722507084090029,74940.0,0.3795622382182008,-3.602083775557655,1.6048672311987207,4.078002801886453,-1.2253049929805202,NVDA,last5,12:30-13:00,all
69581,618760754.7834585,0.44352652332661063,0.4197471691502624,0.4352651853137568,1.0013633032008107,0.9480944940945825,0.6855970561765634,0.6521958727884615,0.6435906552975177,0.190770468949857,0.5391989192451963,0.24932093531280092,0.030008191891464624,0.809229531050143,1.0,0.6609994107586841,0.7352581882985297,69581,0.4197471691500799,-0.3615936078424128,0.8023040428225159,0.8051201311689182,-0.38255687367243596,69581.0,0.4197471691500799,-1.4049384059319723,0.7080172976214363,1.8484649292584774,-0.2882701284713562,NVDA,last5,13:00-13:30,all
69271,546372921.8147452,0.5277864826238734,0.46276638111555884,0.43943488673525827,1.196022577990962,1.050119887036828,0.7123692639475515,0.6411188267592124,0.7218106251142145,0.207272884756969,0.5190772473329387,0.24420031470600972,0.037634796668158395,0.792727115243031,1.0,0.6564363153411962,0.7258015619812043,69271,0.4627663811153683,-0.5981073438799532,0.2387629188615892,1.1258938265037022,0.22400346225377918,69271.0,0.4627663811153683,-1.2000355293005027,-0.041816162157085876,1.7278220119242516,0.5045825432724542,NVDA,last5,13:30-14:00,all
58590,397353190.54359984,0.43966581804265115,0.3857706337920792,0.44013115908750905,0.9932503840247958,0.8716426810473735,0.7059680809824113,0.6664388886853756,0.5788537258878371,0.17907492746202425,0.5973886328725039,0.20878989588667007,0.021727257211128177,0.8209250725379758,0.9999487967229903,0.6988069025551743,0.7770267963816351,58587,0.38578836846256204,0.9321934403938485,0.11818238545209508,-0.4925051088678825,0.267605983010467,58587.0,0.38578836846256204,0.9024591068518815,-0.21462667954205186,-0.4627707753259151,0.6004150480046141,NVDA,last5,14:00-14:30,all
58972,427205391.3213669,0.4263033868748689,0.3780344801342568,0.3341099926877619,0.9641070338468264,0.8571409709450326,0.6438522782830709,0.5874270364471531,0.6435428686099742,0.16826629586922606,0.5962321101539714,0.2213253747541206,0.0239944380383911,0.831733704130774,1.0,0.7075391711320627,0.7616835108186936,58972,0.37803448013409474,-0.3619357293391584,0.3046626801131288,0.788239116213932,0.07337180002096587,58972.0,0.37803448013409474,-0.24106713058508586,1.1101123700574265,0.6673705174598594,-0.7320778899233318,NVDA,last5,14:30-15:00,all
60266,492232219.05714625,0.3975812989375886,0.3522040383880907,0.2679348918200284,0.8995596190226415,0.798330954523497,0.5939084013406116,0.569996269446548,0.6179058658227219,0.17064348056947531,0.5705206916005708,0.24237546875518534,0.02588524209338599,0.8293565194305247,0.999950220688282,0.6944725619368435,0.7517173862542728,60263,0.3522142244431716,-0.1596570564667226,0.14874974621203643,0.5572581477128825,0.20346447823113523,60263.0,0.3522142244431716,1.8207603578992928,-0.8704945489404144,-1.4231592666531323,1.2227087733835853,NVDA,last5,15:00-15:30,all
89371,926657281.2970788,0.4910606224111475,0.41155854354268345,0.4353409808228339,1.1088417943182596,0.9297749200693672,0.5830302922488483,0.5536695117656815,0.7433288898827053,0.20329860916852222,0.39944724798872117,0.37274954963019324,0.043593559432030526,0.7967013908314777,1.0,0.5979344530104844,0.5993443063186045,89371,0.41155854354253246,-0.17369944563368375,-0.25522055877764765,0.6647600680447269,0.6667791023201801,89371.0,0.41155854354253246,1.1318199190415679,1.5596098007254988,-0.640759296630525,-1.1480512571829662,NVDA,last5,15:30-16:00,all
224434,2687396001.769247,2.703284493231233,1.603895612068544,1.307502887403498,6.069237192225955,3.6078064036172313,2.312316854986659,2.1194633244752272,0.7567461033871221,0.16920787402978157,0.444504843294688,0.2677669158861848,0.12081502802605666,0.8307921259702185,0.9995900799344127,0.5475301102780576,0.49606565850094014,189800,1.7447393207446509,3.682944779833428,-0.04265581159656763,-0.6766381161645342,1.787395132341219,,,,,,,NVDA,last5,open 09:30-09:35 (fixed),all
213536,3244061928.5148616,0.5170028788791816,0.47480867255960535,0.43982143249800565,1.170263374794239,1.0753028564777067,0.5847593308252883,0.5609268374058819,0.8464716624282996,0.24935842199910085,0.1420041585493781,0.5622283830361157,0.06065956091712873,0.7506415780008991,0.9999859508466956,0.5410030299766313,0.31740315450322193,129568,0.45055931025238566,0.037604134607470384,0.5165599107776064,0.4552773599336287,-0.06600060052522072,,,,,,,NVDA,last5,close 15:55-16:00 (fixed),all
2948002,28613113873.362923,0.8217079266471656,0.6286269348424877,0.5355708292421876,1.6388805570690683,1.1830370090242046,0.9500223789714042,0.8969800956568007,0.7008259579965201,0.19757415361319294,0.41102991110589476,0.31065582723485263,0.09514952839245021,0.802425846386807,0.9999396201223744,0.6188435944615418,0.6289110387306386,2947824,0.6286897499018417,0.4176486810179254,0.3486979452504427,0.40410886324906503,0.279991804651399,2947824.0,0.6286897499018417,0.6825623759811684,0.9398925166729603,0.13919516828582199,-0.31120276677111863,NVDA,normal18m,RTH all,all
1093971,12759045666.476,0.6398396902790778,0.61024551217205,0.5521048999304847,1.2100695539464301,1.15769757158056,0.9195779523146311,0.8280129383576792,0.7369999717425194,0.25596473763929756,0.0843249044078865,0.6662489225034302,0.031122397211626268,0.7440352623607024,0.9998765963631577,0.4831720660135523,0.0,1093836,0.6103398283286997,-0.13027778890744102,-0.46366599532746594,0.7701964474760915,1.0740058236561656,1093836.0,0.6103398283286997,0.7701281321921651,0.6985556495258795,-0.1302094736235146,-0.08821582119717969,NVDA,normal18m,RTH all,lit
1854031,15854068206.886919,0.9290192803450452,0.643419946213855,0.5329070077271718,1.8919004914159456,1.2034296953232224,0.9679861130589877,0.9524835221580368,0.6755181913867254,0.1631207892424668,0.6038022017970573,0.10083811975096425,0.1329287374375078,0.8368792107575331,0.9999768072917875,0.6988885580704945,1.0,1853988,0.6434559540662468,0.7409202977475283,1.002408194341172,0.18812052957023123,-0.3589522402749252,1853988.0,0.6434559540662468,0.6308993789656476,1.1340965866188302,0.2981414483521123,-0.49064063255258344,NVDA,normal18m,RTH all,offexchange_TRF
440947,4983494337.18604,1.9141198889584798,1.2333053297324736,0.8066503842805847,3.8480997943066373,2.359726144385221,1.783777330774739,1.7095521868013912,0.7214201118013334,0.21675167310357027,0.3605081789874974,0.310899042288529,0.11591869317627743,0.7832483268964298,0.9998684649175524,0.5398547026575851,0.5006225237953768,440889,1.233560980012269,2.0911505324467625,0.8696538068688371,-0.17677883644957337,0.363907173143432,440889.0,1.233560980012269,1.853722620078113,2.597477361222627,0.060649075919076256,-1.3639163812103576,NVDA,normal18m,09:30-10:00,all
359855,3282289508.7231073,0.7874087065427228,0.5557347394457279,0.5585188081203555,1.5426927512473123,1.0372179901857943,0.994765639834879,0.8996143913311568,0.6177477203576177,0.20262883661474762,0.384196412443901,0.28660154784566005,0.137661002348168,0.7973711633852524,0.9999777688235539,0.6159284362520738,0.6330077392283003,359847,0.5557465234055786,0.09369657034374132,0.9517673971101951,0.6937296416098686,-0.3960208737046165,359847.0,0.5557465234055786,-1.2951895140813166,2.6782862377859162,2.0826157260349265,-2.1225397143803377,NVDA,normal18m,10:00-10:30,all
324459,2296981054.4641595,0.8044474054390571,0.5179144284952752,0.5553858543217852,1.6044551083498693,0.9887093824257229,0.9389306720851821,0.7964782697770472,0.6502555664704469,0.15963187952869237,0.4607793280506936,0.24469039231459136,0.1475656400346423,0.8403681204713076,0.9999753435719151,0.673556253486659,0.7150302503552066,324451,0.5179241559733196,0.20508200072700275,0.8225831657512458,0.5993852400006006,-0.30465900977792604,324451.0,0.5179241559733196,-0.8307561493940817,1.624492549183799,1.6352233901216846,-1.1065683932104797,NVDA,normal18m,10:30-11:00,all
339874,2767878849.463488,0.6685105978053233,0.5362586725755407,0.5528068769201885,1.3382348752774724,1.0260563160073952,0.7931030002033485,0.6999932349514912,0.766091221742597,0.14886399077305118,0.46127094158423415,0.26951752708356624,0.13415854110641,0.8511360092269488,0.9999941154663199,0.6763811081819038,0.7029457975602723,339872,0.5362802750763271,0.2674257748602966,0.09265500756054434,0.4010887568412019,0.4436252675157828,339872.0,0.5362802750763271,2.081548996851445,-1.529635808673191,-1.4130344651499473,2.0659160837495176,NVDA,normal18m,11:00-11:30,all
267831,1930257249.3329659,0.6390791700329623,0.5104945883790932,0.546768209336408,1.2575541292832308,0.8626953374359212,0.8121419955599194,0.7414232935459016,0.6885332479070384,0.14648042982328408,0.5225197979322782,0.23836299756189538,0.10647012481751553,0.8535195701767159,0.9999925326045155,0.695260782066169,0.7356392650589364,267829,0.510499603313501,0.5133918609352325,-0.6643737694144741,0.12569208139016916,1.1748733727279748,267829.0,0.510499603313501,4.24890622306421,-0.6301585271985166,-3.6098222807388076,1.1406581305120176,NVDA,normal18m,11:30-12:00,all
253071,2051904559.571811,0.6367291897537246,0.5382139850123531,0.5326704545454747,1.2764935531927428,0.972029264800304,0.808071335433604,0.7533055460617571,0.7144696966936036,0.16586649596358335,0.49045524773680116,0.26189093179384443,0.09734817501807794,0.8341335040364166,0.9999565339371165,0.6610171500829842,0.6952278214414137,253060,0.5382534564480649,-0.25432587402912726,0.020521732941493544,0.8910827410967646,0.5177317235065715,253060.0,0.5382534564480649,0.575066045124358,0.19402432993210694,0.061690821943279295,0.3442291265159579,NVDA,normal18m,12:00-12:30,all
136920,1450497397.0593157,0.48871775638076054,0.4405851477188545,0.4462990650030529,0.9807678936608265,0.8270676908804906,0.7305062656870918,0.6976427455415515,0.6315340488158395,0.23216476774758985,0.40964796961729477,0.33519573473561204,0.0394902132632194,0.7678352322524101,0.9999196611159802,0.5895740966627467,0.636262050832603,136909,0.4406161320292795,0.07732188589227017,-0.06479295278714459,0.41143513668208354,0.5054090848164241,136909.0,0.4406161320292795,-1.8652760892085156,1.2695942720081903,2.3540331117828694,-0.8289781399789106,NVDA,normal18m,12:30-13:00,all
143479,1763700075.1221018,0.4760317460703511,0.460561659342138,0.445761918558892,0.9448151994371116,0.876340893324065,0.7218748284509113,0.70377647777222,0.6544146812067803,0.24149875591549982,0.3770586636371873,0.36298691794618027,0.03612375330187693,0.7585012440845001,0.999965151694673,0.5992862818350363,0.6108698833975704,143474,0.4606256637635941,-0.36143683831427215,0.2374649533708994,0.8374851738622227,0.22316071039269492,143474.0,0.4606256637635941,-0.8939326004149617,0.505669230875275,1.3699809359629123,-0.04504356711168086,NVDA,normal18m,13:00-13:30,all
132869,1411477930.6899662,0.5055704377773387,0.48426882746302585,0.44451359100264065,1.01815020809993,0.9179234757708926,0.71908878244409,0.6829677877598967,0.7090653997773534,0.262228209740421,0.3642911439086619,0.3544543874041349,0.036020441186431745,0.737771790259579,0.9999322641097622,0.5961162125545687,0.6161181313925747,132860,0.48430557013075237,-0.252127290427196,0.30212228318708734,0.7577319757878566,0.18218328694366503,132860.0,0.48430557013075237,-0.5290925567470286,0.9291205360566406,1.0346972421076892,-0.4448149659258883,NVDA,normal18m,13:30-14:00,all
118273,1319922107.1172621,0.4487363994224009,0.4426251004838675,0.44777790216012114,0.8739778309506727,0.7939719421523458,0.6933535516632754,0.6756679536072349,0.6550926355479707,0.23986877816576901,0.38335883929552816,0.37380467224133995,0.024959204552180127,0.760131221834231,0.9997125294868652,0.5962330533918588,0.6093783027402704,118239,0.4428376358843328,0.6935632394328661,0.07235489309508551,-0.2446978044336879,0.3704827427892473,118239.0,0.4428376358843328,0.5275596165202426,-0.7303814930959309,-0.07869418152106425,1.1732191289802638,NVDA,normal18m,14:00-14:30,all
110309,1183021683.6124291,0.43867106373017273,0.40161148146476755,0.43943488673525827,0.8757091443130709,0.7626406007110184,0.6622196057444298,0.6241438456565729,0.6434598118039428,0.22957328957745968,0.4054338267956377,0.36405914295297753,0.022255663635786745,0.7704267104225403,0.9998821492353298,0.6130775368100384,0.6182360460161909,110296,0.4016813587407855,-0.1674902883647792,0.37740221157840215,0.6062130559084506,0.024279147162383403,110296.0,0.4016813587407855,-0.19971293711352825,0.7427826667063133,0.6384357046571999,-0.341101307965528,NVDA,normal18m,14:30-15:00,all
125329,1522683593.3315687,0.43187856657746243,0.4100954143385643,0.4396087482136896,0.8465630460630721,0.7625662170542635,0.6278669716318114,0.620447445197425,0.6609672060267293,0.23861995228558433,0.3581373824094982,0.40135962147627446,0.027359988510241046,0.7613800477144157,0.9999202100072608,0.591721925645752,0.5863766566397243,125319,0.4101067548317036,-0.10270530470995431,-0.03438401966968193,0.5346183336247128,0.4444907745013855,125319.0,0.4101067548317036,0.8203107674212234,-0.5442730008680888,-0.3883977385064649,0.9543797556997923,NVDA,normal18m,15:00-15:30,all
194786,2649005527.688705,0.5981725729235566,0.5414662352685744,0.4446519486867607,1.1962298111776377,1.04311606845863,0.6522351239395956,0.6255520621247161,0.8655814088909876,0.2334818724138285,0.25982873512470095,0.48634398776092735,0.04625075724128017,0.7665181275861714,0.9999640631256866,0.5365414136020824,0.4683344798907519,194779,0.5414860305020003,0.3542915927422005,0.14086746244372533,0.2439024774063395,0.400618568058275,194779.0,0.5414860305020003,1.284553907082972,1.2638645647039335,-0.6863598369344318,-0.722378534201933,NVDA,normal18m,15:30-16:00,all
561999,7122914555.319306,2.6846149377801676,1.4319242015368856,0.9674922600610396,5.269090122936409,2.777061309167667,2.0291746150716987,1.8906389873675529,0.7573757925782739,0.19991316710527954,0.3618600744841183,0.3278012950200979,0.1141265375917039,0.8000868328947205,0.9998309605533106,0.5177343460804693,0.44080861353845824,472689,1.5349108582946749,2.18544635749485,-1.6514617367117992,0.8098534818790705,3.1863725950064743,,,,,,,NVDA,normal18m,open 09:30-09:35 (fixed),all
448254,7530066099.59813,0.5481079105835633,0.5379362429502313,0.44445432120673367,1.0856822694278894,1.0514005534069795,0.6219433930763764,0.6003250345528734,0.8960749793666197,0.2682028492774186,0.10824443284387869,0.592730907030389,0.05061416072137672,0.7317971507225814,0.9999843838537972,0.5156955874774399,0.29201524135869394,279301,0.5163181046454247,-0.08469379557218637,0.23133738791093228,0.6472927417099249,0.2849807167344924,,,,,,,NVDA,normal18m,close 15:55-16:00 (fixed),all
1372071,9990775533.120388,0.814882708876834,0.6303215133588586,0.4460800713749414,1.8333433911221007,1.4191830299120978,0.9156625114198679,0.918789199610191,0.686034961693369,0.15485787543064464,0.5554552206117613,0.2122200673288773,0.08445991497524545,0.8451421245693553,0.9999482534067115,0.6829475218658893,0.7380266764620781,1372000,0.6303899778015047,0.3094247611469674,0.8157942514391286,0.5055001173160112,-0.18540427363762396,1372000.0,0.6303899778015047,-0.6962521625283904,1.745667830972187,1.5111770409913687,-1.115277853170682,NVDA,since_2026-07-15,RTH all,all
359446,4629449856.438,0.6735884813640316,0.5953503525981207,0.44405959279694956,1.517113001675111,1.3406313932912697,0.951059741435663,0.8430567298154059,0.7061806537366442,0.23690902110470002,0.11640413302693589,0.633299577683435,0.03903228857742192,0.7630909788953,0.9998219482203168,0.46724376846920546,0.0,359382,0.5954880005137784,0.23145813164381723,0.3274299770441443,0.44225030470614113,0.26805802346963403,359382.0,0.5954880005137784,2.1661075329904906,2.3390724346562015,-1.4923990966405325,-1.7435844341424227,NVDA,since_2026-07-15,RTH all,lit
1012625,5361325676.682387,0.8650371539108465,0.6605187527967454,0.5235830533618594,1.9455939760525167,1.4870115642723332,0.9030977488075904,0.9841834122662136,0.6711337994163231,0.12573262560177756,0.7113028021231946,0.06275175904209357,0.10058511294901865,0.8742673743982224,0.9999930872731762,0.7595016087014057,1.0,1012618,0.6605205957610502,0.3370954160672842,1.237395505017973,0.5279477176503526,-0.576874909256923,1012618.0,0.6605205957610502,-1.712114562856023,1.2333860406987762,2.5771576965736593,-0.5728654449377261,NVDA,since_2026-07-15,RTH all,offexchange_TRF
174867,1946538458.4990406,2.5431019092474427,1.3684578486408756,0.8998470260073183,5.697626424654419,3.070637025931756,2.089156961589636,1.9186373249346176,0.7132446715470363,0.18487764987104485,0.4486152332915873,0.26389770511302874,0.10497692532038636,0.8151223501289552,0.9996740379831529,0.5592014186831417,0.5191316829361744,174810,1.3691751476425207,4.253742913114827,2.7357063703553925,-1.7098117789442897,-1.3665312227128723,174810.0,1.3691751476425207,0.1701074383031943,6.4499622619488175,2.3738236958673435,-5.080787114306296,NVDA,since_2026-07-15,09:30-10:00,all
141170,1018258719.7950612,0.7009980551639212,0.48698267983456683,0.5371050040257637,1.5816571509529935,1.0945498719078792,0.9416470881561763,0.8503155676370476,0.5727081784329187,0.16422752709499186,0.5237585889353262,0.2019480059502727,0.11449316427002905,0.8357724729050081,0.999992916341999,0.675729090664381,0.7438265920521357,141169,0.4869833259897627,-0.006703688098517987,0.5495510021025551,0.7077067089279631,-0.06256767611279246,141169.0,0.4869833259897627,-4.840383707724304,1.5519276332495187,5.541386728553749,-1.0649443072597564,NVDA,since_2026-07-15,10:00-10:30,all
159499,891832806.372488,0.7266715046391009,0.5278150519945211,0.5393500831498249,1.6389143505605495,1.1906694745679316,0.8884696962406147,0.7884280757158325,0.6694523803142161,0.12857760863704476,0.5685552887478919,0.16672204841409663,0.1404899090276428,0.8714223913629553,0.9999623822092929,0.7247778899387434,0.7985441914996332,159493,0.5278316617922196,-1.0467775988125765,1.2521259289833806,1.773476440256497,-0.7242942671911611,159493.0,0.5278316617922196,-5.2502735396715385,3.034702198626221,5.97697238111546,-2.506870536834002,NVDA,since_2026-07-15,10:30-11:00,all
154144,855644604.7819464,0.5848716508906296,0.5634156661918579,0.4511922755878316,1.3185474621134743,1.2773177718670896,0.7251221529936954,0.6355953977554131,0.8864376113822475,0.1138870147394644,0.6003477268009134,0.17238426406477061,0.12023821880838696,0.8861129852605356,1.0,0.7355654452979032,0.8130773821880839,154144,0.5634156661916236,1.0048421585841663,0.7606251384057214,-0.4199705076936172,-0.19720947221409785,154144.0,0.5634156661916236,5.224247423279724,0.013660292129702498,-4.639375772389174,0.5497553740619213,NVDA,since_2026-07-15,11:00-11:30,all
135203,570318232.6033285,0.5569788579585779,0.39159096375244734,0.4503591614308318,1.2525529758956055,0.8802561458710327,0.723337839953457,0.6450906556223144,0.6070324540272286,0.09902147141705435,0.6757320473658129,0.1287249543279365,0.10223145936110885,0.9009785285829457,1.0,0.7669134560623655,0.864337329792978,135203,0.39159096375221364,0.22817908970230458,0.3582066963324996,0.3287997682562074,0.03338426741971402,135203.0,0.39159096375221364,2.7644606106445933,-1.056514440456658,-2.2074817526860815,1.4481054042088715,NVDA,since_2026-07-15,11:30-12:00,all
126197,714457036.8691738,0.5643201049620298,0.500299720843826,0.4438230921150791,1.2719528990389117,1.1226017349428288,0.7173428900399239,0.7379580687648424,0.6779514203038702,0.11826747070057132,0.6342226835820186,0.17004366189370587,0.08310023217667616,0.8817325292994287,0.9999920758813601,0.729254493010872,0.7932676688035373,126196,0.5003020817357156,-2.1332760357215976,-0.5911364159977983,2.697600612458445,1.091438497733514,126196.0,0.5003020817357156,-3.502946904201218,-2.1913886833567826,4.067271480938065,2.6916907650924977,NVDA,since_2026-07-15,12:00-12:30,all
74940,585143915.3819542,0.4759190263289141,0.3795622382184015,0.44229195692036116,1.07371790765971,0.8557436389445839,0.6939999137385046,0.6383024134729015,0.5946432759877313,0.18797704830531092,0.5523885775286896,0.22723512143047772,0.0437016279690419,0.8120229516946891,1.0,0.6637309847878302,0.7529356818788364,74940,0.3795622382182008,-0.1231606172438972,0.13233716737730056,0.5990796435726955,0.24722507084090029,74940.0,0.3795622382182008,-3.602083775557655,1.6048672311987207,4.078002801886453,-1.2253049929805202,NVDA,since_2026-07-15,12:30-13:00,all
69581,618760754.7834585,0.44352652332661063,0.4197471691502624,0.4352651853137568,1.0013633032008107,0.9480944940945825,0.6855970561765634,0.6521958727884615,0.6435906552975177,0.190770468949857,0.5391989192451963,0.24932093531280092,0.030008191891464624,0.809229531050143,1.0,0.6609994107586841,0.7352581882985297,69581,0.4197471691500799,-0.3615936078424128,0.8023040428225159,0.8051201311689182,-0.38255687367243596,69581.0,0.4197471691500799,-1.4049384059319723,0.7080172976214363,1.8484649292584774,-0.2882701284713562,NVDA,since_2026-07-15,13:00-13:30,all
69271,546372921.8147452,0.5277864826238734,0.46276638111555884,0.43943488673525827,1.196022577990962,1.050119887036828,0.7123692639475515,0.6411188267592124,0.7218106251142145,0.207272884756969,0.5190772473329387,0.24420031470600972,0.037634796668158395,0.792727115243031,1.0,0.6564363153411962,0.7258015619812043,69271,0.4627663811153683,-0.5981073438799532,0.2387629188615892,1.1258938265037022,0.22400346225377918,69271.0,0.4627663811153683,-1.2000355293005027,-0.041816162157085876,1.7278220119242516,0.5045825432724542,NVDA,since_2026-07-15,13:30-14:00,all
58590,397353190.54359984,0.43966581804265115,0.3857706337920792,0.44013115908750905,0.9932503840247958,0.8716426810473735,0.7059680809824113,0.6664388886853756,0.5788537258878371,0.17907492746202425,0.5973886328725039,0.20878989588667007,0.021727257211128177,0.8209250725379758,0.9999487967229903,0.6988069025551743,0.7770267963816351,58587,0.38578836846256204,0.9321934403938485,0.11818238545209508,-0.4925051088678825,0.267605983010467,58587.0,0.38578836846256204,0.9024591068518815,-0.21462667954205186,-0.4627707753259151,0.6004150480046141,NVDA,since_2026-07-15,14:00-14:30,all
58972,427205391.3213669,0.4263033868748689,0.3780344801342568,0.3341099926877619,0.9641070338468264,0.8571409709450326,0.6438522782830709,0.5874270364471531,0.6435428686099742,0.16826629586922606,0.5962321101539714,0.2213253747541206,0.0239944380383911,0.831733704130774,1.0,0.7075391711320627,0.7616835108186936,58972,0.37803448013409474,-0.3619357293391584,0.3046626801131288,0.788239116213932,0.07337180002096587,58972.0,0.37803448013409474,-0.24106713058508586,1.1101123700574265,0.6673705174598594,-0.7320778899233318,NVDA,since_2026-07-15,14:30-15:00,all
60266,492232219.05714625,0.3975812989375886,0.3522040383880907,0.2679348918200284,0.8995596190226415,0.798330954523497,0.5939084013406116,0.569996269446548,0.6179058658227219,0.17064348056947531,0.5705206916005708,0.24237546875518534,0.02588524209338599,0.8293565194305247,0.999950220688282,0.6944725619368435,0.7517173862542728,60263,0.3522142244431716,-0.1596570564667226,0.14874974621203643,0.5572581477128825,0.20346447823113523,60263.0,0.3522142244431716,1.8207603578992928,-0.8704945489404144,-1.4231592666531323,1.2227087733835853,NVDA,since_2026-07-15,15:00-15:30,all
89371,926657281.2970788,0.4910606224111475,0.41155854354268345,0.4353409808228339,1.1088417943182596,0.9297749200693672,0.5830302922488483,0.5536695117656815,0.7433288898827053,0.20329860916852222,0.39944724798872117,0.37274954963019324,0.043593559432030526,0.7967013908314777,1.0,0.5979344530104844,0.5993443063186045,89371,0.41155854354253246,-0.17369944563368375,-0.25522055877764765,0.6647600680447269,0.6667791023201801,89371.0,0.41155854354253246,1.1318199190415679,1.5596098007254988,-0.640759296630525,-1.1480512571829662,NVDA,since_2026-07-15,15:30-16:00,all
224434,2687396001.769247,2.703284493231233,1.603895612068544,1.307502887403498,6.069237192225955,3.6078064036172313,2.312316854986659,2.1194633244752272,0.7567461033871221,0.16920787402978157,0.444504843294688,0.2677669158861848,0.12081502802605666,0.8307921259702185,0.9995900799344127,0.5475301102780576,0.49606565850094014,189800,1.7447393207446509,3.682944779833428,-0.04265581159656763,-0.6766381161645342,1.787395132341219,,,,,,,NVDA,since_2026-07-15,open 09:30-09:35 (fixed),all
213536,3244061928.5148616,0.5170028788791816,0.47480867255960535,0.43982143249800565,1.170263374794239,1.0753028564777067,0.5847593308252883,0.5609268374058819,0.8464716624282996,0.24935842199910085,0.1420041585493781,0.5622283830361157,0.06065956091712873,0.7506415780008991,0.9999859508466956,0.5410030299766313,0.31740315450322193,129568,0.45055931025238566,0.037604134607470384,0.5165599107776064,0.4552773599336287,-0.06600060052522072,,,,,,,NVDA,since_2026-07-15,close 15:55-16:00 (fixed),all
465250,6978838908.877501,1.5058626461146623,1.466197553406872,0.9968598913413653,2.912420591080251,2.842062235787809,2.4348924714504494,2.4384967588844737,0.6012710691801804,0.1692530897367007,0.46005588393336916,0.3392305212251478,0.03403761418592155,0.8307469102632993,0.9999269210102095,0.49233259389186956,0.35853197205803333,465216,1.4662655678783398,0.9978215733871252,0.9813350487241838,0.5081511276910251,0.4849305191541566,465216.0,1.4662655678783398,1.0735057591383683,1.9443343175005985,0.4324669419397819,-0.4780687496222586,NVDA,y2022,RTH all,all
298443,2904135053.7279997,1.3332283732452588,1.4220246904823413,0.9856586664029279,2.5908156666433366,2.811772577666571,2.2947419679989003,2.227209121094877,0.6384782986984563,0.15065188327419307,0.4090161270326327,0.41818035604788856,0.02610213675643255,0.8493481167258069,0.9999229333574585,0.4727833255143757,0.0,298420,1.4221299142821895,0.23237818373457517,0.5673937418633126,1.1009529448640196,0.8547361724188764,298420.0,1.4221299142821895,1.5097480717508858,2.4336318120526523,-0.1764169431522911,-1.0115018977704628,NVDA,y2022,RTH all,lit
166807,4074703855.1495,1.8147315203103698,1.4976805676829974,1.2017453921190657,3.4878205351097344,2.8636503710345367,2.6856429597488454,2.5890863126623986,0.5784591113700295,0.20253346682093676,0.5513737433081346,0.1979773031107807,0.04823538580515206,0.7974665331790632,0.9999340555252477,0.527308808364709,1.0,166796,1.4977205749659572,2.3673005557375046,1.2763465797713156,-0.552449356018207,0.22137399519464182,166796.0,1.4977205749659572,0.2930108376185029,1.5956172394684613,1.5218403621007954,-0.09789666450250409,NVDA,y2022,RTH all,offexchange_TRF
83493,1240731796.2325,2.7912210772200883,2.4834240435447934,1.8012338451823129,5.928403099661231,5.172595879274355,4.370953316145936,4.15361800565701,0.5978941828936846,0.12212999892206532,0.5543219192028074,0.2780712155510043,0.04656677805324997,0.8778700010779347,0.9999640688440947,0.5067433225535992,0.3566406764638952,83490,2.483451578566279,3.578101297037426,3.0853069411079375,-0.7867799244140293,-0.6018553625416587,83490.0,2.483451578566279,4.89279612435749,10.947223375098492,-2.1014747517340937,-8.463771796532214,NVDA,y2022,09:30-10:00,all
41308,589054844.4389999,1.475380411487903,1.556584996515855,1.3952514940805392,2.641192989251537,2.818688325697947,2.626616730731696,2.675533212064982,0.5817849651413892,0.1491720732061586,0.5157596591459281,0.3066234143507311,0.029945773215841968,0.8508279267938413,0.9999757916142151,0.4842762727866948,0.3831703302023821,41307,1.556587169126725,-0.6838317784401398,-0.34721975614480216,2.1592479073707587,1.9038069252715273,41307.0,1.556587169126725,-2.691305660311704,-2.0623500283158114,4.166721789242323,3.6189371974425377,NVDA,y2022,10:00-10:30,all
44402,648408669.079,1.2219460518573584,1.2931016827323971,1.0622710711815606,2.2650367100582507,2.4394779352177047,2.1033327389455603,2.1223444319473432,0.6092798432090121,0.16744741227872617,0.45874059727039324,0.33624611503986307,0.03855682176478537,0.8325525877212738,0.9999099139678392,0.4877697193567278,0.354668708616729,44398,1.293226465251432,-0.7085353071923979,-0.632775267197716,1.930591449238513,1.9260017324491479,44398.0,1.293226465251432,-1.444288233528861,-0.37515029184853205,2.6663443755749765,1.6683767570999648,NVDA,y2022,10:30-11:00,all
32970,535982616.3272,1.1578134983377641,1.2449511869587493,0.9345357693570503,2.1254649681530715,2.320432243311731,2.046936024309223,2.082718927085822,0.5977528560230195,0.1770094024871095,0.4640279041552927,0.3313618441006976,0.03178647255080376,0.8229905975128905,1.0,0.49802851076736426,0.38398544131028206,32970,1.244951186958561,0.6064541629706189,0.4662283440616949,0.5513593353669637,0.7787228428968664,32970.0,1.244951186958561,1.097644842313862,1.4973234937339532,0.06016865602372068,-0.252372306775392,NVDA,y2022,11:00-11:30,all
27502,447589179.4218,1.0153174486053644,1.0865465026996828,0.8047318231192134,1.9192291469714122,2.1008883648748573,1.8448479099213324,1.863893801383487,0.5829444262828638,0.18958621191186095,0.45367609628390665,0.32986691876954405,0.02788888080866846,0.810413788088139,0.9998909170242164,0.5003454671078948,0.3757544905825031,27499,1.0865905560900975,0.8719709526586688,1.2397027038203405,0.1434572618778335,-0.15311214773024281,27499.0,1.0865905560900975,1.4045923235772109,1.6524944398458896,-0.3891641090407089,-0.5659038837557918,NVDA,y2022,11:30-12:00,all
25961,394695084.67700005,1.1793543654398448,1.3506678978284639,0.9896985701714542,2.2393020299681283,2.5447459032862785,2.085571369354102,2.0995187265567123,0.6433226247253382,0.16513231385539848,0.47763953622741806,0.3378529332460229,0.023650860906744734,0.8348676861446015,0.9998459227302492,0.4871903532765728,0.3455567967335619,25957,1.35069625599293,1.4907014655540545,2.290630357949655,-0.311165360411677,-0.9399341019567246,25957.0,1.35069625599293,-0.1233866803538302,3.5972709400223204,1.302922785496207,-2.24657468402939,NVDA,y2022,12:00-12:30,all
23838,400378032.2212,1.1119381626900822,1.2511279596491947,0.9562057754820142,2.157473781357689,2.4613936132512055,2.0014334497706243,2.036277017243106,0.6144193295188705,0.17648292642000168,0.48242302206560955,0.32070643510361607,0.023156305059149257,0.8235170735799984,0.9999161003439886,0.5005873468702803,0.3685711888581257,23836,1.2511825104808485,-0.3582962611283771,-1.0568737830928578,1.4703277228754053,2.3080562935737063,23836.0,1.2511825104808485,-5.121690468868111,-12.267349570291676,6.23372193061514,13.518532080772523,NVDA,y2022,12:30-13:00,all
35021,500270311.3607,1.2214113902422137,1.3803904957846285,0.9755621676982493,2.32341966248824,2.5974058614654414,2.0009197415944797,2.1350189476187618,0.646547187473072,0.14819679620798948,0.4009023157534051,0.42254647211672997,0.030381770937437536,0.8518032037920105,0.9999143371120185,0.4308355702781427,0.3184375089232175,35018,1.3805824187538451,1.28278473414867,0.6990031367116155,-0.06126870531585466,0.6815792820422295,35018.0,1.3805824187538451,6.697020747910315,4.959564771250526,-5.4755047190775,-3.57898235249668,NVDA,y2022,13:00-13:30,all
22690,339032992.9389,1.1911280700807836,1.2936987232152624,0.9788087897048233,2.2374878801236187,2.4187167028977505,2.076608029109825,2.1343898385328126,0.6061211030242515,0.17985896870868223,0.4488761568973116,0.3489202291758484,0.024944909651828998,0.8201410312913178,0.9999559277214632,0.4852571730794658,0.3930365799911855,22689,1.2937488635068843,0.00144072970494766,0.46106053685653964,1.1897398384174414,0.8326883266503446,22689.0,1.2937488635068843,2.116571161051648,0.2867944313932021,-0.9253905929292585,1.0069544321136823,NVDA,y2022,13:30-14:00,all
28721,472086122.6507,1.3562377505768175,1.4067248959517382,0.9945795414979268,2.5306013021832814,2.591894643530275,2.20978148951351,2.3621666902106737,0.5955231278899615,0.16816963197660248,0.47233731416037045,0.32860972807353506,0.035339995125517915,0.8318303680233975,1.0,0.5242505483792347,0.37119181087009506,28721,1.4067248959515684,-0.06291268743127845,0.9183505384165359,1.4191504380079558,0.48837435753503283,28721.0,1.4067248959515684,-5.864830823623246,-3.362448826427517,7.221068574199924,4.769173722379085,NVDA,y2022,14:00-14:30,all
24171,361701775.5683,2.239839989896639,1.1996853723795293,0.9856586664029279,3.769915187621797,2.2396887960333958,2.099349736691305,2.1081541084281885,0.5690691053293057,0.1986678250796409,0.43891440155558314,0.3359811344172769,0.028918952463696166,0.8013321749203591,0.9998758843241902,0.49180734856007946,0.3547639733565016,24168,1.1997666210915898,1.9018836627558184,0.7220370177566588,0.3382343609030252,0.4777296033349307,24168.0,1.1997666210915898,2.2433458200344503,1.843557523398587,-0.003227796375606763,-0.6437909023069968,NVDA,y2022,14:30-15:00,all
32644,452819105.7319,1.0124953523515694,1.0786542216598518,0.772349874492443,1.8601145692932115,2.0359590297835735,1.7896384227369586,1.859501589182342,0.5800770636255043,0.20337581178777112,0.38521627251562307,0.3848486705060654,0.030082097782134543,0.7966241882122289,0.9998774659968142,0.4836703431372549,0.34913000857738025,32640,1.0788001048253992,0.29469690538512305,0.7766357530973113,0.7179225272790534,0.3021643517280883,32640.0,1.0788001048253992,2.9130576577908074,1.706865326382779,-1.9004382251266314,-0.6280652215573801,NVDA,y2022,15:00-15:30,all
42529,596088378.2293,0.7803621208349049,0.8261568523462601,0.67053340932651,1.440491899645306,1.552402268356328,1.3189860171992525,1.3525770255794014,0.610802073909514,0.23195936890122035,0.315878576971008,0.417691457593642,0.03978461755508006,0.7680406310987796,0.999858919795904,0.505350045857536,0.32918714289073336,42523,0.8262043603418074,1.2302660160454213,1.3372853208847058,-0.4497937860292452,-0.5110809605428982,42523.0,0.8262043603418074,1.252973044637951,1.6163304096224027,-0.472500814621775,-0.7901260492805954,NVDA,y2022,15:30-16:00,all
107974,1319369255.2047,6.5411645983983435,3.1716185179916287,2.8232636928303543,11.196929445977746,6.082377120708691,5.546699511447266,5.310545417812629,0.5972302783351381,0.09096634374942116,0.5379813658843796,0.2577564969344472,0.1139070516976309,0.9090336562505789,0.9999629540444922,0.5091599518384736,0.3701817104117658,88970,3.4257345858563153,7.3237600449963995,1.924586066896764,0.15155028262753203,1.5011485189595517,,,,,,,NVDA,y2022,open 09:30-09:35 (fixed),all
85014,1269653581.4995,0.9968242227874279,1.1374701710947053,0.762340384981201,1.9085287129181785,2.2171896091525944,1.5696143737333195,1.643021972094839,0.6923036882120576,0.20200202319617946,0.30632601689133554,0.45540734467264216,0.03888771261204037,0.7979979768038206,1.0,0.5080222081069,0.2864351753828781,61068,0.9661135690841448,0.07279257119399847,-0.6072516279055875,0.8183544200742238,1.5733651969897322,,,,,,,NVDA,y2022,close 15:55-16:00 (fixed),all
523039,15830610412.2102,1.821986975933907,1.7219329721577352,1.2299870851368178,7.753483545204412,7.509224549735917,2.8638225050866137,2.9766244319801674,0.5784851302225715,0.13507023376841878,0.5768632931769906,0.2546081649743136,0.03408350046554846,0.8649297662315812,0.9999522024170282,0.5310565300355249,0.46498827047313873,523014,1.7219704892101024,-0.046068974235019884,0.20537961911481803,1.8681430409052149,1.516590870095284,523014.0,1.7219704892101024,0.6765785916657073,0.7320030122618093,1.1454954750044872,0.989967476948293,NVDA,y2023,RTH all,all
279832,5803898919.172,1.6458303083723402,1.8463531870159509,1.2265047681654604,6.877045513022266,8.168223188747474,2.678527229015343,2.7133622868302636,0.6804668864078787,0.08586937877011921,0.5575881243031533,0.3230402527230624,0.0346279196089082,0.9141306212298808,0.9999428228365591,0.5276217228464419,0.0,279816,1.8464180758136874,-0.33904449173839446,-0.4272564581510243,1.9849689094001086,2.2736745339647118,279816.0,1.8464180758136874,1.557427519129184,1.9666474214353864,0.08849689853253041,-0.12022934562169878,NVDA,y2023,RTH all,lit
243207,10026711493.0382,2.0246714077022707,1.6499131129007756,1.24308533780731,8.761906030665745,7.127767330053209,3.077021745624822,3.129012069816892,0.5272952216503682,0.19168033814816185,0.5990411460196459,0.17587076029884008,0.03345709621844766,0.8083196618518381,0.9999629944861784,0.5350085115831544,1.0,243198,1.6499363050073081,0.2910194779961837,0.5715693136427147,1.733726856484425,1.0783669913645935,243198.0,1.6499363050073081,-0.33689858942591394,0.017351927233879468,2.3616449239065225,1.6325843777734286,NVDA,y2023,RTH all,offexchange_TRF
98319,2880644112.1541,3.8089446935855786,3.033305219891501,2.4083811664593697,17.348274290829277,14.007316675906262,4.8262955313608105,5.015738612943205,0.6047574353384367,0.10307265126781191,0.6057527029363602,0.23477659455446048,0.05667266754137044,0.896927348732188,0.9999898290259258,0.5648507902927236,0.44019975793081706,98318,3.0333528144542234,0.1976239323300616,0.9819990708571705,3.611359502327213,2.0513537435970535,98318.0,3.0333528144542234,3.01641512251353,4.954347199974853,0.7925683121437441,-1.92099438552063,NVDA,y2023,09:30-10:00,all
70139,1947193672.5184999,1.688132315337156,1.7280442113812808,1.3960133979820075,7.200678367242438,7.550795356460042,2.7710959364470784,2.923924891397477,0.5910015734211865,0.1108940817519497,0.5356078643835812,0.31682801294572205,0.03755399991445558,0.8891059182480503,0.9999714851936868,0.6012946091221466,0.5114558234363193,70137,1.7280694425017307,-2.120483546604681,-0.588000485674044,3.8086640000804084,2.3160699281757746,70137.0,1.7280694425017307,-1.552520299791079,-1.820973624111038,3.2407007532668084,3.5490430666127697,NVDA,y2023,10:00-10:30,all
41076,1270698500.1306,1.535474866402434,1.559321619774499,1.257390266655761,6.625462070309162,6.869187409968957,2.8373115760037777,2.9885844954028387,0.5217592549827889,0.15281429545233227,0.6073132729574447,0.21248417567435973,0.028045574057843997,0.8471857045476677,1.0,0.513949751679813,0.4889473171681761,41076,1.5593216197743789,0.4852862899577886,-0.6876685384737395,1.0501885764445442,2.246990158248119,41076.0,1.5593216197743789,1.137657839860106,-1.2822646648469973,0.39781702654222656,2.841586284621376,NVDA,y2023,10:30-11:00,all
38547,1092042732.1276,1.247344303707233,1.3582787127561293,1.037764240721209,5.02755285755082,5.627106983062576,2.226158242481322,2.3669752776329434,0.5738457539423287,0.1474044672737178,0.5564635380185229,0.27008586919864064,0.02661685734298389,0.8525955327262822,0.9998702882195761,0.4739504955632816,0.461566399460399,38542,1.3583652580843926,0.330528215788116,0.42195335758836067,0.9169779041588967,0.9364119004960314,38542.0,1.3583652580843926,0.18541799013587248,1.362202132629986,1.0620881298111402,-0.003836874545593608,NVDA,y2023,11:00-11:30,all
32858,1041813208.8331,1.3268176428282714,1.4077504155911573,1.0888896954728582,5.62214011808419,6.136750957497813,2.349849852945516,2.3934771888098223,0.5881612000201154,0.13963114005721589,0.5982104814657009,0.23485909063241828,0.027755797674843263,0.8603688599427841,1.0,0.5495160995800109,0.47446588349869134,32858,1.4077504155910794,-0.4446436678659752,-0.41157373588443025,1.771461310694159,1.8193241514755092,32858.0,1.4077504155910794,0.565348285752281,0.24435172249617,0.7614693570759032,1.16339869309491,NVDA,y2023,11:30-12:00,all
29451,901192447.9651,1.2993856674167765,1.4218648605259876,1.0466877840499966,5.382966962072854,6.085041985116746,2.4034511674476593,2.5775482738571527,0.5516346192027856,0.1566670062137109,0.5890801670571457,0.22994125836134596,0.025228345387253406,0.8433329937862891,0.9998981358867272,0.509813909263787,0.5203558453023667,29448,1.4219100647699063,1.146127164504447,1.3460770952786996,0.15339087716521724,0.075832969491207,29448.0,1.4219100647699063,1.347349289400376,1.5094240559047072,-0.04783124773071175,-0.08751399113480095,NVDA,y2023,12:00-12:30,all
24396,794300553.9000001,1.3832418199478682,1.555244799520247,1.0505725192359998,6.151737989834699,7.090108987700853,2.5179695185304047,2.6857123202587228,0.5790809342418423,0.15932939826201017,0.5809149040826365,0.24221183800623053,0.01852762747991474,0.8406706017379898,0.999918019347434,0.5102894154300238,0.5163551401869159,24394,1.5552939326173336,1.0064426492052303,1.500443657378929,0.3769125791068936,0.05485027523840479,24394.0,1.5552939326173336,1.418134294064355,3.267756158559675,-0.03477906575223111,-1.7124622259423412,NVDA,y2023,12:30-13:00,all
27696,876016600.9340999,1.4713776586735126,1.4556060544962819,1.224939773795662,5.406920132871423,5.861756807742925,2.532164010777439,2.415302652790971,0.6026598997083349,0.12947718082033507,0.5681686886192953,0.27155545927209707,0.03159300982091277,0.8705228191796649,0.9998916811091855,0.528797891163832,0.4374638937030618,27693,1.4556214548621116,0.17317986085541365,0.31842904077689604,1.2983571930795013,1.1371924140852157,27693.0,1.4556214548621116,3.273917909637679,2.277989136723845,-1.8023808557027639,-0.8223676818617338,NVDA,y2023,13:00-13:30,all
28186,879417195.2352,1.3453978145017382,1.4221600557495546,1.0920726446738134,4.8784744199250625,5.606195697610752,2.350063685469673,2.3935535567017743,0.5941626214160158,0.1344993968636912,0.5826651529127936,0.2578939899240758,0.02518981054424182,0.8655006031363088,0.9998226069679983,0.5066534189702282,0.43461292840417226,28181,1.4223527796343498,-0.3403782767490372,-1.4621475828200425,1.68601479779314,2.8845003624543923,28181.0,1.4223527796343498,-2.749960131183839,-4.597107623101478,4.095596652227942,6.019460402735828,NVDA,y2023,13:30-14:00,all
26216,816426979.1019001,1.174235635409493,1.1600826890089906,1.0136333688095793,4.321343454379227,4.608608372048723,2.159826814689456,2.194848609212893,0.5285479299754594,0.14571254195910893,0.5867409215746109,0.23920506560878851,0.02879920659139457,0.854287458040891,1.0,0.5083155324992371,0.4574687213915166,26216,1.1600826890088562,1.0582400878405132,1.6596540678024563,0.11599554756887817,-0.4995713787936003,26216.0,1.1600826890088562,2.6102214796601015,2.4991709184422657,-1.4359858442507099,-1.339088229433409,NVDA,y2023,14:00-14:30,all
35125,1248258038.1485999,1.3624642988954276,1.4551524856224876,1.0959104275867217,5.571244412811685,6.319210512133185,2.4246343765406855,2.6319524149828317,0.5528794811558094,0.14798576512455516,0.5888113879003559,0.2321423487544484,0.03145907473309609,0.8520142348754448,0.9999430604982207,0.4983628961079634,0.4600996441281139,35123,1.45515539462046,0.11662735565825674,0.04220882895642648,1.2459145256929407,1.4129465656640336,35123.0,1.45515539462046,-0.12416951452451629,0.317995628063165,1.4867113958757132,1.137159766557295,NVDA,y2023,14:30-15:00,all
27922,893711369.9465001,1.2180104845247568,1.2877160462704524,1.0225889908083199,4.6016839767928,5.220287529098442,2.2341837431358615,2.379987693294186,0.5410599600572306,0.15450182651672517,0.5701597306783182,0.25087744430914694,0.025392163885108517,0.8454981734832748,0.9999283718931309,0.5009670487106017,0.4608552395960175,27920,1.2877405926467225,0.39673922441566545,-0.3048429715831255,0.821358510143694,1.5925835642298478,27920.0,1.2877405926467225,0.7217483417069199,-2.3113486515891375,0.49634939285243895,3.5990892442358593,NVDA,y2023,15:00-15:30,all
43108,1188895001.2149,0.9740544141648078,1.0668003678427915,0.8202436123544542,3.7267156908233745,4.2551420132780935,1.7790571947965859,1.8694443162651273,0.5706510531290392,0.1618725062633386,0.5308063468497727,0.2808759395007887,0.027419504500324765,0.8381274937366614,1.0,0.4966131576505521,0.40080727475178624,43108,1.0668003678426425,-0.21539293304216414,-0.10436445460515655,1.1894473472068225,1.171164822447799,43108.0,1.0668003678426425,-1.8077851906259486,-1.288061014840397,2.781839604790607,2.35486138268304,NVDA,y2023,15:30-16:00,all
110364,2979985511.3268995,4.202465236473665,3.248171473448306,2.6091843291001817,17.40214689572722,14.291456761855656,5.255295201650443,5.364008210957609,0.605549310460214,0.10053097024392012,0.6262277554274944,0.20379834003841832,0.0695969700264579,0.8994690297560799,0.9999909390743358,0.5412411768436886,0.4104418107353847,90482,3.2332878931153872,4.2500087364134105,6.237121447288639,0.19577024904952126,-3.0038335541732515,,,,,,,NVDA,y2023,open 09:30-09:35 (fixed),all
88791,2283090602.1455,0.8117638763132271,0.9304781245429804,0.6156182346115493,3.067761597459599,3.7148909715720246,1.326566575494445,1.3772815270006236,0.6755903613761016,0.1836334763658479,0.4253359011611537,0.35493462175220464,0.03718845378473044,0.8163665236341521,1.0,0.4910632834408893,0.3098962732709396,61721,0.9480920657824289,-0.4201120981502484,-0.25172371694394735,1.2303041637228902,1.199815782726376,,,,,,,NVDA,y2023,close 15:55-16:00 (fixed),all
544311,12915366038.5574,1.2806687797813898,1.5384653167992666,0.8406540288336686,5.7969360531023035,9.246750959671584,1.8936360572382278,2.526529521234422,0.6089243382549502,0.21059467840995313,0.29146572455820297,0.4579036616934069,0.054939179990850816,0.7894053215900468,0.9999853025200667,0.5238681396207627,0.4832788607983304,544303,1.5385075348450976,0.8248317766168949,0.9317774809620213,0.45585582604469,0.6067300538830763,544303.0,1.5385075348450976,2.9985520514537862,3.1659397243162073,-1.7178644487922012,-1.6274321894711083,NVDA,y2024,RTH all,all
281257,4528632751.528,1.167502112882687,1.671196650599166,0.8417154160194711,5.177527314875871,10.711271270579632,1.7326355871942891,2.2929746489910414,0.7288334615188741,0.19058370102788552,0.16487411868860152,0.6460212545821081,0.02626067973419328,0.8094162989721144,0.9999964445329361,0.51425036265893,0.0,281256,1.671259221802507,0.4189856966437242,-0.801940935452179,0.7485205672689121,2.473200157254686,281256.0,1.671259221802507,4.589618845973266,1.0393077551920993,-3.42211258206063,0.6319514666104082,NVDA,y2024,RTH all,lit
263054,8386733287.0294,1.401666435137052,1.4667936128320203,0.8367850717535589,6.459207082956828,8.45594547936456,2.0657775536729828,2.6526434928514857,0.5529554260815033,0.23199038980589537,0.42681730747299035,0.2567685722323173,0.08560219574688087,0.7680096101941046,0.9999733894941722,0.5341516915228077,1.0,263047,1.466825944437039,1.2587718902427263,1.8679290000623507,0.14293184493956515,-0.4011030556253115,263047.0,1.466825944437039,1.2973462503635973,4.314251774078287,0.10435748481869421,-2.8474258296412476,NVDA,y2024,RTH all,offexchange_TRF
100561,2576784620.1970997,1.7000522213818112,2.2357705985809906,0.8516074089836836,9.015418899971515,14.794884977564895,2.863599513269473,3.7645667419338267,0.5938985152465364,0.20713795606646712,0.3692385716132497,0.38351846143137003,0.043456210658207456,0.7928620439335329,1.0,0.5276598283628842,0.41696084963355573,100561,2.235770598580881,2.178653262906748,1.846653715202062,-0.4786010415250664,0.38911688337881856,100561.0,2.235770598580881,6.505620670470619,4.413771567794693,-4.805568449088938,-2.1780009692138123,NVDA,y2024,09:30-10:00,all
83857,1666707403.9559,1.251327732356423,1.4577345928043293,0.8431347750954283,4.82949998211268,7.090913825403681,1.799059412238498,2.3500691571169114,0.6202943383133,0.22939051003494043,0.2235710793374435,0.5054080160272846,0.052828028667851225,0.7706094899650595,0.9999880749370953,0.5213103415378745,0.4410484515305818,83856,1.457882899606606,0.3079269682379008,-0.12837028885610785,0.9434156864582168,1.5862531884627136,83856.0,1.457882899606606,5.286891045198224,4.313635808375103,-4.035548390502106,-2.8557529087684976,NVDA,y2024,10:00-10:30,all
80765,1529199241.9787002,1.326406417243254,1.2968933471495168,0.8374157350408998,5.175036711447088,6.2568169942943905,1.610893462978403,1.8981545743523873,0.6832390600180657,0.2051259827895747,0.23012443508945707,0.4877855506717019,0.08603974493902061,0.7948740172104253,1.0,0.5398997090323779,0.5249674982975299,80765,1.2968933471493984,0.20541082830592827,1.3575004277683718,1.1209955889371834,-0.0606070806189731,80765.0,1.2968933471493984,1.0862066971910924,3.163562921361996,0.2401997200520198,-1.8666695742125976,NVDA,y2024,10:30-11:00,all
51630,1042972433.553,1.3425938915615339,1.465621717822699,0.8439174648735666,5.6769781135001685,8.856483104944873,1.6907235552305433,2.2777639333968893,0.6434475918832285,0.18291690877396863,0.29544838272322294,0.4327910129769514,0.10507456904900252,0.8170830912260314,1.0,0.5583381754793725,0.5591129188456324,51630,1.4656217178225952,-1.5559944576076052,-1.4106250997603778,2.8985883491690227,2.8762468175829734,51630.0,1.4656217178225952,-2.108690208883788,3.110150707772553,3.4512841004452057,-1.6445289899499589,NVDA,y2024,11:00-11:30,all
32597,679477314.6751001,1.0800737735264776,1.2553553727562072,0.8443449993659733,3.8430597907785837,7.397768401507639,1.5108329336732318,2.1130417242156123,0.594098714838303,0.19814706874865784,0.3495106911678989,0.3908335122864067,0.08163327913611682,0.8018529312513422,1.0,0.547995214283523,0.6054851673466883,32597,1.2553553727560771,1.3727195049470544,0.5846897907888351,-0.29264573142071715,0.6706655819672417,32597.0,1.2553553727560771,7.856501620351231,0.39048486998882276,-6.776427846824892,0.8648705027672551,NVDA,y2024,11:30-12:00,all
26269,666026230.6297001,0.9794018745325032,1.1743115734931076,0.8404420725293864,3.9814785488601325,6.370619124739967,1.4613701060814284,1.8435313574982362,0.6369902897050294,0.2071643381933077,0.2668925349271004,0.5141040770489931,0.03152004263580646,0.7928356618066923,0.9999619323156572,0.5352520176640779,0.4887129315923712,26268,1.1743117832122607,2.645664498629989,2.8059304732341923,-1.6662253391168609,-1.6316186900219314,26268.0,1.1743117832122607,1.3795734208784285,1.70585730996309,-0.4001342613653001,-0.5315455267508302,NVDA,y2024,12:00-12:30,all
18741,561346553.447,1.0798885235892408,1.3944642388890618,0.841149009548667,5.821754442132629,9.594679550643894,1.7187980518160477,2.3900560959794572,0.5834441464511331,0.21957206125606957,0.33477402486526864,0.44325276132543623,0.03052131689877808,0.7804279387439305,1.0,0.45104316738701244,0.4994930900165413,18741,1.3944642388889612,-0.5928642412442663,-0.0426056779512293,1.6727527648333522,1.4370699168401906,18741.0,1.3944642388889612,-1.4046574743678863,-0.9181180439985546,2.4845459979569724,2.312582282887516,NVDA,y2024,12:30-13:00,all
22543,776673494.5252,1.4329196814813476,1.7836650863776542,0.837275505504325,8.703621523311451,12.54319702483678,2.3639547977531934,3.082586761959363,0.5786260774194448,0.21780597081133832,0.37013707137470614,0.3908086767510979,0.0314510047464845,0.7821940291886617,1.0,0.49944550414762895,0.5066317703943575,22543,1.7836650863775516,2.4881299776792325,3.152010531967389,-1.0552102961980292,-1.3683454455898376,22543.0,1.7836650863775516,8.287701997155974,11.128766666221834,-6.854782315674773,-9.345101579844279,NVDA,y2024,13:00-13:30,all
23358,671256988.6601,1.1175066140347678,1.386231052766604,0.8355789521312541,5.867974141621973,9.379514663180206,1.7915639088397337,2.462889756143568,0.5628473825548679,0.2135028683962668,0.3329480263721209,0.4483260553129549,0.02384621971059166,0.7864971316037332,0.9999571881154209,0.5060581410283855,0.516696634985872,23357,1.3862335278256197,0.21424825138731357,-0.49799871662159917,0.9033062072597464,1.8842322444472193,23357.0,1.3862335278256197,0.2969911975888464,-1.3635968409929933,0.8205632610582138,2.749830368818614,NVDA,y2024,13:30-14:00,all
22491,608750982.4355,1.124451076399681,1.4608219401288074,0.830323410967817,6.042889155662625,9.71521820103595,1.8660560506214958,2.5995905511290083,0.5619430873428776,0.22893601885198525,0.3169267707082833,0.4596949891067538,0.02538793295095816,0.7710639811480148,1.0,0.5194077631052421,0.4873504957538571,22491,1.460821940128705,0.6642001961262815,0.37427740931293935,0.4602508802732537,1.0865445308157657,22491.0,1.460821940128705,1.5280167494043544,-0.12313402304927744,-0.40356567300481944,1.5839559631779832,NVDA,y2024,14:00-14:30,all
24013,588561405.6861,1.0663794846101053,1.2809388867988147,0.8330903486475533,4.2179427809939405,6.958805965929032,1.4886960807793144,2.0083348141538506,0.6378114235591232,0.21267646691375505,0.2525298796485237,0.506017573814184,0.05334610419356182,0.7873235330862449,1.0,0.4775330029567318,0.4592928830216966,24013,1.2809388867987006,2.070249351863492,2.387318285456181,-1.0038698672535487,-1.1063793986574808,24013.0,1.2809388867987006,-1.548198308584464,0.6123447661961674,2.614577793194407,0.6685941206025333,NVDA,y2024,14:30-15:00,all
23832,699178204.1434,1.0312938226370234,1.3077109217790632,0.8305992773778731,5.006404833837113,7.860164093762852,1.6166151054010325,2.121805726060863,0.6163198193487918,0.21231957032561263,0.2964081906680094,0.48564954682779454,0.029959718026183284,0.7876804296743873,0.9999160792212152,0.5244229962232481,0.4650469956361195,23830,1.3077299555663249,0.22422847787865105,0.6931810204627417,0.80715189900268,0.6145489351035831,23830.0,1.3077299555663249,1.284466099961474,2.969656132304063,-0.2530857230801426,-1.6619261767377382,NVDA,y2024,15:00-15:30,all
33654,848431164.6705999,0.8822767208091615,1.032583311859684,0.8376261674430898,3.0884631841686017,5.279623937399263,1.285698167353253,1.6909980146676802,0.610635437122385,0.21759671955785345,0.23396921614072622,0.5542877518274202,0.02487074344802995,0.7824032804421466,0.9999108575503655,0.5002228759917982,0.4271111903488441,33651,1.0327943495277778,0.9977249044314707,0.48477361134513364,-0.11536952830276423,0.5480207381826441,33651.0,1.0327943495277778,2.0248558882405296,3.8532332113802594,-1.1425005121118232,-2.820438861852482,NVDA,y2024,15:30-16:00,all
117365,2475125022.8862,2.524126132518149,2.430474192808865,1.5018125323674423,9.918258765390213,13.771431771614788,3.1328668320182547,4.046065034772309,0.6007007232758529,0.1787500532526733,0.36608869765262214,0.38909385251139605,0.06795893153836323,0.8212499467473268,1.0,0.4819665147190389,0.419341370936821,97928,2.492322936383671,-2.063557102101906,0.5329704428764415,4.7560776355232335,1.959352493507229,,,,,,,NVDA,y2024,open 09:30-09:35 (fixed),all
66959,1385917058.6880999,0.9931363501281917,1.187902202736342,0.8393134416040039,3.705718424707836,6.308952930999974,1.3528243653312222,1.7580506897485275,0.675692805482338,0.18049851401603967,0.21653549186815813,0.5761286757568064,0.045505458564196,0.8195014859839603,0.9999551964635075,0.5510633849094928,0.2945235143894025,40059,0.9933136512142651,0.9192413475629595,0.884426604922564,-0.059747950066118466,0.10888704629170129,,,,,,,NVDA,y2024,close 15:55-16:00 (fixed),all
818503,10809081921.7137,0.7480204331201943,0.6189962815742166,0.5546465514845617,1.1459525988300878,0.9080507741930823,0.9564712401645528,0.8961971748597216,0.690692069712344,0.2542348653578545,0.24303881598479174,0.43628428973381894,0.08582497559569116,0.7457651346421454,0.9999389128689815,0.5410267907870091,0.5073359535640065,818453,0.6190374993022553,0.30206462994125766,-0.06470537846632142,0.44600150039246417,0.6837428777685769,818453.0,0.6190374993022553,1.8245767899227687,0.38964148115391983,-1.0765106595890475,0.22939601814833535,NVDA,y2025,RTH all,all
403247,4243279642.7590003,0.6065015452383037,0.6165354888683077,0.5550159567114055,0.8899260254883994,0.9064103402520691,0.9110416698843564,0.8473618497797725,0.7275941075569355,0.2743603796184473,0.050797650075512034,0.6914521372756648,0.02130704010197224,0.7256396203815527,0.9999231240406005,0.4954218086583866,0.0,403216,0.6165675770068039,-0.6067626729675265,-1.617315904483113,1.2133108471784355,2.233883481489917,403216.0,0.6165675770068039,-0.29182672290340606,-0.6813383773108409,0.8983748971143152,1.2979059543176448,NVDA,y2025,RTH all,lit
415256,6565802278.9547,0.8854466641239814,0.6205866175530352,0.5528374381508089,1.3945750091512292,0.9091109370873419,1.0005870095376102,0.9277579700154747,0.6689100364642344,0.23469137110601654,0.4297204615947753,0.1884957712832566,0.14847708401564336,0.7653086288939834,0.9999542450921841,0.5853115208904794,1.0,415237,0.6206337736716222,1.1845816257043238,0.9387239168010495,-0.2990944461962367,-0.31809014312942735,415237.0,0.6206337736716222,3.879710987568256,1.081799975906532,-2.9942238080601684,-0.4611662022349097,NVDA,y2025,RTH all,offexchange_TRF
163086,1927592493.4383001,1.136231375203159,0.9730980261461991,0.565147362174173,1.6402964080304867,1.3108570228985346,1.4771301172417004,1.506413195991407,0.6459701951201906,0.2619783427148866,0.2625792526642385,0.3740419165348344,0.10656340826312498,0.7380216572851134,1.0,0.5218167102019793,0.46875881436787953,163086,0.9730980261459765,-0.5955375144337319,-0.7664160463748588,1.7317688896366714,1.7395140725208353,163086.0,0.9730980261459765,0.5183465278877691,-0.3828102766463294,0.6178848473151699,1.3559083027923065,NVDA,y2025,09:30-10:00,all
114739,1337771180.6655998,0.7872591531368597,0.6291275269482131,0.557708931708034,1.3055747391910155,1.0159329583876069,1.0107918361271266,0.9265333913854538,0.679012254493573,0.2602253810822824,0.23991842355258455,0.395070551425409,0.1191922537236685,0.7397746189177176,0.9999477074055029,0.5480899131025947,0.5010327787413172,114733,0.629142864603851,-0.79322233132945,0.3586793827340104,1.5805226544426294,0.27046348186984065,114733.0,0.629142864603851,0.4275728724778161,2.1045678658873013,0.3597274506353629,-1.4754250012834502,NVDA,y2025,10:00-10:30,all
70846,749956300.5548,0.8711711582330345,0.5648364659616284,0.5570875463073957,1.3622815684726908,0.8675922388917804,0.9327775213059921,0.8276364688117586,0.6824692811960869,0.23013296445812043,0.2884566524574429,0.3775654235948395,0.11755074386697908,0.7698670355418795,0.9999717697541145,0.5699424086725764,0.5724105806961579,70844,0.5648478215328753,2.0286025814575006,0.5022805258213273,-1.1574068291543433,0.06256729571154804,70844.0,0.5648478215328753,8.271875505537054,0.38381991402395166,-7.400679753233896,0.1810279075089231,NVDA,y2025,10:30-11:00,all
86287,1123783173.5984,0.6772561109629538,0.5349678342640211,0.5551083849148047,1.1238429890946988,0.8585651212191205,0.771422995408493,0.6906082200580509,0.7746328797231127,0.20404000602640027,0.2731002352613951,0.43096874384322087,0.11386419738778727,0.7959599939735997,0.9999884107687137,0.6067496465243493,0.5555529801708252,86286,0.5350110111749219,1.812686656811587,-0.5758671335103533,-1.1354226968800967,1.1108781446852751,86286.0,0.5350110111749219,5.196977008721706,-4.411350562466626,-4.519713048790216,4.946361573641549,NVDA,y2025,11:00-11:30,all
78484,923200520.1132001,0.6916988933038544,0.6047416802066844,0.5520439426973367,1.0522052902504473,0.8305253518944985,0.8241528784292591,0.7768960314922391,0.7784074775682845,0.20736710667142347,0.3013990112634422,0.40538198868559194,0.10910504051781254,0.7926328933285766,0.9999872585495133,0.5952117018972262,0.5621273125732633,78483,0.6047535535323026,-0.7185699286702699,-1.1957182754432027,1.4102776353334745,1.8004718289755053,78483.0,0.6047535535323026,0.5673754710960017,1.0205369708578311,0.12433223556720281,-0.41578341732552865,NVDA,y2025,11:30-12:00,all
64765,868253359.6666,0.6462583120785718,0.5981395398824637,0.55424691700102,1.0033172238093149,0.8691990200941724,0.8156117859611834,0.7649172134917064,0.7819663740499011,0.24355747703234773,0.2685092256620088,0.4281015980853856,0.085262101443681,0.7564425229676522,0.9999536786844746,0.5544609493221333,0.5573226279626341,64762,0.5981513742778133,1.8122603594100948,1.0048888703344536,-1.1659721104097802,-0.40673749605664045,64762.0,0.5981513742778133,1.5907477060714332,2.794339941628001,-0.9444594570711187,-2.196188567350188,NVDA,y2025,12:00-12:30,all
36318,544541634.5124,0.5101778468954931,0.48540278789027336,0.5509793658222488,0.7766330745087503,0.723008812872674,0.7463474543594554,0.7287562134571565,0.6660701877073054,0.27815408337463515,0.21231896029517044,0.4954567982818437,0.038603447326394626,0.7218459166253648,0.9997521889971914,0.49271530474537995,0.4922903243570681,36309,0.4854562540577885,0.6009323179928838,-0.021616455747022128,-0.09062801207578677,0.5070727098048107,36309.0,0.4854562540577885,1.3252494824692098,0.8564982683562307,-0.8149451765521126,-0.37104201429844197,NVDA,y2025,12:30-13:00,all
34627,544794362.8478,0.5205066405921869,0.5019954635511392,0.55311264139206,0.7570681837874977,0.716856750147801,0.7654287683938317,0.7570728884057375,0.6630741520915555,0.2923730037254166,0.21728708811043407,0.481618390273486,0.037745112195685444,0.7076269962745834,0.9998556040084328,0.5226445612616255,0.5178617841568718,34622,0.5022213806862666,0.5210493540727746,0.6482667750168783,-0.00046754355404658325,-0.14604539433061156,34622.0,0.5022213806862666,1.1178893886966508,1.7798541973489739,-0.5973075781779226,-1.2776328166627071,NVDA,y2025,13:00-13:30,all
32062,482810031.8492,0.49579498601176497,0.5053111023771705,0.5525930428530879,0.7477686981476177,0.7534818794819437,0.7896773572100482,0.7693686734660155,0.6567866873247356,0.3024452623042854,0.2071611253196931,0.48543447071299356,0.02875678373152018,0.6975547376957145,0.9997504834383382,0.5414924814375741,0.5006861705445699,32054,0.5054222640773374,-0.022429019282033814,0.3006861442526022,0.5183477452289704,0.2047361198247351,32054.0,0.5054222640773374,0.3472523324592027,2.070379119382625,0.1486663934877342,-1.564956855305288,NVDA,y2025,13:30-14:00,all
29636,503712906.2497,0.5169019070965188,0.5248297222104158,0.5516480485445265,0.7300256444867094,0.7442050403223568,0.7858896530275868,0.7758332575611544,0.6764723181115325,0.309218518018626,0.16608179241463086,0.5211229585639088,0.029119989202321502,0.690781481981374,0.999865029018761,0.4820464362850972,0.4662572546902416,29632,0.524837272145319,0.5945076476082848,0.1096756900134912,-0.07753596433660381,0.41516158213182786,29632.0,0.524837272145319,-0.005488296508936154,-1.9290298291685106,0.522459979780617,2.45386710131383,NVDA,y2025,14:00-14:30,all
27941,433169231.56490004,0.4808459395121732,0.4428354594936676,0.5517089183741638,0.7256719516126684,0.684307942633573,0.7100968048505532,0.6713034122609384,0.6596651400924738,0.2972692459110268,0.15582835260012168,0.5599298521885402,0.022511721126659747,0.7027307540889732,0.9998210515013779,0.49566867124856817,0.43767223792992377,27936,0.4428704016743762,0.15987768867211297,0.2909160359706368,0.32105431289949127,0.15195436570373935,27936.0,0.4428704016743762,0.14584680823647583,0.07462834062198766,0.33508519333512826,0.36824206105238844,NVDA,y2025,14:30-15:00,all
34687,577614267.2108,0.4832081305574237,0.4534937955984597,0.5519525320848764,0.7353677170125011,0.6971329354317156,0.6912693507829276,0.6820836289351974,0.664865386530989,0.3009773113846686,0.15282382448756018,0.5537809554011589,0.028281488742180068,0.6990226886153313,0.999942341511229,0.48963528902984,0.4327846167151959,34685,0.45350304919123685,-0.20229265712319033,-0.3717697659985747,0.6855286503374779,0.8252728151898117,34685.0,0.45350304919123685,-0.28235117815597577,-0.4212319543468432,0.7655871713702633,0.8747350035380802,NVDA,y2025,15:00-15:30,all
45025,791882459.4419999,0.4966339150970937,0.46861133120607334,0.5523488635417109,0.7505852304277822,0.7202965727865069,0.6619958646381096,0.6432241251404293,0.7285350671568261,0.26023320377568016,0.15717934480843976,0.5942920599666852,0.018900610771793447,0.7397667962243198,0.9999111604664076,0.46669332089469356,0.4374014436424209,45021,0.46865961391253785,0.4455270241657478,0.4383178005074884,0.051151015576588944,0.030341813405049625,45021.0,0.46865961391253785,1.9030864692615788,2.7563684565907116,-1.406408429519242,-2.2877088426781738,NVDA,y2025,15:30-16:00,all
213035,2833318884.1113997,2.5944185531777535,1.2729553362293935,0.8940945057884487,4.345201304950197,1.9862199666299256,1.874218344579031,1.845474722426173,0.6897712121225315,0.22213251343675922,0.31428638486633653,0.3548384068345577,0.11155913347571995,0.7778674865632408,0.9999859178069331,0.48841488602651245,0.4254746872579623,180661,1.304160378221819,-0.8587339461552845,-4.712618736742461,3.727394951081892,6.01677911496428,,,,,,,NVDA,y2025,open 09:30-09:35 (fixed),all
154046,2830322978.4592,0.6050388645908561,0.6448736809444012,0.5558180251780511,0.9882592212718672,1.0789615762639453,0.683941901715061,0.659330715154174,0.9780731674143344,0.2886994793762902,0.07568518494475676,0.6193344845046285,0.040838450852342806,0.7113005206237099,0.9999805252976384,0.4848386489486702,0.27023096997000895,96398,0.6139024378720626,-0.2808867379062263,-0.11523093549196879,0.9366704766176699,0.7291333733640312,,,,,,,NVDA,y2025,close 15:55-16:00 (fixed),all
2129499,17804031951.64922,0.850030754934151,0.6344738419037121,0.4866061652996718,1.8283443758369942,1.3499850771755804,0.9475436681416851,0.8974554180476405,0.706969760441105,0.17579580924902993,0.47559965982609054,0.26236875434080975,0.09873355188239112,0.8242041907509701,0.9999398919651993,0.6487535521052931,0.6756401388307767,2129371,0.6345500829478146,0.46207499909770205,0.5996944495679092,0.3880068525858569,0.03485563337990531,2129371.0,0.6345500829478146,0.24361344545955216,1.2739756710381385,0.6064684062240069,-0.6394255880903239,NVDA,y2026,RTH all,all
690724,8515766023.716999,0.6593026117545979,0.607111310270034,0.4714423779549256,1.3969704252352741,1.2829102641571042,0.9245614627777989,0.8183716633721697,0.7418528004359052,0.24522529983032296,0.10389822852543129,0.651535200745884,0.03685263578506031,0.7547747001696771,0.999849433348197,0.4760200978830616,0.0,690620,0.60723615711323,0.147916194775585,0.11126889701401489,0.5114857009144796,0.49596726009921505,690620.0,0.60723615711323,1.3901466501212951,1.386241937598032,-0.7307447544312305,-0.7790057804848017,NVDA,y2026,RTH all,lit
1438775,9288265927.93222,0.9415951107017683,0.6595606470207177,0.5282155119288869,2.0354374519993006,1.4114813153519852,0.9585769157431273,0.9699618208916935,0.6799861941105872,0.14246424910079755,0.654045281576341,0.07553856579381765,0.12844120866709527,0.8575357508992024,0.999983319143021,0.7316679536625865,1.0,1438751,0.659588222924047,0.6128754874663915,1.047424571809383,0.328735330110659,-0.3878363488853362,1438751.0,0.659588222924047,-0.30673804816477424,1.171063386888327,1.2483488657418247,-0.51147516396428,NVDA,y2026,RTH all,offexchange_TRF
277861,3055901843.7477407,2.3706889150337487,1.397438103223521,0.8887691893336552,5.143934125336298,3.0213286265832235,1.963758931165759,1.8376875831038246,0.7604329027806079,0.1902066140984161,0.41798597140296767,0.2738383580279348,0.12140962567614742,0.8097933859015839,0.9997912625377436,0.5504440196830128,0.5193244104066421,277803,1.3979105573022175,3.6683876638440194,1.901997888075338,-1.2972037939068406,-0.5040873307731204,277803.0,1.3979105573022175,2.6376635615760606,4.478009721834886,-0.2664796916388816,-3.080099164532669,NVDA,y2026,09:30-10:00,all
245116,1944518328.0575075,0.7874787126142783,0.5052426692127775,0.5600828922675463,1.6536878865519333,1.0518614634348282,0.9872637642479072,0.8810949143144768,0.5734259283585518,0.17566784706016744,0.45173305700158295,0.23582711858874983,0.1463062386788296,0.8243321529398325,0.999991840597921,0.6476823029284333,0.6947853261313011,245114,0.5052522789397367,0.5088457105220674,1.3597922481960505,0.27863942749993975,-0.8545399692563137,245114.0,0.5052522789397367,-2.1015804052466063,3.0729854183204797,2.8890655432686136,-2.567733139380743,NVDA,y2026,10:00-10:30,all
253613,1547024753.9093597,0.7858083333471606,0.49516787738558177,0.555262500346534,1.672105530868189,1.0474237402076163,0.9406495355507871,0.7813736066997612,0.6337146188965754,0.1399376214941663,0.5089171296424079,0.2075721670419103,0.15595020759976816,0.8600623785058337,0.9999763419067634,0.7025003253064781,0.7548706099450738,253607,0.49517686026196833,-0.30431045303520166,0.9778570298180878,1.090137377548905,-0.4826801695561194,253607.0,0.49517686026196833,-3.373536265723447,2.2259363404226433,4.1593631902371495,-1.7307594801606745,NVDA,y2026,10:30-11:00,all
253587,1644095675.865088,0.6655347982026919,0.5371409949340363,0.5310439438863768,1.4111851159564228,1.1405410076175202,0.8004799657959601,0.706408142536276,0.7603833571417994,0.1300894761955463,0.5252990098072851,0.21458118909881027,0.14106401353381678,0.8699105238044537,0.9999960565801874,0.7000741365848272,0.7530985421176953,253586,0.5371477917122861,-0.2583697361696852,0.5495765967145175,0.9239071588657457,-0.012428805002231279,253586.0,0.5371477917122861,1.0214832935703602,0.4399589196068813,-0.35594587087430046,0.09718887210540478,NVDA,y2026,11:00-11:30,all
189347,1007056729.219766,0.6172683868613636,0.42409532042345344,0.5328123612468011,1.3426708635470377,0.8921865731549707,0.8071635056386782,0.7089043210077103,0.5982405634382371,0.12124300886731768,0.6141739768784296,0.16913391815027437,0.10537795687283136,0.8787569911326824,0.9999947186910804,0.7367306412599157,0.8075596655875192,189346,0.42409567271020093,1.0240340563531904,-0.17728273801712047,-0.4067624094896616,0.6013784107273215,189346.0,0.42409567271020093,5.774882890153669,-2.1433744606437037,-5.15761124329014,2.567470133353904,NVDA,y2026,11:30-12:00,all
188306,1183651199.905211,0.6334517922870017,0.49425630191278325,0.4788469365762877,1.3704484190627508,1.0474591764572074,0.8054779115468521,0.7447879445435125,0.6636201693835385,0.1391458583369622,0.5667902244219515,0.20472528756385883,0.10150499718543222,0.8608541416630379,0.9999575159580683,0.6976654027127214,0.7426582265036695,188298,0.49431196715303827,-0.9650942180900881,-0.7016161910022719,1.5985729231128605,1.19592815815531,188298.0,0.49431196715303827,0.2257390436360015,-1.7135835595407634,0.4077396613867702,2.207895526693801,NVDA,y2026,12:00-12:30,all
100602,905955762.5469158,0.4809705190761935,0.4136466678914034,0.4429776960725998,1.0544619391267724,0.889614223347597,0.724787489815808,0.6789414144451169,0.6092523730187637,0.2155623148645156,0.4808850718673585,0.27734041072742094,0.039810341742708893,0.7844376851354844,0.9999801196795293,0.6245328031809145,0.6882368143774478,100600,0.4136658572592668,-0.11166192304551496,-0.09074333842833708,0.5926420041597128,0.5044091956876038,100600.0,0.4136658572592668,-3.016814786843173,1.517877512578681,3.4977948679573707,-1.1042116553194146,NVDA,y2026,12:30-13:00,all
108852,1218905712.2743015,0.46188380048728783,0.44204266912238965,0.4412381141478988,1.0045395582995962,0.9476229139849766,0.7080198484927709,0.6799554522566487,0.6501053380119688,0.22531510675045016,0.42788373203983393,0.3252489618932128,0.03560798147943997,0.7746848932495498,1.0,0.6236633226766619,0.6404567669863668,108852,0.44204266912220325,-0.6421247168357908,0.05393817188730432,1.1040085173229408,0.3881044972348992,108852.0,0.44204266912220325,-1.5338225510545662,-0.06357621447045007,1.9957063515417164,0.5056188835926535,NVDA,y2026,13:00-13:30,all
100807,928667898.8407663,0.508679552566072,0.473329048631261,0.43964740278506736,1.1041459422462796,1.0034158810114595,0.6966378526064185,0.6380483774608624,0.7418388093311855,0.24943704306248574,0.41426686638824683,0.31279573839118313,0.03833067148114714,0.7505629569375143,0.9999900800539645,0.6134853084141817,0.6528316485958316,100806,0.47332950519552663,-0.3251660816031879,0.30286876150612674,0.8338506802928914,0.1704607436893999,100806.0,0.47332950519552663,-0.8077501671929996,0.3359155414606146,1.3164347658827031,0.13741396373491185,NVDA,y2026,13:30-14:00,all
88637,816209200.867562,0.42594509347307774,0.39189358597383234,0.44396102022202066,0.9221086002461816,0.8246849391746556,0.662413877486208,0.6138522373590176,0.6384168080251362,0.216681521260873,0.4560059568803096,0.3245484391394113,0.023568035921793382,0.783318478739127,0.9996615408915013,0.6344194025302742,0.6572311788530749,88607,0.392194497476008,0.7266894630601866,0.04930549470711923,-0.3006001557801593,0.34288900276888884,88607.0,0.392194497476008,0.7058217827021538,0.009906102734703177,-0.27973247542212637,0.3822883947413048,NVDA,y2026,14:00-14:30,all
82368,749852452.047529,0.4243644373191287,0.377797518016269,0.43568238753908745,0.9266049922302467,0.8078912326362606,0.645978628420418,0.5969010551967081,0.6329315633254597,0.20660936285936285,0.49010538073038074,0.2976155788655789,0.02216880341880342,0.7933906371406372,0.9999028749028749,0.6529018941233609,0.6794871794871795,82360,0.3778840069867344,-0.2785314710566517,0.4273704020536933,0.7029371288163949,-0.0494863950669589,82360.0,0.3778840069867344,-0.3169246545260795,1.1288150285034957,0.7413303122858227,-0.750931021516761,NVDA,y2026,14:30-15:00,all
90642,945069326.1207688,0.4122357013960573,0.3835708795803955,0.43558749863839297,0.8891154211075014,0.8025582006802096,0.6036040656322221,0.5827761991635502,0.6581786972956839,0.21475695593654157,0.4367070452990887,0.34303082456256484,0.027007347587211225,0.7852430440634585,0.9999117406941594,0.6307897698435466,0.6451534608680303,90634,0.3835831858215895,-0.06459391915427877,0.1718242351560525,0.4768660073985477,0.21175895066553702,90634.0,0.3835831858215895,1.2422918074541598,-0.6194749907302947,-0.8300197192098911,1.003058176551884,NVDA,y2026,15:00-15:30,all
149761,1857123068.2467046,0.6286997333233704,0.5725317696953756,0.44433582901916885,1.330210936091749,1.1807672023869866,0.6493005992639418,0.6180166451329341,0.9264018602156341,0.22543919979166807,0.29068983246639646,0.4538898645174645,0.05447346104793638,0.774560800208332,0.9999799680824781,0.5575394970552492,0.4776343640867783,149758,0.5725364736909149,0.32686394040897293,0.014045832929295935,0.30184838722776614,0.5584906407616189,149758.0,0.5725364736909149,1.098607550415261,0.6275170760514456,-0.4698952227785221,-0.05498060236053072,NVDA,y2026,15:30-16:00,all
348964,4289595671.207906,2.73967788637594,1.5369246543965018,0.9734254842810598,5.833104331679124,3.2994195643263016,2.123772078089103,1.92047041544464,0.8002855144429095,0.18634873511307756,0.3909027865338545,0.31129572104858955,0.1156938824635206,0.8136512648869224,0.9997363624901136,0.5356377123988167,0.4501696450063617,292028,1.686832141559326,4.0687063799507,0.363939919537814,-0.9950623459444629,1.3228922220215122,,,,,,,NVDA,y2026,open 09:30-09:35 (fixed),all
294208,4699743121.138929,0.5182991163257342,0.4735353852414152,0.44046072191472263,1.13669254405075,1.0348024980896486,0.5894812497568376,0.5647900852246189,0.8384272274416584,0.25747090493800306,0.12529231020230586,0.5788013922123124,0.05573267892103546,0.7425290950619969,0.999986404176637,0.5318520482386372,0.30342138894931475,182903,0.4556488211413692,0.01870859397373014,0.4468028337548174,0.49477783003741643,0.008845987386551651,,,,,,,NVDA,y2026,close 15:55-16:00 (fixed),all
392279,4726470053.230589,1.3871844843928995,1.3906829302689239,1.280655695715042,0.9441060061844612,0.957522162943951,1.4464345890895014,1.422767699313831,0.9774490459262036,0.22958914446095763,0.15147637268372766,0.6438249307253257,0.039306208081493016,0.7704108555390423,0.9998139079583663,0.5212796336619021,0.41602532891131055,392206,1.3909170785562577,-0.663292856288695,-0.9083878529048125,2.05073553272173,2.2993049314610703,392206.0,1.3909170785562577,-0.30129752784976166,0.2138342129719506,1.688740204282797,1.1770828655843073,TQQQ,last12m,RTH all,all
229081,2426886778.2460003,1.5781207622654452,1.6065198619048449,1.2929083974388655,1.078438630877296,1.1159141011836116,1.390962917997986,1.3490874903600845,1.1908196268842794,0.1800192944853567,0.008298374810656492,0.8834691659282088,0.03329390041077174,0.8199807055146433,0.9998210240046097,0.5208740831295844,0.0,229040,1.60681429960331,-1.6255254493905507,-2.33238994149818,3.2039287079502436,3.9392042411014905,229040.0,1.60681429960331,-1.2760207463264612,-2.3896040058940926,2.8544240048861544,3.996418305497403,TQQQ,last12m,RTH all,lit
163198,2299583274.9845896,1.119167269284132,1.1628974000197907,1.2163531929290983,0.755543327737058,0.7903617452821173,1.5243001627197874,1.5005267989182784,0.7749927564493464,0.2991703329697668,0.3524552996973002,0.3074363656417358,0.04774568315788184,0.7008296670302332,0.999803919165676,0.5218489146023069,1.0,163166,1.1630749012550532,0.6874159502276688,0.5944000698534272,0.431970809345912,0.5686748314016259,163166.0,1.1630749012550532,1.0669446669696445,2.9613129872649044,0.05244209260393636,-1.798238086009852,TQQQ,last12m,RTH all,offexchange_TRF
88176,1061276796.2370398,1.4970248912913193,1.406831540229832,1.305535202822123,1.045648475775792,0.9997210643892045,1.4493378565013955,1.3921290121605499,1.010561182146807,0.21576165850117945,0.1185129740518962,0.6860256759208855,0.04828978406822718,0.7842383414988205,0.9997845218653602,0.5065848429506449,0.3451506078751588,88157,1.4070172175054936,-0.09951915282301416,-0.6156863131969069,1.5968666897683372,2.0227035307024006,88157.0,1.4070172175054936,-0.4409353355325559,0.5096820288800197,1.9382828724778784,0.8973351886254745,TQQQ,last12m,09:30-10:00,all
53548,632736046.261311,1.3400455662614543,1.3540941443777956,1.2937447441608,0.8432299992530952,0.8517706476478886,1.5347054761938634,1.5554066536053295,0.8705724263420728,0.21039067752297005,0.16760663330096362,0.6417233136625085,0.03835810861283335,0.78960932247703,0.999943975498618,0.5477448874778224,0.43693508627773214,53545,1.3542048009199676,-0.9875505090099369,-1.609265193270833,2.3276711548621893,2.9634699941908,53545.0,1.3542048009199676,1.2089739338736805,2.7079259227384536,0.13114671197857242,-1.353721121818486,TQQQ,last12m,10:00-10:30,all
38001,458659399.1285769,1.5217156127340532,1.6400269977649988,1.273479783510898,1.0892929133445157,1.1955285624250163,1.4299344252756125,1.403633274455784,1.1684155880394538,0.24815136443777797,0.15873266492987026,0.6126680876819031,0.050577616378516356,0.751848635562222,0.9998421094181732,0.5001184366363995,0.4381200494723823,37995,1.6407820878263648,-0.13291969290314082,-0.6473650044323455,1.6548756081419975,2.28814709225871,37995.0,1.6407820878263648,-0.42830959011382286,-1.1104850638326618,1.9502655053526796,2.751267151659026,TQQQ,last12m,10:30-11:00,all
26511,313070468.0300932,1.2967980510643002,1.2787058739340758,1.2929083974388655,0.7788766926937527,0.7534497373045075,1.5661767754909788,1.581309074512532,0.8086375361681022,0.2323186601787937,0.19474934932669458,0.6077854475500736,0.029723510995435857,0.7676813398212063,0.9998868394251442,0.5284065187867814,0.4977179284070763,26508,1.278727705377914,-0.4394301526799823,-0.17494392466359251,1.736374966764777,1.4536716300415058,26508.0,1.278727705377914,-1.3271817549212355,-2.036451451424414,2.62412656900603,3.315179156802329,TQQQ,last12m,11:00-11:30,all
18155,209842143.16461504,1.115984375329671,1.1273940338923447,1.2880788304269115,0.7218099697053778,0.7202963518094078,1.461874060232643,1.4622283396235816,0.771010931290367,0.24064995868906638,0.1993390250619664,0.606609749380336,0.016634535940512257,0.7593500413109336,0.9995593500413109,0.5370584669642365,0.4993665656843845,18147,1.1275593375043764,0.5242356536082605,0.7016275439378569,0.5922406969790037,0.42593179356651933,18147.0,1.1275593375043764,0.6147890528541728,0.01747477274872728,0.5016872977330917,1.1100845647556492,TQQQ,last12m,11:30-12:00,all
40209,480667406.8833668,1.2398805260479135,1.2382060869833127,1.2821334700930707,0.8845362978437801,0.8785235248332692,1.3710356259529426,1.3736578630506366,0.9013933675110984,0.206421447934542,0.11960008953219428,0.6849461563331593,0.04297545325673357,0.793578552065458,0.9998507796761918,0.5636644031539935,0.34917555771096026,40203,1.2384735738543793,-4.6057296202550475,-5.006950224040546,5.845795189288564,6.245423797894927,40203.0,1.2384735738543793,-4.378904256594733,-4.388625461638454,5.618969825628249,5.627099035492834,TQQQ,last12m,12:00-12:30,all
20154,262254763.41669837,1.1594825665094375,1.2385814508431343,1.2752662118205582,0.7574367371241979,0.8048651884286465,1.4158718879525751,1.4146927602341182,0.875512680674326,0.24476530713506003,0.14999503820581522,0.6565446065297211,0.019698322913565547,0.7552346928649399,0.9999007641163045,0.43211591901548235,0.44288974893321426,20152,1.2386670760401146,0.33273712577203146,0.7911359151980055,0.8268605144338136,0.4475311608421087,20152.0,1.2386670760401146,1.2972511087157446,2.4436884903518052,-0.13765346850989887,-1.205021414311691,TQQQ,last12m,12:30-13:00,all
13649,154669398.62407458,1.0171745487469246,1.0108111950965082,1.2702445220729537,0.6973126236356262,0.7075837524325755,1.373354469639806,1.3396411849058916,0.7545387574565473,0.27459887171221337,0.16997582240457176,0.6150633746061983,0.014213495494175398,0.7254011282877867,0.9997069382372334,0.4880908757786735,0.4775441424280167,13645,1.0111351947130571,0.4095343808120292,1.3449279065074469,0.607938350286758,-0.3337927117943897,13645.0,1.0111351947130571,2.1907755861715885,3.482025727477643,-1.1733028550728013,-2.4708905327645856,TQQQ,last12m,13:00-13:30,all
22153,279932119.1561917,2.1033675585542957,2.0382927910331454,1.2744535780272612,1.4613803999459003,1.451465647170511,1.3985369412527615,1.3592084761466652,1.499617480911886,0.2500789960727667,0.12219563941678328,0.6199611790728118,0.07773213560240148,0.7499210039272334,0.9997742969349523,0.5754018421527903,0.3969214101927504,22148,2.038518772159271,-0.5555693019650864,-1.387696370803999,2.6594117041978236,3.4262151429632697,22148.0,2.038518772159271,1.5498404616877606,0.672637900660644,0.5540019405449759,1.365880871498627,TQQQ,last12m,13:30-14:00,all
12128,167282089.20552617,1.0446414028440314,1.040646890116514,1.273966494680031,0.7131645778365215,0.7281392924482512,1.3726939561661966,1.3449604660130792,0.773737902647314,0.2545349604221636,0.17216358839050133,0.6222790237467019,0.014182058047493404,0.7454650395778364,0.9995052770448549,0.49744266622669525,0.48515831134564646,12122,1.0409947552529732,0.7724452920672251,0.6853772058683999,0.2727131746618741,0.3556175493845735,12122.0,1.0409947552529732,1.1747471072910307,1.7710649134841325,-0.1295886405619315,-0.7300701582311593,TQQQ,last12m,14:00-14:30,all
14076,179344656.15003544,1.1685819138820075,1.2048452735563604,1.272021878775158,0.80606706450702,0.8648291670526695,1.3888741056412395,1.3495294034611598,0.8927891978242743,0.2406223358908781,0.14478545041204888,0.6370417732310315,0.03751065643648764,0.7593776641091219,0.9999289570900824,0.4964120781527531,0.414180164819551,14075,1.2048958356764246,-1.7008697623495326,-1.8604687051916826,2.8695347015894233,3.065364540868107,14075.0,1.2048958356764246,0.6982866755713306,0.8851203735694717,0.47037826366856006,0.3197754621069526,TQQQ,last12m,14:30-15:00,all
12094,153182812.48087823,2.189061274345736,2.3503938921462075,1.264782141275015,1.6332197784025702,1.7964018701685593,1.367936641760213,1.303703840951749,1.8028587615653096,0.2688109806515628,0.16934016867868365,0.5642467339176451,0.05887216801719861,0.7311890193484373,0.9994212005953366,0.5319765036816414,0.48470315859103685,12087,2.3514605263266164,0.08335653138311896,-0.30706746518707256,2.1069725041041725,2.658527991513689,12087.0,2.3514605263266164,-1.1536249297855719,-1.9840069662996875,3.3439539652728634,4.335467492626304,TQQQ,last12m,15:00-15:30,all
33425,373551954.49218184,1.156120551320363,1.1697630826949463,1.2725074759838806,0.7593178758415702,0.7742041126535877,1.462878350325176,1.4233392698587113,0.821844171285363,0.2264173522812266,0.18396409872849664,0.6299775617053104,0.01920718025430067,0.7735826477187734,0.9999102468212416,0.5231883190712704,0.4369184741959611,33422,1.1698297000059958,0.22242143192985675,0.6111798275506615,0.9338028941989585,0.5586498724553343,33422.0,1.1698297000059958,-0.8430558323723252,1.3112253463382202,1.9992801585011408,-0.14139564633222412,TQQQ,last12m,15:30-16:00,all
108112,1286852567.3689828,1.5561282393204918,1.4690261601414987,1.3055682485790072,1.047370319668545,1.0082617767584279,1.4894756798582818,1.4419869594057206,1.0187513490045164,0.20821925410685216,0.10252330916087021,0.7030024419120912,0.05399955601598343,0.7917807458931478,0.9998057569927482,0.5293780240723095,0.31597787479650735,93360,1.5174437907284937,-0.4767593460434081,-1.2875172587000354,2.091711623260304,2.8049610494285284,,,,,,,TQQQ,last12m,open 09:30-09:35 (fixed),all
46674,766969473.0211908,1.1040228304817625,1.0988371344755488,1.2662234884445591,0.7626100184258089,0.7819992391531501,1.3980197544026105,1.363776563571335,0.8057310587579047,0.2546385567982174,0.1148176715087629,0.6605390581480053,0.020225393152504607,0.7453614432017825,0.9998071731585036,0.473266902389371,0.34725971633029096,31071,1.0340575651166866,0.6063807349854488,1.0216354106605285,0.44112036516902475,0.012422154456157861,,,,,,,TQQQ,last12m,close 15:55-16:00 (fixed),all
225361,2851635162.7317643,1.288107777356416,1.2878028701809843,1.2644622874147216,1.0096004188835743,1.0099266485444234,1.2209133188646708,1.204301759462395,1.069335704330337,0.2454284459156642,0.14804691139993167,0.6255075190472176,0.04471492405518258,0.7545715540843358,0.9997781337498503,0.534239340289644,0.4195757029832136,225311,1.2880306665343693,-1.2793928654878888,-1.2128888608384343,2.5677864939071684,2.5009195273728038,225311.0,1.2880306665343693,-1.9929807939821,-1.2443015954342203,3.28137442240138,2.5323322619685893,TQQQ,last5,RTH all,all
130805,1488928554.589,1.5367686452472498,1.5862109161611995,1.2767315671904664,1.2073743358434272,1.2473856130953584,1.177888409695638,1.1355827012185462,1.3968255367566826,0.1864684071709797,0.010007262719315011,0.8671228164061007,0.04086235235656129,0.8135315928290203,0.9998088758074997,0.549250649946475,0.0,130780,1.5864122182990195,-2.610368129767003,-3.084032786590257,4.1474305448270625,4.6704450048892765,130780.0,1.5864122182990195,-3.8982805050136236,-4.129174250913041,5.435342920073683,5.715586469212061,TQQQ,last5,RTH all,lit
94556,1362706608.1427643,0.9441202480144333,0.9617545059005771,0.9961534770463178,0.7360078683533747,0.7504728301286674,1.2804322626001858,1.2793859833535377,0.751731313625633,0.3269914124962985,0.339005457083633,0.291266551038538,0.05004441812259402,0.6730085875037015,0.9997356064131309,0.5134717711650146,1.0,94531,0.9619771547636993,0.5619601833788596,0.8317852968352071,0.3824097499892616,0.1301918579284919,94531.0,0.9619771547636993,0.6429280212076535,1.9081146808641538,0.3014419121604676,-0.9461375261004541,TQQQ,last5,RTH all,offexchange_TRF
47815,621651101.9252373,1.4490771208894853,1.3010962038413716,1.2514861397898636,1.1236733242707118,1.008798566096117,1.2303998433468182,1.1897609286344086,1.0935778546155084,0.24088675101955453,0.12067342884032208,0.6613196695597616,0.05929101746313918,0.7591132489804455,0.9996235490954721,0.5347825177312384,0.35363379692565095,47797,1.3013779754442856,-0.3678365368944518,-0.3179514005807552,1.8174593696103598,1.6193293760250407,47797.0,1.3013779754442856,-3.4425539609372033,-2.154245477937358,4.892176793653111,3.455623453381643,TQQQ,last5,09:30-10:00,all
25706,298438131.62564963,0.9804037134801515,0.9691096933487058,1.2821334700930707,0.7619069477943775,0.7528038412733302,1.2194499060079622,1.2115629487409825,0.7998838973705605,0.23130786586789076,0.16377499416478644,0.6417567882984517,0.02310744573251381,0.7686921341321092,0.9999221971524158,0.5571117335823218,0.4564304053528359,25704,0.9691355129311402,-1.5029289744213954,-0.6322188255158667,2.483408972037142,1.601354338447007,25704.0,0.9691355129311402,-2.560825656092487,-0.13773018780796792,3.541305653708234,1.1068657007391065,TQQQ,last5,10:00-10:30,all
24954,316270424.1972692,1.5662208121773253,1.736472957581411,1.2665442340562225,1.228574176484891,1.3629018610322459,1.232653821345414,1.2089207006577123,1.4363828468126028,0.251663060030456,0.1518794582030937,0.5978600625150277,0.06227458523683578,0.748336939969544,0.9999198525286527,0.5006412311638345,0.435080548208704,24952,1.7373548734548467,-1.0700686648977276,-1.443790298255427,2.636415015774145,3.181145171710273,24952.0,1.7373548734548467,-1.4392679355443447,-0.3109618458001597,3.005614286420761,2.0483167192550065,TQQQ,last5,10:30-11:00,all
11855,138366702.1809363,0.9051650243813544,0.8450219052934318,1.248361525500197,0.70625390130771,0.657991030184285,1.2088226551652081,1.2016021164975725,0.7032460193699558,0.2685786587937579,0.20160269928300295,0.5709827077182623,0.02623365668494306,0.7314213412062421,0.9998312948123155,0.5446722348772463,0.5327709827077183,11853,0.8450542111719325,1.2804672143085396,1.6204946343719162,-0.3751494581255502,-0.7754404231999843,11853.0,0.8450542111719325,4.263850565925708,2.7122869128647182,-3.3585328097427167,-1.8672327016927854,TQQQ,last5,11:00-11:30,all
9590,106987493.56041259,0.9132598288505049,0.8817424901115062,1.2639453150169944,0.7113660062565433,0.685663077461935,1.2218290977415345,1.2047622123759616,0.7318809314018783,0.24911366006256516,0.19384775808133473,0.6019812304483837,0.01564129301355579,0.7508863399374348,0.9994786235662148,0.54679186228482,0.4932221063607925,9585,0.881891013330439,-0.35370887261243295,-0.26554344494576043,1.267445101999461,1.1474344582761993,9585.0,0.881891013330439,-0.002539060698247063,-0.8136222429461814,0.9162752900852752,1.6955132562766198,TQQQ,last5,11:30-12:00,all
29751,355885081.7435269,1.1466120110215183,1.1521517523219014,1.2801638609766786,0.8947598400053748,0.8989176779283935,1.2534403578207294,1.2431314301539813,0.9268141118266066,0.20375785687876038,0.10876945312762597,0.6912708816510369,0.04389768411145844,0.7962421431212396,0.9998655507377904,0.5801929606346858,0.32489664212967634,29747,1.1522335377510786,-5.385002045916544,-5.328364491249002,6.53176823880646,6.480598029000081,29747.0,1.1522335377510786,-5.76068289828614,-6.989038636185332,6.907449091176055,8.141272173936411,TQQQ,last5,12:00-12:30,all
12408,163746712.47867858,0.9413610615209566,0.9259420166750668,1.270567308302002,0.7376918117344241,0.7256985074324502,1.2056989180136808,1.2082916029007897,0.7663233067681047,0.26370083816892326,0.16634429400386846,0.6144422952933591,0.019100580270793036,0.7362991618310767,0.9999194068343005,0.43822035947449023,0.4769503546099291,12407,0.9259433447163579,-1.07731130436408,-1.2424270397706503,2.0187482392677585,2.168370384487008,12407.0,0.9259433447163579,-0.19315905144311754,-0.8525389846348018,1.134595986346796,1.77848232935116,TQQQ,last5,12:30-13:00,all
8927,107999905.68284509,0.8857855067454263,0.9076272801979036,1.2597210617628725,0.6952145177553285,0.71238918956878,1.2082486437515865,1.1898969903311907,0.7627780283277115,0.2862103730256525,0.16489302117172622,0.6010977932116053,0.018035174190657557,0.7137896269743474,0.9998879802845301,0.48879677347075956,0.4744034950151227,8926,0.9077423611851068,0.5359688296471211,1.7381506941933038,0.349915913654893,-0.8304083330081968,8926.0,0.9077423611851068,2.4062927581053684,3.6838110354059013,-1.520408014803354,-2.7760686742207943,TQQQ,last5,13:00-13:30,all
14291,192218975.37774238,2.1837831719477063,2.1125109513727054,1.245407559622754,1.741682177594371,1.6842814943614515,1.171073500028394,1.1686692518575559,1.8076208884720366,0.2797564900986635,0.12742285354418864,0.5654607795115807,0.09481491848016234,0.7202435099013365,0.9997201035616822,0.5727584517393435,0.42684206843467914,14287,2.1127385707645523,-2.4211623157911766,-3.5877950061589488,4.605556892000517,5.700533576923502,14287.0,2.1127385707645523,-3.7191208706778625,-3.495445582305027,5.903515446887202,5.60818415306958,TQQQ,last5,13:30-14:00,all
8199,119911138.93186864,0.8931059704731554,0.9060413849507304,1.2492829370912981,0.7008342480791417,0.7099216195312488,1.2156720528625282,1.2199153372512284,0.7427084136775148,0.2644224905476278,0.17489937797292351,0.606293450420783,0.013172338090010977,0.7355775094523722,0.9996341017197219,0.5018301610541728,0.49628003415050614,8196,0.9063963887206358,0.5360052345939895,0.44737587349595304,0.3574276414318902,0.45902051522468357,8196.0,0.9063963887206358,1.0607242185066932,1.9243226744457627,-0.16729134248081398,-1.0179262857251268,TQQQ,last5,14:00-14:30,all
9444,134794076.51607868,1.0720719525527973,1.1525375700360763,1.2698412749609571,0.843045319779832,0.9054657354982825,1.206324377738862,1.2077089193459312,0.9543173454910522,0.24957645065650147,0.13172384582803898,0.6233587462939433,0.05262600592969081,0.7504235493434985,1.0,0.5105887335874629,0.3897712833545108,9444,1.1525375700359615,-2.277698149975659,-3.036513665796167,3.349770102528335,4.189051235832128,9444.0,1.1525375700359615,0.3876036373810685,0.24899722699549057,0.6844683151716074,0.90354034304047,TQQQ,last5,14:30-15:00,all
7222,105555865.53102058,2.8306627707109797,2.8779721077248244,1.2403100775182518,2.2686181113265333,2.306684365050949,1.1571913453792368,1.1417410894170095,2.520687163141655,0.27623926890058154,0.16297424536139574,0.5184159512600388,0.09581833287178067,0.7237607310994184,0.9990307394073664,0.5394317394317394,0.4752146219883689,7215,2.8798678444801395,0.21376374660993977,-0.40794853206463516,2.6196453358672973,3.2878163765447748,7215.0,2.8798678444801395,-0.4320150902896539,-0.7896276944035755,3.265424172766891,3.6694955388837145,TQQQ,last5,15:00-15:30,all
15199,189809552.98049837,0.9492482878354125,0.9499783107237884,1.236671083350708,0.749812487663814,0.7513599760819514,1.2283439571014507,1.22506269339699,0.7754528122063558,0.23593657477465624,0.19060464504243702,0.6018159089413777,0.01822488321600105,0.7640634252253438,0.9999342061977762,0.5415844190025003,0.45463517336666887,15198,0.9499862240408561,0.11849459238709752,0.9954596096514328,0.8308161542116173,-0.045473385610576456,15198.0,0.9499862240408561,-2.440907882219738,1.9082478954638615,3.3902186288184533,-0.9582616714230066,TQQQ,last5,15:30-16:00,all
57365,720159409.0570586,1.3603325849160448,1.3011185755973358,1.2595251590139056,1.0501364943781537,1.0044327433316995,1.287645457435054,1.2435583648755297,1.0462866981941514,0.22837967401725792,0.10710363462041314,0.6804497515906912,0.060193497777390394,0.7716203259827421,0.99973851651704,0.5492938099389713,0.3308289026409832,50036,1.3561651080998034,-1.3504196488685385,-1.486922071920843,2.774702075662395,2.843087180020646,,,,,,,TQQQ,last5,open 09:30-09:35 (fixed),all
26718,480147642.909924,0.8981302730468516,0.9690099893688149,1.2375471814851684,0.7118189984281929,0.7674088899794979,1.2327634503526137,1.2267609719998043,0.7898930692172114,0.27599371210419943,0.13751029268657833,0.6159143648476683,0.013399206527434688,0.7240062878958006,0.9998502881952241,0.4950213371266003,0.3760011976944382,18140,0.951800192279862,0.29914421349355796,1.3596766975315906,0.579397535422274,-0.4078765052517286,,,,,,,TQQQ,last5,close 15:55-16:00 (fixed),all
503065,6014763055.699589,1.4149957387471022,1.3922755210025306,1.2821334700930707,0.9209917605081673,0.9278447379582948,1.5041977518300331,1.4655784413794408,0.9499836253677998,0.2283720791547812,0.15587448938009998,0.6414797292596384,0.039764245177064596,0.7716279208452188,0.9998270601214555,0.5216927976969171,0.4138411537276495,502978,1.3924854453919986,-0.32393692306341293,-0.49599336233274655,1.7391774133288516,1.888478807724745,502978.0,1.3924854453919986,0.25139773544995764,0.5631538308733759,1.163842754815481,0.8293316145186227,TQQQ,normal18m,RTH all,all
294876,3040449450.435,1.5853662530266617,1.58737519965288,1.2965964343586263,1.0366282776489233,1.0745637937787633,1.4552023614473473,1.3812241375386913,1.1492524323253899,0.18775349638492111,0.007823627558702641,0.8779724358713493,0.03348187034550116,0.8122465036150789,0.9998236546887506,0.518254958890728,0.0,294824,1.587655302846998,-1.0653826445660906,-1.9634777707851958,2.651028518807896,3.551133073632194,294824.0,1.587655302846998,-0.24027482123646207,-1.341034682360735,1.8259206954782676,2.928689985207734,TQQQ,normal18m,RTH all,lit
208189,2974313605.2645893,1.1736853151959088,1.1928376709780601,1.210250077185883,0.7572058081840891,0.7778632861543915,1.573594140373543,1.5518084193819175,0.7686758597773076,0.2859036740653925,0.36557166805162616,0.3065147534211702,0.04866251338927609,0.7140963259346075,0.9998318835289088,0.5265620646252294,1.0,208154,1.192986214290479,0.7262278270557554,1.0040436564842319,0.4476548371508591,0.18894255780624708,208154.0,1.192986214290479,0.947790165345693,2.509582184186804,0.2260924988609215,-1.3165959698963248,TQQQ,normal18m,RTH all,offexchange_TRF
111250,1309935553.0469398,1.5312791119750893,1.4153598679451544,1.3309376455700945,1.0238387415731007,0.9799307594556566,1.5089943413445042,1.4315748371357562,0.9886733345893086,0.21397752808988765,0.12314606741573034,0.6825078651685393,0.04811685393258427,0.7860224719101123,0.999829213483146,0.511566020264135,0.3514696629213483,111231,1.4155112071315952,0.3558031509323712,0.39152869069212565,1.1757375275404585,1.0239825164394696,111231.0,1.4155112071315952,0.1933112025852079,1.1337120250226271,1.338229475887622,0.2817991821089681,TQQQ,normal18m,09:30-10:00,all
67804,796991173.380811,1.392225622283229,1.3813303178789678,1.2940795858970335,0.8564190903192442,0.8576366844961728,1.5353393038249654,1.5473276658964488,0.8927199767210845,0.21345348357029084,0.16583092442923722,0.644578490944487,0.042740841248303935,0.7865465164297092,0.9999115096454486,0.5424348800849582,0.42829331602855286,67798,1.3814460184708166,-0.7222718424088314,-1.2105981881096,2.114620674133675,2.592044206580417,67798.0,1.3814460184708166,0.7247229986867272,2.1413005673576335,0.6676258330381172,-0.7598545488868172,TQQQ,normal18m,10:00-10:30,all
49018,578665826.6316769,1.4967146018131074,1.5443035502491445,1.2736419792384772,1.0244106246685982,1.0993384869959273,1.461859871700834,1.4129047344799905,1.0929990625429635,0.245297645762781,0.15916602064547716,0.6253009098698438,0.04826798318984863,0.754702354237219,0.9998571953160064,0.5076819489502357,0.42674119711126524,49011,1.5448790921550117,0.1785443605371225,-0.2864785790496491,1.3183840096586994,1.8313576712046602,49011.0,1.5448790921550117,0.023745222918265717,-0.6971578487932222,1.4731831472775565,2.2420369409482337,TQQQ,normal18m,10:30-11:00,all
34098,400988217.9856932,1.264766152606294,1.2440818636714028,1.2922400982090725,0.7641204762743987,0.7477732371985932,1.5462986275482955,1.5513672635184816,0.8019260770333909,0.23391401255205585,0.19391166637339433,0.6170449879758344,0.02692240014077072,0.7660859874479442,0.9999120183001936,0.5426308842938847,0.4844858936007977,34095,1.2440984469203962,-0.30690046284978206,0.36492408414386285,1.5717779015229774,0.8791743627765329,34095.0,1.2440984469203962,-1.9180443266061096,-2.0991023540907543,3.1829217652793056,3.3432008010111507,TQQQ,normal18m,11:00-11:30,all
29724,338496445.229915,1.4473904856261393,1.4340359088331172,1.2986152521053052,0.8394408558740852,0.8329889257032539,1.5590182275449689,1.5541732893884774,0.9227001381534289,0.23122729107791684,0.1729915220024223,0.6248822500336428,0.04232270219351366,0.7687727089220832,0.9997308572197551,0.5172634271099744,0.42467366437895304,29716,1.4341662498294785,-0.47580258218090854,-1.173880614605548,1.923582727380367,2.6080468644350256,29716.0,1.4341662498294785,5.1105441824499644,5.640856225482038,-3.662764037250506,-4.20668997565256,TQQQ,normal18m,11:30-12:00,all
44883,537030116.7611668,1.2462968974413002,1.2338577202407022,1.2821334700930707,0.8686420248201092,0.8629992808292718,1.409826782040507,1.3984475035778605,0.8823053543904484,0.20945569592050442,0.13018292003653945,0.673372992001426,0.040683555020831944,0.7905443040794956,0.9997994786444756,0.562575210589651,0.36120580175121986,44874,1.2342215195429274,-4.002061210568297,-4.357481702641329,5.248608067274877,5.591703222184254,44874.0,1.2342215195429274,-3.4020999231812685,-3.356132229173764,4.648646779887848,4.5903537487166926,TQQQ,normal18m,12:00-12:30,all
24371,320654596.2505984,1.1671556629674198,1.2106401635681336,1.2751036021665163,0.7483328546223424,0.7860289372596537,1.464140633575969,1.4349127156255133,0.8437030004576872,0.2420089450576505,0.16605801977760454,0.6384227155225473,0.018874892290016824,0.7579910549423495,0.9997127733781954,0.43831062222951894,0.4564851667966025,24364,1.210829091037363,0.3642106311030659,0.6259047468046278,0.8032803663594031,0.5849243442327349,24364.0,1.210829091037363,1.389737052864507,1.6994180206925102,-0.22224605540203812,-0.48858892965514644,TQQQ,normal18m,12:30-13:00,all
21227,253959708.57917458,1.1735164116615258,1.171919261014372,1.272021878775158,0.7219776699488124,0.7304697195014846,1.5600966497037403,1.5312848413788063,0.7653176139059453,0.25250859754086774,0.18429358835445422,0.6045131200829132,0.020681207895604653,0.7474914024591323,0.9998115607481038,0.510907977194553,0.4703914825458143,21223,1.1721480090114555,-0.15112162212067193,-2.321744203661214,1.3248592120153304,3.4938922126726704,21223.0,1.1721480090114555,0.044378678164993426,-3.2450725472484057,1.1293589117296645,4.417220556259862,TQQQ,normal18m,13:00-13:30,all
27513,351046918.6777917,1.9625251341142531,1.8912389732784316,1.274941033976019,1.3215599898230623,1.3067268265636405,1.4724459049193745,1.4224271588677921,1.3295858149838753,0.24715588994293608,0.12797586595427615,0.6273398030022171,0.06687747610220623,0.752844110057064,0.9998182677279831,0.5626726770394067,0.3910515029258896,27508,1.8914061707946226,0.18761048655208626,0.15395305678893484,1.775271366540912,1.7374531140056886,27508.0,1.8914061707946226,2.627817751522558,2.8756792530958957,-0.6649358984295588,-0.9842730823012721,TQQQ,normal18m,13:30-14:00,all
18119,232059624.5824262,1.2191232092831041,1.1726047351227875,1.2747785072368318,0.747897786853698,0.7569865658138146,1.546610916243487,1.4709339464560958,0.7971838150502479,0.24681273800982395,0.16877311109884652,0.6200121419504387,0.023676803355593575,0.753187261990176,0.999613665213312,0.4727804770318021,0.4531155141012197,18112,1.1729123584974512,2.7665739641263007,2.096743133672823,-1.5469795831083455,-0.9238307751753717,18112.0,1.1729123584974512,1.1765883226371805,2.566789120112568,0.043006058380774786,-1.3938767616151169,TQQQ,normal18m,14:00-14:30,all
19392,255757452.69733542,1.2029873324451197,1.2183541162462135,1.2721837033256034,0.7807374174918158,0.8267922022793475,1.5171643036343838,1.46442867230996,0.8319654888512982,0.24221328382838284,0.1674917491749175,0.6083952145214522,0.03357054455445545,0.7577867161716172,0.9999484323432343,0.5189005208601929,0.4400783828382838,19391,1.218389968976117,-1.464295997225697,-1.3961815440604184,2.6673453681077133,2.614571513036536,19391.0,1.218389968976117,0.11859889131449383,-0.38023492443188,1.0844504795675227,1.598624893407997,TQQQ,normal18m,14:30-15:00,all
17098,206197387.3926782,1.955015689774871,2.0896174969501966,1.2655824843372658,1.371820095917703,1.527735845205076,1.5196900405873153,1.4252875141455197,1.4661024363234896,0.25254415721136975,0.17984559597613756,0.5704760790735759,0.04953795765586618,0.7474558427886302,0.9995905953912738,0.5405769118249371,0.4759036144578313,17091,2.0903218945283113,-0.3603377165495599,-0.21965746495901547,2.3161541265763286,2.3099793594873264,17091.0,2.0903218945283113,-1.6307704349992174,-2.2302258992435813,3.5865868450259857,4.320547793771893,TQQQ,normal18m,15:00-15:30,all
38568,432980034.4833818,1.1780598775017108,1.188078251885828,1.273155515945115,0.7537326280855845,0.7708379798387889,1.503659083140526,1.4590774098877493,0.8142667714780328,0.22788321924911845,0.18696847127152044,0.6260889856876167,0.01864239784277121,0.7721167807508815,0.9998962870773699,0.5149621408567576,0.4414281269446173,38564,1.1881371712514799,0.4023706925341708,1.0992466571180144,0.7758113776732609,0.08889051413346533,38564.0,1.1881371712514799,0.46720705621021547,1.3028126644723381,0.7109750139972162,-0.11467549322085849,TQQQ,normal18m,15:30-16:00,all
139491,1630074325.6961827,1.579306423518987,1.451228862523928,1.304376182093436,1.0552361084228061,0.9952275721487001,1.5253246154102589,1.4730574544196895,0.9851814388975338,0.20366188499616464,0.10696747460409632,0.699399961287825,0.052039199661626914,0.7963381150038353,0.9997777634399352,0.5206654237774272,0.3194543017112215,120238,1.4889076069848446,1.393169668195243,-0.24715049971815703,0.23881717566763705,1.7360581067030014,,,,,,,TQQQ,normal18m,open 09:30-09:35 (fixed),all
60761,983244581.4326909,1.1246878688688517,1.1336745563843156,1.265262225595104,0.7651345435395535,0.8032449566445485,1.422711535327539,1.375346640116289,0.8242827832032661,0.25234936883856424,0.12007702309046922,0.6550583433452379,0.023041095439508896,0.7476506311614358,0.9998025048962328,0.4647154685673838,0.3496979970704893,40270,1.0586594956160418,-0.0015604655895113126,0.33268311673982953,1.0753642168806448,0.725976378876212,,,,,,,TQQQ,normal18m,close 15:55-16:00 (fixed),all
225361,2851635162.7317643,1.288107777356416,1.2878028701809843,1.2644622874147216,1.0096004188835743,1.0099266485444234,1.2209133188646708,1.204301759462395,1.069335704330337,0.2454284459156642,0.14804691139993167,0.6255075190472176,0.04471492405518258,0.7545715540843358,0.9997781337498503,0.534239340289644,0.4195757029832136,225311,1.2880306665343693,-1.2793928654878888,-1.2128888608384343,2.5677864939071684,2.5009195273728038,225311.0,1.2880306665343693,-1.9929807939821,-1.2443015954342203,3.28137442240138,2.5323322619685893,TQQQ,since_2026-07-15,RTH all,all
130805,1488928554.589,1.5367686452472498,1.5862109161611995,1.2767315671904664,1.2073743358434272,1.2473856130953584,1.177888409695638,1.1355827012185462,1.3968255367566826,0.1864684071709797,0.010007262719315011,0.8671228164061007,0.04086235235656129,0.8135315928290203,0.9998088758074997,0.549250649946475,0.0,130780,1.5864122182990195,-2.610368129767003,-3.084032786590257,4.1474305448270625,4.6704450048892765,130780.0,1.5864122182990195,-3.8982805050136236,-4.129174250913041,5.435342920073683,5.715586469212061,TQQQ,since_2026-07-15,RTH all,lit
94556,1362706608.1427643,0.9441202480144333,0.9617545059005771,0.9961534770463178,0.7360078683533747,0.7504728301286674,1.2804322626001858,1.2793859833535377,0.751731313625633,0.3269914124962985,0.339005457083633,0.291266551038538,0.05004441812259402,0.6730085875037015,0.9997356064131309,0.5134717711650146,1.0,94531,0.9619771547636993,0.5619601833788596,0.8317852968352071,0.3824097499892616,0.1301918579284919,94531.0,0.9619771547636993,0.6429280212076535,1.9081146808641538,0.3014419121604676,-0.9461375261004541,TQQQ,since_2026-07-15,RTH all,offexchange_TRF
47815,621651101.9252373,1.4490771208894853,1.3010962038413716,1.2514861397898636,1.1236733242707118,1.008798566096117,1.2303998433468182,1.1897609286344086,1.0935778546155084,0.24088675101955453,0.12067342884032208,0.6613196695597616,0.05929101746313918,0.7591132489804455,0.9996235490954721,0.5347825177312384,0.35363379692565095,47797,1.3013779754442856,-0.3678365368944518,-0.3179514005807552,1.8174593696103598,1.6193293760250407,47797.0,1.3013779754442856,-3.4425539609372033,-2.154245477937358,4.892176793653111,3.455623453381643,TQQQ,since_2026-07-15,09:30-10:00,all
25706,298438131.62564963,0.9804037134801515,0.9691096933487058,1.2821334700930707,0.7619069477943775,0.7528038412733302,1.2194499060079622,1.2115629487409825,0.7998838973705605,0.23130786586789076,0.16377499416478644,0.6417567882984517,0.02310744573251381,0.7686921341321092,0.9999221971524158,0.5571117335823218,0.4564304053528359,25704,0.9691355129311402,-1.5029289744213954,-0.6322188255158667,2.483408972037142,1.601354338447007,25704.0,0.9691355129311402,-2.560825656092487,-0.13773018780796792,3.541305653708234,1.1068657007391065,TQQQ,since_2026-07-15,10:00-10:30,all
24954,316270424.1972692,1.5662208121773253,1.736472957581411,1.2665442340562225,1.228574176484891,1.3629018610322459,1.232653821345414,1.2089207006577123,1.4363828468126028,0.251663060030456,0.1518794582030937,0.5978600625150277,0.06227458523683578,0.748336939969544,0.9999198525286527,0.5006412311638345,0.435080548208704,24952,1.7373548734548467,-1.0700686648977276,-1.443790298255427,2.636415015774145,3.181145171710273,24952.0,1.7373548734548467,-1.4392679355443447,-0.3109618458001597,3.005614286420761,2.0483167192550065,TQQQ,since_2026-07-15,10:30-11:00,all
11855,138366702.1809363,0.9051650243813544,0.8450219052934318,1.248361525500197,0.70625390130771,0.657991030184285,1.2088226551652081,1.2016021164975725,0.7032460193699558,0.2685786587937579,0.20160269928300295,0.5709827077182623,0.02623365668494306,0.7314213412062421,0.9998312948123155,0.5446722348772463,0.5327709827077183,11853,0.8450542111719325,1.2804672143085396,1.6204946343719162,-0.3751494581255502,-0.7754404231999843,11853.0,0.8450542111719325,4.263850565925708,2.7122869128647182,-3.3585328097427167,-1.8672327016927854,TQQQ,since_2026-07-15,11:00-11:30,all
9590,106987493.56041259,0.9132598288505049,0.8817424901115062,1.2639453150169944,0.7113660062565433,0.685663077461935,1.2218290977415345,1.2047622123759616,0.7318809314018783,0.24911366006256516,0.19384775808133473,0.6019812304483837,0.01564129301355579,0.7508863399374348,0.9994786235662148,0.54679186228482,0.4932221063607925,9585,0.881891013330439,-0.35370887261243295,-0.26554344494576043,1.267445101999461,1.1474344582761993,9585.0,0.881891013330439,-0.002539060698247063,-0.8136222429461814,0.9162752900852752,1.6955132562766198,TQQQ,since_2026-07-15,11:30-12:00,all
29751,355885081.7435269,1.1466120110215183,1.1521517523219014,1.2801638609766786,0.8947598400053748,0.8989176779283935,1.2534403578207294,1.2431314301539813,0.9268141118266066,0.20375785687876038,0.10876945312762597,0.6912708816510369,0.04389768411145844,0.7962421431212396,0.9998655507377904,0.5801929606346858,0.32489664212967634,29747,1.1522335377510786,-5.385002045916544,-5.328364491249002,6.53176823880646,6.480598029000081,29747.0,1.1522335377510786,-5.76068289828614,-6.989038636185332,6.907449091176055,8.141272173936411,TQQQ,since_2026-07-15,12:00-12:30,all
12408,163746712.47867858,0.9413610615209566,0.9259420166750668,1.270567308302002,0.7376918117344241,0.7256985074324502,1.2056989180136808,1.2082916029007897,0.7663233067681047,0.26370083816892326,0.16634429400386846,0.6144422952933591,0.019100580270793036,0.7362991618310767,0.9999194068343005,0.43822035947449023,0.4769503546099291,12407,0.9259433447163579,-1.07731130436408,-1.2424270397706503,2.0187482392677585,2.168370384487008,12407.0,0.9259433447163579,-0.19315905144311754,-0.8525389846348018,1.134595986346796,1.77848232935116,TQQQ,since_2026-07-15,12:30-13:00,all
8927,107999905.68284509,0.8857855067454263,0.9076272801979036,1.2597210617628725,0.6952145177553285,0.71238918956878,1.2082486437515865,1.1898969903311907,0.7627780283277115,0.2862103730256525,0.16489302117172622,0.6010977932116053,0.018035174190657557,0.7137896269743474,0.9998879802845301,0.48879677347075956,0.4744034950151227,8926,0.9077423611851068,0.5359688296471211,1.7381506941933038,0.349915913654893,-0.8304083330081968,8926.0,0.9077423611851068,2.4062927581053684,3.6838110354059013,-1.520408014803354,-2.7760686742207943,TQQQ,since_2026-07-15,13:00-13:30,all
14291,192218975.37774238,2.1837831719477063,2.1125109513727054,1.245407559622754,1.741682177594371,1.6842814943614515,1.171073500028394,1.1686692518575559,1.8076208884720366,0.2797564900986635,0.12742285354418864,0.5654607795115807,0.09481491848016234,0.7202435099013365,0.9997201035616822,0.5727584517393435,0.42684206843467914,14287,2.1127385707645523,-2.4211623157911766,-3.5877950061589488,4.605556892000517,5.700533576923502,14287.0,2.1127385707645523,-3.7191208706778625,-3.495445582305027,5.903515446887202,5.60818415306958,TQQQ,since_2026-07-15,13:30-14:00,all
8199,119911138.93186864,0.8931059704731554,0.9060413849507304,1.2492829370912981,0.7008342480791417,0.7099216195312488,1.2156720528625282,1.2199153372512284,0.7427084136775148,0.2644224905476278,0.17489937797292351,0.606293450420783,0.013172338090010977,0.7355775094523722,0.9996341017197219,0.5018301610541728,0.49628003415050614,8196,0.9063963887206358,0.5360052345939895,0.44737587349595304,0.3574276414318902,0.45902051522468357,8196.0,0.9063963887206358,1.0607242185066932,1.9243226744457627,-0.16729134248081398,-1.0179262857251268,TQQQ,since_2026-07-15,14:00-14:30,all
9444,134794076.51607868,1.0720719525527973,1.1525375700360763,1.2698412749609571,0.843045319779832,0.9054657354982825,1.206324377738862,1.2077089193459312,0.9543173454910522,0.24957645065650147,0.13172384582803898,0.6233587462939433,0.05262600592969081,0.7504235493434985,1.0,0.5105887335874629,0.3897712833545108,9444,1.1525375700359615,-2.277698149975659,-3.036513665796167,3.349770102528335,4.189051235832128,9444.0,1.1525375700359615,0.3876036373810685,0.24899722699549057,0.6844683151716074,0.90354034304047,TQQQ,since_2026-07-15,14:30-15:00,all
7222,105555865.53102058,2.8306627707109797,2.8779721077248244,1.2403100775182518,2.2686181113265333,2.306684365050949,1.1571913453792368,1.1417410894170095,2.520687163141655,0.27623926890058154,0.16297424536139574,0.5184159512600388,0.09581833287178067,0.7237607310994184,0.9990307394073664,0.5394317394317394,0.4752146219883689,7215,2.8798678444801395,0.21376374660993977,-0.40794853206463516,2.6196453358672973,3.2878163765447748,7215.0,2.8798678444801395,-0.4320150902896539,-0.7896276944035755,3.265424172766891,3.6694955388837145,TQQQ,since_2026-07-15,15:00-15:30,all
15199,189809552.98049837,0.9492482878354125,0.9499783107237884,1.236671083350708,0.749812487663814,0.7513599760819514,1.2283439571014507,1.22506269339699,0.7754528122063558,0.23593657477465624,0.19060464504243702,0.6018159089413777,0.01822488321600105,0.7640634252253438,0.9999342061977762,0.5415844190025003,0.45463517336666887,15198,0.9499862240408561,0.11849459238709752,0.9954596096514328,0.8308161542116173,-0.045473385610576456,15198.0,0.9499862240408561,-2.440907882219738,1.9082478954638615,3.3902186288184533,-0.9582616714230066,TQQQ,since_2026-07-15,15:30-16:00,all
57365,720159409.0570586,1.3603325849160448,1.3011185755973358,1.2595251590139056,1.0501364943781537,1.0044327433316995,1.287645457435054,1.2435583648755297,1.0462866981941514,0.22837967401725792,0.10710363462041314,0.6804497515906912,0.060193497777390394,0.7716203259827421,0.99973851651704,0.5492938099389713,0.3308289026409832,50036,1.3561651080998034,-1.3504196488685385,-1.486922071920843,2.774702075662395,2.843087180020646,,,,,,,TQQQ,since_2026-07-15,open 09:30-09:35 (fixed),all
26718,480147642.909924,0.8981302730468516,0.9690099893688149,1.2375471814851684,0.7118189984281929,0.7674088899794979,1.2327634503526137,1.2267609719998043,0.7898930692172114,0.27599371210419943,0.13751029268657833,0.6159143648476683,0.013399206527434688,0.7240062878958006,0.9998502881952241,0.4950213371266003,0.3760011976944382,18140,0.951800192279862,0.29914421349355796,1.3596766975315906,0.579397535422274,-0.4078765052517286,,,,,,,TQQQ,since_2026-07-15,close 15:55-16:00 (fixed),all
368248,3581292074.9116,2.4594260544472775,2.373766923700357,2.074473602321524,0.8103156025287589,0.7822828428913493,2.9210100022235115,2.9634777854667584,0.8010071596762384,0.19560459255718973,0.15501238295931002,0.7076453911494428,0.012472572831352785,0.8043954074428102,0.9998669374986422,0.48495243061496635,0.3249440594382047,368199,2.374076521670099,0.48063588145733355,0.9304724852343292,1.979117473924039,1.4436040364357698,368199.0,2.374076521670099,1.8838306160098663,2.514677158028312,0.5759227393715064,-0.14060063635821327,TQQQ,y2022,RTH all,all
248588,1873838132.8589997,2.4652546804172664,2.4617862701407445,2.1068155482998243,0.8422441952145832,0.8487354725827294,2.7188425585208678,2.6593497964492108,0.9257098383325673,0.17581701449788406,0.0059656942410735835,0.9128558096126925,0.0085764397316041,0.824182985502116,0.9998592047886463,0.47307415319871415,0.0,248553,2.4622324559776003,-0.2525579674036893,-0.4071274550717327,2.7181597927510137,2.8693599110493335,248553.0,2.4622324559776003,2.4761620521923935,1.3216364365803321,-0.010560226845069942,1.1405960193972682,TQQQ,y2022,RTH all,lit
119660,1707453942.0526,2.4473173592055284,2.2771704628956515,1.971025918991843,0.7439854587999967,0.7093546844926675,3.3410033207522827,3.2972417653054897,0.6906289028777577,0.2367123516630453,0.4646498412167809,0.281330436236002,0.020566605381915428,0.7632876483369547,0.9998830018385425,0.509628403791184,1.0,119646,2.2773404730482643,2.003775231840579,2.3982594683620135,0.4438284925004977,-0.12091899531374904,119646.0,2.2773404730482643,0.6533193121846151,3.8238351420529852,1.7942844121564605,-1.5464946690047197,TQQQ,y2022,RTH all,offexchange_TRF
67471,546828792.9333,2.399306853794192,2.3262812922352225,1.9780437147671082,0.8227967571253234,0.8119962376614602,2.9486899326541796,2.9325094140408963,0.7932732563779523,0.19580264113470972,0.14155711342650917,0.7112389026396526,0.015236175542084748,0.8041973588652903,0.9999258940878303,0.5155041057717962,0.3041454847267715,67466,2.3266652815672506,0.3147488651451026,1.1313075091136138,2.0847358046491733,1.1953577724536375,67466.0,2.3266652815672506,4.35686006741502,6.409598332523625,-1.9573753976207446,-4.082933050956373,TQQQ,y2022,09:30-10:00,all
37324,332796959.2612,2.3921421129099265,2.3884219832242635,2.0347949944024633,0.7796291930125772,0.7886997787193173,2.942059474887191,2.92569088045138,0.8163617008150137,0.19330725538527488,0.1551012753188297,0.7163219376272639,0.009913192583860251,0.8066927446147251,0.9999464151752224,0.49413214725898935,0.31893687707641194,37322,2.388478486902325,-0.34650796130055056,-0.23478966945692784,2.738778263595362,2.623268156359253,37322.0,2.388478486902325,-1.89890385179254,0.36270175370270197,4.291174154087352,2.0257767331996215,TQQQ,y2022,10:00-10:30,all
39233,336887705.1048,2.418543714036653,2.307284053430511,2.043944813488177,0.8046104045064103,0.7922648618214944,2.92743473196535,2.8782891260596157,0.8016164993782914,0.18334055514490352,0.1490327020620396,0.7172533326536334,0.014222720668824714,0.8166594448550965,0.9998980450131267,0.4707996635142369,0.3225091122269518,39229,2.307401462945167,0.02200010786141124,-1.0833808731742516,2.396790213910653,3.3907823361194196,39229.0,2.307401462945167,0.5390240411872305,-0.6438646668721971,1.8797662805848345,2.9512661298173652,TQQQ,y2022,10:30-11:00,all
28466,278621009.451,2.352496003204175,2.567980623959892,2.04185809086373,0.7766029649406626,0.8352210680427694,2.8447550679692912,2.9087197641653755,0.8828559751945527,0.19648001124148107,0.13967540223424435,0.7417972317852877,0.008677018197147474,0.8035199887585189,0.9997892222300288,0.4664089950808152,0.30991358111431183,28460,2.5682777432685646,-0.7489635498175802,1.2176654473991013,3.101955511420095,1.3506122958694644,28460.0,2.5682777432685646,-3.478867576402538,-4.682190540727772,5.8318595380050535,7.250468283996337,TQQQ,y2022,11:00-11:30,all
24013,235458400.26090002,2.274790373339364,2.228356847235748,2.074473602321524,0.7798825636113922,0.7595076877267996,2.8011787516536324,2.862293539506038,0.7785214257306077,0.18910590097030774,0.15853912464081957,0.7144046974555449,0.012160079956690125,0.8108940990296922,0.9999167117811185,0.4892341010370247,0.3249906300753758,24011,2.2283579756654026,0.6704570711689858,1.04938896356736,1.6045227811901959,1.178969012098043,24011.0,2.2283579756654026,2.49080519033369,6.251201090061743,-0.21582533797450848,-4.0228431143963395,TQQQ,y2022,11:30-12:00,all
20970,202446428.23430002,2.3013292069952764,2.264828631706918,2.1068155482968303,0.7736700047687638,0.7423617779277388,2.8579791009165536,2.9103898913230712,0.7781873619267282,0.19675727229375298,0.16018121125417262,0.7036242250834526,0.010920362422508345,0.803242727706247,0.9997138769670959,0.48111047510017174,0.32036242250834523,20964,2.2651760078629786,0.9871788023026844,2.2793116161660114,1.3148090564403423,-0.014135608303033073,20964.0,2.2651760078629786,2.8626848371342097,1.5830766828691427,-0.5606969783911835,0.6820993249938359,TQQQ,y2022,12:00-12:30,all
17565,173254149.3407,2.1572799431573735,2.184757117793023,2.1063717746163046,0.7734471961286891,0.7703189309180171,2.66243032673608,2.7192729572793186,0.8034342826616832,0.19726729291204098,0.16356390549387986,0.7108454312553373,0.013549672644463422,0.802732707087959,0.9996014802163393,0.47653491286023464,0.3245658980927982,17558,2.1857351287090094,3.232465497758067,2.7731483264491774,-1.0743254931130297,-0.5874131977401674,17558.0,2.1857351287090094,1.5803109571450729,0.4521305602078869,0.5778290474999647,1.7336045685011223,TQQQ,y2022,12:30-13:00,all
17097,195444688.90109998,2.3399059482803755,2.4169062392395606,2.1388086835643496,0.7322325554191177,0.7163677383841687,3.0945282824550078,3.2839171112055907,0.7359827174055154,0.21185003216938644,0.19974264490846347,0.6502310346844475,0.0056150201789787685,0.7881499678306135,0.9997660408258758,0.5168782542561282,0.3945136573667895,17093,2.4185312592221018,0.6936026026938622,1.7294528661811515,1.6468509161587714,0.6890783930409508,17093.0,2.4185312592221018,2.9612209748078135,3.327147891775626,-0.6207674559551797,-0.9086166325535241,TQQQ,y2022,13:00-13:30,all
16812,171336642.5157,2.311773492972393,2.294348493637539,2.1397239756082413,0.7749298120390586,0.7628069730933427,2.8751729554620873,2.8983511717315955,0.7916047289282754,0.19004282655246252,0.15578158458244112,0.7213894837021175,0.006186057577920533,0.8099571734475375,1.0,0.46205091601237214,0.3184035212943136,16812,2.2943484936374343,0.5396984092716646,-0.2127182971536025,1.7720750837006283,2.5070667907910362,16812.0,2.2943484936374343,0.060587414636592854,0.21230844383553318,2.2511860783357007,2.082040049801902,TQQQ,y2022,13:30-14:00,all
25269,323445537.6632,2.521640810870668,2.693644862968957,2.1855534914197148,0.7663239542522704,0.7829000750924232,3.142656781650138,3.305888763813792,0.8148020261460557,0.2030155526534489,0.17119791048320077,0.6868099252047964,0.012267996359175274,0.7969844473465512,0.9999208516363924,0.4868801203150354,0.35885868059677867,25267,2.6938718401065027,0.36132744293136904,2.56188578621688,2.1605129674809493,0.13198605388962334,25267.0,2.6938718401065027,0.15880735746625022,-0.3118131951539007,2.363033052946069,3.0056850352604028,TQQQ,y2022,14:00-14:30,all
18930,210320509.7395,4.2762998691415355,2.5338563078957224,2.1975607076125496,1.2533407290016025,0.8017173161743658,3.0690230638203166,3.178888433062039,0.797088781582374,0.2006339144215531,0.18029582673005812,0.6589012150026413,0.01854199683042789,0.7993660855784469,0.9997358689910195,0.465997357992074,0.37966191230850505,18925,2.5341663485163974,2.7423309870889625,1.805479537865998,1.535098683867314,0.7286868106504,18925.0,2.5341663485163974,3.10047774183843,3.340473006025878,1.176951929117846,-0.8063066575094804,TQQQ,y2022,14:30-15:00,all
26533,267199652.0794,2.3965116211270288,2.358386612942036,2.222469163238338,0.795406474955725,0.7887399402558857,2.9335689937264364,2.9107139894896648,0.8102433359849045,0.18463799796479854,0.1507933516752723,0.7094561489465948,0.014472543624919912,0.8153620020352015,0.9999246221686202,0.44091817119595944,0.3223156069799872,26531,2.3583872105714656,-1.8572884635704778,-0.565341533529272,4.253980742163859,2.923728744100737,26531.0,2.3583872105714656,3.593829378872083,3.843165878277717,-1.1971371002787032,-1.4847786677062527,TQQQ,y2022,15:00-15:30,all
28565,307251599.42649996,2.2669216908293173,2.2128756496125885,2.2200022200002008,0.7642520567127988,0.74722467563032,2.8185996818713166,2.823265155352979,0.783800149063903,0.21155259933485035,0.14377734990372834,0.7112200245055137,0.013513040434097671,0.7884474006651496,0.9998599684929109,0.4892335702531424,0.3021879922982671,28561,2.2130663233891728,2.201909282003946,0.8787479158975942,0.06532989374399766,1.3343184074915782,28561.0,2.2130663233891728,6.69373643974069,8.838692929845612,-4.426497263992746,-6.625626606456439,TQQQ,y2022,15:30-16:00,all
93073,647350810.8426,3.9599604956172296,2.505438786425207,2.0159258139282135,1.1371291351949888,0.8260213937981229,3.2477142242310624,3.144687337038632,0.7967211102088743,0.1771082913412053,0.11702642012183985,0.728707573625004,0.02809622554339067,0.8228917086587947,0.9999247902184307,0.500526508069542,0.28385245989707003,77738,2.4902445474531913,-1.645834417960002,-7.266727076948398,5.882962488755647,9.756971624401592,,,,,,,TQQQ,y2022,open 09:30-09:35 (fixed),all
46202,502341916.4228,2.2532160225498745,2.2318950964286666,2.2170491076388683,0.7844513224536105,0.7874282381696653,2.8522709721173105,2.8291768476550625,0.7888849713578536,0.19966668109605645,0.13161767888835982,0.7054240076187178,0.01497770659278819,0.8003333189039435,1.0,0.5047833427124367,0.31619843296826977,33523,2.2148597920357567,-0.08843863805694827,-1.6611826759507584,2.3060881023152677,3.876042467986515,,,,,,,TQQQ,y2022,close 15:55-16:00 (fixed),all
264256,3168626574.1751995,2.310170432103962,2.2696152777407335,2.4041351123945467,0.7718611497941688,0.7444757556572713,2.782643674857466,2.8300236997780868,0.8019774809372454,0.2046386837006539,0.19942782756115282,0.6667284754177767,0.012139743279244369,0.7953613162993461,0.9995686001453137,0.5304306017218011,0.40101265439573747,264142,2.2704846364229043,-1.3060901565930634,-0.7783251477581038,3.6172576260073788,3.0488097841810076,264142.0,2.2704846364229043,-5.2663347326359995,-3.474398867810251,7.577502202050313,5.744883504233155,TQQQ,y2023,RTH all,all
158286,1534315626.524,2.3706751428724004,2.4406409227687913,2.425712553060256,0.7974211237885924,0.8057523653989125,2.5783003829667663,2.5929477578356064,0.9412611246769009,0.2160519565849159,0.004308656482569526,0.90622038588378,0.01002615518744551,0.7839480434150841,0.9993555968310527,0.5284668487331209,0.0,158184,2.442442936585555,-2.8591492897787325,-2.381559492059685,5.2313530882962205,4.824002428645239,158184.0,2.442442936585555,-8.956574179686717,-4.638711071668477,11.328777978204203,7.081154008254033,TQQQ,y2023,RTH all,lit
105970,1634310947.6511998,2.219795338693628,2.1090538374101624,2.2393908856770586,0.733682551665629,0.6869483554999554,3.08786857152833,3.0525941493721596,0.6909054182141903,0.18759082759271492,0.49087477587996603,0.3090025478909125,0.015296782108143813,0.812409172407285,0.9998867604038879,0.5333622756186414,1.0,105958,2.109158692184026,1.0124615896067684,0.7257795926702901,1.2075851462824128,1.383379099513736,105958.0,2.109158692184026,0.24279942138984573,-2.382077267174451,1.9772473144993348,4.491235959358477,TQQQ,y2023,RTH all,offexchange_TRF
57129,579502971.4719999,2.549456527818133,2.2081640803975473,2.2318937618580774,0.9494344378511662,0.7978265376637268,2.5498580441387495,2.592300735645835,0.8518163228647985,0.17569010485042622,0.1643473542334016,0.7021477708344274,0.027481664303593622,0.8243098951495738,0.9999649915104413,0.5991562658637772,0.3588720264664181,57127,2.208173678720939,-3.4423244748094586,-4.171643903699368,5.991870258374425,6.379817582420308,57127.0,2.208173678720939,-20.520522480512515,-16.31159003660907,23.07006826407748,18.519763715330004,TQQQ,y2023,09:30-10:00,all
31700,326879599.37679994,2.164336846835617,2.125846193120652,2.400672188210516,0.7703873817035222,0.7518726323646047,2.6632944664998566,2.67127841438358,0.7958160338787483,0.16615141955835963,0.21902208201892745,0.6725236593059937,0.007444794952681388,0.8338485804416403,0.9998738170347004,0.5893172640080767,0.5038170347003155,31696,2.125938308902042,-0.8831555611316139,0.863888363301331,3.047765544873574,1.2620499456007113,31696.0,2.125938308902042,-0.08485108820890612,1.3575559368473857,2.2494610719508663,0.7683823720546561,TQQQ,y2023,10:00-10:30,all
20682,251962719.4827,1.9731734873188453,1.9473312766545257,2.3855891297901537,0.7151552074267881,0.7076573920740508,2.5931630513087325,2.600397997431652,0.7488589356621009,0.21390581181703897,0.21907939270863552,0.6407987622086839,0.0035296392998742866,0.7860941881829611,0.9998549463301422,0.46955848928865035,0.417319408181027,20679,1.947336906372807,-0.11014542182865576,0.4094264569301163,2.0836051667257167,1.5379104494426905,20679.0,1.947336906372807,0.17664234974688556,0.8149011018611656,1.7968173951501756,1.1324358045116412,TQQQ,y2023,10:30-11:00,all
16141,204552284.63840002,2.1875531270497133,2.1991743299993347,2.4024024024036317,0.6990756458708339,0.7163656780976537,2.8626903738099734,2.866558811491536,0.7671827004501799,0.21950312867852054,0.20376680503066724,0.6699708816058485,0.0022922991140573693,0.7804968713214795,1.0,0.44829936187348984,0.41509200173471283,16141,2.199174329999253,-1.466990916645106,1.0998952590746351,3.6545440436947314,1.0992790709246176,16141.0,2.199174329999253,0.751444431845479,2.74892926883642,1.4361086952041462,-0.549754938837168,TQQQ,y2023,11:00-11:30,all
10590,134502281.17650002,2.0928725507233463,2.1004579511288917,2.378352141730003,0.711138810198331,0.7348587711356771,2.7548852488933346,2.705816341349765,0.7762751370187612,0.20349386213408877,0.23626062322946176,0.6381491973559962,0.0036827195467422098,0.7965061378659113,0.9992445703493862,0.4934794934794935,0.43059490084985835,10582,2.1008530867772954,0.9810535031798022,1.8778291408710077,1.1134012607740444,0.22302394590628769,10582.0,2.1008530867772954,2.436946488535336,3.3721488706751837,-0.34249172458148963,-1.2712957838978876,TQQQ,y2023,11:30-12:00,all
10040,131336878.0628,2.068397893743244,2.074605101978338,2.382978723403885,0.6999541832669748,0.7074635950538789,2.7097202854633586,2.6891569665693975,0.7714704376758439,0.21095617529880478,0.24233067729083665,0.6346613545816733,0.005478087649402391,0.7890438247011953,0.9973107569721116,0.5076400679117148,0.43685258964143425,10013,2.080932923087354,0.7600294427870894,2.080778286587062,1.3139458746184214,0.0001546365002916643,10013.0,2.080932923087354,0.19780762430918647,1.1431615095003673,1.8761676930963245,0.9377714135869866,TQQQ,y2023,12:00-12:30,all
9620,125040411.0885,1.9894347066460154,2.071731416425478,2.2419011321612183,0.6797089397089591,0.6957971283464193,2.7051039847638827,2.787184882918946,0.7433060609369435,0.23108108108108108,0.2470893970893971,0.6120582120582121,0.00395010395010395,0.768918918918919,1.0,0.49636174636174635,0.4614345114345114,9620,2.0717314164253775,0.3417335700322643,0.774379485596761,1.6477011366136296,1.2973519308286168,9620.0,2.0717314164253775,-0.31919438743749146,1.2381581638749801,2.308629094083386,0.833573252550397,TQQQ,y2023,12:30-13:00,all
19261,254069377.0995,2.636654278806793,2.6609662219211825,3.560399636693361,0.7605191838430249,0.7781491474237311,3.0731339748162827,3.116001099123813,0.8539683194172872,0.19988577955454026,0.1773532007683921,0.7136181922018586,0.013706453455168474,0.8001142204454598,0.9996365713099008,0.49854575672587514,0.33352370074243287,19254,2.6619802794284864,0.48274426072065174,1.1479173233503754,2.1548686022738663,1.5140629560781107,19254.0,2.6619802794284864,-11.335946769090315,-8.708885207327803,13.973559632084834,11.370865486756289,TQQQ,y2023,13:00-13:30,all
16628,206273623.42830002,2.613546375032109,2.7095475422679476,3.5681776806839527,0.7215852778446319,0.7457859076492307,3.3030243729430455,3.3737894504966115,0.8031169644771728,0.2374308395477508,0.18943949963916284,0.6477026701948521,0.012509020928554247,0.7625691604522492,0.9995188838104402,0.49747292418772565,0.35656723598749096,16620,2.709862310098466,-1.8042729299698281,-3.3292251139154905,4.419077329731118,6.039087424013958,16620.0,2.709862310098466,0.24349094339896662,-4.685137450590913,2.371313456362322,7.3949997606893785,TQQQ,y2023,13:30-14:00,all
16300,216534966.7146,2.3368380655907504,2.4554286501110374,2.418087292949076,0.708152147239301,0.7497648483191095,2.9395802106836673,2.9720148524151146,0.8261831693457757,0.23693251533742332,0.202760736196319,0.6493865030674847,0.012760736196319018,0.7630674846625767,0.9996319018404908,0.5104332883269915,0.3885276073619632,16294,2.455933250531636,1.3964205887183145,1.746816677494271,0.9412779794127482,0.7091165730373643,16294.0,2.455933250531636,4.28217181651719,3.3572245855672835,-1.9444732483861267,-0.9012913350356473,TQQQ,y2023,14:00-14:30,all
19568,254090393.7367,2.026054370880879,2.0757262096625957,2.2924033654465603,0.6953628372854035,0.7058445350251336,2.620678021680253,2.6897912969436133,0.7717053036870278,0.24703597710547834,0.18642681929681112,0.6619991823385118,0.006030253475061325,0.7529640228945217,0.999846688470973,0.4948632762586251,0.4001430907604252,19565,2.0764283252443483,-0.9447136945548601,-0.9854476771292235,2.97107873055763,3.0618760023735714,19565.0,2.0764283252443483,-2.3109369903531096,-0.13057646381626847,4.3373020263558795,2.2070047890606173,TQQQ,y2023,14:30-15:00,all
16427,218483035.779,2.449267886014621,2.529738753911992,2.454891371058087,0.725156145370479,0.7439789019275377,3.0714208846862205,3.14784577407065,0.8036412630980487,0.20886345650453522,0.21836001704510866,0.6405308333840628,0.012601205332683996,0.7911365434954648,0.9990259937907104,0.5044787033087563,0.395629147135813,16411,2.530800580049387,-3.178756593953003,-3.4688022293964087,5.630412407953363,5.999602809445796,16411.0,2.530800580049387,5.501187328258398,0.11411627724314613,-3.049531514258036,2.4166843028062415,TQQQ,y2023,15:00-15:30,all
20170,265398032.1194,2.2716355181813843,2.319906808739718,2.444688913337029,0.7152573128408887,0.7214418604998755,2.936364066337858,2.9476718307013505,0.7870302197744088,0.21740208230044622,0.20475954387704512,0.6491819533961328,0.007684680218145761,0.7825979176995538,0.9985126425384234,0.547715988083416,0.3850272682201289,20140,2.323657158877981,-2.3378838451452175,-0.96360893354023,4.612903130235368,3.287266092418211,20140.0,2.323657158877981,-7.805322209868477,-4.008233418959475,10.080341494958631,6.331890577837457,TQQQ,y2023,15:30-16:00,all
69389,687732551.3185999,2.6355255064857053,2.266030100063508,2.3383266350033,0.9484820360575861,0.8098549659305205,2.6872142697970043,2.684397479348534,0.8441484979390764,0.17181397627866088,0.14816469469224228,0.7071581951029702,0.026012768594445807,0.8281860237213391,0.999971176987707,0.5796042486344705,0.32876968972027265,58504,2.297052876826922,-5.523915527982392,-6.510927025410079,8.241518937505248,8.807979902237003,,,,,,,TQQQ,y2023,open 09:30-09:35 (fixed),all
29691,453923970.1589,2.2324666065567653,2.324246293516424,2.4393218685183324,0.7090310195008926,0.7330942128691467,2.9795131478873675,2.973513899626585,0.7816497154455219,0.23764777205213702,0.17554140985483815,0.638880468828938,0.010777676737058367,0.762352227947863,0.999562156882557,0.4980793854033291,0.39122966555521876,22182,2.409408488113292,-2.7704857725700696,-4.349504731757464,5.018880020406353,6.758913219870756,,,,,,,TQQQ,y2023,close 15:55-16:00 (fixed),all
211468,2290987208.3779,1.3941039897705574,1.343028397705773,1.5388166499947535,0.8400071878488123,0.804294646729406,1.564236748443251,1.5607902916248155,0.8604797229406471,0.20012957043146007,0.15445835776571396,0.6897119185881552,0.03840297349953657,0.7998704295685399,0.9998344903247772,0.5142054456967455,0.38688123025706017,211433,1.3434121091141409,0.4139836728403782,0.2870085102599092,0.9803510928242736,1.0564035988542313,211433.0,1.3434121091141409,1.264831507475366,-0.1755621464546262,0.12950325818928493,1.5189742555687675,TQQQ,y2024,RTH all,all
129655,1217084969.427,1.4079805398561678,1.4275338716345092,1.5459534667992432,0.8358243029578667,0.8433468025801467,1.5084481739164208,1.4636992881688684,0.9752917714542286,0.20902394817014383,0.006100805985114342,0.8982067795302919,0.019675292121399096,0.7909760518298562,0.9997994678184412,0.472031721296932,0.0,129629,1.4282784802121993,0.2805649031688368,-0.29430713382240703,1.127698038727205,1.7225856140346065,129629.0,1.4282784802121993,3.0338767892969045,-0.5477705302025742,-1.6256138474008628,1.9760490104147739,TQQQ,y2024,RTH all,lit
81813,1073902238.9509,1.3721128135351204,1.2472558604835347,1.371648035112942,0.846636109175931,0.7600356907595502,1.6526489522528678,1.67082637934939,0.7464904049271767,0.1860340043758327,0.38957133951816947,0.3592949775708017,0.06808208964345519,0.8139659956241673,0.999889993032892,0.5810351572050266,1.0,81804,1.2472789217038025,0.6254029395480234,0.9454993239245676,0.7468608325625368,0.30177959777923463,81804.0,1.2472789217038025,-1.5384491491825505,0.24606043322651971,2.9107129212931104,1.0012184884772821,TQQQ,y2024,RTH all,offexchange_TRF
34358,372053746.6027,1.3737240053537645,1.363907540573536,1.545236807543742,0.8234938005705336,0.8294071431623793,1.571969216329825,1.554880923534577,0.8771781298037166,0.19707200651958787,0.12369753769136736,0.7377030094883288,0.02450666511438384,0.8029279934804121,0.9999708946970138,0.5030706988386646,0.3082833692298737,34357,1.363954905497283,1.1208286409725579,0.6185765606073685,0.25293534819823055,0.7453783448899146,34357.0,1.363954905497283,-2.838859358450521,-4.633746735881777,4.212623347621309,5.997701641379059,TQQQ,y2024,09:30-10:00,all
28772,287762631.44990003,1.3780012734604472,1.3138406588480278,1.54523680753935,0.8494585013207762,0.8211008796739477,1.535919730761028,1.509789025370853,0.8702147364763803,0.19101904629500904,0.1474697622688725,0.7033574308355346,0.03454747671347143,0.808980953704991,0.9998957319616294,0.5755848308943655,0.40897400250243293,28769,1.3140321452257355,-2.430823311819786,-1.5192848013248965,3.8089682817527057,2.833316946550631,28769.0,1.3140321452257355,-4.245028112080702,-4.884016238222356,5.623173082013622,6.198048383448091,TQQQ,y2024,10:00-10:30,all
28794,264005100.9953,1.541393469121937,1.3317819164365088,1.536216299253538,0.9661019656873205,0.8211936210829235,1.5456984272571113,1.5567036977493804,0.8555140701226223,0.17239702715843577,0.1471487115371258,0.6912551225949851,0.06775717163297909,0.8276029728415643,0.9999652705424741,0.5349911436807557,0.4254705841494756,28793,1.331782578733208,-0.2667016980813485,0.033529106102766625,1.8081487008213915,1.298253472630441,28793.0,1.331782578733208,-1.0715259508671244,3.2732154277131444,2.6129729536071657,-1.941432848979937,TQQQ,y2024,10:30-11:00,all
19786,187692092.2594,1.4262196283039565,1.2177058636100313,1.5369246138462929,0.8817032245022476,0.737716486093712,1.5696162102010454,1.5430058413394983,0.7891777406059132,0.18017790356817953,0.17633680380066713,0.6514201960982513,0.06484382896997877,0.8198220964318205,0.9999494592135854,0.5748294162244124,0.5134438491862934,19785,1.2177479383467018,0.2862287740792453,1.3007807525200348,1.140062940129481,-0.0830328141733329,19785.0,1.2177479383467018,-0.977230117517332,1.6250857801851648,2.403521831726059,-0.4073378418384627,TQQQ,y2024,11:00-11:30,all
13124,119393061.45519999,1.3713987870484423,1.1965184552582302,1.451289185736674,0.8564202986894606,0.709944119041797,1.5157192871838305,1.5559025557943915,0.7690188892628486,0.1736513258153002,0.20092959463578178,0.6355531850045718,0.06209996952148735,0.8263486741846998,0.999847607436757,0.5685108977290048,0.5154678451691558,13122,1.1965337088928136,2.1551135504569476,1.412316781989035,-0.7835057405786859,-0.21578307309622147,13122.0,1.1965337088928136,6.675892441858634,2.5128815531688873,-5.304284631980373,-1.3163478442760743,TQQQ,y2024,11:30-12:00,all
9950,128549500.0918,1.1633913196736603,1.1772027003681882,1.5107137441395875,0.7005989949749749,0.7133627491780605,1.5140279783836168,1.5187021924009403,0.7751372891001954,0.25597989949748745,0.19597989949748743,0.6408040201005025,0.011155778894472362,0.7440201005025125,0.9995979899497487,0.5263422481399558,0.40954773869346733,9946,1.1774481289584813,0.4445276003116606,0.5249185742286525,0.7193316024584284,0.6525295547298293,9946.0,1.1774481289584813,2.2638337157917165,3.80043384737629,-1.099974513021627,-2.622985718417809,TQQQ,y2024,12:00-12:30,all
9803,121989610.7498,1.3619782805692535,1.3607679578772847,1.5385798907638013,0.800246863205221,0.7953348386648657,1.5657650264431635,1.5690610457473522,0.867249850836201,0.21044578190349894,0.1418953381617872,0.7155972661430174,0.02489033969193104,0.7895542180965011,0.9994899520554932,0.44805062257603595,0.3186779557278384,9798,1.3613170527601228,-0.8696180451611878,-0.21711076303937324,2.232291354450763,1.5784278157994962,9798.0,1.3613170527601228,4.007818037654374,3.5365962739430747,-2.6451447283647993,-2.1752792211829526,TQQQ,y2024,12:30-13:00,all
14453,144216625.107,1.4375869081147454,1.4870867066719244,1.786831055122113,0.8232104061440184,0.8669524965294412,1.6903086955302506,1.6733581982634504,0.8886840296447995,0.1971908946239535,0.126548121497267,0.7316820037362485,0.019234760949283884,0.8028091053760466,0.9996540510620633,0.4058001107419712,0.28969764062824327,14448,1.4911493529571906,5.576651897886817,2.790736346706876,-4.138567485997238,-1.2995869937496851,14448.0,1.4911493529571906,26.275668034975837,7.520074236537417,-24.83758362308626,-6.028924883580225,TQQQ,y2024,13:00-13:30,all
9352,107469727.64840001,1.2971620743273928,1.29026251541713,1.6859235962404795,0.7502309666382252,0.7374472719786604,1.5875008224121385,1.6169693878890656,0.7979511084631927,0.2246578272027374,0.1897989734816082,0.6575064157399487,0.018926432848588536,0.7753421727972626,0.9997861420017109,0.52,0.41146278870829767,9350,1.2903266827078845,1.1970336460967903,2.0567881444352683,0.10040589605384367,-0.7664614617273837,9350.0,1.2903266827078845,2.009748509508807,1.1225851424856144,-0.712308967358174,0.16774154022226975,TQQQ,y2024,13:30-14:00,all
15018,193893369.8441,1.4960767276472415,1.5215182421093711,1.7796575783651563,0.8488347316554797,0.868192408641286,1.5585626698354158,1.5546041880123904,0.9787174470787187,0.22180050605939539,0.1374350779065122,0.7013583699560527,0.04614462644826209,0.7781994939406046,0.9999334132374484,0.4566824265832057,0.30689838860034624,15017,1.5217249848175625,0.40416802912275634,-0.4404340527004178,1.0920083240639225,1.9621590375179805,15017.0,1.5217249848175625,2.3041416472214347,0.8124033301189431,-0.8079652940347571,0.7093216546986196,TQQQ,y2024,14:00-14:30,all
8471,108829357.6306,1.397561442220789,1.5531421346649752,1.5004876584919087,0.8048778184394642,0.8942824572724827,1.5606768887219782,1.5535293997451955,0.9997507191815721,0.23739818203281784,0.1808523196789045,0.6390036595443277,0.037657891630267976,0.7626018179671822,0.9996458505489316,0.5153519130845536,0.3814189588006139,8468,1.5533247249034334,1.134015136598072,1.7539359533924954,0.2640414265870035,-0.20061122848906207,8468.0,1.5533247249034334,-0.7668971390776967,0.7122569064069044,2.164953702262772,0.8410678184965291,TQQQ,y2024,14:30-15:00,all
8665,112133332.24409999,1.2805557572412898,1.3024277743397994,1.5018397537011827,0.7545943450664162,0.764115872222564,1.5892731180070019,1.59266410621657,0.8177667652935072,0.22492787074437393,0.16583958453548758,0.6718984420080785,0.01696480092325447,0.7750721292556261,0.9996537795729948,0.46790579542830757,0.36872475476053085,8662,1.3029715922364278,-0.2685341346279474,-0.7316140491434289,1.5495333999817449,2.034585641379856,8662.0,1.3029715922364278,-0.8780891171431469,-2.334549462969477,2.1590883824969445,3.637521055205905,TQQQ,y2024,15:00-15:30,all
10922,142999052.2996,1.293101883307899,1.3132412625047534,1.5059106994941502,0.7840285661967669,0.7929162765932785,1.5602542796998793,1.5777174883225071,0.8323678175748971,0.2191906244277605,0.1674601721296466,0.6639809558688885,0.02444607214795825,0.7808093755722395,0.9996337667093939,0.45933321121084447,0.3671488738326314,10918,1.3135275766718115,-0.7620545965996106,-1.7075992077022326,2.0556302303683696,3.0211267843740437,10918.0,1.3135275766718115,-2.8425522075708805,-5.856687992733967,4.13612784133964,7.17021556940578,TQQQ,y2024,15:30-16:00,all
51452,530259340.7365,1.5630538989503253,1.4005249375862312,1.55291559903578,0.9582842260748305,0.8712909613850133,1.595531102727332,1.56605147384476,0.8943032594885594,0.1738319210137604,0.08969524994169323,0.7733032729534324,0.0331182461323175,0.8261680789862396,1.0,0.4950439244344243,0.2421674570473451,43220,1.4093499933805973,0.01950601985035944,-2.715328397031658,1.5848207885645422,4.124678390412256,,,,,,,TQQQ,y2024,open 09:30-09:35 (fixed),all
25983,379235260.9269,1.2570700472192418,1.237779540605109,1.5050041387600128,0.7620436439211016,0.7629263578654253,1.574101335772789,1.5536805189340748,0.796675716481472,0.2266097063464573,0.12800677365970056,0.6968017549936497,0.016664742331524457,0.7733902936535427,0.9996151329715584,0.5314364917414238,0.3003887156987261,18435,1.23180664459148,-0.8254758814853755,0.7904211262742459,2.0819004593466848,0.4413855183172337,,,,,,,TQQQ,y2024,close 15:55-16:00 (fixed),all
152371,1862707907.1432,1.5114652868752287,1.430951210639426,1.8084817795444263,0.8364451240722295,0.8220079006532746,1.733260501622693,1.6908126591327977,0.8463097333168464,0.21799423774865295,0.17253939397916926,0.6354621286202755,0.03908880298744512,0.782005762251347,0.9998556155698919,0.5261078182331358,0.4263475333232702,152349,1.4310932755884238,0.2191941631787518,0.07584964835101837,1.2924893872642882,1.3552436272374053,152349.0,1.4310932755884238,1.9086874572988233,1.425048175585142,-0.3970039068557834,0.006045100003281779,TQQQ,y2025,RTH all,all
87408,881534277.7520001,1.6399450985706239,1.5691569909790122,1.831334126912392,0.9060429251327442,0.9185996484307228,1.6969788620342112,1.607008500224351,0.976445980690174,0.2065485996705107,0.005777503203368113,0.8628729635731284,0.033909939593629874,0.7934514003294892,0.9998283909939594,0.512054741226414,0.0,87393,1.569436080805115,-0.024541560697040776,-1.211994054446724,1.664768136920015,2.7814301352518394,87393.0,1.569436080805115,2.480740772704904,1.5902524113541534,-0.8405141964819297,-0.020816330549038913,TQQQ,y2025,RTH all,lit
64963,981173629.3912001,1.3385951395502729,1.3067803920368066,1.4213799230080804,0.7428009790189303,0.7352251600015208,1.7820776060228904,1.766106405808205,0.7399216648210946,0.23339439373181659,0.3969182457706695,0.3294798577651894,0.04605698628450041,0.7666056062681834,0.9998922463556178,0.5450150871359074,1.0,64956,1.306817884639852,0.5471206998601533,1.2327387210798666,0.7916186937384722,0.0740791635599857,64956.0,1.306817884639852,1.1390363797496579,1.2766427637215052,0.19970301384896735,0.030175120918347002,TQQQ,y2025,RTH all,offexchange_TRF
32122,354660621.4849,1.6254777235006623,1.4655768961530575,1.8320051296153,0.9110323143017697,0.8721224971069841,1.7812342087324524,1.7127113821393862,0.8557057023363578,0.19765269908473942,0.1351098935309134,0.6842351036672686,0.04096880642550277,0.8023473009152605,0.9999688686881265,0.5327667258180007,0.3781209140153166,32121,1.4655994301282607,1.6503226082909985,2.8643203714934,-0.024794279961107345,-1.3987209413651391,32121.0,1.4655994301282607,3.0288028944313345,2.2298526225972446,-1.4032745661014439,-0.7642531924689837,TQQQ,y2025,09:30-10:00,all
24440,325394006.5906,1.6844854426324247,1.6252783142182297,1.815046737454418,0.9447045826514772,0.9249814328224228,1.6972790351603868,1.723427434299015,0.9430500419527635,0.20049099836333878,0.17725040916530277,0.6320785597381342,0.06252045826513912,0.7995090016366612,0.999836333878887,0.561425765264364,0.4240180032733224,24436,1.6255720598502652,-2.5119168865203076,-2.9093509472978036,4.196678067480109,4.534923007148068,24436.0,1.6255720598502652,-0.6144410539990917,2.12501262311465,2.2992022349588934,-0.49944056326438363,TQQQ,y2025,10:00-10:30,all
14965,183695740.8855,1.3942593696937549,1.2415813786182557,1.8075011296865622,0.7861864350150773,0.7388401266445096,1.5926791213719524,1.550564647366757,0.8007285479691341,0.23053792181757435,0.1609087871700635,0.6769796191112596,0.03441363180755095,0.7694620781824256,0.9998663548279318,0.5304417563322863,0.40053458068827263,14963,1.2416492129676475,1.390087015520321,1.5235428784338552,0.004358715112955754,-0.2818936654662077,14963.0,1.2416492129676475,1.6828732491468015,1.4660469573258217,-0.2884275185135248,-0.22439774435817386,TQQQ,y2025,10:30-11:00,all
11073,128905334.96700001,1.3652889173509595,1.2892197317688785,1.3060255268637448,0.8053607875011762,0.7854516302711281,1.5598963846987428,1.5495946778776664,0.8319722248495336,0.22622595502573828,0.18621873024473945,0.6408380745958638,0.0333243023570848,0.7737740449742617,0.9999096902375146,0.5359465317919075,0.45705770793822814,11072,1.2892202849903744,-1.7109321167897296,-1.3400147572059975,3.0763443441945224,2.6292350421963717,11072.0,1.2892202849903744,-4.787863499845062,-6.77082426680724,6.153275727249856,8.060044551797615,TQQQ,y2025,11:00-11:30,all
14532,173117469.3812,1.8300950615335891,1.7966629236830611,1.9070321999814341,0.9613900357831363,0.9546915483987588,1.713383659864843,1.7178434698480352,1.0458827915456106,0.21621249655931737,0.15194054500412882,0.6407239196256538,0.06860721167079549,0.7837875034406826,0.9998623726947427,0.5025464556090846,0.36257913570052297,14530,1.7967491791792574,-1.3888052153870019,-2.7730165047093456,3.2191521826412672,4.569765683888602,14530.0,1.7967491791792574,10.02042157101965,11.68936843794277,-8.190074603765382,-9.892619258763512,TQQQ,y2025,11:30-12:00,all
7192,85812563.7122,1.2956879313727883,1.2367096281202665,1.8091361374939865,0.723726362625207,0.7284122548541312,1.7327268280096382,1.6593001442310702,0.7453200268920397,0.23053392658509456,0.21384872080088987,0.5934371523915462,0.017658509454949945,0.7694660734149055,0.9995828698553949,0.5198219502016971,0.48873748609566187,7189,1.2374952793103824,0.2725568282644017,-0.19942141768269825,1.0236717991430568,1.4369166969930807,7189.0,1.2374952793103824,3.697223742723346,2.48695863910904,-2.400995115315887,-1.2494633597986577,TQQQ,y2025,12:00-12:30,all
5763,79233035.62799999,1.2142139092671222,1.1118081512546658,1.5849430411085819,0.7004719764011926,0.68990069375081,1.6998145896889962,1.5851761445706138,0.7013783011198594,0.23199722366822836,0.2280062467464862,0.5703626583376713,0.01318757591532188,0.7680027763317716,0.9991323963213604,0.4612712747481765,0.5441610272427555,5758,1.1122560036360214,0.4888395740945256,0.057002464168974434,0.7264287064032017,1.0552535394670468,5758.0,1.1122560036360214,1.8531453022252653,-1.1271318254470117,-0.6378770217275385,2.239387829083033,TQQQ,y2025,12:30-13:00,all
8788,113809355.3387,1.413927936315222,1.3856023644313047,1.8862245409851326,0.7492171142468059,0.7484347509715417,1.8725513842541772,1.8172865863172825,0.7624567169888253,0.2212107419208011,0.21040054619936277,0.5822712790168412,0.0283340919435594,0.7787892580791989,0.9998862084660901,0.5406851029930579,0.47439690487027764,8787,1.3856070956225952,-0.9084043154025002,-6.909820286472918,2.3224931630566368,8.295427382095511,8787.0,1.3856070956225952,-3.1058331045466363,-11.731226569757736,4.519921952200772,13.116833665380335,TQQQ,y2025,13:00-13:30,all
6794,95313141.20019999,1.3579428376560334,1.3156310784292857,1.8006662465095715,0.7360553429497242,0.7367364210504271,1.7683583478237455,1.7031761671247625,0.7724574262040576,0.2332940830144245,0.1538121872240212,0.6567559611421843,0.01825139829261113,0.7667059169855756,0.9998528113040919,0.5246577359046077,0.411245216367383,6793,1.315773584809171,2.8084488805652477,5.131479772219749,-1.4503061396504218,-3.815706187410578,6793.0,1.315773584809171,5.698230293796439,8.835093608043458,-4.340087552881612,-7.519320023234287,TQQQ,y2025,13:30-14:00,all
7149,84915425.8207,1.5225813583771004,1.4946587123721975,1.900717824284584,0.7996558959296481,0.8234801312734373,1.8569633695827936,1.7678876788428135,0.8454489107308784,0.2347181423975381,0.16351937333892852,0.6129528605399357,0.04154427192614352,0.7652818576024619,0.9998601202965449,0.43186905428091776,0.41530283955798014,7148,1.4947460748824295,5.962248529378387,5.080861730785571,-4.439454162977114,-3.5861156559031424,7148.0,1.4947460748824295,1.1611233065237583,4.385875555178014,0.3616710598775143,-2.891129480295585,TQQQ,y2025,14:00-14:30,all
6638,92408997.7518,1.2950443375133873,1.28316571786201,1.795493311788332,0.715573968062765,0.7487659978544411,1.8233569216645078,1.7405175250992397,0.7372322883039326,0.24133775233504068,0.20955106959927688,0.5659837300391685,0.020940042181379934,0.7586622476649594,1.0,0.581952395299789,0.4905091895149141,6638,1.2831657178618803,-0.4154076128715568,0.18923360336178907,1.7104519503848068,1.093932114500091,6638.0,1.2831657178618803,-0.6786086414752938,-2.491839871907174,1.973652978988543,3.775005589769055,TQQQ,y2025,14:30-15:00,all
6130,67155250.5477,1.3395182417035045,1.302034677176433,1.7942047187593282,0.7186166394780468,0.7310637599669502,1.853886505782577,1.7696416824148762,0.7357617590695872,0.22463295269168027,0.20538336052202283,0.5825448613376836,0.02202283849918434,0.7753670473083197,1.0,0.5409461663947798,0.4776508972267537,6130,1.3020346771762739,-0.899582212205231,0.2584804543409557,2.239100453908532,1.0435542228353187,6130.0,1.3020346771762739,-1.7627791184089596,-2.299775865838231,3.1022973601122605,3.601810543014505,TQQQ,y2025,15:00-15:30,all
6785,78286963.83469999,1.2797244687890015,1.293560742709046,1.7919541259752918,0.6992896094326314,0.7388481760000812,1.7572666607670602,1.6905300286770935,0.7651805769586408,0.24893146647015477,0.20265291083271925,0.5920412675018423,0.012380250552689757,0.7510685335298453,0.999852616064849,0.46771816037735847,0.4956521739130435,6784,1.2935640308584428,1.4551999767760746,3.685620428291176,-0.1752868693567695,-2.3920563974327336,6784.0,1.2935640308584428,7.236210466106393,1.7038346133300477,-5.95629735868709,-0.410270582471604,TQQQ,y2025,15:30-16:00,all
49699,549718308.7219,1.7591091306928808,1.5015004749975194,1.8233202662031007,1.0723020583915237,0.9391617386117412,1.6951010581682737,1.666050036183036,0.9012337219099951,0.18197549246463712,0.11638061127990502,0.7044206120847502,0.04847180023742932,0.8180245075353629,0.9996780619328357,0.5087051909103718,0.32859816092879135,42263,1.5096388800897613,5.232814096210594,1.5332958760706343,-3.4280673594062407,-0.023656995980872092,,,,,,,TQQQ,y2025,open 09:30-09:35 (fixed),all
19056,310428556.5237,1.2134706653809282,1.2426946901941522,1.1145165784362583,0.7563150713686426,0.8163116809135608,1.5599549656544178,1.5151095650863182,0.820201204474182,0.24685138539042822,0.13491813602015112,0.6447313182199832,0.026605793450881612,0.7531486146095718,0.9997900923593619,0.4506613478899853,0.3672858942065491,12744,1.1291922590198773,-1.328617303531483,-1.5842327967672114,2.5130682309433183,2.7134250557870883,,,,,,,TQQQ,y2025,close 15:55-16:00 (fixed),all
350694,4152055148.556389,1.3730812448640282,1.3749247127104227,1.2772207676085197,0.9577259377121693,0.9753255894069163,1.404673607565639,1.3645331653998425,1.0076154596854634,0.23288108721563527,0.14863385173399032,0.6440942816244362,0.040057714132548605,0.7671189127843647,0.9998146532304516,0.5197744624660253,0.4084073294667146,350629,1.3751637883961705,-0.55992846357463,-0.752554490894768,1.9332642517903313,2.127718279290938,350629.0,1.3751637883961705,-0.46869795496342226,0.17645926322260305,1.8420337431791234,1.1987045251735673,TQQQ,y2026,RTH all,all
207468,2158915172.6829996,1.5623717298649855,1.594814109540801,1.28857676695972,1.0916449765747054,1.138247509546868,1.3533399037994371,1.289031235470916,1.237219134537244,0.179834962500241,0.008685676827269747,0.884333969576031,0.03330152119844988,0.820165037499759,0.9998216592438351,0.5208671799297115,0.0,207431,1.5950946118207343,-1.5039006329215812,-2.2703250961936114,3.06655104704296,3.865419708014346,207431.0,1.5950946118207343,-1.386669120069895,-2.5379436574389187,2.9493195341912744,4.133038269259654,TQQQ,y2026,RTH all,lit
143226,1993139975.8733892,1.0988871855299784,1.1367464809376164,1.1715669708271492,0.7637394048568734,0.7988529835636363,1.479032319342595,1.446314808467325,0.7859606181742954,0.3097203021797718,0.3513538044768408,0.2960984737408012,0.04984430201220449,0.6902796978202281,0.9998045047686872,0.5181915948546767,1.0,143198,1.1369416774232808,0.8074725550136705,0.8914466178943736,0.2916294997264189,0.24549505952890702,143198.0,1.1369416774232808,0.8610390298352534,3.1166146435472717,0.23806302490483622,-1.9796729661239916,TQQQ,y2026,RTH all,offexchange_TRF
79128,955274931.5620399,1.4930391994356031,1.3967160180492746,1.297016866674635,1.0696324941867101,1.0199562474722488,1.398478607088164,1.3271985382517635,1.052379111183382,0.2206045900313416,0.11828935395814377,0.6818066929531897,0.051018602770195126,0.7793954099686584,0.9997725204731575,0.5029579067121729,0.3406505914467698,79110,1.3969128435691112,-0.1698100394331513,-0.5266487957978365,1.66318895199701,1.923561639366948,79110.0,1.3969128435691112,-0.957982295503396,0.7267017513571394,2.451361208067255,0.6702110922119718,TQQQ,y2026,09:30-10:00,all
43364,471597166.7902111,1.2275076532459086,1.2130103585610332,1.2867528791120537,0.8066612858593288,0.8111699560595652,1.4440698860166985,1.42582182736439,0.8507446970448366,0.22075915505949636,0.15939488977031638,0.6516234664698829,0.031593026473572546,0.7792408449405036,0.9999538787934692,0.5317328536506619,0.4307028871875288,43362,1.2130308098018314,0.2862555847833649,-0.03867978563563616,0.9413086852075775,1.2517105954374677,43362.0,1.2130308098018314,1.4793886688917608,2.1525371298848057,-0.25182439890081826,-0.9395063200829736,TQQQ,y2026,10:00-10:30,all
34053,394970085.7461769,1.541739784577214,1.6850959180942877,1.2721837033256034,1.1291011070978978,1.267001851343268,1.4043697806272637,1.348880797983142,1.2492548790181144,0.25178398378997446,0.1584001409567439,0.6025900801691481,0.05435644436613514,0.7482160162100255,0.9998531700584383,0.4976797462406015,0.4382580095733122,34048,1.6859733102255399,-0.3538896369521164,-1.1286896530998847,1.89585582833492,2.814662963325424,34048.0,1.6859733102255399,-0.7053881375275041,-1.7037067135150403,2.247354328910309,3.38968002374058,TQQQ,y2026,10:30-11:00,all
23025,272082883.0186932,1.2164235435284365,1.2226967918056304,1.2922400982090725,0.7442875135723748,0.7299222580184745,1.5397593022528817,1.5522070655054783,0.7877150020622137,0.2376112920738328,0.1976112920738328,0.6056026058631921,0.023843648208469057,0.7623887079261672,0.9999131378935939,0.5458454588889371,0.49767643865363737,23023,1.2227205631952613,0.36831295297018485,1.1726922484707847,0.8482162608480284,0.05002831472447661,23023.0,1.2227205631952613,-0.5379184574273889,0.11427219176280991,1.7544476712456014,1.1084483714324518,TQQQ,y2026,11:00-11:30,all
15192,165378975.84871504,1.0813120958758062,1.0544406742036063,1.276242741368248,0.7227896261190612,0.7055915346505116,1.411359034385911,1.3828445741820028,0.7625156824492312,0.2455897840968931,0.19312796208530805,0.6097288046340179,0.017180094786729858,0.7544102159031069,0.9996050552922591,0.5313446595548531,0.4840705634544497,15186,1.05458385020557,0.3977604535417661,0.500229745688735,0.6839788695546798,0.5543541045168351,15186.0,1.05458385020557,0.41276211634186966,-0.6912366391148181,0.6689772067545761,1.7458204893203877,TQQQ,y2026,11:30-12:00,all
37691,451217553.0489669,1.2368723580012413,1.2333153443402904,1.2819691045434147,0.8962940755087547,0.888595044254889,1.3482126797187328,1.3488385429018117,0.9143535754005135,0.20543365790241702,0.11421824838820939,0.688625931920087,0.045077074102570905,0.7945663420975829,0.9998408108036402,0.5707310601034895,0.3368708710302194,37685,1.2335991679261296,-4.817511099945193,-5.147941517931818,6.054580386011766,6.381540685857946,37685.0,1.2335991679261296,-4.756406353702385,-4.466921446246006,5.99347563976896,5.700520614172136,TQQQ,y2026,12:00-12:30,all
18608,241421560.62259835,1.1525814651264275,1.243076207526367,1.274941033976019,0.7631556319862982,0.8175776213256135,1.3911511124517548,1.3855972046641525,0.8971411051797479,0.24510963026655203,0.14687231298366293,0.6595012897678418,0.02063628546861565,0.754890369733448,0.9998925193465176,0.4312049876383962,0.42933147033533964,18606,1.2431695597547037,0.32564170421148114,0.8125537294005798,0.8270636544400121,0.43061583035412354,18606.0,1.2431695597547037,1.2463260725452956,2.626769991569666,-0.09362071389380228,-1.383600431814961,TQQQ,y2026,12:30-13:00,all
12439,140150353.2404746,1.0036686362248606,0.9983974989612552,1.2700831904478194,0.7027333386930226,0.7158811822415143,1.3393512355041073,1.2990365918054247,0.7685676487170112,0.2746201463140124,0.16584934480263686,0.6202267063268752,0.015274539753999518,0.7253798536859877,0.9997588230565158,0.48986812479897074,0.4675617011013747,12436,0.9987479139321368,0.3839574246682815,1.4053064533108237,0.6199533316840382,-0.4065585393786868,12436.0,0.9987479139321368,2.270248003887661,3.6485197458803906,-1.2663372475353412,-2.6497718319482533,TQQQ,y2026,13:00-13:30,all
20719,255733777.47759172,2.16077466942663,2.1057706518812473,1.273966494680031,1.5135537429413337,1.519164841358931,1.3754127885965646,1.3177907274595189,1.597955280760567,0.2517013369371109,0.11950383705777305,0.617693904145953,0.08282253004488634,0.7482986630628892,0.9998069404894059,0.5751387883176442,0.38442975047058253,20715,2.1059411885992043,-0.6718321980016867,-1.7011430731315456,2.833024106080266,3.807084261730749,20715.0,2.1059411885992043,1.6209477346426875,0.6546391384977515,0.5402441734358909,1.451302050101454,TQQQ,y2026,13:30-14:00,all
10970,147144198.76172617,1.0213636552381653,0.9867506488215817,1.2736419792384772,0.7141677301732999,0.7186138030895179,1.3443584377637507,1.2995649570778796,0.759293056839827,0.25469462169553325,0.17219690063810392,0.62461257976299,0.01203281677301732,0.7453053783044667,0.9994530537830447,0.4994527544691718,0.47775752051048315,10964,0.9871256573144935,0.6831480436208361,0.3740847487039011,0.33877454831284753,0.6130409086105928,10964.0,0.9871256573144935,1.1866707683849678,1.5166751925425792,-0.16474817645128403,-0.529549535228085,TQQQ,y2026,14:00-14:30,all
12754,163348454.94553542,1.1550749598841066,1.181689091468344,1.2710517953595049,0.8146526579897018,0.870932952503687,1.3578020174117116,1.3082405150041057,0.9032659346012041,0.24266896659871412,0.14560137995922848,0.6304688725105849,0.04014426846479536,0.7573310334012858,0.9999215932256547,0.4860817062651925,0.4138309549945115,12753,1.1817435382756303,-2.0102476239286515,-2.2931191685712955,3.1654131566158803,3.474862706846925,12753.0,1.1817435382756303,0.5335493816037278,0.8143909302367874,0.6216161510835008,0.367352608038843,TQQQ,y2026,14:30-15:00,all
10968,139042136.8449782,2.299016360514976,2.4700080950027856,1.264622194121951,1.7368946024799836,1.9125164210975074,1.3329080993357698,1.258969655602707,1.9619282196442756,0.26814369073668853,0.16557257476294676,0.5637308533916849,0.06491611962071481,0.7318563092633115,0.99936177972283,0.5403704041602043,0.47492706053975203,10961,2.471243066326213,-0.058762243657555335,-0.45070631681350076,2.359246820076337,2.9219493831397134,10961.0,2.471243066326213,-1.5569438471603598,-2.19661752124307,3.857428423579141,4.667860587569283,TQQQ,y2026,15:00-15:30,all
31783,354693070.6486818,1.1563566319967469,1.1647964214030142,1.2721837033292192,0.7653550640280784,0.7778986890080429,1.4495192154692544,1.4079917691012807,0.8272750217471102,0.2233898625051128,0.18362017430701946,0.6333574552433691,0.0199792341817953,0.7766101374948872,0.9999056099172514,0.5250471994965387,0.42985243683730295,31780,1.1648662830531447,0.17762576288353904,0.5283559458470983,0.978840028014725,0.6365103372060462,31780.0,1.1648662830531447,-0.9777557862295477,1.2142950232209806,2.134221577127811,-0.04942874016783635,TQQQ,y2026,15:30-16:00,all
89792,1080356016.9742827,1.4797873712221759,1.4256491227423114,1.3026770012363584,1.0457902708482416,1.0237555894918517,1.431355003099245,1.3748569038827039,1.0369436402553358,0.21566509265858874,0.1017573948681397,0.696621079828938,0.054013720598717035,0.7843349073414113,0.9998329472558802,0.5272842710271005,0.3143932644333571,77975,1.4788667314581339,-0.6879446948853957,-1.1094825113995088,2.2262944582046966,2.5883492428576425,,,,,,,TQQQ,y2026,open 09:30-09:35 (fixed),all
41705,672816024.9089909,1.0841209111819043,1.0833740856498586,1.26574267451312,0.7691643687808644,0.7972161401432304,1.3600017689132242,1.3108618456885033,0.8264593932710267,0.2548615273947968,0.11329576789353794,0.6597770051552572,0.0214123006833713,0.7451384726052032,0.9998081764776405,0.4711370122550783,0.34166167126243857,27526,1.0244494595146019,0.6128409128429703,1.2624320651687224,0.4097353585207411,-0.23798260565412066,,,,,,,TQQQ,y2026,close 15:55-16:00 (fixed),all
203411,2658366497.2906733,1.921966577197271,2.0647925677457493,1.462095182395044,0.8561254799397248,0.9101522010946407,2.12522038519093,2.1279101701558374,0.9703382204308626,0.25251338423192454,0.14250458431451593,0.6518379045381026,0.029000398208553126,0.7474866157680755,0.9996362045317116,0.47633731195011236,0.3767741174272778,203337,2.065557548120056,-0.12402757120962038,-0.17972668622652938,2.0466936055970173,2.2452842343465855,203337.0,2.065557548120056,-0.2661776204029548,-0.630190391746505,2.188843654790352,2.695747939866562,SQQQ,last12m,RTH all,all
126771,1512659290.5700002,2.162405523558355,2.385471303212178,1.4693997502048821,0.9804056132712278,1.050195381431496,1.963548549329399,1.9760800766323645,1.2071733992063205,0.22176207492249805,0.007501715692074686,0.8600705208604491,0.029636115515378123,0.778237925077502,0.9996686939441985,0.45887681588271034,0.0,126729,2.3864876333130813,-0.7311864521854624,-1.4574071233582702,2.894308631221038,3.8438947566713515,126729.0,2.3864876333130813,-1.1817274395533217,-1.4923025027505943,3.344849618588898,3.8787901360636763,SQQQ,last12m,RTH all,lit
76640,1145707206.7206733,1.5242540815143248,1.6414054530919462,1.300136514336518,0.6505524530273031,0.7252553822783819,2.392643405859017,2.328369065944547,0.7049593112619708,0.3033794363256785,0.3658141962421712,0.3073982254697286,0.02794885177453027,0.6966205636743215,0.9995824634655532,0.5052213868003341,1.0,76608,1.6418931790429692,0.8803667195588044,1.5069574273989792,0.6445240595664908,0.13493575164398974,76608.0,1.6418931790429692,1.248373249364,0.5078960651918792,0.2765175297612953,1.1339971138510894,SQQQ,last12m,RTH all,offexchange_TRF
42305,499488535.28610307,1.8650089760287716,1.9626641143248118,1.4623089858873886,0.844721900484676,0.8621987616680226,2.0550864162620552,2.1139536945185915,0.928432878834542,0.23103652050585038,0.10339203403852973,0.7148091242169956,0.029098215340976244,0.7689634794941497,0.9996217941141708,0.48676960911821043,0.3001772840089824,42289,1.9636453753746772,1.0352423983405206,0.4301848486079408,0.8304722019311651,1.5334605267667365,42289.0,1.9636453753746772,3.0613071537802132,1.8011414622128978,-1.1955925535085272,0.162503913161779,SQQQ,last12m,09:30-10:00,all
31526,351867109.15179944,1.794892575990223,1.9215756531976165,1.4676744698012631,0.9089082027533789,1.0367774695476397,2.08604207563388,1.9595221958552809,0.9806347982493244,0.2535050434561949,0.13376260864048722,0.6692571211063884,0.028769904206052146,0.7464949565438052,0.9998414007485885,0.46023286063259417,0.35275645498953245,31521,1.9221631824120133,0.6246374745823583,1.4617207365613094,1.1705398151819686,0.46044244585070404,31521.0,1.9221631824120133,-0.1290880722563816,-0.31536135562104145,1.9242653620207084,2.2375245380330555,SQQQ,last12m,10:00-10:30,all
19193,268359706.33250117,2.6205254460292315,2.8569785192999078,1.4802753312102588,1.0610316261138075,1.1481902142736762,2.1708653865086793,2.1732288793463943,1.314623851381523,0.27338092012712967,0.14651174907518366,0.621424477674152,0.04381805866722242,0.7266190798728703,0.9995831813682071,0.4838154808444097,0.38347314124941384,19185,2.857797198319335,-0.07692772848783702,-0.2541255005503515,2.69854591382191,3.1119226988696855,19185.0,2.857797198319335,-0.4513744798449048,-0.016500344520374223,3.072992665178977,2.874297542839709,SQQQ,last12m,10:30-11:00,all
13811,162739311.69823587,1.401967566528315,1.284710058943493,1.2971009793100596,0.7188183332127769,0.7175184298680535,1.8750868830402276,1.719230464514578,0.7472587797042259,0.25595539787126204,0.15784519585837375,0.6546955325465209,0.014481210629208601,0.7440446021287379,0.9992035334153935,0.47057971014492755,0.4067048005213236,13800,1.2853293653802131,-0.7288796366182859,-1.724572316320538,2.131964713525549,3.0099016817007507,13800.0,1.2853293653802131,-5.749748606535512,-8.069474407509384,7.152833683442774,9.354803772889595,SQQQ,last12m,11:00-11:30,all
9598,111884997.79852043,1.4344255372990167,1.4383791562819037,1.2994607237984412,0.6892165034383483,0.7245972277060332,2.0166632440750285,1.8765855494134143,0.766487388081782,0.2837049385288602,0.1715982496353407,0.6150239633256929,0.014065430297978746,0.7162950614711399,0.9997916232548447,0.4739474781158816,0.4395707439049802,9596,1.4388638959509898,0.1893977701818246,-0.19926030524736496,1.2453267303385833,1.6381242011983546,9596.0,1.4388638959509898,1.4685193082254158,3.119138249711118,-0.03379480770500781,-1.680274353760127,SQQQ,last12m,11:30-12:00,all
18817,295862754.7290309,1.8990097165293944,2.0828043231403277,2.52154895149473,0.8045713982038404,0.852213244175499,2.301666690602356,2.3593938234899827,0.8827709483698962,0.25365361109634904,0.11813785406812988,0.6601477387468778,0.0384758463091885,0.7463463889036509,0.9998937131317426,0.4517140579325007,0.3228995057660626,18815,2.083302893735308,-2.8020416665689267,-1.4284618711513937,4.701253244348781,3.511764764886702,18815.0,2.083302893735308,-3.1030693121509896,-4.165024533921672,5.002280889930843,6.248327427656982,SQQQ,last12m,12:00-12:30,all
8870,113524567.54873762,1.6332648123145455,1.7007117645343695,1.4835694681389962,0.6941127395716852,0.730047021634868,2.2565095611188837,2.1836420101942555,0.7788418415631576,0.2544532130777903,0.1826381059751973,0.6237880496054115,0.005636978579481398,0.7455467869222097,0.9987598647125141,0.5546901456146291,0.46437429537767755,8859,1.7028569954242443,-0.4527634911031346,-0.12180925082900643,2.0880562877199242,1.82466624625325,8859.0,1.7028569954242443,-0.3042629055644217,1.8066983168570012,1.939555702181211,-0.10384132143275712,SQQQ,last12m,12:30-13:00,all
7452,98450198.09888172,1.493394899965293,1.6538241896066486,1.3057387216806038,0.6791465378423119,0.7276204362089211,2.1368572276935507,2.184883509023163,0.7569392980342714,0.2713365539452496,0.1751207729468599,0.6104401502952228,0.007514761137949544,0.7286634460547504,0.9994632313472893,0.5017454350161117,0.4382716049382716,7448,1.6551927891888447,0.18337547093519738,0.7763630637316642,1.3108214671071012,0.8788297254571809,7448.0,1.6551927891888447,1.5723096546969724,1.5847081255112365,-0.07811271665467409,0.07048466367760806,SQQQ,last12m,13:00-13:30,all
13204,194740052.22794986,3.483034804122373,3.3650522586557634,1.3174362690192878,1.4401590427143662,1.403972096200246,2.077108518002538,2.153087138850515,1.5628964559475702,0.2292487125113602,0.10284762193274766,0.6554831869130566,0.08664041199636474,0.7707512874886399,0.9996213268706453,0.4378361997120994,0.3210390790669494,13199,3.365437650588949,-0.9336829503990821,-1.9945926301782573,4.418037185843421,5.360030280767207,13199.0,3.365437650588949,1.838214356112907,1.977168259067149,1.646139879331432,1.3882693915217998,SQQQ,last12m,13:30-14:00,all
7109,94677638.64753485,1.4756597716315691,1.6410088050576388,1.30710411084124,0.6555408636939922,0.7032334157737354,2.1379146774687783,2.198201352074424,0.7465234263044342,0.3150935433956956,0.16443944295962865,0.607117738078492,0.015332676888451259,0.6849064566043044,0.999437332958222,0.4760028149190711,0.4622309748206499,7105,1.642617566410372,0.13802802215987492,1.0174561552506662,1.3384625220381465,0.6251614111597058,7105.0,1.642617566410372,0.16064338512769802,1.379704076499737,1.315847159070323,0.2629134899106344,SQQQ,last12m,14:00-14:30,all
7451,132536641.97281024,1.678235517288341,1.8092094999502057,1.4915355358327846,0.6950879076634994,0.7224626119235013,2.2836911365711856,2.2884671876941365,0.7905769895583115,0.26868876660850893,0.14843645148302242,0.6373641121997048,0.010065762984834251,0.7313112333914911,0.9995973694806066,0.4791890440386681,0.4261172996913166,7448,1.8092336503639508,-0.47963191722716947,-1.5757223458132639,2.1585434155239103,3.384955996177214,7448.0,1.8092336503639508,0.9593823121559092,-1.088583684292423,0.7195291861408316,2.8978173346563745,SQQQ,last12m,14:30-15:00,all
8006,112257532.24334472,2.028626027027766,2.4625484320097812,1.4939867035169798,0.810184861354089,0.9636055469124167,2.304196619013753,2.200404967659168,1.1191341903892746,0.2478141393954534,0.14688983262553085,0.6385211091681239,0.02523107669248064,0.7521858606045466,0.9998750936797401,0.46396002498438477,0.42405695728203846,8005,2.4628879696197408,-0.305359439115286,-0.9237673865073717,2.334238886008825,3.3866553561271124,8005.0,2.4628879696197408,-2.641984248695185,-2.9688406917043704,4.670863695588724,5.431728661324112,SQQQ,last12m,15:00-15:30,all
16069,221977451.55522346,1.5845756986238217,1.7874992668775476,1.4008463446674517,0.6938278673222208,0.7546631077600024,2.1988122001930512,2.2508423825953985,0.794146796194774,0.23573339971373453,0.2364801792270832,0.562822826560458,0.014002115875287822,0.7642666002862655,0.9998755367477752,0.4883923570050414,0.502084759474765,16067,1.7875547857952068,-0.38872615932828614,0.5815268925834853,1.9734991039466012,1.2060278932117212,16067.0,1.7875547857952068,-4.209333368001241,-2.980187411198967,5.794106312619558,4.767742196994174,SQQQ,last12m,15:30-16:00,all
49423,628929677.8721054,1.8140740342384927,1.8481287485640263,1.464236034847486,0.8858612386946191,0.9116685913745336,2.0456153585959025,2.0173372709495925,0.9161228393376597,0.2295894623960504,0.0963519009368108,0.7096291200453231,0.035347914938389007,0.7704105376039496,0.9996357970985169,0.5039773302297338,0.2820953806931995,40912,1.9156628280006547,1.6749116383602294,3.0157024577478557,0.1958779426211637,-1.100039629747201,,,,,,,SQQQ,last12m,open 09:30-09:35 (fixed),all
22415,416985020.81244516,1.5493920572595257,1.6304676620326863,1.4906461951284677,0.6980539817088273,0.7173138125915525,2.1344848289881617,2.126511867815706,0.7667333941133645,0.27726968547847425,0.1283961632835155,0.6519741244702209,0.014633058219942003,0.7227303145215258,0.9995538701762213,0.5147065387190359,0.35275485166183357,15052,1.611061465980814,1.5820874596779533,1.5133661855504357,-0.06850840122512737,0.09769528043037819,,,,,,,SQQQ,last12m,close 15:55-16:00 (fixed),all
97229,1368263048.881257,2.490588701595225,2.6265861296267494,2.8442896531703603,0.8589511359780307,0.9047203695417898,2.72434560420403,2.684507150461664,0.978423964776941,0.27766407141902105,0.16406627652243672,0.5919118781433523,0.026658712935441073,0.722335928580979,0.9996811650844912,0.4545875429535587,0.44984521079101913,97198,2.627234529821136,-0.6904446417477039,-0.5269610346501605,3.181827683244203,3.1541955644712973,97198.0,2.627234529821136,-0.557763171734929,0.3215890024995752,3.0491462132314293,2.305645527321561,SQQQ,last5,RTH all,all
53491,742997559.691,3.1153817558328885,3.212718476297226,2.894774931250576,1.0720495036548616,1.1036027958245709,2.5980145305444435,2.5205460949277865,1.2746120702820434,0.23706791796750856,0.008823914303340749,0.8271297975360341,0.032902731300592625,0.7629320820324914,0.9997008842609038,0.42090696587190274,0.0,53475,3.2132995837793654,-1.7886813931390895,-3.41887241283901,4.904995287505572,6.632171996618376,53475.0,3.2132995837793654,-2.0505646088725866,-1.7842267557067963,5.16687850323907,4.9975263394861615,SQQQ,last5,RTH all,lit
43738,625265489.1902571,1.7264749957964483,1.9300901439037792,2.1111274006736345,0.598334628926923,0.668390106720315,2.8788468493712744,2.879340651193963,0.6703236531264327,0.32731263432255703,0.35392564817778593,0.30424344963189903,0.019022360418857742,0.6726873656774429,0.9996570487905254,0.49578025295611006,1.0,43723,1.9307179618422436,0.6527433892806872,2.9099683205998286,1.0743239063332712,-0.9792503587575845,43723.0,1.9307179618422436,1.2679934518027105,2.8242728851088095,0.45907384381124805,-0.8935549232665663,SQQQ,last5,RTH all,offexchange_TRF
15807,222469167.2582485,2.446075176272635,2.5328855959008716,2.7303754266225573,0.853390270133552,0.885403671561761,2.652333331569063,2.660261980342862,0.9521188569459712,0.2776617954070981,0.15727209464161448,0.6027709242740558,0.04396786233946986,0.7223382045929019,0.9991143164420826,0.4569746090039891,0.4286075789207313,15793,2.5335697067538336,1.5299076890571486,0.637985435439174,0.918335856269129,1.8955842713146598,15793.0,2.5335697067538336,3.304386125078602,3.7466214278969687,-0.8561425797523248,-1.2130517211431353,SQQQ,last5,09:30-10:00,all
13478,127904363.63478255,1.9506820730447532,1.8957960676533843,2.7921262041018866,0.6804525894050427,0.6603334079099755,2.6972592065269896,2.6219822342789607,0.7230392497967187,0.2740762724439828,0.16627096008309838,0.6165603205223327,0.00408072414304793,0.7259237275560172,0.9997774150467429,0.4348794063079777,0.4542958895978632,13475,1.8971000287626825,-0.6024854500442147,-0.08451208332841385,2.553601812232997,1.981612112091096,13475.0,1.8971000287626825,-1.8519244122597152,1.8498052943706904,3.803040774448497,0.04729473439199287,SQQQ,last5,10:00-10:30,all
10574,155741599.20945838,3.708259000426497,3.9449145845700953,2.8109627547409426,1.2723264611312368,1.3517940970287876,2.7175634461208418,2.670264917651142,1.4773495163319523,0.2920370720635521,0.16285227917533573,0.5540003782863627,0.05390580669566862,0.7079629279364479,0.9998108568186117,0.46556942867953083,0.4360696046907509,10572,3.945112783035178,-0.6967974951281509,-1.2503456920507034,4.405758020147687,5.195458475085881,10572.0,3.945112783035178,-1.5887676072695092,-1.1595961479901837,5.297728132289045,5.104708931025362,SQQQ,last5,10:30-11:00,all
4648,43261828.916010536,1.8690213970899956,1.7705391917561062,2.822865208183742,0.6515404475044327,0.6161974466527583,2.7290992747534073,2.6406426942448276,0.6704955561064447,0.2794750430292599,0.22418244406196214,0.5443201376936316,0.003227194492254733,0.7205249569707401,1.0,0.5012908777969018,0.5469018932874354,4648,1.770539191755893,1.2996036980177197,0.5930127773182026,0.5694176990720725,1.1775264144376907,4648.0,1.770539191755893,2.051675056426418,3.429298235401959,-0.18265365933662625,-1.6587590436460657,SQQQ,last5,11:00-11:30,all
4515,44906165.420777984,1.7305387304431057,1.8163343902194673,2.826855123676358,0.6029014396457838,0.6322190802882398,2.657107385131779,2.5682840981713384,0.7072170837769576,0.33754152823920264,0.19003322259136213,0.5486157253599114,0.0017718715393133999,0.6624584717607973,0.9997785160575858,0.45015507310589276,0.5355481727574751,4514,1.8170415836298157,-0.3899069824523793,0.2505390808392675,2.1208290843463846,1.5665025027905477,4514.0,1.8170415836298157,-0.41638478566959053,0.3418187468889535,2.1473068875635963,1.475222836740862,SQQQ,last5,11:30-12:00,all
12105,215227134.01742953,2.1134869787151502,2.250217722400194,2.872325147204051,0.7302899628253644,0.7771446329360694,2.72905304522961,2.686985387222313,0.8374506735693007,0.27534076827757126,0.12094175960346965,0.6393225939694341,0.021065675340768277,0.7246592317224287,0.9999173895084675,0.4410112359550562,0.3485336637752995,12104,2.25095011348832,-4.1467160853249325,-1.6653555823118622,6.2603776746625375,3.9163056958001827,12104.0,2.25095011348832,-2.5465999166430557,-2.9296052315449517,4.660261505980663,5.180555345033271,SQQQ,last5,12:00-12:30,all
5384,66594521.497982204,1.9648674917115505,2.081498591936154,2.856734752179722,0.677459138187284,0.718477425104289,2.76547630629322,2.6974574698038754,0.7716520520664573,0.25724368499257055,0.20189450222882616,0.586552748885587,0.004086181277860327,0.7427563150074294,0.99944279346211,0.5582605463668463,0.524702823179792,5381,2.082086809838401,-0.41546830074133734,-0.5586133313873998,2.381431239855629,2.6407001412258,5381.0,2.082086809838401,0.8584572028588591,3.4615008993292906,1.1075057362554324,-1.3794140894908922,SQQQ,last5,12:30-13:00,all
3671,49084571.79947062,1.8386152246539145,2.08263472118179,2.858367871946582,0.6326287115229049,0.7152823926928494,2.7882317559796315,2.7755022428179057,0.7503631915884662,0.30019068373740126,0.1966766548624353,0.5472623263415963,0.0016344320348678834,0.6998093162625988,0.9994551893217107,0.48896156991005724,0.49387087986924544,3669,2.085752711789216,1.4996021311117083,2.2445786400830015,0.34001533678228185,-0.15882592829378483,3669.0,2.085752711789216,0.888549624272996,0.8949357311566872,0.9510678436209935,1.1908169806325286,SQQQ,last5,13:00-13:30,all
6943,118722387.95587689,5.336957846276131,4.424233363124793,2.9090909090923973,1.8185366556243854,1.5074664434279093,2.7704118823462,2.7062127238899487,1.634843160727342,0.25190839694656486,0.11047097796341639,0.5889384992078353,0.10197321042776898,0.7480916030534351,0.9997119400835374,0.3797723670940787,0.3684286331556964,6941,4.424248708310727,-2.766925693047387,-2.786774863404156,8.10542134593512,7.211023571714883,6941.0,4.424248708310727,1.2541794272109767,2.1319236480101287,4.0843162256767584,2.2923250603005996,SQQQ,last5,13:30-14:00,all
3995,55429879.589588985,1.7123516189596435,1.9633312998611192,2.834417932031374,0.5891714643305287,0.6748449212160459,2.683689542300045,2.7357864159244163,0.717647872082775,0.3421777221526909,0.1894868585732165,0.5469336670838548,0.003003754693366708,0.6578222778473092,1.0,0.4600750938673342,0.5584480600750938,3995,1.9633312998606895,0.28393639500747647,2.2181083268967883,1.42841522395178,-0.25477702703609856,3995.0,1.9633312998606895,0.3856685608251406,3.3646384291451823,1.3266830581341154,-1.4013071292844912,SQQQ,last5,14:00-14:30,all
4623,93081773.38967356,2.0219852176978006,2.1063686458557704,2.8822596915996876,0.6937832576249658,0.7216164786312368,2.7359855735405123,2.6220607191414214,0.8033256554583101,0.27428077006272983,0.13692407527579495,0.63659961064244,0.012113346311918667,0.7257192299372701,0.9993510707332901,0.4733766233766234,0.409258057538395,4620,2.1064086812279372,-0.9186919001379662,-2.23059701709358,2.941990095249687,4.337005698321517,4620.0,2.1064086812279372,0.8379942906570699,-1.9776834636125675,1.1853039044546516,4.084092144840505,SQQQ,last5,14:30-15:00,all
4781,62215999.69635781,2.6279229876256323,3.5497372753992162,2.9209872937067667,0.8942982639615673,1.2082438712163859,2.803096474459433,2.702161008123464,1.3136660860428735,0.23488809872411628,0.12382346789374608,0.6463083037021543,0.03618489855678728,0.7651119012758837,1.0,0.4672662622882242,0.41037439866136793,4781,3.5497372753991496,0.5709716979600642,-0.8794563402266428,2.0569512896654403,4.429193615625793,4781.0,3.5497372753991496,-0.5044270527130278,-0.46962723164880826,3.132350040338533,4.019364507047958,SQQQ,last5,15:00-15:30,all
6705,113623656.49559939,1.9045604222681938,2.1051534070663678,2.8964518464895335,0.6528590604026447,0.7211996291485454,2.837078560475775,2.8267185625410822,0.7447339947327255,0.2499627143922446,0.23579418344519015,0.5421327367636093,0.002535421327367636,0.7500372856077554,1.0,0.41655480984340043,0.5621178225205071,6705,2.1051534070661413,-2.0218137660757596,0.5423222047901345,3.9263741883436882,1.5628312022760074,6705.0,2.1051534070661413,-9.10759158206393,-4.252781987701538,11.012152004331861,6.357935394767681,SQQQ,last5,15:30-16:00,all
16694,220639572.63284516,2.2828130470383123,2.40114507215374,2.731867231250076,0.799078710914152,0.84253885717393,2.688705663810171,2.7203462394752425,0.8826615661309801,0.25655924284173953,0.15969809512399666,0.6278902599736432,0.03390439678926561,0.7434407571582604,0.9991014735833234,0.4737094550032976,0.42793818138253265,14083,2.4607315995335624,1.4932205926238367,3.4199097741048696,0.8544629369045799,-0.9591781745713078,,,,,,,SQQQ,last5,open 09:30-09:35 (fixed),all
9611,189174937.7189126,1.8200301396231662,2.057673379593262,2.889755815635057,0.6220247632921927,0.7027534991188084,2.8054818738260696,2.7601235701110314,0.7455004558040451,0.3090209135365727,0.18551659556757882,0.5421912392050775,0.006659036520653418,0.6909790864634273,0.9994797627718239,0.5301894649177598,0.4535428155238789,6185,2.073410971325858,-0.4153550988118171,-1.725330265892351,2.2461073378780845,3.7987412372182088,,,,,,,SQQQ,last5,close 15:55-16:00 (fixed),all
255487,3261104740.4821734,2.0583148632261263,2.1924804356175636,1.480713704003984,0.8356234172385358,0.8836599118184929,2.365291220372649,2.3661875158298518,0.9265877792650905,0.25009100267332585,0.15906875888009958,0.6354021926751655,0.030095464739888916,0.7499089973266742,0.9996477315871257,0.4777503259631084,0.3920943139964069,255397,2.193276980687,0.2461365829798584,-0.061941820693248585,1.8129036150686653,2.2552188013802486,255397.0,2.193276980687,0.42753343933247645,0.004273536702423423,1.631506758716048,2.1890034439845767,SQQQ,normal18m,RTH all,all
155312,1803101777.06,2.2648238063688644,2.4826760655632274,1.4917580368450667,0.9547362727928786,1.0197056391597559,2.139720399333141,2.1519547467969287,1.1536841419451593,0.229145204491604,0.007578294014628619,0.8513701452560009,0.0319550324508087,0.770854795508396,0.9996845060265788,0.4583770763156708,0.0,155263,2.48365281490009,-0.42212399259590394,-1.4068005937755734,2.6876625627300603,3.8904534086756626,155263.0,2.48365281490009,-0.3997042878830468,-0.7818979581921952,2.665242858017203,3.2655507730922846,SQQQ,normal18m,RTH all,lit
100175,1458002963.4221735,1.7381419959699758,1.8335975875183301,1.385859104322987,0.6509500374346316,0.7154131394287564,2.7150177525142825,2.6311276402594186,0.6968865970096171,0.2825655103568755,0.3939406039430996,0.30056401297728974,0.027212378337908658,0.7174344896431245,0.9995907162465685,0.5077895619869375,1.0,100134,1.8341954561374623,1.2823095286888047,1.6011233577535278,0.4565441518418784,0.23307209838393414,100134.0,1.8341954561374623,1.7102087668003074,0.9764607013443231,0.028644913730375744,0.8577347547931395,SQQQ,normal18m,RTH all,offexchange_TRF
51751,585205190.1119032,2.0174882324449417,2.0946662404515806,1.4638073629497044,0.8381194566289437,0.8505146992749641,2.32738553344062,2.353043111722531,0.8901945867528933,0.2297733377132809,0.11638422445943074,0.7001990299704354,0.028405248207764102,0.7702266622867191,0.9996715039322912,0.4794912436695403,0.31500840563467375,51734,2.095723615871841,1.4509381810427768,0.8238020981759873,0.5672130061310096,1.271921517695854,51734.0,2.095723615871841,4.078079583285563,2.778588453920676,-2.059928396111777,-0.6828648380488348,SQQQ,normal18m,09:30-10:00,all
37783,423128914.5321994,1.9389812529815829,2.048291729619718,1.470047776555579,0.887258290765777,0.988400701131132,2.254790332353014,2.1679446106066833,0.9448081466650196,0.25548527115369346,0.14503877405182225,0.6564327872323532,0.03289839345737501,0.7445147288463065,0.9998147314929995,0.4638130029648454,0.36254400127041264,37776,2.048846104598726,0.8741818803564734,1.0358603460082063,1.0651586713534786,1.0129857585905198,37776.0,2.048846104598726,-0.21716356425429265,0.1976384282277154,2.1565041159642444,1.8512076763710108,SQQQ,normal18m,10:00-10:30,all
23984,316710844.86320114,2.643178003341064,2.8385567314279183,1.5119851406350404,1.0032279853236585,1.0874903467257817,2.403182813097034,2.3637311092462934,1.2008797110315266,0.26225817211474317,0.1549366244162775,0.6291277518345564,0.040652101400933956,0.7377418278852569,0.9996664442961974,0.4788538538538539,0.38075383589059375,23976,2.839245922493015,0.4271105917337048,0.1499219889885809,2.216949352882846,2.6893239335044337,23976.0,2.839245922493015,0.258892437626839,0.9252264990072385,2.385167506989711,1.9140194234857766,SQQQ,normal18m,10:30-11:00,all
17399,202953622.18953586,1.618508180179093,1.5276305984511755,1.2997985312264775,0.703561124202648,0.6986145032857104,2.2024916286246636,2.080269113301657,0.7343427774239399,0.2594976722800161,0.1738030921317317,0.6367607333754813,0.014426116443473762,0.7405023277199839,0.9991953560549457,0.4618349151567443,0.4281855279039025,17385,1.5283547195414067,0.010887121855566359,-1.0103941588735734,1.608924429880566,2.5387488784149803,17385.0,1.5283547195414067,-4.700393686860823,-6.981774973211664,6.320205238596956,8.51012969275307,SQQQ,normal18m,11:00-11:30,all
15431,177083141.48852044,2.0488440607028537,2.097849417135495,1.484670774254459,0.7994271272115581,0.8222875495834451,2.3312307354078157,2.2836711157213676,0.9186302715366372,0.2625234916726071,0.17471323958265828,0.6026829110232649,0.04944592054954313,0.7374765083273929,0.9998703907718229,0.4787089247520902,0.4089819195126693,15429,2.0982960495608247,-1.5314174085778098,-4.498231402971874,3.580527052799921,6.596527452532699,15429.0,2.0982960495608247,2.3244021093771385,1.3040734323150323,-0.27529246515502803,0.7942226172457935,SQQQ,normal18m,11:30-12:00,all
21872,328471590.4417309,2.0055273957670217,2.1645088767030614,2.573009134183743,0.8029937820044726,0.8476616544615527,2.4326990738338785,2.4622706073828686,0.8790702655561095,0.24615947329919532,0.1335497439648866,0.6513807607900512,0.03881675201170446,0.7538405267008047,0.9998628383321141,0.4550276647308976,0.33778346744696414,21869,2.164975673866269,-1.570844447916605,-0.5371604804007067,3.576646962901747,2.702136154266976,21869.0,2.164975673866269,-1.8034700353004702,-3.189304267798236,3.8092725502856126,5.3542799416645055,SQQQ,normal18m,12:00-12:30,all
11203,143067139.7473376,1.784628696031076,1.8741454520404301,1.486215352603241,0.6846880299920474,0.7284791162734405,2.503087858800631,2.4288646002532004,0.7716138033569501,0.2538605730607873,0.20039275194144426,0.6034098009461751,0.006783897170400785,0.7461394269392128,0.9989288583415157,0.5566973460816728,0.4700526644648755,11191,1.8760390706611667,-0.5047547449975062,-0.08491622401704045,2.291297080949043,1.960955294678207,11191.0,1.8760390706611667,0.2068906228325174,1.6782730397578978,1.5796517131190193,0.19776603090326822,SQQQ,normal18m,12:30-13:00,all
10752,139643336.2545817,1.7386591124849313,1.8909067473911951,1.4862153526074648,0.683703497023906,0.7246002743732743,2.4402872873755745,2.5058770656037446,0.7545887918231201,0.263671875,0.20303199404761904,0.5816592261904762,0.013206845238095238,0.736328125,0.9995349702380952,0.49055550386154273,0.4680989583333333,10747,1.892153334864729,0.7251234167669237,0.30829490871989307,1.0143446001154792,1.5838584261448359,10747.0,1.892153334864729,1.590219036531027,1.5935818365530068,0.14924898035137527,0.298571498311722,SQQQ,normal18m,13:00-13:30,all
15561,229473937.36004984,3.3723250186261136,3.2857262008675243,1.4870994125943795,1.3273401452349123,1.3030423555415431,2.3261012962548193,2.383803262795385,1.3783546033973009,0.22781312254996466,0.13013302486986697,0.6369127948075316,0.07512370670265407,0.7721868774500353,0.9996786838892102,0.45313705322705067,0.3547329863119337,15556,3.2860455432521047,-0.3514633170265567,-1.1004876912201216,3.72487226629618,4.386533234472225,15556.0,3.2860455432521047,2.3848988643983966,2.130962328483627,0.9885100848712273,1.1550832147684762,SQQQ,normal18m,13:30-14:00,all
10168,129451222.62323484,1.684727026524261,1.8306582097700796,1.4893141708272135,0.6636211644375203,0.7138218180785402,2.3852844106618534,2.3979131365782953,0.7634380836590017,0.2980920535011802,0.1936467348544453,0.5737608182533438,0.02065302911093627,0.7019079464988198,0.9996066089693155,0.49291617473435656,0.4882966168371361,10164,1.8319704546534743,0.8874998992350013,2.6227668797550012,0.7978901446154414,-0.7907964251015268,10164.0,1.8319704546534743,-0.1924827735870287,2.5993708422702326,1.8778728174374715,-0.7674003876167578,SQQQ,normal18m,14:00-14:30,all
9951,172244025.92471024,1.9438343630754271,2.1347931431491616,2.3434448639500953,0.6954698020300413,0.7379889966153568,2.640960483620258,2.663380848709287,0.8015350655478781,0.25404481961611897,0.1815897899708572,0.6162194754296051,0.008742839915586373,0.745955180383881,0.9996985227615315,0.4879372738238842,0.4624660838106723,9948,2.134815070288375,-0.37063500165348856,-1.3533182830530688,2.315055563270096,3.488133353341443,9948.0,2.134815070288375,0.4755931871288029,-1.464412558661083,1.468827374487805,3.5992276289494587,SQQQ,normal18m,14:30-15:00,all
10155,144315269.7188447,2.0928610358210618,2.5111053792922355,2.537873883209294,0.7742156573117723,0.9087500119998921,2.564640830980404,2.519780498268331,0.9965571925879825,0.2499261447562777,0.1725258493353028,0.6095519448547514,0.02048252092565239,0.7500738552437223,0.999507631708518,0.46876847290640394,0.4442146725750862,10150,2.51286409469932,0.5850597962035684,0.6010376431054784,1.5088322056448,1.9118264515938412,10150.0,2.51286409469932,-1.890342026155979,-1.1666741164752947,3.9842340280043476,3.6795382111746147,SQQQ,normal18m,15:00-15:30,all
19477,269356505.2263235,1.6573241596273407,1.9032292688488717,1.4647634705945278,0.6769748934641376,0.7440753703790183,2.3858582085787012,2.453260639588596,0.7757957870990981,0.24593109821841147,0.24639318170149407,0.5392514247574062,0.01263028187092468,0.7540689017815886,0.999743286953843,0.49655916187345933,0.5132720644863172,19472,1.903503792941751,-0.28865457988091014,0.13774447584678476,1.9464043054898374,1.7657593170949666,19472.0,1.903503792941751,-2.803396341666131,-2.3096455336958437,4.461146067275059,4.213149326637595,SQQQ,normal18m,15:30-16:00,all
60702,731951622.8344054,2.060598108218729,2.0233219403257414,1.4678899082555457,0.8764485519423519,0.892983290124592,2.37633375401071,2.318665071383621,0.8726236338732446,0.22608810253368916,0.11442786069651742,0.6939804289809232,0.034232809462620674,0.7739118974663108,0.9996375737208,0.5008404746209624,0.3046522355111858,50529,2.0916827557501163,1.8243446371691652,2.8499443893386642,0.30011304534701344,-0.7582616335885478,,,,,,,SQQQ,normal18m,open 09:30-09:35 (fixed),all
29023,524803384.7381452,1.8429577761728457,1.8830735276153219,1.4915355358327846,0.7017138131827775,0.7284936263956959,2.526667697813964,2.4446755048968924,0.7702754512177039,0.2676153395582814,0.1434035075629673,0.6384246976535851,0.01567722151397168,0.7323846604417187,0.9995865348172139,0.5205956361380166,0.36495193467250114,19428,1.860862970942157,1.1294363772413185,1.2812690348847315,0.6708227757089246,0.5795939360574256,,,,,,,SQQQ,normal18m,close 15:55-16:00 (fixed),all
97229,1368263048.881257,2.490588701595225,2.6265861296267494,2.8442896531703603,0.8589511359780307,0.9047203695417898,2.72434560420403,2.684507150461664,0.978423964776941,0.27766407141902105,0.16406627652243672,0.5919118781433523,0.026658712935441073,0.722335928580979,0.9996811650844912,0.4545875429535587,0.44984521079101913,97198,2.627234529821136,-0.6904446417477039,-0.5269610346501605,3.181827683244203,3.1541955644712973,97198.0,2.627234529821136,-0.557763171734929,0.3215890024995752,3.0491462132314293,2.305645527321561,SQQQ,since_2026-07-15,RTH all,all
53491,742997559.691,3.1153817558328885,3.212718476297226,2.894774931250576,1.0720495036548616,1.1036027958245709,2.5980145305444435,2.5205460949277865,1.2746120702820434,0.23706791796750856,0.008823914303340749,0.8271297975360341,0.032902731300592625,0.7629320820324914,0.9997008842609038,0.42090696587190274,0.0,53475,3.2132995837793654,-1.7886813931390895,-3.41887241283901,4.904995287505572,6.632171996618376,53475.0,3.2132995837793654,-2.0505646088725866,-1.7842267557067963,5.16687850323907,4.9975263394861615,SQQQ,since_2026-07-15,RTH all,lit
43738,625265489.1902571,1.7264749957964483,1.9300901439037792,2.1111274006736345,0.598334628926923,0.668390106720315,2.8788468493712744,2.879340651193963,0.6703236531264327,0.32731263432255703,0.35392564817778593,0.30424344963189903,0.019022360418857742,0.6726873656774429,0.9996570487905254,0.49578025295611006,1.0,43723,1.9307179618422436,0.6527433892806872,2.9099683205998286,1.0743239063332712,-0.9792503587575845,43723.0,1.9307179618422436,1.2679934518027105,2.8242728851088095,0.45907384381124805,-0.8935549232665663,SQQQ,since_2026-07-15,RTH all,offexchange_TRF
15807,222469167.2582485,2.446075176272635,2.5328855959008716,2.7303754266225573,0.853390270133552,0.885403671561761,2.652333331569063,2.660261980342862,0.9521188569459712,0.2776617954070981,0.15727209464161448,0.6027709242740558,0.04396786233946986,0.7223382045929019,0.9991143164420826,0.4569746090039891,0.4286075789207313,15793,2.5335697067538336,1.5299076890571486,0.637985435439174,0.918335856269129,1.8955842713146598,15793.0,2.5335697067538336,3.304386125078602,3.7466214278969687,-0.8561425797523248,-1.2130517211431353,SQQQ,since_2026-07-15,09:30-10:00,all
13478,127904363.63478255,1.9506820730447532,1.8957960676533843,2.7921262041018866,0.6804525894050427,0.6603334079099755,2.6972592065269896,2.6219822342789607,0.7230392497967187,0.2740762724439828,0.16627096008309838,0.6165603205223327,0.00408072414304793,0.7259237275560172,0.9997774150467429,0.4348794063079777,0.4542958895978632,13475,1.8971000287626825,-0.6024854500442147,-0.08451208332841385,2.553601812232997,1.981612112091096,13475.0,1.8971000287626825,-1.8519244122597152,1.8498052943706904,3.803040774448497,0.04729473439199287,SQQQ,since_2026-07-15,10:00-10:30,all
10574,155741599.20945838,3.708259000426497,3.9449145845700953,2.8109627547409426,1.2723264611312368,1.3517940970287876,2.7175634461208418,2.670264917651142,1.4773495163319523,0.2920370720635521,0.16285227917533573,0.5540003782863627,0.05390580669566862,0.7079629279364479,0.9998108568186117,0.46556942867953083,0.4360696046907509,10572,3.945112783035178,-0.6967974951281509,-1.2503456920507034,4.405758020147687,5.195458475085881,10572.0,3.945112783035178,-1.5887676072695092,-1.1595961479901837,5.297728132289045,5.104708931025362,SQQQ,since_2026-07-15,10:30-11:00,all
4648,43261828.916010536,1.8690213970899956,1.7705391917561062,2.822865208183742,0.6515404475044327,0.6161974466527583,2.7290992747534073,2.6406426942448276,0.6704955561064447,0.2794750430292599,0.22418244406196214,0.5443201376936316,0.003227194492254733,0.7205249569707401,1.0,0.5012908777969018,0.5469018932874354,4648,1.770539191755893,1.2996036980177197,0.5930127773182026,0.5694176990720725,1.1775264144376907,4648.0,1.770539191755893,2.051675056426418,3.429298235401959,-0.18265365933662625,-1.6587590436460657,SQQQ,since_2026-07-15,11:00-11:30,all
4515,44906165.420777984,1.7305387304431057,1.8163343902194673,2.826855123676358,0.6029014396457838,0.6322190802882398,2.657107385131779,2.5682840981713384,0.7072170837769576,0.33754152823920264,0.19003322259136213,0.5486157253599114,0.0017718715393133999,0.6624584717607973,0.9997785160575858,0.45015507310589276,0.5355481727574751,4514,1.8170415836298157,-0.3899069824523793,0.2505390808392675,2.1208290843463846,1.5665025027905477,4514.0,1.8170415836298157,-0.41638478566959053,0.3418187468889535,2.1473068875635963,1.475222836740862,SQQQ,since_2026-07-15,11:30-12:00,all
12105,215227134.01742953,2.1134869787151502,2.250217722400194,2.872325147204051,0.7302899628253644,0.7771446329360694,2.72905304522961,2.686985387222313,0.8374506735693007,0.27534076827757126,0.12094175960346965,0.6393225939694341,0.021065675340768277,0.7246592317224287,0.9999173895084675,0.4410112359550562,0.3485336637752995,12104,2.25095011348832,-4.1467160853249325,-1.6653555823118622,6.2603776746625375,3.9163056958001827,12104.0,2.25095011348832,-2.5465999166430557,-2.9296052315449517,4.660261505980663,5.180555345033271,SQQQ,since_2026-07-15,12:00-12:30,all
5384,66594521.497982204,1.9648674917115505,2.081498591936154,2.856734752179722,0.677459138187284,0.718477425104289,2.76547630629322,2.6974574698038754,0.7716520520664573,0.25724368499257055,0.20189450222882616,0.586552748885587,0.004086181277860327,0.7427563150074294,0.99944279346211,0.5582605463668463,0.524702823179792,5381,2.082086809838401,-0.41546830074133734,-0.5586133313873998,2.381431239855629,2.6407001412258,5381.0,2.082086809838401,0.8584572028588591,3.4615008993292906,1.1075057362554324,-1.3794140894908922,SQQQ,since_2026-07-15,12:30-13:00,all
3671,49084571.79947062,1.8386152246539145,2.08263472118179,2.858367871946582,0.6326287115229049,0.7152823926928494,2.7882317559796315,2.7755022428179057,0.7503631915884662,0.30019068373740126,0.1966766548624353,0.5472623263415963,0.0016344320348678834,0.6998093162625988,0.9994551893217107,0.48896156991005724,0.49387087986924544,3669,2.085752711789216,1.4996021311117083,2.2445786400830015,0.34001533678228185,-0.15882592829378483,3669.0,2.085752711789216,0.888549624272996,0.8949357311566872,0.9510678436209935,1.1908169806325286,SQQQ,since_2026-07-15,13:00-13:30,all
6943,118722387.95587689,5.336957846276131,4.424233363124793,2.9090909090923973,1.8185366556243854,1.5074664434279093,2.7704118823462,2.7062127238899487,1.634843160727342,0.25190839694656486,0.11047097796341639,0.5889384992078353,0.10197321042776898,0.7480916030534351,0.9997119400835374,0.3797723670940787,0.3684286331556964,6941,4.424248708310727,-2.766925693047387,-2.786774863404156,8.10542134593512,7.211023571714883,6941.0,4.424248708310727,1.2541794272109767,2.1319236480101287,4.0843162256767584,2.2923250603005996,SQQQ,since_2026-07-15,13:30-14:00,all
3995,55429879.589588985,1.7123516189596435,1.9633312998611192,2.834417932031374,0.5891714643305287,0.6748449212160459,2.683689542300045,2.7357864159244163,0.717647872082775,0.3421777221526909,0.1894868585732165,0.5469336670838548,0.003003754693366708,0.6578222778473092,1.0,0.4600750938673342,0.5584480600750938,3995,1.9633312998606895,0.28393639500747647,2.2181083268967883,1.42841522395178,-0.25477702703609856,3995.0,1.9633312998606895,0.3856685608251406,3.3646384291451823,1.3266830581341154,-1.4013071292844912,SQQQ,since_2026-07-15,14:00-14:30,all
4623,93081773.38967356,2.0219852176978006,2.1063686458557704,2.8822596915996876,0.6937832576249658,0.7216164786312368,2.7359855735405123,2.6220607191414214,0.8033256554583101,0.27428077006272983,0.13692407527579495,0.63659961064244,0.012113346311918667,0.7257192299372701,0.9993510707332901,0.4733766233766234,0.409258057538395,4620,2.1064086812279372,-0.9186919001379662,-2.23059701709358,2.941990095249687,4.337005698321517,4620.0,2.1064086812279372,0.8379942906570699,-1.9776834636125675,1.1853039044546516,4.084092144840505,SQQQ,since_2026-07-15,14:30-15:00,all
4781,62215999.69635781,2.6279229876256323,3.5497372753992162,2.9209872937067667,0.8942982639615673,1.2082438712163859,2.803096474459433,2.702161008123464,1.3136660860428735,0.23488809872411628,0.12382346789374608,0.6463083037021543,0.03618489855678728,0.7651119012758837,1.0,0.4672662622882242,0.41037439866136793,4781,3.5497372753991496,0.5709716979600642,-0.8794563402266428,2.0569512896654403,4.429193615625793,4781.0,3.5497372753991496,-0.5044270527130278,-0.46962723164880826,3.132350040338533,4.019364507047958,SQQQ,since_2026-07-15,15:00-15:30,all
6705,113623656.49559939,1.9045604222681938,2.1051534070663678,2.8964518464895335,0.6528590604026447,0.7211996291485454,2.837078560475775,2.8267185625410822,0.7447339947327255,0.2499627143922446,0.23579418344519015,0.5421327367636093,0.002535421327367636,0.7500372856077554,1.0,0.41655480984340043,0.5621178225205071,6705,2.1051534070661413,-2.0218137660757596,0.5423222047901345,3.9263741883436882,1.5628312022760074,6705.0,2.1051534070661413,-9.10759158206393,-4.252781987701538,11.012152004331861,6.357935394767681,SQQQ,since_2026-07-15,15:30-16:00,all
16694,220639572.63284516,2.2828130470383123,2.40114507215374,2.731867231250076,0.799078710914152,0.84253885717393,2.688705663810171,2.7203462394752425,0.8826615661309801,0.25655924284173953,0.15969809512399666,0.6278902599736432,0.03390439678926561,0.7434407571582604,0.9991014735833234,0.4737094550032976,0.42793818138253265,14083,2.4607315995335624,1.4932205926238367,3.4199097741048696,0.8544629369045799,-0.9591781745713078,,,,,,,SQQQ,since_2026-07-15,open 09:30-09:35 (fixed),all
9611,189174937.7189126,1.8200301396231662,2.057673379593262,2.889755815635057,0.6220247632921927,0.7027534991188084,2.8054818738260696,2.7601235701110314,0.7455004558040451,0.3090209135365727,0.18551659556757882,0.5421912392050775,0.006659036520653418,0.6909790864634273,0.9994797627718239,0.5301894649177598,0.4535428155238789,6185,2.073410971325858,-0.4153550988118171,-1.725330265892351,2.2461073378780845,3.7987412372182088,,,,,,,SQQQ,since_2026-07-15,close 15:55-16:00 (fixed),all
405866,3846660042.4624,2.054985623735773,1.697940620394691,2.1452322213860144,0.9546612921506562,0.7827620999407435,2.1308395436803016,2.1116202179953625,0.8040937503461714,0.18888992918845135,0.1479158145791961,0.7086255069407145,0.021610580832097295,0.8111100708115486,0.9998669511612207,0.5197406680926143,0.2998649800673129,405812,1.6980932594698308,0.9637070172365534,0.8022124709802082,1.0915520563322356,0.8958807884896233,405812.0,1.6980932594698308,1.923409208473618,1.6319561206452293,0.1318498650951712,0.06613713882460291,SQQQ,y2022,RTH all,all
284161,1803400909.8260002,1.9122929725128581,1.8833202354614047,2.189381499724336,0.8571387347313887,0.8649114135505876,2.0968088745193976,2.0185973167966846,0.9329846125278957,0.17373249671840962,0.0064224154616573,0.8996941874500723,0.014650145516098268,0.8262675032815904,0.9998240434120094,0.5129579636128133,0.0,284111,1.883597972197341,0.5206130888217358,0.9121517338244945,1.3920164234541228,0.9714462383728464,284111.0,1.883597972197341,1.583300942159991,3.1335673075036246,0.32932857011586786,-1.2499693353062842,SQQQ,y2022,RTH all,lit
121705,2043259132.6364,2.388149310224863,1.5343227213555495,1.7072129748194818,1.182360297440632,0.710256295591581,2.210295514917571,2.193723159309465,0.6994149261014867,0.22428002136313216,0.4782794462018816,0.2625118113471098,0.03786204346575736,0.7757199786368678,0.9999671336428249,0.5355748925645639,1.0,121701,1.534382691269877,1.9981098495539729,0.7051894955361286,0.3901179530186522,0.8291931957337487,121701.0,1.534382691269877,2.717391999499419,0.3067627225826292,-0.32916419692679383,1.2276199686872478,SQQQ,y2022,RTH all,offexchange_TRF
61874,503924754.70849997,1.8520498598469115,1.7777877056432096,2.1466137168627486,0.8322426221030274,0.828711461383761,2.2305834283650365,2.1420604404587826,0.8299428307739283,0.18193425348288458,0.12176358405792417,0.7267026537802631,0.024097359149238776,0.8180657465171154,0.999951514367909,0.5114674079940521,0.2501373759575912,61871,1.777849083758281,2.0867923424678656,4.079630525022006,-0.2346526804588445,-2.301781441263726,61871.0,1.777849083758281,6.446375745003451,14.115787142600798,-4.594236082994426,-12.337938058842521,SQQQ,y2022,09:30-10:00,all
37590,329590193.5598,1.8126359659696492,1.7167252793370809,2.166612501352162,0.8200696993881712,0.7994824659190617,2.230136553252851,2.1857807375084493,0.7854059878366206,0.20569300345836658,0.137829209896249,0.6947592444799149,0.025405693003458366,0.7943069965416334,0.9999467943602022,0.49526444609981907,0.2899707368981112,37588,1.7167911376336327,0.4871756875037624,0.10882955836064805,1.32555672605361,1.6079615792729849,37588.0,1.7167911376336327,-4.360616362635249,-8.35568457919322,6.173348776192619,10.072475716826853,SQQQ,y2022,10:00-10:30,all
43376,406259687.81439996,1.877458784124238,1.7980087972144208,2.131060202448781,0.8484862596828256,0.829094831775234,2.1333105739152938,2.138418065775151,0.8408125735519655,0.18549428255256362,0.1622325710070085,0.6848487642936186,0.03144596090003689,0.8145057174474364,0.9999538915529325,0.5251533176557385,0.32398100331980817,43374,1.7980955242089942,0.4941083665544421,-1.291087138346421,1.3834369882702908,3.0891826625554146,43374.0,1.7980955242089942,0.034204041279407855,-4.842460104428254,1.843341313545325,6.64055562863725,SQQQ,y2022,10:30-11:00,all
29228,273145627.59160006,1.7684239224079101,1.6225614351649678,2.1845985800120404,0.805730121801068,0.7677922372625415,2.0958978691884944,2.0829337713667817,0.7789788890408521,0.1923840153277679,0.14910359928835362,0.7127069932941016,0.020699329410154645,0.8076159846722321,0.9997262898590393,0.5140657084188912,0.3087792527713152,29220,1.622707275842902,-1.0871088177019042,-1.3445416156992966,2.856016908192489,2.9672488915421984,29220.0,1.622707275842902,-1.3107940742260258,-1.3009235117300808,3.0797021647166094,2.923630787572984,SQQQ,y2022,11:00-11:30,all
25529,243646538.31739998,1.778409511388852,1.6906257281150727,2.181738845861267,0.7958533432567394,0.7671266989742467,2.130718011324774,2.1488589191738403,0.7867551066428586,0.18606290884876023,0.1615809471581339,0.7042970739159388,0.017235301030200947,0.8139370911512398,0.999804144306475,0.5146136969127096,0.3200282032198676,25524,1.69090929065709,0.8918882508792081,0.18736747379831709,0.8868696403699344,1.5035418168587726,25524.0,1.69090929065709,3.6920806257352976,4.90841057436778,-1.9133227344861556,-3.21750128371069,SQQQ,y2022,11:30-12:00,all
23560,225622170.0935,1.7484285481906723,1.6102311803210798,2.1652051531862955,0.7835908319185497,0.7394525074121941,2.1172430988639683,2.0839547973080808,0.7726804738764359,0.19350594227504245,0.15823429541595926,0.6996179966044143,0.01761460101867572,0.8064940577249575,0.9994057724957556,0.5225516011212096,0.32669779286927,23546,1.6110551864219795,0.49337999447317904,0.669120973759194,1.2560881357982063,0.9419342126627855,23546.0,1.6110551864219795,0.007677421807020152,-1.0582505940779348,1.741790708464365,2.6693057804999136,SQQQ,y2022,12:00-12:30,all
20361,196530020.9246,1.7761482665998571,1.6824393247650034,2.175568367237053,0.7790835420657664,0.7475925190064121,2.143706259629976,2.1451564308507156,0.7842968002560959,0.19542262167869948,0.15249742154118168,0.7147978979421443,0.01355532635921615,0.8045773783213005,0.9998526594960955,0.5246094901267315,0.2991503364274839,20358,1.6825532993533525,2.90789759723207,3.2469763909323968,-1.131487593487263,-1.5644230915790438,20358.0,1.6825532993533525,-0.5535256017341996,0.03209726976235809,2.329935605479007,1.6504560295909947,SQQQ,y2022,12:30-13:00,all
21126,210602588.08310002,1.6632870437171152,1.5964748543836298,1.8200000219190517,0.7624377544258822,0.7369131104147328,2.048234211308851,2.0571946182271517,0.7760446387709488,0.20131591403957208,0.17059547477042508,0.6933162927198713,0.01121840386253905,0.798684085960428,0.9999053299252106,0.512166256390835,0.34100160939127144,21124,1.5965119381861277,0.41339989317602277,0.14535217906784886,1.2500446289582938,1.4511597591182792,21124.0,1.5965119381861277,3.736923643679491,4.372043917252584,-2.073479121545174,-2.7755319790664563,SQQQ,y2022,13:00-13:30,all
20682,198025439.0399,1.7528983782818168,1.5825122174345376,2.1722602367743904,0.7957750701093079,0.734395645321031,2.0807888296831014,2.0264973110441282,0.7809100998111699,0.18039841407987622,0.16091287109563873,0.7160332656416207,0.0139735035296393,0.8196015859201238,0.9998549463301422,0.5433048019730161,0.30925442413693066,20679,1.5826350077404319,-0.39558180669073584,0.44303090399126877,2.148734486202434,1.1396041037491624,20679.0,1.5826350077404319,-1.9992039559553907,-1.0485510409475745,3.752356635467089,2.631186048688006,SQQQ,y2022,13:30-14:00,all
26326,260069454.8109,1.8529931739109884,1.7276764910127613,2.2637238256912067,0.8173022867128069,0.7700966512064435,2.1824974297263675,2.187061283623236,0.7899533972594375,0.177505128010332,0.15372635417458028,0.7013598723695206,0.023968700144343994,0.822494871989668,0.9999240294765631,0.5142835435344173,0.31896224264985185,26324,1.7277371330722158,1.4632139066071685,0.46045278356443,0.3899200508604665,1.2672843495077857,26324.0,1.7277371330722158,-0.03103194031351298,-2.5988354829060016,1.884165897781148,4.326572615978217,SQQQ,y2022,14:00-14:30,all
28016,301991225.1602,5.563955490754069,1.733488169263489,2.1489201676138188,2.920878783552258,0.8169284122336495,2.0164536638941297,2.0333997164661386,0.8525073330275327,0.18032552826956025,0.15044974300399772,0.7089163335237008,0.03308823529411765,0.8196744717304397,0.9998572244431754,0.5242039126088819,0.2992218732153055,28012,1.7336229960940965,5.038222027232378,1.670989668910503,0.5265279738015951,0.06263332718359357,28012.0,1.7336229960940965,5.704615188018211,0.6715293972086651,-0.13986518698423672,1.0620935988854312,SQQQ,y2022,14:30-15:00,all
35637,379140603.4891,1.7141008113012512,1.6338385156572528,2.118868524209157,0.7905777702949625,0.7594501542099642,2.018989970378398,2.031357084518175,0.804308867263871,0.19572354575300951,0.14936723068720711,0.7165025114347447,0.016387462468782445,0.8042764542469905,0.9998316356595673,0.5545732648536387,0.3058618851193984,35631,1.6340503223157277,-1.861833243317597,-1.527393161602683,3.576222696668294,3.1614434839184113,35631.0,1.6340503223157277,2.5855369956237735,0.9728576067705896,-0.8711475422730763,0.6611927155451386,SQQQ,y2022,15:00-15:30,all
32561,318111738.8694,1.7903826479262095,1.7236786299642084,2.1238186258904355,0.8003912656245822,0.7769186039822996,2.1210843593202946,2.144615491773907,0.8037238547309369,0.18531371886612819,0.13663585270722645,0.7265747366481373,0.017106354227450018,0.8146862811338718,1.0,0.5129449341236448,0.276772826387396,32561,1.7236786299640847,1.4296681660279518,2.7895458632624845,0.36071448189815475,-1.0658672332983996,32561.0,1.7236786299640847,6.4669833033756285,8.387290791734237,-4.676600655449522,-6.663612161770155,SQQQ,y2022,15:30-16:00,all
85660,704471385.9696,2.189725263109916,1.96263583930184,2.142933676203818,1.0649635769321053,0.9628599913535676,2.352952195517485,2.291801432711716,0.8563725509934779,0.1952720056035489,0.12200560354891431,0.6982605650245155,0.031496614522530934,0.804727994396451,0.9999883259397618,0.5306856255618208,0.2624212000933925,70219,1.9871097951930354,-0.5563556869968148,-3.4393852669755414,2.820566264770653,5.426495062168576,,,,,,,SQQQ,y2022,open 09:30-09:35 (fixed),all
45934,435932883.51039994,1.7934671904321773,1.7502017207003167,2.1850759313897337,0.7925937214264476,0.7791360493481436,2.1791931351375236,2.173165783973041,0.805369628772891,0.20564287891322333,0.11625375538816562,0.7161144250446293,0.018831366743588627,0.7943571210867767,0.9999346889014673,0.46219328993490233,0.27445900640048765,33665,1.754734024180437,0.31868261482648735,-0.8428768586818021,1.4762487221103278,2.5976108828622384,,,,,,,SQQQ,y2022,close 15:55-16:00 (fixed),all
205156,2530784307.7820997,2.9439395713774696,2.9605693844865586,2.9261155815669686,0.7300150129657809,0.7566869824714756,3.7692575788575753,3.679287336251421,0.8046583791693975,0.21661077424009048,0.23032716566905184,0.6192360935093295,0.015748991011717912,0.7833892257599095,0.9994930686891926,0.48120476757115266,0.445548753143949,205052,2.9626014063739188,-0.904573314168788,0.0008328111400898776,3.8500060176073645,2.961768595233829,205052.0,2.9626014063739188,-2.1608673616430076,0.26791073125339404,5.106300065081584,2.6946906751205253,SQQQ,y2023,RTH all,all
113749,1168075174.146,3.0767147181199204,3.1368469453861834,2.944207272189284,0.787370438421465,0.8148151182679494,3.3768345891574896,3.246553186771957,0.9662083954660683,0.24052079578721572,0.009002276943094006,0.8800341101899797,0.016553991683443372,0.7594792042127843,0.9992615319695118,0.4580917608762592,0.0,113665,3.1411425587981014,-3.070728532490741,-3.227238374527784,6.149716985149096,6.368380933325885,113665.0,3.1411425587981014,-5.911753865674856,-7.517251184179607,8.99074231833321,10.65839374297771,SQQQ,y2023,RTH all,lit
91407,1362709133.6360998,2.7787110859572386,2.8094693165678475,2.8204766605570772,0.6586405855131937,0.7068612121237882,4.2575978881926915,4.050214634334041,0.6936593662843737,0.18685658647587164,0.5057490126576739,0.2946929666218123,0.014747229424442329,0.8131434135241283,0.9997811983764919,0.5099521813824723,1.0,91387,2.809754809918665,1.7896395704927595,2.764339639371924,0.9896796350186943,0.045415170546741004,91387.0,2.809754809918665,2.504397002881269,6.932679528084711,0.27492220263018474,-4.122924718166046,SQQQ,y2023,RTH all,offexchange_TRF
32645,335608245.15449995,3.773313781551209,3.699014238066996,3.2760032760049524,0.8189143819880945,0.8302486996546302,4.284630460367574,4.1703153943206575,0.8869866876506504,0.20171542349517538,0.19935671618930922,0.6529330678511257,0.024444784806249044,0.7982845765048247,0.9999693674375861,0.4438181595392722,0.40897534078725684,32644,3.6991449742780564,-3.5371581081941974,0.16134731795275423,7.3105874795560055,3.537797656325301,32644.0,3.6991449742780564,-13.61159964246676,-2.2948051594738668,17.385029013828568,5.993950133751923,SQQQ,y2023,09:30-10:00,all
21237,251258306.87280002,3.1278280044053095,3.0249670356440133,3.295435821389064,0.6909384564675201,0.7039376246196567,4.132576345367557,4.005436377479071,0.7552153499808821,0.22710363987380516,0.24899938786080897,0.6072420775062392,0.007816546593209964,0.7728963601261949,0.9997645618496022,0.4585531273549359,0.49385506427461506,21232,3.025372821113546,0.3480076128819238,0.9750383337613118,2.7805569749832086,2.050334487352234,21232.0,3.025372821113546,0.7363966458950786,2.728594444520231,2.392167941970054,0.29677837659331396,SQQQ,y2023,10:00-10:30,all
14625,165921811.004,3.114442465566246,3.1840480966995734,3.291097581042623,0.6734482051282565,0.6928460389460709,4.329182004729364,4.276144624430521,0.7446072049360613,0.2298119658119658,0.2629059829059829,0.5831794871794872,0.0030085470085470085,0.7701880341880342,0.9984273504273504,0.5023969319271333,0.5181538461538462,14602,3.185896067716734,-0.2866911226069804,-1.285289051070323,3.4060392296405038,4.471185118787058,14602.0,3.185896067716734,3.007060790141296,2.4599030364658443,0.11228731689222803,0.725993031250889,SQQQ,y2023,10:30-11:00,all
12704,182686866.8825,2.7299696453100255,2.8141965393170687,3.1968683738396937,0.6939215994962356,0.7385266606205018,3.7170379611709983,3.632974646294772,0.7746259782427148,0.20166876574307305,0.27755037783375314,0.5817852644836272,0.003227329974811083,0.798331234256927,0.9999212846347607,0.5527040856490593,0.5264483627204031,12703,2.8141992516637524,-1.636947502811388,-0.7240356583840992,4.367132055595533,3.538234910047852,12703.0,2.8141992516637524,1.1832584696510045,0.2605137666748345,1.5469260831331404,2.5536854849889186,SQQQ,y2023,11:00-11:30,all
8437,116093959.7588,2.71965895204039,2.787980242131374,2.858367871946582,0.652608747185056,0.6892629437315311,3.7857765123555622,3.730900202549895,0.7472674396988481,0.24048832523408795,0.2851724546639801,0.5768638141519498,0.0023705108450871163,0.7595116747659121,0.9998814744577457,0.48399715504978663,0.5167713642289914,8436,2.787999171973439,0.8688928454123989,1.9548655393437613,1.851088493890947,0.833133632629678,8436.0,2.787999171973439,2.0348018487680535,1.8081386309971015,0.6851794905352931,0.979860540976338,SQQQ,y2023,11:30-12:00,all
7426,99671421.95000002,2.816743010460677,2.8622312721459724,2.8591851322387756,0.649843792081915,0.6781364580571163,4.031262011697351,3.8830215762658327,0.7371144393430028,0.2363318071640183,0.3019122003770536,0.5418798814974414,0.00538647993536224,0.7636681928359816,0.9991920280096956,0.5190026954177898,0.5575006733099919,7420,2.863722074363042,1.717599346439572,1.9370625723488153,1.1014213537868525,0.9266595020142272,7420.0,2.863722074363042,2.85076679926139,1.1886208301739423,-0.031746099034966016,1.6751012441890987,SQQQ,y2023,12:00-12:30,all
7151,97886081.53299999,2.9664618420657285,3.0057335578449162,2.8413126864625986,0.6827716403300439,0.7266228748489751,4.122630677819577,3.915131612838135,0.7677222262436324,0.20864214795133548,0.3009369318976367,0.55320934135086,0.008390434904209201,0.7913578520486645,0.9993007970913159,0.4836272040302267,0.5368479932876521,7146,3.0062449806957585,0.34505784177897847,-0.5617284653531369,2.623479610307684,3.567973446048896,7146.0,3.0062449806957585,-2.914743381501634,-1.7933193741589342,5.883280833588297,4.799564354854691,SQQQ,y2023,12:30-13:00,all
20280,236899847.129,2.7113089114415687,2.8030826466029928,2.9235491887165956,0.7838579881657375,0.8270726184260271,3.208631704010169,3.153895613688856,0.8887683645700798,0.2041913214990138,0.18057199211045366,0.6796351084812623,0.034122287968441814,0.7958086785009862,0.9996055226824457,0.4950670876085241,0.3479783037475345,20272,2.8038639809101156,3.946284915317462,3.6780351423006414,-1.2339060319299233,-0.8741711613905258,20272.0,2.8038639809101156,-6.984819497462597,-12.122515998871418,9.697198380850137,14.926379979781531,SQQQ,y2023,13:00-13:30,all
17470,195298669.42910004,2.496916331747566,2.5444762823497062,2.811753128072798,0.7675890097309712,0.7844797739502211,3.0622227098157784,3.1006223560138753,0.820634050262366,0.19702346880366342,0.19255867200915855,0.6684602175157413,0.024041213508872353,0.8029765311963366,0.9998855180309101,0.4665674376001832,0.3788780767029193,17468,2.5446352645046626,-1.899454839412403,-2.0219201743121955,4.396657055786806,4.566555438816858,17468.0,2.5446352645046626,12.108310259423376,19.943394309673444,-9.611108043048974,-17.398759045168777,SQQQ,y2023,13:30-14:00,all
13653,170261433.4982,2.6506940850940155,2.9238918698633904,2.8981307056921914,0.7187533875338881,0.7752820791537748,3.444861284329227,3.5409282971814493,0.8257416204080679,0.23269611074489124,0.23386801435581922,0.6068995825093386,0.018970189701897018,0.7673038892551087,0.999707024097268,0.5058978679756758,0.42737859811030543,13649,2.926155309104855,-0.15984144172592288,-0.006677580575303747,2.811312343900931,2.9328328896801588,13649.0,2.926155309104855,0.603725541793917,2.5701961688696797,2.047745360381091,0.35595914023517594,SQQQ,y2023,14:00-14:30,all
14955,193896685.7641,2.853874650518754,2.8306236109910143,2.9338418659249275,0.66712002674696,0.6841440841788827,3.9930410663820806,3.928280024672607,0.7205758228060449,0.23503844867937146,0.26673353393513877,0.5744567034436643,0.007087930458040789,0.7649615513206286,0.9996656636576395,0.542675585284281,0.4869943162821799,14950,2.8308621250564987,-1.963746920655867,-0.038149836638099774,4.818576044301756,2.869011961694599,14950.0,2.8308621250564987,-3.2343382028565295,-2.0823819509796464,6.089167326502419,4.913244076036146,SQQQ,y2023,14:30-15:00,all
14559,201081086.919,2.647724687838141,2.8276712124268806,2.95290122545552,0.7406580122261287,0.7963195927103808,3.425557087038027,3.3906441557952434,0.8339628349362062,0.21835290885363007,0.2201387457929803,0.6064976990177897,0.02088055498317192,0.78164709114637,0.9980081049522632,0.4763936682725396,0.42564736589051444,14530,2.840974246285992,-1.1095825175206149,-0.7177096315026232,3.7625917212531568,3.5586838777886145,14530.0,2.840974246285992,10.363167770674234,4.702606591186793,-7.710158566941693,-1.8616323449007983,SQQQ,y2023,15:00-15:30,all
20014,284219891.8871,2.6496810345478945,2.7065549092465866,2.9944602485374774,0.72955930848414,0.7633855508770884,3.4259976937928176,3.271507351908836,0.8273112721777578,0.21874687718596983,0.19351453982212452,0.6442490256820226,0.014040171879684222,0.7812531228140301,0.9993004896572399,0.42875,0.39832117517737586,20000,2.709955994176397,-3.706195129401591,-2.2566651973142435,6.357730940673491,4.966621191490639,20000.0,2.709955994176397,-13.559663459544987,-6.4977969817894685,16.211199270816888,9.207752975965866,SQQQ,y2023,15:30-16:00,all
40584,439779638.4979,3.7312861736782272,3.586104915452663,3.232584451268146,0.8436171890400523,0.837735997769188,4.310206101545362,4.172709318628795,0.859418819193258,0.17198896116696236,0.18549181943623103,0.6735659373151981,0.018332347723240685,0.8280110388330376,0.9999753597476838,0.44567922529137816,0.38436329588014984,33995,3.558760444691628,-2.932274988382166,-0.09772162693199309,6.682969597396316,3.6564820716236213,,,,,,,SQQQ,y2023,open 09:30-09:35 (fixed),all
27291,395585581.7571,2.6896837827395883,2.814699721203073,3.003453972065146,0.7036839983877908,0.7401669742879659,3.697151463915197,3.58035649628769,0.7861506875422902,0.23198123923637828,0.19570554395221867,0.6144150086108974,0.01018650837272361,0.7680187607636217,0.9995602946026162,0.5161112944022874,0.4292990363123374,20507,2.7499685762648576,-3.5278665564027416,-5.88191588208118,6.184401460789505,8.631884458346036,,,,,,,SQQQ,y2023,close 15:55-16:00 (fixed),all
104010,1240091735.0451,6.082298301600319,6.290711877071443,8.218029350106523,0.7102222863186605,0.778051134192335,8.361774320071897,7.660444903934059,0.8211940632639779,0.23057398327083933,0.2334967791558504,0.5844534179405826,0.005864820690318239,0.7694260167291607,0.9995481203730411,0.5061608456854843,0.4991923853475627,103963,6.294697269360607,0.6927905948767518,0.7019628879242016,5.392257415948441,5.592734381436405,103963.0,6.294697269360607,0.5796161337405911,-0.021907764910411475,5.5054318770846,6.316605034271019,SQQQ,y2024,RTH all,all
52089,702098550.468,6.1769033930657296,6.3775167504652766,8.295313148069688,0.7697748085008648,0.8314940406575043,7.4388278869990465,6.774678608919587,0.9413755424602128,0.24116416133924629,0.008927028739273167,0.8527520205801609,0.0053562172435639,0.7588358386607537,0.9995776459521204,0.4897343807017881,0.0,52067,6.382549341239816,-1.4690162950996135,-1.796898436325785,7.648529630636305,8.179447777565601,52067.0,6.382549341239816,-1.5553452855161831,-2.4689455270478557,7.734858621052877,8.851494868287672,SQQQ,y2024,RTH all,lit
51921,537993184.5770999,5.987387097861141,6.177428702617705,7.949260042285803,0.6504770709347341,0.7083064083525691,9.28770711705831,8.816398640173162,0.700674839550628,0.21994953872228964,0.45879316654147645,0.31528668554149575,0.006375069817607519,0.7800504612777104,0.9995184992584889,0.5226414367195931,1.0,51896,6.180088541140808,2.861720750195069,3.9618896289087,3.1285506677953436,2.218198912232107,51896.0,6.180088541140808,2.7216123611269505,3.170411776625174,3.268659056863463,3.0096767645156337,SQQQ,y2024,RTH all,offexchange_TRF
15165,190975004.00050002,5.856344784784942,6.190634878297063,8.136156081360296,0.712286185295126,0.7840313816737671,7.742438050475644,7.33921651958441,0.8435007826486107,0.23119024068578964,0.206396307286515,0.6352786020441806,0.003956478733926805,0.7688097593142104,0.9997362347510715,0.48967746190884504,0.4373887240356083,15161,6.195255237758005,2.1995580276389437,2.1301406748017477,3.658331864931462,4.065114562956258,15161.0,6.195255237758005,0.8912424682453367,3.427002466831554,4.966647424325068,2.768252770926452,SQQQ,y2024,09:30-10:00,all
14136,166654571.9567,5.827031324226011,5.8555000721437676,6.326889279435353,0.7306876061120819,0.8108693579090513,7.924146769410565,6.84996856863623,0.8548214511456579,0.23514431239388794,0.20352292020373514,0.608375778155065,0.013016411997736276,0.764855687606112,0.9995755517826825,0.4808209483368719,0.45507923033389924,14130,5.860298844796894,-2.1709453755488792,-1.5977600532348455,8.000451023054469,7.458058898031738,14130.0,5.860298844796894,-13.155609389549232,-15.919237762410248,18.985115037054825,21.779536607207145,SQQQ,y2024,10:00-10:30,all
9782,125241385.46090001,6.563565460106678,6.69442145129156,8.371703641689418,0.717313432835862,0.7288983571082772,8.774737560509212,8.406467761977295,0.796341774076697,0.22040482518912288,0.24453077080351665,0.590267838887753,0.005929257820486608,0.7795951748108771,0.9992843999182172,0.5496675191815856,0.4931506849315068,9775,6.709792895211186,-3.1273595094248017,0.6679187010978761,9.695625221011598,6.041874194113311,9775.0,6.709792895211186,6.698990542839025,12.579373615684394,-0.13072483125222947,-5.8695807204732064,SQQQ,y2024,10:30-11:00,all
8419,98948224.3642,6.110823398756454,6.063947990651956,8.351086493394526,0.7175674070554879,0.7441274771314315,8.24525770950305,7.608249367279642,0.797022770669272,0.22354198835966266,0.2274616937878608,0.5994773726095736,0.003444589618719563,0.7764580116403373,0.9995248841905214,0.514795008912656,0.509918042522865,8415,6.067259257884816,4.12473104105561,1.996986472491998,1.988997086588953,4.0702727853928184,8415.0,6.067259257884816,7.377601220641386,6.932356138374148,-1.263873092996824,-0.8650968804893302,SQQQ,y2024,11:00-11:30,all
6013,67639404.5148,5.991891657004032,6.439700964060062,8.301567132569653,0.6499916846832305,0.7458503016294407,8.917862619322223,7.895386669045554,0.815628319928571,0.2744054548478297,0.2645933810078164,0.5213703642108765,0.0034924330616996507,0.7255945451521703,0.9996673873274572,0.47895524871069706,0.5576251455180442,6011,6.441315867303191,1.6953111733469237,0.06780629757287625,4.298574125865165,6.373509569730316,6011.0,6.441315867303191,0.8231965344503209,5.685470646454602,5.170688764761767,0.7558452208485881,SQQQ,y2024,11:30-12:00,all
5596,64591198.45200001,6.195988819001571,6.226117909568808,8.280523869877694,0.7197748391708988,0.7501846190823891,8.417789887211873,7.8783912723774865,0.7902778237732706,0.2019299499642602,0.26483202287348107,0.5786275911365261,0.0012508934953538242,0.7980700500357398,0.9992852037169406,0.4699570815450644,0.5341315225160829,5592,6.228519365685055,0.8568257880798882,1.7985533410062762,5.3435950687032925,4.429966024678778,5592.0,6.228519365685055,-0.3056771586474743,-2.893130538695467,6.506098015430656,9.121649904380522,SQQQ,y2024,12:00-12:30,all
6137,58817215.525,6.018471202676167,5.948088048094449,8.176887776385879,0.7104415838357948,0.7557248624599099,8.444616951956492,7.513532234396309,0.7916500339034428,0.21899951116180544,0.23773830861984682,0.5804138830047254,0.0029330291673456085,0.7810004888381945,1.0,0.45429362880886426,0.49714844386508067,6137,5.948088048094292,-0.5537698061124987,-1.860511981652853,6.572241008788504,7.808600029747146,6137.0,5.948088048094292,-2.364084830527268,-8.321795231214008,8.382556033203276,14.269883279308301,SQQQ,y2024,12:30-13:00,all
7444,93694458.753,6.7802518719910205,6.972587608685418,8.267879288963675,0.7790112842558348,0.8654872861284257,8.660184438758234,7.995127895326911,0.8721045741820891,0.20674368619022032,0.22125201504567438,0.6100214938205266,0.01585169263836647,0.7932563138097797,0.9997313272434175,0.5507927976350443,0.49852229983879637,7442,6.9739938131141335,5.0773543741213665,3.7210755273879164,1.7047196563943987,3.2529182857262167,7442.0,6.9739938131141335,15.11977873561215,7.9524926465556245,-8.337704705096387,-0.9784988334414905,SQQQ,y2024,13:00-13:30,all
5106,69186132.2571,6.0965362917624395,6.320854532774074,8.204269568858962,0.6991891891891864,0.7733703026088228,8.499676223113802,7.896177588035326,0.8004954881399504,0.23423423423423423,0.26498237367802585,0.5401488444966706,0.004308656482569526,0.7657657657657657,0.9996083039561301,0.4947100313479624,0.563650607128868,5104,6.322097141488437,3.1858442229614385,2.879893320075918,2.913080993680077,3.44220382141252,5104.0,6.322097141488437,7.51746118816698,6.761694248121656,-1.4185359715254646,-0.4395971066332181,SQQQ,y2024,13:30-14:00,all
7338,103963158.9276,6.135891716213167,6.334667667779906,8.24742268041366,0.7079831016626201,0.7577301801442513,8.342344430337194,7.819244494816532,0.8101380730554251,0.22281275551921503,0.24407195421095668,0.5850367947669665,0.001635322976287817,0.7771872444807849,0.9998637230853094,0.5528145018399891,0.5102207686017989,7337,6.334971808480787,-0.4284878538709352,-3.0696999863575,6.565215864443373,9.404671794838288,7337.0,6.334971808480787,-0.7620267407784294,-7.9890793109260505,6.898754751350867,14.324051119406837,SQQQ,y2024,14:00-14:30,all
4690,44701544.8139,6.115248380899329,6.357399714045602,8.176887776388844,0.6679744136460766,0.7476360423166034,9.088120020936579,8.070536314788818,0.7877295220636098,0.25223880597014925,0.25650319829424306,0.5285714285714286,0.0021321961620469083,0.7477611940298508,0.9989339019189766,0.4834578441835646,0.5624733475479744,4685,6.361300359217923,1.0348016909138582,1.9009467862686087,5.086973102344844,4.460353572949315,4685.0,6.361300359217923,-5.26470357065566,-9.35268942621932,11.386478363914362,15.713989785437242,SQQQ,y2024,14:30-15:00,all
5696,63494369.4828,6.034890441344547,6.523882211451428,8.156471077819603,0.671506320224815,0.7627880164027361,8.895400465417529,8.105149740058714,0.8049058216911079,0.26106039325842695,0.22981039325842698,0.5470505617977528,0.0019311797752808988,0.738939606741573,0.9994733146067416,0.5055331108378711,0.5221207865168539,5693,6.529179262403463,-0.4905461624896356,2.8301847664057687,6.528616767424486,3.698994495997694,5693.0,6.529179262403463,-1.3304678803606285,3.6772670582505746,7.368538485295479,2.851912204152886,SQQQ,y2024,15:00-15:30,all
8488,92185066.5366,5.710032294272157,6.176122396741405,6.502822452637757,0.6907752120640995,0.8297441978448401,8.258716574019791,7.40091805044022,0.8345076049550418,0.22973609802073516,0.25176720075400566,0.5433553251649388,0.00706880301602262,0.7702639019792649,0.9991753063147973,0.5401485673859214,0.5183788878416589,8481,6.176595966467907,0.07920099489870625,-0.6060995809131108,5.635544213659225,6.78269554738102,8481.0,6.176595966467907,0.38669786800912187,-2.099572905429387,5.32804734054881,8.276168871897296,SQQQ,y2024,15:30-16:00,all
20166,262871575.0325,6.022369082542636,6.1274184264452245,7.878040312935257,0.7707358920956147,0.7984651471420061,7.612214410476537,7.276357619979636,0.8420996804253243,0.20623822275116532,0.16741049290885648,0.6713775662005356,0.011256570465139344,0.7937617772488347,0.999851234751562,0.515449089917175,0.39422790836060695,16426,6.323046398238592,2.900507025933802,0.3395455689492683,3.267192934521887,5.983500829289325,,,,,,,SQQQ,y2024,open 09:30-09:35 (fixed),all
13544,161575959.4761,6.297435603417817,5.639679502447599,8.261049153240817,0.6819639692853389,0.7325190452439314,9.218718226529708,7.852238833229278,0.7182256706942584,0.2542823390431187,0.1870939161252215,0.5775251033668045,0.001845835794447726,0.7457176609568813,0.9995569994093325,0.453390456492835,0.49741582988777316,9470,5.857366109044165,2.268333942463804,0.9994400823316159,4.037037820470744,4.857926026712549,,,,,,,SQQQ,y2024,close 15:55-16:00 (fixed),all
81215,995560596.6747999,2.175407772689314,2.2819926759593,1.4848912317159262,0.8337080588561826,0.8808975675434564,2.651234295723991,2.652650398472368,0.8602689134133448,0.21984855014467772,0.18636951302099367,0.6327648833343594,0.03256787539247676,0.7801514498553223,0.9996798620944407,0.48305804973580163,0.3848550144677707,81189,2.2825771025750723,1.2961439323047628,0.7931491603294629,0.8799604938976531,1.4894279422456098,81189.0,2.2825771025750723,1.6059068048745841,1.1536228724054254,0.5701976213278314,1.1289542301696478,SQQQ,y2025,RTH all,all
49959,523033665.13699996,2.213486343747031,2.480508178673727,1.4837895986335639,0.9288296403050952,1.0360034210736297,2.2960918915579964,2.338000327323915,1.060952879126808,0.22628555415440663,0.009327648671910967,0.842791088692728,0.03510878920714986,0.7737144458455933,0.9996797373846554,0.46476983761488094,0.0,49943,2.4810764079324534,0.7893189975684942,0.08271727545794434,1.4248764702097858,2.398359132474509,49943.0,2.4810764079324534,1.2374419082553372,1.156788145430693,0.9767535595229426,1.3242882625017605,SQQQ,y2025,RTH all,lit
31256,472526931.53779995,2.1145437039833874,2.0622585527986725,1.49354043760599,0.6816675198362747,0.7092129975400647,3.2188872061965066,3.0009323036175526,0.6872059560666093,0.20955976452521116,0.46934988482211415,0.2970629639109291,0.028506526746864602,0.7904402354747888,0.9996800614282058,0.5122895730653524,1.0,31246,2.062848399802869,2.1062430718917002,1.579561365600316,0.0089773726995209,0.48328703420255237,31246.0,2.062848399802869,2.194853944727847,1.1501190750772186,-0.07963350013662533,0.91272932472565,SQQQ,y2025,RTH all,offexchange_TRF
19385,187264904.2762,1.9527376599509667,1.9934277673477714,1.4629507717093597,0.829607428424106,0.8249633526141725,2.4472456215070935,2.4694485226952274,0.8072360079699441,0.19050812483879287,0.10296621098787723,0.7535723497549652,0.0196027856590147,0.8094918751612071,0.9998968274439,0.4612289119331373,0.24745937580603558,19383,1.993921202006789,2.601631763679073,2.8950742310276985,-0.6486926140042696,-0.9011530290209092,19383.0,1.993921202006789,5.199031361669608,5.195568361702026,-3.246092211994803,-3.201647159695237,SQQQ,y2025,09:30-10:00,all
13204,175823672.6563,2.4436594772438642,2.661304499481071,1.4748174913382974,1.1724522871857608,1.377424336878766,2.4074199296380505,2.296896338606401,1.158652419244905,0.22833989700090881,0.16282944562253862,0.6370039382005452,0.06490457437140261,0.7716601029990912,0.9998485307482581,0.4559915164369035,0.343532262950621,13202,2.6614095186683664,0.7186300614123856,0.4847317314228747,1.7253996111770267,2.1766777872454917,13202.0,2.6614095186683664,-3.988265608963275,-3.3748625343981846,6.432295281552688,6.0362720530665515,SQQQ,y2025,10:00-10:30,all
7057,87221784.4646,2.2386722741878744,2.0165574498788583,1.7115960633291194,0.782236077653448,0.7535398720930518,2.711180317267762,2.5372744034335573,0.79477310264509,0.20461952671106703,0.17840442114212837,0.6806008218789854,0.025081479382173727,0.795380473288933,0.9998582967266544,0.47165532879818595,0.35170752444381465,7056,2.016713544290464,2.000138184706997,2.7222382107528085,0.23885136162843287,-0.705524666462344,7056.0,2.016713544290464,2.292491234947612,5.11379605515108,-0.05350168861218147,-3.0970825108606155,SQQQ,y2025,10:30-11:00,all
4992,60715563.2181,2.0855993967947453,2.0268310562113236,1.4798372179046848,0.6822315705128938,0.6583445820057536,2.8833604526896814,2.8213140809792527,0.7183996527986096,0.24899839743589744,0.21013621794871795,0.6117788461538461,0.013221153846153846,0.7510016025641025,0.9993990384615384,0.4710362798155943,0.45072115384615385,4989,2.027423615062321,1.3225958016145012,1.1520942594065182,0.7642577138792005,0.8753293556558027,4989.0,2.027423615062321,-3.4841396187463136,-4.194748055261516,5.570993134240016,6.2221716703238386,SQQQ,y2025,11:00-11:30,all
7534,92800502.4235,2.6263097755582403,2.6166444823718114,2.809230328224935,0.9327342713034712,0.9297833604358954,2.519395760711364,2.5127626847863045,1.0413416667695945,0.22006902044066898,0.17998407220599946,0.604857977170162,0.08720467215290682,0.779930979559331,0.999867268383329,0.48652595247577324,0.3547916113618264,7533,2.6172146118494974,-3.0094870323410436,-8.570959376664723,5.636145448517161,11.18817398851422,7533.0,2.6172146118494974,3.1833767461380513,-0.7881415781345962,-0.5567183299619344,3.405356189984094,SQQQ,y2025,11:30-12:00,all
4323,48860299.9508,2.21511307091965,2.316719886736886,2.184849791579908,0.7869257460097441,0.7937245542265393,2.69392525802219,2.7275211568000812,0.8493865871437838,0.20240573675688178,0.21235253296322,0.6187832523710386,0.03585473051121906,0.7975942632431182,0.9997686791579922,0.498149005090236,0.4119824196160074,4322,2.31672072527451,4.258984282157404,4.033608083967892,-2.04335869086056,-1.7168873586933833,4322.0,2.31672072527451,4.84239834305322,3.2237732697988064,-2.6267727517563753,-0.9070525445242957,SQQQ,y2025,12:00-12:30,all
3270,42106346.8212,1.9922545996057783,2.1154637156248812,1.4858841092424075,0.6707033639144846,0.7311573073866613,2.8487054909182836,2.7784128308036524,0.7613928686807087,0.2415902140672783,0.25351681957186545,0.5608562691131499,0.009785932721712538,0.7584097859327217,0.9990825688073395,0.5653504744413835,0.4651376146788991,3267,2.116210429296227,-1.1119927232866393,0.6539735810723931,3.1060767577861537,1.462236848223834,3267.0,2.116210429296227,1.4350046218411765,2.0433251938686743,0.5590794126583383,0.07288523542755312,SQQQ,y2025,12:30-13:00,all
4193,52509762.225999996,2.0423689304224593,2.1820200355088253,2.103168964044297,0.706372525637979,0.7337437825756713,2.7597590590553764,2.871897430457645,0.7597834143962148,0.22990698783687097,0.25375626043405675,0.5473408061054138,0.024803243501073217,0.770093012163129,0.9995230145480563,0.49415413982343115,0.5072740281421416,4191,2.182474414940517,1.445369751824998,-0.8196480607102649,0.5979738237562185,3.0021224756507827,4191.0,2.182474414940517,1.653669151530859,1.8815187378502354,0.38967442405035635,0.3009556770902794,SQQQ,y2025,13:00-13:30,all
3123,46698439.9975,2.338090147343233,2.396685713378732,2.098397844889854,0.7002113352545305,0.7389326240428697,3.1579601499053256,3.1096703816098303,0.7707201790750579,0.21549791866794749,0.2632084534101825,0.5600384245917387,0.008645533141210375,0.7845020813320525,0.9993595901376882,0.5177827619352772,0.5177713736791547,3121,2.3970310103008687,2.4442792385835177,3.0317241781677167,-0.10469079572796045,-0.6346931678668482,3121.0,2.3970310103008687,4.353358959990615,2.482829312349463,-2.013770517135059,-0.08579830204859501,SQQQ,y2025,13:30-14:00,all
3718,43062579.9637,1.9861757684010228,2.1206555443354094,2.3914461048514983,0.6959010220549521,0.7510071176568185,2.6594882064872154,2.6224506692484844,0.8086541223454646,0.25443786982248523,0.24771382463690156,0.5220548682087144,0.03657880580957504,0.7455621301775148,1.0,0.5258203335126412,0.5258203335126412,3718,2.1206555443352,2.112032018432193,5.552916847251503,-0.1258562500314424,-3.4322613029163027,3718.0,2.1206555443352,-0.7642666991072564,4.809168349303842,2.750442467508007,-2.6885128049686413,SQQQ,y2025,14:00-14:30,all
3294,52763001.3983,2.335874686418686,2.6714511946393675,2.361540624119942,0.702902246508934,0.7600344485084335,3.1466397828220645,3.304286860989901,0.8084804095486589,0.21129326047358835,0.2550091074681239,0.5877352762598664,0.004250151791135397,0.7887067395264117,1.0,0.4914996964177292,0.5340012143290832,3294,2.6714511946392556,0.10048980744900517,-0.2559913417910553,2.2353848789695414,2.9274425364303105,3294.0,2.6714511946392556,-0.5319467430107303,-1.8983283560639388,2.8678214294292776,4.569779550703195,SQQQ,y2025,14:30-15:00,all
2843,46525094.035,2.0342381763361264,2.126041048878427,1.4942099364947186,0.6656559971861392,0.6803880605784355,3.0197421505926223,2.950699461844781,0.7205210413225966,0.23566654941962714,0.2655645444952515,0.5286669011607457,0.005276116778051354,0.7643334505803728,0.998593035525853,0.4984149348362099,0.5124868097080548,2839,2.129956593160934,3.283869561036095,4.009746156600975,-1.2467652513061966,-1.8797895634400397,2839.0,2.129956593160934,1.39249661727698,0.8181419399624021,0.6446076924529174,1.311814653198532,SQQQ,y2025,15:00-15:30,all
4279,59208645.243599996,1.8091086808772219,2.177230890584653,1.494880035875761,0.6203785931293072,0.7031808423102844,2.8865812115930827,3.0057203717809355,0.7243624227408121,0.2776349614395887,0.2750642673521851,0.4730077120822622,0.005842486562280907,0.7223650385604113,0.9988315026875438,0.5240992044922789,0.5377424631923347,4274,2.1786603064048378,0.30647247888099644,-1.4349558719365072,1.5047526136488114,3.613616178341345,4274.0,2.1786603064048378,3.2743365555947395,0.8017610410653596,-1.4631114630649318,1.3768992653394798,SQQQ,y2025,15:30-16:00,all
24437,294143810.2811,2.1403174851292226,1.9408384755229195,1.4670285337036466,0.8570405532594831,0.8583154383481078,2.5293757310836535,2.3771788109183323,0.8164461447362266,0.2050169824446536,0.11949093587592585,0.7130989892376315,0.0338421246470516,0.7949830175553464,0.9998363137864713,0.48909262063602504,0.2883741866841265,20366,1.996671772404276,1.6276554845661255,3.7955533632743244,0.5605110266989473,-1.7988815908700484,,,,,,,SQQQ,y2025,open 09:30-09:35 (fixed),all
11135,189781723.1107,2.135016641654892,2.0789661450259467,1.4915355358327846,0.7258320610687969,0.7429821323163901,2.827258849034011,2.665810005984745,0.7798628335697841,0.23969465648854962,0.1589582397844634,0.6587337224966322,0.01796138302649304,0.7603053435114504,0.9996407723394701,0.5287934597071242,0.3589582397844634,7802,1.9933228596486388,0.2750924980877309,-0.6665020348071967,1.7812728559123565,2.6598248944558356,,,,,,,SQQQ,y2025,close 15:55-16:00 (fixed),all
174272,2265544143.807373,2.0037467131959854,2.153145576639908,1.3179571663908936,0.8365160209328921,0.8848737840452572,2.2320347771995674,2.2403055465253443,0.9610946060368333,0.26418472273228055,0.14634594197576203,0.6366312431142123,0.02894326110907088,0.7358152772677194,0.9996327579875137,0.47527668074944895,0.39546800403966215,174208,2.1540292798494165,-0.24321549433197356,-0.437757153332547,2.247698337841175,2.591786433181963,174208.0,2.1540292798494165,-0.1216431494292233,-0.5008693223642978,2.126125992938425,2.654898602213714,SQQQ,y2026,RTH all,all
105353,1280068111.9229999,2.2891683271240795,2.483561860479026,2.5637738751455244,0.967021347280147,1.0130463930394762,2.0655681361791576,2.0759368373128875,1.1963571414310334,0.23050126716847172,0.006748739950452289,0.8554383833398195,0.030459502814347953,0.7694987328315283,0.9996867673440718,0.4553456133687809,0.0,105320,2.484705774093642,-0.9965932031711084,-2.015555947285856,3.2864787972414535,4.5002617213794975,105320.0,2.484705774093642,-1.1760429934825467,-1.5742251727450018,3.465928587552893,4.058930946838644,SQQQ,y2026,RTH all,lit
68919,985476031.8843734,1.5674370846150925,1.7239567025139666,1.2991230919154697,0.6370191093894518,0.7183860519369992,2.48650393710356,2.453809616084995,0.7025633493377964,0.315674922735385,0.359741145402574,0.30215180139003756,0.02662545887200917,0.684325077264615,0.9995501966076118,0.505748461270468,1.0,68888,1.7245519238623683,0.9085923719863646,1.6114627522291383,0.6595500684178006,0.1130891716332304,68888.0,1.7245519238623683,1.4903849479998794,0.8931881346325402,0.0777574924042858,0.831363789229828,SQQQ,y2026,RTH all,offexchange_TRF
32366,397940285.83570313,2.056269356086903,2.1423075918041823,2.561730205576767,0.8432175739975027,0.8625387909713168,2.25559761379752,2.298264420248118,0.9321414772512995,0.2532904900203918,0.1244206883766916,0.6682320954087623,0.03367731570166224,0.7467095099796083,0.9995365507013533,0.4904330623473772,0.3554656120620404,32351,2.143648471698822,0.7615037365978035,-0.15127712221406509,1.2957190379409105,2.2949255939128865,32351.0,2.143648471698822,3.406464847406674,1.6407626478383495,-1.34924207286796,0.5028858238604718,SQQQ,y2026,09:30-10:00,all
24579,247305241.87589937,1.6678648010039119,1.612465316217932,1.3036959780967219,0.7340502054600498,0.7118211839788862,2.172796711678794,2.0762653310236643,0.7766181384066823,0.270067944179991,0.13548150860490663,0.6668700923552626,0.015704463159607794,0.729932055820009,0.999796574311404,0.46801497517701635,0.37275723178322956,24574,1.6131668746659726,0.9577496802140403,1.4278447265333287,0.7104544763689226,0.18532214813264422,24574.0,1.6131668746659726,1.8088024646481238,2.7385418393379353,-0.140598308065162,-1.1253749646719626,SQQQ,y2026,10:00-10:30,all
16927,229489060.39860117,2.8118196368634876,3.1509735587956302,1.4045354791481532,1.0953612571632447,1.2144147250367763,2.274776220851933,2.2977726022281937,1.371316533124327,0.2862881786494949,0.14515271459797957,0.6076682223666332,0.047143616707036096,0.7137118213505051,0.9995864595025699,0.48185579196217493,0.39286347255863413,16920,3.151936717837557,-0.2288753832083492,-0.8279600088226374,3.0418583024272388,3.979896726660194,16920.0,3.151936717837557,-0.589161528915441,-0.6670842483564706,3.402144448134331,3.819020966194027,SQQQ,y2026,10:30-11:00,all
12407,142238058.97143587,1.430572389629779,1.3145425039509027,1.2962602890648653,0.7121431449989125,0.715804072441404,1.9285416673340567,1.7639475682254586,0.7452276516775042,0.26372209236721206,0.159184331425808,0.6468122833884098,0.01491093737406303,0.7362779076327879,0.9991134037237044,0.4581316553727009,0.41911823970339324,12396,1.3152675772895734,-0.5170343530812944,-1.933710521282864,1.9488762083680464,3.248978098572437,12396.0,1.3152675772895734,-5.189897683781063,-8.171750158311227,6.621739539067816,9.487017735600798,SQQQ,y2026,11:00-11:30,all
7897,84282639.06502044,1.497922610060777,1.5266233230923165,1.298785635429691,0.6722476889959733,0.7039278806623862,2.151715058487855,2.0314268463669976,0.7515029772411095,0.303026465746486,0.16968469038875522,0.6006078257566164,0.013422818791946308,0.6969735342535139,0.9998733696340383,0.4712512664640324,0.46068127136887427,7896,1.5269399611740089,-0.12129855399214172,-0.013947946528048857,1.6194108705636014,1.5408879077020576,7896.0,1.5269399611740089,1.5049168081208102,3.607710016757898,-0.006804491549350346,-2.08077005558389,SQQQ,y2026,11:30-12:00,all
17549,279611290.4909309,1.953898307289911,2.137910967895412,2.5736713421709214,0.8069519630749159,0.8570868207033452,2.3683489231560007,2.415919755870813,0.8849263154126601,0.25693771724884606,0.1141375576955952,0.6594107926377571,0.03954641290102,0.7430622827511539,0.999886033392216,0.4444064512452271,0.3195053849222178,17547,2.1384524815856367,-3.0067890408031315,-1.3360753206406635,4.960910052635644,3.474527802226299,17547.0,2.1384524815856367,-3.4404132809404464,-4.310232344607031,5.394534292772959,6.448684826192667,SQQQ,y2026,12:00-12:30,all
7933,100960792.92613761,1.699044843177266,1.7735021210375685,1.6276703967449964,0.6904525400227582,0.7273621594766646,2.360623512774572,2.2830832667303755,0.7768013312880249,0.2589184419513425,0.17849489474347663,0.6209504601033657,0.005546451531576957,0.7410815580486575,0.9988654985503592,0.5531297324583544,0.4720786587671751,7924,1.7757807584160106,-0.25439552300475016,-0.39336201544874416,1.9553701243328343,2.169142773864755,7924.0,1.7757807584160106,-0.2994506738309463,1.5258838745360046,2.00042527515903,0.24989688388000553,SQQQ,y2026,12:30-13:00,all
6559,87133574.02858172,1.5445052374106738,1.715471621375687,1.3050570962467738,0.6692117700870547,0.7190900741207071,2.236057200677387,2.285300295482417,0.7506547934933682,0.28525689891751793,0.1706052751943894,0.6035981094679067,0.005793566092392133,0.7147431010824821,0.9995426132032322,0.48825503355704697,0.4430553438024089,6556,1.717069151431788,0.26469748781201385,0.9885244453076341,1.2805145091639325,0.7285447061241541,6556.0,1.717069151431788,1.5496578052979126,1.4199354818664085,-0.004445808321966772,0.297133669565379,SQQQ,y2026,13:00-13:30,all
12438,182775497.36254984,3.6320062779134936,3.512872642592104,1.3167423793560245,1.484803022994097,1.4471702327927434,2.1172336969663057,2.1983469922161967,1.5979609474893264,0.23090529023958836,0.09671972986010613,0.6562148255346518,0.09181540440585303,0.7690947097604116,0.9997588036661843,0.4369119420989144,0.3137964302942595,12435,3.5131719863273685,-1.053153105209833,-2.1561898750886126,4.686035621067176,5.669361861415981,12435.0,3.5131719863273685,1.8908446658987326,2.041066951615304,1.7420378499586116,1.4721050347120643,SQQQ,y2026,13:30-14:00,all
6450,86388642.65953484,1.5109616897339047,1.6861017840117098,1.3069332810548135,0.6450139534884335,0.6952858753056622,2.2272239900605046,2.2859867865652617,0.7375815966745414,0.32325581395348835,0.16248062015503875,0.6035658914728682,0.011472868217054264,0.6767441860465117,0.9993798449612403,0.47393732547316164,0.4666666666666667,6446,1.687913525051505,0.18119980317928308,1.1605908870280146,1.330699498524395,0.52732263802349,6446.0,1.687913525051505,0.1373175110986992,1.496658387476279,1.3745817906049789,0.19125513757522591,SQQQ,y2026,14:00-14:30,all
6657,119481024.52641024,1.7498459561214394,1.8978041347821653,2.3434448639500953,0.6917920985429643,0.7282536916690602,2.390741524393767,2.3803557829619972,0.7972775113561518,0.27519903860597866,0.14526062791047017,0.6303139552350909,0.01096590055580592,0.7248009613940213,0.9995493465525012,0.48617373008716563,0.427069250413099,6654,1.8978322359755402,-0.6038608990360576,-1.8379066976378333,2.3544957848039147,3.7357389336133733,6654.0,1.8978322359755402,0.9743663355928278,-1.2727918479867362,0.7762685501750297,3.170624083962277,SQQQ,y2026,14:30-15:00,all
7312,97790175.68384472,2.1156543604265963,2.694305317903108,2.589667227762558,0.8164250547047119,1.017396521627286,2.3876915624276767,2.3147645530400913,1.1639651706107852,0.25547045951859954,0.1363512035010941,0.6410010940919038,0.02639496717724289,0.7445295404814004,0.999863238512035,0.4572561893037888,0.4176695842450766,7311,2.694731778625715,-0.46293923571539536,-1.0179797959338193,2.578882975756123,3.712711574559535,7311.0,2.694731778625715,-3.165130551488514,-2.109392391134271,5.281074291529243,4.804124169759987,SQQQ,y2026,15:00-15:30,all
15198,210147859.98272347,1.6145891967093093,1.8260299825042063,1.2994607237984412,0.6929095933675946,0.7555973035789336,2.244879544945424,2.2976064621087993,0.7947531540402404,0.23700486906171864,0.23832083168838006,0.5579023555731017,0.0145413870246085,0.7629951309382813,1.0,0.4888143176733781,0.5063824187393078,15198,1.8260299825040291,-0.4560169334240336,0.5805582296845531,2.070606130133116,1.245471752819476,15198.0,1.8260299825040291,-4.512583761253772,-3.1857015649846283,6.127172957962856,5.011731547488658,SQQQ,y2026,15:30-16:00,all
36265,437807812.5533055,2.006879580338907,2.0787389519153536,2.3306627822274044,0.8895265407418352,0.9162750947096318,2.2732071362323696,2.279352263783961,0.9119867011974847,0.2402867778850131,0.11101613125603199,0.6810974769061078,0.03449607059147939,0.7597132221149869,0.9995036536605543,0.5087593456010152,0.31562112229422307,30163,2.153145900726731,1.9571487774043377,2.2382245711715525,0.12429282560051932,-0.08507867044482158,,,,,,,SQQQ,y2026,open 09:30-09:35 (fixed),all
17888,335021661.62744516,1.6611557039935863,1.772105065766442,1.481042686515678,0.6867005813954996,0.7202862358479567,2.339554411318256,2.3194081223288157,0.7640333103546905,0.28499552772808584,0.13372093023255813,0.6257826475849732,0.014255366726296959,0.7150044722719141,0.9995527728085868,0.5154921700223714,0.368682915921288,11626,1.778837424173984,1.7027712254398646,2.4874227507823594,-0.0743803488177546,-0.7085853266083755,,,,,,,SQQQ,y2026,close 15:55-16:00 (fixed),all
874984,27519255927.57554,0.3075709138296983,0.24954270981414298,0.16952169453870444,2.144294408583733,1.7512341702410537,0.2926957528132487,0.26188450878953534,0.952873123223524,0.18568453823155623,0.22398466714819928,0.46575823100765273,0.1453569436698271,0.8143154617684437,0.9999028553664981,0.5540948155158482,0.48330598045221396,874899,0.24958442349998886,0.05577391737107719,-0.019983357730503696,0.2518268782251382,0.2695677812304925,874899.0,0.24958442349998886,0.26348275704585244,-0.13278173064244275,0.044118038550362955,0.3823661541424317,QQQ,last12m,RTH all,all
452099,17945315494.488,0.2437083931936797,0.24644155048947908,0.16102411336082934,1.6897723728654481,1.720617938145788,0.2548207935148714,0.23196566107964836,1.062405311814063,0.16236488025852744,0.0702788548525876,0.7412933892797816,0.06552989500087371,0.8376351197414725,0.9998871928493538,0.5013073832867306,0.0,452048,0.2464989149826596,-0.09394269758172642,-0.2013255660245209,0.3376785859264483,0.4478244810071805,452048.0,0.2464989149826596,-0.1268446223534085,-0.28096024827468874,0.3705805106981303,0.5274591632573481,QQQ,last12m,RTH all,lit
422885,9573940433.08754,0.3758452241434323,0.25535549743996067,0.1985844151507866,2.6302160133372734,1.8086209847968682,0.33318721319570976,0.3179641517680861,0.8030952420894591,0.21061517906759522,0.38830887830024713,0.17118838454899085,0.23069865329817799,0.7893848209324048,0.9999195998912234,0.6105271123871057,1.0,422851,0.2553667850627816,0.21582815954192452,0.31985891107610337,0.16004728502809762,-0.06449212601332172,422851.0,0.2553667850627816,0.6807614467088237,0.14491050711224462,-0.3048860021388016,0.11045627795053704,QQQ,last12m,RTH all,offexchange_TRF
132956,4510626124.362687,0.4336590474088188,0.3390214221679335,0.17008393642246986,3.0351940897743557,2.4154778412075575,0.36811992747204053,0.3426255983072699,0.9894807155182137,0.16993591864977886,0.18431661602334606,0.5271367971358946,0.1344805800415175,0.8300640813502211,0.9998796594362045,0.5112531969309463,0.3721231083967628,132940,0.3390270025436407,0.37857461810993775,0.3507649935951059,0.055136622354037185,-0.01173799105146518,132940.0,0.3390270025436407,1.24618763931011,0.4885162112058921,-0.8124763988461349,-0.1494892086622515,QQQ,last12m,09:30-10:00,all
108002,3216207400.102692,0.36568489342001453,0.26709321187173607,0.17030697832828212,2.472321144053168,1.8102613254184483,0.3340442937936032,0.29744240455376275,0.8979661533883914,0.16362659950741654,0.2335882668839466,0.430992018666321,0.18850576841169608,0.8363734004925835,0.9999814818244107,0.5602592592592592,0.5152219403344382,108000,0.26709931930673164,-0.16774102976681712,-0.05893229456727578,0.5334326951292606,0.32603161387400753,108000.0,0.26709931930673164,-0.7307670274187608,0.17637601883121978,1.0964586927812046,0.09072330047551201,QQQ,last12m,10:00-10:30,all
106501,2686236446.7304416,0.3631705226013437,0.285922248443629,0.17820100516462947,2.5473238260676196,2.0203009030420382,0.31764755265417993,0.2745883550745074,1.041275943278972,0.13490953136590267,0.26755617318147246,0.3837428756537497,0.2282795466709233,0.8650904686340973,1.0,0.5827457019182919,0.5758537478521328,106501,0.28592224844359976,0.11531690456102166,-0.006451293372761638,0.24785361804029407,0.2923735418163616,106501.0,0.28592224844359976,0.5418236125242673,0.0034082954924952646,-0.17865308992295123,0.2825139529511046,QQQ,last12m,10:30-11:00,all
89639,1977660323.5900774,0.3060094521685364,0.20749239197511163,0.17049862322346243,2.0994164972836775,1.4074881505014267,0.2787596962383155,0.23435793923713213,0.8853653204603539,0.1342049777440623,0.30627293923403875,0.3486428898135856,0.22769107196644317,0.8657950222559377,0.9999776882830018,0.6183607215770274,0.6485346779861444,89637,0.20749363545681523,-0.11794598286017237,0.07739283518512463,0.42396226277731947,0.13010080027169055,89637.0,0.20749363545681523,0.1404806081730775,-0.6490407400716213,0.1655356717440695,0.8565343755284366,QQQ,last12m,11:00-11:30,all
66755,1421125033.9191902,0.2746960657326655,0.193410008889599,0.1702489891464721,1.9418297655607049,1.331567701933296,0.2888361022002021,0.233112923224471,0.8296837696267875,0.1374728484757696,0.3625046812972811,0.3157516290914538,0.19763313609467456,0.8625271515242304,0.9999550595461014,0.6407298657718121,0.6704965920155793,66752,0.19343889994428698,0.3591506001287932,-0.10669892605078288,-0.08444218887546494,0.3001378259950699,66752.0,0.19343889994428698,1.831910012740572,-0.46525377402589674,-1.5572016014872438,0.6586926739701839,QQQ,last12m,11:30-12:00,all
81037,2553464630.3337603,0.39040857413323743,0.30138435953362797,0.1702779788002368,2.796952994311571,2.1566101766030714,0.33208881470171264,0.32766849986613344,0.9197843541773357,0.14283598849908066,0.3110431037674149,0.3948566704098128,0.16752841294717227,0.8571640115009194,0.9997531991559411,0.5853462853475196,0.5245381739205548,81017,0.3018246993842257,-0.33987368612718244,-0.726870441222848,0.7303786372119259,1.028695140607074,81017.0,0.3018246993842257,-0.6142222262081904,-1.0152864391152063,1.0047271772929343,1.3171111384994325,QQQ,last12m,12:00-12:30,all
38794,1469095786.966331,0.19463224713607502,0.199485441810164,0.1389226548118071,1.3718052533899565,1.4161887599679426,0.24595524475668112,0.2262284188905053,0.8817877205193884,0.23413414445532815,0.18917873898025467,0.5375315770479971,0.06900551631695623,0.7658658555446719,0.9999742228179616,0.5002448895419277,0.4395267309377739,38793,0.19948775057345436,0.03822617244422007,-0.06300913893006332,0.15641109189200347,0.2624968895035176,38793.0,0.19948775057345436,-0.5626663023072723,-0.7846040387623853,0.757303566643496,0.9840917893358399,QQQ,last12m,12:30-13:00,all
32611,1193773238.7503896,0.17724700244327413,0.19358541078059915,0.1387626534193325,1.2367948790288483,1.3691223264630015,0.24418519192329033,0.23954629674949643,0.8081335984210163,0.23798718223912177,0.18291374076231945,0.5472386618012327,0.05222164300389439,0.7620128177608783,0.999908006500874,0.5145056427870461,0.41676121554076845,32608,0.1935914532688265,0.22577428352382017,0.42997920359706804,-0.048510974008479146,-0.2363877503282415,32608.0,0.1935914532688265,0.619380668858331,0.8090886487782127,-0.44211735934298996,-0.6154971955093861,QQQ,last12m,13:00-13:30,all
52282,1802269942.10866,0.25087417055813854,0.27211367210475196,0.1351963388830201,1.7449037909802236,1.9001589012571167,0.23886716443941414,0.2177664833315633,1.2495663609098266,0.3042156000153016,0.13677747599556253,0.4961363375540339,0.09552044680769672,0.6957843999846983,0.9997896025400711,0.532207151192822,0.4215600015301633,52271,0.27211662369221784,-0.09013200642878996,-0.3812831893007416,0.34105897138293506,0.6533998129929595,52271.0,0.27211662369221784,-0.21627628263934304,-0.7271762621379274,0.4672032475934882,0.9992928858301455,QQQ,last12m,13:30-14:00,all
35941,1447432094.4100494,0.15285243149175723,0.16225346668415086,0.13513604821641909,1.0584567596898415,1.1276346270427524,0.19657135383889685,0.1884216829405723,0.8611188699302997,0.2536100831918978,0.11279597117498122,0.635986756072452,0.03914749172254528,0.7463899168081022,0.9997774129823878,0.5243647900258815,0.33780362260371166,35933,0.16228071028568972,0.10594377136604899,0.05936925673718205,0.046942690667293084,0.10291145354850768,35933.0,0.16228071028568972,-0.1590321358523129,-0.17039886663903617,0.311918597885655,0.3326795769247259,QQQ,last12m,14:00-14:30,all
30166,1141480543.2292693,0.1765787588881323,0.19483900593846776,0.1351095741664116,1.2444896439701356,1.3848175857978393,0.22868839621226736,0.21299576622196884,0.9147552995744553,0.266823576211629,0.14953921633627262,0.5656699595571173,0.045349068487701386,0.733176423788371,0.9995690512497514,0.49915431300368124,0.39584300205529405,30153,0.19485174343906106,-0.13613904975589064,-0.4677675940885511,0.3127939378472339,0.6626193375276122,30153.0,0.19485174343906106,0.211296587355674,-0.3609762796951904,-0.03464169926433078,0.5558280231342515,QQQ,last12m,14:30-15:00,all
32439,1256275261.2956944,0.17449888697934493,0.20635755700957023,0.13502474328408404,1.2132650759888484,1.4515249563712136,0.2092464907005746,0.19158114388867248,1.0771287446194826,0.273312987453374,0.12127377539381609,0.6011590986158636,0.040475970282684424,0.7266870125466259,0.9999075187274576,0.5126402762362807,0.36924689417059714,32436,0.20636892712316154,-0.09909635612075386,0.07158785611521416,0.2736113824717757,0.13478107100794742,32436.0,0.20636892712316154,-0.7363401810152482,-0.4695125348884725,0.91085520736627,0.6758814620116341,QQQ,last12m,15:00-15:30,all
67861,2843609101.7762985,0.19092252466993337,0.18465442529198695,0.1351123121093181,1.328839592697173,1.2974733477070293,0.22587556531984984,0.1998819998372819,0.9238171793473586,0.23984320891233551,0.11701861157365792,0.6135924905321172,0.05884086588762323,0.7601567910876645,0.9999557919865608,0.5024610215449911,0.32850974786696335,67858,0.1846571213565318,0.26254969201367023,0.19387114164441277,-0.0716187266650887,-0.009214020287880997,67858.0,0.1846571213565318,0.5470269589667162,0.2974553393896921,-0.35609599361813477,-0.11279821803316034,QQQ,last12m,15:30-16:00,all
157827,6190667788.83913,0.5758131274472091,0.3516435890398804,0.2637155639285844,3.961292825689276,2.4565149681036,0.4145055896090384,0.3641263109075648,0.9657187039393778,0.17638933769253676,0.19433303553891287,0.5198730255279514,0.12426897805825365,0.8236106623074633,0.999911295279008,0.5185440996622585,0.3527533311790758,136318,0.3688272135852744,0.05599956670354521,-0.132964104266648,0.5696222673926503,0.5017913178519225,,,,,,,QQQ,last12m,open 09:30-09:35 (fixed),all
157989,7931874623.862884,0.17386064083790312,0.19203259797192454,0.1349609625414621,1.2253324269413401,1.3591745470537175,0.20143451943671822,0.19601568009598144,0.9796797780559875,0.22550304135098012,0.057959731373703235,0.6855350688972017,0.05006044724632728,0.7744969586490199,0.9999873408908215,0.5177324716590606,0.24114337074100095,92511,0.17366824599972902,-0.05016544302564875,-0.12632062648395442,0.20914119805395245,0.2999888724836834,,,,,,,QQQ,last12m,close 15:55-16:00 (fixed),all
488774,16313939791.333689,0.28916987359866,0.24913128768062653,0.1357754816633977,2.1410521402532345,1.844953437363033,0.2753722085703821,0.2516388164764972,0.9900352066863862,0.19621747474292822,0.24476547443194605,0.44874522785581883,0.1274740473102088,0.8037825252570717,0.9998731520089039,0.55719728592709,0.5175582170901071,488712,0.24919414844956742,-0.008307729027343006,-0.06709541458408211,0.29751428789697215,0.3162895630336496,488712.0,0.24919414844956742,-0.046476349913978525,-0.13394533020565824,0.33568290878360757,0.3831394786552257,QQQ,last5,RTH all,all
235805,10250875916.696,0.24836765938819538,0.2489519927011178,0.13536104173845412,1.8396174805455454,1.8443559028440035,0.2406305921379309,0.21641457351692356,1.150347634428833,0.14811390767795424,0.07691100697610313,0.7442632683785331,0.06554568393375883,0.8518860923220457,0.9998303683128008,0.4979365045702288,0.0,235765,0.24904418636187448,-0.08831036937898483,-0.23173113877019433,0.3367201669402316,0.4807753251320688,235765.0,0.24904418636187448,-0.05277589447928027,-0.2269719995678066,0.3011856920405271,0.47601618592968103,QQQ,last5,RTH all,lit
252969,6063063874.63769,0.327203648969945,0.24943442329414353,0.17323985599396594,2.4220343947285716,1.8459636942788689,0.30775659900104424,0.31119275674563535,0.8015431525548898,0.2410572046377224,0.4012309808711739,0.17327814870596792,0.18520055817115932,0.7589427953622776,0.9999130328222036,0.6124326439926151,1.0,252947,0.24944761022283654,0.06626055010822615,0.21116733327188278,0.26097155731454136,0.038280276950953686,252947.0,0.24944761022283654,-0.040604716234044165,0.02328577360591223,0.36783682365681186,0.22616183661692432,QQQ,last5,RTH all,offexchange_TRF
72391,2761331710.4774714,0.3916091459779831,0.32872742093525614,0.13730699785102063,2.8873465679438044,2.426585629398162,0.3303874443899497,0.30131875520257334,1.090962362147873,0.18433230650218949,0.17503557072011713,0.5544335621831443,0.09966708568744734,0.8156676934978105,0.9998066057935379,0.5020241236857013,0.36228260419112873,72377,0.32873426806650835,0.4569817662329081,0.5187983321688442,-0.06529687066540633,-0.19006406410233592,72377.0,0.32873426806650835,1.0928065627614252,0.5064109872688421,-0.7011216671939237,-0.17767671920233383,QQQ,last5,09:30-10:00,all
50482,1656107553.7150538,0.2933494223248899,0.21993410667777513,0.13632242981396456,2.1708967196231828,1.6262439191813676,0.27943128558460023,0.25127776616945646,0.8752629014118829,0.18824531516183987,0.2495741056218058,0.43504615506517175,0.14212986807178796,0.8117546848381602,0.9999801909591538,0.5556546027218161,0.557901826393566,50481,0.2199360692539226,0.296037997546234,-0.0937113644180836,-0.002682764135581839,0.3136474336720061,50481.0,0.2199360692539226,-0.5908948928604852,-0.05223981463461068,0.8842501262711374,0.27217588388853325,QQQ,last5,10:00-10:30,all
60731,1527583869.1502562,0.3537292813219993,0.31507420110597034,0.2373791187287018,2.620974704846107,2.3332165816869246,0.3077189679604369,0.27341862643907566,1.1523509031166044,0.1306746142826563,0.30123001432546803,0.35828489568754013,0.21664388862360245,0.8693253857173437,1.0,0.596499316658708,0.6087994599133886,60731,0.3150742011059485,-0.4816783190407751,-0.2895726905961569,0.835407600362753,0.6046468917021054,60731.0,0.3150742011059485,-1.587577650782832,-0.15544239404230517,1.94130693210481,0.47051659514825395,QQQ,last5,10:30-11:00,all
45819,844392661.4010882,0.2889507576064706,0.21238263239219735,0.20487107947949895,2.141669076147605,1.5739560516489102,0.28387828699683826,0.23752197513856105,0.8941599288583787,0.13105916759422948,0.3733385713350357,0.288701193827888,0.21722429559789608,0.8689408324057706,0.9999563499858137,0.659929720409455,0.7377070647547961,45817,0.21238561342648324,-0.159485313501775,0.30556038063654206,0.4484486843634618,-0.0931747672100589,45817.0,0.21238561342648324,0.8670889895953305,0.15576063286735983,-0.5781256187336438,0.0566249805591229,QQQ,last5,11:00-11:30,all
40081,775130117.4875185,0.25860705073459556,0.19075899096171975,0.2041803234622329,1.914717347371689,1.4104074119801235,0.2742725420972683,0.23682794065809898,0.8054750230552926,0.12554576981612237,0.41832788603078763,0.26952920336318953,0.19283451011701305,0.8744542301838777,1.0,0.6682717497068437,0.7319178663207005,40081,0.19075899096168128,0.1962151601469195,-0.3127878570753684,0.06239189058764919,0.5035468480370497,40081.0,0.19075899096168128,0.40246198447149895,-0.46796066712140244,-0.14385493373693,0.658719658083084,QQQ,last5,11:30-12:00,all
51557,1744294818.2986786,0.4139094949296828,0.32523421587574236,0.20413096613104456,3.0661233159419536,2.4077865225720774,0.3214092385326196,0.35178741661598717,0.9245191854908489,0.1400585759450705,0.34559807591597647,0.37261671547995423,0.1531314855402758,0.8599414240549295,0.9996508718505731,0.5844506102175052,0.5491785790484318,51539,0.325921575273388,-0.6158715194096575,-0.7799053439658452,1.0299255722645424,1.1058269192392336,51539.0,0.325921575273388,-0.9136860442139567,-0.9572872403577214,1.3277400970688416,1.2832088156311094,QQQ,last5,12:00-12:30,all
24713,993837058.175097,0.19372866461458793,0.20016865677187182,0.135291451609507,1.4360479504716626,1.4833716094255873,0.2519853775283678,0.22673006975218127,0.8828500647958103,0.24497228179500669,0.20450774895803828,0.5162869744668798,0.06126330271517015,0.7550277182049934,0.999959535467163,0.495670119779864,0.4782098490672925,24712,0.20017208130686773,-0.16952515353603287,-0.32699985534067955,0.3632616576077007,0.5271719366475472,24712.0,0.20017208130686773,-0.4297199885231473,-0.5010592645943795,0.6234564925948151,0.7012313459012476,QQQ,last5,12:30-13:00,all
18019,707122130.5891399,0.18338100510740474,0.20918633258436647,0.1353482171254868,1.3592761973476428,1.5507000121125025,0.26260506526421395,0.2596343669447018,0.8056958523865987,0.25301071091625504,0.19507186858316222,0.5292191575559132,0.03784893723292081,0.746989289083745,1.0,0.48609800765858263,0.4454742216549198,18019,0.20918633258428876,0.4717727702360284,0.897247368041301,-0.28839176512867376,-0.6880610354570121,18019.0,0.20918633258428876,0.5778850857807603,0.6421413934636494,-0.39450408067340564,-0.43295506087936064,QQQ,last5,13:00-13:30,all
30982,1097137032.477697,0.2662699227704136,0.2947610578585722,0.13416605732903425,1.9811083855149205,2.192470878920386,0.24013396760878508,0.22095936442086425,1.3340057282982445,0.33819637208701825,0.14508424246336582,0.4591052869408043,0.09237621844942225,0.6618036279129818,0.9999354463882254,0.5386701097482247,0.45229488089858627,30980,0.2947616569976163,-0.25155324582754657,-0.7469348955043013,0.5178403583927886,1.0416965525019175,30980.0,0.2947616569976163,-0.45379112410735933,-1.5332903446378086,0.7200782366726013,1.8280520016354251,QQQ,last5,13:30-14:00,all
21666,913444032.4806848,0.14877742737145583,0.15745724880662276,0.13502292014057107,1.10264720760672,1.167074131008016,0.1999025681533124,0.19308397974935299,0.815485826483491,0.2626696206037109,0.12041908981814825,0.6261423428413182,0.0318009784916459,0.7373303793962891,0.9997230684021047,0.5362419205909511,0.3568263638881196,21660,0.1574878212621842,0.08756603694242422,-0.044841828120099216,0.06125260301275495,0.20232964938228334,21660.0,0.1574878212621842,-0.28106346279006267,-0.1833666611303604,0.42988210274524186,0.3408544823925445,QQQ,last5,14:00-14:30,all
18332,736821488.0716333,0.1893867475201609,0.21314207279000602,0.13498282343559503,1.404306927776632,1.580737105497865,0.23210429189075973,0.21700128313201705,0.9822157257030448,0.287148156229544,0.1538839188304604,0.5219834169757801,0.05754963997381628,0.7128518437704561,0.9993454069386865,0.4950873362445415,0.43606807767837663,18320,0.21315514568710686,-0.2945574444277003,-0.8491545714026296,0.48406824440252555,1.0623097170897366,18320.0,0.21315514568710686,0.24922609562759362,-0.6821030049387744,-0.0597152956527683,0.8952581506258812,QQQ,last5,14:30-15:00,all
16499,673423596.4606981,0.184980515914695,0.23468881073055298,0.1343426947799924,1.3753855263955495,1.7455869672100737,0.20054143769503358,0.18065457232575743,1.2991025231698021,0.3115340323655979,0.12788653857809565,0.5433056548881751,0.04842717740469119,0.688465967634402,0.9998181707982302,0.4752061105722599,0.4487544699678768,16496,0.2347129349905082,0.09262007870873888,0.1355043468925448,0.0923940781823816,0.09920858809796339,16496.0,0.2347129349905082,0.07151219122223464,0.031301667541479325,0.11350196566888575,0.20341126744902893,QQQ,last5,15:00-15:30,all
37502,1883313722.5486727,0.15106306598912803,0.15259232917542997,0.13468285554578077,1.121734936803682,1.1340407210712065,0.18715136496010268,0.17646714966684818,0.8647067143290329,0.2580929017119087,0.10068796330862353,0.6297797450802624,0.04215775158658205,0.7419070982880913,0.9999200042664391,0.48894637190325074,0.35112793984320834,37499,0.15259569315792035,0.3682978078508856,0.26442862674077033,-0.21722265649422884,-0.11183293358284993,37499.0,0.15259569315792035,0.807371618634359,0.5381797884213311,-0.6562964672777025,-0.3855840952634113,QQQ,last5,15:30-16:00,all
88694,3698190878.3356547,0.5026010443484247,0.3229169985396468,0.21980445192532055,3.7090513766436697,2.382549371041096,0.3839793196845246,0.33400333211272226,0.966807715650771,0.17143211491194443,0.18801722777188987,0.5328094346855481,0.12049293075067084,0.8285678850880556,0.999842153922475,0.5171628326567433,0.3805330687532415,76966,0.3429763627055622,-0.11562261601982009,-0.23403145087205252,0.6648041718783917,0.5770078135776148,,,,,,,QQQ,last5,open 09:30-09:35 (fixed),all
97239,5035070079.130221,0.16917270850584756,0.18582841143878412,0.13483176366676203,1.2572799473463903,1.38043562019529,0.1966653551421517,0.19183024905126198,0.968712767448506,0.23419615586338816,0.062001871677002024,0.6667386542436676,0.05075124178570327,0.7658038441366118,0.9999794321208568,0.5136007898228041,0.2690175752527278,57609,0.16150924429892835,0.1605606442645869,0.15520518017053309,-0.011819329242566656,0.006304064128395256,,,,,,,QQQ,last5,close 15:55-16:00 (fixed),all
1002399,32041407592.38274,0.31878197502833683,0.269855513039965,0.17004633762684868,2.1140260104013233,1.7716804469808731,0.3115271532304221,0.2832262278823186,0.9527913959723068,0.1892789198712289,0.22366143621452136,0.4750563398407221,0.1343945873848637,0.8107210801287711,0.9999082201797886,0.5492159587830874,0.46655972322398565,1002307,0.26989647226919333,0.08687004133072708,0.057892062191087224,0.23194119413544217,0.21200441007810614,1002307.0,0.26989647226919333,0.23219204309014435,-0.07248664776890966,0.08661919237602489,0.342383120038103,QQQ,normal18m,RTH all,all
534720,20792901415.159,0.2669179063173815,0.2681064139223073,0.16983262994689804,1.7219303560744388,1.7524941388987616,0.2810106008645149,0.25129218767856704,1.066911058394094,0.1643607869539198,0.08296491621783363,0.7301484889287851,0.06362956313584679,0.8356392130460802,0.9998934021543986,0.49982699382601753,0.0,534663,0.26816365043634166,-0.01945504211398928,-0.11112423567178333,0.28640140433843875,0.379287886108125,534663.0,0.26816365043634166,-0.07552470489908439,-0.21224453417566186,0.34247106712353387,0.4804081846120035,QQQ,normal18m,RTH all,lit
467679,11248506177.223742,0.3780806709738937,0.27308872862839917,0.17491844427519754,2.562327918936176,1.8071464018540628,0.3464182021787348,0.3422564083598664,0.7979068381424119,0.2177690253357538,0.3845265662986792,0.183397159162588,0.21530365913372207,0.7822309746642462,0.9999251623442575,0.605682955410526,1.0,467644,0.2730990364478525,0.20843278583253266,0.3702643620336118,0.16967618193007925,-0.09716532558575942,467644.0,0.2730990364478525,0.5840082956886273,0.18581088300192583,-0.20589932792601567,0.08728815344592661,QQQ,normal18m,RTH all,offexchange_TRF
157557,5356300294.732787,0.4374277411964929,0.33091758112830355,0.17533554840560203,2.906467661862334,2.260962911382397,0.3759328596789998,0.34600192482783965,0.956403873455208,0.17929384286321776,0.18431424817685027,0.5307602962737296,0.12504046154724957,0.8207061571367822,0.9998921025406678,0.5107210867081377,0.3654360009393426,157540,0.33092569278855843,0.4465157610912695,0.5432462463727544,-0.009040817459885622,-0.2123205535841961,157540.0,0.33092569278855843,1.0573616106773376,0.5030197605006859,-0.6198866670459539,-0.17209406771212749,QQQ,normal18m,09:30-10:00,all
125410,3788021523.038692,0.35848675044234574,0.2792351322467154,0.17487561971531831,2.343370928953331,1.792916502186841,0.3385586035145978,0.31153950876463343,0.8963072881317156,0.1742365042660075,0.2279961725540228,0.44602503787576747,0.17148552746989873,0.8257634957339925,0.9999840523084284,0.5532023475376372,0.49754405549796665,125408,0.2792405534559613,-0.12980302228401666,-0.037806971313912745,0.48829548985362237,0.3170475247698741,125408.0,0.2792405534559613,-0.7078963068289136,0.05018662188328401,1.0663887743985194,0.2290539315726774,QQQ,normal18m,10:00-10:30,all
117282,3007333973.0450416,0.3624287380598558,0.2927773484163706,0.17494904609016707,2.47311705803133,1.9877675491991376,0.3341711275429941,0.29508820192713314,0.9921689396740667,0.14014938353711567,0.2660169505977047,0.39706860387783294,0.21219795023959345,0.8598506164628843,0.9999829470848042,0.5780781036834926,0.5615098651114409,117280,0.2927830461755445,0.09938975484950907,0.037133387735211236,0.2630451637822463,0.2556496584403332,117280.0,0.2927830461755445,0.4427823274843232,0.08790582435870392,-0.0803474088525676,0.20487722181684062,QQQ,normal18m,10:30-11:00,all
100893,2361122886.8659773,0.3015202358199924,0.2150141204830069,0.17470453096185162,2.0145430842577903,1.3860569782761982,0.2925890234187046,0.2531856150990567,0.8492351368338382,0.1460061649470231,0.29454967143409355,0.37017434311597436,0.20699156532167742,0.8539938350529769,0.9999801770192184,0.6085181036960681,0.6193293885601578,100891,0.21501519976986294,-0.09471502115067044,0.03553460284113102,0.3962412341189573,0.17948059692873192,100891.0,0.21501519976986294,0.17953432944411227,-0.4869281497272373,0.1219918835241746,0.7019433494971001,QQQ,normal18m,11:00-11:30,all
77950,1851948831.4965901,0.35829117957310386,0.36043377880101196,0.17463740907924008,2.2365922514433505,2.010470378475155,0.3312392864577703,0.3071715316317104,1.1733957795058998,0.1420269403463759,0.3442334830019243,0.3399230275817832,0.1891468890314304,0.8579730596536241,0.9999615137908916,0.625232529795887,0.6144066709429121,77947,0.36047509288725993,0.24498537112527843,-0.10565545124665694,0.11331959824776688,0.466130544133917,77947.0,0.36047509288725993,1.289217913016998,-0.7966971390438423,-0.9309129436439528,1.1571722319311022,QQQ,normal18m,11:30-12:00,all
89431,2897314287.4363604,0.40051370483896004,0.3376830100497091,0.17452768445378775,2.756446867417656,2.2403001557022453,0.3455545793416386,0.3422809605887408,0.9865667359028004,0.14897518757477832,0.3048495488141696,0.40629088347441045,0.15741745032483143,0.8510248124252217,0.9997763639006608,0.5811365491941708,0.5072961277409399,89411,0.33811775588503595,-0.22622294902489648,-0.4824804548629833,0.6268262432219186,0.8205982107480191,89411.0,0.33811775588503595,-0.5739674098621745,-0.9065811694054758,0.9745707040591969,1.2446989252905118,QQQ,normal18m,12:00-12:30,all
44406,1666279630.243231,0.2023115580647574,0.2086752800979183,0.16063095840446723,1.3567552357792245,1.4103672223051182,0.26962691611780226,0.24579673680810302,0.848974981554918,0.23199567625996487,0.1997703013106337,0.5361437643561681,0.0621988019636986,0.7680043237400351,0.9999774805206504,0.505551176669294,0.4304598477683196,44405,0.20867740941745772,0.09719798346771175,-0.043985744288848466,0.10511813065054973,0.25266315370630615,44405.0,0.20867740941745772,-0.290224680353798,-0.6367914753599295,0.49254079447205945,0.8454688847773874,QQQ,normal18m,12:30-13:00,all
39756,1485913227.1051898,0.20439154598570763,0.22227814433342316,0.1605948433030871,1.296254598048408,1.417442004217796,0.2820681107417687,0.2747509065480806,0.8090169642243752,0.232996277291478,0.19217225072944966,0.5477412214508501,0.05186638494818392,0.767003722708522,0.9999245396921219,0.5123638467537042,0.40071938826843745,39753,0.2222837183168826,0.15641920911605553,0.28917999464791694,0.0479877614825373,-0.06689627633103414,39753.0,0.2222837183168826,0.4585369045222718,0.5082987454907507,-0.25412993392367894,-0.286015027173868,QQQ,normal18m,13:00-13:30,all
57906,1988714697.52086,0.2510593157150312,0.27286422573930896,0.13527681017269308,1.6974500051813135,1.8514120168615589,0.25534257151115675,0.2334186779254514,1.1689905373658898,0.2958242669153456,0.14601250302213933,0.5024177114634062,0.08838462335509274,0.7041757330846544,0.9998100369564467,0.5308748596597288,0.42047456222153146,57895,0.2728669079865618,-0.0630463435199104,-0.3073282663873814,0.314153360288056,0.5801951743739433,57895.0,0.2728669079865618,-0.08555828579805068,-0.5522007154391773,0.3366653025661963,0.8250676234257389,QQQ,normal18m,13:30-14:00,all
42060,1654596070.4334497,0.18657390893041542,0.19090662365972913,0.1351561391296067,1.1688400951026217,1.2184515346952045,0.24514193847015234,0.22751611011744366,0.8390905749978903,0.24381835473133617,0.13601997146932954,0.6207560627674751,0.0396338563956253,0.7561816452686638,0.9997622444127438,0.5154815695600475,0.33642415596766523,42050,0.1909478761790891,0.15022798239741436,0.03675927148403202,0.036390296071352794,0.15418860469505707,42050.0,0.1909478761790891,-0.23850651014617244,-0.26830396439605425,0.42512478861493946,0.4592518405751433,QQQ,normal18m,14:00-14:30,all
36780,1399049262.3645692,0.197052460731646,0.2174713683839397,0.1571885701442353,1.2730683686787752,1.4118341255912181,0.26032317410169853,0.24532287045118276,0.8864700139207556,0.2517944535073409,0.15796628602501359,0.5761555193039696,0.042767808591625885,0.748205546492659,0.9995921696574225,0.5061607507139942,0.3755573681348559,36765,0.21748812453565808,-0.08037348766655114,-0.34615527603003066,0.2775063451589581,0.5636434005656887,36765.0,0.21748812453565808,0.31932002341477345,-0.12578506326901087,-0.12218716592236656,0.343273187804669,QQQ,normal18m,14:30-15:00,all
37770,1458805404.2814944,0.18765392852530116,0.22016713943099434,0.13894581807811401,1.2248659200424592,1.4543033035940542,0.23903576792065376,0.22330763588776517,0.9859364573706326,0.2666401906274821,0.14101138469684935,0.5897008207572147,0.03801959226899656,0.7333598093725179,0.9999205718824464,0.5096777610082877,0.36984379136881124,37767,0.2201775861772774,-0.011294851451227762,0.2597785754794473,0.19896368615875087,-0.03960098930216996,37767.0,0.2201775861772774,-0.46871346010033027,-0.12346188054644575,0.6563822948078535,0.3436394667237232,QQQ,normal18m,15:00-15:30,all
75198,3126007503.8184986,0.2016578222520628,0.19843877013588956,0.13513239596482376,1.3404471342326416,1.327396252904385,0.24286052186847884,0.21379095968777387,0.928190651399362,0.2365621426101758,0.1293784409159818,0.606877842495811,0.05716907364557568,0.7634378573898242,0.99996010532195,0.5010439523904515,0.32949014601452165,75195,0.19844140571707278,0.29543691875651523,0.25067799918659506,-0.09377105110962522,-0.05223659346952226,75195.0,0.19844140571707278,0.6824409829445548,0.6337723653495337,-0.48077511529766465,-0.43533095963246093,QQQ,normal18m,15:30-16:00,all
188414,7334057115.46663,0.5892546443646104,0.33826688415389716,0.17556025666893557,3.875827713439931,2.2863585934431017,0.41030439040772954,0.3599024780476812,0.9398848432187853,0.1884467183967221,0.18855286762130202,0.5181568248643944,0.11976286263228847,0.8115532816032779,0.9999150806203361,0.5140288113461926,0.3517413780292335,162217,0.3536080190332319,0.1449577872799019,0.0933571863729355,0.49692567664861753,0.26025083266029647,,,,,,,QQQ,normal18m,open 09:30-09:35 (fixed),all
189718,9541234158.504684,0.18150884678158502,0.19776828366651736,0.13885513937571986,1.2105349244670893,1.3306240133215343,0.21065831783286976,0.202638837004029,0.9759643639416723,0.22119145257698267,0.062334622966719024,0.6870671206738422,0.05059614796698257,0.7788085474230173,0.9999894580377191,0.5100044276708343,0.23603980644957254,111174,0.1801858341647111,-0.12860739292736864,-0.1553751579236762,0.2957494502631831,0.33556099208838724,,,,,,,QQQ,normal18m,close 15:55-16:00 (fixed),all
488774,16313939791.333689,0.28916987359866,0.24913128768062653,0.1357754816633977,2.1410521402532345,1.844953437363033,0.2753722085703821,0.2516388164764972,0.9900352066863862,0.19621747474292822,0.24476547443194605,0.44874522785581883,0.1274740473102088,0.8037825252570717,0.9998731520089039,0.55719728592709,0.5175582170901071,488712,0.24919414844956742,-0.008307729027343006,-0.06709541458408211,0.29751428789697215,0.3162895630336496,488712.0,0.24919414844956742,-0.046476349913978525,-0.13394533020565824,0.33568290878360757,0.3831394786552257,QQQ,since_2026-07-15,RTH all,all
235805,10250875916.696,0.24836765938819538,0.2489519927011178,0.13536104173845412,1.8396174805455454,1.8443559028440035,0.2406305921379309,0.21641457351692356,1.150347634428833,0.14811390767795424,0.07691100697610313,0.7442632683785331,0.06554568393375883,0.8518860923220457,0.9998303683128008,0.4979365045702288,0.0,235765,0.24904418636187448,-0.08831036937898483,-0.23173113877019433,0.3367201669402316,0.4807753251320688,235765.0,0.24904418636187448,-0.05277589447928027,-0.2269719995678066,0.3011856920405271,0.47601618592968103,QQQ,since_2026-07-15,RTH all,lit
252969,6063063874.63769,0.327203648969945,0.24943442329414353,0.17323985599396594,2.4220343947285716,1.8459636942788689,0.30775659900104424,0.31119275674563535,0.8015431525548898,0.2410572046377224,0.4012309808711739,0.17327814870596792,0.18520055817115932,0.7589427953622776,0.9999130328222036,0.6124326439926151,1.0,252947,0.24944761022283654,0.06626055010822615,0.21116733327188278,0.26097155731454136,0.038280276950953686,252947.0,0.24944761022283654,-0.040604716234044165,0.02328577360591223,0.36783682365681186,0.22616183661692432,QQQ,since_2026-07-15,RTH all,offexchange_TRF
72391,2761331710.4774714,0.3916091459779831,0.32872742093525614,0.13730699785102063,2.8873465679438044,2.426585629398162,0.3303874443899497,0.30131875520257334,1.090962362147873,0.18433230650218949,0.17503557072011713,0.5544335621831443,0.09966708568744734,0.8156676934978105,0.9998066057935379,0.5020241236857013,0.36228260419112873,72377,0.32873426806650835,0.4569817662329081,0.5187983321688442,-0.06529687066540633,-0.19006406410233592,72377.0,0.32873426806650835,1.0928065627614252,0.5064109872688421,-0.7011216671939237,-0.17767671920233383,QQQ,since_2026-07-15,09:30-10:00,all
50482,1656107553.7150538,0.2933494223248899,0.21993410667777513,0.13632242981396456,2.1708967196231828,1.6262439191813676,0.27943128558460023,0.25127776616945646,0.8752629014118829,0.18824531516183987,0.2495741056218058,0.43504615506517175,0.14212986807178796,0.8117546848381602,0.9999801909591538,0.5556546027218161,0.557901826393566,50481,0.2199360692539226,0.296037997546234,-0.0937113644180836,-0.002682764135581839,0.3136474336720061,50481.0,0.2199360692539226,-0.5908948928604852,-0.05223981463461068,0.8842501262711374,0.27217588388853325,QQQ,since_2026-07-15,10:00-10:30,all
60731,1527583869.1502562,0.3537292813219993,0.31507420110597034,0.2373791187287018,2.620974704846107,2.3332165816869246,0.3077189679604369,0.27341862643907566,1.1523509031166044,0.1306746142826563,0.30123001432546803,0.35828489568754013,0.21664388862360245,0.8693253857173437,1.0,0.596499316658708,0.6087994599133886,60731,0.3150742011059485,-0.4816783190407751,-0.2895726905961569,0.835407600362753,0.6046468917021054,60731.0,0.3150742011059485,-1.587577650782832,-0.15544239404230517,1.94130693210481,0.47051659514825395,QQQ,since_2026-07-15,10:30-11:00,all
45819,844392661.4010882,0.2889507576064706,0.21238263239219735,0.20487107947949895,2.141669076147605,1.5739560516489102,0.28387828699683826,0.23752197513856105,0.8941599288583787,0.13105916759422948,0.3733385713350357,0.288701193827888,0.21722429559789608,0.8689408324057706,0.9999563499858137,0.659929720409455,0.7377070647547961,45817,0.21238561342648324,-0.159485313501775,0.30556038063654206,0.4484486843634618,-0.0931747672100589,45817.0,0.21238561342648324,0.8670889895953305,0.15576063286735983,-0.5781256187336438,0.0566249805591229,QQQ,since_2026-07-15,11:00-11:30,all
40081,775130117.4875185,0.25860705073459556,0.19075899096171975,0.2041803234622329,1.914717347371689,1.4104074119801235,0.2742725420972683,0.23682794065809898,0.8054750230552926,0.12554576981612237,0.41832788603078763,0.26952920336318953,0.19283451011701305,0.8744542301838777,1.0,0.6682717497068437,0.7319178663207005,40081,0.19075899096168128,0.1962151601469195,-0.3127878570753684,0.06239189058764919,0.5035468480370497,40081.0,0.19075899096168128,0.40246198447149895,-0.46796066712140244,-0.14385493373693,0.658719658083084,QQQ,since_2026-07-15,11:30-12:00,all
51557,1744294818.2986786,0.4139094949296828,0.32523421587574236,0.20413096613104456,3.0661233159419536,2.4077865225720774,0.3214092385326196,0.35178741661598717,0.9245191854908489,0.1400585759450705,0.34559807591597647,0.37261671547995423,0.1531314855402758,0.8599414240549295,0.9996508718505731,0.5844506102175052,0.5491785790484318,51539,0.325921575273388,-0.6158715194096575,-0.7799053439658452,1.0299255722645424,1.1058269192392336,51539.0,0.325921575273388,-0.9136860442139567,-0.9572872403577214,1.3277400970688416,1.2832088156311094,QQQ,since_2026-07-15,12:00-12:30,all
24713,993837058.175097,0.19372866461458793,0.20016865677187182,0.135291451609507,1.4360479504716626,1.4833716094255873,0.2519853775283678,0.22673006975218127,0.8828500647958103,0.24497228179500669,0.20450774895803828,0.5162869744668798,0.06126330271517015,0.7550277182049934,0.999959535467163,0.495670119779864,0.4782098490672925,24712,0.20017208130686773,-0.16952515353603287,-0.32699985534067955,0.3632616576077007,0.5271719366475472,24712.0,0.20017208130686773,-0.4297199885231473,-0.5010592645943795,0.6234564925948151,0.7012313459012476,QQQ,since_2026-07-15,12:30-13:00,all
18019,707122130.5891399,0.18338100510740474,0.20918633258436647,0.1353482171254868,1.3592761973476428,1.5507000121125025,0.26260506526421395,0.2596343669447018,0.8056958523865987,0.25301071091625504,0.19507186858316222,0.5292191575559132,0.03784893723292081,0.746989289083745,1.0,0.48609800765858263,0.4454742216549198,18019,0.20918633258428876,0.4717727702360284,0.897247368041301,-0.28839176512867376,-0.6880610354570121,18019.0,0.20918633258428876,0.5778850857807603,0.6421413934636494,-0.39450408067340564,-0.43295506087936064,QQQ,since_2026-07-15,13:00-13:30,all
30982,1097137032.477697,0.2662699227704136,0.2947610578585722,0.13416605732903425,1.9811083855149205,2.192470878920386,0.24013396760878508,0.22095936442086425,1.3340057282982445,0.33819637208701825,0.14508424246336582,0.4591052869408043,0.09237621844942225,0.6618036279129818,0.9999354463882254,0.5386701097482247,0.45229488089858627,30980,0.2947616569976163,-0.25155324582754657,-0.7469348955043013,0.5178403583927886,1.0416965525019175,30980.0,0.2947616569976163,-0.45379112410735933,-1.5332903446378086,0.7200782366726013,1.8280520016354251,QQQ,since_2026-07-15,13:30-14:00,all
21666,913444032.4806848,0.14877742737145583,0.15745724880662276,0.13502292014057107,1.10264720760672,1.167074131008016,0.1999025681533124,0.19308397974935299,0.815485826483491,0.2626696206037109,0.12041908981814825,0.6261423428413182,0.0318009784916459,0.7373303793962891,0.9997230684021047,0.5362419205909511,0.3568263638881196,21660,0.1574878212621842,0.08756603694242422,-0.044841828120099216,0.06125260301275495,0.20232964938228334,21660.0,0.1574878212621842,-0.28106346279006267,-0.1833666611303604,0.42988210274524186,0.3408544823925445,QQQ,since_2026-07-15,14:00-14:30,all
18332,736821488.0716333,0.1893867475201609,0.21314207279000602,0.13498282343559503,1.404306927776632,1.580737105497865,0.23210429189075973,0.21700128313201705,0.9822157257030448,0.287148156229544,0.1538839188304604,0.5219834169757801,0.05754963997381628,0.7128518437704561,0.9993454069386865,0.4950873362445415,0.43606807767837663,18320,0.21315514568710686,-0.2945574444277003,-0.8491545714026296,0.48406824440252555,1.0623097170897366,18320.0,0.21315514568710686,0.24922609562759362,-0.6821030049387744,-0.0597152956527683,0.8952581506258812,QQQ,since_2026-07-15,14:30-15:00,all
16499,673423596.4606981,0.184980515914695,0.23468881073055298,0.1343426947799924,1.3753855263955495,1.7455869672100737,0.20054143769503358,0.18065457232575743,1.2991025231698021,0.3115340323655979,0.12788653857809565,0.5433056548881751,0.04842717740469119,0.688465967634402,0.9998181707982302,0.4752061105722599,0.4487544699678768,16496,0.2347129349905082,0.09262007870873888,0.1355043468925448,0.0923940781823816,0.09920858809796339,16496.0,0.2347129349905082,0.07151219122223464,0.031301667541479325,0.11350196566888575,0.20341126744902893,QQQ,since_2026-07-15,15:00-15:30,all
37502,1883313722.5486727,0.15106306598912803,0.15259232917542997,0.13468285554578077,1.121734936803682,1.1340407210712065,0.18715136496010268,0.17646714966684818,0.8647067143290329,0.2580929017119087,0.10068796330862353,0.6297797450802624,0.04215775158658205,0.7419070982880913,0.9999200042664391,0.48894637190325074,0.35112793984320834,37499,0.15259569315792035,0.3682978078508856,0.26442862674077033,-0.21722265649422884,-0.11183293358284993,37499.0,0.15259569315792035,0.807371618634359,0.5381797884213311,-0.6562964672777025,-0.3855840952634113,QQQ,since_2026-07-15,15:30-16:00,all
88694,3698190878.3356547,0.5026010443484247,0.3229169985396468,0.21980445192532055,3.7090513766436697,2.382549371041096,0.3839793196845246,0.33400333211272226,0.966807715650771,0.17143211491194443,0.18801722777188987,0.5328094346855481,0.12049293075067084,0.8285678850880556,0.999842153922475,0.5171628326567433,0.3805330687532415,76966,0.3429763627055622,-0.11562261601982009,-0.23403145087205252,0.6648041718783917,0.5770078135776148,,,,,,,QQQ,since_2026-07-15,open 09:30-09:35 (fixed),all
97239,5035070079.130221,0.16917270850584756,0.18582841143878412,0.13483176366676203,1.2572799473463903,1.38043562019529,0.1966653551421517,0.19183024905126198,0.968712767448506,0.23419615586338816,0.062001871677002024,0.6667386542436676,0.05075124178570327,0.7658038441366118,0.9999794321208568,0.5136007898228041,0.2690175752527278,57609,0.16150924429892835,0.1605606442645869,0.15520518017053309,-0.011819329242566656,0.006304064128395256,,,,,,,QQQ,since_2026-07-15,close 15:55-16:00 (fixed),all
374421,12724020618.7801,0.37653174840741055,0.374696698560392,0.29399226800308415,1.1797795529634194,1.1718594931173993,0.43532848112241374,0.4385951535138131,0.8543110783566634,0.22830450215132164,0.11002053837792218,0.629016534863162,0.056508582584844334,0.7716954978486784,0.9998157154646775,0.5054440740265846,0.22569781075313616,374352,0.3747248819490763,0.1294706961505952,0.16493389111260268,0.24713045402467265,0.2097909908364736,374352.0,0.3747248819490763,0.2761479051081553,0.6401325732103365,0.10045324506711259,-0.26540769126126007,QQQ,y2022,RTH all,all
289915,8113688915.322,0.33636279056521257,0.37409495919034386,0.2941911948572703,1.0647927840922002,1.179288230835864,0.4208757613968274,0.4075851217266249,0.9178327157909764,0.2247210389252022,0.02139247710535847,0.7337288515599399,0.05069416898056327,0.7752789610747978,0.9997999413621234,0.5066774305950865,0.0,289857,0.37413067276113904,0.04696773602337043,0.16990083732610398,0.2894623602885474,0.20422983543503498,289857.0,0.37413067276113904,0.1698934594451824,0.6511550116914238,0.16653663686673542,-0.27702433893028483,QQQ,y2022,RTH all,lit
84506,4610331703.4581,0.5143395184216205,0.37575569525969876,0.2908710132489101,1.5742650226022556,1.1587857121493332,0.4849114721436826,0.49316948077680983,0.7619200090561805,0.24059830071237545,0.4140771069509857,0.26977966061581427,0.07645610962535204,0.7594016992876246,0.9998698317279247,0.501213089531925,1.0,84495,0.37577056789930074,0.41249407639317753,0.1561930874084239,0.10191240143069728,0.21957748049087675,84495.0,0.37577056789930074,0.640649885776033,0.6207353486455356,-0.12624340795215802,-0.2449647807462349,QQQ,y2022,RTH all,offexchange_TRF
69769,2148928693.8157005,0.38436052074850996,0.3875302276035342,0.2878070541506355,1.233066834841057,1.2198773765189554,0.4761374121269041,0.48221638174230247,0.8036438459501181,0.23639438719201938,0.10139173558457194,0.6246470495492268,0.059711333113560465,0.7636056128079807,0.9998996689073945,0.5251712966944755,0.1769840473562757,69762,0.3875340285836026,0.10881480558239748,0.10357509442878139,0.2755842823464982,0.28395893415482104,69762.0,0.3875340285836026,0.7357220586295921,2.1059390174336357,-0.3513229707006963,-1.7184049888500332,QQQ,y2022,09:30-10:00,all
34161,1091278242.0140002,0.3503433777859181,0.4139441142952477,0.29071880223827035,1.0877813881329692,1.2696065943546393,0.45724921729824525,0.46509988521280105,0.8900112157754079,0.22546178390562338,0.11267234565732853,0.6400573753695735,0.049471619683264544,0.7745382160943767,0.9998536342612921,0.49982433540227195,0.20918591376130674,34156,0.4139806070433903,0.144825327267839,0.45560858394835513,0.2055693362917412,-0.0416279769049649,34156.0,0.4139806070433903,-0.07975957434091888,-0.29715175381383097,0.4301542379004992,0.7111323608572209,QQQ,y2022,10:00-10:30,all
35458,1221296816.9805999,0.36104708393243096,0.3716591920836659,0.29114200451243627,1.1302239268996683,1.1611949757805584,0.4447751135263269,0.45095907727189116,0.8241528130047729,0.21512775678267246,0.11001748547577415,0.6418015680523436,0.05947882001240905,0.7848722432173275,0.9998025833380337,0.5054864460805055,0.21896328050087427,35451,0.37171962682770243,0.21320077508838933,0.2366085241740873,0.1479175996280462,0.13511110265361517,35451.0,0.37171962682770243,0.5140477760433521,0.3001936887253856,-0.15292940132691638,0.07152593810231672,QQQ,y2022,10:30-11:00,all
23870,770730216.6822,0.34141182779868995,0.4071189582082646,0.2910572655167257,1.0632174277338873,1.2504028225251884,0.44194221127506933,0.43552746485817884,0.9347721809939933,0.22387934645999163,0.12128194386258902,0.6217846669459572,0.05391705069124424,0.7761206535400084,0.9998324256388772,0.48043241431324896,0.24872224549643904,23866,0.40713766837444487,-0.2816116651356546,-0.17288054770651093,0.623080714391998,0.5800182160809558,23866.0,0.40713766837444487,-0.7540709593825868,-0.947982422197394,1.0955400086389302,1.3551200905718395,QQQ,y2022,11:00-11:30,all
21748,700396719.0522001,0.32284860446393804,0.32728983302369236,0.2925131265262868,1.0333630678686707,1.0496609259960505,0.426250848694971,0.4255720635466402,0.7690585474434539,0.23284899760897554,0.12299981607504139,0.612929924590767,0.05609711237814972,0.7671510023910245,0.9998620562810373,0.5186939526327892,0.2625988596652566,21745,0.3273111628620156,0.04514610810064236,-0.3067586536624696,0.277747037444508,0.6340698165244854,21745.0,0.3273111628620156,0.2588944472983986,-0.48536617917224384,0.06399869824675174,0.8126773420342596,QQQ,y2022,11:30-12:00,all
20604,673049880.2463,0.3184537334458234,0.33882446695873314,0.29403549008338564,1.006050281498981,1.0777856924715723,0.4240220462362812,0.4165850378239495,0.813338061128162,0.24645699864104056,0.12589788390603765,0.5968743933216851,0.05013589594253543,0.7535430013589595,0.9999029314696175,0.484613144354917,0.2498058629392351,20602,0.33885886989283126,-0.13325581205936857,-0.03748046780343856,0.4517404603418477,0.37633933769626987,20602.0,0.33885886989283126,-0.49626636391505274,0.77557171481504,0.8147510121975319,-0.43671284492220885,QQQ,y2022,12:00-12:30,all
20423,740432021.0095999,0.30609667129848533,0.31222068878884807,0.2941652326108901,0.9825392939337407,1.000050056382979,0.3983191546544535,0.3968418042666311,0.7867636056282831,0.23052440875483524,0.11629045683787886,0.6298291142339519,0.05058022817411742,0.7694755912451647,0.9997062135827254,0.4796982906401528,0.24991431229496155,20417,0.31226398463951105,0.3678318335557734,0.6063182853546891,-0.061645208785875656,-0.29405430071517785,20417.0,0.31226398463951105,-0.4116024312393385,0.7721285043352076,0.7177890560092363,-0.4598645196956967,QQQ,y2022,12:30-13:00,all
18056,680008095.4774001,0.3222333346700023,0.3493084061320778,0.2955475757707409,1.0051495347808475,1.0733197082868038,0.41242928922058963,0.43199161403636044,0.8085999699583908,0.23310810810810811,0.13003987594151528,0.6117634027470094,0.048626495347806824,0.7668918918918919,1.0,0.5125719982277359,0.2781346920691183,18056,0.34930840613182224,0.2017675593340057,0.44737434930974934,0.12046577533590545,-0.09806594317792718,18056.0,0.34930840613182224,0.7657958296067411,1.0370648594661744,-0.44356249493683,-0.6877564533343525,QQQ,y2022,13:00-13:30,all
17518,671089738.1876,0.3377274541311827,0.4379629164561919,0.29563494996351586,1.0503447882181,1.3261008260767804,0.41312509490018645,0.4231765165779681,1.0349414471242273,0.22205731247859345,0.10223769836739353,0.6432241123415915,0.05594245918483845,0.7779426875214066,0.9998858317159494,0.5126170358529345,0.22154355520036534,17516,0.43796543874097227,-0.014805054792023913,-0.5555249024779478,0.352571071089596,0.9934903412189201,17516.0,0.43796543874097227,-0.7442728929239771,-0.6505624049896656,1.0820389092215494,1.0885278437306378,QQQ,y2022,13:30-14:00,all
22881,889228054.3769,0.34196061140803546,0.3678798276674588,0.29751721880876797,1.0581277042090966,1.1285221612946184,0.4565292354172579,0.46504482153089954,0.7910631634525476,0.25243651938289413,0.12586862462304968,0.5875617324417639,0.056815698614571045,0.7475634806171059,0.9997814780822516,0.49750830564784054,0.24977055198636422,22876,0.3679283577030733,-0.046062000218622556,0.5100253647821877,0.3880973538479573,-0.14209700707911443,22876.0,0.3679283577030733,0.006829947031918909,-0.5529265402005802,0.3352054065974159,0.9208548979036538,QQQ,y2022,14:00-14:30,all
22488,805890053.7167,0.8726602107070411,0.42212555253516343,0.29815590572283146,2.6039158662400386,1.3459098386771426,0.42762659714462903,0.4340545095015162,0.9725173758013655,0.21673781572394166,0.1200640341515475,0.6244219139096407,0.059231590181430094,0.7832621842760583,0.9999110636784062,0.48954905274392957,0.2524457488438278,22486,0.42212676084661316,0.886011101094918,0.4777432573081206,-0.013273272295769608,-0.05561649646150745,22486.0,0.42212676084661316,1.4907759365135411,1.3695758436313974,-0.6180381077143925,-0.9474490827847843,QQQ,y2022,14:30-15:00,all
33924,1199709641.5479,0.3454830162936944,0.37990439085011035,0.2992802310440662,1.0957157174863579,1.1961885741653824,0.40201998733147476,0.4055006043911763,0.9368774959546696,0.20917344652753214,0.08684117438981252,0.6628345713948827,0.06488032071689659,0.7908265534724679,0.999705223440632,0.49743468773957655,0.2167492041032897,33914,0.3799374165344968,-0.06471384744086434,-0.08076880385550968,0.41029873405830236,0.46070622039000625,33914.0,0.3799374165344968,0.12816093315126725,1.8973492050240113,0.21742395346617063,-1.5174117884895144,QQQ,y2022,15:00-15:30,all
33521,1131982445.673,0.3134664270582059,0.3290404003350375,0.29923545341624863,0.9944130545035419,1.0405245476442262,0.3970792696627485,0.3980761661515183,0.8265764904141386,0.22732018734524626,0.09444825631693565,0.6472062289311178,0.05754601593031234,0.7726798126547537,0.9995226872706662,0.5243694970899866,0.2297365830374989,33505,0.3290873074984728,0.2772117894230772,0.30149923389526184,0.03640433060124042,0.027588073603211253,33505.0,0.3290873074984728,0.8575376179423386,0.3505905181531204,-0.5439214979180211,-0.02150321065464753,QQQ,y2022,15:30-16:00,all
88488,2701347446.9558997,1.1004061779035754,0.46957411119118186,0.34054725944561987,3.209096148630654,1.4482373734190697,0.6008146412067457,0.5956401044014392,0.788352073208802,0.1972244824156948,0.138357743422837,0.6028388030015369,0.07671096645872887,0.8027755175843052,0.9999095922610975,0.5350926763110307,0.18035213814302503,73172,0.4864118800156954,2.519561302311177,0.45943832748201185,-1.2801186965803195,0.026973552533683838,,,,,,,QQQ,y2022,open 09:30-09:35 (fixed),all
74832,3320963464.9947,0.3153231365863494,0.3459414093637931,0.29923545341624863,0.9966647958094461,1.0984317490160371,0.36611192168519135,0.36247484559383036,0.954387355616495,0.18697883258499037,0.05502993371819542,0.7262534744494334,0.05357333760957879,0.8130211674150096,0.9998797305965362,0.5244644026569371,0.16101400470387,47145,0.33701726975034685,0.09456498459559928,-0.06577695832510987,0.21762312922733512,0.4027942280754566,,,,,,,QQQ,y2022,close 15:55-16:00 (fixed),all
289583,11077791088.350601,0.3118255289442866,0.32039246562298657,0.2691971195905755,1.0665924449987323,1.0989498039876107,0.3519420518185899,0.3484777017251125,0.9194059305284323,0.2049429697185263,0.11236847466874782,0.6749774675999627,0.045171850557525824,0.7950570302814737,0.9997928055168984,0.5075555309940833,0.26441814609283004,289523,0.3204702216176558,0.09761598319636587,0.04047085063820506,0.2142741676664381,0.2799993709794507,289523.0,0.3204702216176558,0.5133432648366473,0.4047400409321729,-0.20145311397384344,-0.08426981931451712,QQQ,y2023,RTH all,all
213012,7326368243.882,0.2911629089017393,0.3095598736306341,0.269727170966322,0.9917497605770871,1.0605967916315677,0.3439452699885174,0.3327078184874476,0.9304256059805013,0.20398381311850974,0.014276191012712899,0.7931947495915723,0.03879124180797326,0.7960161868814902,0.9997371040129195,0.5015918781344503,0.0,212956,0.30967037530773217,0.0074427935211738554,-0.14380256878106154,0.2837966810696404,0.4534729440887937,212956.0,0.30967037530773217,0.46801438922793315,0.10068525580070314,-0.17677491463711878,0.2089851195070289,QQQ,y2023,RTH all,lit
76571,3751422844.4686003,0.36930663824811044,0.3415480541188881,0.2633594453308096,1.2747964634133213,1.1738515955030193,0.3741882088648268,0.3792756086932675,0.9005273376150827,0.20761123663005576,0.3852502905799846,0.34611014613887764,0.06292199396638413,0.7923887633699442,0.9999477609016468,0.5241422544960622,1.0,76567,0.3415547460309067,0.34841491459592694,0.4002275822584176,0.020911016905766407,-0.05867283622751075,76567.0,0.3415547460309067,0.6394165866871748,0.9983457605042642,-0.27009065518548153,-0.6567910144733572,QQQ,y2023,RTH all,offexchange_TRF
51967,1938653590.4837,0.3752115292603355,0.32957893123170023,0.27045666608043123,1.3287567109898448,1.166017540345544,0.3586705851119075,0.35341388651227956,0.9325579548789146,0.20253237631573884,0.08041641811149383,0.6845305674755133,0.06136586680008467,0.7974676236842612,0.9999807570188773,0.5019820651964746,0.22533530894606194,51966,0.3295852934154101,-0.02047994302700956,-0.024936149227453838,0.395698692614578,0.354521442642864,51966.0,0.3295852934154101,0.44376826228388033,0.6519940125665741,-0.06854951269631189,-0.32240871915116404,QQQ,y2023,09:30-10:00,all
29273,1088703008.9055,0.2844848127424376,0.28114348058381683,0.2688786416248579,0.9955815939604166,0.990233346111315,0.33038793429818825,0.33213100898658743,0.8464836855843543,0.18378710757353192,0.1118778396474567,0.6936426058142315,0.04570764868650292,0.8162128924264681,0.999453421241417,0.538811224664183,0.3284596727359683,29257,0.2814141308622376,-0.33889448830771074,-0.2695207731710674,0.6235348794417105,0.5509349040333049,29257.0,0.2814141308622376,-1.2959112957701828,-1.3794216497844145,1.5805516869041825,1.660835780646652,QQQ,y2023,10:00-10:30,all
20899,843707304.3768001,0.2625667194914826,0.2736796261174477,0.2670262620326281,0.9178104215514699,0.9609046347193085,0.3237067085702899,0.3185671700708298,0.8590955121226025,0.20345471075171062,0.12488635819895688,0.6730465572515432,0.037418058280300495,0.7965452892482894,1.0,0.4584908368821475,0.2885305517010383,20899,0.2736796261174037,0.03073975482358766,-0.039731943232696666,0.23182696466783081,0.31341156935010034,20899.0,0.2736796261174037,-0.44527771948018624,-0.9029922535912805,0.7078444389716047,1.1766718797086841,QQQ,y2023,10:30-11:00,all
18240,659350138.1076999,0.25241374344026385,0.27514217870928587,0.2691101871658904,0.8634462719300809,0.95583369624948,0.31637947544420253,0.3090957681859072,0.8901518785718224,0.21535087719298246,0.11162280701754386,0.687609649122807,0.03382675438596491,0.7846491228070176,0.9996162280701755,0.4614161136401031,0.275,18233,0.2752407916012259,-0.0984006279594499,0.1632747254075196,0.3509112778990678,0.1119660661937063,18233.0,0.2752407916012259,-0.33551515104169416,-0.2108747790585508,0.5880258009813121,0.4861155706597766,QQQ,y2023,11:00-11:30,all
14033,545842796.751,0.24151508564631516,0.24978172860673437,0.2666844456294661,0.8481949690017507,0.872975439996541,0.30699666507104223,0.3032931581574532,0.8235653257864174,0.21207154564241432,0.134540012826908,0.6828190693365638,0.02821919760564384,0.7879284543575857,0.9997862181999573,0.5073414112615823,0.3030000712606,14030,0.24981302216811868,0.006552657286392813,-0.09815338979953026,0.2350140709298596,0.347966411967649,14030.0,0.24981302216811868,0.18077707693629,-0.2633094645520949,0.06078965127996233,0.5131224867202134,QQQ,y2023,11:30-12:00,all
12538,468018521.3232,0.27047169595661213,0.25017155764179627,0.2667413542456129,0.9523672037010041,0.8867383598678233,0.32533979452780426,0.3175970155447982,0.7877012232393245,0.22531504227149465,0.14340405168288403,0.6331153293986281,0.03214228744616366,0.7746849577285053,0.999680969851651,0.5134833253550343,0.33195086935715423,12534,0.25024925803075454,0.08142291672846455,-0.10022361316367293,0.18913509539082937,0.3504728711944274,12534.0,0.25024925803075454,-0.25608002292810694,-0.10450047467568672,0.5266380350474009,0.3547497327064414,QQQ,y2023,12:00-12:30,all
12133,471630545.39779997,0.44111630945295405,0.25993615658765656,0.26671289690188715,1.4620209346413506,0.9130494155517703,0.3329697330796336,0.32872837341268335,0.7907323419914669,0.21420918157092228,0.13393225088601335,0.6527651858567544,0.03445149592021759,0.7857908184290777,0.9995054809198055,0.49369176218355737,0.31492623423720434,12127,0.2600810106076605,0.26414459821599023,-0.03735353525910297,0.17718995959646425,0.29743454586676343,12127.0,0.2600810106076605,0.29957791088563135,-0.5506608292328145,0.14175664692682316,0.8107418398404751,QQQ,y2023,12:30-13:00,all
18350,682734765.9756,0.3460712154007206,0.38158639457482874,0.26993831909384153,1.1321525885561787,1.238989957871027,0.4452116301524011,0.4517436338903491,0.8446967836351413,0.20708446866485014,0.16070844686648503,0.6188010899182561,0.045231607629427795,0.7929155313351499,0.9997275204359674,0.5260288907059144,0.27749318801089917,18345,0.3816561044451501,1.5618113651196543,0.9030864627246731,-1.2156458266840262,-0.5214303582795233,18345.0,0.3816561044451501,5.370504144587329,2.8240336574351894,-5.0243386061517,-2.4423775529900396,QQQ,y2023,13:00-13:30,all
16596,572918019.8578,0.3429906879900739,0.3679169073709619,0.3136516897981936,1.0962798264645621,1.169548198508827,0.42533056855196205,0.4355071614266218,0.8448010502645933,0.21221981200289225,0.12954928898529766,0.6408773198361051,0.053326102675343455,0.7877801879971077,0.9995782116172571,0.5012960395442764,0.2393347794649313,16589,0.36819286531685175,0.8298536828082022,1.1706903779589044,-0.4867182642849875,-0.8024975126420528,16589.0,0.36819286531685175,1.3121875247533215,3.826754254887292,-0.9690521062301075,-3.4585613895704412,QQQ,y2023,13:30-14:00,all
19875,758972103.3306,0.32764063765904206,0.35000827986371885,0.2699747573599413,1.0900316981134544,1.1613666128577673,0.3814501261178754,0.3885269691963229,0.900859676711038,0.18842767295597485,0.117937106918239,0.684377358490566,0.04669182389937107,0.8115723270440252,0.9998993710691824,0.5092336335731897,0.2388930817610063,19873,0.3500400037024713,0.1768737001884929,0.011316588537120973,0.15079991091562747,0.33872341516535037,19873.0,0.3500400037024713,0.5000893699822292,-0.04422919347463415,-0.1724157588781088,0.3942691971771052,QQQ,y2023,14:00-14:30,all
24644,1025015376.1620001,0.26851863421710853,0.2701358760998477,0.2671475322244281,0.9264794676192224,0.9361897484788969,0.32938828822224814,0.3236797512534352,0.8345776189389628,0.202199318292485,0.10972244765460153,0.6940837526375588,0.036844668073364714,0.7978006817075151,0.9997971108586269,0.5338690693615812,0.25499107287777956,24639,0.2701723344527496,-0.14549553442186608,-0.0033486752774198594,0.4140686592095823,0.2735210097301695,24639.0,0.2701723344527496,0.19723586112706837,0.10466742072541446,0.07133726366064783,0.16550491372733503,QQQ,y2023,14:30-15:00,all
22032,807822765.9433,0.3184081203602808,0.43502123477508414,0.31572134434119703,1.0572730573714502,1.4184661491819939,0.36815011095758876,0.35992430952687154,1.2086464383217936,0.21010348583877997,0.1087962962962963,0.6710239651416122,0.04933732752360203,0.7898965141612201,0.9998638344226579,0.5298016251305098,0.2398329702251271,22029,0.4350710150184358,-0.19273763322318482,-0.6201623360134936,0.5111891157133522,1.0552333510319294,22029.0,0.4350710150184358,2.5227668944398087,1.4695984648294196,-2.2043154119496413,-1.0345274498109842,QQQ,y2023,15:00-15:30,all
29003,1214422151.7356,0.27797551170684753,0.3710491413248822,0.26971262120186384,0.9447250284455301,1.2922951141991672,0.33116096399398326,0.3264683217349751,1.1365548098295968,0.21321932213908906,0.0891287108230183,0.6914457125124988,0.04482294935006723,0.786780677860911,0.9999655208081922,0.5052065374801737,0.22704547805399442,29002,0.3710604750539746,-0.06981911828484698,0.03523225877195448,0.34780421469308276,0.33582821628202,29002.0,0.3710604750539746,-0.5075426626215281,0.570405503418646,0.7855277590297639,-0.19934502836467155,QQQ,y2023,15:30-16:00,all
57179,2299234927.5263,0.41426254938917445,0.32276290932179463,0.2706030388718804,1.4448084086817843,1.138022063184512,0.4090262706424737,0.40241072370816394,0.8020733303217549,0.2163731439864286,0.09685374000944402,0.6491194319592858,0.05909512233512303,0.7836268560135714,1.0,0.49908183074205564,0.22013326570943878,47940,0.3255324438591688,0.1557695457637535,0.06235476686421113,0.27687012579770104,0.2631776769949577,,,,,,,QQQ,y2023,open 09:30-09:35 (fixed),all
67998,3576912837.1113,0.260267585968181,0.2827703212400492,0.2699820461936826,0.8848013176860581,0.9726471022149825,0.3106919882147661,0.2995368530818206,0.944025145255861,0.21768287302567724,0.05131033265684285,0.720212359187035,0.04157475219859408,0.7823171269743228,0.9999705873702168,0.5006323901405965,0.18952028000823554,44499,0.2768185226840931,-0.30936816786850985,-0.31297365725821585,0.5672003765717528,0.5897921799423089,,,,,,,QQQ,y2023,close 15:55-16:00 (fixed),all
280947,10620102158.9822,0.32198546214720414,0.3167083761675262,0.23421123511273534,1.4902029920236866,1.4724082997148067,0.3707177766796474,0.35455116942750536,0.8932656368865345,0.19596578714134694,0.17680203027617308,0.5848434046279192,0.06788468999491007,0.8040342128586531,0.9998967776840472,0.541485415672901,0.350464678391298,280918,0.3167284917831274,0.013709084007509304,-0.1387294424107205,0.3083096176557919,0.4554579341938479,280918.0,0.3167284917831274,-0.19841727903661835,-0.9385837273990429,0.5204359806999195,1.2553122191821702,QQQ,y2024,RTH all,all
182485,6877328407.681,0.299448533178125,0.31222038519316025,0.23418929520710308,1.380650464421966,1.4481276917719628,0.34307056634934946,0.3236651181048813,0.9646402028778014,0.18440419760528262,0.08216017754883963,0.7175219881086117,0.05484834369948215,0.8155958023947174,0.9998794421459298,0.5177762066829987,0.0,182463,0.3122455009169388,-0.1324502335195989,-0.14977145642537643,0.43193487192299723,0.4620169573423152,182463.0,0.3122455009169388,-0.21883942290705274,-0.7198994833605045,0.5183240613104512,1.0321449842774433,QQQ,y2024,RTH all,lit
98462,3742773751.3012,0.36375438297881835,0.3249550375668942,0.2342661028660327,1.693242672300342,1.5170237977002337,0.42195786094692234,0.41130413721999604,0.7900602210404806,0.21739351221791148,0.35220694277995573,0.33894294245495726,0.09204566228595804,0.7826064877820885,0.9999289065832504,0.5854248133665126,1.0,98455,0.3249655698887309,0.2845807264223053,-0.11844077027268944,0.07919951893701602,0.4434063401614202,98455.0,0.3249655698887309,-0.16056967721821322,-1.3403956543864712,0.5243499225775343,1.665361224275202,QQQ,y2024,RTH all,offexchange_TRF
41173,1665742490.5363,0.30315714546900857,0.3089792465920618,0.23341308280307882,1.3874709154059288,1.4232767083091205,0.36370931460536077,0.3587052180517233,0.8613737159170868,0.19078036577368665,0.15583027712335754,0.6282029485342336,0.058412066159862046,0.8092196342263134,0.9999757122386029,0.5346109006120664,0.27061423748573094,41172,0.3089948130556925,0.27975591066048056,0.38878117646213506,0.023408597995715413,-0.07978636340644281,41172.0,0.3089948130556925,-1.3979800742335668,-2.1672975657422446,1.701144582889763,2.4762923787979374,QQQ,y2024,09:30-10:00,all
33326,1219716956.0457,0.3862845982757567,0.3773694992912907,0.23416187610473838,1.8149690932007247,1.7916722447981872,0.4187356922761168,0.40805265968948684,0.9248058806391682,0.17106763487967352,0.1864010082218088,0.5640640941007021,0.09452079457480646,0.8289323651203264,0.9999699933985476,0.5335333833458364,0.38171397707495647,33325,0.37739591632872305,-0.6371902540065552,-0.36772380400696053,1.023486443718048,0.7451197203356835,33325.0,0.37739591632872305,-3.3577065328816396,-2.9394978598573984,3.7440027225931325,3.316893776186121,QQQ,y2024,10:00-10:30,all
32548,1148486715.1672,0.37761943551937416,0.3172991232804898,0.2341070571596866,1.7617272950721574,1.488598445283689,0.41030660766780214,0.38310280028077653,0.8282349360222396,0.1692884355413543,0.18624800294948998,0.5764102248986113,0.08783949858670272,0.8307115644586457,0.9999078284379993,0.542172376709172,0.38681332186309453,32545,0.31731253256862924,-0.8456423889719872,-1.668365353591718,1.2232966334729085,1.9856778861603472,32545.0,0.31731253256862924,-1.522880873763487,-1.1195505968544468,1.9005351182644086,1.4368631294230763,QQQ,y2024,10:30-11:00,all
24979,835221298.2392,0.3635948771897295,0.31721965000595465,0.23380054475505663,1.6968069178113407,1.4779366532076144,0.4173939138058171,0.38031272018782675,0.8341021300820229,0.1604547820168942,0.20825493414468152,0.5713199087233276,0.08363024940950399,0.8395452179831058,0.9999199327435045,0.5806141650318293,0.4404900116097522,24977,0.31723687660774824,-0.3101543371634315,-0.1077862502439536,0.6737783287285055,0.425023126851702,24977.0,0.31723687660774824,-0.7250072844450018,-1.294754896724286,1.088631276010076,1.6119917733320337,QQQ,y2024,11:00-11:30,all
17741,535233559.24180007,0.33423766883889844,0.27656972511778416,0.23422220660719542,1.557123048306326,1.282826231444725,0.4005896236580061,0.33320083577277537,0.8300391098250111,0.17710388365932023,0.21706780902993067,0.5687954455780395,0.06724536384645736,0.8228961163406798,0.9997745335663153,0.6126176918306365,0.5070176427484359,17737,0.27662040310843306,1.103059006217723,-0.016641260642894527,-0.7687459610088448,0.2932616637513276,17737.0,0.27662040310843306,3.992182897175341,-0.6784868557404,-3.657869851966462,0.9551072588488326,QQQ,y2024,11:30-12:00,all
15157,596166525.4757,0.2421924120031272,0.26253437798757007,0.23431001558406675,1.110096984891745,1.204807767760479,0.33451775160936487,0.32649259496747796,0.8041051528709899,0.23573266477535132,0.17180180774559609,0.5870554859140991,0.03595698357194695,0.7642673352246486,0.9997360955334169,0.531973866561077,0.3313320577950782,15153,0.26259921257678676,-0.00787924431136286,0.13823012029996098,0.2501355888457978,0.1243690922768258,15153.0,0.26259921257678676,0.6988695789211176,0.7527584662217287,-0.4566132343866826,-0.49015925364494206,QQQ,y2024,12:00-12:30,all
16207,636522318.2535,0.2410287494394762,0.2568415542659383,0.2343649296317167,1.1047127784294763,1.1775530800660108,0.3090805881227073,0.29993339435161476,0.8563286352997443,0.21583266489788364,0.14117356697723207,0.6422533473190597,0.04059974085271796,0.7841673351021163,0.9999382982661813,0.5039491546340862,0.2996236194237058,16206,0.25684800220385245,-0.10139995033612206,-0.043707225529570536,0.342443572584936,0.300555227733423,16206.0,0.25684800220385245,-0.1165345694663214,0.2522298836178661,0.35757819171513533,0.0046181185859863185,QQQ,y2024,12:30-13:00,all
16023,606442895.9542999,0.39522837286246737,0.4054847216083806,0.23577398705579367,1.80524995319259,1.8618796561890147,0.37773468978012437,0.3696220679575219,1.0970251961659934,0.21113399488235662,0.1690070523622293,0.5445297385009049,0.0947388129563752,0.7888660051176434,0.99975035885914,0.5249391347774518,0.3073706546838919,16019,0.40553897583585435,1.3542199727754434,1.2776934987820405,-0.9588929100140912,-0.8721545229461862,16019.0,0.40553897583585435,3.276147078136832,3.014265818950123,-2.880820015375479,-2.6087268431142685,QQQ,y2024,13:00-13:30,all
12752,414903846.02049994,0.2537255287414448,0.24774210300798863,0.23432099633266332,1.1616436637393832,1.126160811738548,0.35097906292828746,0.3239272370188766,0.764807878732197,0.22725846925972396,0.2529799247176913,0.5010978670012547,0.041248431618569635,0.7727415307402761,0.9999215809284818,0.5754842757430789,0.43718632371392724,12751,0.24774239015713337,0.20101595579819106,-0.0003156033880829344,0.05272947142396767,0.24805799354521624,12751.0,0.24774239015713337,-0.56394351479197,0.4369875612252644,0.8176889420141285,-0.1892451710681314,QQQ,y2024,13:30-14:00,all
19928,792484674.8420999,0.27842778699320103,0.2862809520700208,0.23468944719146181,1.2438900040148448,1.29355050392835,0.32336916501285684,0.32058793697903354,0.8929872869444354,0.21778402248093134,0.13940184664793256,0.6060818948213569,0.062173825772782014,0.7822159775190687,1.0,0.5054195102368527,0.3086109995985548,19928,0.28628095206996873,0.26358320173630106,-0.43264282555848876,0.014844585256832637,0.7189237776284575,19928.0,0.28628095206996873,0.6183034507713251,-0.8783944307263095,-0.33987566377819123,1.1646753827962784,QQQ,y2024,14:00-14:30,all
12992,648832131.6738,0.2656563754434714,0.31119710181523635,0.23144048083037796,1.2093334359608068,1.4494854797503764,0.33096752298530574,0.34990176602800493,0.8893841987363083,0.2169027093596059,0.1724137931034483,0.5898245073891626,0.044027093596059115,0.7830972906403941,1.0,0.5477986453201971,0.33766933497536944,12992,0.3111971018151871,0.21082170619605575,0.5264819091439191,0.05483466924734163,-0.2152848073287318,12992.0,0.3111971018151871,1.8449826952989412,-3.6690786365702217,-1.5793263198555438,3.9802757383854095,QQQ,y2024,14:30-15:00,all
14507,537526801.9701,0.2508801714821521,0.2668633998026582,0.23411253789675415,1.1428565520097662,1.2213153704706297,0.33508635947244997,0.32823845053697925,0.8130168764996454,0.22913076445853725,0.17005583511408284,0.5850279175570414,0.04039429241056042,0.7708692355414627,0.9995174743227407,0.526896551724138,0.3213621010546633,14500,0.26689598520430957,0.14239605907561884,-0.0007339998873169017,0.10860522697199972,0.26762998509162644,14500.0,0.26689598520430957,0.5222036170348071,0.16319726017334374,-0.2712023309871886,0.10369872503096568,QQQ,y2024,15:00-15:30,all
23614,982821945.562,0.33954370057688543,0.37666374328949953,0.2342661028660327,1.6159041246720554,1.7949041913089685,0.3439419059713836,0.3383514692402454,1.1132321787615784,0.211992885576353,0.15321419496908614,0.5875328195138477,0.07334631997967307,0.788007114423647,0.9999576522401965,0.5295811629187313,0.27246548657576014,23613,0.3766648317184291,-0.1388881024162401,-0.49337527068034853,0.47844618251707255,0.8700401023987776,23613.0,0.3766648317184291,0.5387223558951133,0.33454351431590557,-0.19916427579428095,0.04212131740252343,QQQ,y2024,15:30-16:00,all
56026,2140192795.0882,0.5320347590710612,0.376653035563634,0.23486169582809296,2.425328597437347,1.7628736323870482,0.4393261390002134,0.4363383951585371,0.8632131385705415,0.18093385214007782,0.166244243743976,0.5839788669546282,0.08249741191589618,0.8190661478599222,1.0,0.5050690750722878,0.31913754328347554,46285,0.38513903719191206,0.03568320479749015,0.229208037247795,0.5320369254845577,0.1559309999441167,,,,,,,QQQ,y2024,open 09:30-09:35 (fixed),all
66961,3918324779.4724,0.22172911342150212,0.23190735744453103,0.21149473906817334,1.0117608757338645,1.061250207848616,0.2555023889803497,0.24826152274468394,0.9341252517935621,0.1859589910544944,0.052776989590955926,0.7448066785143591,0.04248741804931229,0.8140410089455056,0.9999551978017055,0.5110218345828729,0.17420588103522947,42013,0.23389871929317607,0.09770820929894729,-0.1603433107375903,0.12338291210772816,0.39424203003076635,,,,,,,QQQ,y2024,close 15:55-16:00 (fixed),all
234674,7971013780.246201,0.33678815098669623,0.3110371566674824,0.17465570993163812,1.7920601344846905,1.621243687413755,0.35076311442975233,0.3340344289950821,0.9311529880414263,0.20153915644681558,0.21233285323470005,0.5088590981531828,0.11100079258886796,0.7984608435531844,0.9999403427733793,0.5343049518452229,0.4120524642695825,234660,0.31105869680554854,0.2809620265357987,0.3279600030629815,0.05584621749658872,-0.016901306257432965,234660.0,0.31105869680554854,0.4141454030289023,0.2247143159798853,-0.07733715899651473,0.08634438082566313,QQQ,y2025,RTH all,all
137976,5222938834.902,0.31346248611206484,0.31146576265481835,0.17469842684050743,1.6183249260743977,1.6294199654395194,0.3498015913222558,0.3040824013356169,1.0242807912814802,0.2003681799733287,0.10972922827158346,0.6971502290253377,0.04896503739780832,0.7996318200266713,0.9999202759900272,0.49890914362338273,0.0,137965,0.31149826794231783,0.26429197747823907,0.27326503808210656,0.049195501112641746,0.038233229860211285,137965.0,0.31149826794231783,0.18713957276233048,0.28723650989592575,0.12634790582855035,0.024261758046392114,QQQ,y2025,RTH all,lit
96698,2748074945.3442,0.37007096900508474,0.31022255630153484,0.1713721135609745,2.0399586340981117,1.6057040093208883,0.35213508812393385,0.3909606815748078,0.7934878644367612,0.2032099940019442,0.35873544437320315,0.24019111046764152,0.1995180872406875,0.7967900059980558,0.9999689755734348,0.5848079011324268,1.0,96695,0.3102233413511559,0.30474695148772196,0.4319016259374814,0.06533549911312776,-0.1216782845863256,96695.0,0.3102233413511559,0.7380386692032398,0.10589792577687904,-0.3679562186023901,0.2043254155742769,QQQ,y2025,RTH all,offexchange_TRF
42382,1343371165.4577,0.4208266912429293,0.27289598684713884,0.17540013154993914,2.2438020857913816,1.4729482656489779,0.3729736047870897,0.33425720413725407,0.8164251464721795,0.20142985229578594,0.1858572035298004,0.5218960879618706,0.12099476192723325,0.7985701477042141,0.9999528101552546,0.5298489853704578,0.3586900099098674,42380,0.27290858268753804,0.719930197345319,1.1261507644586697,-0.29908364641904417,-0.8532421817711318,42380.0,0.27290858268753804,1.01138314303107,0.8180756497030968,-0.5905365921047949,-0.5451670670155591,QQQ,y2025,09:30-10:00,all
35355,1174626544.6195002,0.3810310913404594,0.3599181312083676,0.1749276236955368,2.165221892236228,2.0086317210973696,0.39809609720082406,0.3974455151675042,0.9055785446633594,0.191005515485787,0.22291047942299533,0.4830434167727337,0.13121199264601896,0.808994484514213,1.0,0.5388488191203508,0.43948522132654505,35355,0.35991813120831373,-0.43794973535671955,0.015483261059731208,0.8189808266971339,0.34443487014858243,35355.0,0.35991813120831373,-1.0371157503584836,-0.49491547190586443,1.4181468416988985,0.8548336031141779,QQQ,y2025,10:00-10:30,all
23636,707467129.2985001,0.2955984433441762,0.2524853309782138,0.16778083710219746,1.624857843967077,1.3607054715155007,0.3275661951355515,0.3106078737594867,0.8128748570415218,0.18103740057539347,0.20210695549162294,0.5046116094093755,0.14765611778642748,0.8189625994246066,0.9999153833135894,0.5438351527460439,0.45807243188356744,23634,0.2525062194005349,0.13949129126469792,0.1710465775904354,0.15613216675687283,0.08145964181009938,23634.0,0.2525062194005349,0.49213768974018596,0.4116756839777131,-0.1965142317186154,-0.1591694645771782,QQQ,y2025,10:30-11:00,all
21719,625129288.1496,0.25912586121179093,0.21750458712434045,0.1746953749397896,1.448237027487768,1.16663559955772,0.2985643020843125,0.2875000479836013,0.7565375680798032,0.1971545651273079,0.21907085961600442,0.45904507574013537,0.15028316220820478,0.8028454348726921,1.0,0.553340393204107,0.4979050600856393,21719,0.21750458712429563,0.6866868855688849,-0.28330317195996535,-0.4275610243571463,0.500807759084261,21719.0,0.21750458712429563,2.6211417330237228,-0.2457345343998369,-2.3620158718119844,0.46323912152413244,QQQ,y2025,11:00-11:30,all
21849,726614703.9719,0.555184335138283,0.6075258434720493,0.17462826009117177,2.7697917524829987,2.937809894978715,0.3911694247140832,0.40162176562312246,1.5126815712526522,0.16819991761636688,0.24229941873769967,0.4266556821822509,0.19451691152913178,0.8318000823836331,0.999862693944803,0.554380664652568,0.45137077211771703,21846,0.6077033602181036,-0.06751619460815454,0.059759568885766924,0.6227767703856596,0.5479437913323372,21846.0,0.6077033602181036,-0.8710815930451576,-1.0842485703419038,1.4263421688226625,1.6919519305600073,QQQ,y2025,11:30-12:00,all
16832,620341552.4004,0.3568686706617121,0.40781689706782254,0.16252070418407563,1.8537892110269072,2.0288586902166603,0.32987144252684225,0.33150458150394474,1.230199882057949,0.20556083650190113,0.20859077946768062,0.48889020912547526,0.13349572243346008,0.7944391634980988,0.9998811787072244,0.5453357100415924,0.4069035171102662,16830,0.4078475654396014,1.0169469380144827,0.7336078415138051,-0.6600358587169682,-0.3257602760742038,16830.0,0.4078475654396014,0.3177838715970774,0.37060709988162577,0.03912720770043706,0.03724046555797567,QQQ,y2025,12:00-12:30,all
10431,375686253.4816,0.2097351065227688,0.2115402904426197,0.16066967118937178,1.124206691592787,1.1288072434277403,0.3155568412399161,0.2867143541780566,0.7378085099682454,0.2215511456236219,0.23142555843159812,0.5317802703480011,0.054836544914198065,0.7784488543763781,1.0,0.5287124916115425,0.4089732528041415,10431,0.2115402904425864,0.43237830725548626,0.1343169052359297,-0.22264320073277735,0.07722338520665673,10431.0,0.2115402904425864,1.026124381533624,0.4099185950714473,-0.8163892750109152,-0.19837830462886083,QQQ,y2025,12:30-13:00,all
10472,406226966.4324,0.26704580274634043,0.27845918518944224,0.17465570993163812,1.337763559969581,1.374902117682708,0.3695947347699225,0.3505659720260665,0.7943132175097054,0.2215431627196333,0.24197860962566844,0.5099312452253628,0.06493506493506493,0.7784568372803667,0.9999045072574484,0.5229681978798587,0.3924751718869366,10471,0.2784762642073252,0.032812385210792994,0.005577268908202554,0.23425892090696646,0.2728989952991227,10471.0,0.2784762642073252,-0.2144009038216228,-0.3344554956429125,0.4814722099393821,0.6129317598502373,QQQ,y2025,13:00-13:30,all
10747,388121362.63460004,0.19685373028486436,0.20181699091088443,0.16052781545707734,1.0596910765795158,1.0819816359581014,0.29519213563706176,0.2708366318820665,0.7451613524671356,0.2142923606587885,0.21941006792593282,0.5684377035451754,0.035451753977854286,0.7857076393412115,1.0,0.5539220247510933,0.45528984832976643,10747,0.2018169909108503,0.1365971965462628,0.19507642895314814,0.06025653373855966,0.006740561957702088,10747.0,0.2018169909108503,0.4787454555998336,0.5689665656717974,-0.2818917253150113,-0.3671495747609471,QQQ,y2025,13:30-14:00,all
9801,353732554.94130003,0.29501320964172134,0.29849564951956814,0.1712463413575835,1.4765003571070165,1.5180061228653603,0.39682236038916396,0.36159235158635566,0.82550321711736,0.2192633404754617,0.23232323232323232,0.5415773900622386,0.04621977349250077,0.7807366595245383,0.9997959391898786,0.4822941116440453,0.3627180899908173,9799,0.29859227241322633,0.16192888360850632,-0.2142237461659686,0.13314453895480488,0.5128160185791949,9799.0,0.29859227241322633,-0.4636806649706471,-0.6286874322655877,0.7587540875339582,0.9272797046788143,QQQ,y2025,14:00-14:30,all
10403,417080096.90980005,0.22666673659662862,0.2439441809254133,0.17133016897072717,1.154217052773438,1.2432299874031898,0.31882066989319285,0.3020688221601233,0.8075781511674887,0.21599538594636164,0.1831202537729501,0.6131885033163511,0.029030087474766895,0.7840046140536384,0.9998077477650678,0.5303336217671378,0.33125060078823415,10401,0.24396358283431388,0.13631278902111718,0.1497173274524189,0.09039753314157703,0.09424625538189504,10401.0,0.24396358283431388,0.5657992814204833,0.6500950266504857,-0.3390889592577891,-0.4061314438161719,QQQ,y2025,14:30-15:00,all
8817,363607093.3334,0.2073415862960072,0.2272395618945036,0.1603322083355257,1.0669660882387533,1.1745281312914326,0.3191475441597484,0.30466170839764867,0.7458750332940015,0.24838380401497107,0.21197686287853013,0.5590336849268459,0.02245661789724396,0.7516161959850289,1.0,0.49347850742883065,0.3758648066235681,8817,0.22723956189446817,0.3157188893551919,0.7434907139245369,-0.10837730305924179,-0.5162511520300689,8817.0,0.22723956189446817,0.7730123610367152,0.7096009444674957,-0.5656707747407653,-0.4823613825730276,QQQ,y2025,15:00-15:30,all
12230,469009068.6155,0.22889854584961591,0.25589533043232027,0.1602962274281417,1.170238757154914,1.3103209742957804,0.30684612425003843,0.27687966251209434,0.9242113635599456,0.22812755519215044,0.19411283728536385,0.585363859362224,0.03638593622240392,0.7718724448078496,1.0,0.5050695012264922,0.32886345053148,12230,0.255895330432286,0.40413097921490165,0.5441504018737009,-0.17523243336533637,-0.28825507144141477,12230.0,0.255895330432286,1.1732825872766415,2.447296156420286,-0.9443840414270761,-2.1914008259880005,QQQ,y2025,15:30-16:00,all
57703,2314741193.988,0.5410226280529336,0.2840218589777376,0.17544629150385374,3.009774535119748,1.6206062821987743,0.3546874165739222,0.3161459022477152,0.8983885508507811,0.22286536228618964,0.16191532502642844,0.5289672980607594,0.10441398194201341,0.7771346377138104,0.9999653397570317,0.5103204450529454,0.31398714104985875,48773,0.284529360787171,0.4189905246343251,0.7683606481231631,0.16430673161739434,-0.4838312873359921,,,,,,,QQQ,y2025,open 09:30-09:35 (fixed),all
52744,2911738438.8264003,0.19222170631656652,0.19834781600716936,0.17155210895381415,1.0587259214320965,1.1153846099607732,0.22667567110021924,0.21129759292347522,0.9387130883171214,0.20368193538601548,0.06649097527680874,0.7158349764902169,0.046621416654027,0.7963180646139846,1.0,0.4899135446685879,0.19439177915971484,32021,0.1910908488899634,-0.4107988735704129,-0.3416650439535395,0.5962224417072989,0.532755892843503,,,,,,,QQQ,y2025,close 15:55-16:00 (fixed),all
767725,24070393812.136543,0.31327794515194624,0.25621803575520957,0.16997696812066504,2.2124427871962165,1.8214982228313232,0.2995337181351841,0.26640087494541903,0.9617762547052604,0.1855312774756586,0.2271242958090462,0.4647236966361653,0.14154547526783678,0.8144687225243414,0.9998984011201928,0.5537740654233,0.4832212055097854,767647,0.2562639282631819,0.027538570943658372,-0.031551915388337064,0.2857712061306345,0.28781584365151897,767647.0,0.2562639282631819,0.17657119725445572,-0.17091682890151574,0.1367385798198371,0.42718075716469767,QQQ,y2026,RTH all,all
396744,15569962580.257,0.25073105801784523,0.25356153462771924,0.16958206500065132,1.757961305023095,1.793779329972299,0.2570870993133957,0.23358372784181708,1.0855273908438996,0.15183846510596252,0.0736570685378985,0.7416243219809248,0.06872945778638115,0.8481615348940374,0.9998840562176113,0.5001462069382755,0.0,396698,0.25362494899529703,-0.11813756019585955,-0.24008628056526943,0.3688976922918619,0.4937112295605665,396698.0,0.25362494899529703,-0.1668749942062075,-0.3798197014011847,0.4176351263022099,0.6334446503964817,QQQ,y2026,RTH all,lit
370981,8500431231.8795395,0.38016843870587963,0.2610838622081448,0.2039146241672347,2.6984860108742295,1.8722700146155546,0.34492806808257126,0.3265109727105289,0.7996174218610744,0.22156390758556369,0.3912491475304665,0.16859353983088082,0.21941824513923894,0.7784360924144363,0.999913742213213,0.6111244402869397,1.0,370949,0.2610966893327424,0.18332664388841496,0.35033693609185207,0.19687459013440148,-0.08924024675910971,370949.0,0.2610966893327424,0.5438573127583718,0.21164686980647934,-0.16365607873555524,0.04944981952626314,QQQ,y2026,RTH all,offexchange_TRF
115175,4012929129.2750864,0.4435365816491253,0.3503409335524922,0.17009261542894644,3.1503147853269673,2.5247592852864313,0.37702180381469713,0.3499335963360622,1.0011640414658523,0.1711482526589972,0.18374647275884523,0.5340221402214023,0.12652919470371174,0.8288517473410029,0.9998697634035164,0.5036818339701286,0.3679183850662036,115160,0.3503469830377041,0.3458965894305659,0.34811832956385025,0.09769776443738026,0.0022286534738539076,115160.0,0.3503469830377041,1.074282133939311,0.39755446141480294,-0.6306877800713647,-0.04720747837709886,QQQ,y2026,09:30-10:00,all
90055,2613394978.4191923,0.3496359906571832,0.24297104164331546,0.17026638175797104,2.4133110676811436,1.6959603113687263,0.31518457553973217,0.2729278651759929,0.890239043516644,0.16765310088279384,0.22999278218866248,0.43149186608183887,0.1872966520459719,0.8323468991172062,0.9999777913497307,0.5588375734289807,0.5203375714840931,90053,0.24297787905616383,-0.008823965054547243,-0.061759677866244256,0.35846772082757833,0.30473755692240806,90053.0,0.24297787905616383,-0.578644050646577,0.29519719721810717,0.928287806419608,-0.05221931816194326,QQQ,y2026,10:00-10:30,all
93646,2299866843.7465415,0.37929652574859646,0.3051716650647997,0.2100288789720539,2.6872154155011923,2.1806595025733237,0.3358381948217067,0.2903141613305028,1.0511773303314083,0.1298293573671059,0.2821476624735707,0.3699250368408688,0.2284881361723939,0.8701706426328941,1.0,0.5867202016103197,0.5876171966768469,93646,0.3051716650647699,0.08926909073532834,-0.004056537246321915,0.2900274350132405,0.30922820231109177,93646.0,0.3051716650647699,0.43032622010595056,-0.01168149966371955,-0.05102969435738208,0.31685316472848957,QQQ,y2026,10:30-11:00,all
79174,1735993598.7163773,0.3131498544083613,0.2141173063243554,0.19862172626333316,2.169892078207674,1.4650703631092465,0.2909498858566471,0.24082902748362203,0.8890842958659408,0.13197514335514185,0.31525500795715766,0.3457953368530073,0.22254780609796146,0.8680248566448582,0.9999747391820547,0.623654827464255,0.652638492434385,79172,0.21411876814112105,-0.30907449182265073,0.15034850083111245,0.6222322568522783,0.06377026731000861,79172.0,0.21411876814112105,-0.4902639729651432,-0.573782284759733,0.8034217379947708,0.7879010529008539,QQQ,y2026,11:00-11:30,all
56101,1125334127.5246902,0.281609506234953,0.2008894061268507,0.1988031513006192,2.0289332810468284,1.4116984121900615,0.30789899678802857,0.2461861521491701,0.81600611721299,0.13183365715406142,0.3839325502219212,0.30614427550311046,0.18705548920696602,0.8681663428459385,1.0,0.652822587832659,0.6779023546817348,56101,0.20088940612680928,0.3666749881555021,-0.21243073982237887,-0.08506548192057944,0.4133201459491882,56101.0,0.20088940612680928,2.130448960760066,-0.6110828760063461,-1.8488394545251432,0.8119722821331553,QQQ,y2026,11:30-12:00,all
72599,2276972735.0359607,0.4106327590307731,0.3185756383718467,0.20402684563825288,2.96572707337599,2.2979055564709423,0.3491906977298623,0.34521689198038824,0.9228274912745145,0.13585586578327524,0.32716704086833154,0.3871403187371727,0.16296367718563617,0.8641441342167248,0.9997520627005881,0.5894380071919648,0.5305720464469208,72581,0.3190911608403674,-0.514487773136892,-0.8143043864286619,0.9252223685940063,1.1333955472690294,72581.0,0.3190911608403674,-0.7807456860909289,-1.2550769440355622,1.191480281548043,1.5741681048759297,QQQ,y2026,12:00-12:30,all
33975,1290593376.761631,0.2000323812004302,0.20784128774837773,0.13538119961268663,1.428152259014213,1.492328136950613,0.25552551659024464,0.23388579208461188,0.8886443502869463,0.23520235467255335,0.1900515084621045,0.5374834437086092,0.06445916114790287,0.7647976453274467,0.9999705665930831,0.49843998351680696,0.43705665930831494,33974,0.20784402592465492,-0.005712064140172988,-0.0958895724719492,0.20575033314832697,0.30373359839660413,33974.0,0.20784402592465492,-0.6943818907072358,-0.9414883477731546,0.8944201597153899,1.1493323736978098,QQQ,y2026,12:30-13:00,all
29284,1079686260.6727896,0.18198629476328765,0.20114028731954028,0.13874147607043774,1.2814109342989706,1.4334474399531358,0.25076846565152056,0.24622583849747431,0.8168935012951677,0.23709192733233164,0.1743614260346947,0.5612621226608386,0.047193006419887995,0.7629080726676684,0.9999317033192187,0.5085718188648316,0.40366753175795655,29282,0.2011425874832627,0.20061998273507078,0.39587888565962115,-0.018621258063026523,-0.19473629817635846,29282.0,0.2011425874832627,0.6991738757390233,0.8253653134859404,-0.5171751510669791,-0.6242227260026778,QQQ,y2026,13:00-13:30,all
47159,1600593334.88626,0.2634121524295079,0.29009218051833346,0.13517989063934555,1.8427880150136577,2.0379880579956615,0.24626130885374029,0.2243453505785821,1.2930608090169537,0.3144044615025764,0.1292860323586166,0.4873725057783244,0.1004474225492483,0.6855955384974236,0.9997667465383065,0.525621447357258,0.41254055429504444,47148,0.2900957235966068,-0.10855345145855386,-0.4291558238835994,0.3720270600192734,0.7192515474802061,47148.0,0.2900957235966068,-0.2141866965217942,-0.8240713262618837,0.4776603050825137,1.1141670498584908,QQQ,y2026,13:30-14:00,all
32259,1300863515.4921496,0.1536276431977049,0.16165087119391555,0.13513056991305572,1.0753660807839795,1.1369962486056948,0.1990580606305344,0.19105791839563033,0.8460830754953554,0.2512787129173254,0.10676090393378591,0.6448123004432872,0.03763290864564928,0.7487212870826746,0.9997520071917915,0.5255650987566277,0.32843547537121426,32251,0.16168107232897355,0.14667283275965146,0.10499757281924983,0.0069929184391879584,0.056683499509723664,32251.0,0.16168107232897355,-0.17009059922480477,-0.17032141598711809,0.3237563504236441,0.3320024883160917,QQQ,y2026,14:00-14:30,all
26377,981969165.4547693,0.18537269002901058,0.20622734605747553,0.13507216230258737,1.3199429275506418,1.483446792025901,0.23725195869741011,0.221220680819757,0.9322245338603875,0.26591348523334724,0.14804564582780452,0.5615498350835956,0.048185919551124085,0.7340865147666528,0.9995071463775259,0.49662418449400697,0.3930318080145581,26364,0.20624301825293603,-0.16585952786638572,-0.5567707096119048,0.35132362454724436,0.7630137278648408,26364.0,0.20624301825293603,0.2220801977996396,-0.45533003187246773,-0.036616101118780955,0.661573050125404,QQQ,y2026,14:30-15:00,all
28953,1095198310.9480944,0.18165848492483433,0.217819087074562,0.13501562805882503,1.272950844472165,1.5471889811657653,0.2146394866682759,0.19629799065689763,1.109634827873915,0.27219977204434775,0.11940040755707526,0.5990398231616758,0.0427589541670984,0.7278002279556522,0.9998963837944255,0.5146113989637305,0.3680102234656167,28950,0.21783285396705793,-0.11089002080149381,0.09917544161062807,0.292567330439754,0.11865741235642986,28950.0,0.21783285396705793,-0.8468929614808254,-0.4000571730212878,1.0285702711190856,0.6178900269883456,QQQ,y2026,15:00-15:30,all
62968,2656998435.202998,0.19636697532031852,0.18829663099367347,0.1350940592386221,1.373505964934913,1.330410353481362,0.23043287739626314,0.2026546438511656,0.9291503387998501,0.23820035573624698,0.11680536145343666,0.6110564096048786,0.06120569177995172,0.761799644263753,0.9999523567526363,0.50026205034543,0.32961186634481004,62965,0.18829957332894257,0.27432473961880277,0.19887391559530693,-0.07794840829238793,-0.010574342266364297,62965.0,0.18829957332894257,0.5871024167414033,0.31364707517843526,-0.39072608541498843,-0.1253475018494928,QQQ,y2026,15:30-16:00,all
130711,5019315921.47863,0.6105469000832009,0.36328288161420114,0.2690450246846363,4.2581510569122445,2.5933813678485813,0.4348567711647598,0.3800815522674611,0.9558024572541242,0.17325244241112073,0.20031213899365777,0.5133844894461828,0.1265386998798877,0.8267475575888793,0.9998928934825684,0.5156660061057254,0.36840816763700074,113444,0.38502642023405487,0.027142841588747732,-0.21364833619629256,0.6399286014926627,0.5986747564303475,,,,,,,QQQ,y2026,open 09:30-09:35 (fixed),all
136974,6629495719.678284,0.1773836911804267,0.1975137474749017,0.13488814400645988,1.2689913764658458,1.4251592345232467,0.20449058322095012,0.19883582792021123,0.9933508942571453,0.22793376845240704,0.060734153927022645,0.6759896038664273,0.05212668097595164,0.772066231547593,0.9999853986888022,0.5177408521449639,0.2520770365178793,79153,0.17494678610395728,-0.014448063506235937,-0.06587673075670011,0.17419441559574117,0.24082351686065734,,,,,,,QQQ,y2026,close 15:55-16:00 (fixed),all
1453626,60979972176.08136,0.19651251516507387,0.1966927744403638,0.14078261053502006,1.4313462885228936,1.4331254214823161,0.21813524652054525,0.2121665719746908,0.9270676931322958,0.241013162945627,0.1434750066385714,0.5561526830147507,0.08108619411045206,0.758986837054373,0.9999174478167011,0.5180315733130788,0.38628574337553123,1453506,0.1967011605940498,0.10683750313647872,0.16835392993620782,0.08969123590504699,0.028347230657842008,1453506.0,0.1967011605940498,0.057500862390914884,0.14377523869722011,0.13902787665061084,0.052925921896829674,SPY,last12m,RTH all,all
892111,40256449716.835,0.18690241591533338,0.19836932126273998,0.1444199732821736,1.356854472145518,1.4434976959128216,0.2041982938466322,0.19775116824918537,1.0031259133335468,0.1930959264037771,0.044070749043560724,0.738254544557796,0.059165283243901266,0.8069040735962228,0.9999159297441687,0.49227833854239067,0.0,892036,0.19837828618284484,0.044602678644015584,0.11461837999782237,0.14231545152630737,0.0837599061850225,892036.0,0.19837828618284484,0.025504761825623324,0.1275082286248996,0.1614133683446996,0.07087005755794526,SPY,last12m,RTH all,lit
561515,20723522459.24636,0.21178062955522414,0.1934360007434389,0.1303841676373339,1.5496956982452283,1.4129767742201527,0.2402776804481824,0.24016919442292056,0.8054155371933842,0.31714201757744676,0.30140423675235745,0.26683703908176987,0.11591319911311362,0.6828579824225532,0.9999198596653696,0.5589470497088002,1.0,561470,0.19344328712939846,0.20571314012680564,0.2727370622563641,0.006084462959161001,-0.07929377512696566,561470.0,0.19344328712939846,0.10833469779416066,0.17537445870667973,0.10346290529180598,0.018068828422718838,SPY,last12m,RTH all,offexchange_TRF
185936,8115653171.631371,0.28607964217516796,0.256314655665027,0.1443615969278539,2.108208738490914,1.896493769883546,0.24705838598709584,0.24134406656415194,1.0620300689965199,0.22983177007142241,0.15119718612856037,0.5347216246450391,0.10133056535582136,0.7701682299285776,0.9999784872214095,0.5071316395241271,0.3513735909130023,185932,0.2563166329010218,0.3783467405099163,0.4932917739894805,-0.09226094383438835,-0.23697514108845866,185932.0,0.2563166329010218,0.3975995082956073,0.35854207008026423,-0.1115137116200793,-0.10222543717924247,SPY,last12m,09:30-10:00,all
154317,6255576817.398804,0.185662620153367,0.17493666726128798,0.14481944635512486,1.3248714010772245,1.2430167638989158,0.21266625380414322,0.20273557071327178,0.8628809766624541,0.23194463344932834,0.15093606018779526,0.5432972388006506,0.09457804389665429,0.7680553665506716,0.9999416784929722,0.5258120123389585,0.39982633151240626,154308,0.1749385532230606,0.04809446189667796,0.0951059462298642,0.13757898701200907,0.07983260699319644,154308.0,0.1749385532230606,0.048388196820982374,-0.02350890058999052,0.13728525208770465,0.19844745381305115,SPY,last12m,10:00-10:30,all
135424,5260661613.690346,0.20631580328916016,0.19010116898561216,0.14098108739020432,1.5054963669662311,1.3846180703747968,0.2146487895679781,0.20130419780966918,0.9443477635044185,0.21741345699432893,0.18090589555765596,0.5094961011342155,0.1130523393194707,0.7825865430056711,0.9999704631379962,0.5350539063653817,0.4309280482041588,135420,0.19010300640397154,0.10273357656564054,0.0679302460445024,0.10358832082489586,0.12217276035946918,135420.0,0.19010300640397154,-0.3720671711625667,-0.6265325407611344,0.5783890685531032,0.8166355471651061,SPY,last12m,10:30-11:00,all
112461,4034445491.4062214,0.19544993665865396,0.1789929582002425,0.14538159032908438,1.4009005788676232,1.2728874607428382,0.22289136824478964,0.21511603343183702,0.8320763233901823,0.21512346502343035,0.19414730439885827,0.497479126097047,0.10958465601408489,0.7848765349765696,0.9999288642284881,0.5442540439116786,0.4637518784289665,112453,0.1790043969979327,0.030607266118009614,0.13814787991976607,0.1648565750117502,0.04085651707816666,112453.0,0.1790043969979327,-0.3736429594399445,-0.23959269387086649,0.5691068005697044,0.41859709086879904,SPY,last12m,11:00-11:30,all
98492,3528967025.8049016,0.17531264766621316,0.17025472228490054,0.13303090973175521,1.2783765178900968,1.2389516499902975,0.20574955391186173,0.1958772864999219,0.8691907332755932,0.22202818503025626,0.1950209154042968,0.5066908987531983,0.09396702270235147,0.7779718149697438,0.9999289282378264,0.5550794537239173,0.4563416318076595,98485,0.1702588986439349,0.17539503544971125,0.2641391671291389,-6.99271191278198e-05,-0.09388026848520407,98485.0,0.1702588986439349,-0.13721406808966535,-0.05857979003943825,0.31253917642024887,0.2288386886833733,SPY,last12m,11:30-12:00,all
104525,4066075690.848955,0.2311250650997477,0.24402756728237468,0.14561233627699696,1.7045983257595978,1.7956993175549725,0.24862931244191352,0.24915158906049945,0.9794341196159077,0.20891652714661565,0.209930638603205,0.49283903372398946,0.10942836641951686,0.7910834728533843,0.9999521645539344,0.5418101798698813,0.398297058120067,104520,0.24403623651846362,-0.02139614806429402,-0.14602343725521905,0.2525322696634818,0.3900596737736826,104520.0,0.24403623651846362,0.06710943350716826,-0.14057338471234918,0.1640266880920194,0.38460962123081277,SPY,last12m,12:00-12:30,all
79004,3222778748.1103687,0.1551941308290572,0.1627413551720291,0.1328841847886265,1.1301546757130079,1.1847534577372119,0.19796571493601053,0.19363915650598434,0.8404361912565945,0.27851754341552326,0.12310769074983545,0.5707179383322364,0.05417447217862387,0.7214824565844767,0.9998860817173814,0.49600607633394517,0.3689813174016506,78995,0.16274769753244112,0.10750202519461001,0.04110546428890798,0.04770978709750361,0.12164223324353307,78995.0,0.16274769753244112,0.2043375137204438,0.3300845593932212,-0.04912570142833025,-0.16733686186078012,SPY,last12m,12:30-13:00,all
77954,3259841125.745669,0.1725639768890632,0.1891192368571494,0.13473003469286138,1.2510847422842295,1.3663096340435439,0.2164984561290797,0.21287080733519187,0.8884226034777862,0.27227595761602996,0.1250737614490597,0.5668471149652359,0.06230597531877774,0.72772404238397,0.9998973753752213,0.5036563774921099,0.3659080996485107,77946,0.18913424580522092,0.05820242562249839,0.01759448849127595,0.11437926239750501,0.17153975731394494,77946.0,0.18913424580522092,0.2539265160081665,0.120483963877418,-0.08134482798816314,0.06865028192780287,SPY,last12m,13:00-13:30,all
96241,3488510606.126359,0.1818723740778777,0.21446351010732848,0.13295131987410713,1.3174767510731433,1.544313687613517,0.2154264616855336,0.21282598021206187,1.0076942199144812,0.30913020438274746,0.12111262351804325,0.5143441984185534,0.0731081347866294,0.6908697956172525,0.9998753130162821,0.5163412276964324,0.421982315229476,96229,0.21447223634711113,0.06224987789682449,0.3761791208909454,0.11964517612663585,-0.16170688454383425,96229.0,0.21447223634711113,-0.05376025794099501,0.8013171331684593,0.2356553119644554,-0.5868448968213481,SPY,last12m,13:30-14:00,all
68718,2921221247.4752755,0.1506577310435881,0.16551198568935427,0.13297430271587918,1.0985121802151157,1.209677706015385,0.203306573340316,0.20052889306413063,0.8253772469407803,0.2763322564684653,0.10908350068395471,0.5939928403038505,0.04563578683896505,0.7236677435315346,0.9997380598969702,0.49826783114992723,0.37132920050059665,68700,0.16554023097250647,0.1939704773986344,0.3353993067017463,-0.04327327271376883,-0.16985907572923978,68700.0,0.16554023097250647,0.09936465825105116,0.07623578386070234,0.05133254643381438,0.08930444711180403,SPY,last12m,14:00-14:30,all
73188,3022694674.5624485,0.1628978644559356,0.17562744326132368,0.14177057268209942,1.198449472591421,1.2923181389016793,0.2160049363026617,0.20876660574085207,0.8412621484076578,0.2630759140842761,0.11325627151992129,0.598855003552495,0.04340875553369405,0.7369240859157239,0.9999043559053397,0.5094491739659202,0.36939115702027653,73181,0.17564001294989012,-0.144925183715936,-0.3293062844560501,0.30783862988089983,0.5049462974059403,73181.0,0.17564001294989012,0.017731997118674063,-0.06816767568241575,0.1451814490462898,0.24380768863230587,SPY,last12m,14:30-15:00,all
89593,4171574428.2814703,0.1726054825722747,0.19522489109837837,0.133084022597546,1.253663344234638,1.425420397379968,0.19597591610720197,0.18987139672695108,1.0281953704650206,0.24859084973156384,0.08625673880771935,0.6392686928666302,0.05625439487459958,0.7514091502684361,0.9997990914468764,0.5065364219927435,0.33174466755215254,89575,0.19523762786384266,0.17887711329217232,0.14989878198907788,-0.006236945833671382,0.0453388458747648,89575.0,0.19523762786384266,0.33147824433066486,0.22173389552207848,-0.15883807687216392,-0.026496267658235713,SPY,last12m,15:00-15:30,all
177773,9631971534.999172,0.1772516225025992,0.18549468042040235,0.13512144039443172,1.2913201667296856,1.3586037650224332,0.21013556049734397,0.20873417214805928,0.8886646518464034,0.23051869518993323,0.08451789641846624,0.6643922305411958,0.048263797089546784,0.7694813048100668,0.9999381233370647,0.49258559197128743,0.31968296647972416,177762,0.18550271138515093,0.041445187083326576,0.2390886629730787,0.1358174038368365,-0.053585951587927755,177762.0,0.18550271138515093,0.18288208441990558,0.6075646305900742,-0.005619493499742462,-0.4220619192049232,SPY,last12m,15:30-16:00,all
234457,10668203264.77364,0.3549059794615955,0.267111337944779,0.1468417999866507,2.5939753558224523,1.961733162544739,0.27870570898839114,0.26607694735328724,1.0038875618567524,0.21253364156327173,0.15679634218641372,0.5385721049062301,0.1082373313656662,0.7874663584367283,0.9999786741278784,0.5143270264275843,0.3522095736105128,201447,0.2816411701047936,0.35136667536991917,0.24640637448109554,0.03098580930499919,0.03523479562369819,,,,,,,SPY,last12m,open 09:30-09:35 (fixed),all
418286,26574128479.13266,0.15236115064017505,0.18294308510622231,0.13317441186838247,1.1170476181370612,1.3517028959750919,0.17047163378305163,0.16805301919567373,1.0886033823243082,0.23091377669823995,0.046190883749396346,0.6942211788106702,0.05566287181497827,0.76908622330176,0.999995218582501,0.501695020608008,0.25972420783865585,262146,0.15269260728514564,0.08379089372367714,0.20492061104760578,0.05961132487481277,-0.05222800376246021,,,,,,,SPY,last12m,close 15:55-16:00 (fixed),all
398550,17028772521.357954,0.19447119947624053,0.19658721595176568,0.13003478430468327,1.4962974783593066,1.512961181624951,0.21455150658809313,0.20790186633854896,0.9455769657769285,0.2726282775059591,0.16202985823610588,0.5057307740559528,0.07279387780705056,0.7273717224940409,0.9999297453268097,0.5151810941428578,0.42906034374607954,398522,0.1965922626083371,0.04101808224288206,0.023036812815915818,0.15346678070380607,0.17355544979242127,398522.0,0.1965922626083371,0.066330033212626,0.23778731871834202,0.1281548297340621,-0.041195056110004985,SPY,last5,RTH all,all
227548,10992667404.73,0.1961993546613736,0.21119965060867577,0.1301685031271799,1.5102281716386876,1.62596417383326,0.20372694716178844,0.19582699707614454,1.0785011962704703,0.20136850246980856,0.049501643609260466,0.7124386942535201,0.058840332589168,0.7986314975301915,0.9999077117794927,0.4946665670447903,0.0,227527,0.2112050909372264,-0.07397204062001195,-0.15258698082687688,0.2701895038418682,0.3637920717641032,227527.0,0.2112050909372264,0.0855201941769957,0.09265315677740554,0.1106972690448605,0.11855193415982085,SPY,last5,RTH all,lit
171002,6036105116.627954,0.19217158744792126,0.16997574530088705,0.10390791161492441,1.4777602601142763,1.3071655095676056,0.22895547173666903,0.22989204364536195,0.7393720226485807,0.3674518426685068,0.31176828341188995,0.23066981672728973,0.09136150454380651,0.6325481573314932,0.9999590648062596,0.5424778502295389,1.0,170995,0.16998008161519074,0.19402464784202647,0.34287442932202916,-0.0018451934909591294,-0.1728943477068384,170995.0,0.16998008161519074,0.040795486858989,0.5020986826057167,0.15138396749207828,-0.332118600990526,SPY,last5,RTH all,offexchange_TRF
46698,2143585843.2044904,0.36207011359554553,0.3073840634569926,0.13049123425122047,2.7852687481264886,2.366728558293493,0.2589833266724849,0.24580238475838956,1.2505332841222614,0.2487686838836781,0.17114223307208018,0.47745085442631374,0.11182491755535569,0.7512313161163219,0.9999785858066726,0.5134162794183781,0.40654846031949976,46697,0.3073841733379264,0.3229456325318266,0.33348860876601644,0.039132234669127686,-0.026104435428089972,46697.0,0.3073841733379264,0.526385471532491,0.5192288890926339,-0.16430760433153663,-0.2118447157547074,SPY,last5,09:30-10:00,all
31732,1292806794.8944001,0.14804063576571372,0.13098940183345903,0.13008553123666988,1.138552880373238,1.0066042165543316,0.1902699668436644,0.18043683012183276,0.7259571216420376,0.2668599520988277,0.19488213790495398,0.4826988528929787,0.06747132232446741,0.7331400479011723,0.9998109164250599,0.553394692050684,0.49297239379805874,31726,0.13099491561735593,0.12880652444282104,0.066942742025312,0.01926210866934932,0.064052173592044,31726.0,0.13099491561735593,-0.13508480610128873,0.22046105853571346,0.28315343921345903,-0.08946614291835757,SPY,last5,10:00-10:30,all
35599,1336460542.3901098,0.22769416977418636,0.2248894790148466,0.1299756295693375,1.752423382679522,1.7306899171302321,0.19932425056979056,0.1830522600405347,1.228553414008915,0.21441613528469902,0.2030675018961207,0.48723278743784937,0.11337397117896571,0.785583864715301,1.0,0.5428804179892693,0.43683811343015255,35599,0.22488947901482492,0.004582188271563097,0.17318671218108894,0.22311198150259823,0.05170276683373606,35599.0,0.22488947901482492,-0.5190270482967236,-0.18551781293647956,0.746721218070885,0.4104072919513044,SPY,last5,10:30-11:00,all
22759,669808578.6957211,0.16397403765254168,0.15094486480371977,0.1299519827422585,1.2608357133444386,1.1601907257189976,0.21138057514689965,0.19638169143969944,0.7686300270515217,0.24469440660837471,0.2586669010061953,0.41218858473570896,0.0919636187881717,0.7553055933916253,0.9999121226767432,0.5518741486136134,0.5615360956105278,22757,0.15094556207401894,0.15626707995740288,0.23109041038345426,0.007721368561010803,-0.08014484830943537,22757.0,0.15094556207401894,0.5148434569668656,-0.4309798847278909,-0.35085500844845197,0.5819254468019097,SPY,last5,11:00-11:30,all
24674,845548411.1695642,0.14458649548894065,0.12963932442957218,0.12985410890852303,1.1114849639299702,0.9967672113484676,0.1854151901211105,0.1713226437178979,0.7566969643723102,0.23068817378617168,0.23952338493961256,0.47908729837075464,0.06747993839669288,0.7693118262138283,0.9998784145254114,0.562198532690203,0.49773040447434547,24671,0.12964193153514914,-0.061394797159889165,0.29343733132844896,0.20599887440416384,-0.16379539979329996,24671.0,0.12964193153514914,0.033174976018576545,0.7458485024158303,0.1114291012256982,-0.6162065708806813,SPY,last5,11:30-12:00,all
40065,1719644073.3623223,0.24390682350447518,0.2622653512699604,0.13032966889735764,1.8733652814179558,2.0137803240218637,0.27179344678977996,0.2835107209181152,0.9250632583510274,0.21163109946337202,0.2256583052539623,0.480219643079995,0.09906402096593037,0.788368900536628,1.0,0.5204043429427181,0.3697241981779608,40065,0.2622653512699163,-0.40151611383801605,-0.8348809025155696,0.6454229373424462,1.097146253785486,40065.0,0.2622653512699163,-0.6102501535365387,-1.0461816999534417,0.8541569770409688,1.3084470512233577,SPY,last5,12:00-12:30,all
23487,998484168.4444695,0.1491135864688244,0.15006585018828533,0.12953283981309585,1.1467858815517011,1.1539525496629353,0.1985044832894993,0.19204734055881997,0.7814003034440531,0.29842040277600373,0.1441222804104398,0.5238216885936902,0.04985736790564994,0.7015795972239962,0.9999148465108357,0.5024483713008303,0.3977519478860646,23485,0.15007508010983067,0.15571028610175686,0.062460612233119,-0.006584001009465508,0.08761446787671165,23485.0,0.15007508010983067,0.30892171263291485,0.48435178364897674,-0.15979542754062345,-0.3342767035391461,SPY,last5,12:30-13:00,all
21765,883541229.567734,0.1519064109182761,0.15750762930735934,0.13021087651439683,1.1678612451186274,1.2106090642466716,0.2125729722026932,0.21071344754299937,0.7474968073654504,0.2882150241212957,0.13788192051458764,0.5308063404548587,0.05251550654720882,0.7117849758787044,0.9999081093498736,0.4966227082663236,0.39710544452102,21763,0.15752680706489514,-0.06155884861287909,-0.38412242470604396,0.21347921959277613,0.5416492317709389,21763.0,0.15752680706489514,0.5016242201224221,0.14039520383642476,-0.3497038491425252,0.017131603228470384,SPY,last5,13:00-13:30,all
36717,1046292963.9986956,0.1646379402263946,0.2137817641424177,0.12924321634656447,1.2699893782175775,1.6496809190706816,0.22081329746324724,0.21057070818808013,1.0152493002562801,0.41506659040771304,0.11525996132581638,0.4181441838930196,0.06144292834381894,0.5849334095922869,0.9998638232971103,0.5007354543473523,0.5166271754228287,36712,0.21379504709956468,0.014494693201747252,-0.3190461622033468,0.1501656699299156,0.5328412093029113,36712.0,0.21379504709956468,-0.18012962663524484,-0.4836651450863976,0.34478998976690767,0.6974601921859623,SPY,last5,13:30-14:00,all
22607,1050115444.7910212,0.14352191441257134,0.15266300289307605,0.12934686301508708,1.1048020524618825,1.1764689711115468,0.19743526897694946,0.1951309547685981,0.7823617891590602,0.2823461759631972,0.12416508161189012,0.5660636086168,0.04281859601008537,0.7176538240368028,0.9999557659132127,0.5031407590905069,0.390719688592029,22606,0.1526719956516378,0.23066608118253207,0.44738390481915163,-0.08713781792835112,-0.29471190916751394,22606.0,0.1526719956516378,0.05323597086869601,-0.004932120836952517,0.09029229238548497,0.1576041164885904,SPY,last5,14:00-14:30,all
20764,881385832.6322818,0.18307773096316368,0.19510926140382334,0.12921315648347564,1.4086370641499677,1.5015005723167056,0.2314725866373736,0.2185976305739122,0.8925497540461813,0.3019167790406473,0.13773839337314583,0.5059718743979965,0.061741475630899635,0.6980832209593527,0.9998555191677904,0.5020471075574394,0.42438836447697936,20761,0.195117083169907,-0.2573726569313328,-0.45124327977611206,0.4404768429396204,0.6463603629460191,20761.0,0.195117083169907,0.10666250981119925,0.3975524871112154,0.0764416761970882,-0.20243540394130824,SPY,last5,14:30-15:00,all
22544,1101817575.995957,0.1540566144860609,0.19971114681044586,0.1291664244795033,1.1884386089426158,1.5417934361906838,0.16747588582188525,0.16247153528085032,1.2292069897980755,0.2719127040454223,0.08760645848119233,0.6012242725337118,0.05092264017033357,0.7280872959545777,0.9999112845990064,0.48633661609440154,0.3624911284599006,22542,0.1997162928215602,0.02726876417038882,0.09359811591068791,0.12680151872256687,0.10611817691087225,22542.0,0.1997162928215602,0.006358450573622994,0.3804228929927136,0.1477118323193327,-0.18070660017115334,SPY,last5,15:00-15:30,all
49139,3059281062.2111864,0.14959876379631049,0.1608562959042459,0.12917476700089653,1.1516852194796352,1.2381522686782152,0.1946547539577023,0.1950536562450629,0.8246771632014328,0.28274893668979834,0.08290767007875618,0.6124056248600908,0.03903213333604672,0.7172510633102017,0.9999796495655182,0.4766779274695755,0.3699301980097275,49138,0.160856417007092,0.15724137839183325,0.2705874007770887,-0.0076395701337578946,-0.10973098376999672,49138.0,0.160856417007092,0.43572508472530996,1.1408563151337843,-0.28612327646723446,-0.9799998981266921,SPY,last5,15:30-16:00,all
60678,2906092007.688192,0.31839649518242175,0.23274237867954434,0.13083953185603603,2.4454962259799924,1.7874160906377405,0.25159381238248824,0.23908626607441263,0.9734661153941238,0.22655657734269422,0.15771778898447542,0.5146346286957382,0.10979267609347704,0.7734434226573058,0.9999835195622796,0.5476210096082536,0.4041168133425624,53682,0.2411597813438292,-0.05945183498354274,0.13097031306670476,0.39864117097714613,0.1101894682771244,,,,,,,SPY,last5,open 09:30-09:35 (fixed),all
116529,7864670480.876621,0.15727201927626822,0.20101138302648364,0.13023461766360275,1.2106399265419419,1.5461816042983167,0.1684008688228806,0.16806364983156583,1.1960431849953168,0.23637892713401815,0.05038230826661175,0.6670699997425533,0.06165847128182684,0.7636210728659819,0.9999914184451939,0.48646677193464233,0.27777634751864344,75179,0.17628630529728084,0.20051479881264686,0.3633696537386755,-0.04694312982132908,-0.18708334844139474,,,,,,,SPY,last5,close 15:55-16:00 (fixed),all
1626132,68157815097.899055,0.20345071963066405,0.20477363123749434,0.14489288793246405,1.4380327304304965,1.4451588464262644,0.23006206662799095,0.22372110072799747,0.9153076333486323,0.2331803322239523,0.14863860990374705,0.5623012153994879,0.07827285853792927,0.7668196677760477,0.9999219005591182,0.5183889348433738,0.38341721336275286,1626005,0.20478208876604795,0.08440814844774477,0.12042467240372011,0.11905846181138173,0.08435741636232785,1626005.0,0.20478208876604795,0.03611875733720791,0.12674222670216792,0.16734785292191856,0.07803986206388001,SPY,normal18m,RTH all,all
1002645,45375746169.029,0.19470664799070114,0.2050254133758395,0.145364683649975,1.3684875504293343,1.4458734866919674,0.2170959791440849,0.2079036263464133,0.98615602324426,0.18785612056111584,0.05303572051922664,0.7381196734636886,0.05645966418822215,0.8121438794388841,0.9999192136798168,0.49400337534561384,0.0,1002564,0.20503458132997368,0.02157520623430545,0.05932010034428723,0.1731471726608106,0.1457144809856864,1002564.0,0.20503458132997368,0.013230633764940452,0.12556333855952123,0.1814917451301756,0.07947124277045241,SPY,normal18m,RTH all,lit
623487,22782068928.87006,0.21751227938964948,0.20427214902202417,0.1329424824348536,1.5498700694644545,1.4437354754672902,0.2509131554001722,0.2552252501015584,0.8003602658465057,0.30606732778710705,0.3023800015076497,0.2795631665134959,0.11335120058637951,0.693932672212893,0.9999262213967572,0.5576036866359447,1.0,623441,0.20427919671085937,0.18545066229793203,0.2421272815682021,0.032077666027904544,-0.03784808485734275,623441.0,0.20427919671085937,0.07292546193492729,0.12909023042820056,0.14460286639090925,0.07518896628265889,SPY,normal18m,RTH all,offexchange_TRF
213133,9392440918.25267,0.2853751448122824,0.25730712863846106,0.1468612088144762,2.0420199593683326,1.8418810946195219,0.2556850139980771,0.25036731662924727,1.027718522140374,0.2210544589528604,0.15548038079509038,0.5464991343433443,0.09649843055744535,0.7789455410471395,0.9999765404700351,0.5070755602267182,0.3468256910004551,213128,0.2573089495778584,0.29323300238676564,0.2733610968350459,-0.007851162650704294,-0.016052147257187455,213128.0,0.2573089495778584,0.2931833348304904,0.231425210069067,-0.007801495094429131,0.025883739508791435,SPY,normal18m,09:30-10:00,all
174018,6992569738.345603,0.19106150504774325,0.17939905525685254,0.14490758518741484,1.3295830316406225,1.2457417870493133,0.219608489046842,0.20791580993389497,0.8628447029299547,0.22360905193715594,0.1532197818616465,0.5526842050822329,0.09219161236193957,0.776390948062844,0.9999482812122884,0.5263003637742876,0.39940121136893886,174009,0.17940078548052582,0.04795247220520897,0.10366843456492184,0.14311891482300232,0.07573235091560404,174009.0,0.17940078548052582,-0.0231395447622799,-0.05417304509321578,0.21421093179049125,0.23357383057374165,SPY,normal18m,10:00-10:30,all
151668,5853944402.395645,0.21345728203442188,0.1986084346274074,0.14570144317266212,1.5130035340351244,1.4031218960312077,0.2290921517749976,0.21454882009863274,0.9257027586360196,0.20864651739325368,0.18494342906875544,0.5187251101089221,0.10811113748450563,0.7913534826067463,0.9999736266054804,0.5332577276083975,0.42925336920114987,151664,0.1986101597195652,0.07328411051486661,0.09832147539899587,0.14017880126110835,0.10028868432056934,151664.0,0.1986101597195652,-0.3810139958147961,-0.44172330865112436,0.594476907590771,0.6403334683706896,SPY,normal18m,10:30-11:00,all
124746,4472444053.605322,0.19823483293923466,0.1836194776210162,0.14647185909393834,1.3928089077007229,1.2775547760797819,0.23031629134306245,0.22286416525535127,0.823907591472278,0.2087361518605807,0.19289596460006733,0.5115354400141087,0.10373078094688407,0.7912638481394193,0.9999358696872044,0.543346855008097,0.4589565998108156,124738,0.18363006282906236,0.012673159596295896,0.0933144970827798,0.1855743870200789,0.09031556574628259,124738.0,0.18363006282906236,-0.37558303565302725,-0.28688584332853434,0.5738305822694021,0.4705159061575968,SPY,normal18m,11:00-11:30,all
111807,4031237436.2116017,0.19996397886332687,0.19898982684790842,0.14154482016717723,1.3807579131899668,1.3615414603853828,0.22802611623882457,0.2187786402373172,0.9095486955767569,0.2154337384958008,0.19626678114965967,0.5136440473315624,0.0931963115010688,0.7845662615041992,0.9999284481293658,0.5508546588073239,0.44653733666049533,111799,0.1989943664244362,0.10668160251639844,0.1641318302633346,0.09329668516746605,0.034862536161101534,111799.0,0.1989943664244362,-0.08727325430479961,0.07602916951256417,0.2872515419886641,0.12296519691187195,SPY,normal18m,11:30-12:00,all
114713,4441154049.226555,0.2305582593177506,0.24241962603254258,0.1465577254239681,1.669384986880527,1.754063615304166,0.25445963762956875,0.2525902818576847,0.9597345719307108,0.2065676950302058,0.20881678624044353,0.503935909617916,0.1037371527202671,0.7934323049697942,0.9999389781454586,0.5388820114030652,0.39840297089257537,114706,0.24243314408662175,-0.019956681649193175,-0.1677018451754218,0.2505290109180427,0.41013498926204367,114706.0,0.24243314408662175,0.06685409784943676,-0.1422788326976627,0.16371823141941283,0.3847119767842844,SPY,normal18m,12:00-12:30,all
86436,3493579187.7357683,0.15972309264256754,0.16816610230168247,0.13312654343574187,1.1372601693742121,1.1964011256612257,0.20967334864587298,0.20621858737328214,0.8154749988529415,0.2705007172937202,0.13069785737424222,0.5723078346985052,0.05191124068675089,0.7294992827062798,0.9998958767180341,0.49676605690351394,0.3753528622333287,86427,0.1681721480496014,0.10318908044340855,0.014687568807223819,0.05655064482357242,0.15348457924237754,86427.0,0.1681721480496014,0.1730112537834768,0.16048585422085876,-0.013271528516495892,0.007686293828742602,SPY,normal18m,12:30-13:00,all
88552,3685480169.439369,0.1875202907698841,0.20826494420367975,0.14187717692780444,1.3009461107600448,1.4352961769644212,0.24045796865943045,0.23915502834101868,0.8708365684317045,0.2599941277441503,0.13742207968199477,0.5678019694642695,0.06058587044900172,0.7400058722558497,0.9999096576023128,0.5076797976147452,0.3652656066492005,88544,0.20827956358849148,0.03595034640047524,-0.04334053933386865,0.15158688693268596,0.2516201029223601,88544.0,0.20827956358849148,0.07665124786272891,-0.16509889214264695,0.11088598547043234,0.37337845573113837,SPY,normal18m,13:00-13:30,all
104694,3800869620.597759,0.18439968975376742,0.2161400533791468,0.13306100181616165,1.3111702676374128,1.528469633080064,0.22345003534441088,0.21994713756935036,0.9826909127698779,0.2986895142032972,0.12812577607121708,0.5228188816933158,0.06926853496857509,0.7013104857967027,0.9998853802510173,0.5153799124968954,0.42161919498729633,104682,0.2161481250716719,0.05547514794095425,0.3220631363535778,0.1289456800817729,-0.10591501128190595,104682.0,0.2161481250716719,-0.009100223695971826,0.770073713444314,0.1935210517186989,-0.5539255883726422,SPY,normal18m,13:30-14:00,all
77962,3298647746.0872755,0.1665816431938249,0.183819357518962,0.1345940307546136,1.1578823016344506,1.2781534914175094,0.22543364099201157,0.2221540542568842,0.8274409311765497,0.266078345860804,0.1234575818988738,0.5891844744875708,0.046830507170159824,0.733921654139196,0.9997691182883969,0.49828081699681825,0.36930812447089606,77944,0.18384713723214746,0.19932898264937746,0.30058612363670434,-0.0327088699187815,-0.11673898640455682,77944.0,0.18384713723214746,0.17962587837193592,0.1766390945681889,-0.0130057656413399,0.007208042663958551,SPY,normal18m,14:00-14:30,all
82640,3414111243.791148,0.17516961712810195,0.1890160818481053,0.14503368407299408,1.2351016456924313,1.3316515277742058,0.23451214674672344,0.22659937873004268,0.8341421009511596,0.25338818973862537,0.1247458857696031,0.5985237173281703,0.04289690222652469,0.7466118102613747,0.9999031945788964,0.516857875883435,0.3634075508228461,82632,0.18902808849472075,-0.1447641877541377,-0.33586484948064865,0.31995076389247595,0.5248929379753693,82632.0,0.18902808849472075,0.1457069015611881,0.12214516220088427,0.02947967457715022,0.06688292629383645,SPY,normal18m,14:30-15:00,all
102189,4814499933.160971,0.18024077359356283,0.20537005268497333,0.14141171313207013,1.2630653005706503,1.43939063770256,0.21095828070582176,0.20677188402573962,0.9932203967315412,0.24003562027224065,0.09574416033036824,0.6426229829042265,0.052314828406188535,0.7599643797277593,0.9998042842184579,0.5140208869617986,0.3260429204708922,102169,0.2053860183727177,0.09751047908602169,-0.0070219203436330665,0.08276557737679695,0.21240793871635077,102169.0,0.2053860183727177,0.09655190313702107,-0.24251662940603558,0.08372415332579758,0.4479026477787532,SPY,normal18m,15:00-15:30,all
193574,10466836599.049372,0.1821491388335646,0.19165702311420274,0.14207875425335348,1.2943548203789739,1.367203737194489,0.21653538580412524,0.2146485082794098,0.892887747743959,0.22627522291216795,0.089350842571833,0.6635705208344096,0.04840009505408784,0.773724777087832,0.9999431741866159,0.4923409949215501,0.3151611270108589,193563,0.1916646589968377,0.06524471883583353,0.2941527545116046,0.11691477135890131,-0.10248809551476688,193563.0,0.1916646589968377,0.25987211091855383,0.7955278462430018,-0.077712620723819,-0.6038631872461638,SPY,normal18m,15:30-16:00,all
268611,12389673130.779638,0.35320803014539986,0.2666644411571649,0.14701882576050496,2.521811616054711,1.9043562708340733,0.27937568669048485,0.26666541748526784,0.9999963387524632,0.2067003957395639,0.15667266046438902,0.5489760285319663,0.1063843252882421,0.7932996042604361,0.9999813857213592,0.5134062530248766,0.3475732564935911,230202,0.27785768220737966,0.30165064628684424,0.15080952940734496,0.07686367773109343,0.12704815280003467,,,,,,,SPY,normal18m,open 09:30-09:35 (fixed),all
468692,30426482710.175858,0.1557616298628915,0.18450372082067082,0.13325959635656145,1.1123354356380877,1.325595768362741,0.17449022974456996,0.1716815378181364,1.0746858582785825,0.22602263320048133,0.04827263960127333,0.6993868041272306,0.05468836677391549,0.7739773667995187,0.999980797624026,0.4987102156468231,0.2525453816152185,293099,0.15518999754894497,0.05714429812431178,0.12908935615416073,0.0893591824625737,0.02610064139478428,,,,,,,SPY,normal18m,close 15:55-16:00 (fixed),all
547967,22983291249.60788,0.1826200490439658,0.18556939462650668,0.1298170229090473,1.4061697875969799,1.4291373392957831,0.21483199388592458,0.20696917216483784,0.8966040337578024,0.28139650745391603,0.16907222515224457,0.49529077480943196,0.06681971724574655,0.718603492546084,0.9999051037744974,0.5261108018579524,0.45099066184642506,547915,0.18557851732613603,0.04093405229801835,0.017905992114071692,0.14170332834396446,0.16767252521206436,547915.0,0.18557851732613603,0.07873639559685434,0.19295975343464594,0.10390098504512843,-0.007381236108509843,SPY,since_2026-07-15,RTH all,all
300839,14395652971.76,0.1868623594084779,0.19893365560592657,0.12998407695045533,1.4392256323151678,1.5323242273963855,0.20226296916296674,0.19381379661569903,1.0264163804622195,0.213260248837418,0.04910600021938645,0.7074448459142598,0.052217298953925524,0.786739751162582,0.9998770106269467,0.49621678047353407,0.0,300802,0.1989443443687406,-0.05039274329798859,-0.11683528579475452,0.2372780876177638,0.31577963016349514,300802.0,0.1989443443687406,0.08837513113304103,0.08956795474032994,0.0985102131867342,0.10937638962841072,SPY,since_2026-07-15,RTH all,lit
247128,8587638277.847878,0.17745571150330086,0.16316658059787761,0.1253570555763558,1.3659295587715339,1.2561628165840086,0.2301327806386596,0.22902182680529865,0.7124499130669871,0.3643415557929494,0.31511200673335277,0.23702696578291413,0.08459583697517076,0.6356584442070506,0.999939302709527,0.5624997470792714,1.0,247113,0.16317335207212016,0.15210296194206813,0.24377309247842321,0.02536352129586338,-0.08059974040630302,247113.0,0.16317335207212016,0.06700350041628504,0.36627565287521524,0.11046298282164646,-0.2031023008030951,SPY,since_2026-07-15,RTH all,offexchange_TRF
64191,2949461845.5780845,0.3191145495045331,0.27778443368214656,0.130446976565082,2.456821672820503,2.140370059841052,0.24941654305511513,0.23753584115064794,1.1694421874885503,0.269554922029568,0.16581763798663365,0.47581436649997666,0.09978034303874375,0.730445077970432,0.9999532644763285,0.5121829625475167,0.4089825676496705,64188,0.2777878517224246,0.21276512767521455,0.13893221830849264,0.10636433651189985,0.13885563341393192,64188.0,0.2777878517224246,0.40441622532002486,0.4595452654548662,-0.08528676113291053,-0.18175741373244148,SPY,since_2026-07-15,09:30-10:00,all
47435,1868625201.3414574,0.14258518834574088,0.13227631441833876,0.1296772980437,1.0979040792664976,1.0180119305824489,0.1894676038911827,0.17908126204550323,0.7386384980061639,0.29212606724992096,0.18673974913038896,0.4697586170549173,0.06579529882997787,0.707873932750079,0.9998313481606409,0.5490965062095431,0.5018024665331506,47427,0.13228055066523495,0.07695238069314611,0.046389809437513634,0.06565685896314367,0.08589074122772138,47427.0,0.13228055066523495,-0.05253882045464005,0.13385577642379412,0.1951480601109299,-0.0015752257585592074,SPY,since_2026-07-15,10:00-10:30,all
53949,2081424659.6742325,0.19850217861687144,0.18886595022271593,0.12983893480421302,1.5290889543831294,1.4549193344244655,0.19744520852669348,0.1815368040942516,1.0403727837175052,0.23329440768132867,0.20621327550093607,0.4747446662588741,0.10027989397393836,0.7667055923186713,0.9999814639752359,0.549807221769111,0.4697399395725593,53948,0.1888674960440886,0.05907189257360164,0.13845561099971676,0.13943396555274312,0.05041188504437176,53948.0,0.1888674960440886,-0.10765568557076305,0.021331629263607082,0.30616154369710774,0.16753586678048155,SPY,since_2026-07-15,10:30-11:00,all
34431,1063401914.6363178,0.16947294509474145,0.15307387968504774,0.12997056166766405,1.304886875199993,1.1784873336037451,0.22415812835435286,0.21257449063329112,0.7200952439261071,0.24007435160175422,0.2744038802242165,0.40112108274520053,0.09145827887659377,0.7599256483982457,0.9999419128111295,0.5741671265502919,0.5809590194882519,34429,0.1530743250708907,0.13900015069151228,0.12973138013142838,0.030482639182024568,0.023342944939462366,34429.0,0.1530743250708907,0.40073923324780314,-0.30900828445435,-0.23125644337426643,0.4620826095252407,SPY,since_2026-07-15,11:00-11:30,all
35958,1194523912.8277547,0.14725304046180826,0.14527076644134948,0.12987940697050965,1.133445686634745,1.1188790673338005,0.1955177359532476,0.18217488377296184,0.7974247790512952,0.23199288058290227,0.264781133544691,0.448106123811113,0.06780132376661661,0.7680071194170978,0.999916569330886,0.579224030037547,0.5357083263807776,35955,0.14527283439672592,-0.11942619763857797,0.07847499298068909,0.26669152454511486,0.06679784141603687,35955.0,0.14527283439672592,-0.2615134968250847,0.19432825211051696,0.4087788237316214,-0.0490554177137909,SPY,since_2026-07-15,11:30-12:00,all
51632,2063818194.5618646,0.22921637002922235,0.24840610894144488,0.13028382331192265,1.7619387201738204,1.908430844380397,0.2628816578856737,0.2720611159839963,0.9130525986523451,0.21831422373721723,0.24713356058258446,0.45247133560582586,0.09629687015804153,0.7816857762627828,0.9999806321660986,0.5387848385659778,0.42063061667183144,51631,0.24840620207665595,-0.3073121675542026,-0.6443471509131466,0.5365329770939417,0.8927533529898027,51631.0,0.24840620207665595,-0.5842875052688589,-0.8566128056440039,0.8135083148085978,1.1050190077206599,SPY,since_2026-07-15,12:00-12:30,all
33606,1426723552.6140318,0.14674980226070625,0.14859539368524166,0.1294741407771155,1.1299970243412092,1.1441561426457938,0.20416111471932144,0.19791123174498812,0.7508183965865529,0.31771112301374754,0.14214723561268822,0.5103552936975541,0.04582515027078498,0.6822888769862524,0.9999107302267453,0.5016516382465851,0.408766291733619,33603,0.14860195075285434,0.11861207383354003,0.000776763039346603,0.02815082991826122,0.14782518771350775,33603.0,0.14860195075285434,0.23893778611553285,0.1564626775610718,-0.09217488236373148,-0.007860726808217504,SPY,since_2026-07-15,12:30-13:00,all
28022,1148675080.3802185,0.14569317181876495,0.15252534308711582,0.12981533768202907,1.1209314110344881,1.173294198884382,0.21235377065108285,0.20648671186131115,0.7386690490260748,0.2989793733495111,0.13596459924345158,0.5329384055385055,0.04446506316465634,0.7010206266504889,0.9999286275069588,0.49571734475374735,0.4118906573406609,28020,0.15253962727830556,-0.0584674128317732,-0.35933977846022847,0.2041709838776086,0.5118794057385341,28020.0,0.15253962727830556,0.40679409429760416,0.01769571668555211,-0.2610905232517688,0.13484391059275339,SPY,since_2026-07-15,13:00-13:30,all
45215,1349889501.263862,0.15812871860566846,0.19805723754391222,0.1293334799111596,1.2197739688160072,1.528242115776159,0.21983403480481845,0.21106410630466252,0.9383747952767705,0.393984297246489,0.1273250027645693,0.4357845847616941,0.05305761362379741,0.606015702753511,0.9998894172287958,0.519907100199071,0.5160455601017362,45210,0.19806677568732434,0.06622714010837613,-0.15316013594415548,0.0919190667430272,0.35122691163147973,45210.0,0.19806677568732434,0.06410965550919062,-0.111101066575711,0.09403655134221281,0.30916784226303545,SPY,since_2026-07-15,13:30-14:00,all
29412,1324651238.430551,0.14449951247580084,0.15717820812493644,0.12941633234102376,1.1129035767717197,1.2115990882969798,0.2097256918276526,0.20553621485714108,0.7647226948992123,0.2917176662586699,0.13246294029647762,0.5505915952672379,0.03777369781041752,0.7082823337413301,0.9995580035359717,0.5150515323650464,0.41751665986672104,29399,0.15722838244353501,0.20176217621047698,0.3726673979274229,-0.05719876721912745,-0.21543901548388794,29399.0,0.15722838244353501,0.0026031289993571857,-0.0594759426429271,0.14196027999199234,0.21670432508646226,SPY,since_2026-07-15,14:00-14:30,all
29534,1242429522.824276,0.16832253495977673,0.18066922174530917,0.1294037721198396,1.2960134082754966,1.391301875366108,0.22645702786591893,0.216353801729857,0.8350637719363758,0.3080855962619354,0.1277510665673461,0.522516421751202,0.048012460215345026,0.6919144037380646,0.9998645628766845,0.5248222146969184,0.4336358095754046,29530,0.18069683242035617,-0.17300499738163272,-0.29948994041671606,0.34135033254928276,0.4801867728370722,29530.0,0.18069683242035617,0.05047168187487472,0.2042518220031388,0.11787365329277534,-0.023554989582782675,SPY,since_2026-07-15,14:30-15:00,all
30947,1498175390.086623,0.14218446612784102,0.17542666918855354,0.12916976135874841,1.0968475134911102,1.354080836911234,0.1772215233396136,0.16734871964136547,1.0482701604440083,0.3028080266261673,0.0931269589944098,0.5748214689630659,0.042621255695220864,0.6971919733738327,0.9998707467605907,0.5015027631451379,0.39835848385950173,30943,0.17544261138952655,0.060204222229176194,0.16015096585795574,0.08199862407716121,0.015291645531570752,30943.0,0.17544261138952655,0.020022808880208832,0.33646639198327494,0.1221800374261286,-0.16102378059374833,SPY,since_2026-07-15,15:00-15:30,all
63635,3771491235.388604,0.14712800339566806,0.16077599346402,0.12937363753376205,1.1331603677223434,1.2379948441587785,0.19890213637721343,0.1968293063715325,0.8168295485456889,0.2930934234305021,0.08478038815117467,0.6046200990021214,0.03279641706607999,0.706906576569498,0.9999528561326314,0.485023258737742,0.3884497524946963,63632,0.16077648581334303,0.14588395764606063,0.26037238173164917,0.0012509822596688343,-0.09959589591830616,63632.0,0.16077648581334303,0.42026728032828,1.027845346940915,-0.2731323404225505,-0.8670688611275724,SPY,since_2026-07-15,15:30-16:00,all
84208,3962550514.1585007,0.3455391518051183,0.2534564642132921,0.13085151624182545,2.659337117613798,1.9503490062446451,0.2746123434317284,0.2577525949039538,0.9833323474696246,0.22430172905187157,0.1732614478434353,0.49270853125593767,0.1177797833935018,0.7756982709481285,0.9999881246437393,0.5424014630612657,0.423653334600038,73726,0.2649979294362877,0.052271079767673284,0.10303463779566222,0.3182917076385077,0.16196329164062556,,,,,,,SPY,since_2026-07-15,open 09:30-09:35 (fixed),all
165776,11073295345.047766,0.14488446710138825,0.1811618811205696,0.1294607313264971,1.1158470466172838,1.3942959959608439,0.16746097249625758,0.1649946207221825,1.0979865908817084,0.26329504874046905,0.04841472830807837,0.6505163594247659,0.05427202972686034,0.736704951259531,0.9999939677637294,0.48867440808324536,0.29716002316378726,104325,0.1610621530426938,0.12254831179920575,0.16792514157517152,0.019206908319689842,-0.0068629885324776535,,,,,,,SPY,since_2026-07-15,close 15:55-16:00 (fixed),all
692215,27844159227.82786,0.25126510450379513,0.23047729238276143,0.14507787054688417,1.8240893364058575,1.6732874453456352,0.2445117915208761,0.23675324543374449,0.9734915859781134,0.20707583626474432,0.1273896116091099,0.592717580520503,0.10239882117550184,0.7929241637352556,0.9999595501397687,0.5297239040895019,0.31237404563611015,692187,0.23048506516251563,-0.11344593597592015,-0.17519312218146513,0.36472120452917484,0.4056781873439807,692187.0,0.23048506516251563,-0.22315822744864475,0.24218105498387937,0.4744334960018993,-0.011695989821363646,SPY,stress,RTH all,all
475985,19590382671.245003,0.24140861797892366,0.23412715911740434,0.14511997794163137,1.7483971133546097,1.694816644910279,0.23721087441029337,0.22342363682299676,1.0479068483827754,0.15517925985062556,0.06048299841381556,0.7391367375022322,0.08715190604745948,0.8448207401493745,0.9999579818691765,0.5205907997436786,0.0,475965,0.23413703884852272,-0.23623276910825683,-0.2389441708598794,0.47765153105227764,0.47308120970840223,475965.0,0.23413703884852272,-0.3935892480033994,0.16469701560130667,0.6350080099474202,0.06944002324721611,SPY,stress,RTH all,lit
216230,8253776556.582861,0.27296209261155524,0.22181431422475978,0.13555002812650754,1.990709892244771,1.6221877753720653,0.2605832294845292,0.2683911425529974,0.8264591450925381,0.3213152661517828,0.27467048975627806,0.2704065115848865,0.13596170744115063,0.6786847338482171,0.9999630023585996,0.5498284170898429,1.0,216222,0.22181733390442693,0.15684217083944832,-0.023883993234813154,0.1161300210993267,0.2457013271392401,216222.0,0.22181733390442693,0.15200804008353933,0.4260845789146909,0.12096415185523557,-0.20426724501026397,SPY,stress,RTH all,offexchange_TRF
99793,4377543976.759054,0.24506432037501227,0.2154497614478635,0.1463882362412025,1.7511789404068,1.5420346707265908,0.210098651762065,0.2039937929978325,1.0561584167914009,0.20156724419548466,0.08643892858216508,0.6434519455272414,0.09871433868106981,0.7984327558045153,1.0,0.5426132093433407,0.23296223181986714,99793,0.2154497614478401,-1.2246068816333318,-0.3857657515024447,1.469671202008315,0.6012155129502846,99793.0,0.2154497614478401,-3.088823321492575,0.6750793367045334,3.3338876418675585,-0.45962957525669357,SPY,stress,09:30-10:00,all
59273,2439292235.3747244,0.22629861205532345,0.19205061243049376,0.14589062579770665,1.6366406289544937,1.39080085445826,0.22558019095384435,0.21737960796692452,0.883480351384732,0.20699137887402358,0.1240193680090429,0.5782902839404113,0.11462217198387124,0.7930086211259764,0.9999493867359506,0.5124514931668636,0.3261012602702748,59270,0.19206226753630568,-0.16131818153827412,-0.6538311261376066,0.38762824788470485,0.8458933936739124,59270.0,0.19206226753630568,-0.3803385721842412,-1.605727140066538,0.6066486385306721,1.7977894076028438,SPY,stress,10:00-10:30,all
58604,1822388930.8860855,0.21650739276063333,0.1918292841654707,0.1457609083818485,1.5603962186885993,1.3779021498071191,0.22932942409670956,0.21359421194053177,0.898101509505694,0.259470343321275,0.1481810115350488,0.4931062726093782,0.12149341341887926,0.7405296566787251,0.9999658726366801,0.5230026278966589,0.4410108525015357,58602,0.1918350581999636,-0.042442460112819685,0.04462403678600113,0.25895724195202596,0.1472110214139624,58602.0,0.1918350581999636,0.2727364032351911,0.9969051401140883,-0.05622162139598488,-0.8050700819141248,SPY,stress,10:30-11:00,all
47229,1716161909.8473825,0.19309636820427126,0.17088003063860643,0.1455021643445623,1.4081729445894575,1.2433543944783225,0.19544906460329642,0.1892615523625329,0.9028776764510712,0.19185246352876412,0.14666836054119292,0.5989752059116221,0.10631179995341845,0.8081475364712359,0.9998941328421097,0.5242884973742165,0.3872832369942196,47224,0.1709031522908885,0.13547515378600622,0.12258217036339411,0.05764165914636619,0.04832098192749443,47224.0,0.1709031522908885,0.23647589989547213,-0.3971537693773359,-0.04335908696309968,0.5680569216682243,SPY,stress,11:00-11:30,all
45768,1682425240.3771884,0.20951455877333713,0.19160820041925844,0.13670680150661435,1.5357013633982075,1.406759270772143,0.22748858951815396,0.2271046524557786,0.8437000226429445,0.21228806152770494,0.1667759133018703,0.5271368641845832,0.11370389791994406,0.787711938472295,0.9999781506729593,0.5388161775952105,0.4183053661947212,45767,0.19160828372611796,0.1721949788408241,-0.19760657173327065,0.03732415778462356,0.3892148554593886,45767.0,0.19160828372611796,0.12289649266567655,-0.45076636530945857,0.0866226439597711,0.6423746490355765,SPY,stress,11:30-12:00,all
47464,1645947727.2929335,0.22101828041366503,0.1956377016882769,0.13717327041640187,1.6083772964777119,1.4188757875661608,0.22277389781614504,0.21033598826063288,0.9301199633315106,0.2084948592617563,0.14573150176976235,0.5604879487611664,0.12249283667621777,0.7915051407382437,0.9999789314006405,0.5594252365000105,0.34777936962750716,47463,0.19564587313448928,0.12693859230402416,-0.03993449329878749,0.09408434475331448,0.23558036643327676,47463.0,0.19564587313448928,0.21342164328859642,-0.6445236326163776,0.007601293768742094,0.8401695057508669,SPY,stress,12:00-12:30,all
85724,3479427204.824063,0.5172443511332281,0.46480020096531544,0.2746535931569438,3.7520055060429436,3.372320111267418,0.4322214012023013,0.39990418358880636,1.1622789158996074,0.14514021744202324,0.16920582334002146,0.5407703793570062,0.16602118426578322,0.8548597825579768,0.9999766693108114,0.5032080446093185,0.2186902151089543,85722,0.46480039962134584,-0.09317517877737869,-0.7383532199721387,0.6104315978593162,1.2031536195934847,85722.0,0.46480039962134584,0.9943504038879144,1.0914216520082773,-0.4770939848059772,-0.6266212523869316,SPY,stress,12:30-13:00,all
42620,1633568676.3435922,0.21570236204692275,0.23434202050892414,0.13690097268128637,1.5728887846084483,1.7165331731970035,0.24543314035723485,0.24840972253026217,0.9433689556187792,0.20882214922571563,0.13751759737212577,0.6077897700610042,0.07841389019239793,0.7911778507742844,0.9999530736743313,0.5500727392181707,0.2851008916001877,42618,0.23434704044614912,0.44544139442636294,0.3221321128639175,-0.22972890978516583,-0.08778507241776827,42618.0,0.23434704044614912,-1.1009656216360872,-0.38293350841997037,1.316678106277284,0.6172805488661197,SPY,stress,13:00-13:30,all
34660,1186158624.2980087,0.25167707261903355,0.20145197621374322,0.13656444817708183,1.8647224466245065,1.4735411245806973,0.1989434899551742,0.20228621767189744,0.9958759352576984,0.21015579919215233,0.12057126370455856,0.6258799769186382,0.0743796884016157,0.7898442008078477,0.9999134448932487,0.5512306316184321,0.3204270051933064,34657,0.20147629831710093,0.35915336022309197,0.23540906001308606,-0.10745450178252113,-0.033932761695985234,34657.0,0.20147629831710093,-0.08289199334976133,0.24814577712589003,0.33459085179033193,-0.04666947880878923,SPY,stress,13:30-14:00,all
33612,1450261526.5747035,0.1879247542574455,0.19647210959151856,0.13612572572015144,1.3739241937406006,1.4373037470097298,0.21129849111295032,0.21184987003376157,0.9274119901995109,0.23092942996548851,0.10359395454004522,0.6290908009044389,0.06688087587766274,0.7690705700345115,0.99994049744139,0.5365962511157394,0.3011424491253124,33610,0.19647372100323154,0.040759103026790824,-0.19519212636419397,0.1471768338997207,0.3916658473674256,33610.0,0.19647372100323154,0.9838766000538254,0.8443302778917158,-0.7959406631273139,-0.647856556888484,SPY,stress,14:00-14:30,all
34514,1443244866.6738331,0.1877153734940361,0.19458070992494889,0.13600816049579545,1.3726771744799922,1.4266512833443294,0.21353318334321045,0.22036657658371864,0.8829864897911434,0.21414498464391263,0.09436750304224373,0.6556180100828649,0.06562554325780842,0.7858550153560874,0.9999710262502173,0.538782487758236,0.2895926290780553,34513,0.19458442676023283,0.3745194472220925,0.4006439829940342,-0.18679863475223638,-0.20605955623380134,34513.0,0.19458442676023283,1.0045557883539191,1.8609031127207594,-0.8168349758840627,-1.6663186859605268,SPY,stress,14:30-15:00,all
45437,2045102389.498115,0.197346962230651,0.19768799148486468,0.14497481062652176,1.4427426986819838,1.4476534615110945,0.22032503438476678,0.21957377501995373,0.9003260588241916,0.22847018949314435,0.1044083016044193,0.6322160353896604,0.06939278561524749,0.7715298105068557,0.9999119660188833,0.5273039420685405,0.32251248982107095,45433,0.1976945454974859,0.1530666101536457,0.1330293513170106,0.044297726845290826,0.06466519418047524,45433.0,0.1976945454974859,0.04211598322196772,0.2349385318119072,0.1552483537769688,-0.03724398631442137,SPY,stress,15:00-15:30,all
57517,2922635919.078179,0.17654163854322863,0.17434768410783613,0.14479218701345706,1.2849140254187146,1.2699530145685105,0.21508718987299016,0.21046075445170281,0.8284094797723723,0.22459446772258637,0.10457777700505938,0.6507641219117826,0.0566788949354104,0.7754055322774136,0.9999652276718187,0.5086673041815178,0.2971295443086392,57515,0.1743564855837477,-0.16112829099062045,-0.09973638990114068,0.3376760685110768,0.2740928754848883,57515.0,0.1743564855837477,0.49236147987694523,0.18188879338193048,-0.31581370235648887,-0.007532307798182703,SPY,stress,15:30-16:00,all
115339,5086230051.949095,0.26675175842193316,0.2346283504723236,0.14652980782602376,1.9258630645317718,1.6952776170162027,0.23152069361003574,0.22748524352525237,1.0314003090326969,0.19268417447697656,0.09625538629604904,0.6353098258178066,0.10223775132435689,0.8073158255230234,1.0,0.5487996254519286,0.24158350601271036,98618,0.2386791653420368,-0.8931444263787459,0.0254936557670272,1.1715887223694408,0.21318550957500942,,,,,,,SPY,stress,open 09:30-09:35 (fixed),all
188261,11280957617.749542,0.17928139165151258,0.20818997839083858,0.13574691345443188,1.3072199765221477,1.5180871177487645,0.19488560338584698,0.19330416192093652,1.0770072217896194,0.2258566564503535,0.05802051407354683,0.676449184908186,0.06872373991426796,0.7741433435496465,1.0,0.5159432914942553,0.2314552668901153,120736,0.18549233368789447,-0.02409654911919428,-0.21102532056026777,0.18778963584752045,0.39651765424816227,,,,,,,SPY,stress,close 15:55-16:00 (fixed),all
467196,20326368585.9637,0.3148871023444292,0.382575504516644,0.22757529897684206,1.2800733311075487,1.5411199143023828,0.32770928962955864,0.325498647936119,1.1753520542786609,0.20897867276260926,0.10369951797532513,0.639870632454045,0.06811916197912653,0.7910213272373907,0.9998929785357752,0.5022455506415553,0.24433642411322015,467146,0.3825988443715194,0.10254718863062871,0.18591388550201238,0.21237361699946183,0.19668495886950707,467146.0,0.3825988443715194,0.32174952005492313,0.5772058814131323,-0.006828714424832593,-0.19460703704161295,SPY,y2022,RTH all,all
353043,13951163329.571,0.2754711184999693,0.29367755603943835,0.2281776591251875,1.1310265321790451,1.2080586857762061,0.31856747059330937,0.30979020060089213,0.9479885272994417,0.19716295182173277,0.019643499517055997,0.7492798327682464,0.06089909727710222,0.8028370481782673,0.9998810343215982,0.4991827218619777,0.0,353001,0.2937005639410451,0.05314833243605358,-0.010440487678878277,0.22235556157149902,0.3041410516199234,353001.0,0.2937005639410451,0.4076036765258192,0.573269329823011,-0.13209978251826665,-0.27956876588196594,SPY,y2022,RTH all,lit
114153,6375205256.3927,0.4367896119972605,0.5771150917127817,0.22504022594018216,1.7410329995710647,2.2699735607409695,0.35598235488421287,0.3598741865445365,1.603657926271854,0.24552136168125235,0.3636610513959335,0.3014988655576288,0.09044878365001358,0.7544786383187476,0.9999299186179952,0.5117175522361909,1.0,114145,0.5771284058210407,0.25531643507630064,0.6155817026815275,0.18150378988593366,-0.03845329686048667,114145.0,0.5771284058210407,0.05623983423090334,0.5858199474079027,0.38058039073133104,-0.008691541586862066,SPY,y2022,RTH all,offexchange_TRF
70475,2687274768.1385,0.29159595686460893,0.28824993738949367,0.22375118867798635,1.2127656615823692,1.1848045774032827,0.32839583198501426,0.33110181204273453,0.8705779518726703,0.20170273146505854,0.08769067045051436,0.6665200425682867,0.06749911316069528,0.7982972685349414,0.9999006739978716,0.5084009763296815,0.1987229514012061,70468,0.28826714023286126,0.1240931914975683,-0.14844868932729904,0.16753173130466714,0.4367158295601603,70468.0,0.28826714023286126,0.38625329063104075,-0.43155406294388504,-0.09462836782880528,0.7198212031767462,SPY,y2022,09:30-10:00,all
36466,1458969395.2343,0.2817158532475271,0.2842989951971239,0.22383633087466073,1.1373558931610768,1.1486353409584502,0.34692314062690444,0.34063790574927555,0.8346076299752162,0.22267317501234027,0.11525804859321011,0.6174792957823726,0.06685679811331104,0.7773268249876597,0.9999177315855866,0.5086800318130708,0.25612899687380025,36463,0.284309154058774,0.22900981221304847,0.32486882691756447,0.052729219257786945,-0.04055967285879045,36463.0,0.284309154058774,0.21330887040940033,0.28729506748327605,0.06843016106143508,-0.002985913424502384,SPY,y2022,10:00-10:30,all
40576,1745960395.2111,0.29890145624706893,0.3097647843416161,0.24860316099856872,1.2119168966879845,1.25530352018743,0.3487922379855927,0.349202886295711,0.8870624971848083,0.21426458990536276,0.12243690851735016,0.6112973186119873,0.07267843059936908,0.7857354100946372,0.9999507097791798,0.5155764775471977,0.2655510646687697,40574,0.3097651815809444,0.029615822520874118,-0.20575220110885328,0.2693003673711317,0.5155173826897976,40574.0,0.3097651815809444,-0.4470479649241089,-0.5629849558185367,0.7459641548161148,0.8727501373994813,SPY,y2022,10:30-11:00,all
31535,1303525475.9489,0.276797502564964,0.3049911487837263,0.22366611123149646,1.1174745520853264,1.230410092199061,0.3323073859918101,0.3234922465487352,0.9428082188602883,0.2115110195021405,0.11124147772316474,0.6350087204693198,0.06488029173933725,0.7884889804978595,0.9998097352148406,0.5166037616162897,0.250198192484541,31529,0.3050278441821074,-0.17701329429853874,0.19415179805930385,0.4538634717029632,0.11087604612280343,31529.0,0.3050278441821074,0.17859665781053272,0.5889764227899807,0.09825351959389154,-0.2839485786078734,SPY,y2022,11:00-11:30,all
25424,1136413164.4424,0.26676430366958903,1.2913881144458246,0.22439889146927203,1.0903618628069869,4.926836251324392,0.3227246220082445,0.31741797180668585,4.068415241567692,0.21255506607929514,0.11736941472624292,0.6308606041535557,0.059392699811202015,0.7874449339207048,0.9998820012586532,0.5061956650013768,0.2615638766519824,25421,1.2915029249300303,0.2721826454564191,1.1194899168613144,-0.005386860220051641,0.17201300806871558,25421.0,1.2915029249300303,1.0977099975869018,2.340674978901269,-0.8309142123505343,-1.0491720539712388,SPY,y2022,11:30-12:00,all
25231,1147029127.496,0.25177807692048465,0.26006513575534523,0.22513902334671196,1.0372755736993284,1.0748092520851882,0.31188398925921884,0.3042097643292198,0.8548875356739021,0.21711386786096468,0.11985256232412508,0.6260156157108319,0.05786532440252071,0.7828861321390354,0.999881098648488,0.5131203424766133,0.26970789901311876,25228,0.2600857420589026,0.035516129222263076,-0.1484610025730682,0.2162918880117284,0.40854674463197077,25228.0,0.2600857420589026,0.7328831736091338,1.2022714495251183,-0.4810751563751422,-0.9421857074662157,SPY,y2022,12:00-12:30,all
23659,1006186431.0121,0.25411967978199274,0.2572890830912001,0.22533433982907472,1.060712625216786,1.0760970968087151,0.30232413082981396,0.29946932630100787,0.8591500380662999,0.20520732068134748,0.12194091043577497,0.6272031784944418,0.06504924130352085,0.7947926793186525,0.9997463967200643,0.49685029383164925,0.282598588275075,23653,0.2573376324825313,0.5307997519604971,0.7247076689126729,-0.2766156102465211,-0.4673700364301415,23653.0,0.2573376324825313,-0.04339445207849454,0.5806063295512309,0.2975785937924704,-0.32326869706869954,SPY,y2022,12:30-13:00,all
24376,1130581057.9351,0.2588273093448453,0.2684440717224878,0.226226430036187,1.0521004266494323,1.085685683723605,0.32197005504904985,0.32407839005237954,0.8283306754242399,0.20269937643583852,0.10809812930751558,0.6592960288808665,0.04861339021988841,0.7973006235641614,0.9998769281260256,0.5115496656135888,0.26521988841483424,24373,0.2684631300982968,0.3783144801873204,0.31924420698688427,-0.11945531255968482,-0.05078107688858745,24373.0,0.2684631300982968,0.6813977886246617,0.9405846840673302,-0.42253862099702616,-0.6721215539690334,SPY,y2022,13:00-13:30,all
20819,879235451.5924001,0.2866788268047715,0.3060034882289591,0.24937966807543496,1.1580738748260149,1.2339987236435044,0.3305274779368676,0.32832771509218334,0.932006267405856,0.1962630289639272,0.11556751044718766,0.6385032902637015,0.06537297660790624,0.8037369710360728,0.9998559008597916,0.5073981552651806,0.26869686344204813,20816,0.3060082482089804,-0.2757779869670114,-0.3854375169752503,0.5624981298977957,0.6914457651842306,20816.0,0.3060082482089804,-0.5194456273288621,-0.4009011170801169,0.8061657702596463,0.7069093652890973,SPY,y2022,13:30-14:00,all
31297,1423788174.8515,0.3069203900500042,0.3185229850952303,0.2483268975276799,1.2645122535708455,1.31259014046013,0.3627790325749489,0.3679443948633927,0.8656823953344603,0.20855034028820654,0.12010735853276672,0.6139566092596734,0.07422436655270473,0.7914496597117935,0.9999360961114484,0.49030196517015495,0.26012077834936254,31295,0.31852738227713745,0.08617562731867628,0.3705848736806338,0.2207643773911041,-0.05205749140349621,31295.0,0.31852738227713745,-0.27678090858436855,-0.9186911943791339,0.583720913294149,1.2372185766562709,SPY,y2022,14:00-14:30,all
35604,1594246933.0070999,0.7554906049940269,0.3218475932205133,0.2275649413449294,2.962302550275567,1.325015938895351,0.32373222291693127,0.32483785100595364,0.9907946140630467,0.20834737669924727,0.09611279631502079,0.6374845522974947,0.0806650938096843,0.7916526233007527,0.9999157398045163,0.4785539732029999,0.24446691382990676,35601,0.32187271014159896,0.7727477317716194,0.421531972404201,-0.017193463627331127,-0.09965926226260198,35601.0,0.32187271014159896,0.5619917639285652,0.2195243738539618,0.19356250421572302,0.10234833628763708,SPY,y2022,14:30-15:00,all
48764,2333641802.2504997,0.27644553115383236,0.5612703053480188,0.2486047060868601,1.125684521368437,2.23849448859029,0.3153701558755755,0.31509151219395976,1.7812930010076553,0.20849397096218522,0.08537035518005086,0.6564678861455172,0.07257403002214749,0.7915060290378148,0.9999589861373144,0.4813174193019154,0.23667049462718398,48762,0.56128007591274,-0.18368496792191844,0.7888985838258764,0.4601418376397797,-0.22761850791313618,48762.0,0.56128007591274,0.4673656520725383,2.065478306717094,-0.1909087823546768,-1.5041982308043542,SPY,y2022,15:00-15:30,all
52970,2479516408.8438,0.26475991947174343,0.3125131792775031,0.22825578343070504,1.095035303002006,1.305911628949474,0.31079522029714174,0.30448674166858414,1.026360548787557,0.20877855389843308,0.08138569001321502,0.654427034170285,0.07260713611478195,0.791221446101567,0.9998678497262602,0.5021430054944017,0.21818010194449688,52963,0.3125394068108952,-0.18714751087125422,-0.4370634667297614,0.4519424230630512,0.7496028735406566,52963.0,0.3125394068108952,0.8027735833206741,1.408464968109458,-0.5379786711288773,-1.095925561298563,SPY,y2022,15:30-16:00,all
89198,3398360118.8852997,0.7728370907244603,0.3762746779402364,0.250153218846316,3.040863920715972,1.5208479143021267,0.435166820894978,0.41895731087565397,0.8981217612691673,0.1776833561290612,0.12407228861633669,0.58650418170811,0.12945357519226888,0.8223166438709388,0.9999887889863002,0.5092435844254851,0.24994955043835063,75844,0.38867005320593234,1.858590404954478,-0.8051492453247563,-1.005816713306891,1.193819298530689,,,,,,,SPY,y2022,open 09:30-09:35 (fixed),all
126065,7765226098.6437,0.265062618707682,0.29363734827071175,0.22829225975332093,1.1010350216160736,1.220188307429019,0.2716296245758569,0.26888759751579044,1.0920449696586243,0.17130051957323603,0.04667433466862333,0.7261888708206085,0.08131519454249792,0.828699480426764,0.9998492840994725,0.5446821001856466,0.1448538452385674,76786,0.28212525987636783,-0.30000329759959,-0.6111518290804301,0.5595650889499847,0.893277088956798,,,,,,,SPY,y2022,close 15:55-16:00 (fixed),all
398903,18661789162.0887,0.22876616851991824,0.24462962152258322,0.22452989054147415,0.9834181242058244,1.0507907192224906,0.2568220441331278,0.25490514350225485,0.9596888401760291,0.18546363401628968,0.09025753127953412,0.7073824964966421,0.04651506757281845,0.8145363659837104,0.9999247937468507,0.5106011186518015,0.2724095832821513,398873,0.24464557662379238,-0.02023795392051487,-0.0050340627180329904,0.24902132838076,0.24967963934182535,398873.0,0.24464557662379238,0.002658677182802978,-0.08627323576971258,0.2261246972774421,0.33091881239350507,SPY,y2023,RTH all,all
290238,12814194533.29,0.23119402097020997,0.24174967492854152,0.22546643368448016,0.9938891530400911,1.0403386590326933,0.2551245815265338,0.2501621953301066,0.9663717357834019,0.16893032614612835,0.0075179680124587405,0.8261254556605269,0.03727630427442306,0.8310696738538716,0.9999242001391961,0.5079733715577363,0.0,290216,0.24176361562199747,-0.09088870102147975,-0.13372356531997753,0.322100247794705,0.375487180941975,290216.0,0.24176361562199747,0.06067000390844453,-0.09817568042647902,0.17054154286478074,0.3399392960484765,SPY,y2023,RTH all,lit
108665,5847594628.7987,0.22228151348409445,0.2509406260029188,0.22014066988785824,0.9554506050708692,1.0736949629411137,0.2613558696704456,0.26529865816893516,0.9458797407227233,0.2296231537293517,0.3112501725486587,0.3902268439699995,0.07119127593981503,0.7703768462706483,0.9999263792389453,0.5176196655530707,1.0,108657,0.2509611476760326,0.168465739542894,0.2769779759090866,0.053832139680193326,-0.026016828233054033,108657.0,0.2509611476760326,-0.15228592092876628,-0.06019004627535478,0.37458380015185366,0.31115119395138724,SPY,y2023,RTH all,offexchange_TRF
52576,2350993079.9897,0.2670118065195107,0.2527788458170917,0.22387140826289006,1.1581124467439177,1.0947338066438133,0.2546152440597504,0.2508632028222253,1.0076362056025567,0.16399117468046256,0.0839546561168594,0.7282600426049909,0.05559570906877663,0.8360088253195375,0.99996195982958,0.5311560847567238,0.25399421789409615,52574,0.2527880810498068,0.15832267969817565,0.12910981193695378,0.10869928438231431,0.12367826911285301,52574.0,0.2527880810498068,-0.08969489083817157,-0.3323395522743704,0.3567168549186617,0.5851276333241773,SPY,y2023,09:30-10:00,all
36248,1540665329.4917998,0.21784898202623515,0.2132241106451712,0.22460049187487294,0.9474884131539693,0.9298193077388797,0.23925831669045053,0.2379061056574739,0.896253209037692,0.16947141911277863,0.08394945928051203,0.7308817038181417,0.047533657029353346,0.8305285808872214,1.0,0.5403332597660561,0.3284043257559038,36248,0.21322411064513436,-0.07903068053093118,0.2412101716338729,0.2968796625571327,-0.027986060988738508,36248.0,0.21322411064513436,-0.2643354043462625,0.2693961687131696,0.48218438637246397,-0.056172058068035234,SPY,y2023,10:00-10:30,all
27934,1356133827.2231002,0.20062267972165707,0.198599518130925,0.22372615918095878,0.8764043817572704,0.8682569728329631,0.24038036367517204,0.24017827561768895,0.8268837704832713,0.18479272571060357,0.10206200329347748,0.7206271926684328,0.03096584807045178,0.8152072742893964,0.9999642013317105,0.49543550639029105,0.2900766091501396,27933,0.19860018480369235,0.03615517158841108,0.013467238022844311,0.16447469041508048,0.18513294678084805,27933.0,0.19860018480369235,-0.1633103918846629,-0.29786023688009583,0.36394025388815443,0.49646042168378807,SPY,y2023,10:30-11:00,all
25400,1194189370.7024,0.1991126894777189,0.1982280692175825,0.2235611048387768,0.8604511811025295,0.8566850667553502,0.2425465857697523,0.2397001625696138,0.8269834575519448,0.1870472440944882,0.10570866141732284,0.7142913385826771,0.02893700787401575,0.8129527559055119,0.9998818897637796,0.4775760916643698,0.30429133858267715,25397,0.19824302648986153,-0.0642867981724979,-0.30292049242878877,0.2634230076749131,0.5011635189186502,25397.0,0.19824302648986153,0.1141088012774223,-0.36893188838992036,0.08502740822499298,0.567174914879782,SPY,y2023,11:00-11:30,all
18419,835313527.7966,0.1943798949980975,0.1957634845253532,0.22355110937217693,0.8376328790924705,0.8421739481408019,0.24705872799826933,0.24618740600388608,0.7951807434140764,0.20337694771703133,0.10782344318366904,0.6945545360768771,0.022531082034855314,0.7966230522829687,0.9999457082360605,0.5032576827017049,0.3188555296161572,18418,0.1957673309055234,0.02576111528783945,-0.01830882689377546,0.1686293335105629,0.21407615779929887,18418.0,0.1957673309055234,0.15585565654489988,0.30363283000524915,0.03853479225350238,-0.10786549909972559,SPY,y2023,11:30-12:00,all
17786,763451431.2032,0.20288746366888605,0.20599970933511416,0.22367111399377984,0.8769222984370909,0.8904708310889766,0.24803155591039894,0.24700132681351303,0.8340024403619692,0.18868773192398516,0.11778927246148656,0.6914427077476667,0.03097942201731699,0.8113122680760149,0.9999437760035983,0.5077312341861119,0.3107500281119982,17785,0.20600174277447242,0.02810617641461733,0.104160334480422,0.17479269503963754,0.10184140829405038,17785.0,0.20600174277447242,-0.399431647352563,-0.6054133323115555,0.6023305188068179,0.8114150750860278,SPY,y2023,12:00-12:30,all
18918,850707189.2572,0.21558032035584923,0.22053246989522335,0.2236461024073469,0.940730521196858,0.9629420297158038,0.2418235485848498,0.23715337021905786,0.9299149731311773,0.17755576699439687,0.09837192092187334,0.7123903161010677,0.04894809176445713,0.8224442330056031,0.9998414208690136,0.5012424002114724,0.29204989956655036,18915,0.22057178268602123,-0.01139507703641042,0.1557201368685341,0.22700958935420695,0.06485164581748706,18915.0,0.22057178268602123,0.24267787667025278,0.8283784327584804,-0.02706336435245631,-0.6078066500724593,SPY,y2023,12:30-13:00,all
24599,1065519161.7306,0.2678814359785797,0.438959709576842,0.22564449709462187,1.1322078133259608,1.8425030556954474,0.2994482747564387,0.2913090155587263,1.5068524698246084,0.1848449123948128,0.11541119557705598,0.6654742062685475,0.06118134883531851,0.8151550876051872,0.999796739704866,0.4984549077010653,0.2540347168584089,24594,0.43902982045734157,-0.03888167766347356,0.16365860509936098,0.3068175743714372,0.2753712153579808,24594.0,0.43902982045734157,-0.13410160559392884,-0.5506284158866938,0.40203750230189245,0.9896582363440357,SPY,y2023,13:00-13:30,all
22621,1003745126.4777999,0.255989121098147,0.27684831309193186,0.23707287571916805,1.0739012422088159,1.1573059011481621,0.2893283720155875,0.2896150223224327,0.9559183459196138,0.19495159365191636,0.10521197117722471,0.6704831793466248,0.05835285796383891,0.8050484063480836,0.9998231731576853,0.5074059335897776,0.2646655762344724,22617,0.2768948688970556,0.33464145232802966,0.7851994975775372,-0.07860705747637693,-0.5083046286804814,22617.0,0.2768948688970556,2.0454230727533145,3.4218159242238753,-1.789388677901662,-3.144921055326819,SPY,y2023,13:30-14:00,all
31012,1477249453.3193998,0.23477322462493502,0.24496544710814833,0.2255935931417496,0.9999458274219075,1.0397458090806135,0.26774955113873,0.26880809323374244,0.9113023501682231,0.18702437766026053,0.09160969947117245,0.6932800206371728,0.05372114020379208,0.8129756223397394,0.9999032632529343,0.5065303621529234,0.25767444860054173,31009,0.24498081126882743,0.06420535182406355,0.28458221384123844,0.17059058619608633,-0.039601402572411015,31009.0,0.24498081126882743,0.08706687594435675,0.3266535626559792,0.14772906207579314,-0.08167275138715177,SPY,y2023,14:00-14:30,all
38390,2009487834.664,0.21728622154612723,0.21930753075161522,0.22404696024266313,0.9411388382393824,0.9514676702404238,0.2530841449020139,0.2514298342599733,0.8722414800021533,0.17251888512633498,0.07796301120083356,0.7382391247720761,0.03761396196926283,0.827481114873665,0.9998958061995311,0.5031261397384463,0.2476947121646262,38386,0.21934917170681467,-0.08932665926787046,-0.20979933066917864,0.3066355230503388,0.4291485023759933,38386.0,0.21934917170681467,0.35973457263796954,-0.028241967746917264,-0.14242570885550127,0.24759113945373196,SPY,y2023,14:30-15:00,all
33482,1590642775.9943,0.24424838220896275,0.29457553971391465,0.2254816852499105,1.0353091213190577,1.2593502593020771,0.27260601521371164,0.2772569755265372,1.062463943980085,0.19810644525416643,0.08389582462218506,0.6872050654082791,0.05355116181829042,0.8018935547458336,1.0,0.5132011229914581,0.26267845409473745,33482,0.29457553971386763,-0.18702072665078154,-0.29290948976486386,0.4312691088596912,0.5874850294787314,33482.0,0.29457553971386763,0.9667121111192488,0.9407806495213582,-0.7224637289103394,-0.6462051098074907,SPY,y2023,15:00-15:30,all
51518,2623691054.2386,0.21761304486481514,0.23297142492949355,0.22548676956359076,0.9306886913313536,1.0002733732923565,0.25074105950474035,0.2470925659558554,0.9428508058438121,0.21021778795760704,0.06225008734811134,0.7020264761830817,0.052195349198338445,0.789782212042393,0.9999417679257735,0.5137920993885277,0.2352381691835863,51515,0.2329756789873195,-0.2441989230212576,-0.425980225600345,0.46182464068296153,0.6589559045876645,51515.0,0.2329756789873195,-1.4592794324689569,-2.1591547061383096,1.6769051501306607,2.392130385125629,SPY,y2023,15:30-16:00,all
72682,3389456381.3024,0.2929654620450872,0.25389789874946345,0.22419262630431694,1.2569310145567616,1.091864560086786,0.2802131703902474,0.26896958176696384,0.9439651022301899,0.16808838501967474,0.08497289562752813,0.703750584739,0.07161332929748769,0.8319116149803253,0.9999862414352935,0.5137381158762262,0.23056602735202664,61423,0.2615629232886765,-0.19316273811730023,-0.25276671987535426,0.49813241306049505,0.5143296431640306,,,,,,,SPY,y2023,open 09:30-09:35 (fixed),all
105943,6971316322.848801,0.2118037708426427,0.22320656066139347,0.2255732379908396,0.9087077013112983,0.9603299653721175,0.2425165696187175,0.23884480636465155,0.9345254940173047,0.21110408427173102,0.05583190961177237,0.7132892215625384,0.046713798929613096,0.788895915728269,0.9999716828860803,0.5025486124221258,0.1977100893876896,69911,0.21243601260816602,0.07833718518635441,0.00831511993391605,0.12727757132512132,0.20412089267425004,,,,,,,SPY,y2023,close 15:55-16:00 (fixed),all
356248,16777013229.958698,0.2260811835417413,0.24061589505032732,0.19895944211754335,1.2199918596036954,1.2976550452020257,0.2710431952495027,0.2660091833108571,0.904539805940251,0.21430857155689295,0.13690743526981203,0.6173508342502976,0.056101367586625046,0.785691428443107,0.9999045608677102,0.5168718803865092,0.32716815252296155,356214,0.24064030238995263,0.13374132575950615,-0.02157641417624484,0.0923614368336524,0.2622167165661975,356214.0,0.24064030238995263,0.1650665611024599,-0.20089169715734811,0.061036201490698605,0.4415319995473009,SPY,y2024,RTH all,all
239695,11212702380.763,0.2268837565385452,0.2400724084162949,0.19932031771640515,1.2222799808091824,1.29700680108805,0.2605222681841244,0.25464195325110595,0.9427841930648254,0.18658712113310666,0.04680531508792424,0.7577838503097687,0.044710986879158934,0.8134128788668934,0.9998873568493294,0.5052030308593555,0.0,239668,0.2400921173225331,0.11304705226425996,0.04075062267882183,0.11386226405454347,0.19934149464371126,239668.0,0.2400921173225331,0.34747843493916275,-0.013149458557705372,-0.1205691186203594,0.2532415758802386,SPY,y2024,RTH all,lit
116553,5564310849.195701,0.22443066631379435,0.24171108078679793,0.1906519688854799,1.2152862646181586,1.2989613288581843,0.29267982075837723,0.2889154103366306,0.8366153972374392,0.27131862757715375,0.32220534863967465,0.3285458117766166,0.07952605252546052,0.7286813724228463,0.9999399414858476,0.5408679834571757,1.0,116546,0.241745020406116,0.17629752794627077,-0.14717961754693332,0.048146618149385936,0.3889246379530494,116546.0,0.241745020406116,-0.21004960743781498,-0.5792351539613965,0.4344937535334717,0.8209801743675127,SPY,y2024,RTH all,offexchange_TRF
42746,2144037094.0089998,0.2206264904425648,0.22649988273376925,0.199810180328506,1.1926458616013693,1.230583926730957,0.27504502729241626,0.27073753389497385,0.8366031834419917,0.2030599354325551,0.13175501801338138,0.6338136901698405,0.05106910588125205,0.7969400645674449,1.0,0.4989940579235484,0.30973658353998035,42746,0.2264998827337283,0.4192069635110063,0.622017736026041,-0.19858047306849286,-0.3955178532923129,42746.0,0.2264998827337283,1.3409644642570677,1.2562082430812909,-1.1203379738145542,-1.0297083603475623,SPY,y2024,09:30-10:00,all
42991,1846252487.3866,0.28435369019108697,0.2855338626049883,0.19932031771640515,1.5431220488011423,1.5581217371987155,0.2751005161158997,0.2772668220880256,1.0298161909697876,0.1751761996696983,0.13405131306552534,0.6306436230839013,0.09164708892558908,0.8248238003303017,0.9999767393175316,0.5675273319376599,0.4123886394826824,42990,0.28553437649654917,-0.2598167964520732,-0.8695819544370452,0.5441771010578726,1.1551163309335943,42990.0,0.28553437649654917,-1.4314732657924762,-2.7460540848581574,1.7158335703982757,3.0315884613547066,SPY,y2024,10:00-10:30,all
29659,1276175621.4182,0.22504250234287163,0.22823152371656422,0.19869062875631396,1.2194180518563518,1.2374360879749755,0.284216271898204,0.2763207328161291,0.8259659758083926,0.2096834013284332,0.156411207390674,0.6034593209481102,0.05728446677231194,0.7903165986715668,0.9999325668431167,0.5114812691775972,0.34987693448868806,29657,0.22832875011327475,-0.22165036039109462,-0.5463970526068251,0.4467080390836662,0.7747258027200998,29657.0,0.22832875011327475,0.0659421559485777,0.6964479603515962,0.15911552274399388,-0.46811921023832104,SPY,y2024,10:30-11:00,all
24101,1072061866.3632,0.22369813959107596,0.2350275645159655,0.1984146668119903,1.2174515580268983,1.2720179205536968,0.30021889319332073,0.28872628577086806,0.8140151281635727,0.22571677523754202,0.17870627774781128,0.5705572382888677,0.04489440272187876,0.774283224762458,0.9999585079457284,0.5019087136929461,0.34255840006638727,24100,0.23503308544677398,0.17875789269936504,0.19086751538059843,0.044949528972136645,0.04416557006617566,24100.0,0.23503308544677398,0.4860134860959273,0.5867276833956315,-0.2623060644244255,-0.3516945979488576,SPY,y2024,11:00-11:30,all
18213,737101141.4403,0.2014482604623386,0.21195044279654537,0.18695120374753296,1.0827705485095782,1.1325553821576964,0.26222391686260305,0.25400834323018756,0.8344231535909493,0.22785922143523857,0.1609290067534179,0.5916652940207544,0.045022785922143524,0.7721407785647615,0.9998901883270191,0.5050793476470266,0.368802503706144,18211,0.21195569124376892,0.19760927794660899,0.08160215653751884,0.0038611063156321073,0.13035353470625002,18211.0,0.21195569124376892,-0.2387618877537029,-0.5595046743530429,0.4402322720159442,0.7714603655968117,SPY,y2024,11:30-12:00,all
18882,821089336.7562,0.1985981374475958,0.19359793726134092,0.19895152546064052,1.0656349962931413,1.0282428023498256,0.2551953091693381,0.23661379638482483,0.8182022359612386,0.22407583942378986,0.16126469653638387,0.5934223069590085,0.047505560851604706,0.7759241605762102,0.9997351975426332,0.5214811675584045,0.3760724499523356,18877,0.1936399243756868,0.1901799450099313,0.268065940308556,0.008470795641887671,-0.07442601593286925,18877.0,0.1936399243756868,0.10143558990124836,0.6004187730107494,0.09721515075057054,-0.4067788486350627,SPY,y2024,12:00-12:30,all
20461,1012869409.7487999,0.20726830815038533,0.21386905324684669,0.1989634006822635,1.1184282293147352,1.1647728269737472,0.25021758458713794,0.24295691025864388,0.8802756547207025,0.21817115488001565,0.13503738820194516,0.6179561116269977,0.0535653193881042,0.7818288451199844,0.99990225306681,0.5158609902732294,0.3155271003372269,20459,0.2138694029029021,-0.48386960996168427,-1.379327316797473,0.6911581799340166,1.593196719700375,20459.0,0.2138694029029021,0.18766194276442327,-0.4093627384634348,0.01962662720790911,0.623232141366337,SPY,y2024,12:30-13:00,all
24414,1153383617.6692,0.25556246010000705,0.262754207287185,0.20015411867119492,1.3924133693783645,1.4288670295061845,0.28596144765664816,0.28279228507651494,0.9291420634622043,0.2095928565577128,0.13828131400016383,0.6125583681494224,0.060293274350782335,0.7904071434422872,0.999713279265995,0.5329618552054738,0.29622347833210455,24407,0.2628290091209839,0.8464281058582829,0.6255423457878045,-0.5907923496866715,-0.36271333666682054,24407.0,0.2628290091209839,1.7854351953382777,1.0733584067728081,-1.5297994391666663,-0.8105293976518243,SPY,y2024,13:00-13:30,all
20847,820749201.8715,0.21674148427458745,0.22215040061674549,0.1999940001798127,1.1529351945126092,1.165326301563709,0.2703368423148497,0.2567051022124074,0.8653914499639744,0.23226363505540365,0.1732623399050223,0.5673238355638701,0.04945555715450664,0.7677363649445963,0.9999520314673574,0.5320445169337044,0.3486352952463184,20846,0.22216392644067515,0.2758348383372402,0.2958181950448525,-0.05908295679300738,-0.07365426860417737,20846.0,0.22216392644067515,-0.2339185329838067,0.2520676166210956,0.45067041452803946,-0.029903690180420595,SPY,y2024,13:30-14:00,all
30074,1545989171.9055998,0.21430177909617115,0.2225881778684455,0.20040280964720897,1.120783400944759,1.1667186786997041,0.24825783214018485,0.2470270496179922,0.901068033693721,0.21264214936489992,0.11351998403936955,0.6457405067500166,0.06154818115315555,0.7873578506351001,0.9999667486865731,0.49057293918132544,0.2875573585156614,30073,0.22259673595213814,0.07374030780627842,-0.16926152423175822,0.14056859734240948,0.3918582601838963,30073.0,0.22259673595213814,0.5230026128136065,-0.35004928584558337,-0.30869370766491844,0.5726460217977217,SPY,y2024,14:00-14:30,all
20974,989029056.6450999,0.2095258776001644,0.22865447244490592,0.20019418836252975,1.1240459616673706,1.2350315048070981,0.2769985113729236,0.2743497301974181,0.8334415794043954,0.24921331171927147,0.1288738438066177,0.602698579193287,0.04190903022790121,0.7507866882807285,0.9998092876895204,0.4894134477825465,0.2977495947363402,20970,0.2286974539273796,0.35780753628872053,0.3760030467124777,-0.14824169190224876,-0.14730559278509814,20970.0,0.2286974539273796,-0.23648395903213865,-1.9890351694433623,0.44604980341861034,2.217732623370743,SPY,y2024,14:30-15:00,all
24120,1187834781.5709,0.20320833132721405,0.3162069915183599,0.19998600098202313,1.0827935323386204,1.6540837610605859,0.2667961634314348,0.26595796661562576,1.188935964363708,0.23445273631840796,0.11633499170812604,0.6315505804311774,0.04029850746268657,0.7655472636815921,0.999709784411277,0.5274748061211795,0.28233830845771146,24113,0.31624439969926516,0.1871187067686819,-0.042347784444076254,0.01614861590418694,0.3585921841433415,24113.0,0.31624439969926516,-0.34896658522039786,-1.4328899020142274,0.5522339078932667,1.7491343017134922,SPY,y2024,15:00-15:30,all
38766,2170440443.1741,0.2234202004592195,0.23853799534422396,0.19987807437444968,1.2287875973791764,1.3174687555558324,0.264849971657616,0.2647800564188921,0.9008910964459038,0.2165815405252025,0.09755971727802713,0.6545684362585771,0.053242532115771554,0.7834184594747975,0.9999742041995563,0.5080355991229202,0.2701852138471857,38765,0.23855642948613096,0.1347922304747754,0.2281886523129044,0.08863373343597632,0.010367777173226568,38765.0,0.23855642948613096,0.17766350654964988,0.2711988351773623,0.04576245736110183,-0.0326424056912314,SPY,y2024,15:30-16:00,all
68435,3405913959.3486,0.3849968762479986,0.2976286040627135,0.1994554865216141,2.04454358150089,1.59681963644898,0.29321870318374155,0.2907191674610396,1.023766704693112,0.1697961569372397,0.11177029297873894,0.6257032220355081,0.11027982757360999,0.8302038430627603,1.0,0.48795207130854096,0.28882881566449914,59605,0.30541130656825743,0.7950857800608672,1.030051645862985,-0.389735108023573,-0.7246403392947277,,,,,,,SPY,y2024,open 09:30-09:35 (fixed),all
103025,7545040684.5647,0.2049151567955556,0.21997317059312851,0.1962649576937087,1.1010843969912052,1.1839917590174203,0.23307643074742762,0.2320227803100639,0.9480671264225311,0.18684785246299443,0.05387041980101917,0.7364329046347974,0.04837660761950983,0.8131521475370056,0.9999708808541616,0.5180058628254159,0.18687697160883282,64776,0.20802649726435524,0.0762996837108056,0.2700745627057957,0.12330675856439785,-0.06204806544144049,,,,,,,SPY,y2024,close 15:55-16:00 (fixed),all
272716,11497454434.0443,0.22459400898826015,0.22723244118953131,0.15510248396613965,1.3474420276039436,1.3520182101653844,0.2740881813523052,0.2654380546057289,0.856065802347193,0.18151483594655246,0.17419953358072135,0.6083581454700128,0.06554804265242964,0.8184851640534475,0.9999376640901158,0.5253227917960829,0.363700699628918,272699,0.22724257460170877,-0.02726164419638243,-0.1765281964626441,0.2518696543292893,0.4037707710643529,272699.0,0.22724257460170877,-0.08505247665559058,-0.2129580389334824,0.30966048678849745,0.440200613535191,SPY,y2025,RTH all,all
173529,8174796554.375,0.21764859737968179,0.21894628239306266,0.1551626492469321,1.2967538567041605,1.3115914344075594,0.268961655216476,0.2438128097377583,0.8980097585051346,0.16567835923678462,0.08754156365794766,0.7560580652225276,0.036351272697935214,0.8343216407632154,0.9999135591169199,0.5097686642000069,0.0,173514,0.2189597606225616,-0.11877960754710354,-0.2609405918996763,0.3364470202901266,0.47990035252223784,173514.0,0.2189597606225616,-0.1665697740672271,-0.12128773875553946,0.3842371868102501,0.34024749937810117,SPY,y2025,RTH all,lit
99187,3322657879.6693,0.23674510067391455,0.2476190307306482,0.1469475323834288,1.4361216691705643,1.451480953287903,0.28305710826635955,0.31864304399566784,0.7771047741246621,0.20922096645729782,0.32580882575337494,0.34995513524957905,0.116628187161624,0.7907790335427022,0.9999798360672265,0.5525331451328326,1.0,99185,0.2476197386807449,0.1328396603641562,0.031140988968223118,0.10391021411828254,0.21647874971252182,99185.0,0.2476197386807449,0.05755368700910362,-0.43848293332363425,0.1791961874733351,0.6861026720043794,SPY,y2025,RTH all,offexchange_TRF
40897,1782792457.2512,0.24716623738731047,0.23296922450016516,0.1552445489756329,1.4695356627627314,1.3712315281590657,0.2750751881521006,0.27647572886048366,0.8426389739901077,0.1873731569552779,0.16788517495170796,0.594591290314693,0.081937550431572,0.8126268430447221,0.9999755483287283,0.5061619718309859,0.33513460645035087,40896,0.23296972950610637,-0.11934794364130998,-0.7618984380601037,0.36652022480394425,0.9948681675662102,40896.0,0.23296972950610637,-0.20450206700751886,-0.34713555231052484,0.4516743481701532,0.5801052818166313,SPY,y2025,09:30-10:00,all
37343,1485060583.8881001,0.22287282859085814,0.20771102727918386,0.15521563331844668,1.4008424604346423,1.3104366207917366,0.2528332679306808,0.2389391599541076,0.8693050871990943,0.1709021771148542,0.1538708727204563,0.6127252764909086,0.08727204563104196,0.8290978228851458,1.0,0.5373162306188576,0.36633371716252044,37343,0.20771102727914204,-0.14395591588382295,-0.23213326008731203,0.36682874447463953,0.4398442873664539,37343.0,0.20771102727914204,-0.530749093713043,-1.4767786595793129,0.7536219223038596,1.6844896868584553,SPY,y2025,10:00-10:30,all
24820,883780984.9834,0.23521705975706653,0.23067791259186665,0.1552686535877292,1.4172489927480623,1.3709750021159786,0.28950296022842276,0.27836539138453514,0.8286874724063926,0.1522562449637389,0.21099919419822724,0.5755036261079775,0.07945205479452055,0.8477437550362611,1.0,0.5200644641418211,0.41950040290088636,24820,0.23067791259185308,-0.07581001799921167,0.29554014656146865,0.31102707775625166,-0.06486223396961553,24820.0,0.23067791259185308,-0.23723820929482947,0.9636642387458485,0.47245526905186963,-0.7329863261539953,SPY,y2025,10:30-11:00,all
19519,671127546.4384,0.19948543637386057,0.19376189688303574,0.15517228002375538,1.2305230800759526,1.1766168159475145,0.24951052089167472,0.24841410050199725,0.7799955658373664,0.16916850248475845,0.18197653568318048,0.595624775859419,0.07479891387878478,0.8308314975152415,0.9999487678672063,0.527154421559586,0.4503304472565193,19518,0.19376840397737197,0.08992329645294521,-0.2929192003221686,0.10957236050887688,0.48668760429954055,19518.0,0.19376840397737197,-0.1664303481415749,-2.055101114103599,0.36592600510339696,2.248869518080971,SPY,y2025,11:00-11:30,all
21915,843421383.223,0.295474458902321,0.2957680946942909,0.15510248396613965,1.730860141455761,1.713496408457173,0.3024973358171364,0.29068069057362544,1.017501692701452,0.17170887519963496,0.18772530230435774,0.5655487109285877,0.09974903034451289,0.828291124800365,0.9999087383070956,0.5296399397617853,0.39123887748117725,21913,0.2957714260011264,-0.0929092113468916,-0.14731983980177132,0.38841063820965205,0.4430912658028974,21913.0,0.2957714260011264,0.3934219756715763,0.5899545175506167,-0.09792054880881582,-0.2941830915494904,SPY,y2025,11:30-12:00,all
17108,709396042.5351999,0.20773482349853817,0.21045090311729306,0.15502313720661137,1.283220715455133,1.3130224853373176,0.2563267513326751,0.2314739663311611,0.9091774183201616,0.18985270049099837,0.17032967032967034,0.6109422492401215,0.07341594575637128,0.8101472995090017,0.9998830956277764,0.5288787559920496,0.36100070142623336,17106,0.2104815211988612,0.20529328054177895,-0.023286039345481336,0.0024658309052253613,0.2337675605443425,17106.0,0.2104815211988612,0.07589950512217086,0.1429578868242063,0.13185960632483357,0.06752363437465482,SPY,y2025,12:00-12:30,all
12139,472861592.80770004,0.17868788437008593,0.1923798301968083,0.14632183487567627,1.094029162204469,1.1685435668189683,0.2693561107940642,0.2736207795424507,0.7030892555693552,0.19927506384380922,0.18947194991350194,0.5880220776011204,0.04044814235109976,0.8007249361561908,0.9998352417826839,0.49707505973469557,0.4137902627893566,12137,0.19238288926398042,0.03897399535924521,-0.27457920882662656,0.1397433341594245,0.46696209809060707,12137.0,0.19238288926398042,-0.10724715543727165,-1.0242993609448119,0.2859644849559413,1.2166822502087924,SPY,y2025,12:30-13:00,all
15206,647481015.13,0.24225822224112498,0.27307524800667654,0.1550904565086177,1.400937787715215,1.562872807622899,0.3364408485041336,0.3382309634766172,0.8073632443339416,0.19623832697619362,0.20597132710772065,0.5929896093647244,0.042548993818229644,0.8037616730238064,1.0,0.532947520715507,0.35729317374720504,15206,0.2730752480066568,-0.027591302074802437,-0.14571216551267305,0.2698495243158907,0.41878741351932985,15206.0,0.2730752480066568,-0.8777342242303999,-1.4872363859847983,1.1199924464714883,1.7603116339914548,SPY,y2025,13:00-13:30,all
12908,453997593.31920004,0.18272063491163443,0.19809588645139953,0.15513857753424148,1.1065680198327663,1.179570479130084,0.26047225235769716,0.25449719520121755,0.7783814131812947,0.19174155562441897,0.21599008366904246,0.591183762008057,0.032305546947629375,0.808258444375581,1.0,0.5402850945150295,0.46180663154632784,12908,0.19809588645136553,0.0426730533613076,-0.13181155720765958,0.1400475815502965,0.329907443659025,12908.0,0.19809588645136553,0.33086007897779957,0.3681891304353762,-0.14813944406619545,-0.17009324398401066,SPY,y2025,13:30-14:00,all
13425,566490040.9226999,0.2381748015112399,0.26335295991129354,0.15515301966550413,1.3883247672255015,1.5227210609252169,0.31432507634460144,0.3076997677659685,0.855876368784248,0.19888268156424582,0.19195530726256982,0.5939664804469273,0.054748603351955305,0.8011173184357542,0.9998510242085661,0.507934142889071,0.33780260707635007,13423,0.2633736397081509,0.14461537518145237,-0.028425600919044777,0.09359491389609874,0.2917992406271956,13423.0,0.2633736397081509,0.5931345697075036,0.7718431583980933,-0.3549242806299523,-0.5084695186899425,SPY,y2025,14:00-14:30,all
14795,665127818.7924,0.21662038182014334,0.22398456835514255,0.1552397289512921,1.2715633660020045,1.3176813927631432,0.2938003236717609,0.2709426428892606,0.8266862903772931,0.19270023656640756,0.17749239607975667,0.6266982088543427,0.04055424129773572,0.8072997634335924,0.9999324095978371,0.5532648370961201,0.3326799594457587,14794,0.22398474935053672,-0.07934106374562208,-0.20736688826807143,0.2959760880141475,0.4313516376186081,14794.0,0.22398474935053672,0.7526905094570917,0.9773846526726514,-0.5360554851885664,-0.7533999033221146,SPY,y2025,14:30-15:00,all
17817,912176772.1872001,0.19975009042488767,0.22618170464510762,0.15533618634114785,1.1725172587976578,1.3182600898955157,0.2676603936667404,0.26633977958261673,0.8492223917867576,0.19638547454678115,0.14413200875568277,0.6686872088454846,0.027221193242408934,0.8036145254532189,0.9998877476567324,0.5517822060061746,0.30313745299433126,17815,0.22620702729683748,-0.3596788042522018,-0.7068627919715635,0.5594513196100415,0.933069819268401,17815.0,0.22620702729683748,-1.1565516818564656,-2.2183612905921715,1.356324197214305,2.4445683178890096,SPY,y2025,15:00-15:30,all
24824,1403740602.5658,0.1968021669397332,0.20939731214433066,0.15533377344555016,1.1589373187238605,1.235686707122171,0.23781416724826618,0.2284083331608763,0.9167673930567345,0.17994682565259426,0.12435546245568804,0.685183693200129,0.040968417660328715,0.8200531743474058,0.999838865613922,0.5115229653505238,0.264824363519175,24820,0.2094299797100041,0.26224859773551723,0.5930927952770418,-0.0654147140888044,-0.3836628155670375,24820.0,0.2094299797100041,0.648322511502888,1.787160928402926,-0.4514886278561755,-1.5777309486929216,SPY,y2025,15:30-16:00,all
62126,3033403705.5034,0.29221266420402553,0.2229474565302442,0.14704909233934382,1.8248404854653497,1.3771120266781842,0.23104505613797396,0.22590923002284566,0.9868895419089253,0.19083797443904324,0.11185333032868686,0.6304606766893088,0.10040884653768149,0.8091620255609567,1.0,0.5020925216495509,0.27898142484628013,51747,0.21664356188782036,0.029036883484394708,-0.4590531321518163,0.2755555992665392,0.6756966940396367,,,,,,,SPY,y2025,open 09:30-09:35 (fixed),all
88058,6612017735.3811,0.16592686211875626,0.17705298560850902,0.14626618984208048,1.0287978377888762,1.100124553417859,0.18270645369907954,0.1759487069611816,1.0062761395999975,0.18005178405142067,0.05609938903904245,0.7498012673465216,0.05243135206341275,0.8199482159485794,0.9999205069386087,0.4915106018103145,0.20061777464852712,55419,0.16071656959227187,-0.09244034575190067,-0.20063980743963217,0.2501216113165533,0.36135637703190404,,,,,,,SPY,y2025,close 15:55-16:00 (fixed),all
1353416,56660360663.85476,0.19919030502019233,0.20021631566376677,0.13508858433905754,1.4562869361677173,1.4640588359219278,0.2211907174617656,0.21525594500507744,0.9301314101175885,0.24359103187785575,0.14348803324328957,0.5530206529256341,0.08083693409860679,0.7564089681221443,0.9999187241764542,0.5169917224929174,0.38739012986398863,1353306,0.20022445117739643,0.10691025867577954,0.18068176421846793,0.09229623701636797,0.019542686958928458,1353306.0,0.20022445117739643,0.06053546304796524,0.19567353615219815,0.1386710326441823,0.004550915025198229,SPY,y2026,RTH all,all
829116,37200949614.654,0.18990503574884304,0.20196634436672273,0.14146972901460542,1.3835009817687798,1.475381562956143,0.20624080459291716,0.20001269152623458,1.0097676443708667,0.19249779282995383,0.04581385475614992,0.7343652757877064,0.06066822977725674,0.8075022071700462,0.9999203971458759,0.4907038176225801,0.0,829050,0.20197462801359223,0.050950425049174755,0.1296949764408664,0.13896972888594403,0.07227965157272591,829050.0,0.20197462801359223,0.050861522088432067,0.17980700442633007,0.13905863184668674,0.02216762358726216,SPY,y2026,RTH all,lit
524300,19459411049.20076,0.21387381697362362,0.19687075040291394,0.1302906132126526,1.571388975777539,1.442412949680287,0.2448321669337627,0.244396780932541,0.8055374119565621,0.32438870875452985,0.297947739843601,0.2662464238031661,0.11273126072859051,0.6756112912454701,0.9999160785809651,0.5585629921259843,1.0,524256,0.19687860644241906,0.19540423884603358,0.2781541292452485,0.018487528228157583,-0.0812755228028295,524256.0,0.19687860644241906,0.07583367757007085,0.22600587202788958,0.13805808950412035,-0.029127265585470543,SPY,y2026,RTH all,offexchange_TRF
172236,7609648461.001471,0.2944477526698677,0.26300902566372075,0.14080045056131374,2.1779548990921955,1.9521451234237934,0.25108086647736655,0.2442506240336306,1.076799810458242,0.2290519984207715,0.15253489398267495,0.5350797742632203,0.09995587449778211,0.7709480015792285,0.9999767760514643,0.5072924892006131,0.34960170928261225,172232,0.26301118945232527,0.391199178061229,0.5159037166436606,-0.09674458699313374,-0.2528925271913353,172232.0,0.26301118945232527,0.41135732220546856,0.3669715521177087,-0.11690273113737329,-0.10396036266538336,SPY,y2026,09:30-10:00,all
136675,5507509154.457502,0.18236986242787465,0.1717649338194914,0.1406360970669063,1.3101131882204278,1.2282972862999488,0.21053065536943802,0.1995505847471345,0.8607588599008498,0.23800987744649715,0.153041887689775,0.5362794951527345,0.09353576001463325,0.7619901225535028,0.9999341503566855,0.523290357513939,0.40843607097128226,136666,0.1717670371102549,0.10039005680129515,0.19421607656390336,0.08199181540777772,-0.022449039453648508,136666.0,0.1717670371102549,0.11556110782481821,0.3294271151728947,0.06682076438425472,-0.1576600780626397,SPY,y2026,10:00-10:30,all
126848,4970163417.412246,0.20919960605154442,0.19290592699475298,0.13497007038676895,1.5317395623110523,1.4088381695583565,0.217271734694602,0.20320113039657392,0.9493349107766847,0.21968024722502522,0.17984516902119072,0.5076154137235116,0.11371878153380424,0.7803197527749748,0.9999684661957619,0.535839298666078,0.4311617053481332,126844,0.19290790050224743,0.10245786938181672,0.06325222717501999,0.10674833373714618,0.1296556733272274,126844.0,0.19290790050224743,-0.40914709648511216,-0.6916280689866524,0.6183532996040753,0.8845359694888998,SPY,y2026,10:30-11:00,all
105227,3801316507.1669216,0.19800285323402156,0.18182881984720672,0.14536890995109653,1.42291199026896,1.295375508817597,0.22675587275696418,0.21835328979380728,0.8327276406914185,0.21607572201051062,0.19492145551997112,0.4959373544812643,0.10909747498265654,0.7839242779894894,0.9999334771494008,0.5463505037065197,0.4605567012268714,105220,0.18184007437430913,-0.0016565131956455639,0.16150650690746435,0.1996725390201325,0.02033356746684472,105220.0,0.18184007437430913,-0.41438024297909204,0.02530378157213753,0.6123962688035789,0.15653629280217124,SPY,y2026,11:00-11:30,all
89892,3187816052.9886017,0.17667923528153365,0.17338456632592886,0.13300260020071294,1.2954055978288126,1.2684224333773493,0.20987058763718366,0.19975504359836904,0.8679859251741292,0.22609353446357852,0.19834913006719174,0.5009900769812664,0.0915988074578383,0.7739064655364215,0.999933253237218,0.5560265224840353,0.46001868909357896,89886,0.17338905160742835,0.1553391632509541,0.24653584312735738,0.021351865584734314,-0.07314679151992909,89886.0,0.17338905160742835,-0.20446029760934453,-0.05994541358092946,0.381151326445033,0.23333446518835785,SPY,y2026,11:30-12:00,all
97605,3731758006.6913557,0.23455870335232962,0.24849678470154468,0.14558053879344168,1.7370710516881256,1.8379042158020351,0.25413237384971377,0.25660443032084335,0.9684041089658455,0.2094974642692485,0.21556272731929715,0.4851800624967983,0.10905179037959122,0.7905025357307515,0.9999487731161314,0.5406352459016394,0.4049587623584857,97600,0.2485064036164209,-0.05943543014549207,-0.19515192719758667,0.2940061498247974,0.44365833081400763,97600.0,0.2485064036164209,0.06526874193952492,-0.19649569145222734,0.1693019777397804,0.44500209506864824,SPY,y2026,12:00-12:30,all
74297,3020717594.928068,0.15662453406307786,0.16437569767745475,0.13286829430315106,1.1443234585518844,1.2007619337248467,0.1999220928789256,0.19566748256250538,0.8400767236576748,0.28213790597197735,0.12109506440367714,0.5697403663674172,0.05378413664077957,0.7178620940280227,0.999905783544423,0.49671557410149414,0.36907277548218637,74290,0.16438212307716896,0.11368010867959767,0.059970292752752584,0.04295918338233893,0.10441183032441638,74290.0,0.16438212307716896,0.21879798568160874,0.3459558285882599,-0.06215869361967219,-0.18157370551109098,SPY,y2026,12:30-13:00,all
73346,3037999154.309369,0.1761720920139644,0.1944520893719977,0.13468648353782203,1.2802159626977059,1.4081060948972675,0.2205589193463315,0.21803922685517707,0.8918215872282189,0.2732118997627683,0.12321053636190113,0.5625800998009435,0.06432525291086084,0.7267881002372317,0.9998909279306302,0.5024407537702146,0.3669184413601287,73338,0.19446864853819382,0.049125157640420046,-0.021520477621241263,0.12706615192424542,0.21598912615943505,73338.0,0.19446864853819382,0.27453482102600196,0.11670889762349188,-0.09834351146133646,0.077759750914702,SPY,y2026,13:00-13:30,all
91786,3346872027.2785587,0.1846358177024987,0.21858771444651906,0.13293011199349847,1.3399437822764904,1.57579721982774,0.21824354658569498,0.21526048003178624,1.0154567824722935,0.31372976270890984,0.11576928943411849,0.5132046281567995,0.07446669426709955,0.6862702372910902,0.9998692611073584,0.5118770022010591,0.41596757675462487,91774,0.218596984904092,0.05727576071618554,0.3836330906064443,0.1273841992249322,-0.1650361057023522,91774.0,0.218596984904092,-0.05691559174044018,0.8245909970510373,0.2415755516815579,-0.6059940121469455,SPY,y2026,13:30-14:00,all
64537,2732157705.1645756,0.15168881969085304,0.16732873049959388,0.1328894824617897,1.109945612594677,1.227444452112459,0.20694242634601756,0.20441686629920602,0.818566165937961,0.28005640175403257,0.10920867099493314,0.5881897206253777,0.04518338317554271,0.7199435982459674,0.9997520802020546,0.4962725314238775,0.37586190867254443,64521,0.16735653708786585,0.2107116449305256,0.3688099310909113,-0.05898520925244241,-0.20145339400304546,64521.0,0.16735653708786585,0.09359920234711729,0.05321769521981304,0.05812723333096593,0.11413884186805283,SPY,y2026,14:00-14:30,all
67845,2748983424.9987483,0.16613042391388197,0.18055531306158282,0.1349974012999022,1.2271504163906384,1.3350316592597742,0.22158313830680998,0.21587034402574315,0.8364062876559417,0.2666224482275776,0.1132434225071855,0.5923796889969785,0.04340776770579999,0.7333775517724225,0.9998968236421254,0.5089183053745688,0.3701083351757683,67838,0.18056952219740482,-0.1590315555506821,-0.36695788003266944,0.3251791219652964,0.5475274022300741,67838.0,0.18056952219740482,0.013336909886728362,-0.08479965899002621,0.152810656527886,0.26536918118743114,SPY,y2026,14:30-15:00,all
84372,3902323160.9737706,0.17612095306087763,0.20050528246329297,0.1330698550202719,1.2821865073723073,1.46770517433984,0.19898438478508162,0.19284775512773786,1.0397076301483672,0.2492533067842412,0.08552600388754564,0.6371189494144976,0.05761390034608638,0.7507466932157588,0.9997866590812118,0.5060459492140266,0.33087991276726875,84354,0.20051926636947084,0.19406579457397066,0.15656054467340486,-0.01790725968943877,0.04395872169606605,84354.0,0.20051926636947084,0.36119899001682476,0.21932198744373624,-0.18504045513229292,-0.018802721074265366,SPY,y2026,15:00-15:30,all
168750,9063095996.48357,0.17999360242048293,0.18890931261632152,0.13509770941821392,1.3142754370372647,1.3875737956284955,0.21340516671926976,0.21251731327962123,0.8889125770556053,0.23309037037037036,0.08420148148148149,0.6603911111111112,0.049493333333333334,0.7669096296296296,0.9999585185185185,0.48951956525604023,0.3225659259259259,168743,0.18891344054344913,0.03626789446806629,0.24785753868693022,0.14373317466340613,-0.058944098143481026,168743.0,0.18891344054344913,0.20273588042304783,0.6419590321091252,-0.022734811291575407,-0.4530455915656761,SPY,y2026,15:30-16:00,all
206485,9356269425.276237,0.3715599593628918,0.2808379602311758,0.1444637865401776,2.7315122163840067,2.075294555232676,0.2939171243431245,0.2798790141070916,1.0034262880593015,0.21147298835266484,0.17015763856938762,0.5244594038307867,0.10818219241107102,0.7885270116473352,0.9999757851659927,0.5168103448275863,0.36821076591519963,178455,0.29730222368684156,0.3807010757157668,0.3445311700607862,0.019248531819268524,-0.047228946373944536,,,,,,,SPY,y2026,open 09:30-09:35 (fixed),all
380634,23814464974.79476,0.15340994813717349,0.1865723960320007,0.13293894778810736,1.1316614910913734,1.3881972029786926,0.17258944250804825,0.17049677057337367,1.094286979187731,0.23665778674527235,0.046461955579375463,0.6877236400321569,0.05521051718974133,0.7633422132547276,0.9999947456086424,0.500375690956094,0.26455860485400673,237680,0.15366671268923138,0.09202241735595021,0.21997235537515628,0.05187477887515073,-0.06630564268592491,,,,,,,SPY,y2026,close 15:55-16:00 (fixed),all
