n_trades,dollars,eff_bps_tw,eff_bps_dw,eff_bps_median,eff_cents_tw,eff_cents_dw,quoted_bps_at_trade_tw,quoted_bps_at_trade_dw,eff_over_quoted_dw,share_at_mid,share_inside_not_mid,share_at_quote,share_outside,share_signed_by_quote_rule,share_signed_lee_ready,share_buys_lee_ready,share_trf,n_60s,eff_signed_bps_dw_60s_sample,realized_bps_tw_60s,realized_bps_dw_60s,impact_bps_tw_60s,impact_bps_dw_60s,n_300s,eff_signed_bps_dw_300s_sample,realized_bps_tw_300s,realized_bps_dw_300s,impact_bps_tw_300s,impact_bps_dw_300s,ticker,group,size_bucket
52433,1627312.5776543394,6.155614,6.698533451453477,3.4539332,11.206704,13.452223109909863,6.705785,7.759652512227432,0.8632517294940881,0.10298857589685885,0.6155474605687258,0.0834588903934545,0.19808136097495851,0.8970114241031412,1.0,0.6531955066465776,1.0,52433,6.698533451453338,6.8546467,6.294925086628049,-0.6990324,0.40360839314201596,52433,6.698533451453338,1.6969779,5.005910108085861,4.458637,1.6926232689503313,SOXL,last12m,<1 (fractional)
1868784,4285710639.8300056,2.1388645,2.4073375652899425,1.4445648,3.1091015,4.0651148579847565,3.605792,4.27916355132494,0.5625719924971244,0.2112914066045086,0.28167621298127554,0.503942670742044,0.030271556263324173,0.7887085933954914,0.9999320413702172,0.43700582824991424,0.2607545869399567,1868657,2.4074904326657416,-0.43827763,0.5378030842338801,2.5772877,1.8696873431628667,1868657,2.4074904326657416,-0.021363337,2.0802488390042906,2.160374,0.32724160726135215,SOXL,last12m,1-99
323994,3464572899.3867593,1.9122775,2.2511072100198675,1.4822501,2.4070547,3.5792191773921953,3.0623791,3.8985896488685308,0.5774157869303315,0.2525015895356087,0.19936788952881843,0.5589393630746249,0.03712723075118675,0.7474984104643914,0.9998796274005074,0.5046626846321248,0.3064809842157571,323955,2.251288251828782,0.038542416,0.4243546457071005,1.8739654,1.8269336037773807,323955,2.251288251828782,-1.3913434,-0.5886744284887709,3.303851,2.839962686600923,SOXL,last12m,100
198140,4467764797.842568,2.1281352,2.5737614071643327,1.62432,2.6280386,4.073704016063783,3.0685034,3.9065533954605476,0.6588317492741986,0.22061673564146564,0.22141415160997274,0.5656101746240032,0.03383466235994751,0.7793832643585343,0.9998990612698092,0.5131082172420756,0.38364792570909456,198120,2.5738945586397053,-1.2367008,-0.865567646400738,3.3650506,3.4394621955334808,198120,2.5738945586397053,-2.0867944,-1.6131419739203003,4.2151446,4.187036536545084,SOXL,last12m,101-499
32663,1966001787.2586093,2.168364,2.651616898504208,1.7514669,2.4941242,4.065900183495778,3.0415285,3.856121535436886,0.6876383107058343,0.21666717692802254,0.26770351774178736,0.5226709120411475,0.03162599883660411,0.7833328230719775,0.9998469215932401,0.5036744442403086,0.5058016716162018,32658,2.651795945209316,-1.5444653,-0.8866832487184917,3.7131612,3.5384791939503515,32658,2.651795945209316,-2.1913033,-0.5734427800679539,4.3599987,3.225238810515414,SOXL,last12m,500-999
18364,2766079275.9852123,2.2983396,2.9800826951435986,1.7309213,2.7550607,4.619138591627588,3.1400497,3.907321676327239,0.7626919260829284,0.20649096057503813,0.35673055979089524,0.4214223480723154,0.03430625136135918,0.7935090394249619,0.9998366368982793,0.4985022602254779,0.6989762578958832,18361,2.9803679876272917,-0.92549896,0.6854410515193289,3.2242136,2.2949269023044003,18361,2.9803679876272917,-2.3407042,-0.6872897823895705,4.6394186,3.667657753245362,SOXL,last12m,1000-4999
816,417777468.37654996,2.443246,2.8812844035298824,2.1521578,2.3134558,3.790356726007544,2.8356304,3.4968048788089092,0.8239763164913316,0.11519607843137254,0.4117647058823529,0.45098039215686275,0.03676470588235294,0.8848039215686274,1.0,0.4877450980392157,0.7990196078431373,816,2.881284403529781,0.5132358,0.4100160941807357,1.9300107,2.47126843840453,816,2.881284403529781,-7.389042,-7.515481383447358,9.832288,10.396765629368096,SOXL,last12m,5000-9999
238,266794484.3247,2.9333982,3.5371221909607176,2.2274199,2.3100839,3.8928563691429465,2.7024872,3.4802046226488836,1.016354661430371,0.06302521008403361,0.2689075630252101,0.6092436974789915,0.07983193277310924,0.9369747899159664,1.0,0.49159663865546216,0.7773109243697479,238,3.5371221909606856,-3.9984975,-3.1587121082161187,6.9318957,6.695834227585682,238,3.5371221909606856,-5.525249,-3.081234597321829,8.458647,6.618356259274887,SOXL,last12m,>=10000
52433,1627312.5776543394,6.155614,6.698533451453477,3.4539332,11.206704,13.452223109909863,6.705785,7.759652512227432,0.8632517294940881,0.10298857589685885,0.6155474605687258,0.0834588903934545,0.19808136097495851,0.8970114241031412,1.0,0.6531955066465776,1.0,52433,6.698533451453338,6.8546467,6.294925086628049,-0.6990324,0.40360839314201596,52433,6.698533451453338,1.6969779,5.005910108085861,4.458637,1.6926232689503313,SOXL,normal18m,<1 (fractional)
1975600,4319195547.797905,2.2600436,2.4189197276354055,1.4799467,2.980078,4.039352136286074,3.7200203,4.283581384657557,0.5646956390975122,0.21432223122089492,0.2726442599716542,0.5138464264021056,0.029344502935816967,0.7856777687791051,0.9999230613484511,0.43838157218008267,0.26193713302287913,1975448,2.419081153724921,-0.79830086,0.48914803496580594,3.0585184,1.929933113455488,1975448,2.419081153724921,-1.1122501,1.9437378846357023,3.372467,0.47534328259880976,SOXL,normal18m,1-99
348893,3510868850.196759,2.0688066,2.2687852554332686,1.5245064,2.2829344,3.5409011104041315,3.2450325,3.911292863070053,0.5800601833871507,0.2572737200230443,0.19258913191150295,0.5661621184718524,0.03540053827391206,0.7427262799769557,0.9998595557950432,0.5024280194012223,0.3123565104487622,348844,2.2689800317995776,0.049046434,0.41003372569296664,2.0200505,1.8589463044285783,348844,2.2689800317995776,-1.410627,-0.6338403936594328,3.4797244,2.902820435177036,SOXL,normal18m,100
230097,4617005224.522968,2.474642,2.6221235449305023,1.7566974,2.3671026,3.9665297265102555,3.413475,3.9346919850792323,0.6664113874412207,0.2237534604970947,0.2067780110127468,0.5900163843944076,0.031456298865261176,0.7762465395029053,0.999852236230807,0.5080825686877073,0.3687401400279013,230063,2.622308567591787,-1.7215154,-1.028135104294158,4.196523,3.65044366398356,230063,2.622308567591787,-3.4546964,-2.0925523727243798,5.9297047,4.714860950065843,SOXL,normal18m,101-499
47335,2130856336.4549096,2.9845886,2.7805499677699865,2.1892104,1.9529225,3.810721256279737,3.911717,3.950205703022659,0.7039000438995713,0.22687229322911165,0.22469631351008768,0.5819583817471216,0.028752508714481883,0.7731277067708884,0.9997253617830358,0.49742191792400997,0.4364212527727897,47322,2.780797984817006,-2.4580407,-1.2134054893991644,5.4434495,3.994203476740774,47322,2.780797984817006,-4.5395603,-1.4378827929009326,7.5249686,4.2186808699591225,SOXL,normal18m,500-999
30637,3118979269.072012,3.3396785,3.147800901749959,2.2142673,1.9379426,4.179366849824052,4.404517,4.103989176066158,0.7670100399161517,0.2242060253941313,0.2995071318993374,0.4994614355191435,0.028005353004537,0.7757939746058687,0.9997715180990305,0.4962455109369899,0.5857623135424487,30630,3.1481586248095725,-1.2017984,0.333538963731856,4.5422406,2.8146196315864422,30630,3.1481586248095725,-5.0416627,-2.122861344993667,8.382106,5.271019973881256,SOXL,normal18m,1000-4999
2094,533496030.10495,4.256745,3.3370020602411996,2.8073006,1.3173162,3.1201323704617034,5.7322783,4.22688692648555,0.7894703876111855,0.20534861509073543,0.31900668576886343,0.49522445081184335,0.022445081184336198,0.7946513849092646,1.0,0.48089780324737347,0.6504297994269341,2094,3.337002060241076,0.5364587,0.28316995425305397,3.7202857,3.053832216043731,2094,3.337002060241076,-2.1993406,-6.294015644107821,6.456086,9.631017539047427,SOXL,normal18m,5000-9999
787,402099003.2444999,5.6782246,4.421944560134137,4.7225504,1.3090724,2.878963187809816,6.089504,4.590555321459637,0.9632700731135319,0.07750952986022872,0.31639135959339265,0.6099110546378653,0.029224904701397714,0.9224904701397713,1.0,0.46378653113087676,0.7280813214739518,787,4.421944560134109,2.0012856,-2.624358381932516,3.6769378,7.046302964023521,787,4.421944560134109,0.19611193,-5.866043081866281,5.4821134,10.28798728118743,SOXL,normal18m,>=10000
25235,768636.5202219554,3.5710094,3.2219706405249595,2.415459,4.9918613,4.525072244834998,4.3880873,4.231189152584098,0.761481116616405,0.11060035664751337,0.627937388547652,0.0846839706756489,0.1768575391321577,0.8893996433524867,1.0,0.6255201109570042,1.0,25235,3.2219706405247717,0.6207844,1.6313221927648276,2.9502249,1.5906484680272128,25235,3.2219706405247717,-1.7058021,-0.22969102685078663,5.276811,3.451661651158605,SOXL,since_2026-07-15,<1 (fractional)
720623,2243499267.577588,1.7322489,1.6206303501606552,0.8587008,2.4280388,2.2759240399746923,3.0808926,2.967160393969021,0.5461889938456679,0.21118115852533156,0.37366001362709766,0.38652110743065377,0.032340072409567835,0.7888188414746684,0.9999195140871163,0.5068564251663625,0.2695195684844919,720565,1.6207478284092176,-0.03988014,0.26285680684535045,1.7722687,1.3578910311032177,720565,1.6207478284092176,3.3105636,2.5420003167472935,-1.5781751,-0.9212524741540538,SOXL,since_2026-07-15,1-99
115628,1621468611.4420936,1.6481267,1.6392711753959102,0.7424043,2.2985404,2.298580476530718,2.9129536,2.893416548382107,0.5665520840103478,0.2533988307330404,0.2807019061127063,0.4368578544989103,0.03919465873317882,0.7466011692669595,0.9999654063029716,0.49129073548744207,0.37262600754142594,115624,1.639327678953417,0.10751363,0.158185461999215,1.54067,1.4811422078153502,115624,1.639327678953417,-0.41816938,-0.37389046447622715,2.0663533,2.0132181322088116,SOXL,since_2026-07-15,100
64654,1952048435.8945,1.9476831,1.956031153276235,1.3334222,2.7112572,2.7355304708418027,3.1595924,3.150617222277134,0.6208406211474009,0.22091440591456057,0.32630618368546416,0.42209298728616945,0.03639372660624246,0.7790855940854394,0.999984533052866,0.5148871668754736,0.4808055186067374,64653,1.9560741627924023,-1.2041785,-1.359106499382911,3.151892,3.315180647922312,64653,1.9560741627924023,-1.2376826,-1.779189517367347,3.1853957,3.735263714236008,SOXL,since_2026-07-15,101-499
9665,855260851.6945866,2.0701184,2.082101243528343,1.3387777,2.8901272,2.9189459183847744,3.3031492,3.2703452089369054,0.6366609976948501,0.236316606311433,0.3331608898085877,0.39855147439213656,0.038385928608380755,0.763683393688567,1.0,0.5097775478530782,0.5723745473357476,9665,2.082101243528128,-2.1772933,-2.467935922393069,4.2474113,4.550037183679078,9665,2.082101243528128,-1.1490872,-1.9198037658745934,3.2192056,4.001905043540575,SOXL,since_2026-07-15,500-999
5104,1102383766.662547,2.3077793,2.389947080194011,1.4155283,3.2220333,3.3503004549958875,3.423951,3.3283046811398846,0.7180673974161215,0.21003134796238246,0.36990595611285265,0.38283699059561127,0.039968652037617555,0.7899686520376176,1.0,0.49843260188087773,0.7016065830721003,5104,2.389947080193858,-1.3077315,-0.9970309304064041,3.615511,3.386977963524048,5104,2.389947080193858,-2.0731292,-1.7017976332545715,4.3809085,4.091744741322869,SOXL,since_2026-07-15,1000-4999
158,143288021.39325,2.6118705,2.595778157313284,2.0986376,3.6279745,3.614488436170725,3.3640752,3.3367452416559367,0.7779371721003996,0.12658227848101267,0.3987341772151899,0.41139240506329117,0.06329113924050633,0.8734177215189873,1.0,0.4936708860759494,0.810126582278481,158,2.595778157313083,-2.5652952,-2.9150414629826904,5.1771646,5.5108198205727765,158,2.595778157313083,-6.183452,-4.352103567133582,8.795323,6.947881410015292,SOXL,since_2026-07-15,5000-9999
28,55847865.7826,2.9458277,2.632007765849901,1.5432265,4.0592856,3.6504905668431094,2.361197,2.143834662583558,1.2277102389407402,0.10714285714285714,0.21428571428571427,0.5357142857142857,0.14285714285714285,0.8928571428571429,1.0,0.4642857142857143,0.7857142857142857,28,2.632007765849901,-7.028083,1.4148934610301018,9.973908,1.2171138997091822,28,2.632007765849901,-1.2143958,0.5381017774114428,4.1602225,2.0939068833822194,SOXL,since_2026-07-15,>=10000
26209,1027287.7672610834,11.015157,10.338697102804188,8.542932,22.176428,21.069123221267763,11.542801,11.549468526020878,0.8951664814282294,0.09401350681063757,0.6145217291770003,0.07768323858216643,0.21378152543019574,0.9059864931893624,1.0,0.7260483040177038,1.0,26209,10.33869710280409,20.12116,16.45128269414061,-9.106003,-6.112585596619012,26209,10.33869710280409,56.440926,38.060903193011335,-45.42577,-27.722206150995074,SOXL,stress,<1 (fractional)
1175458,2219599417.92405,5.4075403,4.9418053575389145,3.2892032,5.0034966,8.97986604300463,7.5081763,8.295037097660177,0.5957544612950404,0.17659159238356453,0.29421297911112093,0.5316872231930022,0.03465627865904184,0.8234084076164354,0.9999336428864324,0.4592489237523184,0.2926850640346146,1175380,4.941888655269221,0.10320024,-4.377969962859343,5.304699,9.319858627917924,1175380,4.941888655269221,9.376321,-3.486990245193996,-3.9684205,8.428878886078461,SOXL,stress,1-99
277097,1890949272.1543162,5.2424803,4.806839024395582,3.1002946,3.2805986,7.953663820822787,7.0435677,8.113712297522339,0.5924339991526977,0.23336954207371427,0.18882918256061956,0.6175563069971887,0.034053057232665815,0.7666304579262857,0.9999169965752065,0.5136642196669482,0.30387553816894447,277074,4.806960730703929,-1.6617916,-3.0235999420357182,6.904707,7.830560705552489,277074,4.806960730703929,-5.394496,-4.128383902178301,10.637412,8.935344633712633,SOXL,stress,100
284440,3418819158.9863076,6.1226764,5.386764536339241,5.684366,2.8096006,8.127204950274024,7.415876,7.813799225389108,0.689391214306635,0.2103150049219519,0.16918506539164674,0.6716354943045985,0.02972507382927858,0.7896849950780481,0.99988749824216,0.5114905347247616,0.2959850935170862,284408,5.387024434309387,-0.72627354,-2.488248088833797,6.849638,7.8752724897136135,284408,5.387024434309387,-6.1625314,1.439652356977928,12.285894,3.947372101794308,SOXL,stress,101-499
88532,1562971441.245544,7.2513165,6.04999125486897,8.2542305,1.6648045,6.8200251116942,8.115978,7.8824924279283035,0.767522621833846,0.21233000496995436,0.13757737315321014,0.7260764469344417,0.026114851127276014,0.7876699950300456,0.9999096371933313,0.5152839907821608,0.2962205756110785,88524,6.050412098913891,-0.25073242,-2.559449045803074,7.502704,8.609861097171983,88524,6.050412098913891,-4.656278,0.5585313350859769,11.908251,5.491880779591616,SOXL,stress,500-999
73290,2509249901.8904877,7.750502,7.120934498769384,8.421053,1.4070123,6.439449429090053,8.749851,8.411465195900973,0.8465748039044989,0.222799836266885,0.18511393095920317,0.6596261427206986,0.026306453813617136,0.7772001637331151,0.9998499113112294,0.5116882053521473,0.3934370309728476,73279,7.121997484246841,-0.036197912,-0.6291014583862747,7.7878637,7.751098930763801,73279,7.121997484246841,0.15611225,2.0017810387397543,7.5955534,5.120216494492956,SOXL,stress,1000-4999
6632,665135121.3665833,7.0863056,7.2003823012909605,8.2304535,1.1072286,5.47338227839552,9.186608,8.876378404269161,0.8111846941797662,0.265832328106152,0.26387213510253316,0.5149276236429433,0.025784077201447528,0.734167671893848,1.0,0.512816646562123,0.5698130277442702,6632,7.200382301290782,-16.397137,-14.121568974378427,23.483442,21.32195092505177,6632,7.200382301290782,-13.083303,3.047980031724818,20.16961,4.152402843792974,SOXL,stress,5000-9999
3336,682139209.7054,8.176288,7.952872622014615,8.986502,0.93102515,2.185160056968047,9.639838,9.000666101325873,0.8835871181626315,0.18345323741007194,0.23770983213429256,0.6022182254196643,0.024880095923261392,0.8165467625899281,0.9997002398081535,0.4908545727136432,0.6127098321342925,3335,7.954925086959168,-1.008626,6.120671535697057,9.1873665,1.8342533122504237,3335,7.954925086959168,7.502351,21.61646213031659,0.67638767,-13.661536997628744,SOXL,stress,>=10000
10328,86425.07159517761,6.8753085,3.9124932572603544,2.7080836,1.0743203,1.1393180537665901,8.254104,4.48965050562476,0.871447176647419,0.14601084430673897,0.6013749031758326,0.11696359411309062,0.13710302091402013,0.8539891556932611,1.0,0.6367157242447715,1.0,10328,3.9124932572601563,8.176404,3.7730724478614235,-1.3010951,0.13942080651371286,10328,3.9124932572601563,15.789155,6.013087416077961,-8.913847,-2.100594183831007,SOXS,last12m,<1 (fractional)
301976,244883795.27343717,6.498856,2.6653425467287706,2.7847726,0.8288606,0.8461380317887984,8.50633,3.5273256590483135,0.7556270116119334,0.21372228256550188,0.17226865711182346,0.6428590351551117,0.015305852120698333,0.7862777174344981,0.9997979971918298,0.4739545898680092,0.4058534453069118,301915,2.665949852669489,1.1938299,0.9794604628486372,5.3063397,1.6864894011903877,301915,2.665949852669489,1.5901809,1.6655776976123864,4.909989,1.0003721721360308,SOXS,last12m,1-99
129050,357799891.91857785,6.4537916,2.7645960518435015,2.798377,0.76651335,0.7970635469477949,9.116307,3.659517458614978,0.755453712984832,0.27817900038744675,0.08533126695079427,0.6940643161565285,0.017101898488957767,0.7218209996125533,0.9996435490120108,0.507480388205017,0.3011623401782255,129004,2.765217047287414,-0.85852987,-0.28674969940050116,7.3146224,3.051966741452016,129004,2.765217047287414,-2.5717778,0.4299637520843301,9.02787,2.335253284318581,SOXS,last12m,100
129773,779165119.6615795,7.978685,3.2429742458365207,2.9065542,0.7845624,0.8158259721656198,10.575062,4.18450088132227,0.7749966693307915,0.24832592295778014,0.15768303113898885,0.6386767663535559,0.015688933753554284,0.7516740770422199,0.9996147118429873,0.49165529628516147,0.3937182618880661,129723,3.243727398286952,0.079664566,-0.21705276623056752,7.9020963,3.460780175501436,129723,3.243727398286952,-1.7200793,-0.8630438818960823,9.7018385,4.1067712916986645,SOXS,last12m,101-499
43191,473067301.58021873,13.119853,4.5303522563061716,5.3949904,0.7662141,0.8022655115472059,16.870409,5.887244977037239,0.7695199153384094,0.23458590910143318,0.21259058600171332,0.5893588942140724,0.011182885323331249,0.7654140908985668,0.9998147762265287,0.48813190375842347,0.4900789516334422,43183,4.5309383165553125,-0.3540535,-0.5357319720788648,13.4763365,5.066670270551091,43183,4.5309383165553125,-2.2724123,-2.0643964824207517,15.394695,6.595334824561231,SOXS,last12m,500-999
69656,1354333890.252427,19.235277,8.175534916399187,14.8997135,0.75026065,0.7745348885834836,24.891666,10.725526927486781,0.762250187955557,0.22451762949351098,0.25307224072585277,0.548940507637533,0.006761800849890892,0.775482370506489,0.9996554496382222,0.49709903492647056,0.539422303893419,69632,8.176689054799573,-1.5616328,-1.5475481801475137,20.80354,9.724237187033555,69632,8.176689054799573,-5.683675,-4.4393648385942095,24.925583,12.616053845672392,SOXS,last12m,1000-4999
22518,715913946.9763067,28.650148,17.173955704762196,25.03129,0.77067703,0.8125761844661751,36.928802,22.036121224527722,0.7793547480418831,0.16235900168753886,0.40296651567634784,0.4469757527311484,0.002664535038635758,0.8376409983124612,0.9995115019095835,0.4924690096414449,0.6609823252509104,22507,17.180304444633983,1.0934471,-1.1595782616326626,27.570705,18.339882595672304,22507,17.180304444633983,-2.28918,-5.587062851044879,30.953331,22.76736741349983,SOXS,last12m,5000-9999
12699,1260921013.5537274,28.288864,20.742846533429933,24.125452,0.79452074,0.8463201176867916,35.136395,25.252047061627078,0.8214322776607956,0.1784392471848177,0.23970391369399166,0.5987085597291125,0.0038585715410662256,0.8215607528151823,1.0,0.4901173320733916,0.5290967792739586,12699,20.74284653342986,-0.25832215,0.9051986253613282,28.547184,19.837647799803396,12699,20.74284653342986,-0.5496027,-1.9498769508888854,28.838467,22.69272369938876,SOXS,last12m,>=10000
10328,86425.07159517761,6.8753085,3.9124932572603544,2.7080836,1.0743203,1.1393180537665901,8.254104,4.48965050562476,0.871447176647419,0.14601084430673897,0.6013749031758326,0.11696359411309062,0.13710302091402013,0.8539891556932611,1.0,0.6367157242447715,1.0,10328,3.9124932572601563,8.176404,3.7730724478614235,-1.3010951,0.13942080651371286,10328,3.9124932572601563,15.789155,6.013087416077961,-8.913847,-2.100594183831007,SOXS,normal18m,<1 (fractional)
327978,256271373.09623718,6.450992,2.7613687706959,2.8093834,0.83127815,0.8485763329997624,8.419011,3.638759808846097,0.758876352317294,0.2123526578002183,0.17240790540828957,0.6441224716291947,0.016254138997127857,0.7876473421997817,0.9997347383056181,0.47448999820062154,0.40094457555079915,327891,2.7620997649278114,0.7591517,0.9341155879073832,5.6935525,1.8279841862137156,327891,2.7620997649278114,0.29214624,1.4361391167349877,6.1605577,1.3259606690054389,SOXS,normal18m,1-99
143080,382986405.33857787,6.3300605,2.8805811242598067,2.834869,0.7710643,0.8008713086306926,8.874748,3.7815540287548255,0.761745330717465,0.2774811294380766,0.08489656136427173,0.6941571149007548,0.019275929549902152,0.7225188705619234,0.9995317305004193,0.50607986686525,0.29986021805982666,143013,2.881479861892634,-1.0662336,-0.4131164705851112,7.39926,3.294596327721236,143013,2.881479861892634,-3.3231196,-0.1135930993659773,9.656147,2.9950729506129883,SOXS,normal18m,100
142144,823669363.2700795,7.8184304,3.3576630838224673,2.9244041,0.7834965,0.8160297594174244,10.349811,4.3285658660960795,0.7756987389568669,0.2499155785682125,0.15976052453849618,0.63763507429086,0.016145598829356147,0.7500844214317874,0.9994512606933813,0.4910745709740543,0.39282699234579016,142066,3.358677680306787,0.09769821,-0.07994400800921816,7.7250257,3.4386216930322595,142066,3.358677680306787,-2.2960029,-0.941335557455954,10.118727,4.300013251615468,SOXS,normal18m,101-499
48272,514653028.54511875,12.436375,4.639412491057634,5.418586,0.7615153,0.799027002623382,15.9805765,6.006117151695996,0.7724478850279445,0.23877195889956912,0.20999751408684122,0.5962669870732515,0.011269472986410341,0.7612280411004309,0.9994199535962877,0.4901334881021474,0.47766821345707655,48244,4.641561102593209,-0.6562979,-0.5540473167445397,13.099891,5.195608405840154,48244,4.641561102593209,-3.6966054,-2.6589529568565236,16.140198,7.300514078956856,SOXS,normal18m,500-999
77126,1515917938.583727,18.098192,8.056894359420584,11.055832,0.7477278,0.7727742119961201,23.44317,10.56130404279271,0.7628692751174798,0.22526774369214014,0.2520810102948422,0.5520965692503177,0.0068070430205118895,0.7747322563078599,0.9996499235018023,0.4973086551057731,0.5307678344527137,77099,8.058159686659723,-1.5824234,-1.5543465224674837,19.686954,9.61250616953021,77099,8.058159686659723,-6.016433,-4.824236493677027,24.120964,12.88239611858131,SOXS,normal18m,1000-4999
23713,791906129.7519065,27.649765,16.319784948039096,24.172663,0.7713603,0.8140651298894984,35.61909,20.884142096982462,0.7814438760401431,0.16256905494876228,0.39725045333783154,0.45439210559608656,0.002867625353181799,0.8374309450512377,0.9994517775060093,0.4930379746835443,0.6528486484206975,23700,16.32791045730773,0.8559156,-1.3192259900291783,26.809017,17.647136343631026,23700,16.32791045730773,-2.7253685,-6.33474206767949,30.3903,22.662652605274378,SOXS,normal18m,5000-9999
13135,1329468370.8264275,27.689695,20.17750149902566,23.952095,0.79755306,0.851531858539213,34.352314,24.506397959655054,0.8233564774490291,0.17601827179291968,0.24316711077274458,0.5977921583555387,0.004035020936429387,0.8239817282070803,1.0,0.4899885801294252,0.5343738104301484,13135,20.17750149902559,-0.2332606,0.9603967694536164,27.922958,19.21710463094681,13135,20.17750149902559,-0.9955459,-2.3206625708504682,28.685242,22.498164270111328,SOXS,normal18m,>=10000
6689,71714.5326042996,3.3640842,3.265465857743143,2.1359503,1.2321544,1.2164516662083995,3.4447067,3.5088718538410824,0.9306312666187885,0.13469875915682464,0.585588279264464,0.1083869038720287,0.1725220511287188,0.8653012408431754,1.0,0.6580953804754074,1.0,6689,3.265465857742948,3.3674176,2.4809267222387357,-0.003333328,0.7845391197054326,6689,3.265465857742948,8.81211,2.928115005829468,-5.448025,0.3373508648480941,SOXS,since_2026-07-15,<1 (fractional)
186694,190105818.1664444,2.2893298,2.2359574944406635,2.5403278,0.86082876,0.8565049203772552,3.0631475,3.010085586516716,0.7428218999673438,0.2324927421341875,0.14585899921797166,0.6501708678372096,0.018875807471048882,0.7675072578658125,0.9998339528854704,0.46600558225250854,0.37929446045400494,186663,2.236403718783338,0.83942974,1.123577616473665,1.4502801,1.1128261149407617,186663,2.236403718783338,1.9660622,1.1536312807600038,0.32364786,1.082772468600438,SOXS,since_2026-07-15,1-99
73142,272054696.4548,2.1899254,2.1701592965548837,2.659221,0.8072064,0.8129123020582305,2.84274,2.822560060264078,0.7688620437546488,0.28041344234502746,0.06860627272975856,0.715758387793607,0.02465067950015039,0.7195865576549725,0.9997675754012743,0.5005401709401709,0.2553799458587405,73125,2.170647458402915,0.0059801284,0.004852903922515614,2.1844542,2.165794542857427,73125,2.170647458402915,0.8842908,0.9813413541691817,1.3061438,1.1893060904694632,SOXS,since_2026-07-15,100
72341,635655802.7573676,2.3113656,2.294692766744742,2.8082492,0.83104163,0.8314434155245669,2.9321473,2.907238055983113,0.7893033602880407,0.2530100496260765,0.13047925795883386,0.6638973749326108,0.022241882196817848,0.7469899503739235,0.9997788252857992,0.490120981679917,0.355151297327933,72325,2.2952222951684256,-0.4839082,-0.1859616833929059,2.7957852,2.48118400182541,72325,2.2952222951684256,-0.73523223,-0.659224420037626,3.047109,2.954446740817486,SOXS,since_2026-07-15,101-499
14298,329944691.213046,2.25413,2.263123614500031,2.741264,0.81019783,0.8246575071517108,3.0055056,2.994612670755863,0.7557316632634168,0.2690586095957477,0.2048538257098895,0.556021821233739,0.023429850328717302,0.7309413904042523,0.9999300601482725,0.4841575155627055,0.52419918869772,14297,2.263270113780128,-0.38859406,-0.291142032299205,2.6428819,2.5544121391413634,14297,2.263270113780128,-1.2026266,-1.3449028849466744,3.4569147,3.6081730381052965,SOXS,since_2026-07-15,500-999
10611,676491609.6413786,2.205649,2.217904747047106,2.7263875,0.7946786,0.8116718371923501,3.0459313,3.0252126962948216,0.7331401027648472,0.27914428423334275,0.24380360003769672,0.5015549901046085,0.022335312411648288,0.7208557157666572,0.9999057581754783,0.47917059377945337,0.6283102440863255,10610,2.2180150098257214,-1.2698405,-1.2353193404494065,3.4756973,3.453334323526991,10610,2.2180150098257214,-2.4591591,-3.086936130010487,4.665016,5.304951118185357,SOXS,since_2026-07-15,1000-4999
782,184847874.14644337,2.5290444,2.583939906089914,2.818943,0.90926677,0.9398846189211055,3.126704,3.1142473583395343,0.8297156933184745,0.19053708439897699,0.319693094629156,0.49872122762148335,0.017902813299232736,0.809462915601023,1.0,0.47698209718670076,0.7800511508951407,782,2.5839399060897046,-4.096472,-4.460265504199514,6.625516,7.0442052746694435,782,2.5839399060897046,-12.985634,-14.09115373507446,15.514677,16.675093591952997,SOXS,since_2026-07-15,5000-9999
304,168492694.66027358,2.960369,2.9439913767074395,2.880824,1.050658,1.0542120731184885,3.0656457,3.014757436879527,0.9765267814563101,0.06578947368421052,0.2598684210526316,0.6414473684210527,0.04276315789473684,0.9342105263157895,1.0,0.47039473684210525,0.8026315789473685,304,2.9439913767074395,0.62067753,3.037256905693056,2.3396912,-0.09326569847745633,304,2.9439913767074395,-2.5843494,-0.3617292112872992,5.5447197,3.305721029096898,SOXS,since_2026-07-15,>=10000
3501,15366.833042718401,10.331979,7.50471669953309,11.241218,0.854813,1.1128139538278032,14.127217,9.94055354325026,0.7549596374971363,0.1856612396458155,0.6098257640674093,0.11653813196229648,0.08883176235361326,0.8143387603541845,1.0,0.5615538417594973,1.0,3501,7.504716699533002,13.047527,5.810615674468539,-2.7155478,1.6941010246887527,3501,7.504716699533002,15.097768,14.909859288341215,-4.765788,-7.405142521850491,SOXS,stress,<1 (fractional)
348153,334588235.5898555,7.7352552,4.627988844313128,3.8767202,1.5506352,1.7285384130301424,9.037798,5.2501525762297,0.8814960664698687,0.17761731192895078,0.18284202635048383,0.5929318431838876,0.06856181046838603,0.8223826880710492,0.9999080863873068,0.487890704668779,0.2782426117253047,348121,4.6285684065507295,-2.094066,-1.2823958432251255,9.830031,5.910964306049933,348121,4.6285684065507295,-3.13915,3.949124652574743,10.875116,0.6794437806356787,SOXS,stress,1-99
156434,483079762.19231653,6.465886,4.55153279034311,3.9238768,1.4054222,1.5870778935993861,8.127646,5.171031153870545,0.8801982921600198,0.21305470677729904,0.09251825050820155,0.6777043353746628,0.05852947568942813,0.7869452932227009,0.9997890484165847,0.5051694042876964,0.20550519707991868,156401,4.552235316090758,-0.5162593,1.0782915802729056,6.9835095,3.473943771322602,156401,4.552235316090758,3.4628274,6.388031490767689,3.004423,-1.8357962936873702,SOXS,stress,100
142850,1013434204.8319532,8.010598,4.925828752934117,4.445432,1.4436005,1.7090816518892584,9.672555,5.416818421412205,0.9093582929534338,0.16493524676233812,0.1503675183759188,0.6731816590829541,0.05021351067553378,0.8350647532376618,0.9998389919495975,0.49127966000826173,0.2608330416520826,142827,4.926197406964796,-1.4343455,-0.42996858722813924,9.446234,5.356166021843128,142827,4.926197406964796,9.375448,8.90904123355137,-1.3635595,-3.982843806230664,SOXS,stress,101-499
46867,585501638.8771311,10.6498785,6.089914243163178,7.2908034,1.2822895,1.7661192228655738,13.277331,6.964094650473993,0.8744732156603706,0.17863315339151215,0.17487784581901977,0.6420295730471334,0.034160496724774364,0.8213668466084878,0.9998293042012504,0.5038946627115388,0.3559434143427145,46859,6.090316990901685,-4.451673,-4.576818584183691,15.103372,10.667135616941543,46859,6.090316990901685,3.4970818,7.477005973313483,7.1546154,-1.3866891163250112,SOXS,stress,500-999
61819,1178503017.520405,14.519279,9.08694879692707,15.4202,0.8447293,1.103765093524719,18.588537,11.644409629932587,0.7803700733413375,0.22625729953574145,0.19869295847554957,0.5981332600009706,0.00975428266390592,0.7737427004642585,0.9999029424610557,0.5077572678886318,0.44861612125721867,61813,9.087610642098383,-3.6239815,-7.112296461892243,18.14467,16.1999070978963,61813,9.087610642098383,1.7165387,3.8920045357269295,12.80415,5.195606109354278,SOXS,stress,1000-4999
14553,573708852.8711127,18.655691,13.899345171088322,16.14205,0.80017173,0.9464097619594024,23.136688,17.042523570411003,0.8155684874756562,0.18992647564076134,0.22923108637394352,0.617329760186903,0.003916718202432488,0.8100735243592386,0.9999312856455713,0.5092770753161078,0.43166357452071735,14552,13.900229289076584,-3.740491,-1.454251981383123,22.397465,15.354481201958649,14552,13.900229289076584,1.5431502,7.825995894329776,17.113823,6.074233102260547,SOXS,stress,5000-9999
12039,1437780222.6633472,18.084566,14.578312779538058,16.168148,0.7904859,0.8395282771708282,22.22218,18.33805228428659,0.79497607235147,0.20674474624138217,0.16222277597807128,0.6669989201760944,0.0023257745659938534,0.7932552537586178,0.999916936622643,0.4991692972254527,0.4004485422377274,12038,14.57939656034826,-1.2399545,-1.3844713741536139,19.326025,15.963868012089868,12038,14.57939656034826,3.6734102,3.240949906823096,14.41266,11.338446306668606,SOXS,stress,>=10000
24712,1484094.8265994727,2.0222814,2.005229332727309,1.4477156,11.089247,11.229960743779474,2.8292797,2.9682878014095126,0.6755508450949775,0.2137423114276465,0.5899158303658142,0.08295564907737132,0.11338620912916801,0.7862576885723536,0.9999595338297184,0.7357452146817207,1.0,24711,2.005640790538177,1.314724,1.3651537509398262,0.7076394,0.6404870179180816,24711,2.005640790538177,0.7090374,0.9879687283745164,1.3133262,1.0176720342533891,SOXX,last12m,<1 (fractional)
537205,5213732799.9855175,1.02828,1.0967268382009385,0.6552436,5.19307,5.71725247683122,1.7261714,1.7437310113953353,0.6289541397347385,0.18621569047197997,0.3893094814828604,0.37987174356158265,0.047739689690155525,0.8137843095280201,0.9997970979421263,0.4879388414734051,0.24663768952262172,537096,1.0968916153733475,0.5108698,0.3416042363702541,0.51761895,0.7552873798651346,537096,1.0968916153733475,0.30864966,-0.19293438386907727,0.7198391,1.2898260057868989,SOXX,last12m,1-99
23912,1047053796.25,0.86273205,0.9522227356198498,0.5315191,4.169529,4.841911635692447,1.676256,1.8790473598241435,0.5067582414255735,0.23699397791903648,0.352333556373369,0.3707343593174975,0.04922214787554366,0.7630060220809636,0.9998327199732352,0.48531872176677265,0.3465623954499833,23908,0.952363784182231,0.3147262,0.28950200392626046,0.5481501,0.6628617769974672,23908,0.952363784182231,0.97806025,1.2033446936474363,-0.115183786,-0.2509809239455375,SOXX,last12m,100
22645,1946920081.1113777,1.1266607,1.2460930143423612,0.6977393,5.6193786,6.483956946775912,1.663697,1.8243413366900803,0.6830372087074229,0.16904393905939502,0.29004195186575404,0.49172002649591523,0.05466990505630382,0.830956060940605,0.9997792007065578,0.5010159010600707,0.31821594170898654,22640,1.246427473744527,0.03360858,0.14009750666994616,1.0933009,1.1063299663023682,22640,1.246427473744527,-0.9894574,-1.1216372719373855,2.1163666,2.368064756600384,SOXX,last12m,101-499
901,269549831.8757,1.2431182,1.3945048389404067,0.8395953,6.345549,7.423770264505942,2.0655668,2.2219729779934476,0.627597568805591,0.2253052164261931,0.40288568257491675,0.35405105438401774,0.01997780244173141,0.7746947835738068,1.0,0.4894561598224195,0.5516093229744728,901,1.3945048389401447,0.5317911,0.39969822497120194,0.71132696,0.994806587211223,901,1.3945048389401447,-2.801013,-3.029284237227231,4.0441313,4.423789107945842,SOXX,last12m,500-999
349,277108057.3283545,1.7012167,1.714973483045439,1.3119916,8.831403,9.286535787256414,1.9767681,1.9466156611476841,0.8810026125210183,0.14326647564469913,0.3839541547277937,0.4469914040114613,0.034383954154727794,0.8567335243553008,0.997134670487106,0.514367816091954,0.6446991404011462,348,1.7214539079493842,0.78207046,1.04499734412895,0.9240347,0.6764564131025665,348,1.7214539079493842,0.5169473,-1.7906638354355386,1.1891571,3.512117603003636,SOXX,last12m,1000-4999
16,45849687.16769999,2.9433944,3.9484992803321375,2.1437206,15.11875,21.01236767694047,2.4458892,2.3524976893115888,1.6784285477821603,0.125,0.5,0.125,0.25,0.875,1.0,0.4375,0.9375,16,3.9484992803316414,9.579439,7.642051568465419,-6.6360445,-3.6935522089613873,16,3.9484992803316414,-3.8103573,-6.072712851078439,6.7537518,10.021212163080675,SOXX,last12m,5000-9999
7,99571830.245,3.5173202,3.1614296906956025,2.2768023,19.568571,17.501704792217843,2.0276146,1.7553215818302141,1.80105441841562,0.14285714285714285,0.14285714285714285,0.14285714285714285,0.5714285714285714,0.8571428571428571,1.0,1.0,1.0,7,3.1614296906956025,26.05385,18.92252815931779,-22.53653,-15.761098418418648,7,3.1614296906956025,44.83984,43.75691414376832,-41.322517,-40.5954826399122,SOXX,last12m,>=10000
24712,1484094.8265994727,2.0222814,2.005229332727309,1.4477156,11.089247,11.229960743779474,2.8292797,2.9682878014095126,0.6755508450949775,0.2137423114276465,0.5899158303658142,0.08295564907737132,0.11338620912916801,0.7862576885723536,0.9999595338297184,0.7357452146817207,1.0,24711,2.005640790538177,1.314724,1.3651537509398262,0.7076394,0.6404870179180816,24711,2.005640790538177,0.7090374,0.9879687283745164,1.3133262,1.0176720342533891,SOXX,normal18m,<1 (fractional)
589704,5463113276.201317,0.9992526,1.0782870392207669,0.5800408,4.8635397,5.52380366876393,1.6929849,1.7235403817014705,0.6256233104073182,0.19495882680124266,0.382105259587861,0.38067912037225454,0.04569071941177268,0.8050411731987573,0.9997693758224465,0.4889902437038645,0.2363762158642302,589568,1.0784680692322943,0.45522186,0.3112451624283119,0.54426134,0.7672229077881624,589568,1.0784680692322943,0.27419204,-0.2004908049930996,0.72529113,1.2789588791711795,SOXX,normal18m,1-99
30688,1194967113.0,0.9032312,0.9525956006853816,0.44805878,3.7093067,4.48275330698934,1.6859117,1.8415583550797692,0.5172769019552025,0.24312434827945778,0.32511079249217933,0.3914885297184567,0.049758863399374346,0.7568756517205423,0.9997393117831074,0.48484354628422427,0.3232859749739312,30680,0.9527948503221976,0.24125253,0.24590507504512193,0.6622143,0.7068897747344792,30680,0.9527948503221976,1.1249489,1.2384675093297446,-0.22148214,-0.2856726812635974,SOXX,normal18m,100
24382,2023991170.9127774,1.130058,1.2397325460043445,0.67380905,5.382403,6.318860753188124,1.6712521,1.8162755528376437,0.6825685365127875,0.17250430645558198,0.2839389713723238,0.49491428102698715,0.054466409646460504,0.827495693544418,0.9997539168238865,0.49864620938628157,0.3054712492822574,24376,1.240083189440194,-0.15881555,0.02295764659925229,1.2891518,1.2171255437757225,24376,1.240083189440194,-1.2457669,-1.2821864354804986,2.376103,2.5222696340454505,SOXX,normal18m,101-499
1021,284813576.0118,1.3178451,1.410873478453819,0.8454157,6.011322,7.198747501255505,2.0915914,2.2150942745098745,0.6369360865085517,0.21155729676787463,0.3868756121449559,0.3829578844270323,0.021547502448579822,0.7884427032321254,1.0,0.4877571008814887,0.524975514201763,1021,1.410873478453569,0.43571535,0.33827778978835654,0.8821298,1.072595665527151,1021,1.410873478453569,-2.9427657,-3.1315410988021464,4.2606106,4.542414593056918,SOXX,normal18m,500-999
359,281345388.33395445,1.6890546,1.7119659155300253,1.2276717,8.654652,9.192921680405915,1.981665,1.9508914494030518,0.877530072754107,0.15041782729805014,0.38440111420612816,0.4401114206128134,0.033426183844011144,0.8495821727019499,0.9972144846796658,0.5139664804469274,0.6518105849582173,358,1.7183371828045944,0.665133,1.1119081219988658,1.0286396,0.60642891078107,358,1.7183371828045944,0.7057318,-1.4565094385653954,0.98804003,3.174846473811951,SOXX,normal18m,1000-4999
16,45849687.16769999,2.9433944,3.9484992803321375,2.1437206,15.11875,21.01236767694047,2.4458892,2.3524976893115888,1.6784285477821603,0.125,0.5,0.125,0.25,0.875,1.0,0.4375,0.9375,16,3.9484992803316414,9.579439,7.642051568465419,-6.6360445,-3.6935522089613873,16,3.9484992803316414,-3.8103573,-6.072712851078439,6.7537518,10.021212163080675,SOXX,normal18m,5000-9999
8,104665326.44500001,3.3784127,3.12467008865425,2.3414328,17.8725,16.941978934166194,1.8744154,1.7089295949440808,1.8284369923130128,0.125,0.125,0.125,0.625,0.875,1.0,1.0,1.0,8,3.12467008865425,22.947498,18.060215957606314,-19.569086,-14.935545821191653,8,3.12467008865425,38.83385,41.47138129865215,-35.455437,-38.34670948507411,SOXX,normal18m,>=10000
13668,853123.0840717393,1.5003941,1.4347241732106155,1.2219694,8.311222,7.9976530164847,2.260905,2.3535396703685523,0.6096027151248081,0.2405618964003512,0.5680421422300264,0.09423470880889669,0.09716125256072579,0.7594381035996488,1.0,0.732294410301434,1.0,13668,1.4347241732100646,0.054381877,0.0034672182743414105,1.4460124,1.4312569400532351,13668,1.4347241732100646,-0.9433558,-1.0953222083043386,2.4437501,2.5300463311023926,SOXX,since_2026-07-15,<1 (fractional)
204243,2374340681.9027214,0.9527594,0.9917775229676895,0.6977028,5.2656026,5.485868713907013,1.6259941,1.5782724188181403,0.6283943830877837,0.2008783654764178,0.41053059345975135,0.3483938250025705,0.04179825012362725,0.7991216345235822,0.9998188432406496,0.47700361399762986,0.3091611462816351,204206,0.9918885459850557,0.061780903,-0.12441181424746686,0.89115125,1.1163003628964128,204206,0.9918885459850557,0.33972496,-0.19973341756459093,0.6132072,1.191621965055834,SOXX,since_2026-07-15,1-99
7191,397651833.48,0.9818154,0.9859450655805189,0.5807707,5.452004,5.479379285489101,1.8733802,1.8793043680354264,0.5246329877960104,0.23362536503963288,0.4459741343345849,0.26964260881657626,0.05284383256848839,0.7663746349603672,1.0,0.47768043387567793,0.4356834932554582,7191,0.9859450655802445,0.024185505,0.012942370087410515,0.9576299,0.973002690784223,7191,0.9859450655802445,0.44206518,0.4319670777833491,0.53975034,0.5539779503039198,SOXX,since_2026-07-15,100
8661,872867411.3871925,1.2548816,1.3158752029706897,0.74720263,6.9560184,7.315213490645741,1.7562116,1.8011617604653578,0.7305702529631282,0.19085555940422583,0.3283685486664357,0.4343609282992726,0.04987876688604087,0.8091444405957742,0.9997690797829349,0.5223466913038457,0.43782473155524765,8659,1.3164057436800054,-0.38513476,-0.03629838317210942,1.6403061,1.3527041157421102,8659,1.3164057436800054,-0.53269213,-0.13857909390602272,1.7878635,1.454984837495916,SOXX,since_2026-07-15,101-499
344,124618161.4419,1.1360791,1.1532087383699532,0.88082045,6.291628,6.395391468517628,2.0602484,2.029841065272153,0.568127602746738,0.24127906976744187,0.40988372093023256,0.3372093023255814,0.011627906976744186,0.7587209302325582,1.0,0.5,0.6308139534883721,344,1.153208738369621,-1.1261041,-1.1178843653299404,2.262183,2.2710930535811715,344,1.153208738369621,-1.4130723,-1.7454441584438918,2.5491514,2.8986529094290696,SOXX,since_2026-07-15,500-999
137,127558718.74035451,1.7845672,1.7540057248766703,1.208163,9.966715,9.79011789512991,1.962328,1.884067299234618,0.9309676600136397,0.18248175182481752,0.3284671532846715,0.44525547445255476,0.043795620437956206,0.8175182481751825,1.0,0.5036496350364964,0.6861313868613139,137,1.7540057248763603,4.2699327,4.618871992189693,-2.4853654,-2.8648665235375836,137,1.7540057248763603,6.3366528,4.477008309284418,-4.5520864,-2.7230027482061567,SOXX,since_2026-07-15,1000-4999
5,19668966.734899998,6.048167,6.711691267201146,8.721285,32.996,36.6897825724908,1.752764,1.6865338497160924,3.9795769698491243,0.2,0.0,0.0,0.8,0.8,1.0,0.2,1.0,5,6.711691267199989,13.762117,15.268136601337588,-7.71395,-8.556445315107608,5,6.711691267199989,15.494998,14.56903914574925,-9.446833,-7.857348157820691,SOXX,since_2026-07-15,5000-9999
2,51118755.2,1.8360708,1.8275661604849662,1.8360708,10.5,10.451449396795953,1.3111639,1.3072928995594064,1.3979775772521263,0.0,0.0,0.5,0.5,1.0,1.0,1.0,1.0,2,1.8275661604849662,-6.2935867,-6.275005776938615,8.129658,8.102571965384367,2,1.8275661604849662,6.642642,6.6271423116865735,-4.8065715,-4.799576359554788,SOXX,since_2026-07-15,>=10000
9627,713672.9526192483,2.4324582,2.022614358560052,2.0097382,13.55716,11.299942085895958,3.414004,3.484783098272476,0.5804132715068349,0.23091305702711126,0.5640386413212839,0.06938817907967175,0.1356601225719331,0.7690869429728887,0.9998961254804196,0.7316642426760857,1.0,9626,2.022746044260947,5.376588,2.859409987996584,-2.9438767,-0.8366639605465733,9626,2.022746044260947,15.92836,6.544440323708595,-13.495648,-4.521694349728957,SOXX,stress,<1 (fractional)
380117,3541940827.319145,1.9635562,1.822689555786182,1.4469686,7.2636657,8.154524208444638,2.961609,2.574687335766754,0.7079265627581054,0.12323837134356001,0.4792892714611554,0.3255208264823725,0.07282494600346735,0.87676162865644,0.9999000307799967,0.4894508773176103,0.2026270858709292,380079,1.8227991507913313,-0.51311225,-0.09721614149997568,2.4768648,1.920015299253973,380079,1.8227991507913313,-0.29116204,-0.014305580901721859,2.2549145,1.837104746707044,SOXX,stress,1-99
40982,1083750036.68,2.86104,2.3046156787127496,2.1910205,6.094263,6.558227030291301,4.5175104,3.8358726569538284,0.6008060967651904,0.13303401493338537,0.4945585866965985,0.3212141915963106,0.051754428773607926,0.8669659850666146,0.999853594260895,0.5253319016009371,0.2475721048265092,40976,2.3048215877977234,0.44328922,0.17363114067748148,2.41817,2.1311904456590756,40976,2.3048215877977234,-0.47065964,-1.0210152189926691,3.3321183,3.3258368240505654,SOXX,stress,100
31785,2022726034.1711836,2.4530907,2.1020036794117067,1.7822453,6.840297,7.489989903274162,3.5184972,3.105867333800328,0.6767847604230096,0.11389019977977033,0.35233600755073147,0.4694981909705836,0.06569136385087306,0.8861098002202297,0.9999056158565361,0.534170285067019,0.20506528236589586,31782,2.1021408721492953,0.26942074,-0.4644412277205204,2.1839018,2.5665820914362247,31782,2.1021408721492953,0.19497475,-0.26845584554414703,2.258347,2.3705966792632704,SOXX,stress,101-499
2481,402724927.4106,3.2192416,2.64779356469728,2.659928,6.715187,7.448624935584293,4.514889,3.9208051393475167,0.6753188364617158,0.11688835147118097,0.32204756146715036,0.5364772269246272,0.024989923417976623,0.8831116485288191,1.0,0.561870213623539,0.24989923417976623,2481,2.647793564697133,3.0430584,3.397761468803508,0.17618313,-0.7499678691670375,2481,2.647793564697133,2.607922,2.8276771524192053,0.61131924,-0.17988364310139285,SOXX,stress,500-999
656,294268875.7014,4.019584,3.5791868774771927,3.1208158,10.00622,12.382542200829183,5.21126,4.10123888233566,0.8727087058725147,0.125,0.35365853658536583,0.4771341463414634,0.04573170731707317,0.875,1.0,0.5076219512195121,0.42378048780487804,656,3.5791868774771074,4.1406684,3.6251962088263596,-0.12108375,-0.04600918298763718,656,3.5791868774771074,-8.4359,-6.027584400792658,12.4554825,9.606770849387969,SOXX,stress,1000-4999
22,49766572.089999996,5.0006814,5.127882412680292,4.17985,16.417273,22.009871363568767,4.3623834,3.8790112089858733,1.3219560698358805,0.045454545454545456,0.36363636363636365,0.36363636363636365,0.22727272727272727,0.9545454545454546,1.0,0.7272727272727273,0.8636363636363636,22,5.127882412680292,5.064935,-0.553085240005739,-0.064254135,5.680967550731227,22,5.127882412680292,-6.4842515,-25.005598792192423,11.484934,30.13348171819708,SOXX,stress,5000-9999
14,202928732.04999998,13.671628,52.25314135176274,6.6070657,29.428572,95.1237754204464,4.472491,2.306047579343332,22.65917746876771,0.07142857142857142,0.21428571428571427,0.35714285714285715,0.35714285714285715,0.9285714285714286,1.0,0.5,0.9285714285714286,14,52.25314135176274,35.52886,56.74963220849492,-21.85723,-4.496491940924098,14,52.25314135176274,49.8843,91.38048764199897,-36.212677,-39.12734810033999,SOXX,stress,>=10000
34792,2824522.8367449716,1.8101182,1.9601462754386207,1.0364666,10.284236,11.369024538302149,2.8214085,2.9163290229189545,0.6721279595114785,0.2767302828236376,0.5502414348126006,0.08898597378707748,0.08409979305587491,0.7232697171763623,0.9997125776040469,0.7097061698579725,1.0,34782,1.9606509421815688,1.5835997,1.7802985104875122,0.22703896,0.18035242704564303,34782,1.9606509421815688,1.3932695,1.5392984719761729,0.4173691,0.4213524756544171,SMH,last12m,<1 (fractional)
507621,5224051199.9285,1.0032471,1.0099496709074576,0.5352746,5.31029,5.504136595409596,1.8298696,1.7592420428437183,0.5740822731106001,0.217668299774832,0.43186550595818535,0.3149160495724172,0.037719085695824245,0.782331700225168,0.9997123838454279,0.4917325976649096,0.3164920285015789,507475,1.010170232222383,0.4752637,0.323367660920516,0.528272,0.6868025677032843,507475,1.010170232222383,0.31202343,-0.05691817459620442,0.6915123,1.0670884186856313,SMH,last12m,1-99
23820,1146635777.0691,0.9191073,0.9731827592605699,0.5001542,4.684402,5.173319091223534,1.9056534,2.004955226978937,0.48538877385654144,0.26662468513853904,0.3897984886649874,0.3005037783375315,0.04521410579345088,0.7333753148614609,0.9997481108312343,0.4719912656420593,0.38266162888329136,23814,0.973395003005674,0.97226477,1.056082832673144,-0.052925907,-0.08268782173111344,23814,0.973395003005674,1.068681,1.2118334988789357,-0.14934222,-0.23843846577339484,SMH,last12m,100
26604,2462125189.850438,1.1416413,1.2473066670496895,0.6627948,5.959298,6.760125077105527,1.7052196,1.7922323711447283,0.6959514218867804,0.20109757931138175,0.27465794617350775,0.4671477973237107,0.06025409712825139,0.7989024206886183,0.9999624116674184,0.48054730669473367,0.33942264321154714,26603,1.247387714757028,0.7682172,0.9311988433465692,0.37346694,0.3161888637076436,26603,1.247387714757028,-0.24031118,-0.17306733276638656,1.3819956,1.4204550702869907,SMH,last12m,101-499
1665,544080205.7745012,1.792643,1.8404341865061102,1.1512306,9.623316,10.161757856555752,2.3370552,2.3662977108522814,0.7777694996134834,0.16696696696696697,0.45525525525525523,0.34594594594594597,0.036036036036036036,0.833033033033033,1.0,0.45045045045045046,0.6492492492492492,1665,1.8404341865059601,0.3141331,0.11567619285303433,1.4785098,1.7247579912918802,1665,1.8404341865059601,-2.4099746,-2.363070870036956,4.2026176,4.203505162392695,SMH,last12m,500-999
634,515696005.93369997,1.7678119,1.6947436878346798,1.253104,9.067918,8.946622920548167,2.2465189,2.2445700339750796,0.7550415724090058,0.11829652996845426,0.43217665615141954,0.4242902208201893,0.028391167192429023,0.8817034700315457,1.0,0.5031545741324921,0.694006309148265,634,1.694743687834611,0.908754,1.4129071322537687,0.8590581,0.2818365587280266,634,1.694743687834611,-0.61058885,-1.032410573298854,2.378401,2.7271542538752445,SMH,last12m,1000-4999
23,88335669.10040002,1.5473437,1.6059532698598826,1.4797642,8.550436,9.032848852649254,2.1088006,2.07381609908272,0.7743952178644093,0.17391304347826086,0.391304347826087,0.391304347826087,0.043478260869565216,0.8260869565217391,1.0,0.30434782608695654,1.0,23,1.6059532698595635,-2.8138266,-3.487676567424073,4.3611703,5.093629690608827,23,1.6059532698595635,-7.398054,-7.471833423476818,8.945398,9.07778659920426,SMH,last12m,5000-9999
19,150295525.18400002,3.7607365,5.45989229239306,3.17466,18.133682,27.372897887400367,2.9476025,2.7679794743153887,1.972519067809731,0.05263157894736842,0.3684210526315789,0.3684210526315789,0.21052631578947367,0.9473684210526315,1.0,0.15789473684210525,1.0,19,5.45989229239306,2.1471157,6.419561911688017,1.613621,-0.9596693519778942,19,5.45989229239306,-2.377744,10.589526840640628,6.1384807,-5.129634416452722,SMH,last12m,>=10000
34792,2824522.8367449716,1.8101182,1.9601462754386207,1.0364666,10.284236,11.369024538302149,2.8214085,2.9163290229189545,0.6721279595114785,0.2767302828236376,0.5502414348126006,0.08898597378707748,0.08409979305587491,0.7232697171763623,0.9997125776040469,0.7097061698579725,1.0,34782,1.9606509421815688,1.5835997,1.7802985104875122,0.22703896,0.18035242704564303,34782,1.9606509421815688,1.3932695,1.5392984719761729,0.4173691,0.4213524756544171,SMH,normal18m,<1 (fractional)
565449,5549175597.854,0.9721969,0.9893847047564682,0.50511426,4.936548,5.274883158562247,1.7771415,1.7248919166518477,0.5735922901632832,0.2280665453471489,0.4125058139637704,0.32536090788028627,0.03662929813298812,0.7719334546528511,0.9996834374099167,0.493208555203708,0.31066992779189634,565270,0.9896169525854432,0.39995366,0.274682442568697,0.5725511,0.7149345072262602,565270,0.9896169525854432,0.19356969,-0.16801509430211842,0.77893496,1.157632058089518,SMH,normal18m,1-99
34474,1416648321.1391,0.93330264,0.9514965308706553,0.38686216,3.909807,4.563966337158173,1.803035,1.8911196429290822,0.503139256380902,0.26997157277948597,0.33622440099785345,0.3561234553576608,0.04255380866740152,0.730028427220514,0.999738933689157,0.4813578993181489,0.34365028717294194,34465,0.9517192988846416,0.6081963,0.8201559316121334,0.32535002,0.13156337437307108,34465,0.9517192988846416,0.6639902,0.9081382861367289,0.26955616,0.043581038616633205,SMH,normal18m,100
31355,2710884024.456238,1.1176629,1.219209518499548,0.56452525,5.394985,6.337607829212789,1.6911088,1.7709477114017336,0.6884503199332317,0.21202360070164247,0.2640727156753309,0.4731621750916919,0.055621113060118,0.7879763992983575,0.9998724286397703,0.481388153487927,0.3149417955668952,31351,1.219381310632378,0.33062118,0.6304813032836517,0.78718436,0.5889000023611553,31351,1.219381310632378,-1.2671226,-0.8375402056117951,2.3849282,2.056921540901585,SMH,normal18m,101-499
1886,577048827.3203013,1.7773424,1.8239374093275866,1.1122816,8.916511,9.774675400018825,2.333887,2.3532713424368397,0.7750646414785634,0.17391304347826086,0.42735949098621423,0.3647932131495228,0.03817603393425239,0.8260869565217391,1.0,0.4501590668080594,0.6214209968186638,1886,1.82393740932744,0.40620372,0.1352490887028478,1.3711388,1.6886883172603513,1886,1.82393740932744,-1.8296962,-2.186779388648475,3.6070387,4.01071689708769,SMH,normal18m,500-999
714,546363739.9413,1.8185562,1.7075251735821837,1.3056881,8.587788,8.682032625116985,2.2786245,2.2410737171655635,0.7619228053514481,0.11484593837535013,0.43557422969187676,0.4215686274509804,0.03221288515406162,0.8851540616246498,1.0,0.5028011204481793,0.6974789915966386,714,1.7075251735821133,0.8529606,1.3516074650554297,0.9655955,0.35591771658494575,714,1.7075251735821133,-1.5466199,-1.6279053754351551,3.3651762,3.33543053023212,SMH,normal18m,1000-4999
24,89523335.1004,1.6660436,1.6429694417779541,1.4922836,8.569167,9.032413061630223,2.2041066,2.1046253443452043,0.7806469907778851,0.16666666666666666,0.375,0.4166666666666667,0.041666666666666664,0.8333333333333334,1.0,0.3333333333333333,1.0,24,1.6429694417776388,-1.0073261,-2.9035520360566465,2.6733696,4.546521333105345,24,1.6429694417776388,-6.4792266,-7.178302501518557,8.14527,8.821271850412883,SMH,normal18m,5000-9999
22,163258974.18400002,3.7524931,5.296339696198507,3.248046,16.751818,25.800590496468107,3.050241,2.8181760744759865,1.8793501740956027,0.045454545454545456,0.3181818181818182,0.45454545454545453,0.18181818181818182,0.9545454545454546,1.0,0.2727272727272727,1.0,22,5.296339696198507,3.0821564,7.729526387334519,0.67033666,-2.4331863675332333,22,5.296339696198507,2.442348,15.201478366461403,1.3101453,-9.905138392081597,SMH,normal18m,>=10000
16548,1471735.818720218,1.5307912,1.6540581611234535,0.92041737,9.046936,9.79737147079872,2.2579253,2.3166053905493236,0.7140008254626551,0.22492144065748126,0.580130529369108,0.11064781242446217,0.08442107807590041,0.7750785593425187,0.9997582789460963,0.7152441972920697,1.0,16544,1.654635777171035,0.9202093,1.787351838543132,0.610952,-0.13271605577971912,16544,1.654635777171035,0.9212704,2.262537533216882,0.60989064,-0.6079017826387803,SMH,since_2026-07-15,<1 (fractional)
185664,2160185594.140007,0.87224257,0.852604945713027,0.50064665,5.1574564,5.037860244215166,1.4780213,1.3915030799783543,0.6127222842555906,0.2155991468459152,0.4061799810410203,0.34368536711478803,0.037637883488452255,0.7844008531540848,0.9996229748362634,0.48334536676832224,0.3198519906928645,185594,0.8528434624317428,0.64037585,0.48128249133760015,0.23219563,0.3715609709034676,185594,0.8528434624317428,0.7430093,0.7085240997508705,0.12956215,0.1443193741415467,SMH,since_2026-07-15,1-99
6877,406350794.0291,0.9299096,0.9303545556413965,0.49925527,5.4968066,5.501950128572117,1.8416351,1.8412433557360297,0.5052860355167397,0.31234549949105717,0.37632688672386216,0.25621637341864184,0.0561291260724153,0.6876545005089428,1.0,0.4500508942852988,0.48567689399447433,6877,0.9303545556410953,1.2011583,1.2008265503653572,-0.27124864,-0.27047198736828265,6877,0.9303545556410953,1.1814504,1.1639028753139358,-0.25154048,-0.2335482591988551,SMH,since_2026-07-15,100
7992,893148066.9784105,1.248379,1.3324759035407205,0.53056496,7.3910866,7.89997994303781,1.4551433,1.5024540652264893,0.8868663171674768,0.21283783783783783,0.2346096096096096,0.4856106106106106,0.0706956956956957,0.7871621621621622,1.0,0.4592092092092092,0.40115115115115113,7992,1.3324759035405,0.98045135,1.0697587608813464,0.2679278,0.26271714731190315,7992,1.3324759035405,1.820634,1.9256443666083831,-0.572255,-0.5931684392916944,SMH,since_2026-07-15,101-499
472,189062322.0183012,1.3940148,1.4498444949052487,0.6620845,8.275296,8.618613085794843,1.894465,1.8649330744366355,0.7774244099044798,0.2309322033898305,0.3813559322033898,0.3644067796610169,0.036016949152542374,0.7690677966101694,1.0,0.5063559322033898,0.527542372881356,472,1.449844494904976,-0.7907041,-0.6008125692963804,2.1847188,2.050657090629614,472,1.449844494904976,0.8662305,1.4274943756188114,0.5277846,0.022350171756093246,SMH,since_2026-07-15,500-999
197,204765453.95279998,1.3949001,1.3411178207391905,0.8457876,8.2737055,7.953373527296314,1.5393041,1.5924506794452735,0.8421722807806932,0.12690355329949238,0.3096446700507614,0.5329949238578681,0.03553299492385787,0.8730964467005076,1.0,0.5329949238578681,0.6598984771573604,197,1.3411178207391128,1.8296425,2.164642652143708,-0.4347425,-0.8235248345984011,197,1.3411178207391128,0.54454154,0.003709698166925845,0.8503582,1.3374080958270118,SMH,since_2026-07-15,1000-4999
12,51404453.45349999,1.4151897,1.4368530826331232,1.4470457,8.481667,8.610283651329064,1.6558865,1.6386451856331228,0.8768543033176317,0.08333333333333333,0.5,0.3333333333333333,0.08333333333333333,0.9166666666666666,1.0,0.16666666666666666,1.0,12,1.4368530826325738,-1.2441741,-1.5553241807138822,2.6593635,2.9921770310627003,12,1.4368530826325738,-0.7053029,-1.6025821901998476,2.120493,3.0394350746644974,SMH,since_2026-07-15,5000-9999
2,24628791.244,5.9088197,8.800361979054214,5.9088197,35.4,52.811990098397665,0.93124604,1.145329027047274,7.683697672224433,0.0,0.5,0.0,0.5,1.0,1.0,0.0,1.0,2,8.800361979054214,7.2426023,13.868451234911584,-1.3337827,-5.068089207261266,2,8.800361979054214,28.983122,39.38269775540138,-23.074303,-30.58233719079249,SMH,since_2026-07-15,>=10000
14038,1355807.8941871843,2.1987202,1.8199180057899498,1.5419773,12.913784,10.703703649674122,3.8196003,3.7932230207581057,0.47978144069847617,0.2851545804245619,0.5515742983330959,0.07550933181364866,0.08776178942869355,0.7148454195754381,0.9999287647813079,0.7160361900691031,1.0,14037,1.8206141630716601,5.2403736,4.938618107472638,-3.0414963,-3.1180038875981726,14037,1.8206141630716601,13.41816,8.644089316729778,-11.219284,-6.823475203881258,SMH,stress,<1 (fractional)
306074,2831763412.324317,2.0927522,1.8793038047207504,1.5197799,7.8699365,8.274865296959874,3.6094403,3.1946825976995754,0.5882599435931438,0.17347112136280768,0.4922077667492175,0.29462156210589596,0.04072217829675177,0.8265288786371923,0.9998693126498821,0.4903278720665024,0.3005613021687566,306034,1.8795717121674302,-0.39328977,-0.38711292174459555,2.4863157,2.2666846305636073,306034,1.8795717121674302,0.3261798,0.5345737989259675,1.7668457,1.3449979062800048,SMH,stress,1-99
49130,1302988178.8999999,2.4229634,2.108588926973074,1.6500288,5.5921803,6.075492238101264,4.457887,4.049538388342048,0.5206985895092026,0.1799918583350295,0.49890087522898435,0.2919397516792184,0.030205577040504784,0.8200081416649705,0.9998575208630165,0.5301997027868819,0.34449419906370854,49123,2.1088017503739658,-2.2822948,-1.5470173043062239,4.7056026,3.655819050767695,49123,2.1088017503739658,-1.6462379,-1.7451260983264691,4.0695467,3.853927857940825,SMH,stress,100
39500,2582453316.8989854,2.3078027,2.0577145352229897,1.6203517,6.60201,7.3516783504216585,4.0730886,3.624944757309224,0.5676540397129858,0.19382278481012657,0.38982278481012655,0.38169620253164555,0.036025316455696205,0.8061772151898734,0.9995696202531645,0.511891193678292,0.30465822784810126,39483,2.0584013772318515,-0.7373936,-0.608613930476271,3.0461898,2.6670153096839595,39483,2.0584013772318515,-1.7899907,-1.7613342597582775,4.098787,3.819735606567635,SMH,stress,101-499
2653,472846401.52884114,2.6916876,2.532762176215801,2.086666,6.850343,8.419669237042223,4.9574156,4.407898522832646,0.5745962986888757,0.20241236336223142,0.42970222389747453,0.342254052016585,0.026385224274406333,0.7975876366377685,0.9996230682246513,0.5196078431372549,0.3795702977761025,2652,2.533414956788403,-3.5679882,-2.672524415385238,6.2606907,5.205939284632744,2652,2.533414956788403,-2.9173782,-2.9939768891473415,5.610081,5.527391700758876,SMH,stress,500-999
920,456915182.8965,3.3165705,3.312146429634032,2.3233848,9.606565,13.086326823541803,5.2731977,4.526192311656243,0.7317732437272507,0.19891304347826086,0.3858695652173913,0.39456521739130435,0.020652173913043477,0.8010869565217391,1.0,0.5021739130434782,0.6043478260869565,920,3.3121464296338488,-0.8832712,-2.764769277717469,4.199841,6.076915743343045,920,3.3121464296338488,3.781382,0.27301565150669294,-0.46481138,3.039130687479392,SMH,stress,1000-4999
41,94939394.92189999,3.0662725,3.0827267195709593,2.757618,9.78878,13.028979196736358,4.3453817,4.071263755765674,0.7571916005700292,0.0975609756097561,0.43902439024390244,0.4146341463414634,0.04878048780487805,0.9024390243902439,1.0,0.36585365853658536,0.8292682926829268,41,3.0827267195708106,4.5007486,3.6295387800046233,-1.4344771,-0.5468123008956078,41,3.0827267195708106,-17.284971,-21.238654013874076,20.351246,24.321380784088614,SMH,stress,5000-9999
30,172776193.74,4.056537,3.3032356297314247,3.140727,12.52,12.762335588244346,4.294088,3.9068110048728455,0.8455068918387402,0.2,0.16666666666666666,0.4666666666666667,0.16666666666666666,0.8,1.0,0.5666666666666667,0.9333333333333333,30,3.3032356297314247,-2.1102457,-2.412562572315202,6.1667833,5.71579833831678,30,3.3032356297314247,-25.639217,-17.42560581825279,29.695753,20.72884144625041,SMH,stress,>=10000
2044179,14409095.3343411,1.169588,3.5569633893403387,0.63030726,2.4993832,7.464217596005506,0.99070436,1.2785931370067212,2.7819353056027243,0.025163158412252546,0.7499558502459912,0.021541166404703306,0.20339999579293203,0.9748368415877474,0.9999985324181493,0.8428207747278121,1.0,2044176,3.5570322144010578,1.0428137,5.105983285096036,0.12677613,-1.5489510634349557,2044176,3.5570322144010578,1.3802422,6.687889033485807,-0.21065237,-3.130856801137724,NVDA,last12m,<1 (fractional)
3724311,13110186017.709484,0.7562862,0.6046396013288285,0.49779725,1.5272433,1.2436913398020875,0.89482176,0.8935802462765339,0.6766483523425073,0.2582877745709206,0.2317529336298714,0.4327823320877338,0.09502482472596945,0.7417122254290793,0.9999462987919108,0.5132306743810805,0.42388296788318697,3724111,0.6046749078497103,0.50619966,0.1432767037331778,0.25012714,0.46139820218191996,3724111,0.6046749078497103,1.1186483,0.26401688937193063,-0.36232138,0.3406580229606911,NVDA,last12m,1-99
651017,13220403132.672512,0.509641,0.5110617546179177,0.471776,1.0378026,1.048077827013113,0.7791563,0.7867109513382443,0.6496182031641606,0.342037151103581,0.10135987232284256,0.572233904798185,0.04016177764943158,0.657962848896419,0.9999477740212621,0.4547630276059436,0.3098336909788838,650983,0.5110872230532291,0.009359517,0.021505144503150164,0.5003081,0.48958207746821747,650983,0.5110872230532291,0.04065911,0.038085158505080326,0.46900856,0.4730020641676458,NVDA,last12m,100
383418,17386258021.47896,0.5345292,0.5434735157648724,0.4474173,1.0929374,1.1193710181930938,0.8403246,0.8528530799586467,0.6372416639349234,0.35587531101826203,0.18835057300387567,0.4422118940686144,0.04166471057696822,0.6441246889817379,0.999921756412062,0.45983442361263266,0.5262011694808277,383388,0.5435098794394894,0.01942272,0.018124478351126003,0.51514834,0.5253853990854708,383388,0.5435098794394894,-0.3009288,-0.3872402812748482,0.8354999,0.9307501577562137,NVDA,last12m,101-499
73355,9148072639.00586,0.5572434,0.5692220703383254,0.4760606,1.1308728,1.1639145471803936,0.8433068,0.8524287062156346,0.667765017986539,0.3176197941517279,0.2707518233249267,0.38410469633971783,0.042137550269238634,0.6823802058482721,0.9999591029922977,0.4588286617951794,0.7503646649853453,73352,0.569241585904125,-0.007800012,0.008655621546994204,0.56506616,0.5605859623729483,73352,0.569241585904125,-0.4007607,-0.49523350623593926,0.958027,1.064475099141621,NVDA,last12m,500-999
38375,12525946494.85384,0.7146072,0.7501025294145667,0.5206258,1.4473151,1.5292709214406845,0.86850184,0.8855274559830099,0.8470686305055215,0.225928338762215,0.36033876221498373,0.3786058631921824,0.04727035830618893,0.774071661237785,0.9999478827361563,0.4626169442055612,0.8080781758957655,38373,0.7501445119966973,-0.035177168,-0.04702876762275932,0.7498216,0.7971732738725017,38373,0.7501445119966973,-0.41311577,-0.466581680846227,1.1277602,1.2167261970434287,NVDA,last12m,1000-4999
1578,2017638621.512154,0.905605,0.9402953500548124,0.5298996,1.8364004,1.9239606836432928,0.902854,0.9139166843920336,1.0288633155661522,0.15272496831432192,0.34220532319391633,0.45373891001267425,0.06337135614702155,0.8472750316856781,1.0,0.47465145754119137,0.7864385297845374,1578,0.940295350054698,0.34079254,0.5448101434011866,0.5648124,0.3954852127128188,1578,0.940295350054698,-0.07632398,0.3198040887133178,0.9819286,0.620491206958021,NVDA,last12m,5000-9999
323,1158532814.3841,1.2125851,1.3135477749925515,0.5350598,2.5099692,2.700328386908488,0.8559562,0.9139248706612331,1.4372601262532527,0.2260061919504644,0.11764705882352941,0.5386996904024768,0.1393188854489164,0.7739938080495357,1.0,0.4953560371517028,0.6934984520123839,323,1.3135477749924132,-2.371886,-4.501981826795351,3.5844712,5.815529492666327,323,1.3135477749924132,-2.490047,-10.122996893850015,3.7026322,11.436544887234934,NVDA,last12m,>=10000
2044179,14409095.3343411,1.169588,3.5569633893403387,0.63030726,2.4993832,7.464217596005506,0.99070436,1.2785931370067212,2.7819353056027243,0.025163158412252546,0.7499558502459912,0.021541166404703306,0.20339999579293203,0.9748368415877474,0.9999985324181493,0.8428207747278121,1.0,2044176,3.5570322144010578,1.0428137,5.105983285096036,0.12677613,-1.5489510634349557,2044176,3.5570322144010578,1.3802422,6.687889033485807,-0.21065237,-3.130856801137724,NVDA,normal18m,<1 (fractional)
4167106,14574176640.150784,0.7582959,0.6097586321153049,0.50144166,1.4772801,1.2116866932825423,0.8925007,0.8853349485195335,0.6887321381980342,0.25499423340802946,0.2248925273319181,0.4498131317033932,0.08966222601488899,0.7450057665919706,0.9999474455413421,0.5123779454542444,0.4222676361004496,4166887,0.6097932289757079,0.44743273,0.1208559154694714,0.31090298,0.4889373117432409,4166887,0.6097932289757079,0.97311926,0.22778804964939348,-0.21478355,0.38200518504180375,NVDA,normal18m,1-99
798345,15276224134.472511,0.5288812,0.5213999200882319,0.4924289,0.99767464,1.0162497252070344,0.79793054,0.7926745308605473,0.6577730200593012,0.33910777921825774,0.09846119159010203,0.5781710914454278,0.03887918130632746,0.6608922207817423,0.9999411282089823,0.4595263923998306,0.30651911141173305,798298,0.5214285257881508,-0.038299736,-0.008782725867254959,0.56721205,0.5302112515248876,798298,0.5214285257881508,0.09552721,0.08481693233466692,0.43338516,0.43661159337342037,NVDA,normal18m,100
459578,19783967969.68706,0.54784524,0.5494587766110666,0.45782304,1.0467734,1.0819516518527357,0.85436374,0.8537200025498382,0.6436053682354601,0.3511199404671242,0.19152135219701552,0.4460222203847878,0.040019322073728505,0.6488800595328759,0.9999194913594646,0.465070581297425,0.5254298508631832,459541,0.5494959859824456,-0.054202743,-0.032310097521548585,0.6020921,0.5818060814539857,459541,0.5494959859824456,-0.30732617,-0.3774774093243579,0.85521543,0.9269733951846557,NVDA,normal18m,101-499
91669,10765321268.41866,0.5768616,0.5771314869459698,0.48991427,1.0784627,1.1167403110839422,0.850694,0.8488957339377217,0.67986145279452,0.31188297025166634,0.2797237888490111,0.3839138640107343,0.03995898286225442,0.6881170297483337,0.9999672735603093,0.4655270220147056,0.7507663441294221,91666,0.5771483010820332,-0.0010636122,0.0034195423309239673,0.5779441,0.5737287583794013,91666,0.5771483010820332,-0.28967535,-0.4407428487852342,0.866556,1.0178911541423374,NVDA,normal18m,500-999
50766,15313711443.479939,0.7334227,0.7561717465304395,0.5295348,1.3506993,1.4464204005545367,0.87891364,0.8803131284494647,0.8589804265015551,0.22487491628255132,0.35949257376984595,0.3838198794468739,0.04432100224559745,0.7751250837174487,0.9999409053303392,0.4647676457262179,0.8047709096639483,50763,0.756215291803046,0.028026303,-0.03731723302755829,0.7054398,0.7935325191916479,50763,0.756215291803046,-0.29438677,-0.4485484765012695,1.0278529,1.204763773043347,NVDA,normal18m,1000-4999
2146,2507407739.821554,0.94190353,0.9529547777494461,0.5474402,1.7200466,1.8186675348555812,0.9109204,0.9061421301282455,1.0516614845119001,0.14445479962721341,0.34109972041006525,0.46924510717614165,0.058247903075489285,0.8555452003727866,1.0,0.48136067101584346,0.7940354147250699,2146,0.9529547777493349,0.16782224,0.3807294297744645,0.77408135,0.5722253590714933,2146,0.9529547777493349,0.025674924,0.22048665175732057,0.9162286,0.7324680819668028,NVDA,normal18m,5000-9999
441,1405035590.9459,1.3394936,1.33602414129102,0.55560184,2.4297504,2.5602924172787627,0.90735424,0.9171283028253333,1.456747258998794,0.1927437641723356,0.13151927437641722,0.564625850340136,0.13378684807256236,0.8072562358276644,1.0,0.5011337868480725,0.6870748299319728,441,1.3360241412909009,-0.5843066,-3.4920593095177033,1.9237999,4.828083363224759,441,1.3360241412909009,-1.0740651,-8.264913152513204,2.413559,9.600937456903774,NVDA,normal18m,>=10000
1289058,7802349.248411252,0.8264603,2.0020054792420137,0.53600144,1.8611052,4.484008819116835,0.8865018,1.1086785477557108,1.8057582906196368,0.02112627981052831,0.8298897334332512,0.013976873034417381,0.13508003518848646,0.9788737201894717,0.9999992242397161,0.8771699001673317,1.0,1289057,2.002063815055972,0.3580783,4.788458436912534,0.4683826,-2.7863945883465364,1289057,2.002063815055972,-0.22046368,0.8617097731612761,1.0469246,1.1403540454138263,NVDA,since_2026-07-15,<1 (fractional)
825684,3702691287.160507,0.68728274,0.577200153758096,0.43991816,1.5477637,1.301046316316949,0.90622973,0.8696321054145226,0.6637291219635517,0.3179000683070036,0.1870703562137573,0.45945906666472885,0.04713667698538424,0.6820999316929963,0.9999127995698112,0.4392608150075338,0.38995426821883433,825612,0.5772393846512005,0.52965254,0.3799978693361587,0.15769018,0.19724151505672216,825612,0.5772393846512005,0.6479177,0.5052601255281435,0.03942494,0.07197925968016712,NVDA,since_2026-07-15,1-99
174923,3947233632.2248354,0.46404436,0.4632215072694238,0.43764633,1.0452356,1.043740810560739,0.7821147,0.7806389916256361,0.5933876122492824,0.3637314704184127,0.09514472082001794,0.5392829988051886,0.030945044390960595,0.6362685295815873,0.9999771327955729,0.40816034850416477,0.3337868662211373,174919,0.4632320951399606,0.35575104,0.3532247600626934,0.10830396,0.1100073371984201,174919,0.4632320951399606,0.55332345,0.5364717490638936,-0.08926845,-0.0732396505809129,NVDA,since_2026-07-15,100
102038,5112364404.215222,0.48471,0.4914996733974124,0.43464088,1.0916873,1.1071777638906852,0.83976686,0.8414800032902713,0.5840895463654505,0.3782708402751916,0.1737881965542249,0.43524961288931574,0.0339873380505302,0.6217291597248084,0.9999803994590251,0.422899760868713,0.5320272839530371,102036,0.49151598432839294,0.43049976,0.4559826959877735,0.054219797,0.03553328572920327,102036,0.49151598432839294,0.3592639,0.412267688454582,0.1254556,0.07924829635549804,NVDA,since_2026-07-15,101-499
15986,2236954199.7400303,0.5267402,0.5332493521619308,0.43871194,1.1869198,1.2018899640235154,0.8667382,0.8663422857224977,0.6155180936565048,0.3409233078944076,0.23877142499687226,0.39565870136369324,0.03553108970349055,0.6590766921055924,0.9998748905292131,0.42267267267267267,0.7275741273614412,15984,0.5333025011233957,0.3991781,0.4060639193731275,0.12762798,0.12723858332006546,15984,0.5333025011233957,0.7234699,0.7516019514283716,-0.19666381,-0.2182994576416799,NVDA,since_2026-07-15,500-999
8200,3073639976.899704,0.6421199,0.6541549596544165,0.44422728,1.4483389,1.4758430117623438,0.9121668,0.9105102548352627,0.718448755717498,0.2581707317073171,0.37353658536585366,0.33719512195121953,0.03780487804878049,0.7418292682926829,0.9998780487804878,0.43688254665203075,0.8306097560975609,8199,0.6542380553548011,0.48120025,0.35935479168102263,0.160998,0.294883262359687,8199,0.6542380553548011,0.30330485,0.1530267197224295,0.3388935,0.5012113154492592,NVDA,since_2026-07-15,1000-4999
353,511049566.4892,0.83197504,0.835190598028817,0.44844055,1.88034,1.8878219494697834,0.8914532,0.8894555000827431,0.9389908746993211,0.1643059490084986,0.35127478753541075,0.42209631728045327,0.06232294617563739,0.8356940509915014,1.0,0.47875354107648727,0.8328611898016998,353,0.8351905980286681,1.0671966,1.2067949331454209,-0.23522142,-0.3716043459923488,353,0.8351905980286681,1.3279228,1.0519244291334262,-0.495948,-0.21673394969642995,NVDA,since_2026-07-15,5000-9999
82,330015701.3952,1.5636832,1.3781212783594596,0.8880017,3.5509758,3.1291661654004916,0.9830964,0.9585303134859049,1.4377440744128587,0.2073170731707317,0.13414634146341464,0.5487804878048781,0.10975609756097561,0.7926829268292683,1.0,0.47560975609756095,0.7804878048780488,82,1.3781212783593138,1.0994104,2.8324635198499797,0.46427277,-1.4543423697981528,82,1.3781212783593138,-0.22178213,-0.719370968620472,1.7854658,2.0974923267803542,NVDA,since_2026-07-15,>=10000
473818,5610892.837500392,1.5171933,2.1813046282181343,0.95746803,3.2162826,4.624270927570482,1.2956581,1.3704062626582767,1.5917211469735253,0.04303551152552246,0.6357673199414121,0.03173159314335884,0.28960064835021043,0.9569644884744776,0.9999978894849921,0.7890683533938209,1.0,473817,2.1813579772308285,3.5953727,3.19671650329153,-2.0781763,-1.0153585205642754,473817,2.1813579772308285,4.6144485,1.4764517832744972,-3.0972517,0.7049061916751322,NVDA,stress,<1 (fractional)
3700456,10982002529.655272,1.626346,0.9373434161245529,0.8141668,2.120189,1.4153000724747713,1.4744132,1.3833330213794384,0.6775978030148145,0.24607372712984563,0.24562459329336708,0.4268138845590922,0.09013429696232032,0.7539262728701543,0.9999797322275957,0.5004552233945639,0.3788760087945918,3700381,0.9373713872830617,1.0588005,0.3751263385860803,0.56757855,0.5622450490829839,3700381,0.9373713872830617,2.0400872,1.4888711147994826,-0.41370794,-0.5514997170053579,NVDA,stress,1-99
815880,11239085451.198692,0.98528105,0.8796620115388432,0.898836,1.2123911,1.227671414309832,1.4577804,1.3279393714595285,0.6624263354523581,0.29996445555718976,0.1369784772270432,0.5367039270480953,0.049227827621709075,0.7000355444428102,0.9999705839093984,0.48404252711262774,0.3003456390645683,815856,0.8796913232192363,0.59997976,0.5855783789525886,0.38533026,0.2941129452228155,815856,0.8796913232192363,1.3847812,1.8943773418356287,-0.39947122,-1.0146860162791491,NVDA,stress,100
520900,15609470926.014694,1.0535868,0.9292016911889658,0.89221984,1.2886034,1.3056463536387337,1.548476,1.3849706161661994,0.6709179821887713,0.2970877327702054,0.2009118832789403,0.4654501823766558,0.052021501247840274,0.7029122672297946,0.9999481666346708,0.49191069608138643,0.4159186024188904,520873,0.9292467292472861,0.66926706,0.6486037918557397,0.38437435,0.28064293346687247,520873,0.9292467292472861,1.6112045,1.998372730936229,-0.5575633,-1.0691260060733665,NVDA,stress,101-499
86284,7480671155.553523,1.0903926,0.9830298583880572,0.9233877,1.360168,1.3937594683389511,1.4770851,1.3501691238923308,0.7280790539440961,0.239430253581197,0.2862291966065551,0.43411292939594825,0.05172453757359418,0.760569746418803,0.9999304621946131,0.4920373675792207,0.6700894719762645,86278,0.9830948852557401,0.07497394,0.18204506621230238,1.0154947,0.8010498163832985,86278,0.9830948852557401,0.1298209,0.7623665506762022,0.9606478,0.220728326583347,NVDA,stress,500-999
55173,12008606519.194206,1.4241117,1.3560528004740344,0.9739469,1.7153687,1.8268075592883593,1.5593606,1.442496796555568,0.9400733531693473,0.1967810342015116,0.34955503597774273,0.4103456400775742,0.05176445000271872,0.8032189657984884,0.9999637503851522,0.4878468760761995,0.781940441882805,55171,1.3560845460739184,0.08430858,0.6045580145594737,1.3398547,0.7515265475692562,55171,1.3560845460739184,-1.061546,-0.16951028185517691,2.4857092,1.5255948256432887,NVDA,stress,1000-4999
2875,2341360910.0118,2.3273356,1.858886077194928,1.0491529,2.5610225,2.2855393685194345,1.6659865,1.5349502739315029,1.211039933191921,0.12556521739130436,0.2994782608695652,0.5088695652173914,0.0768695652173913,0.8744347826086957,1.0,0.49321739130434783,0.7805217391304348,2875,1.858886077194834,2.5818658,2.311143801952735,-0.25452974,-0.4522577266684218,2875,1.858886077194834,-1.9410985,0.1944888783518452,4.2684345,1.6643972408074639,NVDA,stress,5000-9999
719,1523424916.0428,1.9255716,1.9716388064438075,1.0576974,2.3708208,2.9180501675391484,1.7430241,1.5329010428773335,1.2862140159699682,0.14186369958275383,0.14464534075104313,0.5813630041724618,0.14186369958275383,0.8581363004172462,1.0,0.47009735744089015,0.6954102920723226,719,1.9716388064437083,0.9773774,1.1589347317418646,0.94819397,0.8127040662560059,719,1.9716388064437083,7.374768,6.007838656923885,-5.449197,-4.0361997926530035,NVDA,stress,>=10000
30793,481012.13946267066,2.243022,2.5969298000874255,1.1282861,1.5971117,1.9126864724836439,1.4723157,1.4472872016282956,1.7943430973242245,0.16136784334101906,0.43324781606209206,0.17669600233819374,0.23070178287273083,0.8386321566589809,0.9999675250868704,0.6496817355157184,1.0,30792,2.5972462048064684,2.311234,3.164121164305511,-0.06813921,-0.5668749695881787,30792,2.5972462048064684,1.5714334,3.016182262846776,0.6716612,-0.41893607201775274,TQQQ,last12m,<1 (fractional)
514566,743193247.8939289,1.3007017,1.2008352961796818,1.2721837,0.9046179,0.8906584662615065,1.4360111,1.3477618652403962,0.8909847704924433,0.206644045661781,0.17746411539044554,0.6285335603207363,0.03342428376534789,0.793355954338219,0.9998114916259527,0.49437381066692065,0.46547964692575877,514469,1.2011309485049961,-0.27551332,-0.47452889896157635,1.5764601,1.675659852055684,514469,1.2011309485049961,-1.0786535,-1.4257258020944603,2.3796,2.6268567406202075,TQQQ,last12m,1-99
229079,1651347883.6388535,1.190989,1.122349799725359,1.2707287,0.80901605,0.8158848476194025,1.368823,1.2889690442232293,0.8707344871898922,0.2869184866356148,0.07498286617280502,0.7138934603346444,0.0321155583881543,0.7130815133643852,0.9998035612168727,0.5039077167582106,0.284578682463255,229034,1.1225745351728387,-0.6124747,-0.6241107279754775,1.8036976,1.7466852643996846,229034,1.1225745351728387,-1.0330577,-0.9681933015735942,2.2242806,2.0907678116146386,TQQQ,last12m,100
171278,3003403424.9572635,1.2392936,1.1990272240706987,1.2757543,0.8344953,0.8593908500442011,1.4042199,1.3325008507926013,0.8998322390244559,0.24842653463959177,0.12685225189458074,0.6902929739954927,0.029005476476838824,0.7515734653604083,0.9997022384661194,0.5007329451546777,0.3403706255327596,171227,1.1993912963735036,-0.39588255,-0.4147653314086437,1.6355454,1.614156630069307,171227,1.1993912963735036,-1.014475,-0.9977678285230175,2.2541375,2.197159101308638,TQQQ,last12m,101-499
52160,2288006182.357314,1.3483951,1.295843819726726,1.2950852,0.8846654,0.9066924369560906,1.4568686,1.3686980682204204,0.9467711322275632,0.21846242331288343,0.15410276073619633,0.671338190184049,0.035774539877300615,0.7815375766871165,0.9998274539877301,0.5063757166689038,0.36815567484662576,52151,1.296056770738468,-0.6545557,-0.8638427185472012,2.0031834,2.1598994900269255,52151,1.296056770738468,-1.638295,-1.687103574156022,2.9869225,2.9831603160059643,TQQQ,last12m,500-999
33135,3726312622.621109,1.3212842,1.2896738686215639,1.3023376,0.85275877,0.8836021765236731,1.5259271,1.4460379797555667,0.8918672169589666,0.22314772898747548,0.22812735777878376,0.5701825863890146,0.03337860268598159,0.7768522710125245,0.9997585634525427,0.5055392881939204,0.5294401690055832,33127,1.2901050691536406,-0.3390889,-0.46136722110682205,1.6606922,1.7514722892900119,33127,1.2901050691536406,-0.94277,-1.0439647704863764,2.2643733,2.3340698251157304,TQQQ,last12m,1000-4999
1834,830636017.9517074,1.4205816,1.3592753643924738,1.2953033,0.9389044,0.953583790288118,1.5195816,1.4374479866443166,0.945617077641651,0.1401308615049073,0.38113413304252997,0.47110141766630315,0.03598691384950927,0.8598691384950927,1.0,0.4940021810250818,0.806979280261723,1834,1.3592753643923543,-0.15636475,-0.34109410567544557,1.5769466,1.7003694443674973,1834,1.3592753643923543,-0.41562706,-1.155216132464943,1.8362089,2.5144916308783074,TQQQ,last12m,5000-9999
800,874100766.3276999,1.5575626,1.525819113077278,1.3788348,0.99514997,1.0201446545651596,1.5746552,1.5205505784573008,1.003464886137048,0.0725,0.3,0.615,0.035,0.9275,1.0,0.465,0.8425,800,1.5258191130772316,0.9168703,0.8066970275904781,0.6406923,0.7191220914705533,800,1.5258191130772316,0.978237,1.5688035373632185,0.57932574,-0.042984521831076414,TQQQ,last12m,>=10000
30793,481012.13946267066,2.243022,2.5969298000874255,1.1282861,1.5971117,1.9126864724836439,1.4723157,1.4472872016282956,1.7943430973242245,0.16136784334101906,0.43324781606209206,0.17669600233819374,0.23070178287273083,0.8386321566589809,0.9999675250868704,0.6496817355157184,1.0,30792,2.5972462048064684,2.311234,3.164121164305511,-0.06813921,-0.5668749695881787,30792,2.5972462048064684,1.5714334,3.016182262846776,0.6716612,-0.41893607201775274,TQQQ,normal18m,<1 (fractional)
609948,870463488.2843289,1.3142843,1.206139387907927,1.2777103,0.89667237,0.8790168992887922,1.4519678,1.3604893230432757,0.8865482201726628,0.20533225783181516,0.1797759809032901,0.6292913494265084,0.034340632316197446,0.7946677421681848,0.9998262146937116,0.49761085658252463,0.45750621364444183,609842,1.20640592023692,-0.29001105,-0.474024508088103,1.604524,1.6804304353969524,609842,1.20640592023692,-0.89748585,-1.1879304475019619,2.2119987,2.3943363548599215,TQQQ,normal18m,1-99
289621,2052243532.7888536,1.220808,1.1513237510017589,1.2834499,0.8157825,0.8199904714014893,1.384298,1.30477101338328,0.8823952549469725,0.27911650053000303,0.0754468771256228,0.7198200406738462,0.03537381612521191,0.720883499469997,0.9997997382786469,0.5042495070157444,0.2757742014563861,289563,1.1515593367402692,-0.6082495,-0.6480207382744746,1.8293018,1.7995800780780558,289563,1.1515593367402692,-0.84164566,-0.8298251142083936,2.062698,1.9813844271728136,TQQQ,normal18m,100
204011,3536917747.0705633,1.2414144,1.1971590387403521,1.281148,0.828284,0.8493350992969716,1.4121705,1.3388434759513907,0.8941740093177384,0.2474131296841837,0.13177720809172055,0.6862571135870125,0.030287582532314433,0.7525868703158163,0.9997107999078481,0.501613124656782,0.34250604134090806,203952,1.1975196412931526,-0.43435296,-0.48188748058978403,1.6761266,1.6794071254343002,203952,1.1975196412931526,-1.0442629,-1.0961730895111643,2.2860363,2.2936927117459347,TQQQ,normal18m,101-499
59758,2600365318.9015145,1.342256,1.2896965460268655,1.2969327,0.87413716,0.8951572299280166,1.4688885,1.379551049290167,0.9348668515677363,0.21958566217075537,0.16909869808226513,0.6506911208541116,0.037216774323103184,0.7804143378292446,0.9998493925499514,0.5077909253711359,0.3890859801198166,59749,1.2898830245573807,-0.57954377,-0.8055598709760369,1.9220018,2.0954428970432817,59749,1.2898830245573807,-1.5365599,-1.5866490895525716,2.8790178,2.876532086024006,TQQQ,normal18m,500-999
39137,4364561120.966909,1.330882,1.2945793778002261,1.3047166,0.848669,0.8754752954160779,1.535594,1.456652605659184,0.8887358404953292,0.22229603699823697,0.24061629659912614,0.555561233615249,0.03495413547282623,0.777703963001763,0.9997955898510361,0.5065552403588132,0.5399494084881314,39129,1.294948904264672,-0.35525587,-0.515292279322108,1.6864098,1.8102411895128243,39129,1.294948904264672,-0.55783266,-0.6407270455301245,1.8889866,1.9356759297154682,TQQQ,normal18m,1000-4999
2208,971886414.2470074,1.4689059,1.399594483974932,1.3229676,0.94638175,0.9593638256330178,1.5603857,1.4714932951354822,0.9511388795326243,0.12817028985507245,0.3958333333333333,0.4651268115942029,0.036231884057971016,0.8718297101449275,1.0,0.4963768115942029,0.8165760869565217,2208,1.399594483974823,0.01655916,-0.16765506015099987,1.4523468,1.56724952115269,2208,1.399594483974823,-0.20455529,-0.7994210361406981,1.6734612,2.1990156218083716,TQQQ,normal18m,5000-9999
902,983370370.3988999,1.567908,1.5470569108905834,1.3855214,0.9932151,1.0212486151213533,1.5918746,1.543974708212257,1.0019962779583969,0.06762749445676275,0.2926829268292683,0.6263858093126385,0.03325942350332594,0.9323725055432373,1.0,0.4700665188470067,0.8470066518847007,902,1.5470569108905423,0.9650243,0.9464494161190338,0.60288364,0.6006074986404782,902,1.5470569108905423,-0.51478654,-0.1314719570971083,2.0826945,1.678528773898718,TQQQ,normal18m,>=10000
15971,261316.7162673141,1.3197614,1.1867385892464724,0.9337916,1.0188718,0.9168253308394683,1.3040961,1.3040801568533757,0.9100196663600513,0.18990670590445183,0.44286519316260725,0.19904827499843467,0.17043391146452946,0.8100932940955482,0.9999373865130549,0.6517219787100814,1.0,15970,1.1870047666224859,-0.051572025,0.5611857959841687,1.3714161,0.6258189782916485,15970,1.1870047666224859,-0.5163724,0.7958580140586711,1.8362163,0.3911467375435237,TQQQ,since_2026-07-15,<1 (fractional)
177786,272260499.01390266,1.2491292,1.2458850842831855,1.2649422,0.9687191,0.9683058332123005,1.2673827,1.2545489483625403,0.993094040618612,0.22552394451756605,0.16326932379377454,0.6243348745120538,0.031746031746031744,0.7744760554824339,0.9997750104057688,0.5191059151823388,0.46106555071827926,177746,1.2462433069405034,-0.52230537,-1.0004574076286343,1.7717159,2.24670073464963,177746,1.2462433069405034,-1.4279145,-2.5057367995594464,2.6773248,3.7519801098903507,TQQQ,since_2026-07-15,1-99
70003,540721947.0988536,1.0692196,1.0721864712407143,1.2584157,0.8280296,0.8311329288654036,1.2019083,1.1993125054377025,0.8940009100041927,0.3425138922617602,0.07122551890633258,0.651486364870077,0.039012613745125206,0.6574861077382398,0.9998142936731282,0.5102300328618374,0.30601545648043654,69990,1.0723829352436263,-0.90852153,-0.9224324161092149,1.9779397,1.9948153719229702,69990,1.0723829352436263,-0.49335274,-0.5095348061010978,1.5627708,1.5819177441970602,TQQQ,since_2026-07-15,100
57610,1117937960.6950338,1.110161,1.1495125726342563,1.2593973,0.86288285,0.8947242670240984,1.2127892,1.2182824995609025,0.943551740297154,0.27739975698663427,0.11857316438118382,0.6623676445061621,0.03065440027772956,0.7226002430133658,0.9997569866342649,0.5109556219181888,0.35610137128970665,57596,1.149779252026896,-0.64045984,-0.6633712226912124,1.7508906,1.813150499424042,57596,1.149779252026896,-1.1358808,-1.1832105333302732,2.246312,2.332989767895513,TQQQ,since_2026-07-15,101-499
14656,711635425.8893757,1.2344062,1.269040009307081,1.2596838,0.9569029,0.9849833816992065,1.2112825,1.2053712492587056,1.0528208716505651,0.25846069868995636,0.1605485807860262,0.6206331877729258,0.04380458515283843,0.7415393013100436,0.9997953056768559,0.5252849245888214,0.42119268558951967,14653,1.2692596609151126,-1.4543254,-1.5531089996280636,2.6889844,2.8223686737300393,14653,1.2692596609151126,-2.3288925,-2.3361893230697857,3.5635514,3.6054489305883144,TQQQ,since_2026-07-15,500-999
9299,1197051207.7495499,1.1518059,1.2050121690601392,1.2500781,0.892651,0.935488806198072,1.2133038,1.2161748716912737,0.990821465817978,0.27852457253468116,0.23518657920206473,0.5343585331756103,0.03193891816324336,0.7214754274653189,0.9995698462200237,0.5230769230769231,0.5896332939025701,9295,1.2056255252023966,-0.7359522,-1.021211166150721,1.8882539,2.2268366920036,9295,1.2056255252023966,-0.9685674,-1.5747510869821006,2.120869,2.780376583201698,TQQQ,since_2026-07-15,1000-4999
595,303932000.18490005,1.237267,1.2271161447598253,1.2579408,0.9535979,0.9456917877916461,1.280278,1.2794140337095483,0.9591235615900743,0.13109243697478992,0.3697478991596639,0.4957983193277311,0.023529411764705882,0.8689075630252101,1.0,0.5159663865546219,0.8184873949579832,595,1.227116144759697,0.7590545,0.8029813867262915,0.4782127,0.42413477115057185,595,1.227116144759697,-1.6653906,-0.7156806700567482,2.9026577,1.9427968783547482,TQQQ,since_2026-07-15,5000-9999
258,307171128.5085,1.243188,1.2375932425536484,1.2661526,0.9550387,0.9509655612420556,1.3001642,1.2897634391465111,0.9595505695002597,0.07364341085271318,0.2868217054263566,0.6317829457364341,0.01937984496124031,0.9263565891472868,1.0,0.375968992248062,0.9031007751937985,258,1.237593242553581,0.9370041,1.8187404274691423,0.30618405,-0.5811472050713176,258,1.237593242553581,1.3869444,3.808717153763399,-0.14375578,-2.5711238730191277,TQQQ,since_2026-07-15,>=10000
10883,190037.5711200757,2.967725,3.366119058828157,1.2403101,2.2697272,2.614432969647876,1.581552,1.5886912187237858,2.1188000658379664,0.1718276210603694,0.3936414591564826,0.12092253974088027,0.3147110171827621,0.8281723789396306,1.0,0.6230818708076817,1.0,10883,3.3661190588278807,3.440594,0.8034005883208964,-0.472869,2.562718447228191,10883,3.3661190588278807,11.021346,6.168930779981136,-8.05362,-2.8028116802713536,TQQQ,stress,<1 (fractional)
831407,861533377.0246426,2.2073221,1.8894829379612335,2.0090406,1.0856239,0.959807276898839,2.3210375,2.217642247632177,0.8520233324282461,0.1983601292748317,0.1221086663932346,0.6586509375071415,0.05215255584809846,0.8016398707251683,0.9999386582023004,0.5079508658144044,0.304877154029254,831356,1.8895978700589038,-0.5195196,0.28016780406163516,2.726977,1.60943008678268,831356,1.8895978700589038,1.3740603,4.054143307281126,0.8333972,-2.1645454367938854,TQQQ,stress,1-99
435896,2108799921.7856555,2.068521,1.9779010269483228,2.0447807,0.9575899,0.9523869427448343,2.3464067,2.242667442358934,0.8819412943668017,0.2316630572430121,0.062214381412079946,0.7052462055169123,0.0590071943766403,0.7683369427569879,0.9999265879934663,0.5297569884184058,0.22057555013122396,435864,1.978057286256969,0.94380957,0.7805346651504657,1.1248631,1.1975226085038595,435864,1.978057286256969,5.412782,4.393768394545739,-3.34411,-2.415711115493983,TQQQ,stress,100
187544,2312825001.778016,1.9706732,1.8586218050069716,1.9878739,0.95187515,0.9495439426558219,2.1585584,2.0485626775979098,0.9072809074049627,0.2203376274367615,0.15147378748453696,0.6302254404299791,0.05205711726314891,0.7796623725632384,0.9998986904406433,0.5089348086921743,0.38292347395811116,187525,1.858795351144402,0.69259757,0.4517463771862036,1.2782754,1.407048982344845,187525,1.858795351144402,6.535872,4.953491578763121,-4.564999,-3.0946962774946485,TQQQ,stress,101-499
58615,1981469880.8863015,2.0666413,1.9363433461845498,1.9625514,1.0280863,1.014573261178844,2.1480892,2.043882536769846,0.9473848478811062,0.2056640791606244,0.18781881770877762,0.5828030367653331,0.05672609400324149,0.7943359208393755,0.9999829395206006,0.5120278431773979,0.4240893969120532,58614,1.9363743252730468,0.97614384,0.9316909358749444,1.0905329,1.0046833918459992,58614,1.9363743252730468,4.7676888,3.403438972067714,-2.7010121,-1.4670645750505822,TQQQ,stress,500-999
48156,4072135513.3600845,2.0016732,1.9564136457763184,1.9882692,0.94680375,0.9674360678214373,2.2677603,2.17201100730664,0.9007383660556725,0.2141166209818091,0.22792590746739763,0.5269125342636432,0.05914112467812941,0.7858833790181908,0.9998961707783038,0.5151710244854728,0.5053575878395216,48151,1.9565892813076076,-0.03111444,-0.06226368367136941,2.0329955,2.018852960765428,48151,1.9565892813076076,3.5774698,3.8124078110623953,-1.5755897,-1.8558185352678205,TQQQ,stress,1000-4999
2522,820708840.3396566,2.2539299,2.1302574907717036,2.0020022,1.0732989,1.0650222411025607,2.2343173,2.139431065042453,0.9957121430923191,0.11419508326724821,0.41038858049167326,0.44607454401268837,0.04916732751784298,0.8858049167327517,1.0,0.507533703409992,0.7811260904044409,2522,2.1302574907716436,3.2428641,1.3579665724337187,-0.9889343,0.7722908277047345,2522,2.1302574907716436,18.267855,15.00100625380465,-16.013924,-12.870748563011224,TQQQ,stress,5000-9999
890,795122153.7737,2.6949222,7.170863222906344,2.0348728,1.2639325,3.5370178347185712,2.2529097,2.116112187894714,3.3886970945715884,0.08426966292134831,0.2966292134831461,0.5561797752808989,0.07303370786516854,0.9157303370786517,1.0,0.49775280898876406,0.8662921348314607,890,7.170863222906275,-7.589219,2.0767586296390683,10.284141,5.094104346608265,890,7.170863222906275,6.302694,19.900140346363486,-3.6077719,-12.729277301843094,TQQQ,stress,>=10000
5192,75258.3203061508,1.5006806,1.3135811238593447,1.1265208,0.6750462,0.6497366879701237,2.284887,2.072043899742605,0.6339542921955086,0.3012326656394453,0.4872881355932203,0.1454160246533128,0.06798921417565486,0.6987673343605547,1.0,0.564522342064715,1.0,5192,1.3135811238588684,1.8003057,1.5870632719150124,-0.29962525,-0.27348216945325304,5192,1.3135811238588684,2.7159753,2.234453435472185,-1.2152948,-0.9208723481709252,SQQQ,last12m,<1 (fractional)
208041,231595133.2099787,2.0273376,1.6066090848012446,1.5340953,0.8242821,0.8303345242445168,2.4594452,1.9278058587979097,0.8333873857002653,0.20926163592753352,0.1804644276849275,0.6317696992419763,0.021615931475045785,0.7907383640724664,0.999716402055364,0.49132617245723187,0.44688787306348265,207982,1.6071968949974125,0.21653166,-0.066399519199454,1.8113809,1.673596410892747,207982,1.6071968949974125,-0.711369,-0.8058602017762145,2.7392814,2.413057088552357,SQQQ,last12m,1-99
126037,692364739.9589936,1.7216864,1.437874002071941,1.4674591,0.78993505,0.8009552129739741,2.041785,1.661036615690215,0.8656485886522479,0.2669295524330157,0.07518427128541619,0.7496687480660441,0.02400882280600141,0.7330704475669843,0.9997064354118235,0.4851111111111111,0.23319342732689607,126000,1.43827774786083,-0.21424282,-0.18568784405482608,1.9364349,1.6239655901151204,126000,1.43827774786083,-0.14578447,-0.10486712331528364,1.8679764,1.5431448558888021,SQQQ,last12m,100
103517,1310621101.8988967,1.7084625,1.4842100659498818,1.4778689,0.7542007,0.7837861249652466,2.233703,1.839476372069548,0.8068655235185407,0.2817798042833544,0.13237439261184153,0.6443386110493928,0.02321357844605234,0.7182201957166455,0.9996329105364337,0.4949313387257318,0.3485804264033927,103479,1.4847013424342919,0.16554342,0.10488679487437781,1.5435463,1.3798145374498723,103479,1.4847013424342919,-0.4889024,-0.6617091697577376,2.197992,2.1464104928340904,SQQQ,last12m,101-499
34665,1005097766.9915199,2.1901865,1.8112309485495373,1.5876796,0.8112922,0.832256880778859,2.6127305,2.065765265302676,0.8767844919128096,0.24523294389153324,0.1711524592528487,0.6367806144526179,0.0242896293091014,0.7547670561084667,0.9996538295110342,0.49300204888465643,0.37951824606952256,34653,1.8119229286089609,-0.52477634,-0.4912247712255158,2.7157214,2.303147717297215,34653,1.8119229286089609,-1.1466181,-0.9086074481585567,3.3375633,2.7205303384833286,SQQQ,last12m,500-999
35146,2514943020.5256815,2.6069305,2.1595255811888916,2.2096848,0.8294591,0.8547237542403625,3.099888,2.432157712467196,0.8879052415553493,0.23405223923063792,0.21752119729129915,0.5921584248563136,0.03149718317874011,0.7659477607693621,0.9996585671200137,0.4952183070529971,0.46264155238149435,35134,2.1601480712944308,-0.12466708,-0.2578200858463003,2.732488,2.4179681563361517,35134,2.1601480712944308,-0.54216015,-1.0246582415118028,3.1499813,3.1848062736302056,SQQQ,last12m,1000-4999
3668,633036592.5298309,3.78262,3.0990265005288156,2.8666582,0.8128456,0.8902988401508072,4.46636,3.4501875345440527,0.8982197255948166,0.2276444929116685,0.2772628135223555,0.5512540894220284,0.02699018538713195,0.7723555070883316,1.0,0.5193565976008724,0.5376226826608506,3668,3.0990265005286544,-0.16621943,-0.6066328878637113,3.9488397,3.7056594011313146,3668,3.0990265005286544,-0.3523348,-1.2120730633545698,4.134955,4.311099485069665,SQQQ,last12m,5000-9999
1351,689333180.3122,4.080905,3.285145480820798,2.9175785,0.8450481,0.9190227998104504,4.8530936,3.6192535923313183,0.9076859073322611,0.15247964470762398,0.3160621761658031,0.5514433752775721,0.013323464100666173,0.847520355292376,1.0,0.5033308660251665,0.7816432272390822,1351,3.2851454808206983,3.1231463,4.072657180193876,0.9577588,-0.7875116324879192,1351,3.2851454808206983,0.28643945,0.29172749025228223,3.7944653,2.993418127183276,SQQQ,last12m,>=10000
5192,75258.3203061508,1.5006806,1.3135811238593447,1.1265208,0.6750462,0.6497366879701237,2.284887,2.072043899742605,0.6339542921955086,0.3012326656394453,0.4872881355932203,0.1454160246533128,0.06798921417565486,0.6987673343605547,1.0,0.564522342064715,1.0,5192,1.3135811238588684,1.8003057,1.5870632719150124,-0.29962525,-0.27348216945325304,5192,1.3135811238588684,2.7159753,2.234453435472185,-1.2152948,-0.9208723481709252,SQQQ,normal18m,<1 (fractional)
243374,252109522.74897867,2.1498058,1.685705561194921,1.6479009,0.815281,0.8235790940773624,2.6343899,2.0454522050362014,0.8241236617724278,0.2076105089286448,0.19040653479829397,0.624951720397413,0.021768964638786394,0.7923894910713551,0.9997082679333043,0.4931053049078721,0.4570332081487751,243303,1.6862979129684201,0.3112364,0.040143182664229955,1.8391969,1.6461547289466394,243303,1.6862979129684201,-0.43856648,-0.6704429330166681,2.5889995,2.3567408363436995,SQQQ,normal18m,1-99
141568,738054612.3389935,1.8082104,1.496540215085172,1.4763416,0.7802677,0.7952988372360198,2.1807666,1.7512984997687724,0.8545317747275883,0.2715161618444846,0.08252571202531646,0.7354486889692586,0.024708973779385173,0.7284838381555153,0.9996397490958409,0.4885066811761131,0.24405939195298373,141517,1.4970034080256893,-0.19032897,-0.1546432305545777,1.9991909,1.6516466385168658,141517,1.4970034080256893,-0.06936001,-0.03783323724245638,1.8782222,1.5348366331217034,SQQQ,normal18m,100
119580,1428706297.4353967,1.8359202,1.5733848199566403,1.4890924,0.7482166,0.7791430800254578,2.3987072,1.956659032948064,0.8041180366443553,0.2798879411272788,0.14214751630707476,0.6384010704131126,0.023381836427496236,0.7201120588727212,0.9996153202876735,0.49652818444961266,0.35654791771199196,119534,1.573920742614026,0.06273145,0.02601062108026298,1.7738954,1.5479101131276485,119534,1.573920742614026,-0.3532173,-0.5875529356210892,2.189844,2.161473662215916,SQQQ,normal18m,101-499
41931,1135035680.43412,2.3045197,1.9166062824351937,1.7487103,0.79911345,0.8242759796896906,2.791856,2.217082720752393,0.8644721572611287,0.24273210750995683,0.17965228589826143,0.6298204192602133,0.024754954568219217,0.7572678924900431,0.9996184207388329,0.49693427174042704,0.38434571081061747,41915,1.9173738363673252,-0.6304832,-0.5786726907564371,2.9358828,2.4960465472953564,41915,1.9173738363673252,-1.13124,-0.8439858870345213,3.4366395,2.761359693146566,SQQQ,normal18m,500-999
44043,2939869701.9643817,2.6536067,2.2472569572429713,2.3482447,0.8009674,0.8329594383477242,3.245809,2.610553564801621,0.8608354134322247,0.23576958881093477,0.222555230116023,0.5900824194537156,0.029062507095338648,0.7642304111890652,0.9996367186613083,0.4991482499375383,0.4571895647435461,44027,2.24792870552704,-0.32922855,-0.3999123904641357,2.9837997,2.647841101474506,44027,2.24792870552704,-0.5984189,-0.9046506721926236,3.2529895,3.1525793419509585,SQQQ,normal18m,1000-4999
4599,768000408.6419308,3.7207053,3.143734480130414,2.9006526,0.79604644,0.8643204993909657,4.4579577,3.5908232232324098,0.8754912967563097,0.22156990650141334,0.28854098717112414,0.5470754511850402,0.023483365949119372,0.7784300934985866,1.0,0.5153294194390085,0.5568601869971733,4599,3.1437344801302713,-0.32621723,-0.6713057628618845,4.0469227,3.8150402645597854,4599,3.1437344801302713,-1.1762549,-1.8156659777670543,4.89696,4.959400397089389,SQQQ,normal18m,5000-9999
1619,797639536.6224,4.0341153,3.318873816543627,2.9390154,0.850315,0.9136085862082396,4.7652307,3.674849702916928,0.9031318515990617,0.14206300185299567,0.32612723903644225,0.5484867201976529,0.012970969734403953,0.8579369981470043,1.0,0.5040148239654108,0.7899938233477455,1619,3.3188738165435385,2.7068777,3.708697634085757,1.3272378,-0.38982373522813335,1619,3.3188738165435385,-1.1503487,-0.7796912188560923,5.1844635,4.098565185657804,SQQQ,normal18m,>=10000
2121,21936.737634770197,1.624266,1.5780905771906244,1.6087947,0.5707497,0.5562740044038093,2.8525972,2.851484055581987,0.5534278103717247,0.3008015087223008,0.49976426214049974,0.15794436586515795,0.042432814710042434,0.6991984912776992,1.0,0.5719000471475719,1.0,2121,1.578090577190246,1.1046951,1.031502405452323,0.5195708,0.5465881703967562,2121,1.578090577190246,1.4688902,0.44227250799832973,0.15537564,1.1358179973782785,SQQQ,since_2026-07-15,<1 (fractional)
70825,44308039.05347091,2.3583684,2.217651608849791,2.7513537,0.8250683,0.7775886536317094,2.7355537,2.6979911175507842,0.8219640140487039,0.24639604659371692,0.16518178609248146,0.6108577479703494,0.018877515001764912,0.7536039534062831,0.9995623014472291,0.46489815521089356,0.46024708789269325,70794,2.219228982508687,-0.10642911,-0.6164753845113372,2.4658303,2.835704392620754,70794,2.219228982508687,-1.0079725,-1.7231705221934293,3.3673735,3.9423994820815076,SQQQ,since_2026-07-15,1-99
20522,72267968.25699356,2.2343538,2.2178421279651546,2.6677337,0.78131145,0.7768718455026079,2.4710188,2.463121905953717,0.9004191479943862,0.33393431439430854,0.128203878764253,0.648036253776435,0.02611831205535523,0.6660656856056915,0.9997076308352012,0.4631019691947748,0.38368580060422963,20516,2.2184892285382607,-0.33294195,-0.3326460696653095,2.5679493,2.5511353054523807,20516,2.2184892285382607,0.6397964,0.6484644296356726,1.5952106,1.5700248033402984,SQQQ,since_2026-07-15,100
25906,231481056.09506822,1.9982517,1.9730062013956773,2.6263952,0.6986732,0.6912409040644983,2.6433048,2.634268126075829,0.7489769860043788,0.3655523816876399,0.15988574075503745,0.5220026248745464,0.02466610051725469,0.6344476183123601,0.9996525901335598,0.46901185465497935,0.4586968269898865,25897,1.9739111359657047,0.3673019,0.44122028838954674,1.6316442,1.5326908323307111,25897,1.9739111359657047,0.14652961,0.19911254424041494,1.8524163,1.774798578482862,SQQQ,since_2026-07-15,101-499
11393,258069246.14043385,2.4667523,2.4563727307686856,2.7259097,0.8587714,0.8565088606276056,2.6120965,2.602575920939146,0.943823659861687,0.3027297463354692,0.15930834723075574,0.592381286755025,0.030720617923286227,0.6972702536645309,0.9995611340296673,0.46847558833860203,0.38532432195207583,11388,2.4575255402548075,-1.9305801,-1.8819969678398825,4.3984156,4.339522505052115,11388,2.4575255402548075,-1.7932495,-1.7525867128643349,4.261085,4.210112226241317,SQQQ,since_2026-07-15,500-999
13003,868463219.1536138,2.5455806,2.4736535572030447,2.7996001,0.88555175,0.8619830822092743,2.6095414,2.5932827999733257,0.95386957304791,0.26640006152426365,0.18095824040606015,0.5985541798046604,0.0389910020764439,0.7335999384757363,0.999538568022764,0.4808802031237978,0.4036760747519803,12997,2.4746903017607855,-1.0491487,-1.074725704909981,3.5959044,3.5494159907445115,12997,2.4746903017607855,0.6969386,0.788693898678709,1.8498169,1.6859963522524883,SQQQ,since_2026-07-15,1000-4999
1152,247914276.38403088,2.5834796,2.5824661241750357,2.6852846,0.9009874,0.9010712384473446,2.6410582,2.641790042673718,0.9775440449315035,0.2456597222222222,0.2569444444444444,0.5260416666666666,0.044270833333333336,0.7543402777777778,1.0,0.4635416666666667,0.5824652777777778,1152,2.5824661241748808,-0.41214523,-0.3666527560225797,2.9956248,2.9491188844967233,1152,2.5824661241748808,1.4946958,1.9123539440521746,1.088784,0.6701121721322464,SQQQ,since_2026-07-15,5000-9999
365,249713296.5725,2.6603634,2.7880608444846353,2.83246,0.92717814,0.9707223803152764,2.7723083,2.7935434545474016,0.9980373993990173,0.12876712328767123,0.3041095890410959,0.5780821917808219,0.019178082191780823,0.8712328767123287,1.0,0.4958904109589041,0.852054794520548,365,2.7880608444845256,4.7443204,5.754418338762847,-2.0839567,-2.966357378623479,365,2.7880608444845256,2.5289629,2.76663209962928,0.13140008,0.021428890469874635,SQQQ,since_2026-07-15,>=10000
1692,24271.191265482998,1.8620979,1.651294701137122,1.4256619,0.7771158,0.6963768970416999,2.4258177,2.4042885219948236,0.6868122049541096,0.33274231678487,0.4296690307328605,0.14361702127659576,0.09692671394799054,0.66725768321513,1.0,0.5336879432624113,1.0,1692,1.6512947011367076,4.780428,2.56629546347725,-2.91833,-0.9150009314567735,1692,1.6512947011367076,8.026077,6.970643666812306,-6.1639795,-5.319349189699506,SQQQ,stress,<1 (fractional)
363576,428416003.85073435,2.4477947,2.317600325592452,1.9989802,1.1897455,1.165484261137321,2.7949016,2.6511944693460436,0.8741721335003096,0.2044909454969525,0.18307038968468767,0.5991044513389222,0.047107069773582415,0.7955090545030475,0.9999119853895747,0.5087224655062386,0.3487798974629788,363544,2.317780087014985,-1.1507344,-1.2532033973947014,3.5987446,3.5709835231340237,363544,2.317780087014985,-5.0413756,-6.386617966816464,7.489385,8.704398000684217,SQQQ,stress,1-99
199526,1036064797.9736692,2.37607,2.261776809237368,1.9632865,1.1636728,1.15245808936718,2.6447177,2.5110680338827813,0.9007230304867756,0.22938363922496316,0.10578070025961529,0.6777362348766577,0.058388380461694214,0.7706163607750368,0.9998496436554635,0.5066668003368489,0.19203011136393253,199496,2.2621016406901933,-4.073186,-3.423417763912779,6.4496136,5.685519461437288,199496,2.2621016406901933,-5.1683936,-3.5943905131076868,7.5448213,5.8564920953563,SQQQ,stress,100
149277,1813121588.6760058,2.4017181,2.4170257675152835,2.0232675,1.1391389,1.1746182790843944,2.6170764,2.5373879647896502,0.9525645274019636,0.22803914869671818,0.1444495803104296,0.6333661582159341,0.05276767351969828,0.7719608513032818,0.9998995156655077,0.5014739183449237,0.3098066011508806,149262,2.4172618279403513,-2.4176264,-1.551302380111949,4.8195853,3.9685642428421897,149262,2.4172618279403513,-4.7983975,-2.13712255102056,7.2003555,4.554384268715438,SQQQ,stress,101-499
52938,1572368191.51898,2.7742462,2.743319285187673,2.1041558,1.3206236,1.335617845935057,2.7437232,2.6769314067047283,1.0247999923780893,0.19473723978994295,0.15856284710415958,0.6269031697457403,0.07212210510408402,0.805262760210057,0.9998488798216781,0.5038163612318156,0.3101174959386452,52930,2.7438095604425516,-3.0665433,-2.9883190402806625,5.841209,5.732128622387924,52930,2.7438095604425516,-2.5752442,-2.2251583709183835,5.3499103,4.968967914464877,SQQQ,stress,500-999
36090,3087886558.7680044,2.3314202,2.2990353284806866,2.0909567,1.1010956,1.1080742366682381,2.6337771,2.5734627606929865,0.893362578855269,0.21086173455250762,0.214325297866445,0.5880853422000554,0.04740925464117484,0.7891382654474923,0.999889165973954,0.5106966690683368,0.45001385425325574,36086,2.2993721990766463,0.5860461,0.16774432715169948,1.7456329,2.1316278419802037,36086,2.2993721990766463,5.712054,4.282434509477269,-3.3803754,-1.9830622717220467,SQQQ,stress,1000-4999
1962,559069574.8603001,2.4690824,2.496076665064423,2.3145468,1.1280632,1.1762855422050256,2.6823547,2.6941677142490743,0.9264741210664148,0.14424057084607544,0.3476044852191641,0.5433231396534148,0.023955147808358817,0.8557594291539246,1.0,0.5254841997961264,0.6692150866462793,1962,2.4960766650643267,1.456027,1.5679140858679457,1.0130554,0.9281624707728315,1962,2.4960766650643267,6.5738826,7.341506442250217,-4.1048007,-4.845429827158474,SQQQ,stress,5000-9999
567,499772311.178,2.6683462,2.8332368484834536,2.307783,1.2177777,1.3167602256924587,2.7300076,2.7213210416106204,1.0411255434994893,0.10229276895943562,0.2786596119929453,0.6084656084656085,0.037037037037037035,0.8977072310405644,1.0,0.4567901234567901,0.8289241622574955,567,2.8332368484833754,5.10146,0.696987438439644,-2.4331133,2.1362493613921374,567,2.8332368484833754,-16.61502,-28.631875584552013,19.283371,31.465111925819397,SQQQ,stress,>=10000
378998,10522392.206666663,0.5225253,0.5737153549334545,0.31538105,3.641455,4.06441112921967,0.374803,0.40449528541501384,1.4183486819749214,0.07076026786421037,0.49318993767777136,0.040981746605522985,0.3951788663792421,0.9292397321357896,0.99997625317284,0.726989437688165,1.0,378989,0.5737510744840248,0.26819965,0.6819252254487376,0.2543381,-0.10817414974570211,378989,0.5737510744840248,0.33064798,1.155991745342435,0.19188964,-0.5822406668127929,QQQ,last12m,<1 (fractional)
1518390,26653083793.15632,0.24324659,0.21752719349208968,0.16086869,1.6280109,1.472710592154336,0.25314742,0.24255604338527778,0.8968120952837605,0.21192974137079407,0.15001284255033293,0.5754555812406562,0.09635337429777593,0.788070258629206,0.9999183345517292,0.5144599167734771,0.354065819716937,1518266,0.21754347907777338,0.106361516,-0.008486377226479838,0.13690494,0.22602985581881221,1518266,0.21754347907777338,0.19600177,-0.07810733903546832,0.047264673,0.29565081598586995,QQQ,last12m,1-99
175898,11325273495.119598,0.20409356,0.2083104242216464,0.16258973,1.3412157,1.3797667275934742,0.22274193,0.22783475798070685,0.9143048500057493,0.22968993393898737,0.0747706056919351,0.7028959965434514,0.06755619734164117,0.7703100660610126,0.9999431488703681,0.5000909669789866,0.18221924069631262,175888,0.20832214759156145,0.029159758,0.03340384991634698,0.17494543,0.1749182972151936,175888,0.20832214759156145,0.028516376,0.025766976958071182,0.1755888,0.1825551672479049,QQQ,last12m,100
146598,19789645645.237816,0.22227201,0.22852165676967548,0.16020891,1.5036348,1.5580132131149582,0.23223868,0.23746057291827127,0.9623562091224619,0.19563022687894788,0.10692506036917283,0.6882153917515927,0.06404589421410933,0.8043697731210522,0.9998908579926056,0.5145038272093436,0.29610226606092854,146582,0.2285603954738444,-0.046865318,-0.05347199656093233,0.26916158,0.2820323920366449,146582,0.2285603954738444,-0.05405035,-0.05341682112319112,0.27634665,0.28197721603233217,QQQ,last12m,101-499
14751,6719400873.267042,0.2517732,0.2579284249926051,0.16138013,1.708055,1.7603335311222297,0.25535664,0.2597449068391359,0.9930066700108356,0.14392244593586875,0.20615551488034708,0.6125008474001763,0.07002915056606332,0.8560775540641312,1.0,0.5100671140939598,0.4854586129753915,14751,0.2579284249925875,0.07579379,0.08696681113842669,0.1759794,0.17096160879913183,14751,0.2579284249925875,0.32966077,0.3306256596283704,-0.07788754,-0.07269723926954509,QQQ,last12m,500-999
5086,5565942420.022965,0.2676134,0.27503358153826335,0.1614674,1.8227967,1.8887224102609392,0.27108023,0.2768484829973606,0.9934444233197602,0.14018875344081794,0.32520644907589463,0.5021627998427055,0.05230043255996854,0.8598112465591821,0.9998033818324813,0.4898721730580138,0.7265041289815178,5085,0.2750877821160857,0.27844208,0.19894511353008454,-0.010776084,0.07614265810054037,5085,0.2750877821160857,0.096795924,-0.14884181079004313,0.17087011,0.4239296011799243,QQQ,last12m,1000-4999
203,916156438.0123999,0.32137078,0.3382827244320637,0.26796,2.2429557,2.380222906863795,0.32496798,0.33762751334099794,1.0019406329910205,0.10344827586206896,0.24630541871921183,0.5960591133004927,0.06403940886699508,0.896551724137931,1.0,0.4630541871921182,0.8423645320197044,203,0.33828272443203883,0.11047676,0.4177491174961766,0.21089402,-0.07946638491423146,203,0.33828272443203883,-1.9009187,-1.7679300725746572,2.2222898,2.106212795113798,QQQ,last12m,5000-9999
35,425156147.29150003,0.43924645,0.6392273421401784,0.30788177,2.9497142,4.147713977978422,0.31934366,0.29449254488869814,2.1706061944005097,0.08571428571428572,0.14285714285714285,0.5714285714285714,0.2,0.9142857142857143,1.0,0.5142857142857142,0.9714285714285714,35,0.6392273421401784,-0.89118725,0.21687870292439682,1.3304335,0.42234859575488753,35,0.6392273421401784,-2.9519143,0.3979987163977571,3.3911607,0.24122858768121225,QQQ,last12m,>=10000
378998,10522392.206666663,0.5225253,0.5737153549334545,0.31538105,3.641455,4.06441112921967,0.374803,0.40449528541501384,1.4183486819749214,0.07076026786421037,0.49318993767777136,0.040981746605522985,0.3951788663792421,0.9292397321357896,0.99997625317284,0.726989437688165,1.0,378989,0.5737510744840248,0.26819965,0.6819252254487376,0.2543381,-0.10817414974570211,378989,0.5737510744840248,0.33064798,1.155991745342435,0.19188964,-0.5822406668127929,QQQ,normal18m,<1 (fractional)
1686641,28773869629.542515,0.24966025,0.2200941356967015,0.16128902,1.6183268,1.4586222186690683,0.26419201,0.24848987478811127,0.8857267761287135,0.21720330526768886,0.15209401407887038,0.5700537340192726,0.09306189046750316,0.7827966947323112,0.9999134374179212,0.5138936077486147,0.35239449295967545,1686495,0.22011129505751298,0.09601979,-0.007350613652641289,0.15366209,0.22746190827521467,1686495,0.22011129505751298,0.184565,-0.06923977288730934,0.06511692,0.2893510661818048,QQQ,normal18m,1-99
236449,14505161187.3796,0.2315345,0.22735163030159736,0.16393846,1.3947107,1.401860762398059,0.25210553,0.24886543817437734,0.9135524481398438,0.23499782194046073,0.07791109287837969,0.6859322729214333,0.0670884630512288,0.7650021780595393,0.9999196444053474,0.4935498879160851,0.178402107854125,236430,0.22736933491052794,0.0435482,0.04154901472653157,0.18800493,0.18582031977866975,236430,0.22736933491052794,0.04866238,0.04092859405842722,0.18289073,0.18644074000741487,QQQ,normal18m,100
160930,21465234549.445015,0.22901587,0.2333567784003232,0.1606387,1.4999346,1.5483096128402625,0.24463402,0.24683564614976602,0.9453933499488781,0.19724103647548624,0.1168396197104331,0.6761324799602312,0.0628099173553719,0.8027589635245138,0.9998943640091965,0.512525401925264,0.3041073758777108,160913,0.23339416239458705,-0.020626135,-0.0318617053038148,0.24966617,0.2652558685442119,160913,0.23339416239458705,-0.044868916,-0.04211286407010869,0.27390897,0.27550702688985174,QQQ,normal18m,101-499
16837,7426845355.629543,0.26896647,0.2685302651360904,0.1625131,1.7314901,1.7648508014954987,0.2720023,0.2700557736673294,0.994351135283935,0.14474074953970423,0.21624992575874563,0.6008790164518619,0.0701431371384451,0.8552592504602958,0.9999406069964958,0.5063554288429556,0.49201164102868683,16836,0.2685456540228063,0.022331469,0.03306741831907851,0.24665096,0.23547823190282646,16836,0.2685456540228063,0.27951202,0.2785079532059494,-0.0105294855,-0.009962302496357675,QQQ,normal18m,500-999
5970,6290675982.506065,0.29734594,0.2996825489310868,0.16416723,1.8863156,1.9422795038858045,0.293767,0.29191798973261635,1.0265984265155514,0.13919597989949747,0.34539363484087104,0.48006700167504185,0.052931323283082074,0.8608040201005025,0.9998324958123953,0.48215781537946056,0.732998324958124,5969,0.29973480192498847,0.24018738,0.16836902433220444,0.05720835,0.13136576961792049,5969,0.29973480192498847,0.05898094,-0.16340248946048827,0.23841491,0.4631372931799712,QQQ,normal18m,1000-4999
231,1012992797.8146,0.32876718,0.3395832897309775,0.25201544,2.200606,2.32118286193693,0.32705548,0.33654416452240193,1.0090303904478286,0.09523809523809523,0.24675324675324675,0.6017316017316018,0.06493506493506493,0.9047619047619048,1.0,0.4588744588744589,0.8528138528138528,231,0.33958328973095503,0.57883584,0.7104004379642135,-0.25006866,-0.37081713825036644,231,0.33958328973095503,-2.1152985,-1.8978275184994353,2.4440658,2.2374108011181986,QQQ,normal18m,5000-9999
46,504787441.7315,0.46196803,0.6254024620498786,0.30914134,2.8530433,3.905788500247816,0.36952636,0.3350500973423208,1.866593882558717,0.08695652173913043,0.10869565217391304,0.6304347826086957,0.17391304347826086,0.9130434782608695,1.0,0.5652173913043478,0.9565217391304348,46,0.6254024620498786,-0.042399406,0.47427002264063245,0.50436735,0.15113242342208486,46,0.6254024620498786,-1.9518028,0.27949172170572945,2.4137712,0.3459107010324504,QQQ,normal18m,>=10000
187519,5501508.561703319,0.38065115,0.378522565257713,0.24966946,2.796023,2.78625357621251,0.32240266,0.3422250590189756,1.1060632624121332,0.0701422255878071,0.5570155557570167,0.04942432500173316,0.32354054789114706,0.9298577744121929,0.9999893344141128,0.7597284512870833,1.0,187517,0.3785296703050579,-0.20934276,0.3417257338727359,0.58999795,0.03680393638912203,187517,0.3785296703050579,-0.5804475,0.2250903029732599,0.96110266,0.15343936908165004,QQQ,since_2026-07-15,<1 (fractional)
394527,7870983859.116104,0.24166524,0.22115572325367575,0.13567509,1.7796232,1.628227674837075,0.2669662,0.24636661818806643,0.8976691926860574,0.2496077581508997,0.14532845660753257,0.5727922296826327,0.051099164315750255,0.7503922418491004,0.9998377804307437,0.4880736596334764,0.3543433022328003,394463,0.22118242326144003,0.049234536,-0.002902769980815741,0.19246992,0.22408519331559826,394463,0.22118242326144003,0.20837544,0.2418423546538295,0.03332897,-0.020659931677016335,QQQ,since_2026-07-15,1-99
31974,2352770881.5396,0.24875472,0.2491320399203628,0.13599013,1.8331727,1.8362131521620866,0.26353315,0.26340458508681003,0.9458151225357622,0.23681741414899607,0.11781447426033652,0.5982047913930069,0.08090948895977983,0.763182585851004,0.9999374491774566,0.5037845614913049,0.2765684618752737,31972,0.24914730429970075,0.018322093,0.020430368424861678,0.23044817,0.22871693559721848,31972,0.24914730429970075,-0.19829802,-0.19446855688991674,0.44706824,0.44361585395925845,QQQ,since_2026-07-15,100
41664,6275577095.631107,0.23585634,0.23787770742878284,0.13559966,1.7366102,1.7521407966521414,0.2304815,0.23138312217086365,1.028068534977773,0.19292434715821813,0.10894297235023041,0.6905481950844854,0.055251536098310294,0.8070756528417818,0.9997599846390169,0.5253997215153406,0.31237999231950847,41654,0.23797480054500525,-0.09602831,-0.13965529937464247,0.3319413,0.3776300987815273,41654,0.23797480054500525,-0.100731835,-0.14540032607609596,0.33664477,0.3833751261019466,QQQ,since_2026-07-15,101-499
4576,2288548550.526489,0.2526459,0.25532268657711205,0.13854446,1.8611888,1.8810828982956445,0.26029834,0.2618668099721649,0.9750097257619305,0.1457604895104895,0.1951486013986014,0.6516608391608392,0.04436188811188811,0.8542395104895105,1.0,0.5126748251748252,0.5050262237762237,4576,0.25532268657709517,-0.119232126,-0.11796815452413434,0.37187806,0.3732908363674674,4576,0.25532268657709517,-0.25060973,-0.25649556825504166,0.5032556,0.5118182450016125,QQQ,since_2026-07-15,500-999
1481,1890798435.3103738,0.28287515,0.2749536442406698,0.22171412,2.0846074,2.026141237402384,0.28179026,0.28056533191540883,0.9799986418976705,0.12221471978392978,0.2761647535449021,0.574611748818366,0.04523970290344362,0.8777852802160703,0.9993247805536799,0.48783783783783785,0.7170830519918974,1480,0.2751132092024972,-0.15790838,-0.27828728945748515,0.44097456,0.5534004887104904,1480,0.2751132092024972,-0.85612404,-1.0052797010648713,1.1391903,1.2803929099222244,QQQ,since_2026-07-15,1000-4999
83,395971707.54370004,0.33227542,0.34616872121815734,0.27801332,2.446265,2.548986568352095,0.3581469,0.3654923320113744,0.9471299146363058,0.10843373493975904,0.1927710843373494,0.6626506024096386,0.04819277108433735,0.891566265060241,1.0,0.4939759036144578,0.891566265060241,83,0.34616872121815734,-0.58987284,-0.3535430232717293,0.9221483,0.6997117062888227,83,0.34616872121815734,-2.399816,-2.0056794056593157,2.7320912,2.351848075627413,QQQ,since_2026-07-15,5000-9999
11,111921873.1715,0.33772442,0.3666494891252422,0.27872622,2.4872727,2.6992551414431274,0.37109908,0.39006299022365293,0.9399750766280441,0.18181818181818182,0.2727272727272727,0.45454545454545453,0.09090909090909091,0.8181818181818182,1.0,0.5454545454545454,1.0,11,0.3666494891252422,-0.31512973,0.43708158866385893,0.6528538,-0.07043223785622924,11,0.3666494891252422,-3.3336945,-2.8387385861752716,3.6714196,3.205388247962303,QQQ,since_2026-07-15,>=10000
109135,4130084.8030334814,0.7169646,0.8019044095077723,0.357472,5.1177673,5.742888190791718,0.48271894,0.5141433862047928,1.5596902168228202,0.13223988637925504,0.45040546112612817,0.03513080130114079,0.3822330141567783,0.8677601136207449,1.0,0.7144820634993357,1.0,109135,0.8019044095076383,1.4965451,1.047053493649116,-0.7795805,-0.2451490800183549,109135,0.8019044095076383,4.8745794,2.0253655369398307,-4.157615,-1.2234611108333473,QQQ,stress,<1 (fractional)
1363618,18796838700.22029,0.60029083,0.4828538720511261,0.28180525,3.135505,2.6789609948561988,0.60235107,0.5271169042763767,0.9160280539930423,0.17295019572930248,0.27041884164040075,0.4536563759058622,0.11710977707833133,0.8270498042706975,0.9999721329580572,0.5067513457222899,0.31023497783103476,1363580,0.4828669693306943,-0.1202074,-0.14456439706327362,0.72051495,0.6274313642812631,1363580,0.4828669693306943,-0.3576475,-0.6479722862187891,0.95795506,1.1308392508803078,QQQ,stress,1-99
334886,15970005690.74,0.7490155,0.7115823693142707,0.47051075,3.398193,3.302923441907816,0.75461435,0.7203026413421555,0.9878935998184928,0.12916037099191963,0.22764164521658117,0.5405272241897242,0.1215816725691728,0.8708396290080803,0.9999910417276326,0.5107604745537994,0.1384620437999797,334883,0.7115898312911637,-1.5918844,-1.4506098632833797,2.3409066,2.1621996913564825,334883,0.7115898312911637,-1.9563967,-1.8833919780716046,2.7054188,2.594981814039268,QQQ,stress,100
147565,17010058473.409113,0.53063357,0.5096326294865712,0.2754707,2.7028236,2.6820454348925984,0.54821986,0.5252075176352686,0.9703452680593322,0.15840477077897874,0.1883102361671128,0.5752786907464508,0.10525531121878494,0.8415952292210213,0.999972893301257,0.5003422313483915,0.2600616677396402,147561,0.5096472680406704,0.09691762,0.040284788982127284,0.4337303,0.469362469947817,147561,0.5096472680406704,-0.048547905,-0.05238743453273631,0.5791958,0.5620346989199598,QQQ,stress,101-499
13884,5080938465.548574,0.5481895,0.4948347977711442,0.33194745,2.7701237,2.639705133119256,0.5941188,0.542751119226502,0.9117158495708947,0.15341400172860847,0.29573609910688564,0.4908527801786229,0.07332180927686546,0.8465859982713916,0.9999279746470757,0.5065187639559173,0.5638144626908672,13883,0.49487578695013623,-0.21208052,-0.22778949538788207,0.76030946,0.7226652763467896,13883,0.49487578695013623,-0.4766271,-1.0907163644635092,1.024856,1.585592133186871,QQQ,stress,500-999
5864,5167461976.258765,0.6305657,0.5984481821697699,0.42385155,3.1102283,3.082449098435634,0.69065493,0.6356124727459658,0.9415299539110064,0.13062755798090042,0.35368349249658937,0.45225102319236016,0.07537517053206003,0.8693724420190996,1.0,0.5008526603001364,0.6700204638472033,5864,0.5984481821697192,0.45119518,0.09026238333634884,0.17937033,0.5081857762232658,5864,0.5984481821697192,-0.5394404,-1.1691274225707504,1.1700059,1.7675756306703183,QQQ,stress,1000-4999
194,703646517.1719999,0.82884127,0.7082316084580825,0.46195278,4.0526805,3.6684329062283236,0.7488026,0.685231599178138,1.033565307419463,0.14948453608247422,0.35051546391752575,0.4329896907216495,0.07731958762886598,0.8505154639175257,1.0,0.5103092783505154,0.7835051546391752,194,0.7082316084579706,-0.5135886,-1.294040346202987,1.3424302,2.002271902946661,194,0.7082316084579706,-4.2553577,-4.537852759880703,5.084199,5.246084434782321,QQQ,stress,5000-9999
53,580160194.0632,1.2364988,1.4843258747647454,0.6874884,6.1071696,8.131868983326653,0.91171306,0.7767885929300165,1.9108492172444573,0.1320754716981132,0.16981132075471697,0.4716981132075472,0.22641509433962265,0.8679245283018868,1.0,0.33962264150943394,0.9622641509433962,53,1.4843258747645844,2.604581,2.45420881177947,-1.368083,-0.9698830468773786,53,1.4843258747645844,-6.11464,-4.594822624526177,7.351139,6.079148563350808,QQQ,stress,>=10000
172884,7188653.823868655,0.31031987,0.36517983710340896,0.17062606,2.2929845,2.696475651206128,0.2551111,0.2621056405326192,1.3932544006353123,0.13048633765993384,0.5530182087411212,0.07214085745355267,0.24478841303995744,0.8695136623400662,0.9999768630989565,0.6756189264229523,1.0,172880,0.36518783688381384,0.26590928,0.47831737981888495,0.044417776,-0.11312954211260955,172880,0.36518783688381384,0.20765045,0.6413537648300048,0.10267662,-0.27616593480344354,SPY,last12m,<1 (fractional)
1590444,33011449816.43283,0.17433487,0.16808702387200788,0.1447838,1.247535,1.211137084111392,0.19303662,0.1903792875842619,0.8829060451106717,0.23482939355299526,0.09840145267610806,0.6317481156205437,0.06624753842323276,0.7651706064470047,0.9999075729796207,0.5017396121604958,0.319436585003936,1590297,0.1680997503144427,0.06122441,0.0466074343571543,0.113126576,0.12149231579373394,1590297,0.1680997503144427,0.0021755039,-0.055037738968638825,0.17217547,0.2231374890444179,SPY,last12m,1-99
230981,16157128659.800001,0.16899094,0.16931975617470324,0.1460547,1.1843905,1.190346653859516,0.18091369,0.18225888838492407,0.9290068521492688,0.21568440694256238,0.044328321377082966,0.7212021768024209,0.06821773219442291,0.7843155930574376,0.9999393889540699,0.4987812111686951,0.21290062819019745,230967,0.16933031169809828,0.05026683,0.05038943009853894,0.11873437,0.11894088144981299,230967,0.16933031169809828,0.044879712,0.05337831461704259,0.124121495,0.11595199644094353,SPY,last12m,100
195156,26540924749.066772,0.17583074,0.17933688362068778,0.14460166,1.261126,1.2903632387877408,0.18654191,0.18885691114332856,0.9495913204075662,0.22877082949025396,0.07600073787124147,0.6713244788784357,0.07011314025702516,0.771229170509746,0.9999692553649389,0.5088905969766846,0.30863001906167375,195150,0.17934143236144406,0.07858177,0.07169711993625297,0.09725436,0.1076443131659854,195150,0.17934143236144406,-0.08058035,-0.06584153806678743,0.2564165,0.24518297288606278,SPY,last12m,101-499
21394,9077862619.784523,0.2149232,0.21147941067690812,0.1460899,1.5405802,1.5214163741438949,0.19856705,0.2004672309043697,1.0549325678958057,0.15466953351406937,0.12377302047302982,0.6608862297840516,0.09596148452837244,0.8453304664859307,1.0,0.5066841170421613,0.351453678601477,21394,0.21147941067688675,0.055741753,0.05786498178820866,0.15918142,0.15361442994196706,21394,0.21147941067688675,-0.5269053,-0.4457282561543658,0.74182844,0.6572076627509539,SPY,last12m,500-999
6080,6969971667.590384,0.2051818,0.2067436567632149,0.14562294,1.4747665,1.4946076809313913,0.20557946,0.20700831570376932,0.998721505753744,0.15657894736842104,0.24226973684210526,0.5555921052631579,0.06447368421052632,0.843421052631579,1.0,0.5060855263157895,0.6294407894736842,6080,0.20674365676320175,0.2770031,0.4140666236337485,-0.07182131,-0.2073229703536363,6080,0.20674365676320175,0.3501838,0.7427361553233056,-0.14500202,-0.5359924979268393,SPY,last12m,1000-4999
184,846124907.9726999,0.23498544,0.24833221304948783,0.1458284,1.7230436,1.823533447053969,0.21899694,0.22253859595463976,1.1159062632897423,0.08152173913043478,0.20108695652173914,0.6684782608695652,0.04891304347826087,0.9184782608695652,1.0,0.4673913043478261,0.7608695652173914,184,0.24833221304945746,0.41611123,0.15308769806154357,-0.1811259,0.09524452888450216,184,0.24833221304945746,1.7683041,1.5631206886299935,-1.5333189,-1.314788491666437,SPY,last12m,5000-9999
57,684186959.6,0.5514432,0.7441916330766468,0.25833452,3.999649,5.306106201988751,0.2031421,0.19653436973424834,3.786572466093003,0.07017543859649122,0.017543859649122806,0.6491228070175439,0.2631578947368421,0.9298245614035088,1.0,0.43859649122807015,0.8771929824561403,57,0.7441916330766468,1.0862461,1.0111140185170222,-0.5348028,-0.26692241349887624,57,0.7441916330766468,3.0388606,2.5499599244982423,-2.4874175,-1.8057682541172446,SPY,last12m,>=10000
172884,7188653.823868655,0.31031987,0.36517983710340896,0.17062606,2.2929845,2.696475651206128,0.2551111,0.2621056405326192,1.3932544006353123,0.13048633765993384,0.5530182087411212,0.07214085745355267,0.24478841303995744,0.8695136623400662,0.9999768630989565,0.6756189264229523,1.0,172880,0.36518783688381384,0.26590928,0.47831737981888495,0.044417776,-0.11312954211260955,172880,0.36518783688381384,0.20765045,0.6413537648300048,0.10267662,-0.27616593480344354,SPY,normal18m,<1 (fractional)
1788748,35794215318.81614,0.18017773,0.17119742278429234,0.14513893,1.2552058,1.2114203918463295,0.20281808,0.1952359908247575,0.8768742999745266,0.22918208713580673,0.10794142047957565,0.6276898702332582,0.0655385778209116,0.7708179128641933,0.9999111110117244,0.5031804400004697,0.32527891016509874,1788589,0.1712103588980271,0.055298336,0.04273469566538758,0.124895416,0.1284756631479251,1788589,0.1712103588980271,0.003107971,-0.050345385003973224,0.17708579,0.22155574374270517,SPY,normal18m,1-99
313911,21120396770.739998,0.1837677,0.18083996530238305,0.14809,1.2167147,1.2100599700222914,0.19756186,0.19496808698345217,0.927536234777396,0.20611574618283526,0.04898522192595991,0.7284262099767131,0.06655071023315526,0.7938842538171648,0.9999394732902,0.5035266907089062,0.19804020884900497,313892,0.18085113251298873,-0.04455601,-0.029035516050417837,0.22833483,0.20988664870440452,313892,0.18085113251298873,-0.03770277,-0.02039561746796349,0.22148164,0.20124674950099639,SPY,normal18m,100
218839,29639485689.796875,0.18128169,0.18410985179061473,0.14496851,1.2656361,1.2910488360204628,0.19444175,0.19593890339227327,0.9396288771812887,0.22444354068516123,0.08228423635640814,0.6686193959943154,0.06992355110377949,0.7755564593148387,0.9999725825835432,0.5110929338810875,0.3069562555120431,218833,0.18411403339392735,0.036218304,0.02633191024337636,0.14506836,0.15778212384988488,218833,0.18411403339392735,-0.069720924,-0.05001993288601049,0.2510076,0.23413396863971128,SPY,normal18m,101-499
26081,10625993501.530622,0.23366384,0.22479849685755762,0.14770721,1.5857464,1.5487568688541986,0.2198796,0.21549901929113044,1.043153224534465,0.14926574901269124,0.1317817568344772,0.6594839154940378,0.09443656301522181,0.8507342509873088,1.0,0.5168896898125072,0.3393274797745485,26081,0.22479849685753606,-0.1418689,-0.0942089709173738,0.37553275,0.31900746916742917,26081,0.22479849685753606,-0.45302027,-0.3896374073787824,0.686684,0.6144359033593351,SPY,normal18m,500-999
7176,7960682583.860083,0.21657577,0.2157019371320577,0.14628437,1.49165,1.5053825715510998,0.22369933,0.22099135321257757,0.9760650541135344,0.1507803790412486,0.25794314381270905,0.5473801560758083,0.06159420289855073,0.8492196209587514,1.0,0.5098940914158305,0.6270903010033445,7176,0.2157019371320378,0.09156798,0.22457149715478847,0.1250078,-0.008869562576805939,7176,0.2157019371320378,0.36641684,0.6797032353826519,-0.14984109,-0.4640012970523214,SPY,normal18m,1000-4999
225,1008262291.3977001,0.25944114,0.27045981619596515,0.14801548,1.7794666,1.8717795283100571,0.25127333,0.25196807414279027,1.0733892264569027,0.09333333333333334,0.19555555555555557,0.6533333333333333,0.06222222222222222,0.9066666666666666,1.0,0.48,0.7733333333333333,225,0.2704598161959396,-0.024302503,-0.016333919971824404,0.2837438,0.2867937475792741,225,0.2704598161959396,1.4654136,1.334639769752038,-1.2059722,-1.064179969121592,SPY,normal18m,5000-9999
64,740141981.85,0.5236863,0.7125341995160797,0.25830948,3.7496874,5.048245369171106,0.20862994,0.2011908965668327,3.5415827041626913,0.0625,0.015625,0.671875,0.25,0.9375,1.0,0.5,0.890625,64,0.7125341995160797,1.1515999,1.1053464639804818,-0.62791365,-0.3928122591120954,64,0.7125341995160797,2.2646937,2.1011437964821575,-1.7410077,-1.3886095557814384,SPY,normal18m,>=10000
97884,4097992.013698091,0.23952748,0.25527751350668615,0.1439056,1.843458,1.9624073430397988,0.23930135,0.24652122347637748,1.0355194165712378,0.1505557598790405,0.5981467859915819,0.07214662253279391,0.1797638020514078,0.8494442401209595,0.9999591353030117,0.6843379648549244,1.0,97880,0.2552873234720636,0.1932776,0.32562557889485094,0.04625968,-0.07033825460804978,97880,0.2552873234720636,0.15382075,0.3446009679638345,0.08571651,-0.08931364856316086,SPY,since_2026-07-15,<1 (fractional)
432956,9930085459.078426,0.17051055,0.16890648399778735,0.12980522,1.3129817,1.3007616663251913,0.21312886,0.204992388518494,0.8239646614125331,0.30518574635759754,0.09805384380860872,0.5646070270420089,0.04562588346159887,0.6948142536424025,0.9998614177884126,0.49096318746303963,0.3499732074390931,432896,0.16892268921508358,0.03941863,0.0671709744547104,0.13111554,0.10175171481194936,432896,0.16892268921508358,0.03730419,0.06237940224706532,0.13322999,0.10654328542184983,SPY,since_2026-07-15,1-99
38576,2970242259.8,0.15506138,0.15502859083098355,0.1294775,1.1936624,1.19342847443874,0.21379837,0.21374359141666496,0.7253017028649796,0.3725114060555786,0.07647241808378266,0.5138946495230194,0.052545624222314395,0.6274885939444214,0.9998444628784736,0.5032667876588022,0.34990667772708417,38570,0.15505266995603476,-0.00083682884,-0.000987510719842735,0.15592234,0.1560401801215331,38570,0.15505266995603476,0.24278696,0.24205833179324393,-0.087701455,-0.08700566115034329,SPY,since_2026-07-15,100
52923,7815479085.234888,0.17903638,0.18419914735941462,0.12981197,1.3791325,1.4186471401459355,0.20080146,0.2026128873374621,0.909118614220336,0.27007161347618236,0.08485913496967291,0.609413676473367,0.05842450352398768,0.7299283865238176,0.9999811046236986,0.5160046861418691,0.3625644804716286,52922,0.18420278904801046,0.027501658,-0.007202467045641201,0.1515381,0.1914052588376854,52922,0.18420278904801046,0.16438037,0.18392176014284647,0.014659403,0.0002810335758481217,SPY,since_2026-07-15,101-499
5609,2605043582.332056,0.22822946,0.22309983670693695,0.13026516,1.7571279,1.7175135006663318,0.2119495,0.2137609249108612,1.043688582466464,0.17685862007487965,0.10536637546799786,0.6503833125334284,0.09805669459796755,0.8231413799251204,1.0,0.5113210911035835,0.3883045106079515,5609,0.22309983670690214,-0.012923805,0.0012956844157148263,0.24115323,0.22180415132097772,5609,0.22309983670690214,-0.05901413,-0.047906621817028434,0.2872436,0.2710064620771955,SPY,since_2026-07-15,500-999
1645,2105807213.6641326,0.21998101,0.2238857252814555,0.13026854,1.6946869,1.7250370934597137,0.21952723,0.22028942356216555,1.0163253489937754,0.17993920972644378,0.2066869300911854,0.5817629179331307,0.05835866261398176,0.8200607902735563,1.0,0.49422492401215806,0.6547112462006079,1645,0.22388572528144235,0.034384973,0.25910204073248555,0.18559602,-0.0352163169625544,1645,0.22388572528144235,0.2722745,0.3868943492998946,-0.052293513,-0.16300860936400963,SPY,since_2026-07-15,1000-4999
69,346071749.40950006,0.21292703,0.2121460220075511,0.13071981,1.6382608,1.6322552056252746,0.22970611,0.2305286893697343,0.9202586566884953,0.08695652173913043,0.13043478260869565,0.7391304347826086,0.043478260869565216,0.9130434782608695,1.0,0.4782608695652174,0.7681159420289855,69,0.21214602200747681,-1.3652864,-1.120718103097363,1.5782131,1.33286411631878,69,0.21214602200747681,0.030989861,0.3670538094161123,0.18193714,-0.15490781928731884,SPY,since_2026-07-15,5000-9999
28,299650121.42,0.27795845,0.32435825833521525,0.19455174,2.1421428,2.4995574821529014,0.2131629,0.22221764905480354,1.4596422008551702,0.07142857142857142,0.03571428571428571,0.7142857142857143,0.17857142857142858,0.9285714285714286,1.0,0.5357142857142857,0.8571428571428571,28,0.32435825833521525,0.25806856,-0.01674416626247926,0.019889882,0.34110239482675475,28,0.32435825833521525,0.93783987,0.7632916331649806,-0.65988123,-0.43893331725123624,SPY,since_2026-07-15,>=10000
37431,1983016.9426012433,0.4336902,0.3880165508560346,0.20340435,3.2237887,2.883347583473021,0.2929065,0.3005234572816043,1.2911356549863102,0.12096925008682642,0.5003873794448452,0.06198071117522909,0.31679623841201143,0.8790307499131735,1.0,0.708610510005076,1.0,37431,0.3880165508559668,0.74171233,0.32041175342527994,-0.3080221,0.06760480329195576,37431,0.3880165508559668,1.9590145,0.3439994979020119,-1.5253245,0.04401705963594129,SPY,stress,<1 (fractional)
1553544,25960421655.327293,0.4275059,0.353841493378586,0.18523492,2.4433613,2.1139856379344,0.4441566,0.365985332476453,0.9668187820104832,0.18298741458239998,0.2081988022225312,0.5302997533381739,0.09776420880258299,0.8170125854176,0.9999742524189852,0.5206005262941067,0.2774488524303142,1553504,0.35385022872662736,-0.16151707,-0.15508670744263994,0.5890339,0.5089369328868568,1553504,0.35385022872662736,-0.00015343339,0.07646962987103019,0.42767042,0.2773806009943748,SPY,stress,1-99
457909,25278090474.95,0.6191001,0.5909069566478179,0.4008498,3.2631083,3.1469825460662357,0.60081923,0.5733618921631737,1.030600332398183,0.11250925402208736,0.1608026922379774,0.6197650624905822,0.12934010906097063,0.8874907459779127,0.9999890807998969,0.5027538523358608,0.13089937083569006,457904,0.5909138200294951,-2.1408174,-1.9631157392139755,2.7599244,2.5540295652311316,457904,0.5909138200294951,-1.2820277,-1.2249752102643914,1.9011346,1.8158890404374737,SPY,stress,100
184805,23316379546.855167,0.42820033,0.4269928345845337,0.19929251,2.3877897,2.3962700010313873,0.45073447,0.4386433206043573,0.9734397277410455,0.17462189875815048,0.1605097264684397,0.5810232407131841,0.11194502313249101,0.8253781012418495,0.9999729444549661,0.5002867965367965,0.26986282838667786,184800,0.4270065257830361,-0.029178694,-0.05970081016497027,0.45739058,0.48670732367330166,184800,0.4270065257830361,-0.56086785,-0.5165100497335013,0.98907983,0.9435165851230956,SPY,stress,101-499
31526,10437567279.7631,0.55970556,0.5110056903473134,0.3748688,3.020382,2.801983849936472,0.53454727,0.4994544988904582,1.0231276151932083,0.13144705956987884,0.18156442301592338,0.5948423523440969,0.11159043329315485,0.8685529404301212,1.0,0.507232125864366,0.30098965932880795,31526,0.5110056903472686,0.50839055,0.4838480509580643,0.05131513,0.02715763612907058,31526,0.5110056903472686,1.1325576,1.3461353895945036,-0.57285184,-0.8351297044441435,SPY,stress,500-999
7971,7335840470.8188,0.53365326,0.5062415233014274,0.3063397,2.8841527,2.788400384421734,0.54900956,0.5154634268286143,0.9821094901263419,0.15117300213273116,0.290804165098482,0.4848826997867269,0.08744197716723122,0.8488269978672689,1.0,0.5033245514991845,0.5780955965374482,7971,0.5062415233013726,1.4685311,2.1973576655910065,-0.9348779,-1.691116150204307,7971,0.5062415233013726,2.5401256,2.9830373270522434,-2.006472,-2.4767957638316753,SPY,stress,1000-4999
268,990060151.1362,0.5215008,0.48492628343067606,0.3683411,2.7944775,2.6316001006967946,0.54977256,0.5230185647981741,0.9271683952897593,0.15298507462686567,0.26492537313432835,0.4962686567164179,0.09701492537313433,0.8470149253731343,1.0,0.44029850746268656,0.7574626865671642,268,0.48492628343067606,-4.42304,-4.474037096925615,4.94454,4.958963388296461,268,0.48492628343067606,4.210106,3.2985482968288684,-3.688604,-2.813621801858844,SPY,stress,5000-9999
73,950026132.747,1.7740501,2.0192302607688815,0.5826091,9.4684925,11.099299661634188,0.6581747,0.6015782518818945,3.3565546202047694,0.1917808219178082,0.1095890410958904,0.4383561643835616,0.273972602739726,0.8082191780821918,1.0,0.273972602739726,0.9041095890410958,73,2.0192302607688815,-13.569459,-10.777656178752435,15.343508,12.796886573405553,73,2.0192302607688815,-21.182772,-18.461369800510223,22.956821,20.48060095920097,SPY,stress,>=10000
