ticker,group,session,bucket_start_et,bucket_end_et,n_days,n_subwindows,sampled_seconds,n_quote_msgs,share_time_twosided,share_twosided_time_locked,share_twosided_time_crossed,msgs_per_sec,px_changes_per_sec,bid_px_changes_per_sec,ask_px_changes_per_sec,n_subpenny_quotes,n_luld_quotes,tw_mean_bsz,median_of_window_tw_median_bsz,tw_mean_asz,median_of_window_tw_median_asz,tw_mean_bdol,median_of_window_tw_median_bdol,tw_mean_adol,median_of_window_tw_median_adol,tw_mid,tw_mean_spread_cents,tw_median_spread_cents,tw_p90_spread_cents,tw_mean_spread_bps,tw_median_spread_bps,tw_p90_spread_bps,tw_mean_spread_ticks,share_time_one_tick,share_time_two_ticks,share_time_ge5_ticks,share_time_halfpenny_spread,n_price_states,state_dur_p10_ms,state_dur_median_ms,state_dur_p90_ms,state_dur_timeweighted_median_ms,share_states_lt_1ms
SOXL,last12m,rth,09:30,10:00,3,6,1800.0,387723,1.0,0.0016284860644444443,1.5148455555555556e-06,215.40166666666667,34.28888888888889,17.22277777777778,17.24888888888889,0,0,582.7133039402472,350.0,663.8061291359998,400.0,36254.627080748236,19647.0,52898.53848959148,22428.0,83.80926216012621,3.3497526168431766,2.0,8.0,3.4457566581741275,3.557323337842525,5.344437399111684,3.3497526168431766,0.41838158771870726,0.22770364890882155,0.28957430506020554,0.0,61714,0.023121960325886586,0.6824228919550404,87.7536085360761,166.1940300233343,0.5273357747026607
SOXL,last12m,rth,10:00,10:30,3,6,1800.0,349625,1.0,0.003165769372777778,4.428838888888889e-07,194.23611111111111,33.59166666666667,16.750555555555554,17.06388888888889,0,0,578.4820564108252,400.0,701.9509289781314,400.0,37224.092216512625,22520.0,42363.62914939831,22608.0,84.23482995648315,3.68241244846956,2.0,10.0,3.570137739007783,3.3169333989858156,6.582334802800326,3.68241244846956,0.4685654617692146,0.1878858293808402,0.31831244521772034,0.0,60459,0.022661172849857567,0.6846945430678806,87.28200489682942,177.3972477907907,0.527497973833507
SOXL,last12m,rth,10:30,11:00,3,6,1800.0,211451,1.0,0.001566039779444444,4.2774302222222225e-05,117.47277777777778,19.113888888888887,9.693888888888889,9.491666666666667,0,0,691.6846933266975,350.0,653.3885558204593,400.0,39994.93496074885,20175.0,39492.042789767984,23024.0,84.23949458759719,2.83487494348718,2.0,7.0,2.950457853590275,2.236148094260489,4.661297763082988,2.83487494348718,0.4982017817614531,0.17009965342827826,0.2642797866244435,0.0,34399,0.03932578670434945,2.7124750913799227,140.36259255491686,289.40419042532506,0.42989621791331145
SOXL,last12m,rth,11:00,11:30,3,6,1800.0,215208,1.0,0.002626181966666667,2.7535905555555553e-06,119.56,18.880555555555556,9.473888888888888,9.585,0,0,888.689864752569,450.0,745.5766580108799,400.0,63514.48684608671,25576.0,43614.4202909553,22750.0,84.44438958836551,2.3230974219036677,2.0,5.0,2.6238529800447385,2.252726581013075,3.5211375148063437,2.3230974219036677,0.4966874747053016,0.19433652323210335,0.15040979279743963,0.0,33979,0.029081014340361738,1.366371392265348,136.62290658105633,332.89505276020685,0.472056270049148
SOXL,last12m,rth,11:30,12:00,3,6,1800.0,183587,1.0,0.0036808650966666666,5.574666666666667e-08,101.99277777777777,19.602777777777778,9.616111111111111,10.211666666666666,0,0,706.0895869612393,400.0,717.0101994867287,400.0,40857.487870494,22806.0,41092.56004534183,22804.0,83.8784264220578,2.3340559387901565,1.0,5.0,2.532835001311799,2.2309128578500332,3.5129677503162036,2.3340559387901565,0.5845729514592521,0.0982087688297393,0.19005487788527428,0.0,35279,0.024602536087722233,1.09276214266437,117.52717917900175,372.4927787147197,0.49148218486918566
SOXL,last12m,rth,12:00,12:30,3,6,1800.0,193659,1.0,0.0013476265816666666,5.5151e-07,107.58833333333334,20.695555555555554,10.399444444444445,10.555,0,0,713.7473933177108,400.0,748.5536181886464,400.0,43047.379879150365,22828.0,46539.60487165643,22798.0,84.90164381055077,2.38110969157003,1.0,6.0,2.561204653920148,2.244618928455717,3.9225962674931254,2.38110969157003,0.5717913240538725,0.11121603889151982,0.19886845863572292,0.0,37246,0.028051943981652238,1.3445933879353549,108.45822285014142,364.73663263180754,0.4720238414863341
SOXL,last12m,rth,12:30,13:00,3,6,1800.0,125236,1.0,0.0012882532527777777,0.0,69.57555555555555,13.418888888888889,7.1322222222222225,6.453333333333333,0,0,741.3128751506277,450.0,672.7882084497437,400.0,42223.55104425163,25787.5,41144.032522925794,22924.0,85.06967504129196,2.168038952030988,1.0,5.0,2.360691115907478,2.228489889147633,3.4866387229652807,2.168038952030988,0.6231658246628652,0.07449489088883597,0.14615653821132057,0.0,24148,0.025221016713049285,0.8158609779237027,154.95348287509165,657.9167716960349,0.5144939539506377
SOXL,last12m,rth,13:00,13:30,3,6,1800.0,142574,1.0,0.0010524922194444443,0.0,79.20777777777778,16.898333333333333,8.746666666666666,8.446666666666667,0,0,917.1165385669432,500.0,1249.9876783410218,450.0,55160.567799678705,28462.5,67086.85804236996,25677.5,85.17418913878822,1.7669437193835142,1.0,4.0,2.0589914074349336,1.9597217511836993,2.6133718198152134,1.7669437193835142,0.6672646430617994,0.08732520356119847,0.044637201923833754,0.0,30411,0.01437537053089652,0.18811496142914194,100.1945630951346,783.9902876401923,0.66032027884647
SOXL,last12m,rth,13:30,14:00,3,6,1800.0,139929,1.0,0.001247528781111111,5.9849e-07,77.73833333333333,16.837222222222223,8.95888888888889,8.084444444444445,0,0,1002.9122063039405,450.0,1674.2399762232085,450.0,58343.73765291922,25955.5,86847.16046058298,25875.0,85.18289850676376,1.9733854831273507,1.0,4.0,2.1923523602320873,2.2017159291009074,3.274284400023133,1.9733854831273507,0.6529224485639734,0.06044222457826714,0.09772993385843039,0.0,30301,0.014016739089692549,0.1783341712619993,94.98636985421004,784.61443579075,0.6601762318075312
SOXL,last12m,rth,14:00,14:30,3,6,1800.0,118803,1.0,0.00021403768888888887,1.1121111111111112e-08,66.00166666666667,13.139444444444445,6.712777777777778,6.570555555555556,0,0,854.8280914889042,500.0,1047.0573817141687,450.0,48285.66617443077,28725.0,59390.604005974754,29658.0,85.27218875705738,1.5660341581724209,1.0,3.0,1.9101683228882222,1.9646961874009825,2.1911154957250596,1.5660341581724209,0.6865727843546916,0.12472165691891136,0.006985836146580704,0.0,23645,0.011959318220986453,0.11150019862352253,123.40323096272624,1067.1759309885372,0.7009515753859167
SOXL,last12m,rth,14:30,15:00,3,6,1800.0,97857,1.0,0.0016307329333333333,0.0,54.365,10.453888888888889,5.406666666666666,5.187777777777778,0,0,980.3712584035832,500.0,1163.3442324129883,450.0,55575.10145437851,28752.5,61774.4034827584,25898.5,85.29444414444342,1.7598589427537457,1.0,4.0,2.028748250077595,1.9701806338257561,2.6243479083553742,1.7598589427537457,0.6787899041598616,0.06753424455728277,0.038739021446411025,0.0,18811,0.01772530635334684,0.27513813001057047,160.80621022927983,1249.4589490555693,0.6123544734463877
SOXL,last12m,rth,15:00,15:30,3,6,1800.0,137435,1.0,0.0029444843399999998,4.435222222222222e-08,76.35277777777777,15.856666666666667,8.221111111111112,7.850555555555555,0,0,1156.326857664703,500.0,1522.9588261590318,450.0,62166.66425014443,28447.5,82780.524767629,30423.0,85.19027976374134,1.5880999886671936,1.0,3.0,1.9331849496177946,1.9704435414558992,2.17297655646609,1.5880999886671936,0.676459517590338,0.1305706034816457,0.00926495471276165,0.0,28536,0.013046290750831793,0.12579966574714313,99.62035444394314,866.1796833520365,0.6858003924866835
SOXL,last12m,rth,15:30,16:00,3,6,1800.0,171662,1.0,0.0013184914649999999,7.073107777777779e-05,95.36777777777777,11.456111111111111,5.8,5.721111111111111,0,0,1416.7198181268086,1350.0,1779.5002163695142,1200.0,80710.14841849808,77134.5,100300.51218112773,68558.5,84.99048909349278,1.4120521126503598,1.0,3.0,1.7944683534106718,1.7516062384430628,2.152732302479319,1.4120521126503598,0.7508630051193604,0.13303007618181065,0.008031743084662117,0.0,20615,0.026647765195511156,0.5727919350017094,140.22498325668528,1245.3073467938502,0.5532864419112297
SOXL,last12m,open5,09:30,09:35,3,3,900.0,189707,1.0,0.0009251326911111112,4.231122222222222e-07,210.78555555555556,46.87777777777778,23.612222222222222,23.517777777777777,0,0,569.2041206975262,300.0,424.89240428480025,300.0,34486.05786250937,16863.0,28353.88750310527,16839.0,83.28554337270552,5.436022442435311,2.0,15.0,5.358816098793557,4.531690858290481,10.052714650674313,5.436022442435311,0.2644700722802072,0.24478956124233675,0.34631206634499195,0.0,42187,0.023115478543064984,0.4698990946739258,62.81579790595661,137.1848735373222,0.5799890961670657
SOXL,last12m,close5,15:55,16:00,3,3,900.0,125110,1.0,0.001967724955555556,7.657042222222222e-06,139.01111111111112,12.897777777777778,6.221111111111111,6.768888888888889,0,0,1812.4334563780105,1500.0,2140.118199286654,1300.0,101666.26836757635,85785.0,119226.32560983114,74230.0,85.16076292455368,1.2098393095890325,1.0,2.0,1.6584587112191391,1.7509631010230013,2.147965016614038,1.2098393095890325,0.8699769054163307,0.08935283261588887,0.010209476006220531,0.0,11605,0.02759435915093169,0.7800593729644633,118.53807439643602,1089.071402474136,0.5191727703576045
SOXL,last12m,pre,04:00,07:00,3,3,900.0,3370,1.0,1.5185855555555559e-05,0.0,3.7444444444444445,1.8044444444444445,0.9444444444444444,0.86,0,0,210.9993644849825,100.0,342.1827497784784,100.0,16803.831600535712,9016.0,34148.97676931254,9024.0,85.42146887713432,3.399919350313043,2.0,8.0,3.74548913299589,3.4524643063914255,5.8748340907968775,3.399919350313043,0.3069309796061886,0.207769714811989,0.27635317698387246,0.0,1621,0.06314956602752257,68.03910946623856,1464.474514172573,2493.4181750758607,0.2813078346699568
SOXL,last12m,pre,07:00,08:00,3,3,900.0,4416,1.0,0.00282846059,0.0,4.906666666666666,2.628888888888889,1.278888888888889,1.3544444444444443,0,0,232.21542490072179,100.0,306.9532141423979,100.0,18742.12429036729,9012.0,22502.55514609641,13527.000000000002,84.9967842312254,4.96766265277557,2.0,13.0,4.963603580974727,4.439408948736968,8.56576002176318,4.96766265277557,0.1974992336244174,0.3291873984521353,0.32433203476841704,0.0,2363,0.03728047880346348,21.532705048763308,985.2113621034914,2574.473636058243,0.3406686415573424
SOXL,last12m,pre,08:00,09:00,3,3,900.0,4861,1.0,0.009912244143333334,0.0,5.401111111111111,2.223333333333333,1.2877777777777777,0.9355555555555556,0,0,432.2818111633063,200.0,332.73016959409154,100.0,41577.95740421129,13560.0,24815.70524004396,9042.0,85.25691836047169,3.558906779668999,2.0,9.0,3.5938960291154585,3.441316141513038,5.94704769277136,3.558906779668999,0.40365979269380614,0.21135039979029024,0.30003019200575437,0.0,1998,0.047082242825009,30.599496872071995,1142.8783347897709,2413.250515863111,0.33933933933933935
SOXL,last12m,pre,09:00,09:30,3,3,900.0,9644,1.0,0.0004715942177777778,3.4806333333333336e-06,10.715555555555556,4.427777777777778,2.5077777777777777,1.93,0,0,428.5434103041782,200.0,470.0348898497568,200.0,29922.126926547277,13155.0,38150.37481370844,13158.0,84.27483036790059,3.844288499937847,3.0,9.0,4.513987360143679,3.949818631893267,6.8023951897403165,3.844288499937847,0.18525096780483702,0.30828172904319207,0.31142255357438303,0.0,3982,0.025465132834800557,8.836825849821105,655.03383910768,1119.4429678674323,0.4055750878955299
SOXL,last12m,post,16:00,17:00,3,3,900.0,999,1.0,2.5785444444444448e-06,0.0,1.11,0.5088888888888888,0.23333333333333334,0.27666666666666667,0,0,1017.7351756917162,400.0,515.1856968126607,300.0,63969.1172209784,22772.0,35455.83319769191,22784.0,84.8332111996347,3.6351637811102613,3.0,7.0,4.592826931314066,4.311189711311731,7.2748917033157126,3.6351637811102613,0.11982156306300352,0.250466124353589,0.32197059155548013,0.0,455,0.04398791055950435,143.99033208816348,4657.810528025879,6797.134388200755,0.3142857142857143
SOXL,last12m,post,17:00,18:00,3,3,900.0,363,1.0,0.08417097513555553,5.402466666666666e-07,0.4033333333333333,0.18888888888888888,0.09444444444444444,0.09666666666666666,0,0,1122.7927429254164,200.0,604.3921117779686,700.0,64663.964546346884,30344.0,39953.1347179847,32333.0,88.53979556811552,3.9816384850933746,2.0,10.0,3.7266879602448393,3.295573941807209,6.583903244022956,3.9816384850933746,0.42214013191711475,0.18858614681531727,0.29957310743986354,0.0,167,0.05176068319505678,177.8279410038925,12882.495516931334,26233.568769127127,0.31736526946107785
SOXL,last12m,post,18:00,20:00,3,3,900.0,314,1.0,1.6149011111111111e-06,0.0,0.3488888888888889,0.17666666666666667,0.1,0.07888888888888888,0,0,918.7011273613604,300.0,779.2515143635808,400.0,49355.437125277895,17025.0,55111.85790974703,23120.0,84.91052531682797,4.223226748123568,3.0,9.0,5.310620749258606,5.289864741260721,8.652390222798862,4.223226748123568,0.16329838861741588,0.086859694468706,0.27449822566304516,0.0,156,0.11481536214968835,926.1187281287928,14343.88077211966,19731.850093491856,0.21153846153846154
SOXL,last12m,pre,04:00,09:30,3,12,3600.0,22291,1.0,0.0033068712016666667,8.701583333333334e-07,6.191944444444444,2.7711111111111113,1.5047222222222223,1.27,0,0,325.80054429090603,150.0,363.0775209147048,100.0,26730.022893881767,12386.5,29921.307492529566,11100.0,84.98690729380994,3.7542675878822944,2.0,9.0,4.009265579845399,3.4573295762870955,6.661227657129781,3.7542675878822944,0.2935595361889468,0.23963414676363426,0.2925696426387237,0.0,9964,0.04070501202000637,20.32257445822871,935.539108071915,1934.7830162827129,0.3566840626254516
SOXL,last12m,post,16:00,20:00,3,9,2700.0,1676,1.0,0.02805838952703703,1.800822222222222e-07,0.6207407407407407,0.2914814814814815,0.1425925925925926,0.15074074074074073,0,0,1016.7683218893709,300.0,633.7673164230785,400.0,59175.51715209353,22772.0,43609.530893982104,23120.0,86.02392407905741,4.015813940612692,3.0,9.0,4.735189097519029,4.331005427335013,8.567607523877369,4.015813940612692,0.2171396180537375,0.15319291502657958,0.29263503758035847,0.0,778,0.049997394011895735,247.09112279856066,7230.472299944961,16245.78119700498,0.2943444730077121
SOXL,last12m,rth,09:30,16:00,3,78,23400.0,2474749,1.0,0.0018239222724786327,9.190609230769232e-06,105.75850427350427,18.787222222222223,9.548846153846155,9.420811965811966,0,0,863.95881180525,450.0,1026.2542130945685,400.0,51028.95197906127,28405.0,58875.90997026389,23040.0,84.7450659772334,2.2412753323068273,1.0,5.0,2.4584806275906694,2.2017159291009074,3.56223382986469,2.2412753323068273,0.5980527890585311,0.1282611096726626,0.13558056596295903,0.0,439543,0.0221804279324566,0.5378187922587023,110.81489227275657,475.46622529206843,0.5500303724550272
SOXL,last5,rth,09:30,10:00,1,2,600.0,36358,1.0,1.7684183333333332e-05,2.5071166666666666e-07,60.596666666666664,27.671666666666667,13.705,13.971666666666666,0,0,248.88910391511206,100.0,613.2060915465319,100.0,37669.871748158046,15213.5,92883.77644042337,15204.5,151.4373838442401,7.2137184941537535,7.0,10.0,4.764823234092577,4.624871929796598,6.608831480034098,7.2137184941537535,0.003839559615431888,0.013906658844466166,0.8673224513754301,0.0,16601,0.04025078426605285,1.3910986641813163,100.62649107590404,200.46922546837015,0.4703933497982049
SOXL,last5,rth,10:00,10:30,1,2,600.0,46828,1.0,1.7812883333333334e-06,0.0,78.04666666666667,38.776666666666664,18.106666666666666,20.686666666666667,0,0,267.0999204286387,100.0,214.82172653193524,100.0,40413.12938417443,15180.5,32520.999398317097,15153.5,151.26714187945402,8.396425950167252,8.0,12.0,5.550573228287972,5.309312972064042,7.9012759654816715,8.396425950167252,0.0011742055165985883,0.00601783615450133,0.9519141348635427,0.0,23264,0.032230166440120805,1.0911810756172307,71.48482140327057,141.43534170597843,0.4917898899587345
SOXL,last5,rth,10:30,11:00,1,2,600.0,37908,1.0,5.759336666666666e-05,0.00012832290666666668,63.18,28.941666666666666,14.966666666666667,13.993333333333334,0,0,208.3995167471848,100.0,237.53754218612002,100.0,31279.155538416202,15029.5,35668.93007969301,15035.5,150.0836757465266,5.97921707920015,6.0,8.0,3.9847015918640567,3.9953299261216064,5.340668054343427,5.97921707920015,0.004219360604466102,0.012203309675523872,0.791711020709194,0.0,17363,0.03742119457015206,1.5767682165642862,96.03215322029772,182.4279094988541,0.4586764959972355
SOXL,last5,rth,11:00,11:30,1,2,600.0,37555,1.0,2.9821769999999998e-05,8.260771666666666e-06,62.59166666666667,28.231666666666666,13.573333333333334,14.673333333333334,0,0,606.0979135517135,100.0,215.03798914484818,100.0,91902.32423248509,15182.5,32599.717178224775,15184.0,151.57292742725608,4.418735119190957,4.0,6.0,2.9159914647918583,2.640541591238744,3.9655780202311552,4.418735119190957,0.019077276791188293,0.07156656736678378,0.4500602648737897,0.0,16937,0.025828456020736416,1.0849046391002204,95.54718967056617,197.53560327232546,0.49306252583102084
SOXL,last5,rth,11:30,12:00,1,2,600.0,43132,1.0,1.4701035000000001e-05,0.0,71.88666666666667,32.321666666666665,14.98,17.35,0,0,212.143194751031,100.0,198.96138068638777,100.0,31668.59871861453,14976.0,29713.204708649482,14979.0,149.36538551644315,4.736712777823666,5.0,7.0,3.1706764919723587,3.347391122141729,4.6795011523847645,4.736712777823666,0.009043518439081105,0.04281720918895761,0.568074254051158,0.0,19391,0.023521358191010717,1.0027669229965868,86.94107383741148,173.93547500667813,0.4997679335774328
SOXL,last5,rth,12:00,12:30,1,2,600.0,43388,1.0,1.7675423333333333e-05,0.0,72.31333333333333,33.10666666666667,16.253333333333334,16.861666666666668,0,0,257.0660977131017,100.0,305.7950759195868,100.0,39363.20679150526,15334.500000000002,46819.035861480224,15340.0,153.0128520874131,4.842166070675151,5.0,7.0,3.165227041097333,3.2675938876608517,4.577306450981415,4.842166070675151,0.010771598487563266,0.041477514982636125,0.5958115768318476,0.0,19862,0.02621390043500178,1.5510471498100724,84.54347668274774,149.8940025681088,0.46405195851374487
SOXL,last5,rth,12:30,13:00,1,2,600.0,34127,1.0,0.000132405795,0.0,56.87833333333333,24.606666666666666,13.07,11.551666666666666,0,0,192.4199114816869,100.0,247.7490669921756,100.0,29410.108912033404,15303.500000000002,37867.47946622785,15312.0,152.8756781968168,4.349157465988531,4.0,6.0,2.84508003869238,2.616680807976354,3.926899034232596,4.349157465988531,0.02171286457409566,0.07231789531175484,0.4379627435319044,0.0,14762,0.029708854447708696,1.1146611307373981,115.26560038051002,240.50251336014307,0.4910581222056632
SOXL,last5,rth,13:00,13:30,1,2,600.0,32748,1.0,5.783878166666667e-05,0.0,54.58,20.326666666666668,10.438333333333333,9.911666666666667,0,0,318.04619310365615,100.0,231.77250288485732,100.0,48670.86019704056,15327.5,35509.10513894345,15328.5,153.1471759328724,3.2445031018065222,3.0,5.0,2.11880334594701,1.9597217511836993,3.2669367779129437,3.2445031018065222,0.05682625006440384,0.20767562632020817,0.13377840242814318,0.0,12194,0.031451608216100886,1.0926776588851155,144.6347759833363,282.0647679386896,0.49204526816467115
SOXL,last5,rth,13:30,14:00,1,2,600.0,27159,1.0,5.412239166666666e-05,6.433649999999999e-07,45.265,19.4,10.741666666666667,8.666666666666666,0,0,283.6715012814124,100.0,221.10800894758174,100.0,43244.120453626936,15262.5,33745.411013168974,15267.0,152.5179979850378,3.8557357639132848,4.0,6.0,2.5282035543718124,2.6188672156296224,3.9303803240583455,3.8557357639132848,0.020916520517406313,0.12023288630832814,0.2928399009870931,0.0,11638,0.03155692300497946,1.4736480792684656,145.2752999573931,297.67386314002187,0.4687231483072693
SOXL,last5,rth,14:00,14:30,1,2,600.0,26262,1.0,2.687835333333333e-05,3.3363333333333335e-08,43.77,15.221666666666666,7.926666666666667,7.308333333333334,0,0,199.8487561424348,100.0,246.8173501942635,150.0,30489.12351166679,15279.0,37675.02871405933,22895.5,152.58652583208874,2.665460928875971,3.0,4.0,1.7470176523153955,1.9646961874009825,2.6242345740798823,2.665460928875971,0.09221807850180017,0.3417711895994192,0.02095358640698055,0.0,9131,0.02541500811493068,0.6532001808342922,208.9589491821245,396.2867229336259,0.5375095827401161
SOXL,last5,rth,14:30,15:00,1,2,600.0,26540,1.0,4.30383e-05,0.0,44.233333333333334,17.493333333333332,9.046666666666667,8.463333333333333,0,0,232.54551339006895,100.0,181.26503943514675,100.0,35396.35997846709,15248.0,27617.30444642454,15252.5,152.32032704337658,3.2600956175498843,3.0,5.0,2.1401645654271473,1.9701806338257561,3.280234151475441,3.2600956175498843,0.05376151200574884,0.186419265513275,0.1160325391882314,0.0,10494,0.03100136048558608,1.2386962536998374,165.04409856522787,310.5753178583043,0.4823708785972937
SOXL,last5,rth,15:00,15:30,1,2,600.0,30482,1.0,5.434618333333333e-05,1.3305666666666666e-07,50.803333333333335,17.975,9.153333333333334,8.838333333333333,0,0,192.00273909613722,100.0,289.81363595912876,200.0,29219.666338667594,15227.5,44119.86247214252,30423.0,152.20329057588532,2.701617810925111,3.0,4.0,1.7750721052486675,1.9704435414558992,2.629206192309273,2.701617810925111,0.08976681270940023,0.3329967191381808,0.027714531229931706,0.0,10783,0.030788696625210714,0.9981742202807989,158.77948629548592,329.88007336457133,0.5001391078549569
SOXL,last5,rth,15:30,16:00,1,2,600.0,56023,1.0,0.00039639424166666666,0.00019957919333333336,93.37166666666667,26.425,13.421666666666667,13.06,0,0,240.60746763680746,200.0,329.8485171032676,200.0,36417.333178469205,30258.0,49944.00895120971,30261.0,151.34191092732954,2.2324923278362325,2.0,4.0,1.4749543148485358,1.3235451582958706,2.638901709500943,2.2324923278362325,0.25580002722256323,0.39621683632728516,0.024076012502205354,0.0,15853,0.029973435714880644,0.747970577214479,104.98206422974262,243.4156388155677,0.5253895161799028
SOXL,last5,open5,09:30,09:35,1,1,300.0,25249,1.0,2.9070966666666667e-06,0.0,84.16333333333333,48.026666666666664,23.44333333333333,24.586666666666666,0,0,201.2748168450158,100.0,229.76605750380654,100.0,30089.988019075852,14950.0,34385.907788608754,14978.0,149.46346849052566,12.327280727820048,12.0,17.0,8.252936030518784,8.032895850777885,11.397227416123444,12.327280727820048,0.0011157018234530525,0.00658389666335738,0.975743020415949,0.0,14407,0.02311360757286133,0.6056586039409552,60.186856497754015,120.9072702286142,0.5404317345734713
SOXL,last5,close5,15:55,16:00,1,1,300.0,45655,1.0,0.0013618338200000002,3.8475e-07,152.18333333333334,30.44,14.596666666666666,15.98,0,0,297.3882844495776,200.0,359.2317201361024,200.0,45129.60273516788,30388.0,54522.807283022536,30374.0,151.76060527857092,1.6264451052254223,1.0,3.0,1.0720105535619477,0.6588092375923025,1.97779514339715,1.6264451052254223,0.6128562836436547,0.26520807977451594,0.03060962216907262,0.0,9131,0.029787263844061204,1.0883034351674012,87.0070522887092,189.54967321610104,0.49195049830248605
SOXL,last5,pre,04:00,07:00,1,1,300.0,1296,1.0,0.0,0.0,4.32,2.55,1.3333333333333333,1.2166666666666666,0,0,178.80149821433332,100.0,499.5971483343333,100.0,27395.28414334949,15330.000000000002,76582.62199549506,15337.0,153.24067943811912,6.464154122009999,6.0,10.0,4.218505441953322,3.914393973278788,6.5273093985493045,6.464154122009999,0.009798565533333331,0.010862255856666664,0.7936112789233332,0.0,764,0.05999226211538161,87.67123872968696,1096.478196143184,1436.2866373225863,0.2342931937172775
SOXL,last5,pre,07:00,08:00,1,1,300.0,2615,1.0,0.0,0.0,8.716666666666667,5.53,2.48,3.05,0,0,210.23549505266666,100.0,221.799345516,100.0,31894.727719405826,15180.000000000002,33655.46459810185,15204.0,151.7495740390044,11.000145413099998,10.0,16.0,7.248597005994943,6.592832913627115,10.542578379219547,11.000145413099998,3.008566666666667e-07,0.020407768706666666,0.9684313598399997,0.0,1658,0.031209421188001758,20.16579670223586,426.262786239016,992.7641039982932,0.32026537997587456
SOXL,last5,pre,08:00,09:00,1,1,300.0,1485,1.0,0.0,0.0,4.95,3.1366666666666667,2.09,1.0466666666666666,0,0,577.6906077726667,100.0,230.44028986133335,100.0,87499.65605735598,15141.999999999998,34886.86349799135,15160.0,151.37191400882404,7.621291354733333,8.0,10.0,5.035187235287493,5.284730481233391,6.608030559744088,7.621291354733333,0.01809803521666667,0.006863454833333335,0.88867762652,0.0,940,0.06084298690766424,55.31681197617236,898.6103751927315,1190.907841566995,0.25638297872340426
SOXL,last5,pre,09:00,09:30,1,1,300.0,2233,1.0,1.6550266666666666e-06,0.0,7.443333333333333,4.303333333333334,3.0966666666666667,1.21,0,0,247.29893946733947,100.0,462.83841889225897,200.0,37562.30589695142,15194.999999999998,70327.10476808553,30386.0,151.91481145699447,7.183849395798984,7.0,10.0,4.72923655252533,4.608397636201146,6.584778848944913,7.183849395798984,0.007573815558200049,0.01948735491209204,0.8670034229237851,0.0,1290,0.09298674652605265,46.415888336127836,679.880260953382,836.7367354565108,0.2364341085271318
SOXL,last5,post,16:00,17:00,1,1,300.0,295,1.0,4.3436400000000005e-06,0.0,0.9833333333333333,0.6333333333333333,0.3466666666666667,0.29,0,0,297.4233459496091,100.0,249.78896730368322,200.0,44948.172529745105,15119.0,37761.95834552959,30250.0,151.1622259565559,5.693634933443774,5.0,8.0,3.7664255546313434,3.3073188099713304,5.291281018281464,5.693634933443774,0.022911665823361474,0.02795673343398561,0.7496181395013355,0.0,189,0.08365655957558105,212.70503864781276,5024.711266930303,5019.684948166931,0.2222222222222222
SOXL,last5,post,17:00,18:00,1,1,300.0,179,1.0,0.0,0.0,0.5966666666666667,0.43666666666666665,0.22,0.22333333333333333,0,0,223.3461828863333,200.0,237.85846982166672,100.0,33888.47082101174,30344.0,36112.816414325265,15191.999999999998,151.78262945168828,8.505775699086666,8.0,13.0,5.604354503651187,5.271903369517625,8.567607523877369,8.505775699086666,0.014522262909999997,2.672863333333333e-06,0.8230727550566667,0.0,130,0.039810717055349734,100.00000000000001,6812.92069057962,9001.311861074797,0.3230769230769231
SOXL,last5,post,18:00,20:00,1,1,300.0,99,1.0,0.0,0.0,0.33,0.19666666666666666,0.1,0.09666666666666666,0,0,149.21137197999997,100.0,468.2372451439999,400.0,22643.20244851347,15177.000000000002,71086.1420775696,60720.00000000001,151.77852016348177,6.673200036523333,7.0,10.0,4.396794265825212,4.612881232710613,6.588794937288534,6.673200036523333,0.11754800892333334,0.01496914666,0.6377083849033334,0.0,58,0.4786300923226384,1188.5022274370192,12783.997194630247,13782.629482867102,0.1896551724137931
SOXL,last5,pre,04:00,09:30,1,4,1200.0,7629,1.0,4.1375666666666665e-07,0.0,6.3575,3.88,2.25,1.6308333333333334,0,0,303.5066583830699,100.0,353.6687554813053,100.0,46087.99698182721,15187.5,53863.00690278819,15270.5,152.06924479963334,7.5646952421386935,7.0,12.0,4.964348880619102,4.608397636201146,7.905838318296326,7.5646952421386935,0.009323807354987881,0.01265484883019018,0.8493535517439806,0.0,4652,0.04944647520703754,38.834318331203576,724.4359600749906,1085.5986573491116,0.2699914015477214
SOXL,last5,post,16:00,20:00,1,3,900.0,573,1.0,1.44788e-06,0.0,0.6366666666666667,0.4222222222222222,0.2222222222222222,0.20333333333333334,0,0,223.32685965582687,100.0,318.6283270942489,200.0,33826.599163719795,15177.000000000002,48320.32089971679,30250.0,151.57445912077281,6.886452676394276,7.0,11.0,4.54109214748324,4.612881232710613,7.2748917033157126,6.886452676394276,0.06813248664500704,0.014474424904329737,0.7120269160911673,0.0,377,0.06261331052795525,257.4626800494868,6340.7825111768025,7488.72832679361,0.2519893899204244
SOXL,last5,rth,09:30,16:00,1,26,7800.0,478510,1.0,6.956008564102565e-05,2.5940259102564107e-05,61.3474358974359,25.422948717948717,12.721794871794872,12.718205128205128,0,0,266.06654403982157,100.0,271.82416964076924,100.0,40396.005364653065,15254.5,41283.15144845505,15264.0,151.8255847780969,4.453640296389568,4.0,8.0,2.937087129869142,2.6263803487569444,5.270749066479839,4.453640296389568,0.049155174075813754,0.14196072877417906,0.4060347590634428,0.0,198273,0.029088932362759775,1.1365527713842791,107.61572984029513,232.4979205287526,0.48856374796366625
SOXL,normal18m,rth,09:30,10:00,5,10,3000.0,557849,1.0,0.001963897756666667,9.65654e-07,185.94966666666667,21.611,10.873333333333333,10.871666666666666,0,0,3127.317135542645,900.0,3479.970464134446,800.0,61580.23533051157,39183.0,74144.24423061468,34956.0,57.845512867884935,2.410326403196732,1.0,7.0,4.672265973472185,3.691853601912388,9.33463618204814,2.410326403196732,0.6509100680353183,0.13666982627966553,0.1738028781235594,0.0,64823,0.02311002785119282,0.6633866000796204,102.15043762622724,368.3618273936972,0.5287937923267976
SOXL,normal18m,rth,10:00,10:30,5,10,3000.0,457278,1.0,0.0024683582506666666,2.6573033333333333e-07,152.426,20.646,10.303,10.493666666666666,0,0,9338.454759917115,850.0,10519.473380489266,800.0,131315.56656284662,37680.0,148553.25074837074,35420.0,58.1600526856719,2.608322315376583,1.0,8.0,4.705516223492259,3.660336812693078,9.174457871461634,2.608322315376583,0.6813619045860675,0.11265301928493908,0.19085390680253356,0.0,61928,0.02268509234917117,0.6805037511507449,95.2772920113886,431.34254634239693,0.5276127115359772
SOXL,normal18m,rth,10:30,11:00,5,10,3000.0,310719,1.0,0.001307811156,2.5664581333333333e-05,103.573,11.87,6.0263333333333335,5.905,0,0,4805.51420904714,1400.0,4999.5530634986535,1200.0,84536.09638523358,62650.0,90555.64575948627,53718.0,58.153366214935545,2.100622102763004,1.0,6.0,4.375870900520977,3.640054186624447,9.400188593287666,2.100622102763004,0.6990034100419381,0.10203232184093203,0.15852415386228944,0.0,35600,0.03767959227300054,2.6559800355174237,158.08989448365148,770.6131575837632,0.43323033707865166
SOXL,normal18m,rth,11:00,11:30,5,10,3000.0,281823,1.0,0.001835745387333334,1.6521543333333332e-06,93.941,11.593333333333334,5.817333333333333,5.892,0,0,6686.791512426203,1350.0,6025.541874576224,1350.0,121655.83760076553,60126.5,106817.68843248997,60077.0,58.28451739453764,1.7932291424302775,1.0,4.0,4.16632958165889,3.5211375148063437,9.328103780381564,1.7932291424302775,0.6982517443097933,0.1165096643191336,0.09017431114461834,0.0,34770,0.029011374548788244,1.3411808768717082,148.5977052767304,890.6506941576422,0.47394305435720446
SOXL,normal18m,rth,11:30,12:00,5,10,3000.0,247908,1.0,0.0026946985456666665,3.3448e-08,82.636,12.005333333333333,5.894666666666667,6.252,0,0,6820.722343479124,1450.0,5342.707890866399,1450.0,107984.77798810603,64985.5,90401.36662962727,65001.5,57.92897572706739,1.7996425643844087,1.0,5.0,4.114279609072183,3.5046277942402133,9.32244747376273,1.7996425643844087,0.7509897361044631,0.058867505521181834,0.11392016486732477,0.0,36006,0.024637516361886116,1.088500529154111,126.7516002493197,1220.4131400812666,0.49200133311114813
SOXL,normal18m,rth,12:00,12:30,5,10,3000.0,242818,1.0,0.0011048940483333334,3.3090600000000004e-07,80.93933333333334,12.571666666666667,6.319333333333334,6.415333333333334,0,0,5923.500255274028,1350.0,7328.113948848367,1300.0,104727.8278552985,60261.0,144443.1959048388,58006.0,58.59755992088614,1.8284644216445765,1.0,5.0,4.114011823908929,3.496086472914902,9.254035018167647,1.8284644216445765,0.7431371278625394,0.06671354964552677,0.11929205367657668,0.0,37705,0.028036342329366647,1.3408824616914456,113.73388773275417,1223.8114639397081,0.4725633205145206
SOXL,normal18m,rth,12:30,13:00,5,10,3000.0,162143,1.0,0.0013132560183333334,0.0,54.047666666666665,8.133666666666667,4.321,3.915,0,0,6699.320179270938,1500.0,6456.581539489128,1250.0,114583.23785651615,67325.0,125058.92535014644,56126.0,58.712519213486104,1.7008411926751736,1.0,4.0,3.990332750643355,3.2705712258907544,9.230746120971022,1.7008411926751736,0.7738935583336986,0.04469832944214915,0.08769611840060701,0.0,24391,0.025160870571598947,0.8155153891763516,163.1333884931496,2143.7373753106135,0.5144520519863884
SOXL,normal18m,rth,13:00,13:30,5,10,3000.0,192473,1.0,0.0007336646613333332,0.0,64.15766666666667,10.296666666666667,5.327,5.151,0,0,5843.108853063617,1850.0,6045.160480612715,1550.0,106608.73217087034,83794.0,115880.7110885412,70176.0,58.71589300665591,1.4600197593636257,1.0,3.0,3.8487947276883263,2.210167473551473,9.416865037296649,1.4600197593636257,0.8004221345636121,0.052378753990140456,0.02677377594292641,0.0,30880,0.014430752918767288,0.19149068424925245,108.58650676456845,2765.322877569701,0.657869170984456
SOXL,normal18m,rth,13:30,14:00,5,10,3000.0,194754,1.0,0.0007837121246666666,3.5909399999999997e-07,64.918,10.285333333333334,5.47,4.944,0,0,5240.161504335815,2050.0,6207.532669306003,2000.0,101466.71582494097,93012.5,124551.7235786362,90629.0,58.698686403351076,1.5837603247612426,1.0,4.0,3.935515739659136,2.6263803487569444,9.467615880167807,1.5837603247612426,0.7918499122240125,0.036248763201271565,0.058610727662331635,0.0,30846,0.014101359024118895,0.1807051414643175,105.69146074292996,2563.5708924503792,0.6579135058030214
SOXL,normal18m,rth,14:00,14:30,5,10,3000.0,168735,1.0,0.00032501052199999995,6.672666666666667e-09,56.245,8.031333333333333,4.1033333333333335,4.02,0,0,7410.550140657053,1850.0,6283.225911818714,1750.0,133545.99487747063,84427.0,118370.05277419859,79980.0,58.745219573195776,1.3396586065424414,1.0,3.0,3.784148510684279,2.1911154957250596,9.563849679968603,1.3396586065424414,0.8119223832726322,0.07484171319600004,0.004191966963342549,0.0,24084,0.012104610508919235,0.11397663131656569,139.12954179456793,3063.3256940735096,0.6973094170403588
SOXL,normal18m,rth,14:30,15:00,5,10,3000.0,136385,1.0,0.0019147421393333334,0.0,45.461666666666666,6.391666666666667,3.3053333333333335,3.175333333333333,0,0,4623.064430738387,1850.0,6208.565058042458,2150.0,98634.7120634383,84817.0,113009.25313988654,98553.0,58.765305979148984,1.45604522208717,1.0,3.0,3.850507491532943,2.180935923502535,9.523860821502744,1.45604522208717,0.8072189776455014,0.04053220088970995,0.02325002687519848,0.0,19165,0.018100572349037017,0.2774790341147803,176.89977182254057,3513.882991526058,0.6108009392121054
SOXL,normal18m,rth,15:00,15:30,5,10,3000.0,169122,1.0,0.0024447249719999997,2.6611333333333332e-08,56.374,9.603,4.979666666666667,4.754666666666667,0,0,5694.787273903922,2550.0,6177.073809099763,2100.0,108628.32735827332,115794.0,128948.71822302158,96957.0,58.700553202808436,1.352683269888809,1.0,3.0,3.7808101194829455,2.17297655646609,9.46907405411783,1.352683269888809,0.8059729069711079,0.07830317264162881,0.005556187771518381,0.0,28799,0.013091856127264915,0.12784647017798004,106.10671204274117,3426.4785662070713,0.6842598701343796
SOXL,normal18m,rth,15:30,16:00,5,10,3000.0,229985,1.0,0.0010169773283333332,4.243864666666667e-05,76.66166666666666,7.0056666666666665,3.5496666666666665,3.499,0,0,7130.675502451305,2100.0,8709.66641598942,2500.0,136230.5753364001,97555.5,176435.69775063882,116138.5,58.574901007710515,1.247151364986976,1.0,2.0,3.707659927881793,2.152732302479319,9.53169993169931,1.247151364986976,0.8505654331993814,0.0797934156425647,0.004817454812253582,0.0,21007,0.026553713795485052,0.5747323577673538,151.72167164628752,3530.0526062874096,0.5523872994716047
SOXL,normal18m,open5,09:30,09:35,5,5,1500.0,256870,1.0,0.001533331250666667,3.673606666666667e-07,171.24666666666667,31.334666666666667,15.800666666666666,15.743333333333334,0,0,2640.1701089465755,800.0,2675.2140054139227,600.0,51757.03641078498,32448.0,47925.00093185515,26400.0,57.56333233937716,3.7066153885428066,1.0,12.0,5.974591925714113,5.335290495041607,9.312966071852292,3.7066153885428066,0.5165275086180185,0.18735970642890232,0.2079137982249468,0.0,46997,0.023084988592616068,0.4519040125956648,74.99046489167777,245.45322334052963,0.5818243717684107
SOXL,normal18m,close5,15:55,16:00,5,5,1500.0,168041,1.0,0.0022478176186666666,4.594225333333333e-06,112.02733333333333,7.9286666666666665,3.8313333333333333,4.156,0,0,13734.058067060298,2900.0,11686.648694195674,3400.0,259727.59413077592,135111.0,225066.17504363856,158304.0,58.68612897494896,1.1259394516598789,1.0,1.0,3.6204396126621816,2.147965016614038,9.461855384790336,1.1259394516598789,0.9219635741775476,0.053627493254971514,0.006127386432439842,0.0,11888,0.027733201046518417,0.7823271993990623,131.52057856817723,2649.93034482587,0.5190107671601615
SOXL,normal18m,pre,04:00,07:00,5,5,1500.0,7281,1.0,0.03153339779133333,0.0,4.854,1.258,0.6246666666666667,0.6333333333333333,0,0,2427.8632457669264,200.0,5020.844263376864,200.0,43335.06976511976,15330.000000000002,83289.33350611318,15337.0,59.88244736245016,2.4868140419161486,1.0,6.0,4.900063498247127,3.6543105501141766,9.432923306362916,2.4868140419161486,0.5706252581345388,0.12871887941862886,0.17120816331355657,0.0,1882,0.07495745191204901,54.116952654646454,1559.7086411792468,4162.328054683082,0.2518597236981934
SOXL,normal18m,pre,07:00,08:00,5,5,1500.0,16337,1.0,0.080966848348,6.842666666666667e-09,10.891333333333334,2.1373333333333333,1.054,1.086,0,0,2279.79439759025,200.0,1974.9110642506257,300.0,45797.69729421157,15180.000000000002,41750.88609076527,15204.0,61.32724248322034,3.5830016888989995,2.0,11.0,5.734412173830753,4.439408948736968,9.484251898267027,3.5830016888989995,0.47756122022097647,0.21430541872588735,0.211144511740388,0.0,3201,0.04626252766358747,22.48028442968082,1068.2031299237942,3662.820212748392,0.338331771321462
SOXL,normal18m,pre,08:00,09:00,5,5,1500.0,9028,1.0,0.03966627859066667,0.0,6.018666666666666,1.446,0.8233333333333334,0.6226666666666667,0,0,2562.0078522125386,300.0,6786.665108986622,200.0,60425.51079250908,15141.999999999998,93202.22904134354,15160.0,59.6349935274814,2.5829136566468587,1.0,8.0,4.850216737891436,3.674542751795604,9.573482401728064,2.5829136566468587,0.6311100249323286,0.13073920348481727,0.18559561923303824,0.0,2164,0.04775292736576909,30.752383921554078,1311.948135513889,5012.243352548501,0.34057301293900183
SOXL,normal18m,pre,09:00,09:30,5,5,1500.0,15261,1.0,0.06979227059133332,2.68e-06,10.174,2.8606666666666665,1.6406666666666667,1.226,0,0,2641.012217295515,300.0,2770.6550483374754,300.0,53566.97357682645,15194.999999999998,58263.1357773765,30386.0,60.41471867648998,2.8337487536599477,2.0,8.0,5.468912859216056,4.532504028102316,9.509607009220776,2.8337487536599477,0.47472099881352525,0.1987531280393815,0.2007780573212254,0.0,4286,0.02860882360627208,9.380418666398151,748.4131577053113,2278.315119110341,0.40363975734951
SOXL,normal18m,post,16:00,17:00,5,5,1500.0,2285,1.0,0.010443578878666667,0.0,1.5233333333333334,0.43733333333333335,0.246,0.192,0,0,1960.5888758533436,900.0,1432.3253967152464,300.0,58378.14647795739,30019.0,36090.92868522704,22784.0,58.84059983047199,2.6714440068595793,2.0,6.0,5.6564376754167895,5.268241285451075,9.474182851728846,2.6714440068595793,0.3926575126132777,0.22552857032154602,0.19522065915664777,0.0,651,0.04868456617030513,54.27694367298251,4660.81149577657,9769.557170806178,0.30414746543778803
SOXL,normal18m,post,17:00,18:00,5,5,1500.0,657,1.0,0.05240652381199998,3.24148e-07,0.438,0.122,0.062,0.062,0,0,5657.201980581196,1800.0,1452.3818763388144,900.0,112905.46496403536,76942.0,38656.098113569926,32333.0,59.30405654108136,2.750303029175248,1.0,8.0,4.9945962214786395,3.667200513810612,9.478368101555828,2.750303029175248,0.6436172984045815,0.1306478734262818,0.17371859500772818,0.0,178,0.05445026528424212,266.0725059798809,16032.453906900393,30351.3466071744,0.30337078651685395
SOXL,normal18m,post,18:00,20:00,5,5,1500.0,1086,1.0,0.002356979948666667,0.0,0.724,0.14066666666666666,0.07,0.072,0,0,4491.75100262078,700.0,3992.438066369927,500.0,70789.05722813806,19138.0,72390.27858693691,54700.0,58.490106684878114,2.947560008702002,2.0,8.0,6.005723571633716,5.930112560869641,10.198571533499763,2.947560008702002,0.487735724204198,0.06129693121111273,0.16508777800786778,0.0,206,0.22559700688435788,707.9457843841385,13803.84264602884,25707.021334400524,0.22330097087378642
SOXL,normal18m,pre,04:00,09:30,5,20,6000.0,47907,1.0,0.05548969883033333,6.717106666666667e-07,7.9845,1.9255,1.0356666666666667,0.892,0,0,2478.4227248768334,250.0,4174.72434751875,250.0,50797.548406490765,15187.5,69542.77762826238,15270.5,60.302056055618614,2.735133063295323,1.0,7.0,5.094413788376655,3.6770908434052036,9.484251898267027,2.735133063295323,0.5559831852661243,0.15101414990659678,0.18377339083176522,0.0,11533,0.04435253313340836,22.429331333765937,1049.4331381281602,3600.75871228827,0.3489118182606434
SOXL,normal18m,post,16:00,20:00,5,15,4500.0,4028,1.0,0.02173569421311111,1.0804933333333332e-07,0.8951111111111111,0.23333333333333334,0.126,0.10866666666666666,0,0,4014.594840741793,900.0,2309.076934156804,500.0,80202.98419461302,30344.0,49258.6496803446,30250.0,58.87109648811309,2.8292167633597076,1.0,7.0,5.665620260040715,5.268241285451075,10.198571533499763,2.8292167633597076,0.5029365648565638,0.11969257654251332,0.17477870254502784,0.0,1035,0.05500277681265241,112.2018454301963,7272.214272064866,21622.60975890863,0.28792270531400965
SOXL,normal18m,rth,09:30,16:00,5,130,39000.0,3351992,1.0,0.0015313456085128206,5.518730666666667e-06,85.94851282051282,11.541897435897436,5.868461538461538,5.791435897435897,0,0,6103.319849761653,1550.0,6444.834512939126,1400.0,108579.18445060514,67125.0,119786.70102714477,63927.5,58.452675487661935,1.7445447565478747,1.0,4.0,4.08036321382566,3.466581397503847,9.400188593287666,1.7445447565478747,0.7589026967942776,0.07693436478924034,0.08132420315633265,0.0,450004,0.022203791026229998,0.5367963449990855,121.06306007687287,1530.1380974686697,0.5496706695940481
SOXL,y2022,rth,09:30,10:00,5,10,3000.0,235154,1.0,0.0014934798506666667,3.4133333333333335e-09,78.38466666666666,8.518333333333333,4.524666666666667,4.205333333333333,0,0,4898.216679770683,2300.0,4622.996727256083,1800.0,64945.166937939655,24915.0,63807.84916173237,19468.0,22.042360552607835,1.394783597447687,1.0,3.0,7.005864097194287,7.375640431690198,9.303368100650815,1.394783597447687,0.8030517215649521,0.05844203078155253,0.011445173217320215,0.0,25545,0.043932565101531665,1.475016887132222,219.41764613228676,1190.4345448731513,0.4693677823448816
SOXL,y2022,rth,10:00,10:30,5,10,3000.0,225152,1.0,0.002770527317333333,0.0,75.05066666666667,4.884333333333333,2.4836666666666667,2.469333333333333,0,0,5826.894631924169,3900.0,6161.899540670223,3450.0,79145.71090582114,42991.0,83287.86500357129,40446.0,21.893884395223825,1.0099317405852666,1.0,1.0,6.123491633887229,7.30321024007414,9.278551743192738,1.0099317405852666,0.9900682594147332,0.009931740585266705,0.0,0.0,14643,0.0522326797742234,2.620265651066372,438.3434446384723,1646.449822617257,0.46752714607662366
SOXL,y2022,rth,10:30,11:00,5,10,3000.0,183773,1.0,0.0011818494293333332,0.0,61.257666666666665,3.043,1.55,1.5213333333333334,0,0,8765.213575299822,7450.0,8735.41290464221,4050.0,116675.27820797126,86566.0,116241.8764799959,45103.0,22.04821759365651,1.0012961374926894,1.0,1.0,6.062038212765451,7.373717972085707,8.995925600169894,1.0012961374926894,0.9987038725885583,0.0012961173301936951,0.0,0.0,9119,0.03205777181749736,0.5378301707855588,738.1862286140467,2267.5358423251996,0.5171619695142011
SOXL,y2022,rth,11:00,11:30,5,10,3000.0,144351,1.0,0.0021554629119999997,1.8346666666666666e-08,48.117,2.354,1.186,1.1873333333333334,0,0,8641.052857723571,6150.0,8271.75805527878,3600.0,115698.26103829153,73234.5,113447.8288703415,39665.5,22.25241262270329,1.0018735895912505,1.0,1.0,6.025414506331356,7.403998797499869,9.063527224946604,1.0018735895912505,0.9981264104087497,0.001873589591250368,0.0,0.0,7052,0.03556744196739178,0.841395141645194,982.3776674270812,2690.526878582545,0.503403289846852
SOXL,y2022,rth,11:30,12:00,5,10,3000.0,132076,1.0,0.002157664768,1.9541333333333335e-07,44.025333333333336,1.9193333333333333,0.969,0.963,0,0,7836.95421777694,5150.0,9307.599261178839,8550.0,108049.62670126135,55826.5,128146.90996876321,106876.0,22.148834813455256,1.0008663715246153,1.0,1.0,6.068003250227796,7.406061518351667,9.223343080103218,1.0008663715246153,0.9991336284753849,0.0008663715246152038,0.0,0.0,5748,0.028501767619531566,0.6068073707994645,1229.8192024130517,3488.754254831523,0.510786360473208
SOXL,y2022,rth,12:00,12:30,5,10,3000.0,124866,1.0,0.0015790836906666667,0.0,41.622,1.9623333333333333,0.993,0.987,0,0,6668.559402538391,5200.0,8712.766789939644,9100.0,89549.63863570309,57758.0,117188.65372658514,106448.0,21.962652924880228,1.0012150555704347,1.0,1.0,6.081020170462253,7.531240269007192,8.939762354147854,1.0012150555704347,0.9987849444295657,0.0012150555704345195,0.0,0.0,5877,0.03315087909427797,1.0108518261478747,1111.4898773490688,3824.0466770729126,0.4997447677386422
SOXL,y2022,rth,12:30,13:00,5,10,3000.0,117916,1.0,0.0016846520320000001,0.0,39.30533333333333,1.5986666666666667,0.803,0.8076666666666666,0,0,8091.083653490738,5350.0,7882.861443963951,5300.0,107296.00977134159,60055.5,108259.5335228591,63311.0,22.097830533041805,1.000988960860256,1.0,1.0,6.053961208016192,7.539347066146509,8.948504804471886,1.000988960860256,0.9990110391397439,0.0009889608602561284,0.0,0.0,4786,0.029960684006161746,0.6615889383741086,1352.9219013387292,4439.9280770648975,0.511073965733389
SOXL,y2022,rth,13:00,13:30,5,10,3000.0,108298,1.0,0.0006279223466666668,0.0,36.099333333333334,1.7706666666666666,0.8673333333333333,0.9143333333333333,0,0,8147.851495684794,10100.0,9137.580051404198,6700.0,108722.29917712104,120053.5,122251.70288874529,76394.0,21.974770256341703,1.0020134994999979,1.0,1.0,6.045808481821575,7.6443594738323535,8.79806930981846,1.0020134994999979,0.9979865005000023,0.0020134994999977084,0.0,0.0,5302,0.03550404029425126,0.6309573444801937,1139.783668642859,4633.233395871355,0.5092417955488495
SOXL,y2022,rth,13:30,14:00,5,10,3000.0,114388,1.0,0.001971631104,9.005226666666667e-07,38.129333333333335,2.142,1.0813333333333333,1.0726666666666667,0,0,8510.233989671495,7900.0,8340.43099413249,6500.0,113070.16028592514,92772.0,111666.19600263925,78235.0,21.9133328951717,1.005643084399784,1.0,1.0,6.06595470330065,7.564264873739379,8.814980227202575,1.005643084399784,0.9943569156002162,0.005643084399783834,0.0,0.0,6416,0.040771148098586306,1.1699891065890675,793.6634191431237,5693.828663031498,0.49532418952618457
SOXL,y2022,rth,14:00,14:30,5,10,3000.0,144203,1.0,0.0018886068053333336,0.0,48.06766666666667,2.027,1.03,1.0186666666666666,0,0,5820.8682626906675,4850.0,7124.626551686441,9650.0,78429.34779282649,54958.0,95193.17105379418,114133.5,21.79161672754804,1.0007244553152386,1.0,1.0,6.083858842665057,7.485755193161713,8.818174285854123,1.0007244553152386,0.9992755446847617,0.0007244553152385146,0.0,0.0,6071,0.041775364258951564,0.784658802370898,1069.606757272831,3503.0298895525807,0.5074946466809421
SOXL,y2022,rth,14:30,15:00,5,10,3000.0,127449,1.0,0.006746224469333335,1.6957013333333332e-05,42.483,2.155666666666667,1.0953333333333333,1.0773333333333333,0,0,10402.708602108425,9350.0,7361.169653751151,5250.0,135263.1970195406,114890.5,99522.11905698708,61214.0,21.838327956646122,1.0023905447332064,1.0,1.0,6.04862742501879,7.5500426123042885,8.572170332980914,1.0023905447332064,0.9976094552667937,0.00239054473320643,0.0,0.0,6457,0.04452257220574211,1.3335214321633269,850.7972685663564,4830.858996606216,0.4910949357286666
SOXL,y2022,rth,15:00,15:30,5,10,3000.0,144614,1.0,0.001027526229333333,2.444202666666667e-06,48.20466666666667,2.561,1.2946666666666666,1.2833333333333334,0,0,8806.323919940152,9850.0,8713.378109912046,6950.0,117450.45713424792,118984.5,116579.85395472586,80950.5,21.671848086311165,1.0028119258324641,1.0,1.0,6.087618775337684,7.541277083661615,8.582428505649911,1.0028119258324641,0.9971880741675356,0.0028119258324644076,0.0,0.0,7673,0.04781627687581925,1.0505786516024191,651.6551880014476,4688.1942900230215,0.4986315652287241
SOXL,y2022,rth,15:30,16:00,5,10,3000.0,150081,1.0,0.0025722257919999995,9.267029333333334e-06,50.027,3.094,1.574,1.542,0,0,7757.933039275942,9100.0,7695.608936287212,7650.0,103966.16980496935,108672.0,108359.04439843418,91881.0,21.88573336356809,1.0019780145182793,1.0,1.0,6.067314868950105,7.526785514200599,8.500033922600034,1.0019780145182793,0.9980230020366163,0.00197598140848776,0.0,0.0,9272,0.03393864072684266,0.761952171056591,506.3425733329588,4573.683425007131,0.5107851596203624
SOXL,y2022,open5,09:30,09:35,5,5,1500.0,103731,1.0,0.0013442000213333331,6.012586666666665e-07,69.154,10.125333333333334,5.226666666666667,5.309333333333333,0,0,3758.3931767676604,1300.0,3018.7370421208943,1300.0,48657.21665492886,13754.0,41374.002095149765,13962.0,21.816230722223057,1.4808224358645317,1.0,3.0,7.3992913877362705,7.669598884985158,9.398001285120653,1.4808224358645317,0.7378749379343497,0.11648997161760431,0.015807613127701032,0.0,15183,0.033587406509764745,1.1201546300670062,197.83128139850965,915.6827016343022,0.49100968188105115
SOXL,y2022,close5,15:55,16:00,5,5,1500.0,66849,1.0,0.005397215061333333,7.168000000000001e-07,44.566,2.8093333333333335,1.412,1.4406666666666668,0,0,9613.265548731892,12900.0,10045.64267874718,9500.0,126727.68151293366,152220.0,135019.16627421492,112860.00000000001,22.108675119499576,1.0280523978172977,1.0,1.0,6.058794385932158,7.522571733644709,8.466825514463764,1.0280523978172977,0.977347219176646,0.020056829366273437,0.0006509797577085483,0.0,4209,0.04044325985535753,4.597269885308716,629.3839484506528,4335.440547750978,0.4459491565692564
SOXL,y2022,pre,04:00,07:00,5,5,1500.0,912,1.0,0.020245947050666666,0.0,0.608,0.09266666666666666,0.052,0.048666666666666664,0,0,965.2406120115387,500.0,3975.6372464210317,1300.0,14068.484967692892,8862.0,56214.594046798455,23256.0,22.027786785466407,3.323995742035219,2.0,6.0,13.454409348478253,8.911895218621055,20.90835172493981,3.323995742035219,0.4486876703359078,0.18664999559175788,0.30230815992686366,0.0,134,0.027227013080779138,75.47059566968916,24359.40447292031,38644.44859642636,0.29850746268656714
SOXL,y2022,pre,07:00,08:00,5,5,1500.0,2461,1.0,0.006722950655999999,0.0,1.6406666666666667,0.27466666666666667,0.15866666666666668,0.12333333333333334,0,0,2412.418878816151,1200.0,3135.199123411966,1600.0,30389.730258440457,15552.000000000002,39079.0435059325,20768.0,21.661327348498034,2.8317591529697586,1.0,10.0,11.220815856467473,8.325507139399335,23.46866932644786,2.8317591529697586,0.55679699337856,0.18105439935558593,0.17258456148015178,0.0,407,0.04587530317367062,32.17362532695598,7294.575102545704,33905.741783661586,0.3071253071253071
SOXL,y2022,pre,08:00,09:00,5,5,1500.0,2144,1.0,0.004119298559999999,0.0,1.4293333333333333,0.268,0.158,0.12066666666666667,0,0,4035.9061652816063,1600.0,4995.073386636399,1500.0,53795.552758844795,17424.0,62475.40842394431,18405.0,21.696861161183545,2.606617973386909,1.0,7.0,10.44028290414037,8.178824054304544,18.350052708771297,2.606617973386909,0.6257130472705952,0.06401680958888858,0.17166896547159707,0.0,397,0.05303290955368766,3.04321988710772,8560.517117200972,20417.925394525162,0.43073047858942065
SOXL,y2022,pre,09:00,09:30,5,5,1500.0,1669,1.0,0.0018149604693333335,0.0,1.1126666666666667,0.19466666666666665,0.114,0.086,0,0,1944.468477463127,700.0,2687.1086324588496,1700.0,26199.52762484708,14830.0,35249.80007793681,20808.0,21.72586573131932,3.2283232107430644,1.0,8.0,12.237872067772368,9.303580911766554,18.61935863083867,3.2283232107430644,0.5845914098729647,0.07732361995356146,0.2197332977024596,0.0,287,0.04926063433495773,5.370317963702527,11641.26029410492,37826.44692404989,0.37282229965156793
SOXL,y2022,post,16:00,17:00,5,5,1500.0,445,1.0,0.022681559039999997,1.6384e-08,0.2966666666666667,0.11066666666666666,0.05733333333333333,0.05733333333333333,0,0,1401.7232923485817,900.0,4897.805213262269,2000.0,20153.375977072435,11313.0,65858.54142497454,26880.0,22.335090307237348,3.914131127851796,1.0,10.0,13.693603164732307,8.421052631580265,30.086077874689217,3.914131127851796,0.5785718601208687,0.024387486802649433,0.34265381053053606,0.0,162,0.04027170343254592,281.8382931264457,9847.666521101577,26011.712940448408,0.30246913580246915
SOXL,y2022,post,17:00,18:00,5,5,1500.0,107,1.0,0.0007509951146666666,0.0,0.07133333333333333,0.013333333333333334,0.008666666666666666,0.006,0,0,4201.841732401369,1600.0,4030.509202455063,1600.0,69577.9431714237,60336.0,53652.715882702854,23562.0,22.157012140387174,1.7800554023510016,1.0,5.0,7.812090431955058,7.9527719965442945,10.707784559374058,1.7800554023510016,0.7181815929157231,0.05230189606843518,0.13436024212544162,0.0,16,0.36307805477010147,17782.79410038926,87096.35899560795,60769.084216778356,0.125
SOXL,y2022,post,18:00,20:00,5,5,1500.0,39,1.0,0.0,0.0,0.026,0.01,0.007333333333333333,0.004,0,0,1132.2520053248,400.0,4462.8655463765335,5800.0,20606.86621759232,10440.0,73721.61293677909,77952.0,22.17523443169792,4.629852184234666,2.0,15.0,16.63114794068697,15.854375885228187,32.054706699433396,4.629852184234666,0.32675964347733333,0.2894204433066667,0.38381991321599995,0.0,11,0.2570395782768866,14125.375446227532,97723.72209558125,97968.8079970383,0.36363636363636365
SOXL,y2022,pre,04:00,09:30,5,20,6000.0,7186,1.0,0.008225789183999998,0.0,1.1976666666666667,0.2075,0.12066666666666667,0.09466666666666666,0,0,2344.817755101162,750.0,3696.9092118560484,1550.0,31180.233553201855,12367.0,48220.82182088843,20788.0,21.776990974381075,3.0953683559697924,1.0,7.0,12.389684152714327,8.911895218621055,20.90835172493981,3.0953683559697924,0.5128852284715202,0.1533969101266416,0.24746266465155814,0.0,1225,0.04593261934508822,25.535411282038584,11468.953964666423,31780.306178928982,0.3616326530612245
SOXL,y2022,post,16:00,20:00,5,15,4500.0,591,1.0,0.007810851384888887,5.4613333333333335e-09,0.13133333333333333,0.04466666666666667,0.024444444444444446,0.022444444444444444,0,0,2251.2065772670176,900.0,4460.528258020773,2000.0,36897.81097056537,13085.0,64402.64041892922,26880.0,22.221603778018217,3.738472724668033,2.0,14.0,13.691997369515326,8.425657310936604,29.92731936725108,3.738472724668033,0.4875681849978147,0.1638825673711045,0.31116346977199444,0.0,189,0.04704354057259764,613.0557921498216,21256.903452171093,52606.838799379904,0.291005291005291
SOXL,y2022,rth,09:30,16:00,5,130,39000.0,1952321,1.0,0.002142835134358974,2.2912262564102563e-06,50.05951282051282,2.9254102564102564,1.4963076923076923,1.4653333333333334,0,0,7704.837825644591,5250.0,7851.80974977814,5250.0,102933.02456714278,57863.5,106463.06812732317,61214.0,21.96325441666614,1.032828182148025,1.0,1.0,6.139971639972922,7.526785514200599,8.917605898143979,1.032828182148025,0.9823999363422686,0.0069387002328804796,0.0008809728783494579,0.0,113961,0.04059062406720695,1.2077980634093852,676.2374897859835,3161.815444992572,0.4923877466852695
SOXL,y2023,rth,09:30,10:00,5,10,3000.0,202111,1.0,0.0022977614506666665,1.2315306666666669e-06,67.37033333333333,2.5006666666666666,1.2513333333333334,1.301,0,0,4502.935991329595,2200.0,4887.057809660313,2050.0,82878.42503192498,41158.5,90384.93644454074,40099.0,20.283497573583627,1.0074001477784702,1.0,1.0,5.156363445908356,4.735449311471297,6.547161218473718,1.0074001477784702,0.9925998522215299,0.007400147778470106,0.0,0.0,7492,0.026856944628502195,0.38203685671094195,1261.424448303073,1737.2085936672079,0.5389749065670048
SOXL,y2023,rth,10:00,10:30,5,10,3000.0,146450,1.0,0.002060380928,0.0,48.81666666666667,1.0116666666666667,0.512,0.5106666666666667,0,0,6535.933776412124,4400.0,8030.981629345956,4600.0,119883.41226109157,100879.0,146126.00149112887,114856.0,20.186418983463852,1.002623505046429,1.0,1.0,5.148417146427595,4.733998798163221,6.436458898274049,1.002623505046429,0.9973764949535712,0.002623505046428818,0.0,0.0,3025,0.04092845175771335,0.5277324421725118,3248.001054862144,3679.812128774863,0.5186776859504132
SOXL,y2023,rth,10:30,11:00,5,10,3000.0,133078,1.0,0.0022270178133333334,0.0,44.35933333333333,0.7286666666666667,0.37033333333333335,0.37033333333333335,0,0,9117.806961636767,5350.0,7668.207539888469,5750.0,167181.99240685196,124811.0,143894.92176114745,128668.5,20.260472956068572,1.0008776354484439,1.0,1.0,5.123386653879166,4.66766181600196,6.485776747369686,1.0008776354484439,0.9991223645515559,0.000877635448443958,0.0,0.0,2176,0.042729883359441036,0.48063808630643906,4221.3809451694915,4710.4759406210605,0.5280330882352942
SOXL,y2023,rth,11:00,11:30,5,10,3000.0,112718,1.0,0.0028916730026666664,0.0,37.57266666666667,0.5083333333333333,0.261,0.257,0,0,9891.186637449186,7250.0,8697.283652025899,5500.0,185406.16046694096,153643.5,160425.33429119858,127655.0,20.272809328665517,1.000093171565701,1.0,1.0,5.120029690228707,4.631892407201608,6.5597091086643875,1.000093171565701,0.9999068284342988,9.317156570115362e-05,0.0,0.0,1515,0.040973210981354154,0.47643098680541596,6107.585638484449,7082.568020837128,0.524092409240924
SOXL,y2023,rth,11:30,12:00,5,10,3000.0,88769,1.0,0.0017701373440000001,0.0,29.589666666666666,0.396,0.19733333333333333,0.204,0,0,10768.002106127797,8000.0,9922.287477094442,7300.0,203024.6335130736,172036.0,183259.20021728895,170154.0,20.26104197547458,1.0039226737619809,1.0,1.0,5.135692686108188,4.6199617591867685,6.515095465387579,1.0039226737619809,0.9960773262380189,0.003922673761981058,0.0,0.0,1178,0.04627360481774452,0.5623413251903498,8411.333737366293,9037.627274062503,0.5237691001697793
SOXL,y2023,rth,12:00,12:30,5,10,3000.0,86415,1.0,0.0024777353386666668,0.0,28.805,0.4056666666666667,0.207,0.208,0,0,12679.114347614877,8200.0,11056.163185148038,11350.0,234497.58917041778,185078.0,210964.7473834062,216335.0,20.329726843557133,1.0028838322210047,1.0,1.0,5.104153909058439,4.6042364994504705,6.453582735785134,1.0028838322210047,0.9971161677789953,0.0028838322210047555,0.0,0.0,1207,0.0479131302984039,1.0857111194022033,7413.102413009189,8590.898184605458,0.4979287489643745
SOXL,y2023,rth,12:30,13:00,5,10,3000.0,85208,1.0,0.0028284799999999995,9.028266666666667e-08,28.402666666666665,0.8,0.4216666666666667,0.4126666666666667,0,0,12118.356709187694,8100.0,10523.117939058886,9250.0,226690.31799235463,158290.0,206081.37799941812,212784.0,20.329485219056004,1.009811118178653,1.0,1.0,5.137220130390527,4.606946110274754,6.376966874752335,1.009811118178653,0.9901888818213469,0.009811118178653143,0.0,0.0,2390,0.041605326659208165,6.839116472814298,2957.7927626011046,10393.0680906377,0.44225941422594145
SOXL,y2023,rth,13:00,13:30,5,10,3000.0,115404,1.0,0.0013408950613333333,0.0,38.468,1.077,0.5363333333333333,0.569,0,0,12038.577252296687,9550.0,11711.882724449733,10650.0,234418.5527994834,184535.5,224428.9701830724,205721.5,20.46920718621485,1.0007549619353975,1.0,1.0,5.035735192987293,4.589180619037975,6.31984538672011,1.0007549619353975,0.9992450380646025,0.0007549619353973319,0.0,0.0,3221,0.06462200592524847,2.2258710447930086,1310.5421107466,10583.080467564374,0.4660043464762496
SOXL,y2023,rth,13:30,14:00,5,10,3000.0,88767,1.0,0.0029246423893333332,0.0,29.589,0.7006666666666667,0.36033333333333334,0.36033333333333334,0,0,11681.864405486464,8800.0,11409.137766867792,7000.0,230785.19830856047,154657.0,221504.4935860535,162341.0,20.332696607942964,1.0012944146492861,1.0,1.0,5.0904759928389485,4.5855628654170335,6.337174406752592,1.0012944146492861,0.9987055853507142,0.0012944146492860024,0.0,0.0,2092,0.06103171242686495,2.2387211385683394,3042.466510187969,10232.409629193844,0.47609942638623326
SOXL,y2023,rth,14:00,14:30,5,10,3000.0,88239,1.0,0.0009225698986666665,0.0,29.413,0.5103333333333333,0.2623333333333333,0.26033333333333336,0,0,10537.08510706907,8150.0,13721.76697484217,14150.0,209622.47965316608,153555.5,261558.88825534022,241740.5,20.41943628219951,1.0015616746526927,1.0,1.0,5.056697666878415,4.623049119343347,6.372125173225127,1.0015616746526927,0.9984383253473073,0.0015616746526927459,0.0,0.0,1521,0.05090661191260885,2.286077288520009,5741.990901532138,8904.763788362203,0.4714003944773176
SOXL,y2023,rth,14:30,15:00,5,10,3000.0,106736,1.0,0.0030635659946666666,0.0,35.57866666666666,0.6326666666666667,0.31566666666666665,0.32966666666666666,0,0,8941.039860682144,7050.0,12363.219776200825,10150.0,174533.74227687053,125675.5,234109.3938239919,221720.0,20.206278496214377,1.0009191473886838,1.0,1.0,5.106241896010905,4.7023554823062605,6.538913244162594,1.0009191473886838,0.9990808526113157,0.0009191473886840553,0.0,0.0,1888,0.0379489706207635,0.7860579156953842,4730.745418692683,6022.678398827643,0.5111228813559322
SOXL,y2023,rth,15:00,15:30,5,10,3000.0,88144,1.0,0.000927922688,0.0,29.381333333333334,0.57,0.292,0.29133333333333333,0,0,11528.002531640428,11300.0,11516.996903392015,9150.0,222393.77917877582,184422.0,220347.59576558488,202658.0,20.203270054887614,1.0028846496385133,1.0,1.0,5.11852473215686,4.735974769752454,6.557364707339626,1.0028846496385133,0.9971175172788853,0.0028803158037161926,0.0,0.0,1700,0.044018613969086795,0.8040131611167866,5449.587578346136,7520.334213598474,0.5105882352941177
SOXL,y2023,rth,15:30,16:00,5,10,3000.0,99259,1.0,0.005762003968,0.0,33.086333333333336,0.55,0.284,0.27466666666666667,0,0,11090.559327848536,11250.0,13622.456371304832,11800.0,212756.79777019177,182289.5,263237.7019766581,245901.0,20.18053319951007,1.0027126665125425,1.0,1.0,5.122813955128609,4.723079493583205,6.636644621902575,1.0027126665125425,0.9972873334874576,0.0027126665125424567,0.0,0.0,1640,0.040059239728778395,0.7122485584859922,5688.529308438421,8189.496111753351,0.5176829268292683
SOXL,y2023,open5,09:30,09:35,5,5,1500.0,105779,1.0,0.0013451042133333334,1.3361664e-05,70.51933333333334,3.8646666666666665,1.9226666666666667,2.058666666666667,0,0,2787.5956153451166,1800.0,2315.3337226013264,1400.0,54055.1849007004,29498.0,44690.47407196424,27430.000000000004,20.180229565516225,1.022227021273955,1.0,1.0,5.2742159838359335,4.745572999801715,6.707325829214708,1.022227021273955,0.977772978726045,0.02222702127395505,0.0,0.0,5792,0.025231973479489415,0.44834559093000176,831.7637711026713,1304.0170504633493,0.5341850828729282
SOXL,y2023,close5,15:55,16:00,5,5,1500.0,56638,1.0,0.002329702229333333,0.0,37.75866666666667,0.6873333333333334,0.36666666666666664,0.332,0,0,11118.097951210615,11100.0,12935.367922607611,10400.0,218320.21628570274,168720.0,255309.2148685424,238900.0,20.194176604194826,1.0002827594813943,1.0,1.0,5.098976401730358,4.713708015307192,6.586799433576227,1.0002827594813943,0.999717240518606,0.00028275948139416893,0.0,0.0,1026,0.03826988373761552,0.7803828063469525,4417.915360589923,7904.35735283553,0.5194931773879142
SOXL,y2023,pre,04:00,07:00,5,5,1500.0,4713,1.0,0.07563009570133333,7.014400000000001e-08,3.142,0.384,0.21266666666666667,0.17266666666666666,0,0,2604.4041273201615,1400.0,1848.8365005113822,1300.0,52082.45971156436,20762.0,38533.33170891171,21281.0,20.176539029332055,1.0030372765794198,1.0,1.0,5.168400820367807,4.767702734526632,6.743210718503876,1.0030372765794198,0.9969627234205806,0.003037276579419655,0.0,0.0,571,0.16884958594867533,43.01125250338917,6623.859486931179,21190.162906267647,0.23992994746059546
SOXL,y2023,pre,07:00,08:00,5,5,1500.0,6025,1.0,0.09516047735466666,7.290709333333332e-06,4.016666666666667,0.636,0.3506666666666667,0.2853333333333333,0,0,1993.6822479154666,1700.0,1669.5302332641888,1000.0,38564.84292859876,27812.0,33848.48685244407,22500.0,19.843869499967244,1.0003197798020314,1.0,1.0,5.237191364025936,4.823892106230304,6.688398764459238,1.0003197798020314,0.9996822438688793,0.0003157324602102298,0.0,0.0,949,0.15409117888561608,34.25799209065486,2439.6826255593924,19959.13130069898,0.24025289778714437
SOXL,y2023,pre,08:00,09:00,5,5,1500.0,7935,1.0,0.10297403613866667,1.831253333333333e-07,5.29,0.8266666666666667,0.44466666666666665,0.38333333333333336,0,0,2750.305656908443,1800.0,1723.3968526212407,1600.0,52611.69151993753,41526.0,33448.76905503989,32692.0,19.739237507373637,1.071701958116775,1.0,1.0,5.612683434216132,4.810178691092764,6.732077935236539,1.071701958116775,0.9282994499854526,0.07169914191231987,0.0,0.0,1235,0.11049263568487598,27.554724832993127,1388.649341636661,25925.68587480704,0.2437246963562753
SOXL,y2023,pre,09:00,09:30,5,5,1500.0,6292,1.0,0.09312282316800001,1.5701333333333335e-07,4.1946666666666665,0.54,0.236,0.304,0,0,4632.139229699408,2200.0,2987.3885377706224,1700.0,88058.44573348528,47614.0,54937.08964623805,32617.0,19.844003392886805,1.0049277596892099,1.0,1.0,5.274434563034472,4.787075254925413,6.7564283085193155,1.0049277596892099,0.9950722403107898,0.0049277596892100045,0.0,0.0,805,0.3110692935198609,35.93095414253725,4340.102636447441,14274.13583734857,0.17391304347826086
SOXL,y2023,post,16:00,17:00,5,5,1500.0,723,1.0,0.028325510656000003,0.0,0.482,0.07933333333333334,0.051333333333333335,0.028666666666666667,0,0,3704.109362259127,1400.0,2257.6318910809387,1300.0,82085.58505725685,21406.0,41396.13500021174,22711.0,20.081423944335516,1.1625571872544518,1.0,2.0,5.949673219663747,4.692684946866944,9.381119870867089,1.1625571872544518,0.8441493901952308,0.1491440323550861,0.0,0.0,114,0.052480746024977286,199.52623149688813,26302.679918953825,36961.12543066776,0.3684210526315789
SOXL,y2023,post,17:00,18:00,5,5,1500.0,111,1.0,0.04935555805866666,0.0,0.074,0.008,0.007333333333333333,0.0006666666666666666,0,0,2196.4617739025566,2600.0,2971.519282132821,3600.0,43226.35564289255,39702.0,60347.63099904657,55008.0,19.978033390467267,1.0053885123515502,1.0,1.0,5.1812654181623925,4.682744088034657,6.546644844517045,1.0053885123515502,0.9946114876484499,0.005388512351550107,0.0,0.0,10,6.309573444801939,17782.79410038926,31622.776601683774,23220.305760824416,0.0
SOXL,y2023,post,18:00,20:00,5,5,1500.0,218,1.0,4.296704e-06,0.0,0.14533333333333334,0.03866666666666667,0.022,0.018666666666666668,0,0,1376.7723638990562,1800.0,2419.5984872808986,1200.0,27305.972062854253,31643.999999999996,46724.84866233291,25632.0,20.210000519011512,1.4069137466812562,1.0,2.0,7.1601044737366735,5.68881097415567,11.395981790493959,1.4069137466812562,0.7194455032763717,0.22102235843565157,0.015816989390254915,0.0,54,0.1096478196143186,2660.7250597988113,46989.41086052167,45405.62007471521,0.24074074074074073
SOXL,y2023,pre,04:00,09:30,5,20,6000.0,24965,1.0,0.09172185809066666,1.925248e-06,4.160833333333334,0.5966666666666667,0.311,0.28633333333333333,0,0,2994.4790111733128,1800.0,2057.407961615538,1300.0,57826.67986664554,34058.0,40205.78789253899,25868.0,19.90270994501343,1.0151995359093946,1.0,1.0,5.271326280156859,4.767702734526632,6.743210718503876,1.0151995359093946,0.9848010880493581,0.015198287991889832,0.0,0.0,3560,0.15945259037974177,34.87685481188753,2869.312020761226,18766.898799344082,0.22640449438202248
SOXL,y2023,post,16:00,20:00,5,15,4500.0,1052,1.0,0.02589512180622222,0.0,0.23377777777777778,0.042,0.02688888888888889,0.016,0,0,2417.265107277641,1800.0,2545.2870842642487,1300.0,50699.26990893972,31643.999999999996,49384.60579241517,28572.0,20.09178845693043,1.2454432982421288,1.0,2.0,6.362786896324873,5.68881097415567,9.365365002197956,1.2454432982421288,0.8194129710991062,0.14914431539448486,0.00790849469512746,0.0,178,0.06606934480075963,1711.3283041617833,37439.78389823815,41230.816218579974,0.3089887640449438
SOXL,y2023,rth,09:30,16:00,5,130,39000.0,1441298,1.0,0.002422675836717949,1.0167794871794873e-07,36.95635897435898,0.7993589743589744,0.4054871794871795,0.41146153846153843,0,0,10109.95288819257,7750.0,10394.185936259111,8650.0,192620.20062778154,155610.5,197399.1619239632,183433.0,20.2873430095071,1.0029028602370236,1.0,1.0,5.111969092007711,4.631892407201608,6.485776747369686,1.0029028602370236,0.9970973066987072,0.002902526365562915,0.0,0.0,31045,0.040692529509803906,0.8278948987652006,3564.9055058890835,6695.206858141771,0.5063939442744403
SOXL,y2024,rth,09:30,10:00,2,4,1200.0,298305,1.0,0.001666492586666667,5.053866666666667e-07,248.5875,20.104166666666668,10.074166666666667,10.205,0,0,652.7607143932987,400.0,1710.9331817945604,400.0,21657.376879826763,13350.0,59017.048280136456,13312.0,33.223923513553686,1.0378678366469425,1.0,1.0,3.1377719390947783,3.1843529670259705,3.2239509172079073,1.0378678366469425,0.9621322466919833,0.037867669969091015,0.0,0.0,24121,0.02304777805312831,0.5022540909594396,157.01823670162076,284.46800931438594,0.5347207827204511
SOXL,y2024,rth,10:00,10:30,2,4,1200.0,232514,1.0,0.00216817792,3.170133333333333e-07,193.76166666666666,12.574166666666667,6.3375,6.480833333333333,0,0,699.0415784998328,550.0,703.7451274124855,450.0,23404.727664570317,18421.0,23846.414822265528,15188.5,33.34692879151222,1.0139030474613107,1.0,1.0,3.0573110545516893,3.2066388108302064,3.2260499749757616,1.0139030474613107,0.9860969525386895,0.01390304746131063,0.0,0.0,15085,0.025040685250850726,0.46502052160270413,227.26296185627118,488.6329546332433,0.5371561153463705
SOXL,y2024,rth,10:30,11:00,2,4,1200.0,199178,1.0,0.002258359253333333,0.0,165.98166666666665,11.185833333333333,5.536666666666667,5.868333333333333,0,0,871.3266626900287,550.0,835.9043335238482,600.0,30003.236821184855,18925.5,28704.560253932832,20487.0,34.17278724750646,1.0095370057184463,1.0,1.0,2.9672407356660426,3.118287731870458,3.119477749319543,1.0095370057184463,0.9904656934973525,0.009531607286848555,0.0,0.0,13419,0.02397233978131474,0.40973210981354147,243.60079447393232,610.7521883648931,0.5451225873761085
SOXL,y2024,rth,11:00,11:30,2,4,1200.0,148963,1.0,0.004042036693333334,0.0,124.13583333333334,8.766666666666667,4.245,4.6433333333333335,0,0,771.1503462302057,650.0,894.0380353655162,600.0,26639.708599838814,22322.5,30916.35329509949,19044.0,34.1943726288457,1.0096243575798203,1.0,1.0,2.9696011484137808,3.1361918870679615,3.158819119350209,1.0096243575798203,0.9903756424201793,0.009624357579820633,0.0,0.0,10516,0.024905088460438034,0.3468139982708368,296.51331408595456,869.4299985207509,0.5610498288322556
SOXL,y2024,rth,11:30,12:00,2,4,1200.0,102322,1.0,0.0021941570133333335,0.0,85.26833333333333,3.845833333333333,1.8716666666666666,2.045,0,0,1178.5789698404426,850.0,1175.284035982209,750.0,40216.19332126094,28488.5,40259.42791516308,26828.0,33.77015107198659,1.0003553520715733,1.0,1.0,2.9783801506937575,3.182216617997263,3.208663099167715,1.0003553520715733,0.9996446479284267,0.000355352071573373,0.0,0.0,4611,0.021847357086143406,0.2718785844003644,781.0929225557152,1458.5083941133018,0.5567122099327695
SOXL,y2024,rth,12:00,12:30,2,4,1200.0,84524,1.0,0.002000849706666667,0.0,70.43666666666667,2.8425,1.425,1.4966666666666666,0,0,1242.9554924230813,950.0,1305.3960856737706,1000.0,42141.90495253556,30244.0,44219.88120810663,33614.0,33.8720137676293,1.0002303602228508,1.0,1.0,2.966528667305069,3.1636887183756315,3.168170168614584,1.0002303602228508,0.9997696397771489,0.00023036022285098296,0.0,0.0,3407,0.026074267770401782,0.31053121543406526,1170.0765773740993,1812.910126336905,0.5503375403580862
SOXL,y2024,rth,12:30,13:00,2,4,1200.0,87403,1.0,0.0019097213866666666,1.686506666666667e-05,72.83583333333333,3.3825,1.7066666666666668,1.7625,0,0,1140.183236788982,800.0,1060.447588812409,750.0,37834.86011400709,26762.5,35462.12710727291,25311.5,33.765888713693094,1.0009663564893216,1.0,1.0,2.977748090517712,2.780758890268554,3.177943950591552,1.0009663564893216,0.9990336435106786,0.0009663564893214045,0.0,0.0,4055,0.0266993076712959,0.30460353544465757,920.0592362719955,1701.8091273097539,0.5482120838471023
SOXL,y2024,rth,13:00,13:30,2,4,1200.0,88610,1.0,0.0027000706133333335,3.36192e-06,73.84166666666667,3.825833333333333,1.8841666666666668,2.013333333333333,0,0,1141.753280740193,1000.0,1635.2733305039096,950.0,38271.49612429691,34930.0,54343.073409087556,33158.5,33.48720412439761,1.0139273549177208,1.0,1.0,3.0355997781665676,3.1204730635534093,3.1292579833109735,1.0139273549177208,0.9860726450822788,0.013927354917721041,0.0,0.0,4587,0.024570373860018913,0.33259070856004563,825.3465944477749,1397.5359116636143,0.552866797471114
SOXL,y2024,rth,13:30,14:00,2,4,1200.0,72534,1.0,0.0022180027733333337,0.0,60.445,2.2058333333333335,1.0841666666666667,1.1891666666666667,0,0,1530.708305239519,1200.0,1764.9329844622848,1250.0,50835.60585877585,39963.0,58630.64460653076,41485.0,33.55026981708865,1.000334314416971,1.0,1.0,2.9870245713704677,3.1044890800770983,3.120413788338872,1.000334314416971,0.9996656855830294,0.0003343144169706694,0.0,0.0,2643,0.02409061161690424,0.28371651420491184,1560.934269337505,2072.066054289745,0.5433219825955353
SOXL,y2024,rth,14:00,14:30,2,4,1200.0,87312,1.0,0.003211263573333333,1.25312e-06,72.76,2.8041666666666667,1.3841666666666668,1.5158333333333334,0,0,1355.2583058138728,1050.0,1523.9319587449725,1150.0,45429.02387579409,35268.5,50867.24092408187,38654.5,33.63580698068211,1.0000252964118121,1.0,1.0,2.9776646884204965,2.869259200527853,3.1014307751401495,1.0000252964118121,0.9999747035881882,2.529641181189358e-05,0.0,0.0,3361,0.024852916373763953,0.30607009302136107,1187.494423779282,1626.488077997272,0.5477536447485867
SOXL,y2024,rth,14:30,15:00,2,4,1200.0,120170,1.0,0.0011393211733333334,3.5084800000000002e-06,100.14166666666667,5.406666666666666,2.7308333333333334,2.7891666666666666,0,0,1457.3055648027578,900.0,1271.006935199138,900.0,48339.29366798646,29934.0,42427.84282884265,29970.0,33.42470471525558,1.0027720573760366,1.0,1.0,3.006338341771782,2.8674199873380743,3.1472273422481756,1.0027720573760366,0.9972279426239634,0.0027720573760366797,0.0,0.0,6484,0.02348886700784948,0.33877124646075435,450.8167045414603,1546.4954502361807,0.5538247995064774
SOXL,y2024,rth,15:00,15:30,2,4,1200.0,83718,1.0,0.004241158826666667,0.0,69.765,3.078333333333333,1.5041666666666667,1.6408333333333334,0,0,1225.190520068537,1000.0,1125.833733478769,950.0,40911.63144447937,33393.5,37572.9183536864,31657.500000000007,33.52552118638303,1.0001075049053783,1.0,1.0,2.988924080337465,3.1184209909299327,3.1215171735097242,1.0001075049053783,0.9998924950946215,0.00010750490537835397,0.0,0.0,3690,0.027466667499708473,0.3256611539664845,1064.5692391848106,1567.6968378836395,0.537940379403794
SOXL,y2024,rth,15:30,16:00,2,4,1200.0,113986,1.0,0.0023104174933333338,2.2178133333333335e-06,94.98833333333333,4.070833333333334,1.9783333333333333,2.191666666666667,0,0,2044.700550086357,1100.0,1391.6755728491962,1050.0,69350.13760651443,36505.0,46027.35529377243,34538.5,33.384047678464924,1.0000812073229224,1.0,1.0,3.0038828579671324,3.15871973335625,3.1617271702882315,1.0000812073229224,0.999918792677078,8.120732292214891e-05,0.0,0.0,4881,0.02488923571253905,0.2859606702422741,716.2204695520181,1592.7191425794695,0.5644335177217783
SOXL,y2024,open5,09:30,09:35,2,2,600.0,112784,1.0,0.0004284428800000001,1.2300800000000002e-06,187.97333333333333,32.315,15.76,16.766666666666666,0,0,635.960105420938,250.0,574.6267991550216,300.0,21074.439830492385,8441.5,19108.817483350755,10018.5,33.42931031558872,1.5161494772336797,1.0,2.0,4.604139134066111,3.1996202672011393,6.401357319015435,1.5161494772336797,0.5336092343658839,0.41809528455847633,2.3113931431334473e-06,0.0,19387,0.023748567967226162,0.4315307117550342,93.69724126783734,200.7881566985833,0.568937948109558
SOXL,y2024,close5,15:55,16:00,2,2,600.0,68751,1.0,0.00497345024,2.423466666666667e-07,114.585,3.408333333333333,1.6833333333333333,1.805,0,0,3220.039455906617,2100.0,2690.7094283741117,2200.0,107006.009253266,70401.0,89024.02966109962,72764.0,33.254281576075186,1.000538493983534,1.0,1.0,3.0151387475996696,3.1512014826963926,3.1512014826963926,1.000538493983534,0.9994621020476085,0.0005373019212491804,0.0,0.0,2043,0.023014418174085095,0.3461670398064831,911.5734479064147,1698.5494129208037,0.5653450807635829
SOXL,y2024,pre,04:00,07:00,2,2,600.0,992,1.0,2.1879466666666665e-06,0.0,1.6533333333333333,0.405,0.205,0.20333333333333334,0,0,655.4382299252236,600.0,535.5513707978365,300.0,22095.938251951935,20083.5,18324.507404788466,10378.5,34.59365501429671,2.14693646100914,2.0,4.0,6.298028631347397,5.434571364163436,12.35652956133608,2.14693646100914,0.3326964668021257,0.38498996276417224,0.06867751858274791,0.0,241,0.02526387710131897,354.81338923357555,7063.1755426296295,7297.939995053803,0.3236514522821577
SOXL,y2024,pre,07:00,08:00,2,2,600.0,1827,1.0,3.482453333333334e-05,0.0,3.045,0.5166666666666667,0.30333333333333334,0.21666666666666667,0,0,682.7264009083059,500.0,1876.8763722451206,600.0,23118.028842936386,17031.0,63278.80921173796,20757.0,34.589962829999436,1.7173150234676116,2.0,3.0,5.002878269188797,5.390150878213367,8.085508348613772,1.7173150234676116,0.42019113514685913,0.46818553698283866,0.0,0.0,308,0.041304750199016145,281.8382931264457,5495.408738576253,7727.738317598953,0.3116883116883117
SOXL,y2024,pre,08:00,09:00,2,2,600.0,1504,1.0,0.00013659050666666665,0.0,2.506666666666667,0.5266666666666666,0.26166666666666666,0.265,0,0,672.6373112631483,350.0,1072.1024872352634,600.0,23718.057275874115,12250.0,36007.39429664715,20802.0,34.69908460470435,2.0761769531019536,2.0,3.0,6.075029542741224,5.392749656973279,9.288583943351217,2.0761769531019536,0.22154260877718115,0.5650797586105356,0.02277636714219464,0.0,314,0.022559700688435765,35.48133892335751,6585.2372867438935,7384.945741188101,0.4267515923566879
SOXL,y2024,pre,09:00,09:30,2,2,600.0,4049,1.0,0.00015818495999999997,1.0837333333333334e-07,6.748333333333333,0.9983333333333333,0.4166666666666667,0.5816666666666667,0,0,957.2563115057358,650.0,894.1643378642549,450.0,32166.23533866566,22077.0,30011.967399302885,15672.0,34.14333223472814,1.8008417789013205,2.0,3.0,5.3796300719070995,5.500891541034178,9.385740576704814,1.8008417789013205,0.40255729909673266,0.4394471350985046,0.010244154274660633,0.0,597,0.0563866730069089,14.125375446227585,3298.62794092063,4347.840629271955,0.3953098827470687
SOXL,y2024,post,16:00,17:00,2,2,600.0,766,1.0,0.00537571328,0.0,1.2766666666666666,0.28833333333333333,0.14333333333333334,0.145,0,0,597.2355418817818,550.0,585.30787880364,500.0,19967.923961664455,18498.5,19584.234064333355,16768.0,33.23114020069012,1.7119838871573374,2.0,2.0,5.19259714965945,5.760029019876923,6.297599952757485,1.7119838871573374,0.3983459208165674,0.5405305577776913,0.0076009411201199235,0.0,171,0.050350060878790494,776.2471166286921,12828.675450999544,13220.757941462238,0.36257309941520466
SOXL,y2024,post,17:00,18:00,2,2,600.0,190,1.0,9.856000000000001e-07,0.0,0.31666666666666665,0.03833333333333333,0.025,0.013333333333333334,0,0,1450.5073386973665,1700.0,1486.5296429156163,1450.0,48100.92925213294,55869.0,50494.796593751526,49128.5,33.216741605311185,1.375839287120535,1.0,2.0,4.180915247459165,3.149296490771807,6.2992125984261795,1.375839287120535,0.6241607128794654,0.3758392871205348,0.0,0.0,21,0.8128305161640997,9172.759353897804,61659.50018614822,83695.77911759514,0.14285714285714285
SOXL,y2024,post,18:00,20:00,2,2,600.0,153,0.9999999999999997,8.521941333333337e-05,0.0,0.255,0.08333333333333333,0.041666666666666664,0.043333333333333335,0,0,1280.2817772459584,450.0,814.7703284573927,900.0,43364.99306776637,15118.5,26959.042657558675,29706.0,33.14122660855221,2.2279406469415406,2.0,4.0,6.740586926252893,5.793637989186652,12.59445865618163,2.2279406469415406,0.3489126725865958,0.3061289975735775,0.09666376616277633,0.0,48,1.063326571637161,3981.071705534976,25409.72705549306,18755.111733793623,0.08333333333333333
SOXL,y2024,pre,04:00,09:30,2,8,2400.0,8372,1.0,8.294698666666665e-05,2.7093333333333336e-08,3.4883333333333333,0.6116666666666667,0.2966666666666667,0.31666666666666665,0,0,742.0089776989429,500.0,1094.6758436623595,600.0,25274.36584926758,17031.0,36905.7536214136,19305.0,34.50651569337499,2.0244949543722996,2.0,3.0,5.938510680350139,5.434571364163436,9.349498018190115,2.0244949543722996,0.3347457807052334,0.437810682079117,0.04253290909595794,0.0,1460,0.039810717055349734,56.958108107377036,5076.396728502294,6645.753557000186,0.3726027397260274
SOXL,y2024,post,16:00,20:00,2,6,1800.0,1109,1.0,0.001820639431111111,0.0,0.6161111111111112,0.13666666666666666,0.07,0.06722222222222222,0,0,1110.2558944298,650.0,962.8832310001368,800.0,37175.2699289631,22501.5,32369.081388269144,26520.0,33.19630861461706,1.8859261170402386,2.0,3.0,5.7136715624061,5.7670126874267655,9.445012113871766,1.8859261170402386,0.4300829947173061,0.3821569600113453,0.050232118361418145,0.0,240,0.07356422544596415,1615.5980984398766,15635.711447601192,18262.479601173858,0.2875
SOXL,y2024,rth,09:30,16:00,2,52,15600.0,1719539,1.0,0.002466156077948718,2.1560615384615385e-06,110.22685897435898,6.4687179487179485,3.2125,3.3724358974358974,0,0,1177.794026494232,900.0,1261.4685093928533,800.0,39619.034808848985,28471.5,42486.03954600138,28040.0,33.64250326081651,1.0069041915994252,1.0,1.0,3.004168083214668,3.0863492270719957,3.1843529670259705,1.0069041915994252,0.9930960224920966,0.00690376341638202,0.0,0.0,100860,0.024110318320973764,0.3902109911129774,393.41865877496264,1192.5194683111856,0.5455581994844338
SOXL,y2025,rth,09:30,10:00,3,6,1800.0,392054,1.0,0.0031076031811111114,1.5258527777777778e-06,217.80777777777777,16.585555555555555,8.373888888888889,8.32611111111111,0,0,4983.721172028317,2450.0,5453.52568836403,2500.0,81661.86717182539,59308.0,84338.97160573452,67584.0,27.107221198600595,1.017711951841495,1.0,1.0,5.148975532632606,3.7122862681167206,9.33463618204814,1.017711951841495,0.9822882099782906,0.017711628201924318,0.0,0.0,29848,0.020850152354880483,0.2330436028892187,104.16013731056046,887.5634998091622,0.6173612972393461
SOXL,y2025,rth,10:00,10:30,3,6,1800.0,269231,1.0,0.003940459743888889,1.6987722222222223e-07,149.5727777777778,10.977222222222222,5.562222222222222,5.487222222222222,0,0,15335.369090557142,2850.0,17203.87187894614,3450.0,196470.0851676921,77745.0,221018.477917578,94203.0,27.498105232686367,1.016665780644422,1.0,1.0,5.066185727002409,3.668225050451414,9.174457871461634,1.016665780644422,0.9841654947941948,0.01510895620257816,4.5583851296887105e-07,0.0,19753,0.02020989669633917,0.16106616208120372,133.34700862192412,1674.851067969831,0.6522047283956868
SOXL,y2025,rth,10:30,11:00,3,6,1800.0,175121,1.0,0.002118386338333334,0.0,97.28944444444444,2.8444444444444446,1.471111111111111,1.4466666666666668,0,0,7814.780401674316,3750.0,8115.28946600357,4200.0,123001.4656917113,102753.0,130799.55681534886,115260.0,27.621667601240723,1.0000313570340906,1.0,1.0,5.08881705983,3.6500084170688565,9.400188593287666,1.0000313570340906,0.9999686429659096,3.13570340904054e-05,0.0,0.0,5114,0.020988205539864257,0.3154856368355693,913.5677093311833,2382.24407394906,0.5559249120062574
SOXL,y2025,rth,11:00,11:30,3,6,1800.0,144868,1.0,0.002933514683333334,0.0,80.48222222222222,2.4394444444444443,1.2527777777777778,1.255,0,0,10774.403309904206,4250.0,9764.225108025546,4900.0,162020.57532806258,116959.0,154946.0617544441,134774.5,27.563386235040543,1.000247476002821,1.0,1.0,5.072024778726565,3.636204327449483,9.328103780381564,1.000247476002821,0.9997525239971784,0.00024747600282138153,0.0,0.0,4385,0.021799484064618915,0.3965298283940275,875.9917176331172,3433.68637504737,0.5370581527936146
SOXL,y2025,rth,11:30,12:00,3,6,1800.0,118448,1.0,0.004246554180555555,0.0,65.80444444444444,1.6033333333333333,0.825,0.8305555555555556,0,0,11167.8572167806,3900.0,8689.029809920345,3800.0,161291.73363929233,107169.0,131678.7444539556,104349.0,27.630224986533474,1.0000069581604274,1.0,1.0,5.072325057010947,3.6409999108369946,9.32244747376273,1.0000069581604274,0.9999930418395726,6.958160427474454e-06,0.0,0.0,2880,0.02129895073206438,0.4908051271653853,1574.7884548821087,4062.70575239945,0.5204861111111111
SOXL,y2025,rth,12:00,12:30,3,6,1800.0,105154,1.0,0.0015476079688888891,0.0,58.41888888888889,1.38,0.7244444444444444,0.7033333333333334,0,0,9635.610528446043,5850.0,11948.458657076018,5150.0,152627.90423384038,148300.0,215620.4622108017,141679.5,27.61912757586478,1.000006330435922,1.0,1.0,5.044743840741904,3.636823562009023,9.254035018167647,1.000006330435922,0.999993669564078,6.330435921968239e-06,0.0,0.0,2478,0.023516858733000093,0.5943935308356522,1662.4199450683118,5391.737150900437,0.5157384987893463
SOXL,y2025,rth,12:30,13:00,3,6,1800.0,73846,1.0,0.0020061568272222224,0.0,41.025555555555556,0.8,0.4122222222222222,0.4111111111111111,0,0,10945.568329910157,6550.0,10522.815083811598,4450.0,171911.88811462934,180159.0,186589.89822970156,122419.0,27.72511728119513,1.0000014936782193,1.0,1.0,5.0348545813810315,3.636434956063423,9.25264581324247,1.0000014936782193,0.9999985063217807,1.4936782194242295e-06,0.0,0.0,1434,0.020563803642824195,0.48496934285281973,2416.1561600193,10984.482792981027,0.5195258019525802
SOXL,y2025,rth,13:00,13:30,3,6,1800.0,74060,1.0,0.001022397677222222,0.0,41.144444444444446,0.5855555555555556,0.29388888888888887,0.30277777777777776,0,0,9446.47448830545,4800.0,9819.665814808548,4900.0,150738.65090677605,127171.5,171016.72328260794,134798.0,27.783805705906325,1.0000012649371575,1.0,1.0,5.092752545764247,3.637494249091039,9.44103832818815,1.0000012649371575,0.9999987350628422,1.2649371577007484e-06,0.0,0.0,1048,0.020472118686589,0.4208602715178155,5217.951042390031,8098.382573487082,0.5372137404580153
SOXL,y2025,rth,13:30,14:00,3,6,1800.0,81471,1.0,0.0009655704327777777,3.7847000000000003e-07,45.26166666666666,0.6777777777777778,0.35888888888888887,0.33611111111111114,0,0,8417.146342978074,4300.0,10032.08885045717,4500.0,141861.9288531155,118018.5,182445.85377703054,123540.0,27.781372951043195,1.0000014856461694,1.0,1.0,5.102333846069164,3.64550205171544,9.467615880167807,1.0000014856461694,0.9999985143538306,1.4856461693983495e-06,0.0,0.0,1214,0.02035950070970978,0.3268027589410126,4289.245974816827,6329.8433590608975,0.5510708401976936
SOXL,y2025,rth,14:00,14:30,3,6,1800.0,72897,1.0,0.00039170400277777783,0.0,40.498333333333335,0.5127777777777778,0.25833333333333336,0.26944444444444443,0,0,12106.134058865966,5450.0,10159.711453326836,5400.0,202129.0673802546,149466.5,171451.1580676697,148069.0,27.858831188686665,1.0000015686049846,1.0,1.0,5.12663040720493,3.6475460455829727,9.563849679968603,1.0000015686049846,0.9999984313950157,1.5686049844067158e-06,0.0,0.0,917,0.019611011754760488,0.43540046536566485,6215.29202089126,7594.410727988091,0.5278080697928026
SOXL,y2025,rth,14:30,15:00,3,6,1800.0,60639,1.0,0.0030385883283333337,0.0,33.68833333333333,0.4905555555555556,0.26055555555555554,0.24722222222222223,0,0,7433.442990871561,4450.0,10129.749428269848,5300.0,141090.90618671276,121733.0,169610.47971753898,144949.0,27.903586695448155,1.0000017938513313,1.0,1.0,5.118939795893079,3.6537137489352944,9.523860821502744,1.0000017938513313,0.9999982061486687,1.793851331273519e-06,0.0,0.0,877,0.021026450129076675,0.3373844017221353,5324.146535821178,8734.547672141785,0.5438996579247435
SOXL,y2025,rth,15:00,15:30,3,6,1800.0,58644,1.0,0.0038829399127777776,0.0,32.58,0.4811111111111111,0.24555555555555555,0.24444444444444444,0,0,9251.015547335755,4950.0,10002.239008815695,6650.0,160732.86813812633,137505.0,188465.55353977464,159804.0,28.012489366054695,1.0000016114449217,1.0,1.0,5.094946750299062,3.6425206609281724,9.46907405411783,1.0000016114449217,0.9999983885550783,1.6114449215810262e-06,0.0,0.0,860,0.022317659570551807,0.40693384271671457,6309.573444801937,10496.994679136402,0.5546511627906977
SOXL,y2025,rth,15:30,16:00,3,6,1800.0,87811,1.0,0.000836447963888889,0.0,48.78388888888889,0.5283333333333333,0.2733333333333333,0.26666666666666666,0,0,11192.607204984826,5800.0,13832.711679207692,6950.0,180091.5923294152,159249.5,244783.02497144172,190742.0,28.135787104338814,1.0000036051299481,1.0,1.0,5.101747487745075,3.643005247493362,9.53169993169931,1.0000036051299481,0.999996394870052,3.6051299480490155e-06,0.0,0.0,945,0.02148084107691185,0.4549880601500485,5623.413251903487,8898.245766084023,0.544973544973545
SOXL,y2025,open5,09:30,09:35,3,3,900.0,153294,1.0,0.0023292177611111114,4.954744444444445e-07,170.32666666666665,17.88111111111111,9.171111111111111,8.913333333333334,0,0,4143.619708007632,1200.0,4259.785659545339,1100.0,65449.86288363635,35104.0,61385.515432220236,29656.0,27.31875318499062,1.256884324834906,1.0,2.0,5.7735141526230835,4.531690858290481,9.312966071852292,1.256884324834906,0.7824262184391674,0.18125533175874525,0.0004856657931374356,0.0,16090,0.02420997462662354,0.4506373252564545,121.73867523368708,483.05107404530156,0.5671224362958359
SOXL,y2025,close5,15:55,16:00,3,3,900.0,79898,1.0,0.0023228775777777775,0.0,88.77555555555556,1.1255555555555556,0.5511111111111111,0.5844444444444444,0,0,22141.599948669555,14500.0,18698.452777470367,11900.0,380691.97708581155,396430.0,319208.2901376651,326417.0,28.156005853755,1.00000818233768,1.0,1.0,5.091953826084332,3.653872234777712,9.461855384790336,1.00000818233768,0.9999918176623203,8.18233767984139e-06,0.0,0.0,1010,0.023942344015295828,0.4450277543334626,2183.385565256242,6292.303080761911,0.5762376237623762
SOXL,y2025,pre,04:00,07:00,3,3,900.0,4585,1.0,0.05255552924666666,0.0,5.094444444444444,0.5122222222222222,0.21333333333333335,0.29888888888888887,0,0,4003.71637644682,2800.0,8320.534463950258,4200.0,60157.83038725469,64660.0,111623.24927003382,115038.0,27.721839389689567,1.056135634202909,1.0,1.0,5.299593344568702,3.6543105501141766,9.432923306362916,1.056135634202909,0.9494297933756319,0.04500477904582718,0.0,0.0,458,0.06786825245721785,41.87465283537238,3345.3722064839194,12558.633479759483,0.2096069868995633
SOXL,y2025,pre,07:00,08:00,3,3,900.0,12763,1.0,0.13492902040666666,1.1404444444444444e-08,14.181111111111111,1.2522222222222221,0.6633333333333333,0.5933333333333334,0,0,3884.7743888826476,4300.0,3342.9338106155374,3900.0,64700.35236585438,77922.0,56997.578761812365,57024.0,27.8256928520448,1.344501245282591,1.0,3.0,6.044837158605867,4.439408948736968,9.484251898267027,1.344501245282591,0.7630007135659777,0.12949733409230585,0.0,0.0,1124,0.05482243651788704,25.451552912158963,2084.2382816862464,5422.754849500817,0.34608540925266906
SOXL,y2025,pre,08:00,09:00,3,3,900.0,4696,1.0,0.06322486171555555,0.0,5.217777777777778,0.32,0.14,0.18,0,0,4059.5112453062293,4300.0,11388.106392749274,2900.0,65579.11372305022,71967.0,139535.42850104786,78938.0,27.527036504465624,1.0599015740123647,1.0,1.0,5.391714660543326,3.674542751795604,9.573482401728064,1.0599015740123647,0.940098895588057,0.05990063481152123,0.0,0.0,285,0.05432503314924334,50.69907082747049,8097.171416105636,17409.848254625475,0.35789473684210527
SOXL,y2025,pre,09:00,09:30,3,3,900.0,9927,1.0,0.11595614037222221,4.4666666666666665e-06,11.03,2.252222222222222,1.1244444444444444,1.1344444444444444,0,0,4347.003950171816,3500.0,4614.971665244213,2700.0,68920.63059085266,76577.0,71719.24510300871,73440.0,27.29349890598682,1.4874617665357326,1.0,3.0,6.444931946677015,4.532504028102316,9.509607009220776,1.4874617665357326,0.7536114393382224,0.12517804587166434,0.02507868491541774,0.0,2024,0.012436376961321912,1.0360593046256334,726.0263465258026,5513.306216161402,0.4990118577075099
SOXL,y2025,post,16:00,17:00,3,3,900.0,1961,1.0,0.01740451691777778,0.0,2.178888888888889,0.5066666666666667,0.28888888888888886,0.21777777777777776,0,0,2575.2138907373455,1100.0,2047.2553145394681,300.0,47744.141900142145,41679.0,32265.051837997096,13929.0,28.164802697408124,1.5139049794365107,1.0,3.0,6.392765299754033,6.468104609744191,9.474182851728846,1.5139049794365107,0.6284731510973087,0.25817360222204166,0.0019230508963028964,0.0,453,0.04335695997575392,35.255122027179496,3850.840720193357,9386.856182119702,0.3443708609271523
SOXL,y2025,post,17:00,18:00,3,3,900.0,435,1.0,0.0873442063533333,5.402466666666666e-07,0.48333333333333334,0.03666666666666667,0.021111111111111112,0.016666666666666666,0,0,9313.603507481022,7300.0,2157.176317429878,1100.0,160539.1729712725,83142.0,38365.914087455465,32333.0,26.3847333001835,1.0864802518614052,1.0,1.0,5.601978680228233,3.667200513810612,9.478368101555828,1.0864802518614052,0.9135197481385947,0.08648025186140527,0.0,0.0,30,0.07943282347242818,1778.279410038924,39810.71705534981,70789.5105170285,0.26666666666666666
SOXL,y2025,post,18:00,20:00,3,3,900.0,802,1.0,0.003927275264444445,0.0,0.8911111111111111,0.07666666666666666,0.027777777777777776,0.04888888888888889,0,0,7291.039983327487,1500.0,6258.815024176961,2000.0,101679.52183218281,69315.0,82924.95417332003,54700.0,27.86218791439663,1.4862841159723725,1.0,3.0,6.436924880592756,6.489867990184689,10.198571533499763,1.4862841159723725,0.7442713565129123,0.0502523731654456,0.0,0.0,66,0.6419482215080362,398.10717055349784,26302.679918953825,69666.16499984027,0.22727272727272727
SOXL,y2025,pre,04:00,09:30,3,12,3600.0,31971,1.0,0.09166638793527777,1.1195177777777779e-06,8.880833333333333,1.0841666666666667,0.5352777777777777,0.5516666666666666,0,0,4073.3092089207594,3900.0,7024.693947284008,3400.0,64769.2441709518,74272.0,96104.60433584373,76189.0,27.592119339604672,1.1484619282130086,1.0,2.0,5.555963241126148,3.6770908434052036,9.509607009220776,1.1484619282130086,0.8960354016272802,0.07036387799584379,0.002279880446856158,0.0,3891,0.03332345323242535,12.02908401476267,1672.8405427951363,8480.958918236884,0.4104343356463634
SOXL,y2025,post,16:00,20:00,3,9,2700.0,3198,1.0,0.03622533284518518,1.800822222222222e-07,1.1844444444444444,0.20666666666666667,0.11259259259259259,0.09444444444444444,0,0,6326.8288774720995,1800.0,3532.8517183063805,1100.0,101929.20303718043,69315.0,51643.350976005575,32333.0,27.498666222507474,1.3932383658106653,1.0,3.0,6.217148435291945,6.468104609744191,10.198571533499763,1.3932383658106653,0.7576339030654319,0.11128965010358452,0.000480762724075724,0.0,549,0.048713244781699895,40.098211294926394,6063.554322818434,34031.79880666012,0.32604735883424407
SOXL,y2025,rth,09:30,16:00,3,78,23400.0,1714244,1.0,0.0023106100954700857,1.5955384615384614e-07,73.2582905982906,3.0697008547008546,1.5624786324786324,1.5482051282051281,0,0,9884.79120699125,4250.0,10436.531702427155,4850.0,155823.66873703658,114045.0,173305.29969927776,127426.0,27.710938854415875,1.0026647022970814,1.0,1.0,5.089641695709199,3.6419829250100375,9.467615880167807,1.0026647022970814,0.9973991499435589,0.0025451173324926926,3.500721840411985e-08,0.0,71753,0.02067745970154685,0.23679380480071224,419.19185078327865,5137.6803457506085,0.6022744693601662
SOXL,y2026,rth,09:30,10:00,2,4,1200.0,165795,1.0,0.00024833962000000005,1.2535583333333333e-07,138.1625,29.149166666666666,14.6225,14.69,0,0,350.67888299052083,200.0,528.1082501878702,250.0,31543.97918779278,16075.0,58895.9095751451,18829.0,103.82101970238433,4.493270891946075,3.0,9.0,3.9592477019606305,3.56223382986469,5.9471487734514,4.493270891946075,0.15526515082194647,0.31459654737354115,0.4337612224908297,0.0,34975,0.04008124254378511,1.6550293660729254,100.70854765050504,180.8196392230315,0.4532094353109364
SOXL,y2026,rth,10:00,10:30,2,4,1200.0,188047,1.0,0.00026020601083333333,4.0950999999999997e-07,156.70583333333335,35.149166666666666,17.414166666666667,18.003333333333334,0,0,376.19498732847416,250.0,529.7832725970167,250.0,33943.536732254746,18761.0,40255.52385708625,18816.0,103.98367514482261,4.9870188493798295,3.0,10.0,4.166503390510274,3.5521213496046204,6.6337918511958565,4.9870188493798295,0.22882843722401613,0.25843052825338686,0.4760802935286555,0.0,42175,0.03430805041584888,1.3547593354591203,83.54606634383654,149.7980162012028,0.4692590397154712
SOXL,y2026,rth,10:30,11:00,2,4,1200.0,135598,1.0,9.19483825e-05,6.416145333333334e-05,112.99833333333333,25.408333333333335,12.859166666666667,12.5925,0,0,300.4738215773753,200.0,335.1207961291347,250.0,26951.279638484888,16179.0,30308.25219204597,19031.5,103.86103265193753,3.7482682205215645,2.0,7.0,3.3085504854484316,3.466581397503847,4.671529059420993,3.7482682205215645,0.24844156447684412,0.25473349103013343,0.39584370946983405,0.0,30486,0.04428104590744994,3.126576314373141,116.08908449722641,189.14510168697257,0.4126484287869842
SOXL,y2026,rth,11:00,11:30,2,4,1200.0,136955,1.0,0.00018909144333333332,4.130385833333333e-06,114.12916666666666,25.324166666666667,12.664166666666667,12.8475,0,0,572.178943425476,250.0,432.88762476067984,250.0,61274.67987829553,18950.5,34822.99543802553,18952.0,104.23991238524599,2.979441509151625,2.0,6.0,2.8115103106384725,2.640541591238744,3.954730590505348,2.979441509151625,0.24724011493308462,0.2904249657714556,0.22506505019818054,0.0,30385,0.03236679898479617,1.4445717928313906,112.25884982428597,215.77047027780057,0.4648346223465526
SOXL,y2026,rth,11:30,12:00,2,4,1200.0,129460,1.0,0.00036691509333333335,8.362e-08,107.88333333333334,27.608333333333334,13.499166666666667,14.384166666666667,0,0,325.32674735502553,250.0,342.7055238523894,250.0,28334.669336994582,18889.5,28725.594896308237,18902.0,103.20071857931119,2.9944409192895356,2.0,6.0,2.6827886696842826,2.6788711350366268,4.011583422770567,2.9944409192895356,0.37893434269453863,0.14681567167093412,0.28413722938342767,0.0,33126,0.02548126647258796,1.1085982623947805,100.49834746602706,223.23550847495895,0.4895248445329952
SOXL,y2026,rth,12:00,12:30,2,4,1200.0,137664,1.0,0.0004408231675,8.272650000000001e-07,114.72,29.359166666666667,14.711666666666666,14.983333333333333,0,0,361.4957209680958,250.0,405.2651307664468,250.0,32957.21157363486,19048.0,37795.42716951556,19017.5,105.01379448534733,3.069776591998703,2.0,6.0,2.7194585060126903,2.6127106463400662,3.9246478135326908,3.069776591998703,0.358278612226545,0.166663666536241,0.298032148832431,0.0,35227,0.028805748637785462,1.3621733054401992,92.94248621977972,200.97992966852877,0.4695262156868311
SOXL,y2026,rth,12:30,13:00,2,4,1200.0,88297,1.0,0.0002739048049999999,0.0,73.58083333333333,19.134166666666665,10.184166666666666,9.170833333333333,0,0,340.98433414855305,250.0,367.7997296901565,250.0,28739.264787308555,19132.5,32922.39056321153,19118.5,105.11308306740037,2.750279195761807,2.0,6.0,2.426264810715619,1.961021157225291,3.9253169890580426,2.750279195761807,0.43532380344649585,0.11162741199201413,0.2190123659027081,0.0,22957,0.026033709977211026,0.8268562727951128,131.21856469648748,360.4205379693545,0.5141351221849545
SOXL,y2026,rth,13:00,13:30,2,4,1200.0,118413,1.0,0.0003005651375,0.0,98.6775,24.863333333333333,12.876666666666667,12.423333333333334,0,0,441.9631130723505,300.0,387.4905492076191,250.0,40461.650049796255,21884.5,33236.40919767743,19107.5,105.08052220761928,2.1495492667742653,1.0,4.0,1.984205299372173,1.756096891010937,2.6133718198152134,2.1495492667742653,0.5012733901104228,0.13088825885502003,0.06690544186750119,0.0,29832,0.014327711299518696,0.18607515321727566,90.85933737057083,401.2698109893254,0.6621078037007241
SOXL,y2026,rth,13:30,14:00,2,4,1200.0,113283,1.0,0.0005109246625,3.3003e-07,94.4025,24.696666666666665,13.136666666666667,11.855833333333333,0,0,476.85218966201023,250.0,473.3082372006844,250.0,40901.46157979694,19159.0,37750.034667585605,19153.5,105.05355891039322,2.4590002321283686,2.0,5.0,2.1860848052741213,1.7384410357522098,3.2832093455516147,2.4590002321283686,0.47976904759356503,0.09059494474728542,0.1464868237702087,0.0,29632,0.013951801960860611,0.1764838100599181,84.37874513178932,430.35535795305435,0.6622907667386609
SOXL,y2026,rth,14:00,14:30,2,4,1200.0,95838,1.0,0.00022497030083333332,1.6681666666666667e-08,79.865,19.309166666666666,9.870833333333334,9.645833333333334,0,0,368.34877823320556,300.0,469.46723188913535,300.0,30688.540931136955,21975.0,38761.67210676689,25886.0,105.06707648182677,1.8490592044200338,1.0,3.0,1.7707614633256858,1.7403241294608756,2.619697661404544,1.8490592044200338,0.5298553548907916,0.18708321018193527,0.010478868864085758,0.0,23167,0.011906565813003353,0.10983754468801159,110.7727633204179,580.0041788724162,0.7040186472137091
SOXL,y2026,rth,14:30,15:00,2,4,1200.0,75746,1.0,0.00022897285583333335,0.0,63.12166666666667,15.243333333333334,7.8725,7.5675,0,0,419.34342777198185,300.0,343.3178178815521,250.0,35129.39022751794,21999.5,28346.009428383517,19152.5,104.92779077066372,2.1381879642553137,1.0,4.0,1.9532059698379012,1.7387589147316358,2.627595650886639,2.1381879642553137,0.5188627742178661,0.1011569600388606,0.05802705929398201,0.0,18288,0.017273368940441958,0.275977080400177,142.96552279386228,634.1711155323108,0.614009186351706
SOXL,y2026,rth,15:00,15:30,2,4,1200.0,110478,1.0,0.00028740256083333325,6.652833333333333e-08,92.065,23.285833333333333,12.080833333333333,11.52,0,0,379.62985134592026,300.0,459.96184649773085,300.0,30752.607527792483,21803.5,39994.54411548419,29389.0,104.56709430885763,1.8798031256873549,1.0,3.0,1.816694621127396,1.761303649441661,2.62776731867987,1.8798031256873549,0.5159814049320024,0.19533309653651196,0.013860495145581577,0.0,27939,0.01294338110387172,0.12394748098430972,89.00980914500559,486.7126738653801,0.6882494004796164
SOXL,y2026,rth,15:30,16:00,2,4,1200.0,142174,1.0,0.0012877713750000003,0.00010609661666666669,118.47833333333334,16.721666666666668,8.464166666666667,8.3475,0,0,1034.3769049213388,700.0,1020.8090101004507,650.0,70402.32514352302,49393.0,73857.47989896547,46595.5,104.25905844527595,1.618079940880885,1.0,3.0,1.6153613225833179,1.7509631010230013,1.9850782230091746,1.618079940880885,0.6262938725790312,0.19954493919030347,0.01204767067169006,0.0,20062,0.027020740566671607,0.5791543844750436,125.21672410222281,575.4402453388811,0.5527365167979265
SOXL,y2026,open5,09:30,09:35,2,2,600.0,103576,1.0,0.000339501485,1.7519e-07,172.62666666666667,51.515,25.745,25.988333333333333,0,0,389.4851148045921,200.0,303.0881647315278,200.0,31258.684428062395,15906.5,27774.42320825037,15908.5,102.83988866652592,7.373896917776826,5.0,16.0,6.275608153217921,5.342523549505355,10.726287627269505,7.373896917776826,0.11847343581775407,0.1964980403493234,0.518436602127876,0.0,30907,0.02239742132884153,0.452417006840566,55.95123728437905,130.20583114849543,0.5894781117546187
SOXL,y2026,close5,15:55,16:00,2,2,600.0,88143,1.0,0.0021352276800000003,1.1485563333333334e-05,146.905,18.133333333333333,8.751666666666667,9.513333333333334,0,0,1124.9716877110511,850.0,1170.7994000662425,750.0,78313.05287929862,58086.5,83877.9326452539,52302.0,104.47322882268934,1.31480300715617,1.0,2.0,1.4135579715410953,1.7509631010230013,1.7509631010230013,1.31480300715617,0.8049418719983991,0.1340422604339734,0.015316843457362629,0.0,10878,0.028150850826232164,0.8355828713845634,101.98265538941097,581.8323460518604,0.5136973708402279
SOXL,y2026,pre,04:00,07:00,2,2,600.0,2696,1.0,2.006083333333333e-07,0.0,4.493333333333333,2.3766666666666665,1.2416666666666667,1.135,0,0,188.31279342144893,100.0,331.43346904364915,100.0,19427.117667612383,10562.0,43022.10769019614,10566.0,105.58804183115967,4.520046970020756,4.0,8.0,4.332264868644532,3.914393973278788,6.5273093985493045,4.520046970020756,0.032280756522455434,0.2476905955687974,0.41452355364354593,0.0,1424,0.08035261221856176,66.17434558908569,1223.005954273353,1624.219918857274,0.2654494382022472
SOXL,y2026,pre,07:00,08:00,2,2,600.0,3574,1.0,2.3590259999999997e-05,0.0,5.956666666666667,3.465,1.64,1.825,0,0,197.1128741049495,100.0,199.71404433789826,100.0,21268.91146752643,10483.0,21966.212579241394,10495.5,104.80009498201743,6.487762832045363,4.0,15.0,5.331593208032479,4.614388388713634,9.883275045246448,6.487762832045363,0.10716435416164409,0.3243555326630147,0.48513345600936214,0.0,2077,0.03700503928220936,20.815284586744994,734.0911696603408,1883.379032120842,0.33413577274915746
SOXL,y2026,pre,08:00,09:00,2,2,600.0,4332,1.0,0.004328403903333334,0.0,7.22,3.135,1.8483333333333334,1.2866666666666666,0,0,448.62435260343904,150.0,292.78327314380635,100.0,53152.37909399458,13380.0,27813.516285278347,10490.0,104.94803047387195,4.732296836671246,3.0,9.0,4.086016282598367,3.441316141513038,6.608030559744088,4.732296836671246,0.19504291228451626,0.2307116395143518,0.44752138253733303,0.0,1879,0.04673289027224304,28.299953001855663,889.1486204015866,1435.1712421847792,0.3379457158062799
SOXL,y2026,pre,09:00,09:30,2,2,600.0,5334,1.0,0.00054646592,0.0,8.89,3.7733333333333334,2.415,1.3633333333333333,0,0,377.5294572136634,150.0,323.64502709748626,150.0,33195.9850862404,13269.5,40409.783448995935,18034.5,104.3594274922929,4.619980964961733,3.0,9.0,4.1739462216849414,3.5240552723086322,5.924365939491839,4.619980964961733,0.10469358782779038,0.29637137955192194,0.43389319658818865,0.0,2262,0.05811059458576935,26.656704127384472,765.3492291547919,1186.3067535804064,0.3183023872679045
SOXL,y2026,post,16:00,17:00,2,2,600.0,324,1.0,2.1718200000000002e-06,0.0,0.54,0.3333333333333333,0.18166666666666667,0.15333333333333332,0,0,1054.6952632939333,250.0,525.9823888020717,300.0,74051.56781566271,18945.5,41729.8748953787,26517.0,104.05354757919888,4.377536641941631,4.0,8.0,4.571167021790622,3.968518912608596,8.778860503906097,4.377536641941631,0.04508968593668172,0.17741317448781396,0.4801213130604035,0.0,198,0.08810488730080149,232.63050671536251,5873.390668414149,10363.505331980696,0.21212121212121213
SOXL,y2026,post,17:00,18:00,2,2,600.0,222,1.0,0.0,0.0,0.37,0.25,0.12333333333333334,0.13,0,0,651.6508874838335,200.0,487.5303524954999,500.0,47695.734186445385,20868.0,39053.355077399116,33228.0,104.37004648234858,5.028047926838334,3.0,13.0,4.163100033777403,3.5113580149096797,8.567607523877369,5.028047926838334,0.2741254654216666,0.19111259120333335,0.41153637752833344,0.0,148,0.045708818961487506,223.87211385683403,10964.781961431854,18685.763352533282,0.3108108108108108
SOXL,y2026,post,18:00,20:00,2,2,600.0,284,1.0,1.536975e-06,0.0,0.47333333333333333,0.23666666666666666,0.13333333333333333,0.10666666666666667,0,0,309.3014707982948,200.0,606.2184543739423,350.0,24635.262421162184,16101.0,56650.299871682444,38877.0,104.25162877323268,5.130868954485644,4.0,10.0,5.361460787331368,5.289864741260721,8.810766628342778,5.130868954485644,0.10444291569448366,0.07779873111303809,0.41174730640864954,0.0,140,0.10000000000000005,857.6958985908948,13081.77474260195,14220.612562735552,0.22142857142857142
SOXL,y2026,pre,04:00,09:30,2,8,2400.0,15936,1.0,0.0012246651729166667,0.0,6.64,3.1875,1.78625,1.4025,0,0,302.7274035183097,100.0,286.8830583373706,100.0,31737.788724343165,13380.0,33307.946702935566,10490.0,104.92395045810756,4.925489283865408,4.0,10.0,4.454795855892167,3.914393973278788,6.902498351823869,4.925489283865408,0.08207205998680397,0.2629681179381308,0.43512219959480486,0.0,7642,0.04917270934333101,29.369050650598645,873.5029334920112,1496.9138261298365,0.31758701910494636
SOXL,y2026,post,16:00,20:00,2,6,1800.0,830,1.0,1.2362650000000002e-06,0.0,0.46111111111111114,0.2733333333333333,0.1461111111111111,0.13,0,0,671.8824491511448,200.0,539.9103746689104,350.0,48794.18223347697,16101.0,45811.17401628061,26517.0,104.22507438883069,4.916830619437812,4.0,10.0,4.86429715755769,4.6318611284363005,8.778860503906097,4.916830619437812,0.1320252456868289,0.13103080697930586,0.428788075851509,0.0,486,0.07112135136533294,288.4031503126609,8590.135215053962,15621.026953380342,0.2448559670781893
SOXL,y2026,rth,09:30,16:00,2,52,15600.0,1637748,1.0,0.0003624488780769231,1.3557495897435898e-05,104.98384615384616,24.25019230769231,12.327435897435898,12.156282051282052,0,0,442.09131976852194,250.0,468.87756987799025,300.0,37849.619934451526,19787.0,39664.18017063266,22750.0,104.47602990417424,2.855210984635995,2.0,6.0,2.569375665176522,1.9637895814738395,3.9987778480236327,2.855210984635995,0.40185042868981524,0.1883022663923334,0.20307435208276092,0.0,378251,0.023140041124216193,0.6091170317203481,102.74130326722745,304.43825272569154,0.5396918977081356
SOXS,last12m,rth,09:30,10:00,3,6,1800.0,219107,1.0,0.0006355530166666666,0.0,121.72611111111111,14.64,7.6883333333333335,7.5377777777777775,0,0,185119.24967690714,650.0,203045.8920965983,700.0,618456.6750387023,21118.0,675479.2301703781,22729.0,24.11554307206179,1.2339763734499754,1.0,2.0,12.931281452834629,5.461561701997921,30.877740201926397,1.2339763734499754,0.7822766737937858,0.20147139895426697,0.0,0.0,26346,0.027670761821063247,0.40463585593217904,117.05221319071329,750.7003382394605,0.5764062855841494
SOXS,last12m,rth,10:00,10:30,3,6,1800.0,257655,1.0,0.0007493847216666666,0.0,143.14166666666668,16.953333333333333,9.228333333333333,8.301666666666666,0,0,186079.69221687605,700.0,210254.87928836327,650.0,609913.1453762584,22782.0,684502.1787229668,21175.5,23.99475980677442,1.1726868293015111,1.0,2.0,12.933354567324974,5.471759888258959,31.556381861555753,1.1726868293015111,0.8300501782050975,0.16731029215338342,0.0,0.0,30510,0.030884450903377974,0.6216107529587813,108.06618984937094,525.9272675508162,0.5329400196656834
SOXS,last12m,rth,10:30,11:00,3,6,1800.0,163059,1.0,0.0021189751461111114,9.503809166666667e-05,90.58833333333334,8.18388888888889,4.495555555555556,4.4783333333333335,0,0,242590.97654384203,900.0,229382.49088636992,1050.0,783597.0916158017,29497.5,742989.6625040172,34455.5,23.84058232356197,1.0065335010979197,1.0,1.0,12.568908256432906,3.05264556322797,31.801900740424937,1.0065335010979197,0.993466744237478,0.0065330104271237545,0.0,0.0,14725,0.02033978387204535,0.19423270945885476,245.11309617315285,821.6560535116517,0.6235653650254669
SOXS,last12m,rth,11:00,11:30,3,6,1800.0,173938,1.0,0.0016713164888888892,2.1376006666666663e-05,96.63222222222223,9.454444444444444,5.186111111111111,4.745555555555556,0,0,276741.8779971082,1200.0,246925.26128644732,1650.0,898037.5748131876,38944.0,808285.2764512693,53562.0,23.908755903748354,1.031078266450618,1.0,1.0,12.568187466888629,3.0862657201533765,31.676520105250134,1.031078266450618,0.969448556635533,0.030024620278315827,0.0,0.0,17012,0.022689034931139735,0.21134890398366485,148.00547388170503,1298.1707331781433,0.6267340700681872
SOXS,last12m,rth,11:30,12:00,3,6,1800.0,120746,1.0,0.002741519468888889,0.0,67.08111111111111,4.557222222222222,2.495,2.4983333333333335,0,0,208294.78867394055,1350.0,259157.94112460513,1200.0,678379.8308079563,44473.0,839512.9463198604,39534.0,24.033133475945327,1.001116543222204,1.0,1.0,12.54610037567522,3.0373168323684188,31.75962983743991,1.001116543222204,0.9988834567777964,0.001116543222203748,0.0,0.0,8197,0.019187714852360732,0.20236203226604638,455.4331696550976,1063.8090577031744,0.6000975966817128
SOXS,last12m,rth,12:00,12:30,3,6,1800.0,152025,1.0,0.002049416102222222,1.4757361111111112e-06,84.45833333333333,7.0088888888888885,3.9477777777777776,3.6194444444444445,0,0,285443.02578530123,1250.0,290329.0203517349,1600.0,931723.9404888221,40189.5,946854.3168854293,51216.0,23.77387662128871,1.0092452742836828,1.0,1.0,12.524572104648044,3.1158592953029047,31.554879630702022,1.0092452742836828,0.9907547257163173,0.009245274283682646,0.0,0.0,12610,0.02131062501201916,0.2182986725851289,248.20195319590144,1130.2348336690832,0.6115781126090405
SOXS,last12m,rth,12:30,13:00,3,6,1800.0,76549,1.0,0.00346677356,0.0,42.52722222222222,2.436111111111111,1.3377777777777777,1.3411111111111111,0,0,364582.8890987914,1400.0,188733.84874329768,1650.0,1172404.7373157248,45016.0,622803.9145770202,53098.0,23.68224187353857,1.0001389140357284,1.0,1.0,12.597467517178636,3.1132219051219976,31.802561805524658,1.0001389140357284,0.9998610859642716,0.00013891403572839837,0.0,0.0,4379,0.02023414722664885,0.19835766148855644,864.6402389727165,1972.139615884467,0.6067595341402147
SOXS,last12m,rth,13:00,13:30,3,6,1800.0,63326,1.0,0.0019094578188888886,0.0,35.181111111111115,1.49,0.8561111111111112,0.8427777777777777,0,0,239051.8752744057,1900.0,340496.0932831239,2600.0,779150.4153061669,60899.5,1099694.9979989731,83350.0,23.743209493248344,1.0003652328834518,1.0,1.0,12.66104964632793,3.1201705519118463,32.071812727957116,1.0003652328834518,0.9996347671165485,0.0003652328834516889,0.0,0.0,2677,0.024973104097145666,0.5486377848437107,1435.3457302613383,2186.179672410991,0.5211057153530071
SOXS,last12m,rth,13:30,14:00,3,6,1800.0,77537,1.0,0.003730272998888889,4.800907222222223e-05,43.07611111111111,1.9516666666666667,1.1005555555555555,1.135,0,0,402822.2497958223,2050.0,318702.3479036338,2300.0,1283432.197776617,65956.0,1028918.1177493751,74008.0,23.647665851097546,1.00043845732824,1.0,1.0,12.715822673840593,3.1094728838401684,32.180509792709735,1.00043845732824,0.9995629850793606,0.0004355725130389062,0.0,0.0,3507,0.02436746465693345,0.6040329166580771,1060.6096043539942,2375.152082839002,0.5212432278300542
SOXS,last12m,rth,14:00,14:30,3,6,1800.0,44267,1.0,0.001194612735,0.0,24.592777777777776,1.0922222222222222,0.5833333333333334,0.6666666666666666,0,0,332779.36650942854,2400.0,323560.04890828737,3000.0,1060450.1600045762,77267.99999999999,1040195.1541036667,96672.0,23.661330567230596,1.0007583553504036,1.0,1.0,12.771491552584736,3.1087323138656595,32.41491085899442,1.0007583553504036,0.9992416446495963,0.0007583553504036921,0.0,0.0,1961,0.024097372826645317,0.6903391444808872,1809.8041466797463,3411.868721594949,0.5165731769505354
SOXS,last12m,rth,14:30,15:00,3,6,1800.0,48032,1.0,0.001774854236111111,0.0,26.684444444444445,0.8616666666666667,0.47888888888888886,0.5055555555555555,0,0,385951.1111900958,2200.0,313158.71854600206,2700.0,1222326.1206239166,70910.0,1004176.0493788028,87034.5,23.673384583154494,1.0000208606791092,1.0,1.0,12.823657791327228,3.102157758082784,32.52032520325281,1.0000208606791092,0.9999791393208909,2.086067910912943e-05,0.0,0.0,1547,0.02482497894859132,2.3909551442705106,2461.4469276323616,3286.9427911157973,0.486748545572075
SOXS,last12m,rth,15:00,15:30,3,6,1800.0,65418,1.0,0.0014215609955555558,0.0,36.343333333333334,1.1955555555555555,0.6622222222222223,0.7022222222222222,0,0,413188.80128863436,2500.0,279459.5138117377,2500.0,1306580.8413551159,80665.99999999999,895109.6829696245,80714.5,23.812582619956945,1.0001166740737568,1.0,1.0,12.882513638286827,3.0994368349740444,32.81743616823173,1.0001166740737568,0.999883325926243,0.0001166740737568898,0.0,0.0,2146,0.024395912845563927,1.0545736679737403,1625.62514457249,2571.711706157412,0.49860205032618826
SOXS,last12m,rth,15:30,16:00,3,6,1800.0,88769,1.0,0.0034363457311111113,0.00011910953833333334,49.31611111111111,1.7355555555555555,0.9594444444444444,0.9505555555555556,0,0,228121.38766063278,2800.0,424637.9341504719,2350.0,746662.4096853151,90832.0,1333718.3065657408,76275.0,23.80111655335826,1.0003124847572435,1.0,1.0,12.971855395170861,3.0843972837697224,32.948929159803136,1.0003124847572435,0.9997026553934406,0.0002823610716043658,0.0,0.0,3120,0.023562546370004697,0.4535933372579278,1270.5741052085411,2427.380397470124,0.5506410256410257
SOXS,last12m,open5,09:30,09:35,3,3,900.0,114767,1.0,0.0007244427655555555,1.4066733333333334e-05,127.5188888888889,15.44111111111111,8.383333333333333,7.46,0,0,79996.03115847628,700.0,64595.38909302251,400.0,304818.0806433614,25676.0,221366.71709602737,14691.999999999998,24.258055417387098,1.568985213629437,1.0,3.0,14.00558109095634,6.073048422624505,31.21222376080091,1.568985213629437,0.6589924200385608,0.196042812315751,0.018018355849171185,0.0,13894,0.029150845976808667,0.67586679626947,129.2564673246195,544.3221560972462,0.5313084784799194
SOXS,last12m,close5,15:55,16:00,3,3,900.0,47369,1.0,0.004047864613333334,0.0,52.632222222222225,1.5888888888888888,0.87,0.8666666666666667,0,0,262094.4791743993,2800.0,437004.3955258372,1700.0,850146.2271714555,90524.0,1363387.9779216829,55063.0,23.751572782333152,1.0011708552613576,1.0,1.0,13.019728423185049,3.089725175172717,33.05785123966874,1.0011708552613576,0.9988291447386425,0.0011708552613575616,0.0,0.0,1428,0.024909421203339475,0.39810717055349726,1404.9053256994025,2596.209311767982,0.5651260504201681
SOXS,last12m,pre,04:00,07:00,3,3,900.0,4591,1.0,0.04091442495,0.0,5.101111111111111,0.8177777777777778,0.42777777777777776,0.4033333333333333,0,0,21142.105805869887,700.0,42031.37938724798,600.0,80585.81809985843,22470.0,146104.84319188038,19242.0,24.000325494414845,1.7805618588517096,1.0,4.0,14.419652674794282,8.456010112382579,31.89792663476947,1.7805618588517096,0.661329909581658,0.06213839918902119,0.021585645227201192,0.0,733,0.04240248452714331,17.7827941003892,2574.097542643144,5157.966567689762,0.3219645293315143
SOXS,last12m,pre,07:00,08:00,3,3,900.0,7106,1.0,0.02099130002555556,1.2747322222222223e-06,7.895555555555555,1.941111111111111,1.1088888888888888,0.9588888888888889,0,0,50686.89232668117,500.0,31529.573613404576,400.0,173663.99226795873,16175.0,112724.12269850922,12940.0,23.50589262126609,1.7376793592950488,1.0,3.0,14.879550193209306,8.440655453223947,31.897926634769465,1.7376793592950488,0.6619834768461054,0.07690599834513741,0.04073705512739586,0.0,1745,0.022963041556618075,1.083548823318809,878.5166564072719,3245.9201174804516,0.49340974212034383
SOXS,last12m,pre,08:00,09:00,3,3,900.0,4882,1.0,0.0032151524288888886,0.0,5.424444444444444,1.1944444444444444,0.62,0.6311111111111111,0,0,102658.67983743314,600.0,54691.185123799594,1000.0,335386.19216430886,19500.0,193286.9304356137,32520.000000000004,23.643275956522686,2.099512266029383,1.0,5.0,15.770692179724765,11.300292695539774,31.99999999999934,2.099512266029383,0.6775651219542486,0.04491722432956876,0.12181378645806933,0.0,1073,0.06456542290346554,3.142116058074338,1511.9025848114754,4734.527627349737,0.38024231127679403
SOXS,last12m,pre,09:00,09:30,3,3,900.0,8788,1.0,0.016044019551111108,0.0,9.764444444444445,1.5122222222222221,0.9311111111111111,0.69,0,0,20181.578678562815,600.0,23271.09573926296,900.0,81695.13788101013,19445.999999999996,89964.35781610684,29106.000000000004,24.161422723214983,1.7216295926498004,1.0,4.0,14.16045048010756,8.265812544288648,31.212683792771536,1.7216295926498004,0.6843496130177182,0.09124787772420453,0.04264566516907613,0.0,1358,0.05098600454965219,3.8018939632056106,1664.0886963901025,5482.392229353852,0.35346097201767307
SOXS,last12m,post,16:00,17:00,3,3,900.0,1498,1.0,0.01696335950777778,0.0,1.6644444444444444,0.6266666666666667,0.33555555555555555,0.29555555555555557,0,0,29831.352752798153,800.0,16373.567489728233,800.0,111029.58074030101,28880.0,73607.73018694857,25983.999999999996,24.214688576134225,1.4707931639957756,1.0,4.0,13.952206394724781,6.156511933956055,32.991931854215764,1.4707931639957756,0.7400485445386614,0.15363583065308883,0.0,0.0,561,0.03845917820453537,1.0128743088211933,395.82206483572384,29862.505909710104,0.49910873440285203
SOXS,last12m,post,17:00,18:00,3,3,900.0,219,1.0,0.0,0.0,0.24333333333333335,0.06,0.03888888888888889,0.021111111111111112,0,0,40644.370556933674,500.0,27237.893551086112,600.0,139330.02507063453,18045.0,94839.65340186386,21660.0,23.828699553827498,1.5559218186433335,1.0,3.0,14.568160553348998,8.313703755023175,32.84072249589422,1.5559218186433335,0.6945507809988889,0.10011476045444445,0.007819333982222225,0.0,52,0.06456542290346554,2511.886431509583,20892.96130854042,24236.98981652343,0.25
SOXS,last12m,post,18:00,20:00,3,3,900.0,329,1.0,0.0,0.0,0.3655555555555556,0.08,0.028888888888888888,0.051111111111111114,0,0,36072.83517491244,1600.0,30074.16608456522,400.0,131086.43601010475,51760.0,114075.50741729852,14504.0,23.886553723144196,2.083377495591111,1.0,4.0,15.938571106696553,11.033705691753186,32.840722495894205,2.083377495591111,0.5374754296933333,0.1667476054911111,0.07804544937111112,0.0,70,0.05716666501913617,1258.9254117941678,23263.050671536304,23286.116609961315,0.2571428571428571
SOXS,last12m,pre,04:00,09:30,3,12,3600.0,25367,1.0,0.02029122423888889,3.186830555555556e-07,7.046388888888889,1.3663888888888889,0.7719444444444444,0.6708333333333333,0,0,49016.197838343134,600.0,37917.518658187284,750.0,168927.63422719602,19473.0,135670.78252388307,24174.0,23.82643640611903,1.8253985451280845,1.0,4.0,14.725350115885583,8.456010112382579,31.89792663476947,1.8253985451280845,0.6664932971007613,0.06433861074615854,0.04520556542756488,0.0,4909,0.039894539971480944,3.0366473958777367,1493.928790442763,4572.781539127712,0.40435933998777757
SOXS,last12m,post,16:00,20:00,3,9,2700.0,2046,1.0,0.00565445316925926,0.0,0.7577777777777778,0.25555555555555554,0.13444444444444445,0.12259259259259259,0,0,35548.51357970496,800.0,24608.439406065638,600.0,127240.34360647826,28880.0,94291.2510018603,21660.0,23.97529363689576,1.7983674934553333,1.0,4.0,15.099377290366725,8.313703755023175,32.84072249589422,1.7983674934553333,0.6273875462310543,0.14681145052243888,0.040977558181111116,0.0,683,0.04171035656203434,2.317394649968478,4496.319283114459,25305.09943234067,0.45534407027818447
SOXS,last12m,rth,09:30,16:00,3,78,23400.0,1550428,1.0,0.002069234078461538,2.192372653846154e-05,66.25760683760684,5.50465811965812,3.0014957264957265,2.871153846153846,0,0,288497.51213404536,1650.0,279042.5712831696,1800.0,930013.2347187097,57758.0,901643.5683925399,58112.0,23.82223399566509,1.0351824570633195,1.0,1.0,12.730531136126489,3.0997207180469943,32.322235946646686,1.0351824570633195,0.9663222567162432,0.032180636192175614,0.0,0.0,128737,0.023788021310536627,0.3501327069959325,253.16233815988227,1647.2166241311345,0.5775728811452807
SOXS,last5,rth,09:30,10:00,1,2,600.0,56701,1.0,0.0006788986566666666,0.0,94.50166666666667,7.758333333333334,4.113333333333333,3.74,0,0,1210.771740127069,650.0,1026.7596397544824,700.0,39276.95949140144,21118.0,33351.576008213764,22729.0,32.46817729738514,1.5431641397564988,1.0,2.0,4.752035052347747,3.084151649010009,6.157899524806914,1.5431641397564988,0.504322586137921,0.4481940480888417,0.0,0.0,4653,0.04090070267220123,8.897862992521654,394.2614490162936,606.3281555889589,0.3713733075435203
SOXS,last5,rth,10:00,10:30,1,2,600.0,100207,1.0,0.0005725293400000001,0.0,167.01166666666666,14.948333333333334,8.015,7.138333333333334,0,0,991.6356606371384,700.0,951.6061292214366,650.0,32234.49319864483,22782.0,30954.87339583887,21175.5,32.50760728271111,1.3488512505328907,1.0,2.0,4.150749022889629,3.086690062942809,6.180274996594969,1.3488512505328907,0.6585911624885915,0.3342588063371127,0.0,0.0,8967,0.03853132587579915,4.865783459834249,200.7474327362566,327.4302190456223,0.40426006468161035
SOXS,last5,rth,10:30,11:00,1,2,600.0,87167,1.0,0.004506727996666667,0.0002850810033333333,145.27833333333334,13.558333333333334,6.933333333333334,6.96,0,0,1251.6623712501846,900.0,1220.013618053612,1050.0,41000.458228429285,29497.5,39993.16081119785,34455.5,32.77530122044712,1.0097852770251832,1.0,1.0,3.080957635163662,3.05264556322797,3.05264556322797,1.0097852770251832,0.9902147229748165,0.009785277025183435,0.0,0.0,8133,0.014783139212595919,0.1075271541609392,165.08622753573525,761.8780732119155,0.6832657076109676
SOXS,last5,rth,11:00,11:30,1,2,600.0,55577,1.0,0.0024828092316666666,6.412801999999998e-05,92.62833333333333,5.24,2.6683333333333334,2.795,0,0,1535.992632349951,1200.0,1845.6110193494342,1650.0,49804.145884651014,38944.0,59861.74934490034,53562.0,32.43864250416718,1.0007658533220218,1.0,1.0,3.0851202387064,3.0862657201533765,3.0862657201533765,1.0007658533220218,0.9992341466779782,0.0007658533220218347,0.0,0.0,3142,0.014441222535219123,0.1269078165380248,586.6218145723725,1334.9960279705188,0.6362189688096753
SOXS,last5,rth,11:30,12:00,1,2,600.0,63822,1.0,0.004870061491666667,0.0,106.37,7.805,4.02,4.083333333333333,0,0,1521.9691345213712,1350.0,1375.4106574174166,1200.0,50123.3475594389,44473.0,45312.62693770392,39534.0,32.93890443141831,1.0013295194397593,1.0,1.0,3.0399789891628326,3.0373168323684188,3.0373168323684188,1.0013295194397593,0.9986704805602407,0.0013295194397593237,0.0,0.0,4681,0.013595532626026254,0.09847227091174916,326.6833377245122,1169.6553959420314,0.6686605426190985
SOXS,last5,rth,12:00,12:30,1,2,600.0,70489,1.0,0.0031100281166666663,0.0,117.48166666666667,7.165,3.716666666666667,3.6366666666666667,0,0,1949.1366016083928,1250.0,1798.66883140541,1600.0,62547.145618780836,40189.5,57732.583591971365,51216.0,32.10295672564851,1.0012364792468902,1.0,1.0,3.1188504463521887,3.1141440198406585,3.1158592953029047,1.0012364792468902,0.9987635207531097,0.001236479246890171,0.0,0.0,4297,0.0149837636865695,0.11849534744204981,436.6369472137195,1066.7479023025514,0.6404468233651385
SOXS,last5,rth,12:30,13:00,1,2,600.0,44920,1.0,0.0076288103566666664,0.0,74.86666666666666,4.895,2.595,2.6283333333333334,0,0,1552.7199736765197,1400.0,1748.9509706501983,1650.0,49877.385998484155,45016.0,56196.63834472824,53098.0,32.12970239432187,1.0002888544760185,1.0,1.0,3.1132891844120953,3.111565357715492,3.1132219051219976,1.0002888544760185,0.9997111455239819,0.0002888544760182172,0.0,0.0,2935,0.014933988899378846,0.11516208623747544,547.484833789702,1826.3578711077234,0.6674616695059625
SOXS,last5,rth,13:00,13:30,1,2,600.0,23141,1.0,0.0026507045366666667,0.0,38.568333333333335,1.3016666666666667,0.7183333333333334,0.765,0,0,2499.3744023518093,1900.0,2548.437456822544,2600.0,80096.28767244123,60899.5,81733.22747110545,83350.0,32.06672316214481,1.0000298883936338,1.0,1.0,3.1185945580540797,3.1201705519118463,3.1201705519118463,1.0000298883936338,0.9999701116063661,2.9888393633932405e-05,0.0,0.0,779,0.023554232929964836,0.41481756979663814,2563.0082256525584,3733.3372956078583,0.5442875481386393
SOXS,last5,rth,13:30,14:00,1,2,600.0,27188,1.0,0.00871815034,0.0001440272166666667,45.31333333333333,1.5283333333333333,0.8733333333333333,0.8283333333333334,0,0,2080.13721039542,2050.0,2566.6353999521016,2300.0,67004.03405248781,65956.0,82686.30248659464,74008.0,32.21052322047831,1.0000188546431956,1.0,1.0,3.104644483801439,3.0997207180469943,3.1094728838401684,1.0000188546431956,0.999981145356804,1.8854643195768537e-05,0.0,0.0,915,0.02148084107691185,0.7079457843841387,2331.562484720034,3509.223384020123,0.5060109289617486
SOXS,last5,rth,14:00,14:30,1,2,600.0,15274,1.0,0.0023782575083333337,0.0,25.456666666666667,0.5216666666666666,0.30333333333333334,0.30666666666666664,0,0,2469.9698968077737,2400.0,2997.9035768336976,3000.0,79497.12165832352,77267.99999999999,96528.75556937105,96672.0,32.193109188428345,1.0000050422534439,1.0,1.0,3.106275911961214,3.103792990616715,3.1087323138656595,1.0000050422534439,0.9999949577465563,5.0422534437782486e-06,0.0,0.0,311,0.021175483400907122,70.79457843841391,5828.4832879848445,6749.985226266932,0.4662379421221865
SOXS,last5,rth,14:30,15:00,1,2,600.0,21663,1.0,0.003627601745,0.0,36.105,0.9883333333333333,0.57,0.5933333333333334,0,0,2374.334722045741,2200.0,2817.580797469747,2700.0,76570.40630764175,70910.0,90894.32482787875,87034.5,32.2528965147039,1.0000036946426925,1.0,1.0,3.100513244684025,3.102157758082784,3.102157758082784,1.0000036946426925,0.9999963053573078,3.69464269227764e-06,0.0,0.0,591,0.021849647980323336,19.201419386388025,3068.1387799660974,4831.266001758034,0.47377326565143824
SOXS,last5,rth,15:00,15:30,1,2,600.0,21890,1.0,0.0013669014550000004,0.0,36.483333333333334,0.8366666666666667,0.4633333333333333,0.4866666666666667,0,0,2805.1320754892863,2500.0,2690.026162158209,2500.0,90513.65210823057,80665.99999999999,86827.53842139331,80714.5,32.274479865868265,1.0000039265805822,1.0,1.0,3.0984367019709063,3.0994368349740444,3.0994368349740444,1.0000039265805822,0.999996073419418,3.926580582044107e-06,0.0,0.0,500,0.02161636219970309,15.848931924611147,3630.780547701018,4482.599924859749,0.474
SOXS,last5,rth,15:30,16:00,1,2,600.0,37350,1.0,0.0025390624133333336,0.00035732861500000005,62.25,1.915,1.0166666666666666,1.05,0,0,3193.102233809223,2800.0,2770.4484470077073,2350.0,103675.69508194082,90832.0,89965.01882382797,76275.0,32.46845724938684,1.0000140603425836,1.0,1.0,3.079967942136439,3.0754557951082813,3.0843972837697224,1.0000140603425836,0.9999859396574164,1.4060342583447276e-05,0.0,0.0,1147,0.021612543597382784,0.41368204023885075,1752.727035848616,2743.927372740241,0.5318221447253705
SOXS,last5,open5,09:30,09:35,1,1,300.0,32769,1.0,0.0005863880533333333,4.1632493333333336e-05,109.23,20.0,10.24,9.826666666666666,0,0,643.0595413887221,300.0,511.5193872085187,300.0,21158.045135985507,9882.0,16854.768253069135,9909.0,32.928472067861044,2.1660255359978775,2.0,3.0,6.574105083637572,6.073048422624505,9.09987808994442,2.1660255359978775,0.2480914622891032,0.4140851007146514,0.00847846222514819,0.0,5999,0.031815324973276604,0.8371008400967077,137.6666767761158,314.8998539832333,0.5115852642107018
SOXS,last5,close5,15:55,16:00,1,1,300.0,20304,1.0,0.0005785869933333334,0.0,67.68,2.0033333333333334,1.04,1.0333333333333334,0,0,3160.074568060043,2800.0,2138.681709467311,1700.0,102277.53215642962,90524.0,69234.80634763445,55063.0,32.36558498734799,1.002495412016269,1.0,1.0,3.097404202787174,3.089725175172717,3.089725175172717,1.002495412016269,0.9975045879837311,0.0024954120162689495,0.0,0.0,600,0.024173154808041043,0.329148063520877,1535.9024613241568,2897.8551836040997,0.5866666666666667
SOXS,last5,pre,04:00,07:00,1,1,300.0,2710,1.0,0.043064440306666674,0.0,9.033333333333333,1.2333333333333334,0.6566666666666666,0.6166666666666667,0,0,1092.0748979770065,700.0,831.9839221293107,600.0,35019.452956032634,22470.0,26685.039955757926,19242.0,32.072177989228074,1.0006950857313177,1.0,1.0,3.120134036788285,3.1179698182616633,3.1179698182616633,1.0006950857313177,0.9993049142686823,0.0006950857313176784,0.0,0.0,369,0.03969629734300071,2.1134890398366473,2363.9395333547395,5569.9008475555975,0.43360433604336046
SOXS,last5,pre,07:00,08:00,1,1,300.0,5891,1.0,0.0629735996,3.824196666666667e-06,19.636666666666667,4.316666666666666,2.433333333333333,2.26,0,0,834.2939105980449,500.0,1011.8370677178432,400.0,27028.077586154497,16175.0,32819.2594134108,12940.0,32.39860142305125,1.0121895035118715,1.0,1.0,3.124199289788362,3.086541259096084,3.086541259096084,1.0121895035118715,0.9878106748331735,0.012189146821781838,0.0,0.0,1294,0.022089889753124793,0.5495408738576243,556.8193073114294,2250.0015586227073,0.5417310664605873
SOXS,last5,pre,08:00,09:00,1,1,300.0,3570,1.0,0.009645457286666666,0.0,11.9,2.6133333333333333,1.2466666666666666,1.5333333333333334,0,0,890.6045137025641,600.0,1700.3216196872895,1000.0,28931.930569171567,19500.0,55274.90713556607,32520.000000000004,32.493906105089934,1.0041291912377117,1.0,1.0,3.0902184155765884,3.077492912580426,3.077492912580426,1.0041291912377117,0.9958708087622882,0.004129191237711811,0.0,0.0,783,0.0721315060471317,1.8407720014689555,905.7326008981997,3873.7620812916616,0.41507024265644954
SOXS,last5,pre,09:00,09:30,1,1,300.0,4619,1.0,0.011998320616666669,0.0,15.396666666666667,2.8833333333333333,1.6333333333333333,1.57,0,0,699.9369921256557,600.0,941.6149434071098,900.0,22648.71447454304,19445.999999999996,30482.4686584188,29106.000000000004,32.36626505294804,1.0141907601163365,1.0,1.0,3.13350487287847,3.0896153133371,3.0896153133371,1.0141907601163365,0.9858092398836632,0.014190760116336694,0.0,0.0,864,0.05173089592496279,2.106344542324122,1148.1536214968837,2716.1818867285,0.3819444444444444
SOXS,last5,post,16:00,17:00,1,1,300.0,1062,1.0,0.0020461891733333333,0.0,3.54,1.7566666666666666,0.9266666666666666,0.8433333333333334,0,0,775.7641607390976,400.0,1356.05558953441,800.0,25196.640874533645,13004.0,44066.821044920405,25983.999999999996,32.49076162681626,1.2568187880870254,1.0,2.0,3.868361677050227,3.0776389093314305,6.156511933956055,1.2568187880870254,0.7484535822600965,0.24627404739278133,0.0,0.0,526,0.03362533862951628,0.4923882631706741,279.6833846309079,13177.376363890753,0.5304182509505704
SOXS,last5,post,17:00,18:00,1,1,300.0,136,1.0,0.0,0.0,0.4533333333333333,0.16333333333333333,0.10333333333333333,0.06,0,0,398.0615528306667,200.0,416.8353899,400.0,12878.209194651894,6466.0,13492.27595159913,12936.000000000002,32.347533292499996,2.1898022874933334,2.0,4.0,6.768634092291132,6.18058480006079,12.355188141916786,2.1898022874933334,0.3226341777333334,0.30034378032666664,0.02345800194666667,0.0,48,0.06025595860743577,2238.721138568343,20183.663636815632,19283.562672091615,0.25
SOXS,last5,post,18:00,20:00,1,1,300.0,73,0.9999999999999998,0.0,0.0,0.24333333333333335,0.10333333333333333,0.03333333333333333,0.07,0,0,1386.675803754,1600.0,364.09182960800007,400.0,44858.14922500066,51760.0,11783.169626707353,12944.0,32.35531627037561,1.4877883809199999,1.0,2.0,4.598273380587307,3.0906790849586727,6.1814250433000355,1.4877883809199999,0.5683582814933333,0.37549505609333333,0.0,0.0,30,0.05011872336272724,125.89254117941685,29286.44564625239,33224.953650989875,0.3
SOXS,last5,pre,04:00,09:30,1,4,1200.0,16790,1.0,0.031920454452500004,9.560491666666667e-07,13.991666666666667,2.7616666666666667,1.4925,1.495,0,0,878.1184502006937,600.0,1125.5562329598542,750.0,28372.46807786017,19473.0,36450.22671385554,24174.0,32.33405884427146,1.004636242182128,1.0,1.0,3.116649500394371,3.1179698182616633,3.1179698182616633,1.004636242182128,0.9953637902442438,0.004636177329384551,0.0,0.0,3310,0.03528100791147273,1.2723239465164795,907.6005216818156,3428.760874632866,0.4580060422960725
SOXS,last5,post,16:00,20:00,1,3,900.0,1271,1.0,0.0006820630577777778,0.0,1.4122222222222223,0.6744444444444444,0.35444444444444445,0.3244444444444444,0,0,853.5535630521923,400.0,711.8882402621714,400.0,27646.003717972664,13004.0,23099.788035762205,12944.0,32.397806995643975,1.6055494593550896,1.0,3.0,4.9583856326289935,3.093092667361084,9.271535679358665,1.6055494593550896,0.5519510807450242,0.3244019849765286,0.005864500486666666,0.0,604,0.039900249350866605,1.0525002852777332,2473.6219916386212,21165.370473820603,0.4966887417218543
SOXS,last5,rth,09:30,16:00,1,26,7800.0,625389,1.0,0.0034715802452564104,6.542806576923077e-05,80.17807692307693,5.266282051282051,2.7697435897435896,2.693205128205128,0,0,1956.6661239484101,1450.0,2027.3303879748723,1800.0,63249.6076576974,47174.0,65534.641196546196,58112.0,32.37139106367475,1.0698521968908177,1.0,1.0,3.3044079641130617,3.0994368349740444,3.1201705519118463,1.0698521968908177,0.9343853018884799,0.06140001636626149,0.0,0.0,41051,0.02085908133473127,0.34897070543633857,416.0126943850643,1789.4656253343483,0.5580619229738618
SOXS,normal18m,rth,09:30,10:00,5,10,3000.0,293827,1.0,0.00046862340566666664,8.883199999999998e-08,97.94233333333334,12.419333333333332,6.403,6.395,0,0,136602.38427519315,650.0,146355.1926224687,700.0,550698.5044254342,21118.0,577140.5456013366,22729.0,20.417442246946738,1.2335227771417538,1.0,2.0,11.927886311975362,6.157899524806914,30.877740201926397,1.2335227771417538,0.7933550362139546,0.18063774924799048,1.0074055166272677e-08,0.0,37248,0.026696645395744675,0.4680196250008086,131.20957151578656,926.2143586102177,0.5589024914089347
SOXS,normal18m,rth,10:00,10:30,5,10,3000.0,308872,1.0,0.0006136061683333333,5.179733333333334e-08,102.95733333333334,11.477333333333334,6.203666666666667,5.626666666666667,0,0,144250.33593582478,800.0,164025.19692660047,800.0,593199.5901498541,22782.0,674217.9739158467,21175.5,20.23953972520978,1.1056224916620283,1.0,2.0,11.57695759869884,5.471759888258959,31.556381861555753,1.1056224916620283,0.896019489813984,0.1023970074859705,0.0,0.0,34422,0.03007980385690465,0.6020385172446504,135.2201216510142,960.8542538386839,0.533525071175411
SOXS,normal18m,rth,10:30,11:00,5,10,3000.0,220459,1.0,0.0016255544220000002,5.7022855e-05,73.48633333333333,8.207,4.410333333333333,4.272666666666667,0,0,188623.23435388991,900.0,177055.43936933394,1050.0,766189.932616773,29497.5,717615.0029411135,34455.5,20.255896719421642,1.0324463478065407,1.0,1.0,11.466096421116843,4.364400350579683,31.801900740424937,1.0324463478065407,0.9675538110267082,0.032446030140042326,0.0,0.0,24611,0.02290141349174793,0.42536611097847526,202.0137057247619,886.2703680711462,0.5506480841899963
SOXS,normal18m,rth,11:00,11:30,5,10,3000.0,206542,1.0,0.001893620942,1.2825603999999997e-05,68.84733333333334,6.600666666666666,3.583,3.308,0,0,214165.98337089925,1200.0,203555.18054020868,1650.0,868899.9954463776,38944.0,865780.0100266909,53562.0,20.257920761385137,1.0205887635184294,1.0,1.0,11.368415725099075,4.395407562157751,31.676520105250134,1.0205887635184294,0.9797273980286599,0.01995644042425055,0.0,0.0,19792,0.02273171091389423,0.23502914374935316,205.62112411919566,1902.408884667459,0.6147433306386418
SOXS,normal18m,rth,11:30,12:00,5,10,3000.0,151522,1.0,0.0019367515093333333,4.530602666666665e-06,50.507333333333335,3.7876666666666665,2.0336666666666665,2.0206666666666666,0,0,178973.97706781427,1350.0,207308.8330218956,1200.0,778231.6306815622,44473.0,859477.2163230755,39534.0,20.334634388085778,1.0044528004468558,1.0,1.0,11.355588178946011,4.389768946189497,31.75962983743991,1.0044528004468558,0.9955471995531444,0.00445280044685577,0.0,0.0,11353,0.020872779823091644,0.267183239079345,489.02396607698455,1500.6732371092899,0.5811679732229367
SOXS,normal18m,rth,12:00,12:30,5,10,3000.0,180004,1.0,0.0024648754853333335,8.854416666666667e-07,60.001333333333335,5.389333333333333,2.970666666666667,2.7563333333333335,0,0,227245.5371133273,1250.0,232762.33042312725,1600.0,943364.8816203972,40189.5,969919.417064702,51216.0,20.14707231849202,1.0095878628064816,1.0,1.0,11.358113152871411,4.42128720824041,31.554879630702022,1.0095878628064816,0.9904121371935186,0.009587862806481629,0.0,0.0,16158,0.021313815506682113,0.2623932256648866,290.2329934267741,1247.4675333168861,0.5951850476544127
SOXS,normal18m,rth,12:30,13:00,5,10,3000.0,98456,1.0,0.002640223298333333,0.0,32.818666666666665,2.0406666666666666,1.0963333333333334,1.093,0,0,269842.988894876,1400.0,175578.49342586886,1650.0,1055248.5360638818,45016.0,803565.016280422,53098.0,20.079356978967336,1.0006901273429565,1.0,1.0,11.384062159808698,4.434560448953859,31.802561805524658,1.0006901273429565,0.9993098726570436,0.0006901273429563569,0.0,0.0,6112,0.015651485224003524,0.23915998889929546,909.5014982009324,2254.0975445056747,0.5896596858638743
SOXS,normal18m,rth,13:00,13:30,5,10,3000.0,95583,1.0,0.0013719529970000002,0.0,31.861,2.4723333333333333,1.3256666666666668,1.2803333333333333,0,0,199145.74256645638,1900.0,253139.8490468745,2600.0,849762.298875946,60899.5,995811.4810675522,83350.0,20.217028437221483,1.0214055925882373,1.0,1.0,11.49241446493911,4.340374392476651,32.071812727957116,1.0214055925882373,0.9785944074117626,0.021405592588237262,0.0,0.0,7409,0.026387058350922064,1.991500078521519,678.1711111960093,1934.7894165774615,0.47212849237413956
SOXS,normal18m,rth,13:30,14:00,5,10,3000.0,112246,1.0,0.002808373403333333,2.8882414000000005e-05,37.415333333333336,2.741,1.4653333333333334,1.4493333333333334,0,0,295097.55089293217,2050.0,257236.37588613242,2300.0,1136847.3873963724,65956.0,1071594.682271311,74008.0,20.169519271584644,1.0057626986245292,1.0,1.0,11.449878155261011,4.330341543973941,32.180509792709735,1.0057626986245292,0.9942381660033076,0.0057609693688552765,0.0,0.0,8213,0.02014507079516306,0.6542758187104153,624.7615385150597,2012.6395772801802,0.5186898818945574
SOXS,normal18m,rth,14:00,14:30,5,10,3000.0,79179,1.0,0.0010631721260000002,0.0,26.393,2.070333333333333,1.059,1.1083333333333334,0,0,266070.09718550666,2400.0,246141.5966114722,3000.0,1092532.743279129,77267.99999999999,982054.8412560715,96672.0,20.23146176676896,1.0023943394432897,1.0,1.0,11.455142110323086,4.290723007527382,32.41491085899442,1.0023943394432897,0.9976056605567103,0.0023943394432896312,0.0,0.0,6202,0.01422307927192587,0.435449757566732,730.3647812344608,2947.8962624480187,0.5428893905191874
SOXS,normal18m,rth,14:30,15:00,5,10,3000.0,73784,1.0,0.0013096016016666664,0.0,24.594666666666665,1.4076666666666666,0.732,0.7506666666666667,0,0,299613.64362302184,2200.0,248867.273845673,2700.0,1201700.119394847,70910.0,1022864.8364226568,87034.5,20.229226218048687,1.0010117287435831,1.0,1.0,11.478456287661963,4.291666281390417,32.52032520325281,1.0010117287435831,0.998988271256417,0.0010117287435830475,0.0,0.0,4215,0.014891731782981008,0.6259096219548324,1332.7136383554362,3238.9915158945255,0.5138790035587188
SOXS,normal18m,rth,15:00,15:30,5,10,3000.0,83858,1.0,0.0009760567150000001,0.0,27.952666666666666,1.146,0.6023333333333334,0.6463333333333333,0,0,308037.57058746,2500.0,241139.33407268245,2500.0,1198166.4713747257,80665.99999999999,1041032.9206261998,80714.5,20.275501085990335,1.000137031575256,1.0,1.0,11.525002064502045,4.329292002907706,32.81743616823173,1.000137031575256,0.9998629684247442,0.00013703157525586223,0.0,0.0,3429,0.021334659419006644,0.7132237662828481,1516.052656379865,2752.943757619809,0.5094779819189268
SOXS,normal18m,rth,15:30,16:00,5,10,3000.0,120952,1.0,0.0025595531883333333,7.193181366666668e-05,40.31733333333333,2.203,1.1686666666666667,1.1443333333333334,0,0,208211.168811281,2800.0,318983.204267858,2350.0,938416.0726622747,90832.0,1244918.8087716158,76275.0,20.28638017993332,1.0013302534423156,1.0,1.0,11.580308013266173,4.314055231440234,32.948929159803136,1.0013302534423156,0.9987082741133693,0.0012533307146448017,0.0,0.0,6601,0.01888254837828518,0.48453604151411933,785.3091369063351,2445.056659229611,0.5377973034388729
SOXS,normal18m,open5,09:30,09:35,5,5,1500.0,142402,1.0,0.0005921622326666667,8.617704e-06,94.93466666666667,11.749333333333333,6.264666666666667,5.754666666666667,0,0,57050.869155978035,700.0,45906.24492585636,400.0,248345.23135981782,25676.0,183644.54638454047,14691.999999999998,20.49533923767262,1.507519372631213,1.0,3.0,12.901168834859616,9.09987808994442,31.21222376080091,1.507519372631213,0.6635080756670099,0.2170054153150031,0.010809543769020937,0.0,17619,0.028337416174909,0.6591738952443219,160.4853654144557,836.0776914464507,0.5323230603325955
SOXS,normal18m,close5,15:55,16:00,5,5,1500.0,65245,1.0,0.0032998326380000004,0.0,43.49666666666667,1.6413333333333333,0.8786666666666667,0.866,0,0,236805.12318832983,2800.0,328783.1989241272,1700.0,1060006.6634416943,90524.0,1280375.4525766573,55063.0,20.236014066383078,1.0012870392461108,1.0,1.0,11.604057843596026,4.322139315995726,33.05785123966874,1.0012870392461108,0.9987129607538895,0.0012870392461107028,0.0,0.0,2458,0.0237517822183505,0.488527357151939,1294.6633762403949,3053.581728683177,0.5390561432058584
SOXS,normal18m,pre,04:00,07:00,5,5,1500.0,5130,1.0,0.024548738426,0.0,3.42,0.5206666666666667,0.2773333333333333,0.25133333333333335,0,0,16851.487460127963,900.0,30216.226783085865,900.0,81735.692562882,22470.0,126483.2040161861,20781.0,20.297884273669876,1.7130522558441197,1.0,3.0,13.479565908909755,11.275081592323808,31.89792663476947,1.7130522558441197,0.6493893881175171,0.10143219769929424,0.01273409453516915,0.0,777,0.04300097084408471,20.85598804573292,3085.851338440918,7176.5429305327925,0.32432432432432434
SOXS,normal18m,pre,07:00,08:00,5,5,1500.0,9338,1.0,0.027474623023333332,7.648393333333334e-07,6.225333333333333,1.2913333333333334,0.7386666666666667,0.6286666666666667,0,0,39210.373481105926,1100.0,24209.80272790037,900.0,168506.88362474527,25498.0,107903.96466025292,20934.0,20.282114719562536,1.8400654892169435,1.0,4.0,14.334964015744712,12.924309114198309,31.897926634769465,1.8400654892169435,0.608966844703054,0.11835078689033034,0.04912889664457459,0.0,1933,0.024061546070179088,1.4548576861799984,1215.186278994382,4620.8032359102635,0.4692188308329022
SOXS,normal18m,pre,08:00,09:00,5,5,1500.0,6594,1.0,0.07874300933333334,0.0,4.396,0.8546666666666667,0.43533333333333335,0.4533333333333333,0,0,71368.83934795856,1000.0,44394.83168214648,1300.0,265313.9817953576,23410.0,192176.95810970615,32520.000000000004,21.35727834737907,1.9453453287423839,1.0,4.0,14.094242031453904,11.300292695539774,31.99999999999934,1.9453453287423839,0.6305675549269067,0.13046064661395532,0.07908350916857368,0.0,1278,0.06779536449241949,4.509897450466354,2063.2195986783017,6364.234532615938,0.35524256651017216
SOXS,normal18m,pre,09:00,09:30,5,5,1500.0,10750,1.0,0.013679251643999997,0.0,7.166666666666667,1.044,0.6286666666666667,0.4806666666666667,0,0,17022.14301821796,1100.0,23554.964496545945,900.0,86902.07803564366,25564.0,124252.66589260248,29106.000000000004,20.552296241316938,1.5680697558759733,1.0,3.0,12.813513243696738,8.589512468046316,31.212683792771536,1.5680697558759733,0.6977707735397453,0.14655719446262627,0.025526051654053538,0.0,1561,0.05311027760084724,5.200815274976946,2208.381366529018,5779.6384599562825,0.3382447149263293
SOXS,normal18m,post,16:00,17:00,5,5,1500.0,1645,1.0,0.010178015704666667,0.0,1.0966666666666667,0.38666666666666666,0.206,0.18333333333333332,0,0,20708.790027169907,800.0,14658.922434714012,1400.0,88571.06642288745,28880.0,82047.78279594291,32466.0,20.498131055873195,1.5819146756670486,1.0,3.0,13.430105934517666,11.080332409972064,32.991931854215764,1.5819146756670486,0.6547833665034263,0.20887051529828105,0.014040344812668942,0.0,576,0.039959645028207084,1.1220184543019636,1015.4689924330792,50195.19117229047,0.4913194444444444
SOXS,normal18m,post,17:00,18:00,5,5,1500.0,317,1.0,0.0,0.0,0.21133333333333335,0.04066666666666666,0.024666666666666667,0.016,0,0,27576.112362487936,900.0,29215.645487169604,1100.0,107570.60068499405,20844.0,151252.81150599947,25520.0,20.30951829124775,1.7014686560713332,1.0,3.0,14.099334876822033,12.940744920551545,32.84072249589422,1.7014686560713332,0.6167304685993332,0.13288136784600005,0.004691600389333334,0.0,58,0.06918309709189366,3467.3685045253155,24210.290467361778,28450.86663395572,0.22413793103448276
SOXS,normal18m,post,18:00,20:00,5,5,1500.0,589,1.0,3.273386666666667e-07,0.0,0.39266666666666666,0.09066666666666667,0.037333333333333336,0.05333333333333334,0,0,23511.23506517767,1600.0,21320.52049652548,2100.0,96309.64524392241,51760.0,97790.70934024113,52185.0,20.669130089636745,1.8647568622150248,1.0,4.0,14.151169381322607,12.089367751131894,32.840722495894205,1.8647568622150248,0.5859961216778558,0.1708653356841645,0.046827284951047696,0.0,133,0.05794286964268807,841.3951416451953,21379.620895022344,22562.691597629462,0.23308270676691728
SOXS,normal18m,pre,04:00,09:30,5,20,6000.0,31812,1.0,0.03611140560666667,1.9120983333333336e-07,5.302,0.9276666666666666,0.52,0.4535,0,0,35561.48007291032,1050.0,30384.971020218032,950.0,148809.2286573754,24454.0,136923.2187754477,29776.000000000004,20.612124416798085,1.7652004478963041,1.0,4.0,13.68630189014114,11.300292695539774,31.89792663476947,1.7652004478963041,0.6430159910458882,0.11388847706063303,0.03257776640830592,0.0,5549,0.041524341330818434,4.5081670454146,1959.9947224462571,5827.25931598554,0.3858352856370517
SOXS,normal18m,post,16:00,20:00,5,15,4500.0,2551,1.0,0.0033927810144444444,0.0,0.5668888888888889,0.17266666666666666,0.08933333333333333,0.08422222222222223,0,0,23943.018541595753,1000.0,21755.77347407217,1400.0,97514.11173389848,28880.0,110460.16314760396,32466.0,20.492239805873222,1.753224264042108,1.0,3.0,13.957944893496228,12.089367751131894,32.840722495894205,1.753224264042108,0.6108765196146178,0.17087063862815252,0.028096628776024413,0.0,767,0.043219706984438666,4.41570447353312,7043.3257992448225,27365.252527788543,0.42633637548891784
SOXS,normal18m,rth,09:30,16:00,5,130,39000.0,2025284,1.0,0.0016716896355641025,1.3555335410256413e-05,51.930358974358974,4.766333333333334,2.5425897435897435,2.450128205128205,0,0,225822.67997226852,1650.0,220919.5040714002,1800.0,920959.8738461345,57758.0,909624.2088827173,58112.0,20.24164922800579,1.0337952123682248,1.0,1.0,11.493782588294698,4.385968607432254,31.802561805524658,1.0337952123682248,0.9684286272671314,0.029419097214631533,7.758716363373606e-10,0.0,185765,0.023153907050334686,0.4225271724071267,280.26537350547915,1851.680093262334,0.5561273652194978
SOXS,y2022,rth,09:30,10:00,5,10,3000.0,163413,1.0,0.0012667994453333335,1.5018666666666664e-08,54.471,13.524,7.160666666666667,6.859,0,0,5097.505144419531,150.0,4524.105752346671,150.0,43938.904993515425,8366.5,34726.79498950539,9179.0,42.47811750795589,3.8965608499165127,3.0,10.0,10.833387541709106,8.94976244364827,22.367013493147283,3.8965608499165127,0.36284839529139834,0.09747835931550715,0.2948711014082775,0.0,40562,0.057590054609457174,4.56172618539462,174.04969530126152,392.14692796942336,0.3816626399092747
SOXS,y2022,rth,10:00,10:30,5,10,3000.0,140565,1.0,0.000130734592,3.242666666666667e-09,46.855,11.743,6.487666666666667,5.752666666666666,0,0,10410.025581092896,150.0,7764.744579373578,100.0,57984.975536553284,9170.5,45967.207630853285,7909.0,42.73050205641067,3.3255484326864813,2.0,9.0,9.721734007212348,7.542974646358222,22.34491143662841,3.3255484326864813,0.4042815861205027,0.13284071732373773,0.2183471099830295,0.0,35219,0.057201174078731834,3.825908074157938,183.6177384914102,508.17525274716553,0.4086430619835884
SOXS,y2022,rth,10:30,11:00,5,10,3000.0,123304,1.0,0.0004555518293333333,1.33632e-07,41.101333333333336,10.603,5.3773333333333335,5.574,0,0,11730.585663163627,200.0,8925.77345623089,300.0,68444.43070424987,10575.0,53602.08859183992,15952.0,42.36581189956868,2.809026744968173,2.0,7.0,9.096904813003807,6.458430422193356,22.658472387100957,2.809026744968173,0.42432798648361203,0.1476735450608409,0.17594158304543708,0.0,31799,0.06472363115120042,5.564127996792701,182.9395861618753,588.7398190166004,0.3763011415453316
SOXS,y2022,rth,11:00,11:30,5,10,3000.0,100819,1.0,0.00033462382933333333,0.0,33.60633333333333,8.585666666666667,3.798,5.051333333333333,0,0,12218.193425895177,200.0,11223.26971268463,350.0,65401.5534072308,10162.0,64327.756329054755,17814.5,42.19569195547225,2.634634273766908,2.0,7.0,8.790131568563998,5.162463005023126,23.107687986288582,2.634634273766908,0.4618935836183609,0.23769887180271307,0.18318141633366186,0.0,25747,0.0694757245971513,5.337128905988494,228.35586340663252,770.8822031462146,0.3849768905115159
SOXS,y2022,rth,11:30,12:00,5,10,3000.0,77443,1.0,0.0003295755093333333,4.8384000000000005e-08,25.814333333333334,6.479666666666667,2.833,3.885666666666667,0,0,16485.107681634174,200.0,11032.20212047419,450.0,92207.2744316708,10217.0,64081.93497134129,22979.5,42.63082507754052,2.605969835106953,2.0,7.0,8.705960801258119,4.214948830590431,23.282496785736335,2.605969835106953,0.492263011303663,0.23607362256791883,0.18774370667820994,0.0,19429,0.06852537948318921,8.447560327610326,320.35694711420837,894.7600788231614,0.35591126666323536
SOXS,y2022,rth,12:00,12:30,5,10,3000.0,83992,1.0,0.0004011800746666666,2.0548266666666667e-07,27.997333333333334,6.815666666666667,3.437333333333333,3.554333333333333,0,0,16264.376404640121,200.0,11584.687024989258,350.0,85682.83801623007,10323.0,63043.45543221515,14896.000000000002,42.751863547256846,2.595374271487113,2.0,7.0,8.69976114761103,4.095447076989367,23.289971467296066,2.595374271487113,0.4878221324811915,0.2228698890532988,0.17918098382705636,0.0,20437,0.07281553633320285,6.234133804644505,285.5920424991534,943.3768534937489,0.3767186964818711
SOXS,y2022,rth,12:30,13:00,5,10,3000.0,91302,1.0,0.0014325897386666668,1.7066666666666668e-09,30.434,7.187333333333333,3.727,3.631666666666667,0,0,13994.023873639168,200.0,12463.193482865348,700.0,77833.72253737491,10070.0,70108.1063847296,26055.5,42.67813209553037,2.658883054675599,2.0,7.0,8.928502229780275,5.863493308813056,23.68551846311324,2.658883054675599,0.44734616887062667,0.2285821830025929,0.1869510483659178,0.0,21552,0.07586560819864449,6.58626276432998,266.0792982460206,844.8648027977844,0.3733296213808463
SOXS,y2022,rth,13:00,13:30,5,10,3000.0,82017,1.0,0.00015958229333333334,3.84e-08,27.339,5.706666666666667,3.0016666666666665,2.812666666666667,0,0,12868.457681464177,200.0,12489.808346210219,500.0,75388.20944013262,10084.0,81032.48354368393,25205.0,42.48214456372049,2.179594344115055,1.0,5.0,8.1585054324155,4.012935786520502,23.396704464239498,2.179594344115055,0.5355443243617,0.22935611786522062,0.13614867768232738,0.0,17110,0.06986308956818803,5.221083246195307,383.45553653234396,973.6917774678719,0.393395675043834
SOXS,y2022,rth,13:30,14:00,5,10,3000.0,73932,1.0,8.790673066666665e-05,0.0,24.644,6.012,3.3293333333333335,2.8173333333333335,0,0,15362.616289101528,300.0,10281.201616137667,350.0,81342.27163971768,15351.0,57529.433783315704,17928.0,42.59232556170997,2.5107265795038662,2.0,6.0,8.698620547364408,5.867417585730858,23.278274014792522,2.5107265795038662,0.44957702971086505,0.1847186540556382,0.17156001627747697,0.0,18026,0.07308354895642272,4.963617640149619,330.6784860274292,998.4815357071502,0.39104626650393876
SOXS,y2022,rth,14:00,14:30,5,10,3000.0,99566,1.0,0.00015737326933333332,0.0,33.18866666666667,8.363,4.7796666666666665,3.853,0,0,14403.70387330132,200.0,10952.581810032685,200.0,86402.56753702597,8836.0,58866.01812605411,9771.0,42.92133252542698,2.4741240255199632,2.0,6.0,8.731442929544174,5.922346230459198,23.372795687564413,2.4741240255199632,0.397039142718609,0.3057888005299331,0.15719226016389523,0.0,25079,0.07930965979775415,9.322196915544122,252.7351010073955,578.4675466411886,0.3379720084532876
SOXS,y2022,rth,14:30,15:00,5,10,3000.0,95356,1.0,0.000392106496,1.0323626666666668e-06,31.785333333333334,7.1146666666666665,4.249666666666666,3.0326666666666666,0,0,13273.133106341691,200.0,12350.148498845732,200.0,76319.54259700296,10446.0,68635.97058127618,10419.0,42.61960665504615,2.3084197667390813,2.0,6.0,8.371194487512804,4.096372513012691,23.28418978911958,2.3084197667390813,0.4627620113076265,0.2666549482620193,0.15318867318813695,0.0,21334,0.08303622664692367,8.446889882891234,285.56933812015035,835.3290429976438,0.3530514671416518
SOXS,y2022,rth,15:00,15:30,5,10,3000.0,101770,1.0,0.00014889019733333334,8.0128e-08,33.92333333333333,6.87,4.197666666666667,2.848333333333333,0,0,14566.767725464713,550.0,10616.631033690499,200.0,82668.06835646788,24391.5,58885.324326763104,10594.0,42.85798568925099,2.268560255231256,1.0,6.0,8.262337091727279,3.8866291945411864,23.20258785763131,2.268560255231256,0.507020425973808,0.23526828566772404,0.1611002532798083,0.0,20600,0.08175885843162967,9.318689446061297,306.6576277745399,815.3898062723952,0.3370873786407767
SOXS,y2022,rth,15:30,16:00,5,10,3000.0,92450,1.0,0.0002602577066666667,5.412693333333333e-07,30.816666666666666,8.069666666666667,4.957,3.312666666666667,0,0,15119.315258942152,300.0,14139.061496416398,150.0,77586.48243584303,11828.0,68462.19545090837,7234.5,42.74370388478237,2.170692750990668,2.0,5.0,8.294577972540806,4.154664587220409,23.82502975771863,2.170692750990668,0.4774035936430266,0.24784581749807744,0.1226920713532386,0.0,24199,0.07835523366606266,6.862256419462754,237.09553295653242,833.7054905333617,0.3517500723170379
SOXS,y2022,open5,09:30,09:35,5,5,1500.0,87678,1.0,0.0016442004479999997,4.642133333333333e-07,58.452,16.379333333333335,8.842,8.136666666666667,0,0,4753.234484536281,200.0,3927.2629057595336,100.0,32249.53180835418,9924.0,27141.008647628227,7994.0,43.06222209516716,5.219173974762956,4.0,12.0,13.068990901270809,11.367178831833689,22.08544199868272,5.219173974762956,0.31536058855958476,0.0839812108497003,0.4630787107589985,0.0,24564,0.04519124251715231,2.767358928972524,143.64957579216278,363.9197801886145,0.4178472561472073
SOXS,y2022,close5,15:55,16:00,5,5,1500.0,40254,1.0,0.0008615857493333332,3.003733333333333e-08,26.836,7.437333333333333,3.78,3.872,0,0,18746.84313539829,200.0,14643.233850298071,200.0,90123.12979834795,10242.0,73109.85652884952,7223.0,42.298393921053396,1.865538492936146,1.0,4.0,7.920298598107601,3.8999025062244024,24.011878474078102,1.865538492936146,0.5653849951760556,0.21842815677479613,0.055889762499015345,0.0,11151,0.06452928289891846,5.514356573556639,283.3863024125263,905.9322983838784,0.3718948973186261
SOXS,y2022,pre,04:00,07:00,5,5,1500.0,325,1.0,4.809386666666667e-07,0.0,0.21666666666666667,0.078,0.048,0.03333333333333333,0,0,852.5574497462432,300.0,830.154180688978,300.0,20114.698477627102,9534.0,21882.776296362426,13740.0,42.38158568918331,11.347762452137745,9.0,22.0,28.695437870853965,28.784508700773653,44.07465207353047,11.347762452137745,0.05809571954581125,0.12236628562401158,0.7583000121837968,0.0,112,0.08317637711026712,1258.9254117941678,26709.555875589882,34509.917665700086,0.24107142857142858
SOXS,y2022,pre,07:00,08:00,5,5,1500.0,844,1.0,4.693333333333334e-08,0.0,0.5626666666666666,0.19866666666666666,0.12333333333333334,0.08066666666666666,0,0,1199.9388923875317,500.0,1561.9269476744382,300.0,41913.85436202664,7679.000000000001,27237.675621000668,23040.0,42.879409676453996,8.454185658351115,8.0,18.0,20.365948247645232,16.89738090595899,38.95260766067945,8.454185658351115,0.2592956877322777,0.06185880149523976,0.6024673298224666,0.0,294,0.046457819630434556,5.011872336272724,8081.649291125385,18818.240373956807,0.4013605442176871
SOXS,y2022,pre,08:00,09:00,5,5,1500.0,941,1.0,0.0006380665173333334,0.0,0.6273333333333333,0.2753333333333333,0.16666666666666666,0.116,0,0,2112.2275242479463,200.0,1229.0122490118872,300.0,17858.80006479771,9160.0,22707.611729051423,9981.000000000002,42.82432913858132,9.719387220503735,6.0,24.0,20.519731783692826,21.753609119079766,32.102728731942214,9.719387220503735,0.28301359013581595,0.0695654400500595,0.6264776404969258,0.0,408,0.2187761623949554,211.34890398366483,8556.727318044648,10720.706620404519,0.22549019607843138
SOXS,y2022,pre,09:00,09:30,5,5,1500.0,1382,1.0,5.768021333333333e-06,0.0,0.9213333333333333,0.322,0.13333333333333333,0.19733333333333333,0,0,1264.7707782925643,300.0,1260.0303647993583,300.0,44749.10549842356,9972.0,36109.69253816008,10002.000000000002,42.951049342042396,6.73015215103185,4.0,19.0,16.688827168901874,13.364268700012646,30.42596348884316,6.73015215103185,0.27584237220602087,0.04869997378782105,0.4642375966443612,0.0,478,0.06137620051647943,25.118864315095816,6025.595860743583,13672.107166557937,0.3138075313807531
SOXS,y2022,post,16:00,17:00,5,5,1500.0,486,1.0,0.0,0.0,0.324,0.09733333333333333,0.04066666666666666,0.058666666666666666,0,0,2088.3825594709333,200.0,226.59690507946667,100.0,15661.740968227672,10250.0,8972.167116068695,7178.0,42.04691527802965,6.618946072063999,7.0,14.0,16.74562921447807,13.937282229964364,27.279531040202272,6.618946072063999,0.27473742148266667,0.1182658655573333,0.5685810263039999,0.0,142,0.660693448007597,199.52623149688813,17378.008287493725,42526.35498857386,0.1056338028169014
SOXS,y2022,post,17:00,18:00,5,5,1500.0,119,1.0,0.0,0.0,0.07933333333333334,0.030666666666666665,0.013333333333333334,0.018666666666666668,0,0,888.5305116160001,200.0,591.3062517418666,100.0,10880.791644611756,10262.0,10767.815453576362,7183.0,42.066568577981435,5.450499686741334,5.0,13.0,14.546908305825797,13.633001302389959,24.009603841536098,5.450499686741334,0.18541429896533335,0.21458570103466665,0.555359771136,0.0,42,0.20892961308540411,6309.573444801937,54954.08738576249,52650.722263636606,0.11904761904761904
SOXS,y2022,post,18:00,20:00,5,5,1500.0,58,1.0,0.0,0.0,0.03866666666666667,0.012,0.008,0.006666666666666667,0,0,3639.524750574934,600.0,947.9451691008,1000.0,27608.2041666345,25680.0,32768.822338230275,14396.0,42.043497429548374,13.589341519530667,10.0,40.0,33.786409398143114,23.328149300155026,72.02881152460832,13.589341519530667,0.04644129262933331,0.02864282999466666,0.7491712213333332,0.0,13,0.6760829753919821,37583.7404288445,171790.83871575934,159352.90085713423,0.15384615384615385
SOXS,y2022,pre,04:00,09:30,5,20,6000.0,3492,1.0,0.00016109060266666667,0.0,0.582,0.2185,0.11783333333333333,0.10683333333333334,0,0,1357.2534261334538,300.0,1220.2795281064712,300.0,31161.21816582055,9347.0,26985.108830878748,10929.0,42.75908282085223,10.105806601960728,8.0,22.0,24.602983132427433,21.91962610782531,43.76367614879557,10.105806601960728,0.15536684047427957,0.09506783369295353,0.6792661463987205,0.0,1292,0.07155939607186443,58.170913293743666,8204.914769472856,16193.201389062013,0.2995356037151703
SOXS,y2022,post,16:00,20:00,5,15,4500.0,663,1.0,0.0,0.0,0.14733333333333334,0.04666666666666667,0.020666666666666667,0.028,0,0,2205.479273887289,200.0,588.616108640711,200.0,18050.245593157975,12847.999999999998,17502.934969291775,7506.0,42.0523270951865,9.812032199466667,7.0,25.0,24.716339079147527,19.704433497535824,55.725828921706,9.812032199466667,0.13825857642666667,0.09753430664533333,0.6555708100266667,0.0,197,0.4926063433495772,977.2372209558102,36728.23004980855,51470.017308791415,0.1116751269035533
SOXS,y2022,rth,09:30,16:00,5,130,39000.0,1325929,1.0,0.00042747474707692306,1.6150974358974358e-07,33.998179487179485,8.23648717948718,4.410461538461538,4.075794871794872,0,0,13215.462693740328,200.0,10642.393626755573,200.0,74709.8639977169,10295.0,60714.04712167806,10428.0,42.6190946747618,2.6489868909910395,2.0,6.0,8.868538684554295,5.828430547610305,23.227748321745427,2.6489868909910395,0.45463292280954337,0.21330367013978344,0.1790747276708468,0.0,321093,0.06934781747258707,6.140765541619913,243.9618972547941,739.0867205122222,0.3726490456036102
SOXS,y2023,rth,09:30,10:00,5,10,3000.0,162264,1.0,0.0015217870506666667,3.6778666666666665e-08,54.088,1.2543333333333333,0.6413333333333333,0.648,0,0,12282.030396353766,5550.0,11955.4572893658,6150.0,119861.39107576666,54742.5,115106.61659929117,60753.0,13.657265886404298,1.000656817117274,1.0,1.0,8.433432535221636,9.64138851325676,12.474797369069423,1.000656817117274,0.9993431828827263,0.0006568171172739096,0.0,0.0,3753,0.03488640754998732,0.5337444022815322,2346.2104914639235,3937.783192600881,0.5251798561151079
SOXS,y2023,rth,10:00,10:30,5,10,3000.0,118153,1.0,0.004117425237333334,3.025322666666667e-06,39.38433333333333,0.5193333333333333,0.25966666666666666,0.2776666666666667,0,0,30594.608447739738,22650.0,29242.705855228553,24550.0,286703.2856062922,224710.5,274542.43406852224,241812.0,13.67205335940527,1.0000005165176187,1.0,1.0,8.36576726730984,9.598738771460825,12.006414532299114,1.0000005165176187,0.9999994834823812,5.165176186443229e-07,0.0,0.0,1548,0.06011382448467798,1.46779926762207,4971.307053572097,7796.06622806845,0.49224806201550386
SOXS,y2023,rth,10:30,11:00,5,10,3000.0,93049,1.0,0.00039413521066666667,1.0837333333333334e-07,31.016333333333332,0.36533333333333334,0.185,0.19233333333333333,0,0,35640.87553477012,37900.0,35687.473940981865,41750.0,339963.68049615284,375781.5,339507.91743216733,416563.5,13.636455724569057,1.0000004231641633,1.0,1.0,8.410451027981123,9.84965769383662,12.095263554853068,1.0000004231641633,0.999999576835837,4.2316416308960724e-07,0.0,0.0,1086,0.06897102284706605,0.9772372209558097,7396.60212714032,10348.696452664148,0.5009208103130756
SOXS,y2023,rth,11:00,11:30,5,10,3000.0,83670,1.0,0.0005464858453333334,0.0,27.89,0.27366666666666667,0.139,0.14433333333333334,0,0,34121.04523619409,36650.0,34456.0970010405,32400.0,325593.77311709744,366289.5,328706.05084065284,319968.0,13.631577279323169,1.0000011270158984,1.0,1.0,8.419091267760706,9.88868631985773,12.045814073771984,1.0000011270158984,0.9999988729841018,1.127015898235845e-06,0.0,0.0,811,0.07053424142580966,1.8836490894897968,8022.056460429708,16082.739361780565,0.4907521578298397
SOXS,y2023,rth,11:30,12:00,5,10,3000.0,65535,1.0,0.0020042165760000004,0.0,21.845,0.24,0.12333333333333334,0.122,0,0,40456.33129353305,46250.0,38844.2987687704,42600.0,383363.76011267095,465702.0,370123.7730262292,428839.0,13.597882392772544,1.0000007609063546,1.0,1.0,8.41875241511596,9.892860748540558,12.115206071420904,1.0000007609063546,0.9999992390936456,7.609063544617261e-07,0.0,0.0,710,0.07943282347242818,1.9952623149688804,9783.093190178293,16373.037088181616,0.47746478873239434
SOXS,y2023,rth,12:00,12:30,5,10,3000.0,63692,1.0,0.001074167552,0.0,21.230666666666668,0.23533333333333334,0.11866666666666667,0.12533333333333332,0,0,38992.94737796199,42600.0,39231.24433441181,33550.0,369158.8082888682,428373.0,369758.7837175177,337177.5,13.52563792332507,1.0000085679660977,1.0,1.0,8.443234313564977,9.931208057631556,12.136504541173563,1.0000085679660977,0.9999914320339025,8.567966097835574e-06,0.0,0.0,696,0.07862407617297311,1.4125375446227544,9428.539925480776,17043.564382208424,0.4956896551724138
SOXS,y2023,rth,12:30,13:00,5,10,3000.0,66955,1.0,0.0033560761173333335,1.0623999999999998e-07,22.31833333333333,0.9423333333333334,0.5783333333333334,0.5963333333333334,0,0,44854.88618112716,37150.0,38757.849529039675,32700.0,416645.36829301855,376680.5,361654.42456217774,331606.0,13.510134308968695,1.001428423875008,1.0,1.0,8.44459492752206,9.876228262617085,12.162500678997276,1.001428423875008,0.9988272832634452,0.0009170095981013165,0.0,0.0,2817,0.04511592820855724,8.939552710685554,435.15967992878893,26204.877134696453,0.38977635782747605
SOXS,y2023,rth,13:00,13:30,5,10,3000.0,89957,1.0,0.00038733670399999996,2.0718933333333333e-07,29.985666666666667,1.954,1.0446666666666666,1.0346666666666666,0,0,45558.03111019757,34950.0,45437.215340636656,37650.0,416164.20346983086,351909.5,421840.5206642294,381394.5,13.338773658094201,1.020703209493078,1.0,1.0,8.594218801531031,9.885225122109787,12.157489514597064,1.020703209493078,0.9792968156046485,0.020703159297624958,0.0,0.0,5852,0.0775294435028951,16.7659235269919,346.8606541159115,28747.866718968722,0.3210868079289132
SOXS,y2023,rth,13:30,14:00,5,10,3000.0,68212,1.0,0.0008794245120000001,2.641066666666667e-07,22.737333333333332,1.0786666666666667,0.599,0.5486666666666666,0,0,54637.67537521744,36900.0,42720.94117954557,36300.0,495854.0823454204,371628.0,400365.0257760517,367356.0,13.521905854771015,1.0073291421896355,1.0,1.0,8.486632426099678,9.881800224547629,12.18205831313714,1.0073291421896355,0.9926708578103646,0.007329142189635465,0.0,0.0,3226,0.06152757060270545,21.616362199703076,725.8273574380044,20548.2873368446,0.3688778673279603
SOXS,y2023,rth,14:00,14:30,5,10,3000.0,67087,1.0,0.0007355250346666666,0.0,22.362333333333332,0.45266666666666666,0.228,0.24133333333333334,0,0,56838.153761504356,37950.0,35297.789456150465,28950.0,517245.88532512693,381988.5,333194.5788153639,292813.5,13.382641517319612,1.0008051822263515,1.0,1.0,8.474370406678332,9.893050996167489,12.13921843888666,1.0008051822263515,0.9991948177736483,0.0008051822263516155,0.0,0.0,1348,0.06251726927756855,1.7782794100389245,3767.0379898390956,21632.02023544656,0.4814540059347181
SOXS,y2023,rth,14:30,15:00,5,10,3000.0,81031,1.0,0.0013624738133333333,0.0,27.01033333333333,0.436,0.22666666666666666,0.21866666666666668,0,0,44326.14894373109,35150.0,32734.713554220056,29350.0,422194.7814561965,356066.0,316549.17709298944,297757.5,13.5093565353402,1.0008526007501952,1.0,1.0,8.372354659988412,9.759485976224017,11.92410356406973,1.0008526007501952,0.9991473992498044,0.000852600750195368,0.0,0.0,1298,0.06961891854887065,1.7113283041617822,5147.293675755586,14013.280316656655,0.47534668721109397
SOXS,y2023,rth,15:00,15:30,5,10,3000.0,67374,1.0,0.0008633819306666666,0.0,22.458,0.596,0.31566666666666665,0.299,0,0,34150.52314905131,22200.0,33761.74927368073,37850.0,329306.0970690025,225222.0,335152.77470259304,351836.0,13.503968038106908,1.0064470781414396,1.0,1.0,8.401599432685602,9.639551744706807,12.013467591202756,1.0064470781414396,0.9936958646861483,0.006161192486263972,0.0,0.0,1778,0.07125453331604038,11.885022274370208,2765.4429647032384,15042.084906852826,0.42238470191226096
SOXS,y2023,rth,15:30,16:00,5,10,3000.0,77390,1.0,0.0013501552639999998,0.0,25.796666666666667,0.36633333333333334,0.17933333333333334,0.19666666666666666,0,0,44054.21919941376,42650.0,31599.61318023566,28100.0,431173.4783950072,437194.0,315642.5667840721,287270.0,13.493698228544444,1.005591710018049,1.0,1.0,8.39255903385107,9.688924267346868,11.981657471810939,1.005591710018049,0.994408289981951,0.005591710018048938,0.0,0.0,1089,0.07057756434983847,1.7782794100389245,5803.188353782113,17587.194827165313,0.4692378328741965
SOXS,y2023,open5,09:30,09:35,5,5,1500.0,75587,1.0,0.0014524526933333331,3.242666666666667e-09,50.391333333333336,4.214,2.033333333333333,2.2933333333333334,0,0,8198.906307130766,4300.0,8341.780456055942,4300.0,77364.10952360497,42096.99999999999,78020.75635389556,42226.0,13.767847342510573,1.1431969992996502,1.0,2.0,9.086402416900576,9.672934837912496,12.238102998721613,1.1431969992996502,0.8598733818296466,0.13705626695116604,0.0,0.0,6316,0.040812149953518735,9.07105202307176,415.44222761807737,2332.0321748441056,0.3891703609879671
SOXS,y2023,close5,15:55,16:00,5,5,1500.0,42524,1.0,0.0020305768106666663,0.0,28.349333333333334,0.5786666666666667,0.29,0.30733333333333335,0,0,40579.165445841725,47200.0,33026.645603587414,26000.0,402673.9940899257,486632.0,324670.1595111886,266500.0,13.456038360866158,1.009449003417891,1.0,1.0,8.41555224511219,9.688924267346868,11.943001871938408,1.009449003417891,0.9905509965821092,0.009449003417890931,0.0,0.0,863,0.05266232148938975,1.5488166189124821,3251.942494270374,18064.62084653052,0.48783314020857477
SOXS,y2023,pre,04:00,07:00,5,5,1500.0,2737,1.0,0.011857956181333333,0.0,1.8246666666666667,0.28,0.136,0.14666666666666667,0,0,6663.19981761299,1300.0,1598.6840032195764,1100.0,58835.18933642408,12830.999999999998,17630.046517455994,11506.000000000002,13.818906153494686,1.0935570071364136,1.0,1.0,8.791392779625351,9.570554339493567,12.068068586172215,1.0935570071364136,0.9064429928635863,0.09355700713641364,0.0,0.0,415,0.05769140438102214,36.231883320153266,7762.471166286944,26818.7274371647,0.3204819277108434
SOXS,y2023,pre,07:00,08:00,5,5,1500.0,3175,1.0,0.17641300770133334,0.0,2.1166666666666667,0.28733333333333333,0.11933333333333333,0.17066666666666666,0,0,2617.8265877445315,3300.0,2820.8736675596974,2300.0,28698.471776468603,33989.0,31730.723326199823,22632.0,14.428846423370903,1.0624336253334363,1.0,1.0,8.210777683138271,9.457440321166171,12.049636694768616,1.0624336253334363,0.9377875207981035,0.06210184541961,0.0,0.0,426,0.11803206356517298,27.72407996741777,5495.408738576262,29292.965688268443,0.2300469483568075
SOXS,y2023,pre,08:00,09:00,5,5,1500.0,6543,1.0,0.06972373794133332,1.7356799999999998e-07,4.362,0.49533333333333335,0.21533333333333332,0.2833333333333333,0,0,3270.965869829796,2300.0,2680.9392480147458,2300.0,36012.509950392836,39680.0,28444.652445148506,24357.0,14.02902155117512,1.0199794434999279,1.0,1.0,8.293035248833721,9.481251437835988,11.9666344469098,1.0199794434999279,0.9800212070424297,0.019978142415212438,0.0,0.0,739,0.19901641047146595,31.47144375516953,2976.023550485124,12439.362625720969,0.2530446549391069
SOXS,y2023,pre,09:00,09:30,5,5,1500.0,3269,1.0,0.04805374481066666,0.0,2.179333333333333,0.2846666666666667,0.14733333333333334,0.13733333333333334,0,0,5005.892717513782,4700.0,3704.980824742454,2600.0,50465.174035645265,49350.0,39291.65389859941,25506.0,13.988878136081158,1.0354901538133023,1.0,1.0,8.438249710223035,9.5185337925345,12.066244764259318,1.0354901538133023,0.9645098461866976,0.03549015381330239,0.0,0.0,422,0.17038390652385335,26.256133338848567,6760.829753919821,16209.084467587134,0.26066350710900477
SOXS,y2023,post,16:00,17:00,5,5,1500.0,538,1.0,0.0,0.0,0.3586666666666667,0.04666666666666667,0.024,0.024,0,0,3880.0359309312,3400.0,8128.325153382399,5300.0,50535.64246848837,44161.0,81021.8755337967,54378.0,13.471989472203093,1.4426889885013334,1.0,2.0,11.063884005847424,10.378827192527021,15.651289354058076,1.4426889885013334,0.6471061234346667,0.26340457181866667,0.0,0.0,65,0.03548133892335756,562.3413251903502,26607.2505979881,32519.069043171025,0.3230769230769231
SOXS,y2023,post,17:00,18:00,5,5,1500.0,105,1.0,3.3280000000000004e-08,0.0,0.07,0.016,0.011333333333333334,0.005333333333333333,0,0,7832.470398742481,5600.0,3394.9932475261758,1300.0,83534.9003180569,46928.00000000001,33483.67265230851,13325.0,13.475335188790675,1.3335551481247154,1.0,2.0,10.09711810879958,9.760858955587882,11.92605843768609,1.3335551481247154,0.7429614839257581,0.1805240992771754,0.0,0.0,22,0.3311311214825911,9261.187281287956,47863.009232263896,42534.69502894479,0.22727272727272727
SOXS,y2023,post,18:00,20:00,5,5,1500.0,242,1.0,0.0,0.0,0.16133333333333333,0.03333333333333333,0.014,0.021333333333333333,0,0,1519.9102133418667,1100.0,7815.291606664533,700.0,20751.384126224722,19040.0,72126.16161637001,13475.0,13.4371245113472,1.8794133638826667,1.0,4.0,14.120704199538043,10.394423703317935,23.837902264600206,1.8794133638826667,0.534308094464,0.2946663683413334,0.02917983778133334,0.0,46,0.6025595860743583,5623.413251903487,20574.691560478394,14468.598195389979,0.17391304347826086
SOXS,y2023,pre,04:00,09:30,5,20,6000.0,15724,1.0,0.07651211165866666,4.3391999999999996e-08,2.6206666666666667,0.3368333333333333,0.1545,0.1845,0,0,4479.8743328626915,2450.0,2686.531850674278,1700.0,44211.44347502364,30553.5,29079.679981081114,18641.5,14.05161316735702,1.0692416667544102,1.0,1.0,8.56311202290174,9.570554339493567,12.068068586172215,1.0692416667544102,0.930798659913571,0.0691811065728572,0.0,0.0,2002,0.1252837478674946,30.013703480809156,4771.123843710856,20661.115328186905,0.26373626373626374
SOXS,y2023,post,16:00,20:00,5,15,4500.0,885,1.0,1.1093333333333335e-08,0.0,0.19666666666666666,0.032,0.016444444444444446,0.016888888888888887,0,0,4410.805476380847,2200.0,6446.203369705792,1300.0,51607.3086167399,38580.0,62210.57025283545,17352.0,13.461483057293325,1.6337677160978457,1.0,3.0,12.350602628430773,10.361717924106651,20.98443467003245,1.6337677160978457,0.6146709490721064,0.2583153519446272,0.01458991889066667,0.0,133,0.10715193052376075,3043.2198871077244,26505.33717901077,26867.290748301555,0.2556390977443609
SOXS,y2023,rth,09:30,16:00,5,130,39000.0,1104369,1.0,0.001430199296,2.8830851282051284e-07,28.317153846153847,0.6703076923076923,0.3568205128205128,0.3573076923076923,0,0,39733.733239576766,33300.0,34596.25290460992,30350.0,373347.1481199938,335754.0,329414.63969252055,297757.5,13.536986822546968,1.0033733186844103,1.0,1.0,8.43518422265002,9.848153855129455,12.115206071420904,1.0033733186844103,0.9966573169425513,0.003312047430487155,0.0,0.0,26012,0.06080826565189616,10.530182484712205,2731.38536897459,13468.960828447922,0.4249577118253114
SOXS,y2024,rth,09:30,10:00,3,6,1800.0,220269,1.0,0.0006296490666666667,1.9626666666666665e-08,122.37166666666667,10.426666666666666,5.3372222222222225,5.160555555555556,0,0,79916.20952582739,450.0,76462.18598270691,400.0,409507.37482016574,11212.5,390875.36373957334,10016.0,23.6226328255319,1.2729603944371148,1.0,2.0,9.530018100337433,4.856308723436965,20.024905435681553,1.2729603944371148,0.7554217856976083,0.21643510011334374,0.0,0.0,18762,0.03649158195976665,4.054616569243564,203.61609071004614,481.2226794814259,0.4319368937213517
SOXS,y2024,rth,10:00,10:30,3,6,1800.0,180287,1.0,0.0006247330133333334,9.95271111111111e-07,100.15944444444445,6.942777777777778,3.627222222222222,3.4694444444444446,0,0,86570.43670251794,750.0,81714.08306393323,700.0,446793.33029910957,18759.5,421169.5156884542,17559.0,23.53099100566828,1.1356918613289317,1.0,2.0,9.168820515695739,4.001661893674396,19.88505492723243,1.1356918613289317,0.8657280677297309,0.1328520032116062,0.0,0.0,12491,0.03381213393746881,8.097914848405981,304.7048102773519,665.9417187080808,0.3984468817548635
SOXS,y2024,rth,10:30,11:00,3,6,1800.0,178282,1.0,0.0021481617066666666,0.0,99.04555555555555,5.608333333333333,2.9827777777777778,2.956111111111111,0,0,78943.47821323718,1500.0,93936.65717706048,1500.0,417292.48356985213,36625.0,491936.2064247755,36405.0,23.036932666422043,1.030806190759317,1.0,1.0,8.90926467312783,4.110312730147373,19.807804421360075,1.030806190759317,0.9694789042308238,0.03023600077903572,0.0,0.0,10089,0.029890962940255523,3.2235420019524654,377.9817375637805,955.7502048162031,0.46040241847556745
SOXS,y2024,rth,11:00,11:30,3,6,1800.0,124094,1.0,0.002072873671111111,1.836088888888889e-07,68.94111111111111,3.7905555555555557,1.9733333333333334,1.9838888888888888,0,0,88771.08093339937,2050.0,83922.37873784898,2450.0,473063.8542152926,50321.5,445591.71337476757,60062.0,23.00252409679493,1.0617520986955329,1.0,1.0,8.954718129410994,4.087043091970306,19.74815737299044,1.0617520986955329,0.9383419418737315,0.06156401755700389,0.0,0.0,6817,0.030119655484667975,3.2387494965942385,560.3356778427689,1063.5345073136336,0.4594396362036086
SOXS,y2024,rth,11:30,12:00,3,6,1800.0,83552,1.0,0.0022180148622222224,0.0,46.41777777777778,2.471111111111111,1.2177777777777778,1.3066666666666666,0,0,76726.73157814163,3950.0,91655.16838985172,4900.0,423449.67452951224,98465.0,498807.645081452,121927.0,23.25088310491512,1.1027048386541114,1.0,2.0,9.04043388096604,4.029850058690579,19.81214584235319,1.1027048386541114,0.8996543982216757,0.09798636490253691,0.0,0.0,4442,0.03639829839836447,9.881607195102301,853.3184014517401,1477.3816672835067,0.4160288158487168
SOXS,y2024,rth,12:00,12:30,3,6,1800.0,67809,1.0,0.0015974964622222222,0.0,37.67166666666667,2.0355555555555553,1.0216666666666667,1.0461111111111112,0,0,118734.60114796522,3650.0,85657.128642673,4900.0,648811.8538427965,90174.5,479982.4018420025,120981.0,23.265936548439306,1.1110290888254903,1.0,2.0,8.890764789650285,4.052349558311957,19.288305411690775,1.1110290888254903,0.8913485245857449,0.10627386200301993,0.0,0.0,3658,0.05859745954624582,15.066070661867439,1074.6338199798286,1853.7180983754845,0.38490978676872606
SOXS,y2024,rth,12:30,13:00,3,6,1800.0,62732,1.0,0.002872076515555555,0.0,34.85111111111111,2.295,1.173888888888889,1.1533333333333333,0,0,76323.73390646651,4250.0,89049.384649862,5300.0,427153.1699263233,105026.5,498972.835273519,131037.0,23.316432092741447,1.136638675308247,1.0,2.0,9.02033816242252,4.048473309011394,19.50127255218724,1.136638675308247,0.8672446907807434,0.12887427487610828,0.0,0.0,4125,0.05623413251903492,12.474746987402119,823.6844544969758,2234.0109591392074,0.3764848484848485
SOXS,y2024,rth,13:00,13:30,3,6,1800.0,62559,1.0,0.0021749481244444447,0.0,34.755,3.192222222222222,1.6411111111111112,1.6177777777777778,0,0,73948.72545758258,4150.0,84567.13214496833,3850.0,414282.1363658844,101261.0,467661.1481196998,93930.5,23.57074854728921,1.125428448938659,1.0,2.0,8.995679218498873,4.1062669468328075,19.39250575035664,1.125428448938659,0.8746847052547307,0.12520214055187973,0.0,0.0,5740,0.03591857916776728,6.139536607422721,575.0719996225687,2018.4682298151572,0.41445993031358885
SOXS,y2024,rth,13:30,14:00,3,6,1800.0,52440,1.0,0.0008629296355555558,0.0,29.133333333333333,1.981111111111111,0.9988888888888889,1.0044444444444445,0,0,98825.98548388235,5150.0,99739.43503285141,6800.0,545402.6854299732,125265.5,558709.1916514761,164945.0,23.52741339174566,1.1144374647953448,1.0,2.0,8.988830744465426,4.127499535876059,19.60145824277865,1.1144374647953448,0.890042075897517,0.1054783834096209,0.0,0.0,3560,0.051014344154643246,13.50543181331787,864.1425016928886,2316.286481177354,0.3547752808988764
SOXS,y2024,rth,14:00,14:30,3,6,1800.0,67716,1.0,0.0009283143111111111,1.6696888888888888e-07,37.62,2.492777777777778,1.288888888888889,1.235,0,0,102858.23010065884,4900.0,100926.38073347676,5850.0,564017.3365444525,118495.5,563429.0908090025,141485.5,23.494274750459375,1.1146760593565987,1.0,2.0,8.966319332520335,4.152095071803358,19.540041076256813,1.1146760593565987,0.8869928015094745,0.11133833762445247,0.0,0.0,4481,0.047506167973192986,8.407822687879712,794.1634762863993,1973.549766544674,0.3990180763222495
SOXS,y2024,rth,14:30,15:00,3,6,1800.0,91360,1.0,0.0034131659377777774,1.0413511111111111e-06,50.75555555555555,3.062777777777778,1.5227777777777778,1.5872222222222223,0,0,74709.77754044495,4950.0,111716.74689350452,4600.0,423394.47221105784,120659.5,610045.4846762818,112195.0,23.623122148045322,1.1456166757022317,1.0,2.0,9.053191533976891,4.122628159387931,19.603742458540015,1.1456166757022317,0.8563108900111212,0.14176268709289716,0.0,0.0,5507,0.04550753725870266,9.440608762859245,648.9079555365412,1289.0872731375086,0.39930996913019795
SOXS,y2024,rth,15:00,15:30,3,6,1800.0,60037,1.0,0.00183743872,0.0,33.35388888888889,2.428888888888889,1.1961111111111111,1.2733333333333334,0,0,120166.13354563524,3950.0,94820.6537697839,4400.0,635661.8547933731,96169.5,509251.93704878335,106987.5,23.51340396543229,1.1600521230169378,1.0,2.0,9.186723972040484,4.109920356622336,19.867693762652166,1.1600521230169378,0.8444914878829917,0.15096490121707887,0.0,0.0,4366,0.042577516691197255,7.204886084704603,798.6434628563961,1994.1056207025822,0.39486944571690336
SOXS,y2024,rth,15:30,16:00,3,6,1800.0,81714,1.0,0.001276853048888889,1.3909333333333333e-07,45.39666666666667,2.272222222222222,1.1344444444444444,1.1844444444444444,0,0,119610.71753804477,6050.0,123286.94501027449,6200.0,653186.1667206099,149110.5,674744.1174239927,152830.0,23.577101747138048,1.0729450670774716,1.0,1.0,8.897953516182138,4.058602372221482,19.71132843257219,1.0729450670774716,0.9297892811971227,0.06750973679897114,0.0,0.0,4084,0.048769482600325535,1.5979803278525864,950.2147818857947,2434.839257124685,0.47992164544564153
SOXS,y2024,open5,09:30,09:35,3,3,900.0,125719,1.0,0.00024226730666666665,1.180017777777778e-05,139.68777777777777,16.95,8.293333333333333,8.761111111111111,0,0,32463.577639859028,400.0,29745.319497684548,400.0,170503.25350202696,9936.0,158876.59298280015,10032.0,23.434725749043885,1.7487465796088448,1.0,3.0,11.09587988612505,8.008901241370575,20.54005744313516,1.7487465796088448,0.5578612135774303,0.246225598629559,0.021515387924931056,0.0,15252,0.027088142210398014,0.9896273702234276,123.83388729715618,410.284162978709,0.500786782061369
SOXS,y2024,close5,15:55,16:00,3,3,900.0,47229,1.0,0.0030205977600000003,0.0,52.47666666666667,2.05,1.0955555555555556,1.0533333333333332,0,0,127116.45111530604,4700.0,118906.4892699115,5400.0,694167.8639851105,115525.99999999999,659264.6861280377,132894.0,23.640007167738677,1.0159398005614262,1.0,1.0,8.811910189068593,4.067433848270309,19.784209679658115,1.0159398005614262,0.9848867156382216,0.01428676816213036,0.0,0.0,1842,0.049389697206109584,4.151278002752297,963.1284473052499,2986.832806450981,0.46199782844733983
SOXS,y2024,pre,04:00,07:00,3,3,900.0,901,1.0,0.0004228662044444445,0.0,1.001111111111111,0.08,0.03888888888888889,0.04111111111111111,0,0,8365.236488023416,600.0,11718.310874868825,500.0,51633.062919337346,19600.0,67717.31104327909,19635.0,22.72321861320417,3.0913009062365706,2.0,8.0,15.055310502130517,16.579630460850698,20.863234154250836,3.0913009062365706,0.4000485534667312,0.20490041057891062,0.24364394142874785,0.0,69,0.4973552042191398,2738.419634264363,21710.342088869595,22321.00815828848,0.11594202898550725
SOXS,y2024,pre,07:00,08:00,3,3,900.0,1533,1.0,0.0011810463288888888,0.0,1.7033333333333334,0.15555555555555556,0.07,0.08555555555555555,0,0,12687.760924626293,2100.0,18175.760325706102,900.0,104409.55073136993,81669.0,103607.50513224408,35064.0,22.720704624159644,3.3536474365666784,2.0,7.0,15.662806924080659,17.98330152204732,20.60671502437321,3.3536474365666784,0.4079615034270614,0.18517710102869783,0.263978232673717,0.0,137,0.45081670454146,1631.17290922784,11930.720363265349,11511.525008809725,0.1386861313868613
SOXS,y2024,pre,08:00,09:00,3,3,900.0,1375,1.0,0.09094023793777778,0.0,1.5277777777777777,0.17888888888888888,0.11555555555555555,0.06333333333333334,0,0,16858.940802480975,500.0,12665.676292895696,900.0,95085.61919492771,19430.0,74799.61302633504,21717.0,24.41445726122321,4.612494568712048,2.0,14.0,17.864339550051266,20.73015584528482,35.92757735364902,4.612494568712048,0.35131630510671447,0.21860918072373214,0.3147969083813917,0.0,158,0.09847666521101585,1033.4410638805557,13489.628825916527,16823.506582449903,0.2468354430379747
SOXS,y2024,pre,09:00,09:30,3,3,900.0,2766,1.0,0.0020614573511111107,0.0,3.0733333333333333,0.6977777777777778,0.45111111111111113,0.2477777777777778,0,0,22987.908027538473,500.0,18076.611067857008,400.0,124680.28236470466,19900.0,104984.12205267872,15952.000000000002,22.992424456824203,2.426850754608135,1.0,6.0,13.063298914862441,12.282013390382179,20.811654526534415,2.426850754608135,0.538939455671587,0.15169974363612487,0.1618772998074437,0.0,626,0.021040247658238746,0.6309573444801937,3540.714496578179,6012.294592728911,0.5223642172523961
SOXS,y2024,post,16:00,17:00,3,3,900.0,1320,1.0,5.5793777777777777e-05,0.0,1.4666666666666666,0.11666666666666667,0.07888888888888888,0.03888888888888889,0,0,11667.997135769083,2000.0,6631.8887453233465,4000.0,76400.78816330874,49140.0,76106.57323811659,70840.0,23.69793327279686,2.8381671240480384,2.0,6.0,13.665271411402012,14.465795105603688,19.824830127371126,2.8381671240480384,0.4303235472963704,0.197463353013104,0.2906195276857901,0.0,102,0.10232929922807545,2417.315480804108,15727.752514706674,20146.378341074465,0.18627450980392157
SOXS,y2024,post,17:00,18:00,3,3,900.0,95,1.0,0.0,0.0,0.10555555555555556,0.03,0.005555555555555556,0.024444444444444446,0,0,5615.611381816889,800.0,17769.46038129778,400.0,37020.75794804224,19624.0,98682.65614203818,16608.0,23.707077944553244,1.7993305634133334,2.0,3.0,11.542062577868105,12.222448563861311,19.743336623890777,1.7993305634133334,0.46297580088888896,0.27471783480888895,0.0,0.0,25,0.11885022274370192,15252.229565390155,38311.86849557292,30599.01716106745,0.16
SOXS,y2024,post,18:00,20:00,3,3,900.0,148,1.0,0.024295019804444446,6.459733333333333e-07,0.16444444444444445,0.04888888888888889,0.012222222222222223,0.03888888888888889,0,0,14582.063767426755,900.0,5985.812610540773,1800.0,86956.68106638204,37440.0,77346.10660188191,73584.0,24.236718248980374,4.018327174114719,3.0,10.0,16.287931424149775,19.212295869355973,24.009603841536954,4.018327174114719,0.46270022899906244,0.023919143389026072,0.3338427435598668,0.0,41,0.2570395782768866,2.9853826189179613,24547.089156850314,130907.13757084905,0.1951219512195122
SOXS,y2024,pre,04:00,09:30,3,12,3600.0,6575,1.0,0.023651401955555554,0.0,1.8263888888888888,0.27805555555555556,0.1688888888888889,0.10944444444444444,0,0,15184.325422352464,750.0,15215.071033339394,850.0,93910.93448393639,20898.5,88067.63189426393,20676.0,23.185035446330883,3.3551763820531835,2.0,8.0,15.495404988719038,17.59123258456118,20.863234154250836,3.3551763820531835,0.4052533085035933,0.1989704336922226,0.2528446573172862,0.0,990,0.02346884967986972,39.81071705534974,7079.457843841394,12364.347746727102,0.396969696969697
SOXS,y2024,post,16:00,20:00,3,9,2700.0,1563,1.0,0.008116937860740742,2.1532444444444443e-07,0.5788888888888889,0.06518518518518518,0.03222222222222222,0.034074074074074076,0,0,10589.537005947384,900.0,10162.948347362293,1800.0,66627.9271002852,37440.0,84099.95708572911,70840.0,23.8776720762755,3.1685380089227024,2.0,8.0,14.445799209392417,16.873568759792768,19.824830127371126,3.1685380089227024,0.45467495154584603,0.13000486865001126,0.23957625370138094,0.0,168,0.1109174815262401,2073.3215734859577,27331.701354422363,34184.37382460627,0.18452380952380953
SOXS,y2024,rth,09:30,16:00,3,78,23400.0,1332851,1.0,0.0017428196211965814,1.9584e-07,56.95944444444444,3.769230769230769,1.932008547008547,1.9214102564102564,0,0,92014.10837976215,3950.0,93648.3503058702,4750.0,498642.7060489276,98185.0,508538.5206568344,117575.0,23.410233099171606,1.1219146513821334,1.0,2.0,9.046433881923695,4.122628159387931,19.807804421360075,1.1219146513821334,0.8822622218613984,0.1135821498515113,0.0,0.0,88122,0.03844657971321008,6.259113407528567,494.47592713744456,1506.9439004769429,0.41964549147772406
SOXS,y2025,rth,09:30,10:00,3,6,1800.0,102717,1.0,0.00015554049444444442,1.4805333333333332e-07,57.065,6.148333333333333,3.026666666666667,3.167222222222222,0,0,226961.23354866815,126000.0,243310.90360145,122600.0,895857.6073833264,874704.0,943299.8484334289,852266.5,10.994607847853434,1.1552187893467898,1.0,2.0,17.237707174337928,14.456765938344308,30.877740201926397,1.1552187893467898,0.873318294972648,0.09959404501556904,1.678483542887477e-08,0.0,11061,0.024902585762274523,0.7423489662720836,169.5194412345053,8920.3892387879,0.5189404213000632
SOXS,y2025,rth,10:00,10:30,3,6,1800.0,70709,1.0,0.0002761845155555556,8.63288888888889e-08,39.28277777777778,2.201111111111111,1.123888888888889,1.0888888888888888,0,0,239705.6571561009,170950.0,272785.63616424036,193300.0,966695.3219320676,1093613.0,1106448.1424589572,1286436.0,10.799360394351465,1.0033730820492262,1.0,1.0,16.833772871534208,14.579661788588341,31.556381861555753,1.0033730820492262,0.9966269179507737,0.0033730820492261105,0.0,0.0,3956,0.0252046970334833,0.39363892690943053,521.124122052031,15968.494084124028,0.5394337714863499
SOXS,y2025,rth,10:30,11:00,3,6,1800.0,65692,1.0,0.0005923564044444445,0.0,36.495555555555555,5.5088888888888885,2.861111111111111,2.651111111111111,0,0,313377.38707145606,216600.0,294154.5635563551,197300.0,1253557.29296392,1477935.0,1173921.276535192,1347986.0,10.972239286649147,1.0474953555363664,1.0,1.0,17.123839471030898,14.662973229952332,31.801900740424937,1.0474953555363664,0.9525046639596267,0.04749531654438029,0.0,0.0,9910,0.03191935111578482,2.396849242559693,167.8804018122563,15986.018873995785,0.44268415741675077
SOXS,y2025,rth,11:00,11:30,3,6,1800.0,41951,1.0,0.0014872078527777776,0.0,23.30611111111111,1.5644444444444445,0.7955555555555556,0.7755555555555556,0,0,356044.92475935287,252400.0,338325.301373729,280250.0,1422409.4401842505,1717373.0,1416051.6564767223,1911305.0,10.90326258895027,1.0032283387946959,1.0,1.0,16.906450005015476,14.68824193478959,31.676520105250134,1.0032283387946959,0.9967716612053042,0.003228338794695785,0.0,0.0,2810,0.023155089535215334,0.3864193125301795,752.2524941724356,20621.840446833154,0.5419928825622776
SOXS,y2025,rth,11:30,12:00,3,6,1800.0,34625,1.0,0.0004872878533333334,7.551004444444443e-06,19.23611111111111,1.758888888888889,0.8961111111111111,0.8711111111111111,0,0,297098.0201217922,291600.0,344317.5382873758,253200.0,1269333.2372165504,1821450.0,1406661.7920054416,1727988.0,10.913514217918113,1.0062965607607126,1.0,1.0,16.966956499541862,14.676717241538148,31.75962983743991,1.0062965607607126,0.9937034392392877,0.00629656076071251,0.0,0.0,3160,0.0243481610330949,0.49901454863539785,574.2366522415633,4662.4559799288045,0.5322784810126582
SOXS,y2025,rth,12:00,12:30,3,6,1800.0,32947,1.0,0.002059831988333333,0.0,18.30388888888889,1.981111111111111,1.0077777777777779,0.9777777777777777,0,0,377644.0859325747,290750.0,386944.57848362694,291050.0,1540127.0217693837,1978762.5,1588120.3872507694,1823113.0,10.849301607410736,1.0067279895714696,1.0,1.0,16.937244235826192,14.691994317221848,31.554879630702022,1.0067279895714696,0.9932720104285303,0.0067279895714698,0.0,0.0,3560,0.02136374666333856,0.4466835921509629,470.1346081677715,3056.5955887835958,0.5373595505617977
SOXS,y2025,rth,12:30,13:00,3,6,1800.0,25709,1.0,0.0009361550538888886,0.0,14.282777777777778,0.9716666666666667,0.4938888888888889,0.48277777777777775,0,0,448071.0532874455,243950.0,291210.3892806807,318100.0,1725391.0477304843,1660391.5,1306105.655100333,1591882.5,10.835731134266991,1.0010096881935941,1.0,1.0,16.982547575761163,14.679484845043007,31.802561805524658,1.0010096881935941,0.9989903118064059,0.0010096881935941736,0.0,0.0,1743,0.013895647478653997,0.3718026663914476,1016.0687088806459,3300.249401777258,0.5473321858864028
SOXS,y2025,rth,13:00,13:30,3,6,1800.0,34897,1.0,0.00037735601666666666,0.0,19.38722222222222,2.631666666666667,1.353888888888889,1.2916666666666667,0,0,330436.0587945124,265350.0,420312.32327968965,235950.0,1376961.925459868,1723266.0,1619291.480299964,1609179.0,10.995596669261891,1.0352758179243589,1.0,1.0,17.175981463547956,14.695719106454863,32.071812727957116,1.0352758179243589,0.9647241820756415,0.035275817924358695,0.0,0.0,4733,0.027000739657682748,2.615806615554333,291.742701400117,1458.547770619888,0.4445383477709698
SOXS,y2025,rth,13:30,14:00,3,6,1800.0,37648,1.0,0.000950961735,1.2828444444444444e-07,20.915555555555557,2.6233333333333335,1.345,1.2838888888888889,0,0,489838.9988349384,256250.0,426753.13163239334,334250.0,1855654.9872553416,1746139.0,1743982.4885855266,2092618.0,11.010081798570173,1.0091491482413566,1.0,1.0,17.087591326264796,14.668496621122259,32.180509792709735,1.0091491482413566,0.9908508517586434,0.009149148241356563,0.0,0.0,4716,0.013345077520631387,0.7002982141902925,331.74990777977956,2306.8833984850926,0.5173876166242578
SOXS,y2025,rth,14:00,14:30,3,6,1800.0,37215,1.0,0.0005773605677777778,0.0,20.675,2.3594444444444442,1.1822222222222223,1.181111111111111,0,0,442085.0183729717,325800.0,408742.7117028081,271400.0,1781845.59604541,2073546.0,1593252.23906438,1855057.0,11.086398193555008,1.0032307389723987,1.0,1.0,17.11477619726236,14.635713739127274,32.41491085899442,1.0032307389723987,0.9967692610276012,0.0032307389723985726,0.0,0.0,4242,0.01138860652100459,0.3656847050395935,407.38027780411403,2098.169892090115,0.5551626591230552
SOXS,y2025,rth,14:30,15:00,3,6,1800.0,27201,1.0,0.00040781510000000005,0.0,15.111666666666666,1.4844444444444445,0.7411111111111112,0.7455555555555555,0,0,497676.3183974054,353850.0,413092.72996285005,270350.0,1959847.8608080628,2420334.0,1659603.2374371537,1852367.0,11.06936979822897,1.001663861196609,1.0,1.0,17.151912346830944,14.607231250396053,32.52032520325281,1.001663861196609,0.9983361388033909,0.0016638611966091677,0.0,0.0,2668,0.013275036207428731,0.4504623898608889,710.1867232447465,3140.912841810787,0.5296101949025487
SOXS,y2025,rth,15:00,15:30,3,6,1800.0,22443,1.0,0.00020623873277777775,0.0,12.468333333333334,0.72,0.345,0.37722222222222224,0,0,511481.58570121793,278500.0,400266.75313527865,377800.0,1944119.645380432,1899370.0,1689365.1502626326,2327505.5,11.001190936185116,1.0001116778589667,1.0,1.0,17.242158072411545,14.656951101763676,32.81743616823173,1.0001116778589667,0.9998883221410332,0.00011167785896677941,0.0,0.0,1291,0.014729906835417713,0.43089851759210135,1342.1853680278023,3713.4278278271895,0.5290472501936483
SOXS,y2025,rth,15:30,16:00,3,6,1800.0,34708,1.0,0.0008295762494444444,7.768177777777778e-07,19.282222222222224,1.9361111111111111,0.9883333333333333,0.9566666666666667,0,0,344602.2500285735,364250.0,529286.5830535869,330650.0,1500477.8867514825,1901021.9999999998,2024185.2864483788,2256463.5,11.025990841799622,1.0019014599853533,1.0,1.0,17.321349022356415,14.663479305731657,32.948929159803136,1.0019014599853533,0.9981475379980502,0.0018035280717328555,0.0,0.0,3481,0.013831841382643921,0.5385797247105721,428.25468985370645,2489.382425379157,0.5262855501292732
SOXS,y2025,open5,09:30,09:35,3,3,900.0,43721,1.0,0.00027609651000000006,2.9610666666666665e-07,48.57888888888889,4.312222222222222,2.128888888888889,2.2333333333333334,0,0,93564.4057781891,38900.0,76048.94095040778,30200.0,360014.869953711,269490.0,290612.7348964255,207900.0,10.969197780701336,1.2768691926406284,1.0,2.0,17.90239784619834,14.459102274497223,31.21222376080091,1.2768691926406284,0.7802118115052469,0.16560638296374672,3.357372397386475e-08,0.0,3878,0.025874782766343453,0.5580417174769964,329.2538517306936,4845.4761697137255,0.5428055698813822
SOXS,y2025,close5,15:55,16:00,3,3,900.0,21619,1.0,0.00145185645,0.0,24.02111111111111,1.1466666666666667,0.5944444444444444,0.5766666666666667,0,0,392056.04074836994,396500.0,545692.0193535587,377000.0,1699235.712329785,2295804.0,2087011.69048935,2578680.0,10.984248932477493,1.0009732843246801,1.0,1.0,17.353729870625656,14.61197953826795,33.05785123966874,1.0009732843246801,0.9990267156753201,0.0009732843246800265,0.0,0.0,1030,0.022954591328373748,0.9601806313319374,1021.1532151708527,6485.221448224284,0.5029126213592233
SOXS,y2025,pre,04:00,07:00,3,3,900.0,729,1.0,0.02655975060777778,0.0,0.81,0.07666666666666666,0.034444444444444444,0.042222222222222223,0,0,27667.108332317726,19900.0,50005.434920227366,26800.0,120816.9116681612,136315.0,195881.63596370202,183848.0,11.241262813264884,1.4218241286163944,1.0,3.0,18.357775348250744,14.587892049599807,31.89792663476947,1.4218241286163944,0.7481177286413035,0.10818082201778106,0.0,0.0,67,0.08609937521846009,58.63836037054189,20300.185198596864,23843.402735515283,0.23880597014925373
SOXS,y2025,pre,07:00,08:00,3,3,900.0,2396,1.0,0.024799738346666666,0.0,2.6622222222222223,0.2111111111111111,0.12222222222222222,0.08888888888888889,0,0,64680.16319256291,43100.0,39782.83175736169,25200.0,263464.29829337157,296959.0,164139.4308810758,173880.0,11.18469364773126,1.6557084341861867,1.0,3.0,19.791450412256484,14.511769134180549,31.897926634769465,1.6557084341861867,0.6894023323193234,0.11950387664099797,0.04076074494728568,0.0,188,0.1380384264602886,34.14548873833601,5946.832610410727,8589.433146722056,0.24468085106382978
SOXS,y2025,pre,08:00,09:00,3,3,900.0,1801,1.0,0.12802319646000002,0.0,2.0011111111111113,0.23,0.10555555555555556,0.12444444444444444,0,0,125105.41776138604,30800.0,77332.50080340344,25600.0,448166.440421949,211904.0,310498.40025891695,176384.0,11.77436987980554,1.407731971641863,1.0,3.0,19.022728507887177,14.518231893750924,31.99999999999934,1.407731971641863,0.7180672284989408,0.1783764911274558,5.645654769730551e-06,0.0,205,0.21134890398366485,105.92537251772889,4663.908268844407,15155.7716981846,0.22439024390243903
SOXS,y2025,pre,09:00,09:30,3,3,900.0,4314,1.0,0.01841851716333333,0.0,4.793333333333333,0.27,0.13,0.14,0,0,27960.285339710033,23100.0,38948.575160799344,50200.0,126611.56947208766,159159.0,191203.68817549816,222981.0,11.249285658771742,1.2279789249419213,1.0,2.0,17.492825180968477,14.50502728655015,31.212683792771536,1.2279789249419213,0.810266549152439,0.15397272379818433,0.0,0.0,240,0.12181879120101159,298.53826189179625,6050.875007272953,14207.286996886354,0.23333333333333334
SOXS,y2025,post,16:00,17:00,3,3,900.0,539,1.0,0.01628129645,0.0,0.5988888888888889,0.051111111111111114,0.028888888888888888,0.022222222222222223,0,0,34071.9455549522,11700.0,23811.976786082843,23200.0,125775.75532164931,80262.0,111405.71523106223,159384.0,11.154519730501937,1.5054083376039429,1.0,3.0,19.213133999416993,14.566642388929036,32.991931854215764,1.5054083376039429,0.6808404522911261,0.19674804223265818,0.023545758749451105,0.0,44,1.3803842646028852,63.095734448019456,30199.51720402015,73635.04864457673,0.06818181818181818
SOXS,y2025,post,17:00,18:00,3,3,900.0,159,1.0,0.0,0.0,0.17666666666666667,0.0077777777777777776,0.0022222222222222222,0.005555555555555556,0,0,45467.96271752634,16400.0,48321.109303815225,62500.0,162016.8332554417,112668.0,239190.45992247225,232715.0,11.035497598252087,1.6131926081422225,1.0,3.0,19.87763840665246,14.545454545454234,32.84072249589422,1.6131926081422225,0.6666666666666666,0.12135418595555562,0.0,0.0,6,7244.3596007499145,25118.86431509581,69183.09709189362,30112.96675565783,0.0
SOXS,y2025,post,18:00,20:00,3,3,900.0,294,1.0,5.455644444444444e-07,0.0,0.32666666666666666,0.07111111111111111,0.03333333333333333,0.03777777777777778,0,0,38485.910173731754,9000.0,34847.592517563666,14900.0,136964.63160358887,61650.0,138541.05908553745,102214.0,11.576991465902827,1.3578836649019361,1.0,3.0,18.5936211177829,14.58789204959982,32.840722495894205,1.3578836649019361,0.7725182081962448,0.11802792515628388,0.0,0.0,63,0.0597952473404552,616.5950018614831,15488.166189124795,21182.56685217185,0.20634920634920634
SOXS,y2025,pre,04:00,09:30,3,12,3600.0,9240,1.0,0.049450300644444445,0.0,2.566666666666667,0.19694444444444445,0.09805555555555556,0.09888888888888889,0,0,59582.02650716962,26950.0,50796.10201622345,26200.0,233972.19791345723,179739.5,212818.24805702275,180116.0,11.351085005536655,1.4441640462087624,1.0,3.0,18.66071228279639,14.587892049599807,31.89792663476947,1.4441640462087624,0.7376283675124353,0.12716530831288894,0.0074120710185555305,0.0,700,0.12271252398511906,91.72759353897801,6401.032024709313,15696.24912448804,0.2342857142857143
SOXS,y2025,post,16:00,20:00,3,9,2700.0,992,1.0,0.005427280671481481,0.0,0.3674074074074074,0.043333333333333335,0.02148148148148148,0.02185185185185185,0,0,39370.69648789072,11700.0,35724.87885876773,23200.0,141672.01146921422,80262.0,163327.53409561617,159384.0,11.256221485358823,1.4585920688875096,1.0,3.0,19.069503660408813,14.58789204959982,32.84072249589422,1.4585920688875096,0.7231358838375707,0.1385395196251954,0.005886439687362776,0.0,113,0.645654229034656,537.0317963702529,24688.801049062095,38536.96317851336,0.1415929203539823
SOXS,y2025,rth,09:30,16:00,3,78,23400.0,568462,1.0,0.0007187594280341881,6.684991452991453e-07,24.293247863247863,2.453034188034188,1.2431196581196582,1.2192735042735043,0,0,374994.483189223,274250.0,366877.90101120784,256650.0,1499374.0147244348,1723266.0,1482293.2555177514,1643825.0,10.958220786100597,1.0211367753761116,1.0,1.0,17.08328516338193,14.660174518147505,32.322235946646686,1.0211367753761116,0.9810633935025509,0.016847999621829646,1.2918695779928502e-09,0.0,57331,0.022039720220293647,0.8304837866546682,345.9674075660297,4303.291666870754,0.508625351031728
SOXS,y2026,rth,09:30,10:00,2,4,1200.0,191110,1.0,0.0009382477724999999,0.0,159.25833333333333,21.825833333333332,11.4675,11.236666666666666,0,0,957.9440281001282,500.0,807.7088923554977,550.0,32554.30833001301,17063.0,27471.37569409063,18677.5,34.562765122160336,1.3510707614173907,1.0,2.0,3.956916291013175,3.0784272032327378,6.157899524806914,1.3510707614173907,0.6733161959468678,0.30229852718559613,0.0,0.0,26187,0.027743234942413632,0.4069939520406539,114.94394833567652,394.8028868976295,0.5757818765036087
SOXS,y2026,rth,10:00,10:30,2,4,1200.0,238163,1.0,0.0011197386475,0.0,198.46916666666667,25.391666666666666,13.823333333333334,12.433333333333334,0,0,946.4484875981816,550.0,746.7799239054741,500.0,32482.915317249684,18785.5,25325.249730315558,16999.0,34.41176584132741,1.2591261172272015,1.0,2.0,3.685076302148326,3.064219530062741,6.129179472694829,1.2591261172272015,0.7449809162293863,0.25105832132432904,0.0,0.0,30466,0.03092146883262166,0.6227161417724132,107.59704804563764,296.3928752862,0.5327578283988709
SOXS,y2026,rth,10:30,11:00,2,4,1200.0,154767,1.0,0.0031753514483333334,0.00014255713750000002,128.9725,12.254166666666666,6.734166666666667,6.705,0,0,980.2714619051524,750.0,926.4197265656909,800.0,33139.741338391344,25441.5,31283.852448379042,27148.0,34.219463856969455,1.0098111061132096,1.0,1.0,2.9562741343119017,3.049538361402942,3.05264556322797,1.0098111061132096,0.9901892622974768,0.009810369291836922,0.0,0.0,14701,0.02034416819004127,0.19377320805174864,243.94115056944784,620.5756806215104,0.6234269777566152
SOXS,y2026,rth,11:00,11:30,2,4,1200.0,164591,1.0,0.0025032405758333336,3.206400999999999e-05,137.15916666666666,14.155,7.764166666666667,7.1066666666666665,0,0,1123.9500578500815,750.0,1187.5825637896983,950.0,37763.419355954116,25330.0,39505.23459497588,31850.0,34.30465228123453,1.0466567630829038,1.0,1.0,3.052635581797466,3.0792492836101597,3.0862657201533765,1.0466567630829038,0.9541341391000271,0.04507495871704139,0.0,0.0,16982,0.02267008740967396,0.21036291861882805,146.59228387698505,787.8749323291798,0.6267812978447769
SOXS,y2026,rth,11:30,12:00,2,4,1200.0,116897,1.0,0.004110946993333333,0.0,97.41416666666667,6.8308333333333335,3.74,3.745,0,0,1144.5436620731718,1000.0,1049.5499910814392,950.0,38904.41010159287,34001.0,35720.08317541211,32361.0,34.51762727076881,1.0016771178383683,1.0,1.0,2.9079730848156737,3.0345685483687714,3.0373168323684188,1.0016771178383683,0.9983228821616317,0.0016771178383684364,0.0,0.0,8193,0.019146659909974748,0.20176169124863622,455.0024117287829,954.5326322385705,0.6000244110826315
SOXS,y2026,rth,12:00,12:30,2,4,1200.0,147057,1.0,0.003072440730833333,2.213604166666667e-06,122.5475,10.501666666666667,5.915,5.424166666666666,0,0,1418.0660844804643,1050.0,1253.5330949641643,1200.0,47310.45839872017,35641.5,41674.01323117147,40116.0,34.10792541430899,1.013882039480367,1.0,1.0,2.980897595317658,3.1141440198406585,3.1158592953029047,1.013882039480367,0.9861179605196331,0.013882039480366898,0.0,0.0,12598,0.021300422354072503,0.2180735237388024,247.16502324177569,891.4950652178119,0.611525638990316
SOXS,y2026,rth,12:30,13:00,2,4,1200.0,72747,1.0,0.005196325665,0.0,60.6225,3.6441666666666666,2.0,2.0083333333333333,0,0,1356.020234894676,1050.0,1387.8725252057247,1250.0,45730.01752548868,35296.0,46525.92030495425,41847.0,34.00417342652858,1.0002087333246654,1.0,1.0,2.950371407799051,2.789071684357478,3.1132219051219976,1.0002087333246654,0.9997912666753344,0.00020873332466543322,0.0,0.0,4369,0.020257585366638537,0.19835766148855644,862.1237717224838,1829.8795484154916,0.6065461203936827
SOXS,y2026,rth,13:00,13:30,2,4,1200.0,60686,1.0,0.0028638484674999997,0.0,50.571666666666665,2.2333333333333334,1.2833333333333334,1.2633333333333334,0,0,1719.1832612002731,1250.0,1755.8372892850982,1600.0,56990.89475591066,41720.0,58259.38598169426,52976.00000000001,34.08366840062958,1.0005483736891496,1.0,1.0,2.945804864523934,3.116825753607699,3.1201705519118463,1.0005483736891496,0.9994516263108509,0.0005483736891492874,0.0,0.0,2676,0.024966785918811442,0.550143758902554,1435.8247965217054,2186.180585491234,0.5209267563527653
SOXS,y2026,rth,13:30,14:00,2,4,1200.0,74598,1.0,0.0055944909058333325,7.201360833333335e-05,62.165,2.9175,1.6458333333333333,1.6975,0,0,1600.0993169356977,1300.0,1755.3966866015307,1500.0,53522.800044571864,43230.0,58229.989189816675,49890.0,33.973830498642975,1.0006589349269046,1.0,1.0,2.9532049206099127,2.800362236296164,3.1094728838401684,1.0006589349269046,0.9993432327931578,0.0006545994867801449,0.0,0.0,3497,0.02441588179893909,0.6103881035024183,1058.1456588562612,1917.931066748914,0.5204460966542751
SOXS,y2026,rth,14:00,14:30,2,4,1200.0,41964,1.0,0.0017918894633333334,0.0,34.97,1.6366666666666667,0.8741666666666666,0.9991666666666666,0,0,1726.4769687947376,1600.0,1943.1665889439803,1900.0,57305.424294738594,52879.99999999999,64143.27038642919,62971.0,33.965747449746125,1.0011382136672442,1.0,1.0,2.9553617874377216,3.103792990616715,3.1087323138656595,1.0011382136672442,0.9988617863327559,0.0011382136672440232,0.0,0.0,1960,0.024088967285183043,0.6928273124726773,1810.9011179578238,3411.86884830653,0.5163265306122449
SOXS,y2026,rth,14:30,15:00,2,4,1200.0,46583,1.0,0.0026622813541666668,0.0,38.81916666666667,1.2925,0.7183333333333334,0.7583333333333333,0,0,1848.0551115191197,1600.0,1972.2460722433786,1850.0,61907.835675925584,53702.0,65598.22916346438,61350.49999999999,34.000069415210476,1.0000313188612873,1.0,1.0,2.9490350613911227,2.7978830060370874,3.102157758082784,1.0000313188612873,0.9999686811387131,3.131886128710503e-05,0.0,0.0,1547,0.02482497894859132,2.3909551442705106,2461.4469276323616,3286.9427911157973,0.486748545572075
SOXS,y2026,rth,15:00,15:30,2,4,1200.0,61415,1.0,0.0021307836883333337,0.0,51.17916666666667,1.785,0.9883333333333333,1.05,0,0,2282.988093614449,2000.0,1987.8527592513044,1700.0,77078.68144617458,67644.0,66658.96286219935,57456.5,34.2137967207208,1.000175135497528,1.0,1.0,2.932728424635512,3.097411252735231,3.0994368349740444,1.000175135497528,0.999824864502472,0.0001751354975280475,0.0,0.0,2138,0.024478256866145274,1.0926008611173783,1616.484067967174,2404.1995350968364,0.4976613657623948
SOXS,y2026,rth,15:30,16:00,2,4,1200.0,86244,1.0,0.005154518596666667,0.00017866430750000003,71.87,2.6033333333333335,1.4391666666666667,1.4258333333333333,0,0,2698.3888697158454,2350.0,2100.079509115573,1750.0,91506.69353326052,79654.0,70727.51478605025,59169.5,34.23984648605566,1.0004695648728523,1.0,1.0,2.929762193067257,3.0754557951082813,3.0843972837697224,1.0004695648728523,0.999553185942239,0.0004242985861324895,0.0,0.0,3120,0.023562546370004697,0.4535933372579278,1270.5741052085411,2427.380397470124,0.5506410256410257
SOXS,y2026,open5,09:30,09:35,2,2,600.0,98681,1.0,0.0010662608166666667,2.11001e-05,164.46833333333333,22.905,12.468333333333334,11.036666666666667,0,0,2236.098891716154,500.0,655.4938187669773,350.0,80704.78479475039,17779.0,23062.000258440996,12300.5,34.79615213540506,1.8537755230119985,2.0,3.0,5.3932349381267795,5.454653654344448,9.09987808994442,1.8537755230119985,0.4883103528295362,0.29416655638140043,0.027036972630676948,0.0,13741,0.029475818616684097,0.6921105010031027,125.6969555159632,285.57448467013063,0.5293646750600393
SOXS,y2026,close5,15:55,16:00,2,2,600.0,43626,1.0,0.006071796920000001,0.0,72.71,2.3833333333333333,1.305,1.3,0,0,2846.2994519422004,2350.0,1907.6268935048254,1500.0,96706.22872348485,79500.0,64797.03042520657,50951.0,34.17816733821019,1.0017598592043635,1.0,1.0,2.9394616823937056,3.089725175172717,3.089725175172717,1.0017598592043635,0.9982401407956367,0.0017598592043633512,0.0,0.0,1428,0.024909421203339475,0.39810717055349726,1404.9053256994025,2596.209311767982,0.5651260504201681
SOXS,y2026,pre,04:00,07:00,2,2,600.0,4401,1.0,0.021532220153333337,0.0,7.335,1.1866666666666668,0.6416666666666667,0.565,0,0,711.4148445442427,500.0,684.9349494717377,500.0,23415.072626336852,16554.0,22920.427151414788,16721.0,33.813014819587,2.1476498787362277,1.0,4.0,6.199849329028513,3.1179698182616633,11.275081592323808,2.1476498787362277,0.5020578013227807,0.09136127455555253,0.03173709148930756,0.0,710,0.04143728614092729,12.133888504649786,2585.234839562193,3962.3810681065024,0.3323943661971831
SOXS,y2026,pre,07:00,08:00,2,2,600.0,6942,1.0,0.031486950038333336,1.9120983333333334e-06,11.57,2.9116666666666666,1.6633333333333333,1.4383333333333332,0,0,741.824251515439,400.0,688.9240453333017,350.0,25087.01160077132,13420.0,22968.17110748604,11810.0,34.022494767012724,2.118510993778092,2.0,4.0,6.093705727287611,5.6282233147020335,11.249644820287278,2.118510993778092,0.48748030907686035,0.11660920636131085,0.06176781746703574,0.0,1745,0.022963041556618075,1.083548823318809,878.5166564072719,3245.9201174804516,0.49340974212034383
SOXS,y2026,pre,08:00,09:00,2,2,600.0,4793,1.0,0.004822728643333333,0.0,7.988333333333333,1.7916666666666667,0.93,0.9466666666666667,0,0,742.653601815718,500.0,1104.730114726779,750.0,24990.312362143202,16826.0,36666.64469359273,25112.5,33.952130744047786,2.6519325722781786,1.0,6.0,7.616713844714127,3.077492912580426,16.939595185118353,2.6519325722781786,0.5155664070890096,0.06748467317631325,0.18301584058658027,0.0,1073,0.06456542290346554,3.142116058074338,1511.9025848114754,4734.527627349737,0.38024231127679403
SOXS,y2026,pre,09:00,09:30,2,2,600.0,6436,1.0,0.006570353365000001,0.0,10.726666666666667,2.205,1.3766666666666667,0.9916666666666667,0,0,810.610582413532,550.0,739.9369303616226,650.0,28048.2352614169,18793.0,25023.8720583153,21821.000000000004,34.34038322874156,2.072121849436133,1.0,4.0,5.878257235985579,3.0896153133371,11.022262856197852,2.072121849436133,0.531039635688964,0.1355665627064599,0.0633584734844599,0.0,1321,0.050141809203089416,3.614098626396133,1509.2111322996955,3460.1205190612204,0.35730507191521577
SOXS,y2026,post,16:00,17:00,2,2,600.0,1106,1.0,0.0010230945866666666,0.0,1.8433333333333333,0.89,0.4716666666666667,0.425,0,0,970.21655280924,600.0,1139.044180382757,500.0,33616.42012754386,20942.0,38683.49617807339,16603.999999999996,34.299478969416214,1.6949213657391133,1.0,4.0,4.888057304911637,3.0776389093314305,11.080332409972064,1.6949213657391133,0.6162947250086142,0.22677649003600572,0.0,0.0,532,0.03440857338265134,0.5352681822847106,331.13112148259125,26085.91792328455,0.5263157894736842
SOXS,y2026,post,17:00,18:00,2,2,600.0,158,1.0,0.0,0.0,0.2633333333333333,0.09,0.058333333333333334,0.03166666666666667,0,0,738.3368299303334,350.0,557.4497622011667,500.0,25901.251829322526,12255.5,19346.33888129038,17298.0,34.22054933074124,1.8338827279649998,1.0,3.0,5.431879582076394,3.093092667361084,9.274793510677151,1.8338827279649998,0.5418261714983335,0.15017214068166665,0.011729000973333336,0.0,52,0.06456542290346554,2511.886431509583,20892.96130854042,24236.98981652343,0.25
SOXS,y2026,post,18:00,20:00,2,2,600.0,295,0.9999999999999998,0.0,0.0,0.49166666666666664,0.12,0.043333333333333335,0.07666666666666666,0,0,1049.2346568220003,950.0,1029.9235348025002,400.0,35327.19897429528,31311.5,36665.21807020952,13724.0,34.3073305847163,2.6250662433866667,2.0,5.0,7.487495412097729,6.1814250433000355,13.789274626980076,2.6250662433866667,0.30621314454,0.2501214082366667,0.1170681740566667,0.0,70,0.05716666501913617,1258.9254117941678,23263.050671536304,23286.116609961315,0.2571428571428571
SOXS,y2026,pre,04:00,09:30,2,8,2400.0,22572,1.0,0.016103063049999998,4.780245833333333e-07,9.405,2.02375,1.1529166666666666,0.9854166666666667,0,0,751.8367649469128,500.0,805.9524317937593,450.0,25394.360017120234,17157.5,26939.08892355196,16120.5,34.03286317681298,2.2271734776332766,1.0,4.0,6.408926577650921,3.1179698182616633,11.275081592323808,2.2271734776332766,0.5044981705415806,0.09562926991954757,0.06757712168432156,0.0,4849,0.039292128488475936,2.8658032892855947,1450.6495245319966,3760.1561579086588,0.4077129305011343
SOXS,y2026,post,16:00,20:00,2,6,1800.0,1559,1.0,0.0003410315288888889,0.0,0.8661111111111112,0.36666666666666664,0.19111111111111112,0.17777777777777778,0,0,919.2452970485763,450.0,908.7272804709687,400.0,31614.27418216107,15524.5,31562.58925608308,13724.0,34.27577821225246,2.194734145119362,2.0,4.0,6.3237319277958735,6.156511933956055,11.080332409972064,2.194734145119362,0.442636796396737,0.21929786179775143,0.061466337271666685,0.0,654,0.041036539588295694,1.5336077187700135,4196.209308723013,23997.39600233888,0.47553516819571867
SOXS,y2026,rth,09:30,16:00,2,52,15600.0,1456822,1.0,0.003101084946858974,3.288558980769231e-05,93.38602564102564,8.236282051282052,4.4917948717948715,4.296410256410256,0,0,1523.0041130832662,900.0,1451.6125764465269,1000.0,51237.16812351418,32368.0,48540.01760287598,35675.0,34.20052044546261,1.0528288584929255,1.0,1.0,3.0892209434727076,3.0345685483687714,3.1158592953029047,1.0528288584929255,0.9494305732780717,0.04832141691883668,0.0,0.0,128434,0.02379912594954241,0.35044675635649364,251.04425298718976,1268.5873375661986,0.5773315477210085
SOXX,last12m,rth,09:30,10:00,2,4,1200.0,156227,1.0,6.166794166666666e-06,6.6685e-08,130.18916666666667,53.06333333333333,25.50583333333333,27.56,0,0,98.77149296791036,60.0,90.87104944976029,60.0,31355.539694437575,18974.6,28946.228399742675,18983.8,322.9359805598429,7.085593842628268,7.0,9.0,2.2279024410926094,2.3134340038574894,2.9753155276372687,7.085593842628268,0.00027314994934118524,0.002106715498833838,0.9366661618631728,0.0,63672,0.031090237186897917,0.5262480216599731,59.14443339501939,111.27854562694034,0.5737843950245005
SOXX,last12m,rth,10:00,10:30,2,4,1200.0,121767,1.0,5.134216666666667e-06,1.6345166666666668e-07,101.4725,41.895,20.791666666666668,21.10333333333333,0,0,94.73311182543996,60.0,100.0891511609266,60.0,30230.231571176784,19084.6,31936.552743800527,19077.6,324.34674904971774,6.597983430924551,6.0,9.0,2.0625176401758782,1.9685898915402715,2.9530214907893626,6.597983430924551,0.0007849242891018832,0.004366363482378884,0.9029147131310169,0.0,50270,0.031285601308103955,0.7221477681715128,69.83440400457414,131.7308738716924,0.5310722100656455
SOXX,last12m,rth,10:30,11:00,2,4,1200.0,85728,1.0,2.6549321666666664e-05,0.0,71.44,27.520833333333332,14.001666666666667,13.52,0,0,139.85074883064937,80.0,125.73710923892529,80.0,44084.83758789798,25248.0,39803.21907645729,25247.0,325.84331072411817,4.968038580262652,5.0,7.0,1.5555438522010077,1.4439429598038447,2.294509928887614,4.968038580262652,0.0012147850950535765,0.01680881368510133,0.5286619382441845,0.0,33021,0.03624136490083747,1.2059315970575772,100.98759228718457,201.5229625253952,0.483056236940129
SOXX,last12m,rth,11:00,11:30,2,4,1200.0,72194,1.0,1.0822933333333334e-06,0.0,60.16166666666667,24.495833333333334,11.615833333333333,12.881666666666666,0,0,116.59178335984319,80.0,126.76174886992902,80.0,36764.57414125481,25165.0,39929.18368165372,25163.199999999997,324.7660423623939,4.8118208021824085,5.0,7.0,1.504041796006424,1.4510456691041553,2.2946238153458274,4.8118208021824085,0.0010418056642059912,0.010913995021310734,0.5473140435268408,0.0,29391,0.037752695100913114,1.9889454925305985,104.19275669795739,220.93671601559905,0.4450341941410636
SOXX,last12m,rth,11:30,12:00,2,4,1200.0,66928,1.0,1.2089958333333333e-06,0.0,55.77333333333333,19.214166666666667,9.206666666666667,10.0075,0,0,107.8580241719018,80.0,145.11232300706055,80.0,34288.634961802476,25219.6,45905.90002877051,25241.399999999998,325.2069726526119,4.390940745113232,4.0,6.0,1.370601857981966,1.309802998847461,1.9649939069590097,4.390940745113232,0.002039784792757982,0.02095300052042363,0.4083832649528328,0.0,23053,0.039107538276550294,1.867469020378043,122.55703208932677,314.7133002551776,0.4481412397518761
SOXX,last12m,rth,12:00,12:30,2,4,1200.0,71299,1.0,2.146674166666667e-06,0.0,59.41583333333333,22.843333333333334,10.946666666666667,11.8975,0,0,104.04258766140183,80.0,143.62351917386502,80.0,33114.05652031623,25183.199999999997,45187.20892706828,25217.4,324.859717249043,4.238110507939009,4.0,6.0,1.3234499419557977,1.3122434914901164,1.9689846647074432,4.238110507939009,0.0026957418310460135,0.032535780782886735,0.3772465088903354,0.0,27408,0.038929124480889386,1.3050435363128228,101.92764990574317,310.5691801669563,0.47398569760653825
SOXX,last12m,rth,12:30,13:00,2,4,1200.0,44377,1.0,7.836725e-07,0.0,36.98083333333334,10.266666666666667,4.8566666666666665,5.41,0,0,138.80219996993372,80.0,145.03045870354885,80.0,44189.35427590637,26037.2,45885.9148601822,25247.0,325.56917467189123,4.238330971450094,4.0,6.0,1.3306032071311107,1.1571865245140616,1.964898392477956,4.238330971450094,0.0053043702568891,0.0881633704003756,0.42326792993010304,0.0,12316,0.04457956254442328,3.2699031053582828,250.87619805100434,519.5932494569297,0.41482624228645665
SOXX,last12m,rth,13:00,13:30,2,4,1200.0,43154,1.0,9.547108333333333e-07,0.0,35.961666666666666,11.5325,5.568333333333333,5.964166666666666,0,0,112.31375063875446,100.0,229.668770185263,120.0,35853.413086654284,32162.0,71970.0918874326,38306.799999999996,325.6866450641026,3.8526981930868693,4.0,5.0,1.1958586762693928,1.1596160719208644,1.6325345461831668,3.8526981930868693,0.00578569998283712,0.042085208586704594,0.219914069206011,0.0,13835,0.05009058428322722,4.850806529516569,183.21806818384132,529.6535902863736,0.38619443440549334
SOXX,last12m,rth,13:30,14:00,2,4,1200.0,45353,1.0,1.2805866666666666e-06,0.0,37.79416666666667,12.179166666666667,6.0275,6.151666666666666,0,0,111.4049605429404,100.0,190.51399340164645,100.0,35698.99656475898,32221.799999999996,60015.356873670564,32225.6,326.35488239514166,3.9208514800459615,4.0,5.0,1.2162865466943613,1.155664538687225,1.6319728160470635,3.9208514800459615,0.0019990816633306554,0.05128579061839956,0.25684255426498387,0.0,14611,0.042163290612323615,2.472435666803724,169.5019126708694,576.5514874523817,0.4256382177811238
SOXX,last12m,rth,14:00,14:30,2,4,1200.0,35728,1.0,7.676858333333333e-07,0.0,29.773333333333333,9.450833333333334,4.735833333333333,4.715,0,0,141.4674927068567,80.0,136.90725469172656,100.0,44854.33220180121,25362.600000000002,43768.7562132934,32275.0,326.71477008371147,3.9929815882770647,4.0,6.0,1.2362287338642617,1.1560877320308218,1.9519722704337807,3.9929815882770647,0.0042827443086354685,0.044438036194450886,0.27384523589877485,0.0,11337,0.047418132344442546,4.525501015317189,233.71892363516994,634.897945401623,0.4011643291876158
SOXX,last12m,rth,14:30,15:00,2,4,1200.0,28423,1.0,4.2574500000000003e-07,0.0,23.685833333333335,6.179166666666666,3.026666666666667,3.1533333333333333,0,0,115.10605083542559,80.0,158.62546126903032,100.0,37025.50318224026,27684.8,50392.28506396727,32307.2,326.9096861093977,3.4889025138661354,3.0,5.0,1.0789048713764182,0.9750210845994725,1.6247999054079538,3.4889025138661354,0.0045791694178918246,0.09129569788868698,0.1303043706906012,0.0,7411,0.054209783135499845,6.069489632345901,387.9926775749827,950.6351512474549,0.39468357846444474
SOXX,last12m,rth,15:00,15:30,2,4,1200.0,44780,1.0,1.3921966666666668e-06,0.0,37.31666666666667,10.094166666666666,4.644166666666667,5.45,0,0,129.2213519355021,100.0,108.47921382143322,80.0,41494.5167325361,32289.800000000003,34992.434255145425,27580.800000000003,326.5719986159573,3.261104521096344,3.0,4.0,1.0010366129967936,0.9723092053866714,1.2984175252996966,3.261104521096344,0.005033743667127825,0.13771145727226508,0.03261702230680975,0.0,12109,0.04544238741349151,3.4217038956386756,245.35899280064535,557.9089155183991,0.41787100503757535
SOXX,last12m,rth,15:30,16:00,2,4,1200.0,60196,1.0,8.013368e-05,0.0,50.163333333333334,11.943333333333333,5.655,6.2908333333333335,0,0,181.28728656004256,100.0,153.2807180860466,100.0,59110.365564900356,32350.4,49900.40534875307,32353.999999999996,327.1532755330927,2.7149803257687974,3.0,4.0,0.8374252759471938,0.8690002741465789,1.2942240130480072,2.7149803257687974,0.05706751949367876,0.35099409686197314,0.01866883746848099,0.0,14328,0.026659852396049916,0.7970304731582796,219.1827904055564,614.5960253456122,0.5233109994416527
SOXX,last12m,open5,09:30,09:35,2,2,600.0,64641,1.0,3.917998333333334e-06,2.2973333333333338e-07,107.735,35.74,18.76,16.981666666666666,0,0,238.69821777895663,120.0,268.18682484578596,160.0,78720.89348284177,38853.0,89605.38334764465,52551.2,323.49783178250175,12.797913161869689,11.0,24.0,3.9442041584894785,3.2049673310563973,7.580259647356337,12.797913161869689,0.0002450637714587655,0.00028400805298919483,0.9918850949348845,0.0,21442,0.025596422594022193,0.51390186714645,82.41163657511308,195.72732696742702,0.5930416938718404
SOXX,last12m,close5,15:55,16:00,2,2,600.0,37939,1.0,0.0002772588266666667,0.0,63.23166666666667,13.051666666666666,6.715,6.343333333333334,0,0,277.0125237547081,140.0,183.26387610359217,120.0,89767.61676569057,45455.0,60028.750913160366,38548.8,327.28582806472633,2.30171345277624,2.0,3.0,0.704392258647621,0.6466602403113451,0.9698903930605562,2.30171345277624,0.1524141901845379,0.4783140967852529,0.014210414557866766,0.0,7829,0.03131332363848679,0.9193090563015186,212.91346362296198,531.3516703996607,0.5084940605441308
SOXX,last12m,pre,04:00,07:00,2,2,600.0,571,1.0,0.0,0.0,0.9516666666666667,0.30833333333333335,0.23166666666666666,0.07666666666666666,0,0,355.6569844474666,160.0,1285.0415469668667,1020.0,117296.13299473196,50554.0,433865.51976512943,353524.8,326.49599298531245,65.06645997016001,60.0,95.0,19.829927679742948,18.303046149823576,27.383456578010005,65.06645997016001,0.0,0.0,1.0,0.0,183,0.7328245331389048,707.9457843841385,6569.011164762667,10402.788175609276,0.1092896174863388
SOXX,last12m,pre,07:00,08:00,2,2,600.0,621,1.0,0.0,0.0,1.035,0.23166666666666666,0.15833333333333333,0.07333333333333333,0,0,261.4569213445334,300.0,1001.8090559476001,180.0,82149.26622340313,94101.0,341141.1661246912,56729.0,326.2987651810248,50.090147979958346,51.0,68.0,15.346832009563022,15.702695629416983,19.60445136529304,50.090147979958346,0.0,0.0,1.0,0.0,137,0.3845917820453536,891.2509381337455,11415.633046188457,16566.151058897995,0.13138686131386862
SOXX,last12m,pre,08:00,09:00,2,2,600.0,608,1.0,0.0,0.0,1.0133333333333334,0.335,0.18666666666666668,0.14833333333333334,0,0,156.1092123824,160.0,186.468693445,140.0,50150.30334923647,50608.0,60305.87063875077,44531.8,326.7242107841713,37.46402691556,32.0,65.0,11.330100077196256,10.45205121505073,18.727061901312986,37.46402691556,0.0,0.0,1.0,0.0,199,0.04988844874600123,122.32071190499329,7989.139416674056,18093.957455564963,0.20100502512562815
SOXX,last12m,pre,09:00,09:30,2,2,600.0,3489,1.0,0.0,0.0,5.815,1.44,0.7083333333333334,0.7316666666666667,0,0,703.9249762917333,320.0,209.33941761839998,120.0,218783.34591955735,98568.4,65792.83080359605,38046.0,324.01639529384323,41.89201173645833,40.0,62.0,13.186892566354867,12.541190163523968,20.428492303971744,41.89201173645833,0.0,1.3295333333333333e-07,0.9999998670466668,0.0,862,0.03191537855100763,97.7237220955811,1786.4875748520544,4318.163301187566,0.2679814385150812
SOXX,last12m,post,16:00,17:00,2,2,600.0,523,1.0,0.0,0.0,0.8716666666666667,0.23,0.16,0.07,0,0,1137.5951294408,1040.0,1232.3482109965335,1340.0,352639.3935449481,322290.8,382539.2135984894,415648.6,326.95546925488645,48.01515347114667,40.0,70.0,14.90438286375155,11.594489853367167,22.667086943554253,48.01515347114667,0.0,0.0,1.0,0.0,136,8.709635899560803,425.1786303382898,9289.663867799358,27829.1059333989,0.07352941176470588
SOXX,last12m,post,17:00,18:00,2,2,600.0,230,1.0,0.0,0.0,0.38333333333333336,0.165,0.15666666666666668,0.008333333333333333,0,0,1760.8657819562666,2060.0,1902.729090747,2160.0,545561.9527726226,637095.8,593167.6763815783,672843.2,326.78416844176127,44.96946525330332,60.0,60.0,14.062494281884996,19.42394943974833,19.448946515397814,44.96946525330332,0.0,0.0,1.0,0.0,97,117.48975549395311,562.3413251903502,4634.469197362885,43479.229198708585,0.020618556701030927
SOXX,last12m,post,18:00,20:00,2,2,600.0,787,1.0,0.0,0.0,1.3116666666666668,0.37,0.19666666666666666,0.17333333333333334,0,0,1455.0139241004,1160.0,159.89331219913336,180.0,452518.02831631026,363299.2,50798.29794938425,57007.200000000004,326.4909937808846,39.31104666719501,43.0,58.0,12.307699460410987,13.937733983761138,18.801257739310316,39.31104666719501,0.0,0.0,1.0,0.0,220,8.576958985908945,248.31331052955701,5843.414133735179,16847.67382738706,0.06818181818181818
SOXX,last12m,pre,04:00,09:30,2,8,2400.0,5289,1.0,0.0,0.0,2.20375,0.57875,0.32125,0.2575,0,0,369.28702361653336,180.0,670.6646784944666,120.0,117094.76212173223,57472.2,225276.34683304187,38159.6,325.88384106108794,55.21810194076864,53.0,86.0,16.865483892575554,16.133214254847232,26.78950635434,55.21810194076864,0.0,1.2086666666666665e-08,0.9999999879133333,0.0,1381,0.04736963081746329,112.7267606143667,4430.415363732469,10423.204990036507,0.22375090514120202
SOXX,last12m,post,16:00,20:00,2,6,1800.0,1540,1.0,0.0,0.0,0.8555555555555555,0.255,0.1711111111111111,0.08388888888888889,0,0,1451.1582784991554,1160.0,1098.323537980889,300.0,450239.79154462693,363299.2,342168.395976484,98464.0,326.74354382584414,42.90167801471001,41.0,60.0,13.395569016614633,11.88419250794636,19.448946515397814,42.90167801471001,0.0,0.0,1.0,0.0,453,9.61612278383666,338.8441561392027,7115.775244714806,26716.16165464973,0.059602649006622516
SOXX,last12m,rth,09:30,16:00,2,52,15600.0,876154,1.0,9.848197948717948e-06,1.7702820512820516e-08,56.163717948717945,20.052179487179487,9.737115384615384,10.31576923076923,0,0,122.4189237870928,80.0,142.66929461451113,80.0,39081.74853488047,27586.0,45279.496820695276,27674.4,325.6091613643902,4.427879700069175,4.0,7.0,1.3800332741220989,1.164970796540972,2.2909845741816532,4.427879700069175,0.007084521849228019,0.06874138367259311,0.3889744082852858,0.0,312762,0.0348641509674552,1.155469857701892,114.52618811380106,350.0685509112228,0.4869069771903236
SOXX,normal18m,rth,09:30,10:00,4,8,2400.0,211716,1.0,3.2635154166666664e-06,3.33425e-08,88.215,34.59,16.718333333333334,17.87625,0,0,198.52082617889076,140.0,179.49042188215168,110.0,45464.0625904616,29605.199999999997,41237.2240877738,29901.5,267.1863760567605,8.385997551276583,7.0,14.0,3.648385699911984,2.422738525571281,8.001595526645952,8.385997551276583,0.00025356115887178066,0.002293153595201583,0.9281335038801234,0.0,83008,0.03317369334822939,0.612326255443537,76.59723187250059,185.9042945405517,0.5536574787972244
SOXX,normal18m,rth,10:00,10:30,4,8,2400.0,167906,1.0,3.1656099999999997e-06,8.172583333333334e-08,69.96083333333333,26.945,13.550833333333333,13.3975,0,0,169.69212822791195,140.0,160.99317925411157,140.0,40288.23850585294,29805.0,39249.3081372912,29774.800000000003,268.3870694288372,6.369693375177709,6.0,9.0,2.6189911724179273,2.009369753795954,5.106856273094455,6.369693375177709,0.005119100744689279,0.029236936922152894,0.7599130594124914,0.0,64660,0.033392544303648235,0.9445028049953048,99.23251361015916,235.4741236376615,0.5056603773584906
SOXX,normal18m,rth,10:30,11:00,4,8,2400.0,121141,1.0,1.5870941250000002e-05,0.0,50.47541666666667,18.732083333333332,9.505,9.227916666666667,0,0,194.16296828058753,160.0,199.02102820973792,200.0,47949.88711761787,43217.6,47972.64952302341,49854.0,268.86969657109927,5.864562584764071,5.0,10.0,2.568915143734921,1.6364549729505327,5.731071714186541,5.864562584764071,0.003347114833529543,0.042736768865247875,0.5340430384306876,0.0,44949,0.03632995396159006,1.1714110799618467,131.90249949094107,365.18757917210183,0.4859062493047676
SOXX,normal18m,rth,11:00,11:30,4,8,2400.0,110903,1.0,1.9046403750000003e-05,0.0,46.209583333333335,17.88375,8.539166666666667,9.351666666666667,0,0,182.25225326970846,120.0,195.77779206922304,120.0,44335.68432855745,36566.4,47866.51124452173,36585.6,268.49791317968356,5.091572577922459,5.0,8.0,2.1675552292748828,1.6041204573687051,4.572146018617103,5.091572577922459,0.014296384053869546,0.08401315725726341,0.5266485339276952,0.0,42913,0.034185998029165256,1.22141297091204,125.37009362159621,417.31892990990434,0.4817421294246499
SOXX,normal18m,rth,11:30,12:00,4,8,2400.0,103271,1.0,5.6720650000000004e-05,0.0,43.029583333333335,14.448333333333334,6.91625,7.5375,0,0,185.2052058559929,160.0,209.23805236239306,200.0,44715.18011661676,36632.4,51825.868858451635,35850.6,268.69587335504315,4.807230408641813,4.0,8.0,2.0617537906152696,1.3101586547673367,4.5701869060104325,4.807230408641813,0.012019036387556296,0.09389788202640216,0.45125351208752085,0.0,34668,0.037749415335380655,1.4134005370230522,166.43629899438474,495.1572767272624,0.468760816891658
SOXX,normal18m,rth,12:00,12:30,4,8,2400.0,105691,1.0,8.465619666666667e-05,0.0,44.03791666666667,16.243333333333332,8.107916666666666,8.149583333333334,0,0,183.0932039141289,160.0,201.64287471800856,200.0,44034.62819168799,36557.399999999994,50495.130317873474,35841.8,268.6535298386008,3.939420039175508,4.0,6.0,1.593750729905128,1.202989528515203,2.8498633826789725,3.939420039175508,0.023412190937457052,0.13671926385955602,0.32597464027825596,0.0,38976,0.036685343370022244,1.0714042874307261,136.47129803192658,511.5910418190105,0.4934061986863711
SOXX,normal18m,rth,12:30,13:00,4,8,2400.0,72180,1.0,2.3937367499999997e-05,0.0,30.075,8.57,4.170833333333333,4.4175,0,0,219.34760137283598,190.0,212.27275359728807,200.0,53120.168708059864,40148.1,52669.02754805946,35905.6,269.0195040085477,4.269713610150889,4.0,7.0,1.7950441963294348,1.3096652849722255,3.9869483569774053,4.269713610150889,0.0319281110245105,0.1771594055614636,0.4463913625682611,0.0,20560,0.03846154607235631,1.5022353171612963,305.16442120647764,746.2696435065909,0.4665856031128405
SOXX,normal18m,rth,13:00,13:30,4,8,2400.0,77219,1.0,4.989111249999999e-06,0.0,32.17458333333333,10.227916666666667,4.9125,5.32875,0,0,190.3464062263217,160.0,246.7891174751124,200.0,45904.81553467497,36754.8,63851.28576125863,41957.2,268.77859822744784,3.988637149495309,4.0,6.0,1.6765982725746316,1.2030946199157595,3.44297283368941,3.988637149495309,0.028598781284584786,0.1351426991890442,0.30800414296235124,0.0,24539,0.03788355305521296,1.867326064213205,233.47167588946405,649.4686548402645,0.45458250132442235
SOXX,normal18m,rth,13:30,14:00,4,8,2400.0,81939,1.0,0.00012763772916666666,0.0,34.14125,10.485,5.414166666666667,5.085416666666666,0,0,196.1028159011798,160.0,232.65750377706402,200.0,47206.07816377374,35819.399999999994,58131.564567376015,49851.0,269.03825689657765,4.300180549087791,4.0,7.0,1.8617073898729064,1.2039820787423632,4.021275213306406,4.300180549087791,0.05041677909736253,0.16249735781083005,0.3758106149118173,0.0,25156,0.039166817820796854,1.5557455938355709,230.34808992755868,649.5439995429297,0.46084433137223724
SOXX,normal18m,rth,14:00,14:30,4,8,2400.0,67973,1.0,9.003737541666666e-05,0.0,28.32208333333333,8.559166666666666,4.22,4.355416666666667,0,0,199.10192330624824,120.0,211.1907123529776,160.0,49495.03650229033,35795.2,51460.89267038435,36870.6,269.0367927933125,4.080002671713089,4.0,7.0,1.727172728836428,1.204729071532011,4.029072451311548,4.080002671713089,0.05063808108950078,0.15931021685755295,0.3739269377409054,0.0,20534,0.041153536205881205,2.1857475486869355,305.7648770455788,678.135555957206,0.44555371578844843
SOXX,normal18m,rth,14:30,15:00,4,8,2400.0,56910,1.0,0.00022534661249999999,0.0,23.7125,6.50875,3.38625,3.1370833333333334,0,0,207.68235554384782,160.0,204.24078716032926,160.0,49134.0313961655,43356.600000000006,51441.47779951409,35838.4,269.13968262195135,3.911024328387142,3.0,7.0,1.6989080891091577,1.1556680143596172,4.028921329171231,3.911024328387142,0.05434964497588595,0.19029711788171652,0.3077085325900401,0.0,15613,0.04121207768517557,1.818703509151691,421.1232525626925,903.9644413215628,0.45724716582335234
SOXX,normal18m,rth,15:00,15:30,4,8,2400.0,73027,1.0,2.8136364999999998e-05,0.0,30.42791666666667,8.364166666666666,3.8945833333333333,4.494583333333333,0,0,185.344837745114,120.0,210.3457881218875,210.0,46480.1078299008,35914.2,49655.78993078472,53311.2,269.14331964304733,3.4800035240485196,3.0,6.0,1.4811898805691155,0.9738541976810949,3.4431859112557395,3.4800035240485196,0.07658366153418744,0.20567482231978865,0.2245817460002279,0.0,20066,0.03961711835226387,1.783386815514963,309.28892740698063,732.0684037636041,0.4579388019535533
SOXX,normal18m,rth,15:30,16:00,4,8,2400.0,96212,1.0,0.0004776249045833333,0.0,40.08833333333333,10.14375,4.832083333333333,5.342083333333333,0,0,226.65855150856223,160.0,198.38244639859045,120.0,57932.864942818436,35947.4,50889.241796091424,35910.2,269.3657774668714,2.8605500234841057,3.0,5.0,1.2149294526373169,0.8690002741465789,2.8728681155453097,2.8605500234841057,0.15123117402422986,0.30179016679878823,0.12746315053761334,0.0,24337,0.032709787022630665,0.9216867269448623,274.972092047947,652.1551030479941,0.5080330361178452
SOXX,normal18m,open5,09:30,09:35,4,4,1200.0,93705,1.0,2.260619166666667e-06,1.1486666666666669e-07,78.0875,26.036666666666665,13.975833333333334,12.061666666666667,0,0,298.80596005814175,160.0,300.2817884153677,200.0,74711.98815383273,45398.8,77813.89162470552,59136.0,267.54527721602074,12.645446428753846,11.0,19.0,5.121977211680245,4.031511133881405,9.720290327153348,12.645446428753846,0.00015336889265896522,0.0004889174405831202,0.9934673889227082,0.0,31240,0.029069457616867814,0.5460803662805248,98.98371985978713,294.77951297388864,0.5822663252240717
SOXX,normal18m,close5,15:55,16:00,4,4,1200.0,71348,1.0,0.00016244700833333334,3.9438e-07,59.45666666666666,13.896666666666667,7.2825,6.65,0,0,319.12478476320246,230.0,364.25251674203025,230.0,81350.34097664556,50854.4,90099.63188976332,50867.5,269.41545318048105,2.2172297663017315,2.0,3.0,0.8826714333778262,0.803314791384531,1.7226788530449835,2.2172297663017315,0.21563199496342889,0.46343931323117504,0.020418657019957025,0.0,16672,0.03296530838541525,0.792994313418899,197.11656708973237,520.0548213278781,0.522672744721689
SOXX,normal18m,pre,04:00,07:00,4,4,1200.0,678,1.0,0.0,0.0,0.565,0.17416666666666666,0.11666666666666667,0.0575,0,0,690.4726632820665,220.0,754.5714613944333,250.0,151607.01429896452,61560.6,240106.69171033,51063.5,269.0418233770928,46.72647286070417,30.0,82.0,16.822107059708234,15.496312451574608,26.22877344060001,46.72647286070417,0.0,0.0,1.0,0.0,205,0.7498942093324565,764.4222742526013,7792.317984341949,34339.65370160517,0.1073170731707317
SOXX,normal18m,pre,07:00,08:00,4,4,1200.0,1409,1.0,0.0,0.0,1.1741666666666666,0.3641666666666667,0.2425,0.12166666666666667,0,0,317.66197535585,250.0,673.8404324178,240.0,76485.10644857079,50894.5,204388.8875276362,50958.0,268.7473243309172,41.092911552847504,39.0,64.0,15.536241901102281,15.702695629416983,20.181634712411377,41.092911552847504,0.0,0.0,1.0,0.0,433,0.016405897731995404,128.8249551693135,6287.818541180471,14508.626380206479,0.20554272517321015
SOXX,normal18m,pre,08:00,09:00,4,4,1200.0,814,1.0,0.0,0.0,0.6783333333333333,0.21666666666666667,0.10833333333333334,0.10833333333333334,0,0,153.86454255586668,150.0,246.69412065675002,200.0,41964.43079228599,38726.0,60378.9283857491,50902.0,268.8267268651274,32.38590699079667,29.0,50.0,12.622842127736892,10.45205121505073,18.727061901312986,32.38590699079667,0.0,4.1541666666666666e-08,0.9999999584583332,0.0,256,0.06760829753919818,199.52623149688813,11694.993910198693,21331.338693633097,0.19140625
SOXX,normal18m,pre,09:00,09:30,4,4,1200.0,4761,1.0,0.0,0.0,3.9675,1.1175,0.6725,0.445,0,0,431.1821841897,150.0,219.32645773878332,180.0,125299.48187310835,31143.0,56571.135395159545,49117.8,267.56873573763926,34.63178091165,35.0,51.0,12.945712920051157,13.234664175140148,19.395453574188657,34.63178091165,0.0,6.647666666666666e-08,0.9981654422716666,0.0,1337,0.03058831511475565,118.75111092173795,2172.9954828736513,4947.622041359695,0.22887060583395663
SOXX,normal18m,post,16:00,17:00,4,4,1200.0,546,1.0,0.0,0.0,0.455,0.12666666666666668,0.085,0.041666666666666664,0,0,2068.7745599778996,2000.0,1101.7098059341,1050.0,511615.7008487018,482300.0,277761.0967600632,188105.6,269.1416996368955,46.800118531175,42.0,60.0,18.74394031733764,16.893930252201745,28.72737719046251,46.800118531175,0.0,0.0,1.0,0.0,148,8.317637711026709,454.0909610972477,12735.030810166612,65299.007096799636,0.07432432432432433
SOXX,normal18m,post,17:00,18:00,4,4,1200.0,230,1.0,0.0,0.0,0.19166666666666668,0.0825,0.07833333333333334,0.004166666666666667,0,0,1405.4328909781332,1060.0,1476.3645453735,1160.0,365861.4763863113,194495.8,389977.83819078916,229543.2,269.0270842208806,98.48473262665166,60.0,254.0,39.76743970206966,22.68676065467473,102.21739305404611,98.48473262665166,0.0,0.0,1.0,0.0,97,117.48975549395311,562.3413251903502,4634.469197362885,43479.229198708585,0.020618556701030927
SOXX,normal18m,post,18:00,20:00,4,4,1200.0,868,1.0,0.0,0.0,0.7233333333333334,0.21666666666666667,0.10583333333333333,0.11083333333333334,0,0,2117.8416602068664,2000.0,213.39241357440005,190.0,541006.1397429843,477900.0,50183.775843412,47786.4,267.90704692040276,39.94230522020167,44.0,56.0,15.574392743394192,17.662643508979176,21.706797443421323,39.94230522020167,0.0,0.0,1.0,0.0,256,1.3182567385564075,226.46443075930603,6839.1164728143085,21703.151149244066,0.09765625
SOXX,normal18m,pre,04:00,09:30,4,16,4800.0,7662,1.0,0.0,0.0,1.59625,0.468125,0.285,0.183125,0,0,398.2953413458708,200.0,473.6081180519417,200.0,98839.00835323242,49661.0,140361.41075471867,49769.0,268.54615257769416,41.99529592392393,32.0,74.0,15.472411212361719,15.296856731439652,23.054785019735647,41.99529592392393,0.0,1.3596363636363634e-08,0.9998332144716666,0.0,2231,0.043607904446027454,126.70944502803428,4656.882048709774,13331.136533278594,0.20887494397131331
SOXX,normal18m,post,16:00,20:00,4,12,3600.0,1644,1.0,0.0,0.0,0.45666666666666667,0.14194444444444446,0.08972222222222222,0.052222222222222225,0,0,1864.016370387633,2000.0,930.4889216273335,300.0,472827.7723259991,347600.0,239307.57026475482,77220.8,268.69194359272626,56.29236539955752,50.0,61.0,22.415041376548924,17.662643508979176,28.72737719046251,56.29236539955752,0.0,0.0,1.0,0.0,501,4.073802778041125,311.30193355931493,8491.804750363159,42159.6146930049,0.07584830339321358
SOXX,normal18m,rth,09:30,16:00,4,104,31200.0,1346088,1.0,8.926406019230767e-05,8.851410256410258e-09,43.143846153846155,14.74625,7.243685897435897,7.515480769230769,0,0,195.19187795076135,120.0,204.77241891465368,200.0,47388.892181162206,36588.0,50518.80947549744,36637.2,268.7547656839549,4.719218221380855,4.0,8.0,2.008879188963137,1.3101586547673367,4.029072451311548,4.719218221380855,0.03862591587303741,0.13235926656232797,0.43769639391914344,0.0,459979,0.03543568627261033,1.0790598311919655,155.78589873347346,523.2844189675639,0.4931355561884347
SOXX,y2022,rth,09:30,10:00,2,4,1200.0,72865,1.0,0.0,0.0,60.72083333333333,30.835,17.68,15.1,0,0,136.14681950425,100.0,139.5214132195,100.0,53558.35803361173,39717.5,55326.85692432372,39723.5,397.33214461236366,18.386488757240002,18.0,23.0,4.636793995789625,4.5404729055420745,5.6993746865707395,18.386488757240002,1.10085e-07,0.0,0.9998433399558333,0.0,36998,0.04189957634287299,1.476209453104255,89.22652759440298,218.65344157707642,0.4497810692469863
SOXX,y2022,rth,10:00,10:30,2,4,1200.0,46807,1.0,0.0,0.0,39.005833333333335,19.85333333333333,11.653333333333334,9.894166666666667,0,0,129.66608400991666,100.0,119.04099774741667,100.0,50523.0718886373,39516.5,46862.37866418259,39529.5,395.3314422012562,16.227777081564998,16.0,20.0,4.1360330199391475,4.147165958401368,5.338789514991117,16.227777081564998,0.0,3.0225916666666665e-07,0.9999937861041666,0.0,23820,0.04987842294078836,1.946617740544333,141.53495905701337,282.7989532430446,0.42296389588581024
SOXX,y2022,rth,10:30,11:00,2,4,1200.0,46251,1.0,0.0,0.0,38.5425,19.365,10.664166666666667,10.4,0,0,124.86639188316666,100.0,120.58136874425,100.0,48933.39255588144,39440.0,47435.27282760816,39444.0,394.4101395777251,15.120530119870834,15.0,20.0,3.845024865426321,3.9149107576309157,4.8204339919596455,15.120530119870834,0.0,1.9409916666666661e-07,0.9985032492008337,0.0,23234,0.058645120645509,2.187147380035554,143.7245191065039,278.1950719289944,0.40242747697340103
SOXX,y2022,rth,11:00,11:30,2,4,1200.0,38719,1.0,3.6586666666666666e-08,4.22975e-08,32.26583333333333,16.565833333333334,10.135,7.635833333333333,0,0,123.46292812043686,100.0,119.32324103904776,100.0,48303.11367668395,39660.5,47350.37795350549,39672.0,396.54239550958755,13.45780758592127,13.0,18.0,3.39172610321113,3.3459710313422213,4.376005310018248,13.45780758592127,3.0381843229979723e-05,3.7444836287138044e-07,0.9996916331965079,0.0,19875,0.0513719525338823,1.990790168218667,164.5353308042288,350.0099547211654,0.41670440251572327
SOXX,y2022,rth,11:30,12:00,2,4,1200.0,29554,1.0,0.0,0.0,24.628333333333334,11.864166666666666,7.29,5.651666666666666,0,0,129.47459925516665,100.0,112.01141211466667,100.0,50757.358119232435,39466.0,44295.504758056835,39468.5,394.72701060073064,12.034340411418334,12.0,16.0,3.050616124368952,3.067460146922468,3.9042722847801308,12.034340411418334,0.0,4.071743333333334e-06,0.9990222633425001,0.0,14233,0.05998354496234511,2.3879243578508915,231.58159983655565,477.31598372211585,0.40722265158434623
SOXX,y2022,rth,12:00,12:30,2,4,1200.0,32690,1.0,0.0,0.0,27.241666666666667,13.725,7.819166666666667,6.963333333333333,0,0,113.048441287,100.0,129.63366653875002,100.0,44135.1990091295,39215.5,50728.35361917189,39232.5,392.1928423661863,12.437176723688331,12.0,17.0,3.169688654063935,3.07884653950591,4.193440460992395,12.437176723688331,0.0,1.7794491666666667e-06,0.9969737882716667,0.0,16466,0.05101372948085617,1.882047334084617,208.32397564096075,417.1436579280113,0.43434956880845377
SOXX,y2022,rth,12:30,13:00,2,4,1200.0,32404,1.0,0.0,0.0,27.003333333333334,13.45,7.88,6.876666666666667,0,0,127.40260974941668,100.0,127.74824884283332,100.0,49376.872651016914,39193.5,50472.35113270943,39198.5,391.9908743961316,13.734599424606664,13.0,18.0,3.493772921907903,3.5210593646845,4.459818632865662,13.734599424606664,0.0,0.0,0.9999243386874997,0.0,16136,0.05253049855754524,2.0566669648838056,194.65011219789403,465.69963961580356,0.42178978681209717
SOXX,y2022,rth,13:00,13:30,2,4,1200.0,27529,1.0,0.0,0.0,22.940833333333334,11.688333333333333,6.594166666666666,6.194166666666667,0,0,119.94404254575001,100.0,118.40260635725,100.0,46641.603833602,39209.0,46741.73618420933,39217.5,392.0315688806161,11.503983496519167,11.0,17.0,2.904037758828562,2.7804412332467106,4.005593143532512,11.503983496519167,2.07733875e-05,0.00011663102916666668,0.9919846063150001,0.0,14022,0.054308719771535216,2.1187853261287732,240.0638669217511,532.9715952339801,0.4158465268863215
SOXX,y2022,rth,13:30,14:00,2,4,1200.0,30392,1.0,0.0,0.0,25.326666666666668,12.755833333333333,7.451666666666667,6.4558333333333335,0,0,118.21825930041666,100.0,117.28710491474999,100.0,46166.36922456558,39135.5,46396.177666909534,39151.5,391.4189834636582,13.065653966763335,12.0,20.0,3.278838941415857,3.0698104543112192,4.7079316858686635,13.065653966763335,0.0,2.3033166666666674e-07,0.9992386274675003,0.0,15303,0.050508451649513744,2.3185302469202145,229.0035797887491,450.2342464656711,0.4031235705417238
SOXX,y2022,rth,14:00,14:30,2,4,1200.0,24242,1.0,0.0,0.0,20.201666666666668,10.7975,5.285833333333334,6.6241666666666665,0,0,118.86010374508332,100.0,135.291246219,100.0,46588.18959578046,38893.5,52702.726330879304,38911.5,388.9466929076668,13.228453867855,12.0,19.0,3.3544989968256576,3.325089149207125,4.512398429861098,13.228453867855,0.0,9.473833333333333e-08,0.9998343286724999,0.0,12953,0.05261735734181197,2.825344622162136,239.30551240283756,576.8065534760791,0.3748938469852544
SOXX,y2022,rth,14:30,15:00,2,4,1200.0,34937,1.0,0.0,0.0,29.114166666666666,14.431666666666667,7.1575,8.396666666666667,0,0,118.82106657400003,100.0,135.3898185835,100.0,45991.27820853756,38857.5,52306.180342249405,38876.0,388.5425932409987,12.15061258817583,12.0,16.0,3.1278612511740174,3.0890799712693675,4.038599179900342,12.15061258817583,1.3881499999999996e-07,6.153302499999999e-06,0.9978395355358332,0.0,17314,0.05122033082417098,1.9005919649684893,196.64172516098958,403.84040228876506,0.4306341688806746
SOXX,y2022,rth,15:00,15:30,2,4,1200.0,34067,1.0,8.318333333333333e-09,2.5516500000000005e-07,28.389166666666668,13.429166666666667,6.5925,8.016666666666667,0,0,134.2888689420455,100.0,142.54778946421672,100.0,51202.45172581501,38687.5,54677.94302196735,38702.0,386.7466730288501,11.148248882291108,11.0,15.0,2.883191251908903,2.862788781829019,3.6699452508972583,11.148248882291108,6.341360004176005e-07,4.674726481712517e-05,0.9962848263811135,0.0,16111,0.05553734994467976,2.398723976386472,215.42933622116698,413.039145656858,0.3925889144063063
SOXX,y2022,rth,15:30,16:00,2,4,1200.0,35948,1.0,0.0,0.0,29.956666666666667,14.179166666666667,7.225833333333333,8.33,0,0,150.56056281541666,100.0,134.52470913391667,100.0,56868.486618638955,38652.5,51689.95347644723,38664.5,386.45257277950145,10.42208415667,10.0,13.0,2.7031797393077928,2.6287291656799496,3.3901947211414067,10.42208415667,0.0,2.8227266666666667e-05,0.997884487305,0.0,17011,0.07017199004669235,3.4834991332103544,197.33264585734952,370.95674041632213,0.36053142084533535
SOXX,y2022,open5,09:30,09:35,2,2,600.0,34758,1.0,0.0,0.0,57.93,28.028333333333332,17.46,12.666666666666666,0,0,135.404056276,100.0,156.54713894833333,100.0,53708.54201628936,39736.0,63459.375461272175,39703.0,396.7344892498368,24.398172083324997,23.0,33.0,6.2405349933607175,5.9224954872294076,8.72917256829895,24.398172083324997,0.0,0.0,1.0,0.0,16815,0.050643511328523,1.78968986121723,90.28247333197729,252.7431679470244,0.399940529289325
SOXX,y2022,close5,15:55,16:00,2,2,600.0,26498,1.0,0.0,0.0,44.163333333333334,18.8,11.166666666666666,8.433333333333334,0,0,137.02904271749998,100.0,312.34165964116664,200.0,52892.09084318174,38862.0,124619.3948071811,77709.0,388.6454177685747,9.098560646268336,9.0,13.0,2.328791769246808,2.237070753073566,3.097284187023983,9.098560646268336,2.4686500000000006e-07,9.875476833333335e-05,0.9885118896499999,0.0,11278,0.09168055374059436,3.4447691319149953,148.63416376192166,268.3696834197083,0.32053555594963645
SOXX,y2022,pre,04:00,07:00,2,2,600.0,52,1.0,0.0,0.0,0.08666666666666667,0.045,0.015,0.03,0,0,549.98470936,550.0,1393.5364845726667,1500.0,199804.5957500764,199810.0,538384.3256170364,576500.0,396.87764501485464,155.45056713812167,160.0,160.0,39.598973934468944,39.24866834875181,44.8430493273549,155.45056713812167,0.0,0.0,1.0,0.0,25,1.4962356560944345,4466.8359215096325,70794.57843841377,69258.51113034177,0.04
SOXX,y2022,pre,07:00,08:00,2,2,600.0,168,1.0,0.0,0.0,0.28,0.12333333333333334,0.08,0.043333333333333335,0,0,452.0153248835,550.0,984.4336179635001,1000.0,166567.22963698307,198054.0,384702.8427084842,394900.0,394.23588653251295,124.8331644285317,120.0,255.0,33.33272959195987,32.176511146863575,72.33529536912309,124.8331644285317,0.0,0.0,1.0,0.0,72,0.8317637711026714,999.9999999999995,32809.529311311904,33229.88889287267,0.1111111111111111
SOXX,y2022,pre,08:00,09:00,2,2,600.0,468,1.0,0.0,0.0,0.78,0.30333333333333334,0.18333333333333332,0.12,0,0,434.98747373900005,550.0,411.409285924,550.0,160810.95632307732,198872.5,150450.77766304117,199619.5,395.5944802397849,117.85737888045168,100.0,169.0,30.97024897795663,28.1610813855252,47.54469623440373,117.85737888045168,0.0,0.0,1.0,0.0,180,1.3127493689251999,11.839499222293027,6309.573444801937,20432.46891331346,0.07222222222222222
SOXX,y2022,pre,09:00,09:30,2,2,600.0,1284,1.0,0.0,0.0,2.14,0.715,0.4216666666666667,0.29833333333333334,0,0,627.719938866,550.0,1040.4874273061664,1050.0,233267.2675379533,199435.0,374677.21046284045,378059.5,396.25147964914487,84.718355651925,100.0,120.0,22.216765758323906,28.113578858588696,33.745781777277514,84.718355651925,0.0,0.0,1.0,0.0,427,0.5710401788945272,7.6295689116153325,2298.415656916442,11054.126118275917,0.117096018735363
SOXX,y2022,post,16:00,17:00,2,2,600.0,794,1.0,0.0,0.0,1.3233333333333333,0.47,0.30666666666666664,0.175,0,0,150.36795926700003,150.0,633.2566092250001,550.0,56979.07926984917,56827.0,235647.39853632465,200695.0,389.27009668447147,67.78698455494333,76.0,76.0,17.684891216604676,21.168737117709064,21.168737117709064,67.78698455494333,0.0,0.0,1.0,0.0,281,0.38994198667654334,7.175998726134723,2492.6807893271825,9562.038759351115,0.17793594306049823
SOXX,y2022,post,17:00,18:00,2,2,600.0,69,1.0,0.0,0.0,0.115,0.058333333333333334,0.023333333333333334,0.035,0,0,99.99999999999999,100.0,320.3464618723333,300.0,38888.56286372346,38888.0,122627.30769803667,114097.0,389.5047711559897,123.82850375103,56.0,223.0,33.94971878406157,13.345725792998314,62.02110942693102,123.82850375103,0.0,0.0,1.0,0.0,34,0.08317637711026712,19.952623149688794,28840.31503126605,30792.43681544457,0.38235294117647056
SOXX,y2022,post,18:00,20:00,2,2,600.0,14,1.0,0.0,0.0,0.023333333333333334,0.013333333333333334,0.006666666666666667,0.006666666666666667,0,0,451.6330344505001,550.0,749.9867444368334,750.0,165059.90201770674,200351.0,284922.71753541124,284940.0,389.403186105277,92.86540609170501,74.0,120.0,24.389040080738972,17.64467440806908,33.38898163605978,92.86540609170501,0.0,0.0,1.0,0.0,6,0.36307805477010147,12.589254117941692,138038.42646028852,137194.4228062197,0.3333333333333333
SOXX,y2022,pre,04:00,09:30,2,8,2400.0,1972,1.0,0.0,0.0,0.8216666666666667,0.2966666666666667,0.175,0.12291666666666666,0,0,516.176861712125,550.0,957.4667039415834,1000.0,190112.51231202253,198135.0,362053.78911285056,395700.0,395.7398728590744,136.61844046351104,150.0,160.0,35.310596954997315,36.613272311213336,44.8430493273549,136.61844046351104,0.0,0.0,1.0,0.0,704,0.8844365191386001,10.35503366489131,5635.196842041754,26886.89307117388,0.10227272727272728
SOXX,y2022,post,16:00,20:00,2,6,1800.0,877,1.0,0.0,0.0,0.4872222222222222,0.18055555555555555,0.11222222222222222,0.07222222222222222,0,0,234.00033123916668,100.0,567.8632718447224,450.0,86975.84805042644,41929.0,214399.14125659084,177074.0,389.3926846485794,94.33657512234585,76.0,223.0,25.103172540536054,21.168737117709064,62.02110942693102,94.33657512234585,0.0,0.0,1.0,0.0,321,0.3400466193274018,7.473592459556661,4287.678586053509,25148.061675811783,0.20249221183800623
SOXX,y2022,rth,09:30,16:00,2,52,15600.0,486405,1.0,3.454230769230769e-09,2.2881730769230773e-08,31.17980769230769,15.61076923076923,8.725320512820513,8.195320512820512,0,0,126.52005968663639,100.0,127.02335534123733,100.0,49157.36497459026,38926.0,49768.13936917631,38933.0,392.051225739127,13.30136597058112,13.0,19.0,3.3827125965440255,3.3335040742905098,4.608582690727767,13.30136597058112,4.002943502857263e-06,1.575430195336623e-05,0.998232216217995,0.0,243476,0.051928870005174495,2.0485949735028868,173.71208313517786,387.64706905786784,0.4142995613530697
SOXX,y2023,rth,09:30,10:00,2,4,1200.0,27289,1.0,0.0,0.0,22.740833333333335,7.973333333333334,5.4558333333333335,2.5175,0,0,290.03633365474997,200.0,219.04952156841668,200.0,131793.55249810172,98364.0,99664.97154247203,91212.0,455.8947951501515,23.153764589490834,22.0,31.0,5.171973407442189,4.887085850195942,7.367093648519855,23.153764589490834,0.0,0.0,1.0,0.0,9564,0.05054013104188027,1.8757721202944226,293.6473506897248,1078.8103654713857,0.43078209953994145
SOXX,y2023,rth,10:00,10:30,2,4,1200.0,21734,1.0,0.0,0.0,18.111666666666668,5.0825,2.7125,2.37,0,0,313.1627630411667,350.0,203.4860054915,200.0,141312.97612064483,158085.5,92139.29220543779,84626.0,456.906989844855,18.08752695895,18.0,22.0,4.008500513324697,3.8734650086425177,5.203140131996509,18.08752695895,0.0,0.0,0.9999990610000001,0.0,6095,0.051854772398726726,3.20258009462903,549.4130741118137,1302.0120592682094,0.3875307629204266
SOXX,y2023,rth,10:30,11:00,2,4,1200.0,17106,1.0,0.0,0.0,14.255,3.9008333333333334,2.44,1.4608333333333334,0,0,234.95757845716668,200.0,226.46672172216668,200.0,106629.86098777794,91532.0,102601.79878765116,91563.0,458.001617919195,16.3411132834725,16.0,20.0,3.612133267810071,3.554384032407398,4.738963390853073,16.3411132834725,0.0,0.0,0.9999999937933333,0.0,4677,0.07150126501407368,10.375896739715817,765.4363644710794,1437.8022640870279,0.3132349796878341
SOXX,y2023,rth,11:00,11:30,2,4,1200.0,17923,1.0,0.0,0.0,14.935833333333333,3.620833333333333,2.4941666666666666,1.1266666666666667,0,0,289.95369513624996,200.0,268.33391542091664,200.0,129567.27017421483,98978.0,120770.57436356803,91631.0,457.73375474148486,16.240185477595,16.0,20.0,3.6015078350162897,3.569747720867067,4.759584420733397,16.240185477595,0.0,0.0,0.9999993815133335,0.0,4341,0.09336841792607664,10.791070158542825,723.8609899384168,1773.5003987877521,0.31905090992858787
SOXX,y2023,rth,11:30,12:00,2,4,1200.0,15667,1.0,0.0,0.0,13.055833333333334,2.691666666666667,1.5458333333333334,1.1458333333333333,0,0,284.1639747098333,200.0,313.31640556425003,200.0,128121.84148205399,99039.0,141103.16607320128,99067.0,458.2693115881678,15.522861880314167,15.0,19.0,3.434808482999566,3.3212385120665893,4.510977151940031,15.522861880314167,4.314108333333334e-07,0.0,0.9999995211591666,0.0,3226,0.09170647491149327,22.08950818214541,1068.9446644642903,2021.4092304922267,0.28859268443893366
SOXX,y2023,rth,12:00,12:30,2,4,1200.0,13923,1.0,0.0,0.0,11.6025,2.4316666666666666,1.4508333333333334,0.9808333333333333,0,0,301.0468456384167,250.0,249.54395422774996,200.0,135407.52691131612,112937.0,113581.00695428948,91859.0,459.28214303951904,16.068766109709998,16.0,19.0,3.522165300080438,3.547981530338249,4.259989688420404,16.068766109709998,9.14275e-07,5.670091666666666e-07,0.9999980683691664,0.0,2914,0.04796107279929054,11.917645866343689,1244.3007793383754,2332.722319231097,0.3369938229238161
SOXX,y2023,rth,12:30,13:00,2,4,1200.0,11120,1.0,0.0,0.0,9.266666666666667,2.2183333333333333,0.8041666666666667,1.4141666666666666,0,0,295.37146155825,250.0,244.48045152508334,200.0,133483.40013628954,113212.5,110975.44619637443,92028.0,460.0959131703512,14.410583151477498,14.0,18.0,3.142208325233059,3.063972438761296,3.8336355477879276,14.410583151477498,0.0,0.0,0.9999998664999998,0.0,2658,0.041731607715006246,7.121022744100107,1212.6905686961377,3078.8377649813383,0.36418359668924005
SOXX,y2023,rth,13:00,13:30,2,4,1200.0,10363,1.0,0.0,0.0,8.635833333333334,1.7175,0.7275,0.99,0,0,260.1598556725834,200.0,244.30492160425,200.0,118657.71334180402,92212.0,112228.8177737683,92236.0,461.06600572828245,14.60746602140083,15.0,18.0,3.1744890394592655,3.223560561173479,3.759183568295369,14.60746602140083,0.0,0.0,0.9999991501916666,0.0,2057,0.039259735415780754,10.419746251239554,1631.6201031864616,3255.7780297688805,0.3422459893048128
SOXX,y2023,rth,13:30,14:00,2,4,1200.0,12036,1.0,0.0,0.0,10.03,2.7866666666666666,1.5066666666666666,1.28,0,0,295.12080513958335,200.0,278.9129194326667,250.0,135440.1391791068,92191.0,130962.26088019345,116997.5,460.8423543669815,13.40662527959833,14.0,18.0,2.8947433369154494,3.0214838714357035,3.761272269685554,13.40662527959833,4.943466666666666e-07,6.873158333333332e-07,0.9995801999658332,0.0,3340,0.07972837329325565,10.53918474664691,896.8654060994347,2370.5146978262537,0.3377245508982036
SOXX,y2023,rth,14:00,14:30,2,4,1200.0,13152,1.0,0.0,0.0,10.96,2.2891666666666666,1.3541666666666667,0.935,0,0,259.67824162483333,200.0,331.9245864806667,200.0,117006.1754468783,84877.0,152268.76091456632,91982.0,459.96412560390957,14.097599471927497,14.0,17.0,3.0901174159926974,3.0293923107207466,4.005404191670745,14.097599471927497,1.699606666666666e-06,0.0,0.9957101169666664,0.0,2743,0.06012602595642821,11.18793668659119,1151.2421096674095,2790.746535806592,0.3065986146554867
SOXX,y2023,rth,14:30,15:00,2,4,1200.0,20771,1.0,0.0,0.0,17.309166666666666,4.7725,2.4858333333333333,2.2866666666666666,0,0,250.40474705933332,150.0,241.98468962775,200.0,111061.64400731534,66801.5,109132.03252329567,91323.0,456.8620816120784,13.922760695476663,14.0,17.0,3.083211100113665,3.2426893339767253,4.034815805647235,13.922760695476663,0.0,0.0,0.9999987396466664,0.0,5723,0.059515437386322215,5.249463767740455,519.4509614684142,1505.050774369026,0.36676568233443996
SOXX,y2023,rth,15:00,15:30,2,4,1200.0,18264,1.0,0.0,0.0,15.22,3.8291666666666666,2.4816666666666665,1.3475,0,0,253.9563755999167,150.0,291.3848587545,200.0,112296.39017231208,66694.0,129782.49756268183,91219.0,455.80799933011275,14.019864709745002,14.0,17.0,3.105836053928589,3.0855610516049032,3.8072342970204773,14.019864709745002,0.0,0.0,0.9999996012900001,0.0,4591,0.09165219219305176,8.095464231063529,678.4517817414876,1681.1800839708183,0.3286865606621651
SOXX,y2023,rth,15:30,16:00,2,4,1200.0,22025,1.0,1.6736833333333334e-07,0.0,18.354166666666668,4.951666666666667,2.38,2.5725,0,0,274.76715228973694,200.0,307.803774078188,200.0,121091.9020027895,87452.5,135790.37917321848,98307.0,455.20223464217486,11.80226593166391,12.0,15.0,2.633029958590334,2.644858738855765,3.582198504136826,11.80226593166391,1.5183719207940442e-06,5.914925989971305e-07,0.9986777270136933,0.0,5938,0.08853574458806829,6.9551690826016745,575.6808967584402,1174.7779594598526,0.3467497473896935
SOXX,y2023,open5,09:30,09:35,2,2,600.0,16364,1.0,0.0,0.0,27.273333333333333,13.793333333333333,8.756666666666666,5.038333333333333,0,0,164.15506339616667,150.0,208.20094816216667,150.0,76321.1385883741,69926.0,97109.71293749692,70046.5,453.94769805470344,24.91873374740333,24.0,34.0,5.574846544913276,5.098051484056912,8.149690610671218,24.91873374740333,0.0,5.519666666666665e-08,0.9999991493783333,0.0,8274,0.03536074454250783,0.7910833103754367,137.78689731069076,764.7265909258529,0.522480058013053
SOXX,y2023,close5,15:55,16:00,2,2,600.0,15037,1.0,0.0,0.0,25.061666666666667,5.933333333333334,3.24,2.6933333333333334,0,0,315.22068318866667,250.0,436.3217839155,300.0,138665.38140859143,108449.0,190040.0105737003,133186.0,455.77469654981485,10.593859802968334,10.0,14.0,2.34382727356414,2.236251032554394,3.253247743414357,10.593859802968334,8.926999999999998e-08,2.2472516666666665e-06,0.9978058106316666,0.0,3558,0.10032948233127083,7.410764521588549,484.10679272654124,967.128447883187,0.33558178752107926
SOXX,y2023,pre,04:00,07:00,2,2,600.0,104,1.0,0.0,0.0,0.17333333333333334,0.08833333333333333,0.015,0.07333333333333333,0,0,1330.227335250834,1350.0,806.4099495006667,800.0,575017.7307875032,583152.0,358419.6454763455,355728.0,453.19851269605823,141.87245535582497,140.0,152.0,31.427673079648873,31.01925240852079,33.62691293898795,141.87245535582497,0.0,0.0,1.0,0.0,51,0.10232929922807545,112.20184543019651,19724.227361148565,48569.94703074538,0.17647058823529413
SOXX,y2023,pre,07:00,08:00,2,2,600.0,229,1.0,0.0,0.0,0.38166666666666665,0.19166666666666668,0.03666666666666667,0.155,0,0,582.7449703971666,300.0,1449.1762190455,1500.0,265793.1738972804,142774.5,666223.5796543343,697600.0,452.8328927087936,81.811729064255,96.0,96.0,18.057239706472963,19.6672949274776,20.47921359819783,81.811729064255,0.0,0.0,1.0,0.0,113,0.1348962882591655,354.81338923357555,4897.788193684462,23405.86080473749,0.3185840707964602
SOXX,y2023,pre,08:00,09:00,2,2,600.0,855,1.0,0.0,0.0,1.425,0.3933333333333333,0.17666666666666667,0.21666666666666667,0,0,1531.1334935098332,2000.0,873.9962174751665,1100.0,697868.5604252683,904000.0,421413.4546975778,530884.0,452.51782096685287,110.66725977589165,120.0,176.0,23.699629367259423,24.561244992230694,36.03482429912289,110.66725977589165,0.0,0.0,1.0,0.0,234,0.06506288748655573,613.0557921498216,4766.304872700392,5711.788093705722,0.19658119658119658
SOXX,y2023,pre,09:00,09:30,2,2,600.0,1019,1.0,0.0,0.0,1.6983333333333333,1.0383333333333333,0.06333333333333334,0.975,0,0,1668.2171477421666,2000.0,991.6152073591667,1050.0,763960.6605611711,904200.0,421767.2179180707,441073.0,452.5800707676321,81.88363310521663,80.0,100.0,18.213670407707173,18.81146948271232,24.03268445085316,81.88363310521663,0.0,0.0,1.0,0.0,621,0.16773903737227722,343.9670596624858,1337.715121537266,5506.576311006536,0.33011272141706927
SOXX,y2023,post,16:00,17:00,2,2,600.0,90,1.0,0.0,0.0,0.15,0.085,0.04833333333333333,0.03666666666666667,0,0,509.810540935,250.0,724.743452824,600.0,247442.9382576951,119518.0,313870.21369284816,259915.0,456.7909794446689,48.9568828895,40.0,75.0,10.596299696312316,9.501187648455517,15.219927959007661,48.9568828895,1.1611583333333332e-06,0.0,0.9999988388416665,0.0,49,0.024831331052955714,1.1885022274370183,32359.3656929628,45194.221525340894,0.46938775510204084
SOXX,y2023,post,17:00,18:00,2,2,600.0,3,1.0,0.0,0.0,0.005,0.005,0.0016666666666666668,0.0033333333333333335,0,0,1025.2225539616666,1050.0,1499.9626097234998,1500.0,434228.92815310764,444630.5,667681.5519283882,667700.0,456.75497919867007,89.00474189249499,80.0,100.0,19.784794865028708,17.442803829304186,23.781212841854934,89.00474189249499,0.0,0.0,1.0,0.0,1,20.417379446695286,22.38721138568342,24.547089156850323,22.38721138568342,0.0
SOXX,y2023,post,18:00,20:00,2,2,600.0,26,1.0,0.0,0.0,0.043333333333333335,0.035,0.008333333333333333,0.02666666666666667,0,0,381.25293271449993,550.0,250.00606597733335,250.0,184075.3833358497,267120.5,108865.56006594117,108862.5,456.78770257363834,76.592290146635,75.0,118.0,16.51489592486088,15.2134446281327,23.94529109762793,76.592290146635,0.0,0.0,1.0,0.0,20,0.5495408738576247,5011.872336272722,35481.33892335764,31330.394986433388,0.25
SOXX,y2023,pre,04:00,09:30,2,8,2400.0,2207,1.0,0.0,0.0,0.9195833333333333,0.42791666666666667,0.07291666666666667,0.355,0,0,1278.0807367250002,2000.0,1030.299398345125,1000.0,575660.0314178057,831800.0,466955.974436582,417500.0,452.7823242848342,119.82512208367817,132.0,156.0,26.39031336664229,28.81688005444954,33.62691293898795,119.82512208367817,0.0,0.0,1.0,0.0,1019,0.1616838591801809,353.65915559404266,3431.6263979646847,13942.382762690151,0.2904808635917566
SOXX,y2023,post,16:00,20:00,2,6,1800.0,119,1.0,0.0,0.0,0.0661111111111111,0.041666666666666664,0.019444444444444445,0.022222222222222223,0,0,638.7620092037222,250.0,824.9040428416112,700.0,288582.4165822175,123108.5,363472.44189572585,294794.0,456.7778870723258,72.78655126881627,75.0,117.0,15.852721602765694,15.2134446281327,23.781212841854934,72.78655126881627,2.902895833333333e-07,0.0,0.9999997097104167,0.0,70,0.039810717055349734,12.589254117941692,34145.48873833606,39898.187318904544,0.4
SOXX,y2023,rth,09:30,16:00,2,52,15600.0,221373,1.0,1.287448717948718e-08,0.0,14.190576923076923,3.7127564102564103,2.141474358974359,1.571346153846154,0,0,277.13690999834176,200.0,263.15328600192515,200.0,124759.26100572344,98977.0,119307.76939938856,98111.0,458.14840978695077,15.513952629387775,15.0,20.0,3.4211326283699806,3.300289274814013,4.516540932159368,15.513952629387775,3.890777614194331e-07,1.4198596336645801e-07,0.9995354944271608,0.0,57867,0.06262858149264576,6.164958413287343,706.3114516391524,1825.7016406705907,0.355176525480844
SOXX,y2024,rth,09:30,10:00,2,4,1200.0,67675,1.0,6.858333333333335e-07,0.0,56.395833333333336,17.913333333333334,10.021666666666667,7.891666666666667,0,0,205.11852412003776,200.0,177.13829983293397,100.0,43532.36141474767,42463.0,37620.73456612077,21328.0,212.45698896174432,6.617067281423644,6.0,10.0,3.0963885457229456,2.9010609126593643,4.586372064765418,6.617067281423644,0.0011603841458301264,0.007659843295875859,0.7857991346164065,0.0,21492,0.05893957185398454,2.3535853808900122,166.1379127627637,287.4359484145783,0.4159222036106458
SOXX,y2024,rth,10:00,10:30,2,4,1200.0,47176,1.0,1.221525e-07,0.0,39.31333333333333,11.404166666666667,6.668333333333333,4.735833333333333,0,0,211.68022547918542,200.0,181.00251491115972,150.0,44990.4516397986,42502.0,38398.09966841929,31658.0,212.66702165135555,5.663679964219333,6.0,8.0,2.6507839796490686,2.7584780176873402,3.683996360053411,5.663679964219333,0.0020989931172305885,0.011277949785963085,0.6770589288119409,0.0,13681,0.07273317109470229,4.403316516852753,250.3326183368175,439.6897596292376,0.368247935092464
SOXX,y2024,rth,10:30,11:00,2,4,1200.0,55131,1.0,3.497675e-07,0.0,45.9425,11.215,7.085,4.130833333333333,0,0,233.11708014786169,200.0,217.36486943650033,200.0,50236.74265071715,42866.0,46682.61601484833,42881.0,214.4178248589025,5.455676200781561,5.0,8.0,2.5301597105359037,2.3892908682995992,3.644067944348429,5.455676200781561,0.0007163473897217024,0.019258910997807823,0.6336187164659011,0.0,13454,0.08277694758376516,4.091915017211372,243.23389611717042,480.89209474467214,0.35796045785639957
SOXX,y2024,rth,11:00,11:30,2,4,1200.0,38069,1.0,3.2188250000000004e-07,0.0,31.724166666666665,7.093333333333334,4.3625,2.7308333333333334,0,0,218.15909045859343,200.0,238.03076694752167,200.0,46794.20454160593,42867.0,50938.63477287275,41989.0,214.41155537882756,4.929060492401647,5.0,7.0,2.290429599339297,2.2862226976707243,3.194382334803537,4.929060492401647,0.000538334149113675,0.021555915458471957,0.5861350120024363,0.0,8508,0.0818745962333239,7.58781893700078,396.7725938831296,735.1537581314661,0.3328631875881523
SOXX,y2024,rth,11:30,12:00,2,4,1200.0,26673,1.0,1.1641416666666668e-07,0.0,22.2275,6.095,3.4916666666666667,2.6033333333333335,0,0,215.4174774227295,200.0,191.67607592097733,150.0,46120.39755778483,42682.0,40915.08001948816,32208.0,213.51354587461827,4.700346285651064,5.0,6.0,2.1969924421112337,2.29263321899948,2.866392537029417,4.700346285651064,0.00030578040976383817,0.02030351414195001,0.5476557735382238,0.0,7310,0.10466942052590089,9.588060577100679,447.9551850675223,894.0797841843603,0.2975376196990424
SOXX,y2024,rth,12:00,12:30,2,4,1200.0,24304,1.0,7.435249999999999e-08,0.0,20.253333333333334,4.845833333333333,3.1841666666666666,1.6616666666666666,0,0,241.63603468290995,200.0,193.69011070176063,200.0,51720.901458440676,42753.0,41434.347039851724,42727.0,213.7569339403469,4.705213183090196,5.0,6.0,2.1986244272304263,2.288389726779753,2.8692495410467247,4.705213183090196,0.0002780409840063754,0.016471967493065284,0.5522989933756441,0.0,5811,0.10524719409638793,9.639934301140888,575.3453023038702,1062.1790170770028,0.3195663397005679
SOXX,y2024,rth,12:30,13:00,2,4,1200.0,24378,1.0,5.184249999999999e-07,0.0,20.315,4.9991666666666665,3.3275,1.6716666666666666,0,0,227.86760241409513,200.0,184.66239914460428,200.0,48644.86924372369,42691.0,39438.43118054651,41689.0,213.54747135964345,4.649210902187995,5.0,6.0,2.178044333904297,2.289124089751087,2.8723449352952475,4.649210902187995,0.0004854823125195009,0.016355573305804748,0.50945865516027,0.0,5995,0.09496401219498608,9.341958984523856,553.8452428236156,1110.6905976993532,0.3211009174311927
SOXX,y2024,rth,13:00,13:30,2,4,1200.0,24728,1.0,6.859833333333333e-08,0.0,20.606666666666666,5.630833333333333,3.3758333333333335,2.255,0,0,278.6687341560441,250.0,195.45202927910012,200.0,59809.80084293146,53594.0,41746.54060732318,42605.0,213.1043554107751,5.4102934328112795,5.0,8.0,2.525205603979291,2.4175454733325745,3.644394328259512,5.4102934328112795,0.002189647061039473,0.024005768527589056,0.6060718535138523,0.0,6753,0.07625217786857925,6.449864066474854,521.0447207949146,881.846306287716,0.34606841403820526
SOXX,y2024,rth,13:30,14:00,2,4,1200.0,24389,1.0,2.1073250000000002e-07,0.0,20.324166666666667,3.9991666666666665,2.1725,1.8275,0,0,292.04919280983984,300.0,210.76789102722793,200.0,62421.53835573001,63964.5,45043.76622477423,42639.0,213.24298124801444,4.40851927558079,4.0,6.0,2.063496839114006,1.9358518774962727,2.7334091972841166,4.40851927558079,0.0011839609928323948,0.021785524709251446,0.463649763433574,0.0,4795,0.09454204671684403,11.142167860623045,735.8577922489329,1149.9118873980508,0.3067778936392075
SOXX,y2024,rth,14:00,14:30,2,4,1200.0,27385,1.0,0.0,0.0,22.820833333333333,4.666666666666667,3.035833333333333,1.6308333333333334,0,0,272.71697132783333,200.0,258.6931428845,200.0,58363.07229144516,42701.0,55042.36198719595,42701.0,213.44197034197592,5.1296731585275,5.0,7.0,2.4021702524351047,2.273212178714672,3.182640803969336,5.1296731585275,0.00012985743583333325,0.008262533452499998,0.7124350828349999,0.0,5596,0.10091507422063077,10.765614762930927,625.5566808717737,1044.6668351893773,0.3225518227305218
SOXX,y2024,rth,14:30,15:00,2,4,1200.0,36915,1.0,4.3737416666666663e-07,0.0,30.7625,6.930833333333333,4.505,2.4258333333333333,0,0,268.18843578827693,250.0,239.73204201851874,200.0,57485.574076696845,53498.0,51073.07667167647,42527.0,212.985519374007,4.7714690904548185,5.0,7.0,2.230942041897905,2.275061062256633,3.185085083585089,4.7714690904548185,0.005786498855865118,0.027949146085067805,0.556129045537311,0.0,8313,0.10578155280388626,7.400360451669438,382.02220555332553,839.9519763225941,0.3118007939372068
SOXX,y2024,rth,15:00,15:30,2,4,1200.0,24250,1.0,3.851058333333333e-07,0.0,20.208333333333332,3.755,2.2708333333333335,1.4841666666666666,0,0,252.4364623617542,200.0,252.31400247292754,200.0,54207.74300146842,42660.0,53723.97937907162,42645.0,213.19256618803294,4.197055742986482,4.0,6.0,1.9611591198508753,1.9324433681549797,2.7328130067251357,4.197055742986482,0.00268448025547567,0.07685045406889149,0.38400333139192283,0.0,4502,0.0800087075446476,9.253203955702542,805.4557137555173,1172.1752778035045,0.34584629053753885
SOXX,y2024,rth,15:30,16:00,2,4,1200.0,31255,1.0,1.2004033333333332e-06,0.0,26.045833333333334,7.6325,4.4925,3.14,0,0,264.986782001433,200.0,307.687218766763,200.0,56747.654560199415,42565.0,65429.71044117157,42582.0,212.84515797406905,3.3880579643877407,3.0,5.0,1.5870752996606738,1.4487469567975342,2.2877792179854985,3.3880579643877407,0.01748553434552705,0.18092219640710777,0.15670328620881352,0.0,9155,0.0372511518232021,1.9871982957076026,321.01234867648895,1029.9594344477523,0.4330966684871655
SOXX,y2024,open5,09:30,09:35,2,2,600.0,37258,1.0,2.3790166666666667e-07,0.0,62.096666666666664,20.083333333333332,10.88,9.205,0,0,223.09441354103282,200.0,228.32021616242665,200.0,47499.413249200494,42530.0,48664.9384280129,42600.0,212.8674528348118,10.342001422816042,10.0,15.0,4.850718759999312,4.811078415558257,6.895432155353177,10.342001422816042,0.000188261698121105,0.0012671638514603907,0.9750411624955841,0.0,12048,0.03668947393194823,1.157060757339774,139.0102662007173,348.50055016303907,0.48464475431606907
SOXX,y2024,close5,15:55,16:00,2,2,600.0,30439,1.0,5.4718100000000006e-06,0.0,50.73166666666667,11.008333333333333,6.255,4.753333333333333,0,0,325.1012614403334,250.0,1063.68886109268,700.0,69246.4437882195,53462.5,223217.79428408842,146975.0,212.60935668914138,2.633124121401566,2.0,4.0,1.231742611772573,0.9688811671641437,1.9384011391015492,2.633124121401566,0.17483721634936225,0.3326333340730702,0.0735515776935917,0.0,6603,0.05384951773261955,5.600939345441173,263.71408937296377,455.320191679065,0.35529304861426625
SOXX,y2024,pre,04:00,07:00,2,2,600.0,756,1.0,0.0,0.0,1.26,0.38,0.16166666666666665,0.21833333333333332,0,0,229.0208025455,100.0,641.8622995976666,400.0,48829.590247874345,21506.0,136177.56245284414,85279.0,215.34492903765823,61.825594178915004,57.0,86.0,28.938248132568386,25.886146370262413,40.87964325881828,61.825594178915004,0.0,0.0,1.0,0.0,226,0.2137962089502234,428.623000033671,6045.449134458512,8788.77202777722,0.13274336283185842
SOXX,y2024,pre,07:00,08:00,2,2,600.0,616,1.0,0.0,0.0,1.0266666666666666,0.305,0.26,0.045,0,0,375.3679459175,350.0,1573.3438360353337,1300.0,80199.06359391303,74636.0,336370.25063854747,275559.0,215.33194461305814,42.93336920965168,40.0,60.0,20.038998315762115,18.966334755808703,28.436018957347045,42.93336920965168,0.0,0.0,0.9999988506700002,0.0,181,2.041737944669532,141.2537544622755,5607.251037949704,11917.328475976656,0.09392265193370165
SOXX,y2024,pre,08:00,09:00,2,2,600.0,208,1.0000000000000002,0.0,0.0,0.3466666666666667,0.12,0.06,0.06,0,0,370.9775318038332,300.0,1269.9209420739999,1350.0,78642.88433351113,63665.5,269111.2717068891,286028.0,215.5015276396538,48.30294147655166,50.0,56.0,22.462209466933075,23.702965245958392,25.45570204646464,48.30294147655166,0.0,0.0,1.0,0.0,70,1.1220184543019636,457.0881896148755,18478.497974222893,20972.771646235826,0.08571428571428572
SOXX,y2024,pre,09:00,09:30,2,2,600.0,532,1.0,0.0,9.443833333333334e-08,0.8866666666666667,0.365,0.17666666666666667,0.18833333333333332,0,0,141.18689939445545,100.0,1025.1367278647042,1200.0,30379.503943991254,21418.5,215763.81308051953,251904.5,214.37603039860915,49.69963930520611,49.0,58.0,23.161061660754726,22.9072093221749,26.443124947138237,49.69963930520611,0.0,0.0,0.9999999951499995,0.0,217,0.04315190768277654,62.06648387041722,6456.542290346559,17666.738182546742,0.24423963133640553
SOXX,y2024,post,16:00,17:00,2,2,600.0,482,1.0,0.0,0.0,0.8033333333333333,0.2733333333333333,0.018333333333333333,0.255,0,0,1061.428530723,1100.0,578.3996001536667,550.0,229804.39504606728,239220.0,122798.47968918532,117310.0,212.567204849428,36.8559627027,36.0,47.0,17.276852552921305,16.45488618703783,21.478028538275492,36.8559627027,0.0,0.0,1.0,0.0,162,0.16094098932625356,39.81071705534974,5997.910762555102,13617.312959282173,0.22839506172839505
SOXX,y2024,post,17:00,18:00,2,2,600.0,10,1.0,0.0,0.0,0.016666666666666666,0.01,0.0033333333333333335,0.006666666666666667,0,0,2799.9994965883334,2800.0,1684.9587189259998,2200.0,610968.8899299889,610969.0,354123.57533785416,460376.0,212.96823953402472,114.64790490528335,17.0,213.0,52.42292854568605,8.243423445266867,96.94376806317254,114.64790490528335,0.0,0.0,1.0,0.0,4,0.05495408738576247,1584.8931924611154,72443.59600749897,69028.11557066775,0.25
SOXX,y2024,post,18:00,20:00,2,2,600.0,14,1.0,0.0,0.0,0.023333333333333334,0.011666666666666667,0.0,0.011666666666666667,0,0,3750.0,3750.0,1400.0,1400.0,806550.0,806550.0,301754.9282585323,301776.0,212.5047320646331,45.94641292661666,29.0,65.0,21.39863407559993,14.074595355383144,29.68375385317984,45.94641292661666,0.0,0.0,1.0,0.0,6,14.454397707459291,5011.872336272722,13803.84264602884,9199.414318704476,0.0
SOXX,y2024,pre,04:00,09:30,2,8,2400.0,2112,1.0,0.0,2.3609583333333336e-08,0.88,0.2925,0.16458333333333333,0.12791666666666668,0,0,279.13829817229714,100.0,1127.5659538112373,400.0,59512.761217646505,21996.0,239355.72502669523,85279.0,215.13860794024896,54.82962052282754,49.0,79.0,25.617542365595952,22.9072093221749,37.54829447511872,54.82962052282754,0.0,0.0,0.99999979059,0.0,694,0.20216887095706887,251.188643150958,6290.855033552259,14095.225172087834,0.15273775216138327
SOXX,y2024,post,16:00,20:00,2,6,1800.0,506,1.0,0.0,0.0,0.2811111111111111,0.09833333333333333,0.007222222222222222,0.09111111111111111,0,0,2537.1426757704444,2050.0,1221.1194396932221,850.0,549107.7616586853,434795.0,259558.9944285239,181827.0,212.68005881602863,60.84917336530416,36.0,213.0,28.12426231245181,16.45488618703783,96.94376806317254,60.84917336530416,0.0,0.0,1.0,0.0,172,0.16094098932625356,70.79457843841391,6760.829753919821,15318.901316445214,0.22093023255813954
SOXX,y2024,rth,09:30,16:00,2,52,15600.0,452328,1.0,3.4546474358974364e-07,0.0,28.995384615384616,7.398525641025641,4.461025641025641,2.937628205128205,0,0,244.77250920925286,200.0,219.09317610905123,200.0,52390.408700675645,43368.0,46729.79715441444,41761.0,213.35260717450075,4.925024922341831,5.0,7.0,2.3008825128129766,2.2778201084658845,3.2225296630396483,4.925024922341831,0.002695640524838506,0.034819935115149706,0.5516167642203619,0.0,115365,0.07544335053759223,5.190867133841029,363.32608132855887,783.6202345752953,0.35807220560828673
SOXX,y2025,rth,09:30,10:00,3,6,1800.0,134287,1.0,2.971422222222222e-07,0.0,74.60388888888889,25.72833333333333,12.591666666666667,13.141666666666667,0,0,240.56152512187506,200.0,215.60713239178241,160.0,52334.87038711231,42249.0,46840.236679779184,35605.0,241.7988783088038,9.242996219388884,8.0,15.0,4.299966362996314,2.9745725169890243,8.57274874611209,9.242996219388884,0.0001621498559593463,0.0016694912971874636,0.9451073258646243,0.0,46305,0.036441946189090954,0.5477487875749792,103.05805378047218,267.53507446371503,0.572227621207213
SOXX,y2025,rth,10:00,10:30,3,6,1800.0,91864,1.0,2.4705066666666667e-06,1.0896777777777778e-07,51.035555555555554,16.15888888888889,8.708333333333334,7.455,0,0,202.7449256291766,200.0,189.91233794554464,200.0,45621.61184230097,35227.0,43810.2410595317,35213.0,243.05424849863232,6.6419380070221266,7.0,10.0,2.954503523857024,2.3023119437488933,5.116942126181276,6.6419380070221266,0.0063792933891131595,0.03657795900635492,0.7337968294323913,0.0,29080,0.03887781931259445,1.0018891470243647,177.95021106913472,357.57973410244256,0.499828060522696
SOXX,y2025,rth,10:30,11:00,3,6,1800.0,59090,1.0,3.4617072222222225e-06,0.0,32.827777777777776,11.355,5.793888888888889,5.5616666666666665,0,0,236.3307108371841,200.0,242.46149588832256,200.0,56121.92420727014,49839.0,56031.3155847488,55499.0,243.03259999956842,6.589424866955762,6.0,11.0,3.07011440429893,1.9668285548328495,6.294964614883653,6.589424866955762,0.003659330462530687,0.045803470138758955,0.6799989289905367,0.0,20433,0.034716894156837416,0.6055062692451367,266.4771379568996,556.7954542365205,0.5529290853031861
SOXX,y2025,rth,11:00,11:30,3,6,1800.0,58863,1.0,2.4767947777777784e-05,0.0,32.70166666666667,10.766666666666667,5.079444444444444,5.695555555555556,0,0,222.35445983850502,160.0,239.4443236496594,210.0,51994.29904257598,43246.8,56375.38438791506,53353.2,243.05201884683325,5.476272625063839,6.0,9.0,2.5094421999825247,1.966553176733065,5.138351438339448,5.476272625063839,0.018374303529901423,0.10514249646775058,0.6308332013182315,0.0,19374,0.03036726367382566,0.5220858652910755,248.70377774210942,693.1756894346141,0.5659130793847424
SOXX,y2025,rth,11:30,12:00,3,6,1800.0,51639,1.0,7.504608611111112e-05,0.0,28.688333333333333,8.865555555555556,4.228888888888889,4.643888888888889,0,0,224.15739318687602,200.0,252.29463651260596,200.0,51758.93600253821,43255.2,59890.51446302248,48860.6,243.2398904783745,5.218095800587342,5.0,8.0,2.403707010092631,1.6376518923791659,4.5701869060104325,5.218095800587342,0.01483389235111832,0.11157732322585125,0.5777888544871281,0.0,15952,0.03428527934543895,0.6572671629534819,334.0461353025629,750.994208546306,0.5408726178535607
SOXX,y2025,rth,12:00,12:30,3,6,1800.0,49138,1.0,0.00011144381277777779,0.0,27.29888888888889,9.188333333333333,4.756111111111111,4.450555555555556,0,0,220.7204759079711,200.0,245.39112148551132,250.0,50638.92269981678,43227.2,59230.076282946866,55705.8,243.2018774395908,4.080744662190239,4.0,6.0,1.7853949037163925,1.640806053055611,3.419745946130824,4.080744662190239,0.029501591698195176,0.1637502997594152,0.4094891104872083,0.0,16533,0.03282461004346877,0.49558075915877525,297.7416162493776,797.7306889207948,0.5750922397628985
SOXX,y2025,rth,12:30,13:00,3,6,1800.0,36604,1.0,3.139404166666666e-05,0.0,20.335555555555555,6.063888888888889,2.867777777777778,3.2205555555555554,0,0,262.6779391409108,300.0,256.73078927515115,250.0,60528.608759277064,61378.5,61131.47592176135,55733.1,243.44247776747858,4.694545243837325,5.0,7.0,2.104630817221936,1.637402890284018,3.9869483569774053,4.694545243837325,0.03903595018180207,0.1778409892146476,0.593632050555441,0.0,10909,0.03301331521267234,0.7355455782276878,485.79865792231277,1058.1331547446075,0.5343294527454395
SOXX,y2025,rth,13:00,13:30,3,6,1800.0,40789,1.0,6.049572222222222e-06,0.0,22.660555555555554,6.850555555555555,3.326111111111111,3.542222222222222,0,0,228.8360839995172,200.0,301.39268883410506,250.0,52594.84251123733,43319.2,75591.06989780426,61912.2,243.3615427797353,4.192738875523857,4.0,7.0,1.9092739928120435,1.3059407395267186,4.013783543224157,4.192738875523857,0.034855127751390436,0.1558156429929856,0.3986574566031866,0.0,12325,0.030656561187291122,0.7093923892676246,379.1242049773244,1054.7382824611243,0.5352535496957403
SOXX,y2025,rth,13:30,14:00,3,6,1800.0,43525,1.0,0.00016932991444444442,0.0,24.180555555555557,6.812777777777778,3.7416666666666667,3.0905555555555555,0,0,235.34252972930196,200.0,283.1727535388742,220.0,53896.20326250714,36782.399999999994,68147.37131672227,59755.0,243.3193148458797,4.612077919327823,4.0,8.0,2.1583504552934527,1.3056137355965278,4.590982079786028,4.612077919327823,0.06591069679931665,0.19100660868159555,0.49025068939173533,0.0,12257,0.0350337642773113,0.8156653761199093,406.5042033397254,982.5425928603051,0.5210084033613446
SOXX,y2025,rth,14:00,14:30,3,6,1800.0,39809,1.0,0.00011970164833333333,0.0,22.11611111111111,6.108888888888889,2.8361111111111112,3.2944444444444443,0,0,241.6894271068317,160.0,252.53057411627628,200.0,57761.56782721913,36879.600000000006,58554.684061468135,43363.8,243.33066605229118,4.286156692414987,4.0,7.0,1.9695696053244993,1.6067493794746464,4.029072451311548,4.286156692414987,0.06602107734567189,0.1921070063569839,0.4823022976733599,0.0,10990,0.03553149630636984,0.8779671382999583,473.61312450873106,946.9047905716,0.5130118289353958
SOXX,y2025,rth,14:30,15:00,3,6,1800.0,34237,1.0,0.0003002708055555555,0.0,19.020555555555557,5.285,2.7672222222222222,2.5366666666666666,0,0,248.98916444460457,200.0,244.8872268567341,200.0,55846.30412262811,49808.0,59090.85168777296,36930.0,243.47164290961763,4.199066090341972,4.0,7.0,1.9718361379707219,1.2998970294201184,4.028928029876631,4.199066090341972,0.06945846626072792,0.20333125805064947,0.4091509924014158,0.0,9507,0.03546944303418225,0.9122608715476238,535.978942220373,1234.921949767884,0.510571158094036
SOXX,y2025,rth,15:00,15:30,3,6,1800.0,38368,1.0,3.692344055555555e-05,0.0,21.315555555555555,5.772777777777778,2.7177777777777776,3.0883333333333334,0,0,216.9060216216955,160.0,252.25434916164392,300.0,51551.47432334097,37004.4,56479.32066019166,69662.0,243.90888240974613,3.5393888801026945,3.0,6.0,1.6557520489976967,1.2035686678710613,3.4466990557156847,3.5393888801026945,0.10018361116694512,0.24029793711215197,0.2915169544717172,0.0,10385,0.034704867479649334,0.76188933074079,498.7776408583512,1077.8753488618365,0.526528647087145
SOXX,y2025,rth,15:30,16:00,3,6,1800.0,46422,1.0,0.000585270275,0.0,25.79,6.947222222222222,3.3627777777777776,3.6233333333333335,0,0,245.37357552388013,200.0,217.9882845328464,160.0,57619.17466789257,35947.4,51787.02116099032,37086.0,244.0612474402475,3.007456718946504,3.0,5.0,1.3863300557697706,0.9706762534845744,2.8783606013161993,3.007456718946504,0.17056138197860155,0.25032457544755615,0.16754959973142194,0.0,12499,0.04123062720122253,1.299526220671539,417.6307353007017,820.90564427984,0.4793183454676374
SOXX,y2025,open5,09:30,09:35,3,3,900.0,53634,1.0,7.155822222222222e-07,0.0,59.593333333333334,21.884444444444444,11.816666666666666,10.068888888888889,0,0,293.58255355430055,200.0,264.1191599552421,200.0,63618.191410576685,49598.0,56934.850276171856,49604.0,242.27888132478057,12.139560594877082,11.0,18.0,5.454817225597023,4.433318169087634,9.720290327153348,12.139560594877082,6.342250871735306e-05,0.0004996804964513689,0.9935456322213692,0.0,19693,0.03598375180383943,0.5670100882157993,114.28916256479465,346.7739303138916,0.5738587315289697
SOXX,y2025,close5,15:55,16:00,3,3,900.0,48504,1.0,0.00013389299555555554,5.258400000000001e-07,53.89333333333333,13.03111111111111,7.147777777777778,5.928888888888889,0,0,349.65242971756294,300.0,423.7259199331077,300.0,82283.37964212742,52224.00000000001,98745.44299496937,52263.0,244.13080357118818,2.1693238073723515,2.0,3.0,0.9489626757369968,0.803314791384531,1.7226788530449835,2.1693238073723515,0.2466855556684747,0.4612367550197475,0.02357133893082044,0.0,11725,0.03424522310891519,0.7260291594833681,210.07212134973562,580.0359735407213,0.5304051172707889
SOXX,y2025,pre,04:00,07:00,3,3,900.0,167,1.0,0.0,0.0,0.18555555555555556,0.06666666666666667,0.012222222222222223,0.05444444444444444,0,0,781.0323248722666,240.0,353.90964941444446,200.0,153755.54035137626,73363.2,93566.66062677394,49816.0,243.0431749330985,37.53840883601333,29.0,67.0,15.293395600021304,15.363744831079561,21.903656602972223,37.53840883601333,0.0,0.0,1.0,0.0,57,0.11748975549395303,2371.3737056616583,42657.951880159344,54075.08824192882,0.17543859649122806
SOXX,y2025,pre,07:00,08:00,3,3,900.0,1063,1.0,0.0,0.0,1.181111111111111,0.35333333333333333,0.23444444444444446,0.11888888888888889,0,0,386.7141927830445,300.0,338.6605941772,280.0,89214.6860470681,52143.0,78161.91478690242,52206.0,242.71440949691672,36.97389197698778,37.0,51.0,15.578411292662215,15.37121744633197,20.68475581924416,36.97389197698778,0.0,0.0,1.0,0.0,315,0.014855080171727757,97.7237220955811,6144.146161448635,19781.05691878048,0.2253968253968254
SOXX,y2025,pre,08:00,09:00,3,3,900.0,318,1.0,0.0,0.0,0.35333333333333333,0.13444444444444445,0.052222222222222225,0.08222222222222222,0,0,166.42873464875558,200.0,277.37156299037775,200.0,42516.19950549659,49676.0,62587.088847031824,52086.0,242.67063943921738,27.545555009305556,29.0,32.0,12.327944496292604,9.472635515851001,18.457631204657684,27.545555009305556,0.0,5.538888888888889e-08,0.9999999446111111,0.0,118,0.049545019080479036,25.118864315095816,20183.663636815632,24824.73471672248,0.2457627118644068
SOXX,y2025,pre,09:00,09:30,3,3,900.0,2899,1.0,0.0,0.0,3.221111111111111,0.9255555555555556,0.7266666666666667,0.1988888888888889,0,0,487.19871972013334,200.0,256.9732899970889,200.0,136865.06387339623,34734.0,63206.397691242346,49722.0,241.9342977432811,35.73169654087778,36.0,56.0,14.229054231964332,14.195088011777768,21.865284946831345,35.73169654087778,0.0,8.863555555555554e-08,0.9975539230288887,0.0,830,0.014565766155244587,82.82888557850949,2580.8615404180796,6839.34839379189,0.28433734939759037
SOXX,y2025,post,16:00,17:00,3,3,900.0,156,0.9999999999999999,0.0,0.0,0.17333333333333334,0.06888888888888889,0.03888888888888889,0.03,0,0,2730.393320233156,2000.0,1441.8521191673335,2000.0,672510.0247297743,617000.0,360996.3349878271,348600.0,243.86639243165882,49.81869592743222,50.0,70.0,21.344781233010515,16.893930252201745,28.72737719046251,49.81869592743222,0.0,0.0,1.0,0.0,59,0.6237348354824197,1412.5375446227542,25703.957827688646,99363.3926549302,0.11864406779661017
SOXX,y2025,post,17:00,18:00,3,3,900.0,21,1.0,0.0,0.0,0.023333333333333334,0.0044444444444444444,0.0022222222222222222,0.0022222222222222222,0,0,1821.8965445897331,2000.0,1865.895880090489,2000.0,469875.84840551723,347600.0,484553.9861717805,348600.0,243.68000151022204,121.33350040967777,60.0,254.0,50.131292972227236,28.72737719046251,102.21739305404611,121.33350040967777,0.0,0.0,1.0,0.0,3,10.71519305237607,22.38721138568342,186208.71366628725,177824.07185154175,0.0
SOXX,y2025,post,18:00,20:00,3,3,900.0,132,1.0,0.0,0.0,0.14666666666666667,0.06,0.017777777777777778,0.042222222222222223,0,0,2749.593944356445,2000.0,257.9730728947112,280.0,695793.78733994,616400.0,57762.085670005414,68000.0,242.38181889796599,44.69443291986332,54.0,58.0,18.280503135636803,18.153526970954427,21.706797443421323,44.69443291986332,0.0,0.0,1.0,0.0,51,0.011748975549395295,129.56866975170206,30902.954325135892,41943.97346256435,0.21568627450980393
SOXX,y2025,pre,04:00,09:30,3,12,3600.0,4447,1.0,0.0,0.0,1.2352777777777777,0.37,0.2563888888888889,0.11361111111111111,0,0,455.3434930060499,220.0,306.72877414477784,200.0,105587.8724443343,50950.5,74380.51548798764,50951.0,242.59063040312842,35.45464032086768,30.0,54.0,14.709285400909252,14.922803191185178,20.68475581924416,35.45464032086768,0.0,1.8128484848484845e-08,0.9997776192955556,0.0,1320,0.015389837796830156,91.43471406700337,5370.317963702525,20969.326154873506,0.26212121212121214
SOXX,y2025,post,16:00,20:00,3,9,2700.0,309,1.0,0.0,0.0,0.11444444444444445,0.044444444444444446,0.01962962962962963,0.024814814814814814,0,0,2433.9612697264442,2000.0,1188.5736907175112,400.0,612726.5534917437,616400.0,301104.135609871,86441.6,243.30940427994895,65.13526554420918,51.0,70.0,27.00927011912784,19.448946515397814,28.72737719046251,65.13526554420918,0.0,0.0,1.0,0.0,113,0.1348962882591655,421.6965034285828,30549.211132155117,74157.78817899054,0.1592920353982301
SOXX,y2025,rth,09:30,16:00,3,78,23400.0,724635,1.0,0.00011280206927350423,8.382136752136753e-09,30.967307692307692,9.68491452991453,4.829059829059829,4.872649572649572,0,0,232.8209644230764,200.0,245.69814959778216,200.0,53712.74725034344,37004.4,57920.04841658726,49623.0,243.2519007298251,5.06020618400577,5.0,8.0,2.321513200346796,1.640806053055611,4.574943232317992,5.06020618400577,0.04760437855540831,0.1442422165494759,0.5238723034352627,0.0,226549,0.03496716907634754,0.6777414229344683,268.56697472282406,768.0063170467059,0.5393667595089804
SOXX,y2026,rth,09:30,10:00,1,2,600.0,77429,1.0,1.2162634999999998e-05,1.3337e-07,129.04833333333335,61.175,29.098333333333333,32.08,0,0,72.39721600959672,40.0,71.13899025891327,40.0,24851.39187182856,13742.0,24427.98461993995,13745.2,343.34978317517283,5.814970697532103,6.0,7.0,1.6936202556896942,1.7472852996895505,2.0400436264569763,5.814970697532103,0.0005277983581445843,0.004164162939234989,0.8772114269194248,0.0,36703,0.030256470159834473,0.7312864279081787,53.76590630043144,86.85009366604187,0.5302291365828407
SOXX,y2026,rth,10:00,10:30,1,2,600.0,76042,1.0,5.25092e-06,0.0,126.73666666666666,59.303333333333335,28.078333333333333,31.225,0,0,70.53347112648088,40.0,74.23547141072153,40.0,24288.07575283496,13788.8,25566.472817525842,13800.8,344.38573524627367,5.552957297772867,6.0,7.0,1.612451429177578,1.738833569584218,2.0371102186060477,5.552957297772867,0.0013385127117564986,0.007213811835815497,0.8382619586581509,0.0,35580,0.03101942767482747,0.8913890498515892,56.19706459390908,84.76827186786144,0.5104272062956717
SOXX,y2026,rth,10:30,11:00,1,2,600.0,62051,1.0,5.309864333333333e-05,0.0,103.41833333333334,40.86333333333334,20.638333333333332,20.226666666666667,0,0,67.65346104473163,40.0,68.69315607532721,40.0,23432.558879392906,13862.599999999999,23795.451251646933,13866.0,346.3848339129311,3.6898677926288665,4.0,4.0,1.0652427240926927,1.1544303664580968,1.1550925623284833,3.6898677926288665,0.0024104214517756137,0.033536208355499475,0.09615363118736735,0.0,24516,0.0398018612710351,2.2901581324808205,80.7935681331075,104.5055623949327,0.4300456844509708
SOXX,y2026,rth,11:00,11:30,1,2,600.0,52040,1.0,1.8817716666666667e-06,0.0,86.73333333333333,39.235,18.918333333333333,20.32,0,0,61.94838692698598,40.0,64.78119541335138,40.0,21360.36601670672,13796.0,22340.47602214891,13800.8,344.8338490972899,3.937498849487106,4.0,5.0,1.1419177906523914,1.1594701074731646,1.4510456691041553,3.937498849487106,0.0020629056102506615,0.020626590337866648,0.21410168493548484,0.0,23539,0.03947286972730675,2.7932930760765937,85.12626780276403,105.2518811554806,0.41246442074854495
SOXX,y2026,rth,11:30,12:00,1,2,600.0,51632,1.0,1.7443416666666665e-06,0.0,86.05333333333333,31.196666666666665,14.978333333333333,16.218333333333334,0,0,68.35720966812904,40.0,80.07776829645448,40.0,23585.461420335945,13807.0,27633.705505606013,13809.199999999999,345.0582240714302,3.574724584412708,4.0,4.0,1.035969329616868,1.158706086076522,1.1597155833090926,3.574724584412708,0.0035750874995074244,0.04086344623647858,0.071675310721231,0.0,18716,0.04758299097273492,2.8523315122990107,105.6754611899829,133.09963142544447,0.40729856807010045
SOXX,y2026,rth,12:00,12:30,1,2,600.0,56553,1.0,4.293348333333334e-06,0.0,94.255,37.40833333333333,18.163333333333334,19.246666666666666,0,0,70.22348332354176,40.0,70.41219741075706,40.0,24223.86763608789,13808.4,24293.100295259606,13808.8,345.0003055313784,3.5154915993233327,3.0,4.0,1.0188798130225178,0.8708410609183205,1.1609531088114964,3.5154915993233327,0.0051459461100058215,0.05563484536143725,0.07545807560946992,0.0,22443,0.042185787739312815,2.000703793967784,87.73745918337427,120.25367891018209,0.43323085149044244
SOXX,y2026,rth,12:30,13:00,1,2,600.0,35576,1.0,1.567345e-06,0.0,59.29333333333334,16.088333333333335,8.08,8.008333333333333,0,0,89.36046527721176,80.0,78.9026246789676,40.0,30895.511463329793,27646.0,27282.4396487827,13837.800000000001,345.7482940935582,2.9952567231239815,3.0,4.0,0.8663120355340529,0.8678094796714257,1.156701403642169,2.9952567231239815,0.010605229563720186,0.17511471559017378,0.0046824737373851255,0.0,9651,0.05366502771984686,4.4049338809543,190.36740620465287,260.6748910247929,0.3900113977826132
SOXX,y2026,rth,13:00,13:30,1,2,600.0,36430,1.0,1.8077283333333333e-06,0.0,60.71666666666667,20.36,9.671666666666667,10.688333333333333,0,0,74.87786270923395,60.0,82.97909825886698,80.0,25834.819739291943,20692.800000000003,28632.082746886615,27588.399999999998,345.029441124457,3.376334568717331,3.0,4.0,0.9785740727899943,0.8697395729985401,1.1596160719208644,3.376334568717331,0.009829821499646837,0.07312413085189659,0.03604535565354407,0.0,12214,0.05512570626727707,5.50768587788866,148.8108956332545,190.04881354945167,0.37317831996070083
SOXX,y2026,rth,13:30,14:00,1,2,600.0,38414,1.0,2.561173333333333e-06,0.0,64.02333333333333,21.501666666666665,10.431666666666667,11.07,0,0,78.40330634012412,60.0,81.13702765019157,60.0,27139.049987367835,20764.4,28089.15530261967,20772.2,346.18221566895056,3.364644482962726,3.0,4.0,0.9719266063631147,0.8666558569928635,1.155664538687225,3.364644482962726,0.003942777714803807,0.0769838685906978,0.0325476467001648,0.0,12899,0.049153776024283814,3.099521426145329,143.13401613949847,204.0389694672426,0.4036747034653849
SOXX,y2026,rth,14:00,14:30,1,2,600.0,28164,1.0,1.0445566666666667e-06,0.0,46.94,15.91,8.371666666666666,7.538333333333333,0,0,71.3545718483604,40.0,87.18584288175342,80.0,24698.385178273293,13851.8,30182.04368573682,27683.600000000002,346.1460223641069,3.4616139945936433,3.0,4.0,1.000068385787524,0.8670354430942295,1.1560877320308218,3.4616139945936433,0.004494568231497881,0.06093152308642874,0.04883943649889233,0.0,9544,0.060908913287773196,6.481256254376756,189.25257646089383,251.99318027433043,0.3678751047778709
SOXX,y2026,rth,14:30,15:00,1,2,600.0,22673,1.0,5.740333333333332e-07,0.0,37.788333333333334,10.18,5.243333333333333,4.9383333333333335,0,0,83.79906741479132,80.0,82.33801291243067,80.0,29003.2481596531,27684.8,28500.233616676822,27682.4,346.12072385975176,3.0471580182302747,3.0,4.0,0.8803693296312026,0.8667940546954483,1.1556680143596172,3.0471580182302747,0.009036765324071204,0.15120641625085665,0.0034723591415832303,0.0,6106,0.06410324283067242,7.288005566125234,299.86875526337667,409.74923682554373,0.37422207664592205
SOXX,y2026,rth,15:00,15:30,1,2,600.0,34659,1.0,1.7751383333333335e-06,0.0,57.765,16.138333333333332,7.425,8.713333333333333,0,0,90.66461408736527,80.0,84.6245240547699,80.0,31266.543100296123,27576.800000000003,29185.917250402006,27580.800000000003,344.84397049534886,3.301853717780438,3.0,4.0,0.9575217820076045,0.8706302296572187,1.1609116366190482,3.301853717780438,0.005786301134818293,0.10180912878028718,0.02378317857509863,0.0,9681,0.05532547739405109,4.874030008838281,193.49942887010272,251.71545496223433,0.3843611197190373
SOXX,y2026,rth,15:30,16:00,1,2,600.0,49790,1.0,0.00015468879333333335,0.0,82.98333333333333,19.733333333333334,9.24,10.498333333333333,0,0,170.537658231103,100.0,139.59026164653517,80.0,58873.53049723515,34520.6,48197.06358232275,27618.0,345.24667550355514,2.420019732363909,2.0,3.0,0.7009490832712137,0.5793577898077373,0.8690002741465789,2.420019732363909,0.09326552371298932,0.4561204501753855,0.0072555924155023365,0.0,11838,0.024288851337685873,0.7158116487726736,148.0616135287136,358.7244520811114,0.5383510728163541
SOXX,y2026,open5,09:30,09:35,1,1,300.0,40071,1.0,6.89573e-06,4.5946666666666676e-07,133.57,38.49333333333333,20.453333333333333,18.04,0,0,314.4762836146463,120.0,408.7703941187736,200.0,107993.59936082545,41199.6,140451.431559719,68668.0,343.34496817082425,14.163114007118933,12.0,24.0,4.1234505400930574,3.4969622638886495,6.974937141549503,14.163114007118933,0.0004232098361249095,0.0004566280585891738,0.9932326574681979,0.0,11547,0.020765446311917405,0.5129147008473373,70.63364656355647,195.41830753743218,0.5966051788343293
SOXX,y2026,close5,15:55,16:00,1,1,300.0,22844,1.0,0.0002481090466666667,0.0,76.14666666666666,16.493333333333332,7.6866666666666665,8.813333333333333,0,0,227.53143523294898,120.0,185.8120175034553,80.0,78550.90666913553,41425.2,64159.24901006221,27625.6,345.2780280000018,2.3609639864605616,2.0,3.0,0.6837750906931622,0.5792753449601316,0.8687952977092431,2.3609639864605616,0.12246071876218598,0.47004773927981436,0.01095953573329602,0.0,4947,0.02907995633012964,0.9623506263980882,176.651413608502,416.4728948496872,0.5043460683242369
SOXX,y2026,pre,04:00,07:00,1,1,300.0,511,1.0,0.0,0.0,1.7033333333333334,0.49666666666666665,0.43,0.06666666666666667,0,0,418.7936785114666,80.0,1956.5568973343998,2000.0,145161.43614172924,27744.8,679726.7849609982,694800.0,347.0377687090756,74.29066493477667,80.0,96.0,21.408241438769018,23.054785019735647,27.672089875516388,74.29066493477667,0.0,0.0,1.0,0.0,148,6.025595860743585,562.3413251903492,5302.057636304978,4854.678942475253,0.08108108108108109
SOXX,y2026,pre,07:00,08:00,1,1,300.0,346,1.0,0.0,0.0,1.1533333333333333,0.39666666666666667,0.26666666666666666,0.13,0,0,110.50532307426668,120.0,1679.3799471396,80.0,38296.36765307885,41581.2,583069.8057498374,27775.2,346.8460688329186,53.44997028042667,61.0,69.0,15.409733726422491,17.588120810207272,19.893038877917224,53.44997028042667,0.0,0.0,1.0,0.0,118,0.30902954325135906,446.6835921509636,6918.30970918938,7755.605709873814,0.15254237288135594
SOXX,y2026,pre,08:00,09:00,1,1,300.0,496,0.9999999999999998,0.0,0.0,1.6533333333333333,0.4633333333333333,0.27666666666666667,0.18666666666666668,0,0,116.17196627720001,80.0,154.66179365586672,80.0,40309.12465265418,27776.0,53754.44700190093,27805.6,347.29498914285756,46.90696293526999,50.0,67.0,13.507535022069764,14.394702749388221,19.301267014736784,46.90696293526999,0.0,0.0,1.0,0.0,138,0.36307805477010147,251.188643150958,5807.644175213123,9821.070211185848,0.14492753623188406
SOXX,y2026,pre,09:00,09:30,1,1,300.0,1862,1.0,0.0,0.0,6.206666666666667,1.6933333333333334,0.51,1.1833333333333333,0,0,263.1325775984,80.0,106.38596096386667,80.0,90602.73587224478,27552.0,36665.348506911134,27578.4,344.4720497207138,31.332034023966663,30.0,46.0,9.095688984311623,8.708523958683697,13.353494696043532,31.332034023966663,0.0,0.0,1.0,0.0,507,0.22594357702209794,126.90309737437217,1529.485818552993,3369.878499828981,0.13806706114398423
SOXX,y2026,post,16:00,17:00,1,1,300.0,390,1.0,0.0,0.0,1.3,0.3,0.22333333333333333,0.07666666666666666,0,0,83.91827921213333,80.0,81.28286623439999,80.0,28932.729205484236,27581.6,28055.382076771657,27611.199999999997,344.9676212526056,37.74438634240334,37.0,40.0,10.94141757031901,10.72601890224938,11.594489853367167,37.74438634240334,0.0,0.0,1.0,0.0,89,10.246028405512158,266.0725059798809,6358.187535472239,31282.607643117834,0.0449438202247191
SOXX,y2026,post,17:00,18:00,1,1,300.0,209,1.0,0.0,0.0,0.6966666666666667,0.31666666666666665,0.30666666666666664,0.01,0,0,156.04193014333336,120.0,307.7705412225333,320.0,53818.360328693525,41391.6,106249.39424781514,110486.4,345.0683323528564,29.93842927757334,33.0,35.0,8.675879891596919,9.562307123918341,10.142134774481402,29.93842927757334,0.0,0.0,1.0,0.0,94,130.4834874260397,584.3414133735183,4487.453899331322,33336.564973374305,0.02127659574468085
SOXX,y2026,post,18:00,20:00,1,1,300.0,736,1.0,0.0,0.0,2.453333333333333,0.6866666666666666,0.37,0.31666666666666665,0,0,222.58480775813334,320.0,79.65043561346667,80.0,76643.19695211733,110198.4,27448.846363631743,27572.800000000003,344.48273098771324,25.68592212121666,24.0,35.0,7.456061566666348,6.966853478707012,10.158253284661704,25.68592212121666,0.0,0.0,1.0,0.0,205,8.41395141645195,238.50637954651057,4509.897450466353,5910.083254437197,0.06829268292682927
SOXX,y2026,pre,04:00,09:30,1,4,1200.0,3215,1.0,0.0,0.0,2.6791666666666667,0.7625,0.37083333333333335,0.39166666666666666,0,0,227.15088636533332,80.0,974.2461497734332,80.0,78592.41607992677,27760.4,338304.0965549119,27790.4,346.41271910139136,61.61726273309272,60.0,95.0,17.761788646719115,17.29725351351364,27.383456578010005,61.61726273309272,0.0,0.0,1.0,0.0,911,0.35617765203662893,136.3986671645993,4090.893578642076,5349.43074210793,0.13172338090010977
SOXX,y2026,post,16:00,20:00,1,3,900.0,1335,1.0,0.0,0.0,1.4833333333333334,0.43444444444444447,0.3,0.13444444444444445,0,0,154.18167237120002,120.0,156.2346143568,80.0,53131.42882876503,41391.6,53917.87422940618,27611.199999999997,344.8395615310584,29.763664965602512,33.0,39.0,8.632355148812158,9.562307123918341,11.305276617704596,29.763664965602512,0.0,0.0,1.0,0.0,388,10.13911385736681,309.6770996935356,4795.125740813505,12251.533984644468,0.05154639175257732
SOXX,y2026,rth,09:30,16:00,1,26,7800.0,621453,1.0,1.865003294871795e-05,1.0259230769230769e-08,79.67346153846154,29.930256410256412,14.487564102564102,15.443974358974359,0,0,82.31524708559733,40.0,82.00678657315713,40.0,28419.11318283491,13855.400000000001,28317.183174712154,13865.2,345.25615711553735,3.6963506475162857,3.0,5.0,1.0710654600858187,0.873477141260167,1.4562317351500986,3.6963506475162857,0.011693063844321132,0.09671377300841597,0.17919300625180207,0.0,233430,0.03599382563273363,1.8247184619869816,102.1382328287972,159.83905969775077,0.4482671464678919
SMH,last12m,rth,09:30,10:00,2,4,1200.0,66822,1.0,7.977133333333332e-07,7.8675e-08,55.685,18.468333333333334,10.529166666666667,7.939166666666667,0,0,121.42117224829877,80.0,130.525740319736,100.0,45110.732025683385,29412.199999999997,48680.85103619274,37371.0,377.44396470142976,17.51086716197886,17.0,25.0,4.703183036058283,4.274545688133052,6.991867904475537,17.51086716197886,2.2239987824199207e-05,1.4129287382742621e-05,0.9998073030244562,0.0,22158,0.038097762570147936,1.2517440276219791,147.13918197413244,362.57101036657116,0.4787435689141619
SMH,last12m,rth,10:00,10:30,2,4,1200.0,52917,1.0,1.8269999999999998e-08,7.109333333333333e-08,44.0975,17.558333333333334,9.319166666666666,8.240833333333333,0,0,117.29987553344122,80.0,112.26377022183138,80.0,43688.49111685287,29485.4,41985.424922212085,29514.200000000004,378.788647177265,14.77376920585409,14.0,20.0,3.94046219552712,3.7577012246215684,5.562035749145718,14.77376920585409,3.189973618400008e-06,3.1920294519170575e-06,0.9994920245862723,0.0,21066,0.03786901628258423,1.3327136383554363,144.8343820455536,402.6071842121967,0.476929649672458
SMH,last12m,rth,10:30,11:00,2,4,1200.0,55811,1.0,1.0004760833333335e-05,0.0,46.509166666666665,22.5625,11.395833333333334,11.1675,0,0,132.72301631343532,60.0,85.63344901381005,60.0,49331.701063795124,22477.2,32256.23820195016,22466.600000000002,380.920105809461,8.850407929884618,8.0,14.0,2.367900406989913,1.9951256011297986,3.8741498050962515,8.850407929884618,0.00032215507308445767,0.0011546834989989122,0.9394786481975165,0.0,27071,0.04637061803178701,1.837268102750562,95.81342839588024,302.2107942112756,0.4478962727642126
SMH,last12m,rth,11:00,11:30,2,4,1200.0,55346,1.0,4.845599999999999e-07,0.0,46.12166666666667,25.0775,11.244166666666667,13.833333333333334,0,0,101.00639307822449,60.0,137.8337895816744,60.0,37637.956343615886,22393.0,51254.010501905155,22404.4,379.7796873829734,9.312336868219285,9.0,13.0,2.480765528488728,2.4942295684566735,3.604536247200979,9.312336868219285,1.744965345540408e-05,0.0013893442215539686,0.9835146728527031,0.0,30089,0.04093821811331362,1.5838408444579162,91.32595091038519,248.9798916796634,0.4639236930439696
SMH,last12m,rth,11:30,12:00,2,4,1200.0,40219,1.0,2.122941666666667e-07,0.0,33.51583333333333,17.0875,8.094166666666666,8.998333333333333,0,0,143.67823504195115,80.0,189.94930925493028,120.0,53159.65992640888,29651.6,69981.41423894916,44127.0,380.11660715355816,7.95788362141144,8.0,11.0,2.117055162230693,2.006068419940846,3.044585423618976,7.95788362141144,0.0004417711112854301,0.0008473430865526615,0.9696808512059217,0.0,20501,0.05053633274444087,1.786095852123029,114.35089403689453,438.5595453650739,0.45519730744841713
SMH,last12m,rth,12:00,12:30,2,4,1200.0,45911,1.0,0.0,0.0,38.259166666666665,19.926666666666666,9.533333333333333,10.395,0,0,101.57683073643334,80.0,102.27487984110002,80.0,37825.99754765004,29597.600000000002,38336.19547707988,29605.399999999998,379.7212985019127,8.023967439621664,8.0,12.0,2.1381965379268966,2.002226718460381,3.3280734130437595,8.023967439621664,0.00016102630666666668,0.001910542494166666,0.9388553466441666,0.0,23908,0.04679815055146045,1.5511217218569666,103.88531813022225,388.4164102938256,0.46181194579220347
SMH,last12m,rth,12:30,13:00,2,4,1200.0,26212,1.0,7.211333333333333e-08,0.0,21.843333333333334,9.169166666666667,4.804166666666666,4.365,0,0,119.39500292873832,60.0,108.03051561774059,80.0,44210.551234284954,22446.4,40994.82823692088,29666.199999999997,380.49430669037525,7.740846713757426,7.0,12.0,2.0751439189854044,1.750312063155627,3.3240702826431683,7.740846713757426,0.0002581462811157888,0.0018274055526136394,0.8582524121822754,0.0,10999,0.058593132296753954,3.5567898094302426,228.33153246527965,715.0274566370496,0.4046731521047368
SMH,last12m,rth,13:00,13:30,2,4,1200.0,26047,1.0,1.8774416666666666e-07,0.0,21.705833333333334,10.2375,4.9991666666666665,5.238333333333333,0,0,94.32802344186948,80.0,92.9765798499105,60.0,35354.82628306014,29708.0,34955.10967047994,22485.0,380.61982932715506,6.63235372747239,6.0,9.0,1.756909126580207,1.6572603657772103,2.4855809001485123,6.63235372747239,0.0006618717450958925,0.009061783531296998,0.8806058678036148,0.0,12281,0.053530731071598045,3.2615275596765394,192.36219245186402,734.5413944976953,0.4031430665255272
SMH,last12m,rth,13:30,14:00,2,4,1200.0,30906,1.0,4.586583333333333e-08,0.0,25.755,12.738333333333333,6.0525,6.685833333333333,0,0,104.5594519208064,80.0,94.51522569801959,80.0,39105.99676477503,29737.6,35566.421972640586,29742.6,381.3169885305363,6.773091514918488,7.0,10.0,1.7918862813704497,1.7479484081005388,2.758461289562653,6.773091514918488,2.5666632010554803e-05,0.002999810060088788,0.9124311295094143,0.0,15282,0.04593272239866244,1.4788197915024848,155.26196873644054,607.3043247964567,0.4698992278497579
SMH,last12m,rth,14:00,14:30,2,4,1200.0,24656,1.0,4.26725e-08,0.0,20.546666666666667,8.285,4.263333333333334,4.0216666666666665,0,0,100.84030646797466,60.0,96.36127668377658,80.0,38015.954255838245,22516.4,36550.882289437606,29778.0,381.52536128897196,6.345610542279731,6.0,9.0,1.68541068938057,1.4999562328061813,2.4804984174102103,6.345610542279731,0.00010450701445957561,0.004472391595848127,0.7833351211835345,0.0,9938,0.0540405798112749,3.872576449216171,246.38267693085788,839.9004243840378,0.40380358220970014
SMH,last12m,rth,14:30,15:00,2,4,1200.0,20708,1.0,8.773900000000002e-07,0.0,17.256666666666668,5.889166666666667,2.9008333333333334,2.99,0,0,130.9250040371893,80.0,100.17378260780846,80.0,48936.31537261952,29772.6,37706.63825641882,29775.800000000003,381.3653041150694,5.39249826701072,5.0,9.0,1.4412259631452218,1.2509108916481955,2.4791702204196913,5.39249826701072,0.005373765579888182,0.055879074194407574,0.51338762729617,0.0,7063,0.047777294907852264,4.230993008596305,365.7612344080087,1072.2839174505982,0.41398839020246353
SMH,last12m,rth,15:00,15:30,2,4,1200.0,31396,1.0,2.8759458333333333e-06,4.0393000000000004e-07,26.163333333333334,10.493333333333334,5.296666666666667,5.198333333333333,0,0,113.27191051856856,60.0,93.00857338450547,60.0,42345.022991921905,22523.6,35301.389637018605,22513.4,380.85573290968676,4.980073216112622,5.0,7.0,1.3181817851527315,1.2566979075807498,1.9270825548359045,4.980073216112622,0.0014594164700381439,0.03310990442054197,0.6101244705433395,0.0,12588,0.04783463773412434,3.0419079466187866,240.10433435693227,535.8348775016563,0.4223069590085796
SMH,last12m,rth,15:30,16:00,2,4,1200.0,50199,1.0,9.0425835e-05,9.242814833333333e-05,41.8325,11.438333333333333,5.9158333333333335,5.559166666666667,0,0,160.7316451887705,100.0,141.34437186561738,100.0,61177.885041562935,37791.0,54295.924107904844,37803.6,381.54179608099656,3.4197662869851437,3.0,5.0,0.9062771457743112,0.8236362947279458,1.3730307222809466,3.4197662869851437,0.04959646101128857,0.2042157627590133,0.20615156921560152,0.0,13722,0.038375198321829174,1.0008407127239864,225.85367441447616,694.2441229369757,0.4998542486518
SMH,last12m,open5,09:30,09:35,2,2,600.0,32186,1.0,1.2443666666666668e-07,4.6202500000000004e-07,53.64333333333333,16.30666666666667,8.201666666666666,8.11,0,0,202.3450424092108,180.0,189.44806821396315,160.0,75816.434160055,68497.2,71713.72330298732,61238.399999999994,378.31172521127917,28.364561925793264,28.0,39.0,7.494774548239362,7.526815897327621,10.291675679303925,28.364561925793264,2.797161640428078e-06,1.257530737493572e-06,0.9999850567095697,0.0,9782,0.023422304874170713,0.6853100437307867,158.4400113578484,515.2366702008127,0.5337354324269066
SMH,last12m,close5,15:55,16:00,2,2,600.0,39536,1.0,0.0008975595166666666,0.0,65.89333333333333,15.391666666666667,7.911666666666667,7.546666666666667,0,0,222.38297477375284,120.0,192.8031768735798,120.0,84645.94614960652,45783.0,73911.60562059731,45785.4,381.60327066821475,2.7809791965168187,3.0,4.0,0.7343970355034027,0.7519862065171959,1.098081780481995,2.7809791965168187,0.10517739216260721,0.3485182070434633,0.0712414896203235,0.0,9233,0.036668582155061163,1.0438486457979563,183.2508412403855,461.1012409648456,0.4921477309650168
SMH,last12m,pre,04:00,07:00,2,2,600.0,1054,1.0,0.0,0.0,1.7566666666666666,0.545,0.5,0.045,0,0,375.42217579333334,340.0,570.34989314,620.0,147771.56338898954,134690.4,207113.58779186822,225078.0,381.3697056535745,44.39678501239167,39.0,71.0,11.366464920195007,10.782267317288575,17.70373983461787,44.39678501239167,0.0,0.0,1.0,0.0,325,10.304355497880362,20.653801558105286,4616.211666904801,11932.102064016331,0.046153846153846156
SMH,last12m,pre,07:00,08:00,2,2,600.0,668,1.0,0.0,0.0,1.1133333333333333,0.3016666666666667,0.27,0.03166666666666667,0,0,226.24583797613334,100.0,342.5676834551333,280.0,86865.49772398711,38520.8,131744.12651115662,107604.0,381.3564072051277,23.971007132481667,29.0,32.0,6.286981046428617,7.230216658699233,8.851026165845916,23.971007132481667,0.0,0.0,1.0,0.0,179,10.104155005282138,365.1741272548384,6338.697112569272,16654.941476447955,0.0446927374301676
SMH,last12m,pre,08:00,09:00,2,2,600.0,861,1.0,0.0,0.0,1.435,0.43833333333333335,0.4,0.03833333333333333,0,0,377.85411471720005,400.0,339.1958524518,380.0,146697.83677932507,156608.0,130097.39925908367,147860.0,381.87854376225033,40.047970998275,38.0,59.0,10.42867979648293,9.707514638595951,14.687760653546617,40.047970998275,0.008348161105,0.0,0.9916518388949999,0.0,261,0.32359365692962855,23.94234401529582,3965.823056404146,27490.78690582299,0.11877394636015326
SMH,last12m,pre,09:00,09:30,2,2,600.0,1167,1.0,0.0,0.0,1.945,0.7416666666666667,0.44666666666666666,0.295,0,0,214.3081367427333,160.0,305.4172916912,100.0,80750.32881699127,59702.2,117173.29032381589,38297.0,378.59451694801805,41.207150977843334,39.0,68.0,11.017123594999946,10.043941505379973,18.976232021943964,41.207150977843334,0.0035127966450000008,1.0019466666666668e-06,0.9937720879733335,0.0,443,0.011930720363265339,12.492997891187345,3135.0899078017405,10319.268119876708,0.3611738148984199
SMH,last12m,post,16:00,17:00,2,2,600.0,276,1.0,0.0,0.0,0.46,0.21833333333333332,0.19,0.028333333333333332,0,0,147.67514794579998,180.0,403.45366237413333,440.0,58097.970782774464,71016.0,155924.99293134757,170774.8,381.4864584262823,71.51553148006334,71.0,79.0,18.66641230455786,19.49879848953069,19.812160654051166,71.51553148006334,0.0,0.0,1.0,0.0,129,10.61695557198726,434.0102636447443,6456.542290346559,41810.05723862457,0.007751937984496124
SMH,last12m,post,17:00,18:00,2,2,600.0,41,1.0,0.0,0.0,0.06833333333333333,0.03333333333333333,0.008333333333333333,0.025,0,0,132.925343667,100.0,106.90715254433334,100.0,51445.205703628635,38448.4,41255.95585590967,38500.0,381.2331805821437,53.363731690955,53.0,60.0,13.947274714613265,14.571047603336844,15.048908954101401,53.363731690955,0.0,0.0,1.0,0.0,19,0.012302687708123818,0.27384196342643635,5128.613839913648,111013.64112883952,0.7368421052631579
SMH,last12m,post,18:00,20:00,2,2,600.0,105,1.0,0.0,0.0,0.175,0.07166666666666667,0.03666666666666667,0.035,0,0,60.000376722800006,60.0,557.3683707164,320.0,23180.31708514087,23181.0,219047.17260825456,126826.0,380.8134162479333,51.94292729768,55.0,70.0,13.788484578769394,15.067805123054312,19.259870660113098,51.94292729768,0.0,0.0,1.0,0.0,41,0.010232929922807542,8.912509381337468,30902.954325135892,105557.24467318154,0.3170731707317073
SMH,last12m,pre,04:00,09:30,2,8,2400.0,3750,1.0,0.0,0.0,1.5625,0.5066666666666667,0.4041666666666667,0.1025,0,0,298.45756630735,160.0,389.38268018453334,240.0,115521.30667732326,59877.4,146532.1009714811,86874.0,380.7997933922427,39.602347028518786,33.0,69.0,10.2406577092721,8.965483069867972,17.450052746957834,39.602347028518786,0.0018371926231818183,9.108606060606062e-08,0.9979159787057577,0.0,1208,0.08738332610967878,27.89038732017595,4503.284778918904,15606.080579693582,0.1771523178807947
SMH,last12m,post,16:00,20:00,2,6,1800.0,422,1.0,0.0,0.0,0.23444444444444446,0.10777777777777778,0.07833333333333334,0.029444444444444443,0,0,113.53362277853331,80.0,355.90972854495556,200.0,44241.16452384799,30460.4,138742.70713183726,74972.79999999999,381.1776850854531,57.19127944159458,60.0,77.0,15.04766404417748,15.067805123054312,19.801433106237628,57.19127944159458,0.0,0.0,1.0,0.0,189,0.24926807893271802,172.7825980507863,12735.030810166612,57354.75685670238,0.14814814814814814
SMH,last12m,rth,09:30,16:00,2,52,15600.0,527150,1.0,8.157320384615383e-06,7.152449743589744e-06,33.791666666666664,14.533205128205129,7.2575641025641024,7.279423076923077,0,0,118.59607960360658,80.0,114.22204899317522,80.0,44299.8429719415,28892.4,42912.56697554282,29034.0,380.3453388784907,8.285720107306087,7.0,14.0,2.2094489049155768,1.9270825548359045,3.8741498050962515,8.285720107306087,0.004495344586858946,0.024373284908043063,0.8150175198319048,0.0,226666,0.04472785489813121,1.7417028928598401,145.2321922787804,522.7146046099289,0.45356162812243567
SMH,normal18m,rth,09:30,10:00,4,8,2400.0,98103,1.0,4.4006458333333323e-07,3.93375e-08,40.87625,14.209166666666667,7.849583333333333,6.359583333333333,0,0,206.7983018486784,160.0,210.16330957839511,180.0,57962.1953539709,50763.399999999994,59064.955854706466,57861.4,312.74931517525096,13.855083130136139,15.0,22.0,4.684535278066577,4.274545688133052,8.394904306561191,13.855083130136139,0.0001665131406600799,0.0033745442469302117,0.8886493780016133,0.0,34094,0.042297364689570204,1.3052051426620273,191.29828648612434,439.95749613759307,0.47756203437554995
SMH,normal18m,rth,10:00,10:30,4,8,2400.0,82707,1.0,5.123566666666667e-06,3.5546666666666665e-08,34.46125,13.37625,7.025416666666667,6.361666666666666,0,0,193.128989078076,160.0,217.7190337996619,160.0,54786.03983780578,50975.8,59348.7013561881,50978.2,314.03239785587465,10.41461554456817,11.0,17.0,3.3443769872410747,3.4222310094333204,5.562035749145718,10.41461554456817,0.0074136677562855096,0.07227261667012022,0.7480940069175991,0.0,32095,0.04218768897111124,1.5943804968377626,193.51369774849363,498.21578991112204,0.4622215298333074
SMH,normal18m,rth,10:30,11:00,4,8,2400.0,80800,1.0,1.3316598750000002e-05,0.0,33.666666666666664,15.404583333333333,7.6779166666666665,7.739166666666667,0,0,215.4094737308119,160.0,189.39421398656987,160.0,60272.50009295237,51109.399999999994,51302.94646067342,51071.8,314.8975634281661,7.786754214263519,8.0,13.0,2.7406480621716893,1.9951256011297986,5.417342432670387,7.786754214263519,0.012139710942159567,0.10362014777084723,0.7199724144116703,0.0,36963,0.04369139518704537,1.815184871528723,134.97312254238986,526.3655426204517,0.4521278034791548
SMH,normal18m,rth,11:00,11:30,4,8,2400.0,95192,1.0,3.6992881249999996e-05,0.0,39.663333333333334,18.461666666666666,8.566666666666666,9.965416666666666,0,0,175.0768535362858,90.0,210.62995688036588,160.0,49487.102551850294,28850.4,59881.78015144226,51161.4,314.61529536041115,7.389835154043482,8.0,12.0,2.501921652158344,2.4942295684566735,4.418106531517521,7.389835154043482,0.037248745058402616,0.15322341703108727,0.7403932999035056,0.0,44300,0.03194725126823583,0.8640230087389464,108.44240455142291,498.1274676785035,0.5104740406320541
SMH,normal18m,rth,11:30,12:00,4,8,2400.0,74982,1.0,6.610859208333333e-05,0.0,31.2425,13.497083333333334,6.5625,7.002916666666667,0,0,217.3031476571386,180.0,229.28478912145331,200.0,61550.29172579381,58435.6,68061.24565110427,60086.5,314.8241864270843,6.623668321715507,7.0,11.0,2.30319939170933,2.006068419940846,4.905850914144421,6.623668321715507,0.15138289246697006,0.09829672127534995,0.7342788399590559,0.0,32385,0.047064924725122914,1.449441583732109,151.33105423265735,595.2775399331294,0.4701559363903042
SMH,normal18m,rth,12:00,12:30,4,8,2400.0,82259,1.0,0.0001278728070833333,0.0,34.27458333333333,14.60375,7.320833333333334,7.34,0,0,225.7625739376971,160.0,204.51769098637797,160.0,60369.009924586295,51161.600000000006,56191.29312770803,51171.2,314.85536368034076,6.01806333474682,6.0,10.0,1.998636847953214,1.9568797061364616,3.607881575273009,6.01806333474682,0.15708602880979042,0.09680434942348218,0.6817253789174456,0.0,35041,0.0449776070537507,1.3979921470814949,147.2614527284297,532.8417546728574,0.47224679660968577
SMH,normal18m,rth,12:30,13:00,4,8,2400.0,53745,1.0,0.0003099285312499999,0.0,22.39375,7.974583333333333,4.2316666666666665,3.8025,0,0,199.81369401921935,110.0,196.77523784047528,160.0,56496.01526461187,36116.2,55691.92108312357,51226.399999999994,315.21429479414525,6.266826179838934,6.0,11.0,2.157555702260523,1.750312063155627,4.401934646853809,6.266826179838934,0.15278241873563958,0.09673975659525819,0.6767637549019769,0.0,19131,0.04795009519221458,2.1276232957259027,270.6541148106341,919.7816519910585,0.44801630860906383
SMH,normal18m,rth,13:00,13:30,4,8,2400.0,55005,1.0,4.659854583333334e-05,5.148945833333334e-07,22.91875,8.83625,4.298333333333333,4.57875,0,0,197.7045347261086,160.0,176.16018184761455,160.0,54137.88177297702,43449.0,49630.208180836365,51240.8,314.8978795244421,5.352287370320448,6.0,9.0,1.8228695802995927,1.6562004531592927,3.4480150275361745,5.352287370320448,0.12568234968747646,0.130633989792528,0.6535641069790294,0.0,21199,0.04744992400832018,2.4199605720134643,262.60813541604097,737.538705406325,0.43478465965375723
SMH,normal18m,rth,13:30,14:00,4,8,2400.0,64603,1.0,6.64181075e-05,0.0,26.917916666666667,10.6725,5.350416666666667,5.3975,0,0,194.40075312462747,160.0,155.98706656508907,120.0,54043.15405485128,51245.399999999994,45820.98499477036,42004.8,315.1828888142386,6.121294589152476,6.0,11.0,2.1898178177432204,1.7479484081005388,4.928937314966339,6.121294589152476,0.15522457528836167,0.09520843817344814,0.702396939167913,0.0,25606,0.04335659969904902,1.334798398641262,199.39065363154882,749.2429517879791,0.4779739123642896
SMH,normal18m,rth,14:00,14:30,4,8,2400.0,52325,1.0,3.92775275e-05,2.0141666666666666e-09,21.802083333333332,7.4191666666666665,3.8470833333333334,3.625,0,0,183.22787929351085,90.0,165.56999920712425,160.0,52234.411580389555,29027.2,47944.72631083052,42017.2,315.10659603787735,5.097371397398444,5.0,9.0,1.7396799721266674,1.4999562328061813,3.456448098271137,5.097371397398444,0.1541593690935284,0.09938443264746316,0.5872582643562971,0.0,17798,0.048243354729534324,2.529815231753549,332.32203587961044,832.1560275364287,0.4374648836947972
SMH,normal18m,rth,14:30,15:00,4,8,2400.0,47506,1.0,0.00051139620125,0.0,19.794166666666666,5.914583333333334,3.14375,2.8445833333333335,0,0,209.21706627379578,210.0,210.42263781742852,210.0,60475.89770855516,52147.2,57925.074414737755,52165.2,315.04344453095075,4.830740112165505,4.0,9.0,1.726569812918609,1.2509108916481955,3.9496008859484606,4.830740112165505,0.19444939093652688,0.08667917027674037,0.49427112196624456,0.0,14187,0.04370081238900859,1.8171562208522547,407.54902277106754,1108.204060300868,0.4613378445055332
SMH,normal18m,rth,15:00,15:30,4,8,2400.0,58322,1.0,7.47358875e-06,2.0196500000000002e-07,24.300833333333333,8.301666666666666,4.22875,4.1570833333333335,0,0,204.29334577777294,210.0,209.14507594911368,190.0,58287.03455458934,52212.3,57641.04655309063,44990.7,314.92418658642083,4.082481006525315,4.0,7.0,1.3904176943780582,1.2566979075807498,2.464322953590185,4.082481006525315,0.15575828614818055,0.11750569787879983,0.4564205011134223,0.0,19916,0.04552454501569398,2.296495367903465,315.16633614580724,707.699876622665,0.44326169913637276
SMH,normal18m,rth,15:30,16:00,4,8,2400.0,84737,1.0,9.552778625e-05,4.6214074166666666e-05,35.30708333333333,9.312083333333334,4.857083333333334,4.582916666666667,0,0,247.30432754382517,210.0,229.78010170920297,160.0,71746.19889901284,54314.100000000006,66811.41071696578,45787.8,315.16709147180177,3.280207423885733,3.0,6.0,1.1786123663689967,0.8236362947279458,2.4690275465634803,3.280207423885733,0.20643549480150564,0.17789507684748473,0.26113520363124987,0.0,22341,0.04002007217410602,1.0845647234121258,300.11029854796385,736.6147682927698,0.48919027796428094
SMH,normal18m,open5,09:30,09:35,4,4,1200.0,49253,1.0,6.221833333333334e-08,2.3101250000000002e-07,41.04416666666667,13.794166666666667,7.145833333333333,6.650833333333333,0,0,243.34121297527997,200.0,240.28571220872965,200.0,72521.28602377021,59922.0,70944.47585283339,59933.5,313.2337667375478,20.910197414291275,20.0,35.0,6.670356280541217,6.790889448289145,10.291675679303925,20.910197414291275,7.161159599872797e-06,0.0008228230079437431,0.9864272276250444,0.0,16549,0.026502461914749656,0.6670627148763202,186.66378622824675,571.3977577114485,0.5380385521783794
SMH,normal18m,close5,15:55,16:00,4,4,1200.0,66753,1.0,0.0006279827091666667,0.0,55.6275,13.684166666666666,7.041666666666667,6.736666666666666,0,0,292.68025504017976,210.0,266.45660436503454,210.0,85835.48347235145,54374.100000000006,78454.77021123486,54388.8,315.08976676458764,2.5525296591163933,2.0,4.0,0.8837353109185961,0.7519862065171959,1.4778891804125365,2.5525296591163933,0.21877067586254798,0.31725182338036784,0.06678696257436105,0.0,16417,0.04025549532721891,1.1375783245662239,196.42808958386618,510.2519755719528,0.48175671559968325
SMH,normal18m,pre,04:00,07:00,4,4,1200.0,1322,1.0,0.0,0.0,1.1016666666666666,0.3616666666666667,0.2991666666666667,0.0625,0,0,340.05041837808335,300.0,488.99404070475003,400.0,108065.07761995839,65252.5,149502.0212746468,90236.0,314.6906404512301,52.483349017623325,54.0,78.0,17.683162519137,18.697421135248558,26.585773202903052,52.483349017623325,0.0,0.0,1.0,0.0,430,10.267752930348694,28.54667663497933,5787.619883491213,14486.721574460646,0.05116279069767442
SMH,normal18m,pre,07:00,08:00,4,4,1200.0,1065,1.0,0.0,0.0,0.8875,0.2866666666666667,0.24,0.04666666666666667,0,0,347.58794382331666,210.0,455.79564249914995,280.0,98889.88283750172,67916.4,126655.03303105963,94001.5,314.37647490050364,28.884782508607497,30.0,40.0,10.360354431978365,8.543357539513028,18.793266067222483,28.884782508607497,0.0023934656608333334,0.0,0.9976065343391667,0.0,340,0.17444826989992543,109.64781961431848,6944.9107137812225,17790.88666721331,0.16176470588235295
SMH,normal18m,pre,08:00,09:00,4,4,1200.0,2258,1.0,0.0,0.0,1.8816666666666666,0.7316666666666667,0.6808333333333333,0.050833333333333335,0,0,390.9049581008501,500.0,486.9903295925667,510.0,123598.31304012336,123577.5,140039.59172151098,174155.0,314.5858288017303,36.05090929476834,33.0,54.0,11.798803700488941,10.219159543176076,17.364125716271307,36.05090929476834,0.0041740805525,0.0,0.9958259194474999,0.0,874,0.1454650366423102,60.603820052706766,1829.0358680146023,14248.127121736721,0.2231121281464531
SMH,normal18m,pre,09:00,09:30,4,4,1200.0,2499,1.0,0.0,0.0,2.0825,0.8475,0.5108333333333334,0.33666666666666667,0,0,307.1903041255333,160.0,568.8812340225167,160.0,91440.5681766417,59702.2,154094.39134832527,53247.0,313.09956520973134,38.924232915159166,39.0,56.0,13.13898319650857,12.28333560802558,20.772390181890522,38.924232915159166,0.0017563983225000002,5.009733333333334e-07,0.9968860439866667,0.0,1013,0.04695335899204855,55.165386675955915,2229.0766367777787,8457.370708127528,0.2981243830207305
SMH,normal18m,post,16:00,17:00,4,4,1200.0,330,1.0,0.0,0.0,0.275,0.14,0.12583333333333332,0.014166666666666666,0,0,251.63927332265,210.0,451.72683118706664,440.0,67322.37709950778,65343.5,133310.9964656738,132312.8,314.9579478188653,61.31404459519583,62.0,102.0,20.97945160757066,19.49879848953069,30.558430676720196,61.31404459519583,0.0,0.0,1.0,0.0,165,9.332543007969921,570.4925797046329,16468.97865482868,38202.65901170287,0.04242424242424243
SMH,normal18m,post,17:00,18:00,4,4,1200.0,60,1.0,0.0,0.0,0.05,0.025833333333333333,0.0125,0.013333333333333334,0,0,288.0026890793333,110.0,301.27049794350006,160.0,72888.66536869528,38600.0,75334.01980661154,53357.0,314.8506398030009,47.84802466079417,53.0,60.0,16.49089700416092,15.048908954101401,29.57121734844723,47.84802466079417,0.0,0.0,1.0,0.0,28,0.012302687708123818,0.39810717055349726,41686.93834703361,202468.79872017363,0.5714285714285714
SMH,normal18m,post,18:00,20:00,4,4,1200.0,148,1.0,0.0,0.0,0.12333333333333334,0.04,0.02,0.02,0,0,165.12003210981666,90.0,330.0071947822,100.0,40631.767903651635,30612.0,122096.14636919183,24622.5,313.32803678573254,64.23713894478168,55.0,108.0,21.775651965573676,20.350915791210856,36.67730761393683,64.23713894478168,0.0,0.0,1.0,0.0,45,0.011220184543019636,8.912509381337468,56234.13251903494,137616.73304918953,0.3111111111111111
SMH,normal18m,pre,04:00,09:30,4,16,4800.0,7144,1.0,0.0,0.0,1.4883333333333333,0.556875,0.4327083333333333,0.12416666666666666,0,0,346.4334061069459,250.0,500.16531170474576,280.0,105498.4604185563,80048.0,142572.75934388567,94067.5,314.18812734079887,43.97233732978644,40.0,77.0,14.868752234205928,15.378128320623603,26.24373897914855,43.97233732978644,0.001353771886287879,4.554303030303031e-08,0.9985228137781819,0.0,2657,0.1353615526037343,57.42772626687514,3576.19385530542,13146.335141141977,0.2160331200602183
SMH,normal18m,post,16:00,20:00,4,12,3600.0,538,1.0,0.0,0.0,0.14944444444444444,0.06861111111111111,0.05277777777777778,0.015833333333333335,0,0,234.9206648372667,100.0,361.00150797092226,200.0,60280.936790618216,30612.0,110247.05421382573,58834.0,314.3788748025329,59.40908678638832,60.0,108.0,20.25541313571972,19.259870660113098,36.67730761393683,59.40908678638832,0.0,0.0,1.0,0.0,238,0.2951209226666387,368.69450645195803,18764.34171956086,63031.79000428061,0.15546218487394958
SMH,normal18m,rth,09:30,16:00,4,104,31200.0,930286,1.0,0.00010203652298076923,3.6159870833333338e-06,29.816858974358976,11.383333333333333,5.766153846153846,5.673621794871795,0,0,205.34110248135417,120.0,200.42644584203,200.0,57834.245373827696,43555.2,56562.69266607417,43633.2,314.73154334556716,6.70161688831808,6.0,12.0,2.2907232317617985,1.7562880340186353,4.892366228692454,6.70161688831808,0.11614290428519719,0.10243353392446106,0.6419249507482169,0.0,355056,0.0428573042750872,1.487015966761882,200.07098540375617,658.277153805642,0.4684669460592132
SMH,y2022,rth,09:30,10:00,2,4,1200.0,109045,1.0,1.10008275e-05,1.9443666666666667e-07,90.87083333333334,46.61,25.589166666666667,23.294166666666666,0,0,133.68873984950872,100.0,126.53326547724956,100.0,30420.171920395296,22844.5,28859.36930029675,22847.0,228.4928764763796,4.379684247472117,4.0,7.0,1.8855227408971669,1.9477148364954522,2.7772951480925356,4.379684247472117,0.0116585619965147,0.09940650252705546,0.42631431342885673,0.0,55928,0.06610939121889874,2.4245888816694463,64.05221920216205,94.22711780152206,0.3912530396223716
SMH,y2022,rth,10:00,10:30,2,4,1200.0,94268,1.0,1.5239840833333332e-05,3.504e-07,78.55666666666667,37.06333333333333,19.7575,19.245,0,0,134.3125488862341,100.0,140.0182219296343,100.0,30558.879226621793,22737.0,31916.881100413677,22743.5,227.3202515208562,3.1728070575769785,3.0,4.0,1.4067144435234027,1.4584155985902432,1.9448767003093859,3.1728070575769785,0.01969234445005922,0.17743590856021385,0.042321544927244555,0.0,44472,0.10030117436212163,3.303146151188433,84.96757408997077,111.0377351634748,0.3599568267674042
SMH,y2022,rth,10:30,11:00,2,4,1200.0,96326,1.0,1.3917025833333335e-05,1.1057166666666666e-07,80.27166666666666,36.08833333333333,19.256666666666668,18.38,0,0,155.61029551875907,100.0,142.74598588281805,100.0,35146.33955723338,22712.5,32512.27546282183,22708.5,226.77347352817972,2.934892442259887,3.0,4.0,1.2996518350576085,1.2068545685821106,1.609208670564573,2.934892442259887,0.03066395728998392,0.23573975778743658,0.014504850946544218,0.0,43302,0.12125319243452366,3.321905573050442,86.12271221112978,113.74217142018841,0.3471664126368297
SMH,y2022,rth,11:00,11:30,2,4,1200.0,89011,1.0,4.1567425e-06,0.0,74.17583333333333,29.191666666666666,13.340833333333334,16.653333333333332,0,0,154.24896374338985,100.0,144.322540624305,100.0,35015.67301988744,22805.5,32771.8102892698,22804.0,227.90021291476992,3.091538052996782,3.0,4.0,1.3650006770188658,1.4464770378448149,1.9284963871892489,3.091538052996782,0.015296148338816538,0.16943803229943638,0.013838820709414166,0.0,35026,0.13058171043331512,4.140751881991431,106.4507501873587,136.67636848085414,0.3297264888939645
SMH,y2022,rth,11:30,12:00,2,4,1200.0,74620,1.0,1.9568885833333335e-05,0.0,62.18333333333333,23.6425,13.2875,10.88,0,0,169.06950351664557,150.0,152.00078515542796,100.0,37974.00538167482,33048.5,34376.12148336978,22697.5,226.9252545724032,3.1839997713071844,3.0,4.0,1.4300568122458799,1.4484282630742418,1.9325782678188625,3.1839997713071844,0.035246958302036356,0.17735598170145772,0.0789737914482753,0.0,28367,0.08453683903458213,3.805596983048284,123.58100746452742,184.3411605410218,0.36094757993443083
SMH,y2022,rth,12:00,12:30,2,4,1200.0,74498,1.0,6.3759675e-06,7.618666666666666e-08,62.08166666666666,25.138333333333332,13.913333333333334,11.941666666666666,0,0,153.5167450850398,100.0,145.77109190522467,100.0,34243.49428994822,24454.5,32983.04820334086,22554.5,225.42388738176206,3.076543713046004,3.0,4.0,1.3719475511030041,1.4530456862934076,1.9390266190846648,3.076543713046004,0.02285759856824988,0.16849422505238307,0.016795246805521684,0.0,30162,0.12425669816854834,4.001018344778714,117.76422661751162,170.96664809473484,0.333731184934686
SMH,y2022,rth,12:30,13:00,2,4,1200.0,72754,1.0,3.3433316666666667e-06,0.0,60.62833333333333,25.683333333333334,14.105833333333333,12.365,0,0,171.51359005781688,150.0,148.44053833036907,100.0,38088.35543578541,32882.5,33727.634672136555,22543.0,225.31143042274218,3.3241469881767225,3.0,4.0,1.488961879845258,1.4502215536235847,1.9335041947646052,3.3241469881767225,0.013663618022840144,0.12263560047898638,0.055114962975101024,0.0,30816,0.11352462868499186,3.509034207834411,112.37865899522481,175.05661753805316,0.33563733125649015
SMH,y2022,rth,13:00,13:30,2,4,1200.0,65566,1.0,7.349714166666668e-06,0.0,54.638333333333335,22.325,11.610833333333334,11.328333333333333,0,0,161.8793633861337,150.0,142.13455637936258,100.0,36116.937458256805,32904.5,32121.427602891574,22542.5,225.28146680657537,3.1590272098195364,3.0,4.0,1.4144503494523744,1.4438666284978159,1.9274466098669607,3.1590272098195364,0.018635842838951488,0.1544271096659491,0.02739929170029573,0.0,26786,0.11320389924452526,4.180083134460403,124.65800280512038,198.41192640890478,0.3362950795191518
SMH,y2022,rth,13:30,14:00,2,4,1200.0,74027,1.0,5.511083333333333e-06,0.0,61.689166666666665,26.01,14.059166666666666,12.830833333333333,0,0,154.28921807798824,100.0,156.11161094309722,100.0,34466.03014844858,22500.5,34954.51944655427,22506.0,224.93788024574368,3.0524092880377856,3.0,4.0,1.3539760403365115,1.4508806905981937,1.646262693328882,3.0524092880377856,0.02488451626980953,0.20574393708781602,0.022856501794086076,0.0,31208,0.13545013699636008,3.702997843400377,108.76796271658209,171.63850699598004,0.3294347603178672
SMH,y2022,rth,14:00,14:30,2,4,1200.0,66482,1.0,5.467614999999999e-06,7.326833333333333e-08,55.401666666666664,24.19,12.771666666666667,12.060833333333333,0,0,166.5283189453203,100.0,157.65782817921587,100.0,36923.04394398163,24138.5,35296.32723975015,22359.5,223.5075274078522,3.0491079398505323,3.0,4.0,1.3657140502208716,1.4573700195181154,1.943129624522029,3.0491079398505323,0.024377593770903046,0.2029902223076397,0.020523281205440117,0.0,29024,0.10586781468446632,3.883052195761834,116.41260294104916,186.014686044429,0.3428886438809261
SMH,y2022,rth,14:30,15:00,2,4,1200.0,68693,1.0,1.7145419999999998e-05,1.5345806666666664e-05,57.244166666666665,24.22833333333333,10.671666666666667,14.306666666666667,0,0,175.9964533781592,100.0,155.83020140697874,150.0,39176.01430633436,24114.5,34313.72102805359,32593.5,223.3090358425662,3.1132870730043005,3.0,4.0,1.408950117242283,1.4584264117242616,1.9475698803427,3.1132870730043005,0.022250901564086285,0.1658271168422742,0.015477132406017183,0.0,29070,0.08318609954068173,3.948406385333895,120.59909036634708,180.361720482158,0.35239078087375303
SMH,y2022,rth,15:00,15:30,2,4,1200.0,77715,1.0,1.5833149166666668e-05,3.59901e-06,64.7625,24.933333333333334,10.645,14.960833333333333,0,0,179.75337844642738,150.0,171.1422701885011,150.0,39456.872451136376,32446.5,37466.92929156634,32453.0,222.31267636015448,2.756196669221538,3.0,4.0,1.246780644555837,1.2498101236352688,1.666339604301621,2.756196669221538,0.03431059980486991,0.2987719726945278,0.002102982957999567,0.0,29916,0.09173203084355984,4.127996008454564,118.34144887844506,172.28875784880603,0.35322235592993717
SMH,y2022,rth,15:30,16:00,2,4,1200.0,100358,1.0,4.697535333333333e-05,9.3249e-07,83.63166666666666,29.620833333333334,12.575833333333334,17.6175,0,0,210.5865895729247,150.0,191.1027131805936,150.0,45991.907892685995,32429.5,41879.437140219896,32436.5,222.1461701511184,2.4983956974321577,3.0,3.0,1.127695717093215,1.2507134849335921,1.4680698661064544,2.4983956974321577,0.06322299978090189,0.4313179629183947,0.00013223893028195451,0.0,35541,0.07224565425652829,3.113808067825903,106.66670679934629,141.57497994212355,0.383725837764835
SMH,y2022,open5,09:30,09:35,2,2,600.0,31212,1.0,6.288693333333333e-06,5.902616666666667e-07,52.02,28.608333333333334,17.861666666666668,12.48,0,0,159.58821009511578,100.0,143.21955710772178,100.0,35826.900306234114,22862.5,32814.512253121975,22859.5,228.11828658812342,8.599106572932156,8.0,12.0,3.8353798056681363,3.4175839099218885,5.835582483153373,8.599106572932156,0.0010338974371339436,0.0031668506496231106,0.9663723039749256,0.0,17163,0.05492396791363835,1.6826087617722039,92.6318215077864,188.40494529098444,0.4470663636893317
SMH,y2022,close5,15:55,16:00,2,2,600.0,37202,1.0,0.0010085549266666668,9.936733333333333e-07,62.00333333333333,21.375,11.415,10.508333333333333,0,0,232.71021201541257,150.0,263.8605960568444,200.0,51282.56730017593,32672.5,58499.850017292505,44645.0,223.36715335818533,2.0896150854240294,2.0,3.0,0.9310230773301945,0.8323219902954515,1.4532237254206337,2.0896150854240294,0.30379599941089086,0.38150072871323754,0.01094351203058289,0.0,12823,0.1064719710867273,4.823732694660584,115.09974995619162,233.33523217990765,0.3301099586680184
SMH,y2022,pre,04:00,07:00,2,2,600.0,9,1.0,0.0,0.0,0.015,0.011666666666666667,0.008333333333333333,0.0033333333333333335,0,0,149.9963853465,150.0,201.55832990416667,200.0,34952.035658319495,34954.5,48442.31508490134,48118.5,227.6446636949955,423.12052468942835,353.0,502.0,191.12280106035837,141.39512527287664,244.1634241245141,423.12052468942835,0.0,0.0,1.0,0.0,5,10.592537251772896,7079.457843841394,177827.94100389277,167087.43530041605,0.0
SMH,y2022,pre,07:00,08:00,2,2,600.0,316,1.0,0.0,0.0,0.5266666666666666,0.3016666666666667,0.021666666666666667,0.2816666666666667,0,0,3545.212967312,3500.0,352.8800498158334,350.0,877588.8269511346,869950.0,76798.42153604733,76214.5,226.7963912678148,104.43689899868501,73.0,438.0,49.28676026035686,35.6854789431241,216.04024859425843,104.43689899868501,0.0,0.0,1.0,0.0,179,0.39696297343000697,23.442288153199243,3054.921113215514,106634.26494694433,0.1452513966480447
SMH,y2022,pre,08:00,09:00,2,2,600.0,784,1.0,0.0,0.0,1.3066666666666666,0.84,0.09166666666666666,0.775,0,0,275.7360319975,300.0,428.9510120439999,600.0,62014.93192588997,65878.0,92641.62231831285,127871.0,227.54473477227052,69.49125307583664,68.0,88.0,31.11880182362871,28.229339044096783,42.83072130828362,69.49125307583664,0.0,0.0,1.0,0.0,502,0.3801893963205613,17.782794100389232,1698.2436524617488,14195.839967763746,0.14940239043824702
SMH,y2022,pre,09:00,09:30,2,2,600.0,112,1.0,0.0,0.0,0.18666666666666668,0.11833333333333333,0.04666666666666667,0.07833333333333334,0,0,261.48629595150004,250.0,1301.677536577,1300.0,56363.44573893112,53498.0,272653.229270921,272228.0,227.86402684950133,86.409659990335,99.0,102.0,38.83480679337385,48.17869917512133,48.17869917512133,86.409659990335,0.0,0.0,1.0,0.0,70,0.0630957344480193,11.22018454301964,4298.6623470822815,77199.32041520218,0.22857142857142856
SMH,y2022,post,16:00,17:00,2,2,600.0,3,1.0,0.0,0.0,0.005,0.0033333333333333335,0.0,0.0033333333333333335,0,0,800.0,800.0,205.0938641305,200.0,189680.0,189680.0,47693.90500508463,46458.5,223.67184024622,142.36804924399834,139.0,165.0,64.70874919107978,57.96134520359387,79.4701986754956,142.36804924399834,0.0,0.0,1.0,0.0,1,5128.613839913648,5623.413251903487,6165.950018614827,5623.413251903487,0.0
SMH,y2022,post,17:00,18:00,2,2,600.0,9,1.0,0.0,0.0,0.015,0.013333333333333334,0.0,0.013333333333333334,0,0,600.0,600.0,906.932373357,950.0,133983.0,133983.0,206589.0493251226,216934.0,223.7122760702103,81.45521404206667,79.0,84.0,36.68233599019266,32.94343320614633,40.45853000674325,81.45521404206667,0.0,0.0,1.0,0.0,7,0.7413102413009183,14125.375446227532,53703.179637025314,37300.80921979199,0.2857142857142857
SMH,y2022,post,18:00,20:00,2,2,600.0,3,0.5,0.0,0.0,0.005,0.0016666666666666668,0.0,0.0016666666666666668,0,0,600.0,600.0,1065.6055467393332,1200.0,143550.0,143550.0,255956.15635752043,288240.0,239.71352015366264,92.70403073253333,95.0,95.0,38.67254866510558,39.628741266033536,39.628741266033536,92.70403073253333,0.0,0.0,1.0,0.0,0,,,,,
SMH,y2022,pre,04:00,09:30,2,8,2400.0,1221,1.0,0.0,0.0,0.50875,0.3179166666666667,0.042083333333333334,0.28458333333333335,0,0,1058.1079201518753,200.0,571.2667320852499,250.0,257729.8100685688,49736.0,122633.89705254562,62765.0,227.46245414614552,270.2717374796316,342.0,502.0,122.39843066577232,136.95887229185806,244.1634241245141,270.2717374796316,0.0,0.0,1.0,0.0,756,0.37396433774978555,18.4784979742229,2328.8571876630394,75989.44366738254,0.15476190476190477
SMH,y2022,post,16:00,20:00,2,6,1800.0,15,0.8333333333333334,0.0,0.0,0.008333333333333333,0.006111111111111111,0.0,0.006111111111111111,0,0,680.0,600.0,657.9316043428666,700.0,158175.2,143550.0,152904.41300358696,145628.0,226.8963505573047,102.3078311877829,95.0,165.0,44.684045627870894,39.628741266033536,79.4701986754956,102.3078311877829,0.0,0.0,1.0,0.0,8,0.7585775750291844,10000.000000000005,52480.74602497731,36626.36235751689,0.25
SMH,y2022,rth,09:30,16:00,2,52,15600.0,1063363,1.0,1.3221919743589741e-05,1.5909361538461536e-06,68.16429487179487,28.825,14.737307692307692,15.066474358974359,0,0,163.15319818761526,100.0,151.83153166122096,100.0,36429.02231958134,24369.5,34090.706319608136,24120.5,225.357100704754,3.137851020623393,3.0,4.0,1.3973410557195367,1.4484282630742418,1.944116840965429,3.137851020623393,0.025904614420615372,0.20073652893839183,0.056642872700082725,0.0,449618,0.09721030727083656,3.474869157259137,104.01054795304442,149.6440856127016,0.3532109479602685
SMH,y2023,rth,09:30,10:00,2,4,1200.0,82710,1.0,4.995992333333333e-05,9.389583333333334e-08,68.925,14.104166666666666,6.5725,7.531666666666666,0,0,209.52758765048267,150.0,205.02072174713177,150.0,39526.51689506842,27622.5,39366.17261837905,27632.5,201.15438920393424,5.413342505104335,2.0,12.0,2.3462654798718092,1.3327888103729706,4.756987998783258,5.413342505104335,0.2604082010908409,0.24123159981620776,0.4690151463384876,0.0,16921,0.08173291790972448,10.612732210566865,165.37892942484615,285.8483470471861,0.26895573547662666
SMH,y2023,rth,10:00,10:30,2,4,1200.0,78995,1.0,3.0319986666666662e-05,0.0,65.82916666666667,12.1,6.788333333333333,5.316666666666666,0,0,264.13616642079404,250.0,270.81795159659816,250.0,50866.34317895769,47738.0,49102.01226793276,42599.0,201.5117312306136,3.4176060342393924,2.0,7.0,1.5430456460514153,1.33639215495061,2.7634459412051275,3.4176060342393924,0.29376126491013443,0.2280877799567809,0.3591430403996967,0.0,14516,0.0949648803100591,11.22018454301964,221.02058174584477,325.6651470626794,0.2710801873794434
SMH,y2023,rth,10:30,11:00,2,4,1200.0,74609,1.0,5.459068e-05,0.0,62.174166666666665,10.4,5.3425,5.060833333333333,0,0,256.34897649536083,250.0,258.63178083578543,250.0,47657.673936625455,47846.0,47508.045979279326,47850.5,201.55188579000207,3.185536190180954,2.0,6.0,1.4318812218069252,1.3277984634697126,2.3789029722953416,3.185536190180954,0.36576437140325413,0.14013919457726012,0.3699610757833674,0.0,12476,0.08833792345369794,9.678725698027288,275.58981159021545,404.1451086058014,0.31019557550496957
SMH,y2023,rth,11:00,11:30,2,4,1200.0,57467,1.0,0.000192293775,0.0,47.88916666666667,6.5775,3.715,2.8633333333333333,0,0,285.76662248519,300.0,320.09592899613216,300.0,51753.63582479694,55313.0,58079.99339074931,55336.0,201.1792563770657,3.7195826294802448,2.0,7.0,1.649990863314383,1.324574104348879,2.7874422721327443,3.7195826294802448,0.3567263497997786,0.14427559074548482,0.4472597449856018,0.0,7889,0.1039756916961813,20.96179992453125,419.807313311974,608.5998085658792,0.24996831030548866
SMH,y2023,rth,11:30,12:00,2,4,1200.0,47708,1.0,1.9217196666666668e-05,2.1209500000000002e-07,39.75666666666667,5.550833333333333,2.8891666666666667,2.6625,0,0,282.58299109177057,250.0,292.6309225815455,300.0,53152.79635465164,50355.0,52469.89456877959,55420.0,201.5829795135217,3.327734648774576,2.0,7.0,1.4849513210579266,1.3218567421433915,2.7777759873743877,3.327734648774576,0.3796450854667634,0.12323066650539498,0.36496391537869227,0.0,6657,0.0889365871379628,18.07546806720131,491.2494569940094,763.1865357710789,0.2663361874718342
SMH,y2023,rth,12:00,12:30,2,4,1200.0,48307,1.0,3.96178225e-05,0.0,40.255833333333335,5.743333333333333,3.6225,2.1216666666666666,0,0,238.41791152216615,250.0,263.4792360092713,200.0,44997.84193166236,47943.5,47458.78512462166,35355.0,202.02803757951096,2.7423892966248804,2.0,5.0,1.2404446852750166,1.1878940742213948,1.9800869517922877,2.7423892966248804,0.4179632610434543,0.10814699116496654,0.2086611471269562,0.0,6888,0.06586872321949948,10.427538888537699,501.33810943726337,849.8850521732575,0.32752613240418116
SMH,y2023,rth,12:30,13:00,2,4,1200.0,42563,1.0,1.8834525833333334e-05,0.0,35.469166666666666,5.338333333333333,3.223333333333333,2.115,0,0,279.8121209875379,300.0,289.6897121292834,250.0,50929.16269508948,55623.0,52953.131651767566,50704.0,202.48068941019855,2.9623870418269345,2.0,5.0,1.3364414161982203,1.3213429586480858,1.9729599731446203,2.9623870418269345,0.3683008281564622,0.13784426873727396,0.30708376724214725,0.0,6402,0.08500234252242654,15.813880823239113,532.4584385983075,818.1756813851347,0.2914714151827554
SMH,y2023,rth,13:00,13:30,2,4,1200.0,41974,1.0,1.8670383333333333e-05,0.0,34.97833333333333,4.943333333333333,2.8641666666666667,2.0808333333333335,0,0,276.70387266812253,300.0,291.5004043266239,300.0,51162.88851506251,55740.0,54691.22795776016,55762.0,202.99464262232246,2.762821362093078,2.0,5.0,1.247353784480236,1.3190090968088566,1.9664111606784405,2.762821362093078,0.39899478518642106,0.1258423078899611,0.22220410739752974,0.0,5928,0.05690955440989619,12.387074511575195,589.6632025693671,971.5275881506396,0.3107287449392713
SMH,y2023,rth,13:30,14:00,2,4,1200.0,41048,1.0,1.7307179166666667e-05,0.0,34.20666666666666,5.111666666666666,2.7291666666666665,2.3825,0,0,291.64028492541337,300.0,270.5968715322042,250.0,53153.62446274452,55757.0,49419.00892821825,50800.0,202.91671154080518,2.7527457018172288,2.0,5.0,1.24307683109964,1.1810245985142243,1.9677895406231858,2.7527457018172288,0.4012291544323626,0.12689593465484336,0.22937922770489094,0.0,6130,0.07351147555466434,11.409456509795044,528.4772735390037,997.0746819450914,0.3092985318107667
SMH,y2023,rth,14:00,14:30,2,4,1200.0,43012,1.0,8.611310833333332e-06,0.0,35.843333333333334,7.060833333333333,3.4275,3.6366666666666667,0,0,268.08353123278346,200.0,298.5385085081425,250.0,48391.999880661315,35425.5,54320.651734738865,50709.0,202.5145721993013,3.2765223610158345,2.0,6.0,1.4666919551181448,1.321344986755787,2.366314467776205,3.2765223610158345,0.3435695460308205,0.16415468912371972,0.39021927607697887,0.0,8469,0.09443217659875823,8.800984375821749,402.1853338552557,700.9015625057785,0.3147951351989609
SMH,y2023,rth,14:30,15:00,2,4,1200.0,71610,1.0,0.00010692559833333333,0.0,59.675,9.219166666666666,4.9675,4.2525,0,0,263.08704738212174,250.0,296.55920837446337,300.0,47993.54209798769,45226.5,53928.59091765486,55264.0,201.1297417424508,3.0541522485782453,2.0,6.0,1.3698630959563707,1.3266407432815632,2.38263309446811,3.0541522485782453,0.4142656455870239,0.09424475960147669,0.32968687969020666,0.0,11059,0.07055280513600129,5.5962511451672095,298.62513135590945,594.8570091340579,0.35925490550682704
SMH,y2023,rth,15:00,15:30,2,4,1200.0,63485,1.0,0.000145870485,0.0,52.90416666666667,7.305833333333333,3.31,3.995833333333333,0,0,273.76131916598433,250.0,325.98469753168155,350.0,50277.25236144184,47652.5,57026.461198888275,62636.5,200.8063202557572,2.7623922343433205,2.0,5.0,1.2469732341086974,1.1918061593824845,1.9905276709269637,2.7623922343433205,0.4484762533360843,0.072150918987046,0.24132618285483684,0.0,8763,0.05846472879071563,6.056022778421938,361.62498360489303,804.4955332982543,0.3668834873901632
SMH,y2023,rth,15:30,16:00,2,4,1200.0,88997,1.0,0.0008433667158333334,4.854516666666667e-07,74.16416666666667,8.148333333333333,4.045,4.129166666666666,0,0,369.22653162767915,350.0,469.8393117834585,350.0,63395.718125391104,62570.0,81643.45851577728,62673.5,200.34900401779703,2.321105000155379,2.0,4.0,1.0724881783888556,0.7993698774795657,1.5991168225891699,2.321105000155379,0.4579333531317762,0.10211840542192384,0.07291232300764097,0.0,9774,0.05429525845186558,3.872308279951254,348.64734604216625,745.2532251251743,0.4044403519541641
SMH,y2023,open5,09:30,09:35,2,2,600.0,59370,1.0,6.054302166666668e-05,0.0,98.95,19.346666666666668,10.253333333333334,9.093333333333334,0,0,174.85800672408968,100.0,188.48337741720277,100.0,34085.12874215907,20004.0,37076.97610900483,20002.5,199.76518437361918,9.20669044768593,5.0,21.0,3.9755331471410646,2.4047383656124417,8.40927060736095,9.20669044768593,0.07742550450566377,0.31952339754864606,0.5039569397575904,0.0,11606,0.04250425735052616,3.125581844708664,109.68748229947957,324.6382587105037,0.40470446320868514
SMH,y2023,close5,15:55,16:00,2,2,600.0,49938,1.0,0.0009658867933333332,4.1970333333333335e-07,83.23,9.763333333333334,5.028333333333333,4.7683333333333335,0,0,442.5722699320131,400.0,438.9468182067911,350.0,78597.9709947107,70203.0,81456.14439365218,62725.5,200.6289093990887,1.8328793104736516,1.0,3.0,0.8777783789928146,0.6645961204110462,1.328984093051889,1.8328793104736516,0.5196047884611213,0.2601441071908483,0.029298708587452045,0.0,5856,0.049739226717541614,3.184088092475962,280.33580580225373,658.2793180710895,0.42161885245901637
SMH,y2023,pre,04:00,07:00,2,2,600.0,943,1.0,0.0,0.0,1.5716666666666668,1.05,0.24666666666666667,0.8033333333333333,0,0,746.161235249,700.0,375.1033926443333,150.0,124881.1654754999,113464.0,66182.61912319278,32446.0,198.64775496699548,205.904948189605,212.0,223.0,108.5597771127553,116.30643046825224,131.6673384388021,205.904948189605,0.0,0.0,1.0,0.0,628,2.213094709605638,400.2957253173983,2413.944454954679,2640.3853145660305,0.08917197452229299
SMH,y2023,pre,07:00,08:00,2,2,600.0,666,0.9999999999999998,0.0,0.0,1.11,0.475,0.058333333333333334,0.4166666666666667,0,0,233.6179788721667,250.0,601.8155048246667,650.0,43099.24591840493,47173.0,129612.78871841758,142217.0,199.07297951596627,76.67174728037169,56.0,109.0,36.900087139998824,34.904013961606275,43.740845522582845,76.67174728037169,0.0,0.0,1.0,0.0,283,0.523083990921979,572.7960309858295,3394.949615813783,14041.276042195695,0.13074204946996468
SMH,y2023,pre,08:00,09:00,2,2,600.0,930,1.0,0.0,0.0,1.55,0.6516666666666666,0.26666666666666666,0.385,0,0,472.9446319725001,300.0,615.4171830496666,350.0,82494.55191292618,54601.0,100111.32568930593,62187.5,198.93169147242727,43.75906071199833,43.0,66.0,23.25243024644368,24.154245962312284,34.25200099804261,43.75906071199833,0.0,0.0,1.0,0.0,389,0.7300176045008786,371.5352290971732,4479.711028647038,6413.811160560729,0.11311053984575835
SMH,y2023,pre,09:00,09:30,2,2,600.0,1342,1.0,0.0,0.0,2.236666666666667,0.9233333333333333,0.09833333333333333,0.825,0,0,188.33398317416663,150.0,101.4047493015,100.0,38084.46112900659,32305.5,20196.299926612402,19925.0,198.99316107122195,44.853707116944996,31.0,72.0,21.11437524248344,19.450685804354308,28.922631959508276,44.853707116944996,0.0,0.0,1.0,0.0,552,160.94098932625369,437.11333873290846,1040.5734176500537,1496.3708130677796,0.03260869565217391
SMH,y2023,post,16:00,17:00,2,2,600.0,128,1.0,0.0,0.0,0.21333333333333335,0.17333333333333334,0.09,0.08333333333333333,0,0,213.4644113713333,200.0,681.4055660021667,700.0,37188.45972425708,35158.0,156332.6251089748,161038.5,201.1110380601447,20.242466110594997,22.0,24.0,10.954627908599818,8.74542852599773,15.926737009755733,20.242466110594997,0.0,0.09113968796000001,0.906197210645,0.0,102,0.01597104499934604,0.19952623149688803,3801.893963205616,81332.83309002407,0.6470588235294118
SMH,y2023,post,17:00,18:00,2,2,600.0,2,1.0,0.0,0.0,0.0033333333333333335,0.0033333333333333335,0.0033333333333333335,0.0,0,0,450.0,450.0,550.0,550.0,72834.31935567882,72835.0,88034.0,88034.0,201.02409677839415,26.180644321166668,23.0,28.0,13.468747392077926,15.127990763963352,15.250472433114622,26.180644321166668,0.0,0.0,1.0,0.0,1,204173.7944669534,223872.1138568344,245470.8915685034,223872.1138568344,0.0
SMH,y2023,post,18:00,20:00,2,2,600.0,0,1.0,0.0,0.0,0.0,0.0,0.0,0.0,0,0,450.0,450.0,1300.0,1300.0,72829.99999999999,72830.0,231408.5,231408.5,201.0325,36.5,23.0,50.0,17.575484972776216,15.250472433114622,19.90049751243781,36.5,0.0,0.0,1.0,0.0,0,,,,,
SMH,y2023,pre,04:00,09:30,2,8,2400.0,3881,1.0,0.0,0.0,1.6170833333333334,0.775,0.1675,0.6075,0,0,410.2644573169584,200.0,423.4352074550416,200.0,72139.8561089594,49723.0,79025.75836438217,49857.0,198.91139675665272,138.2859102035741,182.0,222.0,72.07073388108184,87.73736066404713,128.9975812953518,138.2859102035741,0.0,0.0,1.0,0.0,1852,3.9912700306599542,428.45455265968917,2201.5435085217578,4568.741659769698,0.08369330453563716
SMH,y2023,post,16:00,20:00,2,6,1800.0,130,1.0,0.0,0.0,0.07222222222222222,0.058888888888888886,0.03111111111111111,0.027777777777777776,0,0,371.1548037904444,200.0,843.8018553340555,850.0,60950.926359978635,35158.0,158591.70836965827,163490.0,201.05587827951294,29.855777607940418,23.0,50.0,14.893586311557543,15.250472433114622,19.90049751243781,29.855777607940418,0.0,0.022784921990000002,0.97654930266125,0.0,103,0.01603245390690042,0.2238721138568341,4677.351412871983,132625.266769535,0.6407766990291263
SMH,y2023,rth,09:30,16:00,2,52,15600.0,782485,1.0,0.00011889119865384615,6.088019230769231e-08,50.15929487179487,7.815641025641026,4.115128205128205,3.7037820512820514,0,0,273.77065456066646,200.0,296.40303455356593,200.0,50249.892183049975,50322.0,53688.00112301706,50567.0,201.70779757601613,3.207612997946932,2.0,6.0,1.4369027723289516,1.3215234485195193,2.3826807781802635,3.207612997946932,0.37745899397137095,0.13910783288270015,0.30861445380911184,0.0,121872,0.07767176210162494,9.907255443709133,338.2184132408172,650.4105134159466,0.3098989103321518
SMH,y2024,rth,09:30,10:00,2,4,1200.0,79991,1.0,4.946925e-07,3.4473333333333336e-08,66.65916666666666,31.935833333333335,15.991666666666667,15.9475,0,0,180.30835200151935,150.0,175.12767444041515,150.0,40127.26636113168,33641.0,38981.87122298657,33658.5,220.53523332859803,5.9361901345231685,6.0,8.0,2.6716675891765895,2.5929955354975363,3.8495857259239763,5.9361901345231685,0.0022678388858961866,0.014669806056926802,0.7700531172282996,0.0,38319,0.044035584315256976,1.8575405665579434,100.54808222531531,140.79017983755355,0.44421827291943944
SMH,y2024,rth,10:00,10:30,2,4,1200.0,65949,1.0,1.563325e-07,2.0707916666666667e-07,54.9575,23.731666666666666,10.685833333333333,13.049166666666666,0,0,234.54412330015407,150.0,169.48901602986913,150.0,51984.70423366544,33712.5,37774.67393899565,33700.0,221.06292805126648,5.521534836893513,5.0,8.0,2.4642606355813372,2.379101624217496,3.449951412590567,5.521534836893513,0.0031285654661238576,0.03607962361175615,0.5799583591286345,0.0,28474,0.06107687063857315,3.057495691078331,131.87591460475048,179.8760044135847,0.390777551450446
SMH,y2024,rth,10:30,11:00,2,4,1200.0,62907,1.0,1.1459108333333332e-06,0.0,52.4225,20.6675,10.576666666666666,10.094166666666666,0,0,210.09270205216998,150.0,180.34283304688947,150.0,46780.75971420143,33967.5,40601.8598534343,34006.5,222.78498590208602,4.150160260279435,4.0,6.0,1.8348736682692448,1.7072700253587054,2.562057637450432,4.150160260279435,0.020105275070519173,0.15954324712150206,0.425547262880885,0.0,24797,0.07376439603908132,2.88437679561213,149.4929756261621,227.4557782276379,0.38613541960721054
SMH,y2024,rth,11:00,11:30,2,4,1200.0,47655,1.0,7.75712e-06,0.0,39.7125,15.324166666666667,8.076666666666666,7.2475,0,0,208.83359997287837,200.0,190.75682490358162,150.0,46307.17470699316,44492.0,42974.61525037512,33941.0,222.71352767677482,3.963060504041732,4.0,6.0,1.749738819584591,1.7106478149688873,2.573027601637809,3.963060504041732,0.05068898262552091,0.22497654072335688,0.4410111923167405,0.0,18385,0.08682076246234484,4.565441251580293,195.51074693986612,286.35754906526256,0.35838999184117487
SMH,y2024,rth,11:30,12:00,2,4,1200.0,37827,1.0,1.1853971666666667e-05,0.0,31.5225,11.754166666666666,6.1925,5.564166666666667,0,0,198.34594492071128,200.0,190.15196140596285,150.0,44039.602965555314,44330.0,42558.59801310366,33787.0,221.80469748326183,3.402357920840226,3.0,5.0,1.5114695506621854,1.4206256486865034,2.1549076727893937,3.402357920840226,0.08103270021433245,0.25761328900396196,0.2872126840985194,0.0,14101,0.11011636124404331,6.15482467569924,248.8824757099027,382.2942718079038,0.32933834479824126
SMH,y2024,rth,12:00,12:30,2,4,1200.0,24605,1.0,7.9825e-08,0.0,20.504166666666666,7.446666666666666,3.3566666666666665,4.09,0,0,215.17790520990965,200.0,199.11238511964618,150.0,47920.90662176218,44410.0,44629.30249489364,33881.0,222.10830714651397,3.53931779405521,4.0,5.0,1.5782589620560303,1.7148859141230126,2.144942244884126,3.53931779405521,0.025881485742656272,0.18218319209277312,0.23880464542924745,0.0,8932,0.09761946514598609,7.709692152321342,391.7234689891463,599.4488570127411,0.3318405732198836
SMH,y2024,rth,12:30,13:00,2,4,1200.0,26576,1.0,1.6837916666666667e-07,0.0,22.14666666666667,8.403333333333334,3.796666666666667,4.6066666666666665,0,0,208.17095086531788,200.0,182.88056314177678,150.0,45968.72453589295,42074.0,40927.99458703695,33835.0,221.87266792238987,3.6526269624796175,4.0,5.0,1.6330904701089952,1.7155541193842414,2.14757721886866,3.6526269624796175,0.02430577363341924,0.16628463937636895,0.26291389544088956,0.0,10080,0.11273396825755215,6.330462007514217,355.6835907957023,574.4172878570906,0.33521825396825394
SMH,y2024,rth,13:00,13:30,2,4,1200.0,27527,1.0,6.980333333333334e-08,0.0,22.939166666666665,8.87,4.386666666666667,4.484166666666667,0,0,214.01016975903988,200.0,202.0626971146498,200.0,47636.50741694361,44245.0,44748.817587866986,44250.0,221.34091375144425,4.312219161573938,4.0,5.0,1.9433170658515022,1.91809277808741,2.398029581122347,4.312219161573938,0.0006757714480044331,0.027788732338912814,0.4330065197586318,0.0,10640,0.1035399411183683,5.757499622070768,347.90719839280854,498.3014266589839,0.3405075187969925
SMH,y2024,rth,13:30,14:00,2,4,1200.0,20717,1.0,8.440166666666667e-08,0.0,17.264166666666668,6.225833333333333,3.1025,3.1241666666666665,0,0,199.11094105104527,200.0,204.5455760531542,150.0,44388.00177627077,44316.0,45923.73487208433,33938.0,221.68586295552763,3.825594230775696,4.0,5.0,1.717754167016865,1.7067109952789121,2.1337943184792785,3.825594230775696,0.0026842587165559085,0.07588691586914888,0.2495686523098437,0.0,7467,0.12467208733835365,9.625814763951547,503.0760743911527,661.8238166905212,0.30922726663988215
SMH,y2024,rth,14:00,14:30,2,4,1200.0,29036,1.0,6.793091666666666e-07,0.0,24.196666666666665,9.173333333333334,4.690833333333333,4.484166666666667,0,0,205.80258891058514,200.0,202.46407174444983,150.0,45728.909045911925,41757.0,45520.58531599878,34012.0,221.97810946446972,3.930197222012333,4.0,5.0,1.7647852770210908,1.9132782857692645,2.1284147507336475,3.930197222012333,0.005159540466589803,0.06140858313458008,0.27880528801582116,0.0,11004,0.12398790170899734,5.8981828503337095,335.58461929523287,481.16809435281266,0.32860777898945837
SMH,y2024,rth,14:30,15:00,2,4,1200.0,36315,1.0,3.857833333333333e-07,0.0,30.2625,12.631666666666666,6.865,5.7675,0,0,200.78096567378353,200.0,198.98541391250623,200.0,44309.587788852026,41729.0,44374.654937517975,44250.0,221.54820336715437,3.956320856599314,4.0,5.0,1.7797217952952324,1.7082309498986852,2.3960510122337,3.956320856599314,0.003952798106590297,0.07788758434273192,0.23717996805091188,0.0,15154,0.10435538183283423,3.215768436626186,207.26721514948915,499.99002778144194,0.3526461660287713
SMH,y2024,rth,15:00,15:30,2,4,1200.0,25165,1.0,1.1988391666666667e-06,0.0,20.970833333333335,7.0675,4.0025,3.0675,0,0,233.33347674656076,200.0,181.75728766517196,150.0,51646.850404491655,44359.0,40389.148478418756,32600.0,221.77397556845398,3.131103105677371,3.0,4.0,1.402688643689925,1.4352776434909016,1.9138142826464473,3.131103105677371,0.03699921057776943,0.2221281498867595,0.06322074084566687,0.0,8477,0.11487686050727305,7.381095175457105,448.64481696699175,621.1760448880202,0.32947976878612717
SMH,y2024,rth,15:30,16:00,2,4,1200.0,44013,1.0,8.4989075e-06,1.84249e-06,36.6775,12.795833333333333,5.939166666666667,6.859166666666667,0,0,208.03841250183564,200.0,260.0106115743385,200.0,45960.61236478769,44264.0,58279.261369929605,44273.0,221.40278694987447,2.8430326163912256,3.0,4.0,1.2728997297643707,1.2841967030233938,1.712141335953608,2.8430326163912256,0.057140929269563094,0.3532083182217853,0.04047273088209791,0.0,15351,0.08882244572029037,3.156815855773604,205.31936221655258,459.7729099138871,0.37333072763989317
SMH,y2024,open5,09:30,09:35,2,2,600.0,47404,1.0,6.3635683333333335e-06,4.987516666666667e-07,79.00666666666666,42.01833333333333,21.121666666666666,20.898333333333333,0,0,165.34172481615835,100.0,188.06891851593423,150.0,36696.52457972147,22127.5,42019.37282767691,33696.5,220.76261758736413,7.53068980885329,7.0,10.0,3.42006471749338,3.331807938286318,4.750339009088097,7.53068980885329,0.0005114554147707217,0.0037681630733408175,0.9384552076566072,0.0,25209,0.026246513300906174,0.6696148594037113,70.74993210017388,143.8864599944466,0.5427426712681979
SMH,y2024,close5,15:55,16:00,2,2,600.0,33375,1.0,1.0377038333333333e-05,0.0,55.625,13.33,7.06,6.281666666666666,0,0,275.4780394363419,200.0,482.59496030173574,250.0,60562.99887705605,44246.0,106316.96962902839,54646.5,221.12658395699017,2.2279615651809,2.0,3.0,1.0040757907792737,0.9590822268261893,1.4390101295302782,2.2279615651809,0.19840372118802027,0.4483957103828086,0.005190184338741838,0.0,7996,0.06262048369878633,5.229253747507386,215.46034302858962,367.64828889586505,0.36868434217108553
SMH,y2024,pre,04:00,07:00,2,2,600.0,2985,1.0,0.0,0.0,4.975,2.01,0.6266666666666667,1.3833333333333333,0,0,304.22861753800004,200.0,474.2964358751666,500.0,66613.18848350282,44585.0,102857.15709103539,108617.0,223.15958797000658,64.16458136348335,40.0,99.0,29.45652528276341,17.09036530655867,46.589331513683064,64.16458136348335,0.0,0.0,1.0,0.0,1204,1.7101757831990971,42.657951880159274,499.4685629663562,3470.897097445168,0.01079734219269103
SMH,y2024,pre,07:00,08:00,2,2,600.0,175,1.0000000000000002,0.0,0.0,0.2916666666666667,0.13666666666666666,0.11166666666666666,0.025,0,0,262.93102847299997,250.0,131.5351906823333,100.0,57846.16337510648,55236.5,29069.805617859514,22342.5,223.20426736065727,40.145984028575,27.0,69.0,18.48457458703138,11.57035418139788,32.38600361409016,40.145984028575,0.0,0.0,1.0,0.0,80,10.221715980421697,292.8644564625238,12589.254117941668,59131.109582323785,0.0375
SMH,y2024,pre,08:00,09:00,2,2,600.0,219,1.0,0.0,0.0,0.365,0.125,0.051666666666666666,0.07333333333333333,0,0,346.8004769153333,450.0,542.1526391018334,700.0,79743.79010426387,104160.5,117116.39889692438,150130.5,223.38134455291296,26.095605113290002,32.0,37.0,11.904366746702847,13.676382596802853,17.384358775577542,26.095605113290002,0.0,0.0,1.0,0.0,73,0.2600159563165274,749.8942093324564,18057.876007767165,35048.523386638546,0.1643835616438356
SMH,y2024,pre,09:00,09:30,2,2,600.0,223,1.0,0.0,0.0,0.37166666666666665,0.155,0.08333333333333333,0.07166666666666667,0,0,481.69153334083325,450.0,588.9439212215,550.0,109412.36839053327,103655.0,125791.91555066944,117452.0,222.17559674951693,38.503975170505,34.0,74.0,17.546651812290477,14.600420835659529,35.0329025233149,38.503975170505,0.0,0.0,1.0,0.0,91,0.1011579454259899,93.32543007969915,7906.786279998266,26164.821337045047,0.2087912087912088
SMH,y2024,post,16:00,17:00,2,2,600.0,113,1.0,0.0,0.0,0.18833333333333332,0.12333333333333334,0.04,0.08333333333333333,0,0,228.1359105535,250.0,595.2677834794999,750.0,52012.37190175048,57118.0,134076.9526708345,166488.5,221.00990704422196,18.980939846878332,16.0,33.0,8.7026206574572,6.849608288025885,15.82847686884008,18.980939846878332,0.0,0.0,1.0,0.0,72,0.059338058627532775,10.857111194022046,12302.687708123813,159376.06528236528,0.2916666666666667
SMH,y2024,post,17:00,18:00,2,2,600.0,19,1.0,0.0,0.0,0.03166666666666667,0.028333333333333332,0.023333333333333334,0.005,0,0,1424.5994502680003,2550.0,1442.5078925631667,1450.0,330998.1206003789,593466.0,312169.3019334267,313731.5,220.97164815182603,41.586082708975,17.0,69.0,18.23689488220662,8.157193925290462,29.547157691895844,41.586082708975,0.0,0.0,1.0,0.0,15,0.0035481338923357554,1.0592537251772882,89125.09381337474,96628.26837512534,0.4666666666666667
SMH,y2024,post,18:00,20:00,2,2,600.0,49,1.0,0.0,0.0,0.08166666666666667,0.07833333333333334,0.07833333333333334,0.0,0,0,868.2248647641666,550.0,399.99999999999994,400.0,198043.04243311862,123325.0,84586.0,84586.0,220.91545311331515,32.909377336968326,26.0,41.0,14.765273704340755,12.492192379762212,17.54423500716732,32.909377336968326,0.0,0.0,1.0,0.0,46,10.099170732882522,794.328234724282,17378.008287493787,20921.992191637786,0.06521739130434782
SMH,y2024,pre,04:00,09:30,2,8,2400.0,3602,1.0,0.0,0.0,1.5008333333333332,0.6066666666666667,0.21833333333333332,0.3883333333333333,0,0,348.9129140667916,200.0,434.2320467202083,150.0,78403.87758835162,46715.0,93708.81928912218,35121.0,222.98019915827345,50.54314923955772,37.0,99.0,23.18760783421267,15.809601128036608,46.589331513683064,50.54314923955772,0.0,0.0,1.0,0.0,1448,1.6959161999157768,63.095734448019456,867.324906924985,20697.61277659118,0.0324585635359116
SMH,y2024,post,16:00,20:00,2,6,1800.0,181,1.0,0.0,0.0,0.10055555555555555,0.07666666666666666,0.04722222222222222,0.029444444444444443,0,0,840.3200751952222,400.0,812.5918920142221,750.0,193684.51164508268,88302.0,176944.08486808708,166488.5,220.9656694364544,31.596444307447502,26.0,65.0,14.117515737086334,12.492192379762212,27.831895352073715,31.596444307447502,0.0,0.0,1.0,0.0,133,0.10715193052376075,11.933991228075763,13883.533099290444,56205.01017875759,0.23308270676691728
SMH,y2024,rth,09:30,16:00,2,52,15600.0,528283,1.0,2.505636602564103e-06,1.6031096153846155e-07,33.86429487179487,13.540576923076923,6.743333333333333,6.798910256410257,0,0,208.9654038649248,200.0,195.20664520470595,200.0,46369.20276719168,42202.0,43668.076615954116,41778.0,221.739399557991,4.012594986371869,4.0,6.0,1.794195018626194,1.712141335953608,2.580036037121213,4.012594986371869,0.024155533962963858,0.14305034886934442,0.33136597840874604,0.0,211181,0.07623549703485663,3.6456994081008967,203.46055729569264,386.52807028837526,0.37274186598226167
SMH,y2025,rth,09:30,10:00,3,6,1800.0,68898,1.0,3.7299777777777773e-07,0.0,38.276666666666664,11.328333333333333,6.227222222222222,5.101111111111111,0,0,247.13234583287135,250.0,246.72215638077162,200.0,65917.58108888213,59828.5,65437.460021376835,58558.0,284.52360136265725,13.840424787699916,15.0,23.0,5.0803229891931405,5.406798196377173,8.849085050621605,13.840424787699916,0.00021018188784182159,0.0044939062251059285,0.851612615419613,0.0,20385,0.045511447616284,1.724305340239089,246.40293994469042,529.9289187885317,0.4615158204562178
SMH,y2025,rth,10:00,10:30,3,6,1800.0,55855,1.0,6.831422222222222e-06,0.0,31.030555555555555,9.319444444444445,4.887222222222222,4.445555555555556,0,0,231.0834153258898,200.0,262.1605577872492,200.0,62526.853099310196,58812.0,67927.46119395967,58816.0,285.94908000935226,9.676127865793822,9.0,18.0,3.4020938065787534,3.905861948348801,5.868384586799451,9.676127865793822,0.009883643997123026,0.09636185295905916,0.6643711576693349,0.0,16769,0.042879314976377064,2.0245766877714315,299.1242676623434,656.518341396917,0.44033633490369134
SMH,y2025,rth,10:30,11:00,3,6,1800.0,37741,1.0,1.1085624444444445e-05,0.0,20.967222222222222,7.361111111111111,3.6294444444444443,3.747777777777778,0,0,263.4582211861191,200.0,230.08926483635642,200.0,70843.59381665094,58934.0,59410.741104464214,58932.0,286.26141523096635,8.360568982472325,10.0,13.0,3.149783787649495,3.321274448748268,5.901942358308014,8.360568982472325,0.015971474863772175,0.13739078254817338,0.6660688480818816,0.0,13244,0.03579210444274958,1.422592676823039,368.7796240926563,871.7756496989966,0.47364844457867716
SMH,y2025,rth,11:00,11:30,3,6,1800.0,56851,1.0,4.900080166666666e-05,0.0,31.58388888888889,10.165,5.0377777777777775,5.221111111111111,0,0,212.1661783895832,150.0,253.8415033716503,200.0,57492.20159092591,34839.2,69061.9511448033,59029.0,286.41712061335693,7.296499917115305,9.0,12.0,2.695456835086541,3.0483813149126227,4.903599923687816,7.296499917115305,0.049653956146990405,0.20356274045913816,0.6644496344853128,0.0,18291,0.02271543132279423,0.4710755741810104,234.6937732927982,860.3280298595215,0.5747088732163359
SMH,y2025,rth,11:30,12:00,3,6,1800.0,43408,1.0,8.800326000000001e-05,0.0,24.115555555555556,7.6066666666666665,3.8472222222222223,3.8472222222222223,0,0,267.42197418395716,200.0,281.8778582577041,220.0,73164.04816465345,59063.0,81236.65021872194,61132.5,286.76991856851487,6.645144064274155,8.0,11.0,2.522938141968126,2.4921987279251914,4.911721020326941,6.645144064274155,0.20183979913754427,0.13075111004282125,0.6614316594411864,0.0,13686,0.04266818472855803,1.0350403125914653,282.3111098376607,1129.3865604366322,0.49744264211603095
SMH,y2025,rth,12:00,12:30,3,6,1800.0,46298,1.0,0.0001704970761111111,0.0,25.72111111111111,7.641111111111111,4.193888888888889,3.522222222222222,0,0,279.9224547338922,200.0,247.28731693218518,200.0,72074.26766210565,59128.0,64784.456753762126,59132.0,286.7956958595932,5.839270701887406,6.0,11.0,2.1174439059410086,2.2194932932889135,3.9137641008801443,5.839270701887406,0.20935001836545897,0.1278076122958681,0.6086556713317651,0.0,13748,0.039182216974936845,0.9999999999999998,315.244767885873,932.8203576505206,0.5
SMH,y2025,rth,12:30,13:00,3,6,1800.0,33082,1.0,0.000413189966111111,0.0,18.378888888888888,5.145,2.7516666666666665,2.472777777777778,0,0,247.4592883353056,160.0,228.36176126045186,200.0,67743.83641962228,51223.0,60652.42058756922,59129.0,286.97455701957983,6.653975202900259,8.0,12.0,2.45126592859008,2.76907988740617,4.4063160679732,6.653975202900259,0.2035587784820049,0.12778134451607664,0.6619446487442044,0.0,9255,0.04052950139797593,0.9847262338841386,440.83605617552877,1672.1408830857374,0.5013506212857914
SMH,y2025,rth,13:00,13:30,3,6,1800.0,34668,1.0,6.2098445e-05,6.865261111111112e-07,19.26,5.644444444444445,2.7127777777777777,2.986111111111111,0,0,242.01354273029995,200.0,211.78446712633917,200.0,63567.10982873465,51242.0,56955.29471180113,59053.0,286.83684874224076,5.192783869444119,5.0,9.0,1.943469072375969,1.9330477325255615,3.58998577634863,5.192783869444119,0.16755735192516635,0.1725286504680024,0.5780869792354024,0.0,10154,0.04024632452411464,1.3472489467951212,421.86231515480335,1250.351409150338,0.4807957455190073
SMH,y2025,rth,13:30,14:00,3,6,1800.0,39864,1.0,8.855747666666668e-05,0.0,22.14666666666667,6.4816666666666665,3.4594444444444443,3.122777777777778,0,0,237.6775923259588,200.0,184.88442659564984,160.0,63442.66724323,59023.0,51849.08844681567,43483.2,286.82589003495974,6.189861337020921,7.0,11.0,2.427112659350654,1.9705116496308979,5.414851526008521,6.189861337020921,0.20695518005075092,0.12640593896432364,0.6412709591674477,0.0,11661,0.03976708975693513,1.2102648907578513,338.6361620015585,1239.8567052359165,0.48692221936369096
SMH,y2025,rth,14:00,14:30,3,6,1800.0,32416,1.0,5.234158833333334e-05,2.6855555555555553e-09,18.00888888888889,4.8805555555555555,2.4944444444444445,2.4566666666666666,0,0,218.81807204383932,150.0,192.51088911853998,200.0,59447.24894131937,44023.8,52621.25280338216,43545.600000000006,286.75592750784983,5.153726022461469,6.0,9.0,1.909032585549238,1.9751255471409752,3.4607315896162634,5.153726022461469,0.20547920161405236,0.12954628347947703,0.5780700179870151,0.0,8779,0.04322692931974265,1.4811809169587904,551.4454918801438,1224.0342027028084,0.4753388768652466
SMH,y2025,rth,14:30,15:00,3,6,1800.0,31451,1.0,0.000681276675,0.0,17.47277777777778,4.403333333333333,2.4683333333333333,2.0322222222222224,0,0,253.319438400284,300.0,256.2858616927369,300.0,70382.35966920921,60751.5,67522.97409573653,70908.0,286.80022409889864,5.2749874405408255,6.0,9.0,2.010504282416174,1.9284977139259019,3.9500906175061816,5.2749874405408255,0.2557249792291191,0.08147874523474781,0.6307516552565551,0.0,7920,0.041093025338863276,1.0266645618874508,549.5408738576257,1688.8993599790547,0.4984848484848485
SMH,y2025,rth,15:00,15:30,3,6,1800.0,35576,1.0,8.68904777777778e-06,1.4958944444444446e-07,19.764444444444443,5.314444444444445,2.69,2.736111111111111,0,0,249.80605990991722,300.0,250.24098309616775,300.0,68723.10192081743,60885.0,65457.39665433572,60922.5,287.15750962526664,4.001084217965788,4.0,7.0,1.4917397027144772,1.4771688962822058,2.9535723598000323,4.001084217965788,0.20676394454482963,0.138816849975666,0.4720355509098796,0.0,9560,0.043050364606584714,1.629948614208242,554.6454364421775,1011.3985712086591,0.46663179916317993
SMH,y2025,rth,15:30,16:00,3,6,1800.0,44693,1.0,6.924169722222223e-05,6.161876555555556e-05,24.829444444444444,6.097777777777778,3.185,3.0594444444444444,0,0,278.97003700032076,300.0,252.28676201545224,250.0,75411.0105935933,60817.5,67506.34415139994,52291.5,287.26320006100195,3.4603669123910934,4.0,6.0,1.3425281969111353,1.0984055806334907,2.957411255174401,3.4603669123910934,0.24522985033058972,0.12622836625353476,0.33640196743936085,0.0,10970,0.040977320259913415,1.9650895807103388,505.6802231780434,874.6809136227803,0.45560619872379216
SMH,y2025,open5,09:30,09:35,3,3,900.0,36274,1.0,8.295777777777778e-08,0.0,40.30444444444444,12.315555555555555,6.351111111111111,5.966666666666667,0,0,269.04335936479475,200.0,257.1791853572582,200.0,74660.93996836388,58734.0,69435.5508662917,58567.99999999999,285.05297751230967,17.890912438264785,17.0,32.0,6.383016569184194,6.372617122743895,10.307921840835707,17.890912438264785,7.983371773393893e-06,0.0010962587598320798,0.9819099662204019,0.0,11081,0.028897100699315115,0.6889027124700505,210.37023553484934,609.9944157639251,0.5346990343831785
SMH,y2025,close5,15:55,16:00,3,3,900.0,42480,1.0,0.0007248879733333333,0.0,47.2,11.55,5.862222222222222,5.772222222222222,0,0,320.2452075565421,300.0,284.6262209134355,300.0,86521.25955452294,60879.0,76417.17251971061,60906.0,287.13213526096405,2.591937296477183,2.0,4.0,0.9749464790454481,0.8236320095095248,1.9706557408980687,2.591937296477183,0.24486934824558138,0.2792869959489164,0.08126275262650326,0.0,10392,0.040823392344760734,1.5680454614689117,236.52527223624432,550.5534695056643,0.4576597382602002
SMH,y2025,pre,04:00,07:00,3,3,900.0,549,1.0,0.0,0.0,0.61,0.30666666666666664,0.24,0.06666666666666667,0,0,248.66270586251113,100.0,638.6587209396668,600.0,62037.85110347546,29300.0,193983.64540413482,121716.00000000001,285.88946530360846,47.674047992012206,45.0,78.0,18.016814285459375,22.207431171017323,26.585773202903052,47.674047992012206,0.0,0.0,1.0,0.0,273,10.428435949373286,94.40608762859237,6516.283940608438,13308.107378423949,0.03296703296703297
SMH,y2025,pre,07:00,08:00,3,3,900.0,564,1.0,0.0,0.0,0.6266666666666667,0.21555555555555556,0.1711111111111111,0.044444444444444446,0,0,377.7872743437111,300.0,475.41460011846664,240.0,97505.43723002306,87720.0,115791.36639605425,86808.0,285.4722343196217,30.142610809465552,30.0,40.0,11.72700379170893,9.404475423892208,19.783372075769183,30.142610809465552,0.0031912875477777777,0.0,0.9968087124522221,0.0,191,0.1348962882591654,48.000968490811225,8365.655957558112,35557.477140664145,0.2513089005235602
SMH,y2025,pre,08:00,09:00,3,3,900.0,1455,1.0,0.0,0.0,1.6166666666666667,0.7111111111111111,0.6666666666666666,0.044444444444444446,0,0,353.59879117908895,500.0,527.8466746551555,500.0,97511.89743662087,100720.0,137903.25810861602,146570.0,285.5613565675502,32.59575668719222,30.0,49.0,11.879757105893859,10.219159543176076,17.07125542012359,32.59575668719222,0.0055654407366666665,0.0,0.9944345592633332,0.0,637,0.14079800175764687,177.8279410038925,1466.7754634166424,13409.493530472912,0.2653061224489796
SMH,y2025,pre,09:00,09:30,3,3,900.0,2290,1.0,0.0,0.0,2.5444444444444443,1.0544444444444445,0.6355555555555555,0.41888888888888887,0,0,344.43556835928894,200.0,631.6659067154444,200.0,95980.49302611977,71642.0,154916.82210276037,58679.99999999999,284.70759948802,40.65487960217778,39.0,63.0,14.695386652298508,13.647097841874324,21.279541746324654,40.65487960217778,0.0023418644300000004,6.679644444444445e-07,0.9958486557599999,0.0,946,0.06456542290346554,55.99485806609308,1865.3882239536426,5266.8263936448275,0.28858350951374206
SMH,y2025,post,16:00,17:00,3,3,900.0,72,1.0,0.0,0.0,0.08,0.057777777777777775,0.042222222222222223,0.015555555555555555,0,0,251.2009941665556,100.0,431.9719354267555,280.0,56173.63209894324,29392.0,109751.90319912917,102065.59999999999,287.01943363624866,54.588120400049995,60.0,110.0,21.16081802542458,16.46994235520238,54.280779669380436,54.588120400049995,0.0,0.0,1.0,0.0,50,0.3801893963205613,3548.1338923357594,44668.359215096374,42530.7693397815,0.12
SMH,y2025,post,17:00,18:00,3,3,900.0,44,1.0,0.0,0.0,0.04888888888888889,0.034444444444444444,0.016666666666666666,0.017777777777777778,0,0,324.2971336280889,100.0,357.0891898703556,200.0,73397.83675674911,29392.0,82648.0415944786,58834.0,286.90085307066784,43.79736621439223,53.0,60.0,16.971559687514095,14.571047603336844,29.57121734844723,43.79736621439223,0.0,0.0,1.0,0.0,28,0.012302687708123818,0.39810717055349726,41686.93834703361,202468.79872017363,0.5714285714285714
SMH,y2025,post,18:00,20:00,3,3,900.0,111,1.0,0.0,0.0,0.12333333333333334,0.044444444444444446,0.024444444444444446,0.02,0,0,193.49315776366666,100.0,124.20799161275555,100.0,43564.909236756364,29392.0,37062.688073241945,19745.0,285.06727221906465,71.69684237195,70.0,108.0,25.529850989475957,22.816580048167765,36.67730761393683,71.69684237195,0.0,0.0,1.0,0.0,38,0.009847666521101585,3.1622776601683804,10471.285480509,264478.09870911983,0.3684210526315789
SMH,y2025,pre,04:00,09:30,3,12,3600.0,4858,1.0,0.0,0.0,1.3494444444444444,0.5719444444444445,0.42833333333333334,0.1436111111111111,0,0,331.12108493615,250.0,568.3964756071833,370.0,88258.91969905978,80048.0,150648.77300289136,94067.5,285.4076639197001,41.106900231596974,37.0,78.0,15.455435832750942,14.38520065169681,26.585773202903052,41.106900231596974,0.0018050291817171718,6.072404040404041e-08,0.9980304726537373,0.0,2047,0.13231803648956858,62.311071206258205,2942.453967935852,12357.934034992986,0.243771372740596
SMH,y2025,post,16:00,20:00,3,9,2700.0,227,1.0,0.0,0.0,0.08407407407407408,0.04555555555555556,0.027777777777777776,0.017777777777777778,0,0,256.3304285194371,100.0,304.4230389699556,200.0,57712.12603081624,29392.0,76487.5442889499,58834.0,286.3291863086604,60.44479283958556,55.0,108.0,22.29801992297265,20.350915791210856,36.67730761393683,60.44479283958556,0.0,0.0,1.0,0.0,116,0.033884415613920256,158.48931924611136,34673.68504525325,101354.27134516298,0.3103448275862069
SMH,y2025,rth,09:30,16:00,3,78,23400.0,560801,1.0,0.00013086046756410254,4.804428205128205e-06,23.965854700854702,7.02991452991453,3.66034188034188,3.4423931623931625,0,0,248.40301752990933,200.0,238.33279780319117,200.0,66979.3914361575,59021.0,63878.617535647376,59027.0,286.5638822100015,6.737432820970385,6.0,13.0,2.503409502718626,2.2092792161108705,5.017611955452812,6.737432820970385,0.1521583638740027,0.12332087401454497,0.6165505536587355,0.0,164422,0.038893388021826195,1.207967241048794,356.24676129575823,989.3976781970036,0.48679008891754144
SMH,y2026,rth,09:30,10:00,1,2,600.0,29205,1.0,6.41265e-07,1.5735e-07,48.675,22.851666666666667,12.716666666666667,10.135,0,0,85.79611839546709,40.0,100.48672249100387,60.0,34096.02799138161,15905.6,39947.4352179463,23864.0,397.42649265311087,13.899058176161347,14.0,17.0,3.497171639324282,3.5251673135616466,4.274545688133052,13.899058176161347,3.550684335629773e-05,1.645688314271373e-05,0.9997597130381032,0.0,13709,0.03882152403084249,0.9843689238503651,129.80681411540692,267.9890690126496,0.5014224232256183
SMH,y2026,rth,10:00,10:30,1,2,600.0,26852,1.0,0.0,1.4218666666666666e-07,44.75333333333333,25.546666666666667,13.44,12.11,0,0,79.26647199303542,40.0,84.39535367649403,40.0,31563.75539368451,15946.0,33612.59399893385,15966.0,398.28178782757703,12.630063761135,12.0,16.0,3.1712276874724075,3.0202443226659517,4.008583769037881,12.630063761135,3.7886005386884803e-06,5.391219099892804e-06,0.999260874536573,0.0,15326,0.041463762825586635,1.1826391007743726,111.57946369844151,231.18744056299965,0.4861672974031058
SMH,y2026,rth,10:30,11:00,1,2,600.0,43059,1.0,2.000952166666667e-05,0.0,71.765,39.535,19.823333333333334,19.713333333333335,0,0,71.26194499289902,40.0,67.3079719400562,40.0,28558.935910132004,16039.0,26979.345465579394,16038.400000000001,400.806774673236,6.065294547337659,6.0,8.0,1.5132299322636034,1.4972959055939095,1.9951256011297986,6.065294547337659,0.0006443165924668175,0.0023073393237561905,0.88168455651957,0.0,23719,0.049877333300763424,1.9921241770974383,81.01567950973153,109.85840017002826,0.4401113031746701
SMH,y2026,rth,11:00,11:30,1,2,600.0,38341,1.0,9.691199999999999e-07,0.0,63.901666666666664,43.35166666666667,19.153333333333332,24.198333333333334,0,0,63.81422336950682,40.0,81.00154398228298,40.0,25472.9589308476,15969.399999999998,32342.589989793483,15971.6,399.2057563803771,7.669827415669813,8.0,10.0,1.9213439908616705,2.003320615322173,2.505784481234225,7.669827415669813,3.489932382163272e-05,0.0022127004010388785,0.9682133530415915,0.0,26009,0.04220147070364622,1.531356311145698,73.36031721512778,104.08342694622623,0.46530047291322235
SMH,y2026,rth,11:30,12:00,1,2,600.0,31574,1.0,4.245883333333334e-07,0.0,52.623333333333335,31.168333333333333,14.708333333333334,16.47,0,0,66.95983610303189,40.0,71.51939981196944,40.0,26712.073762596396,15959.8,28538.49360301311,15962.6,398.97961913312196,6.559246736492973,7.0,8.0,1.6440408742410344,1.753738507510034,2.006068419940846,6.559246736492973,2.5429307463653963e-05,0.0009420819133303235,0.9528012419266247,0.0,18699,0.051156816307531314,1.9495273334801064,102.11169179951436,142.71128122565742,0.45018450184501846
SMH,y2026,rth,12:00,12:30,1,2,600.0,35961,1.0,0.0,0.0,59.935,35.49166666666667,16.701666666666668,18.793333333333333,0,0,63.31063385306666,40.0,76.23068943746668,40.0,25259.22384868637,15964.400000000001,30416.19757736406,15968.0,399.0200148686231,6.554349782461667,6.0,9.0,1.6422764427578553,1.5056102364986577,2.2525435887055094,6.554349782461667,0.00032079271500000026,0.003810418703333335,0.90089712716,0.0,21293,0.05097883257346722,1.7121792235526214,87.32759807422036,130.43297721275204,0.45432771333302024
SMH,y2026,rth,12:30,13:00,1,2,600.0,20663,1.0,1.4422666666666667e-07,0.0,34.43833333333333,16.463333333333335,8.671666666666667,7.791666666666667,0,0,56.93595050868236,40.0,102.05480762295807,40.0,22766.48939540918,15997.8,40816.56931023066,16005.0,399.89851520268206,5.105858841487669,5.0,6.0,1.2767889705971924,1.2506336667495113,1.500517475138198,5.105858841487669,0.0005162583827915591,0.003653457625259349,0.7212027104666631,0.0,9876,0.06176519283487174,3.7275937203149367,188.8931531381954,259.6308054583814,0.39803564196030783
SMH,y2026,rth,13:00,13:30,1,2,600.0,20337,1.0,9.884833333333333e-08,0.0,33.895,18.411666666666665,9.055,9.356666666666667,0,0,64.78584339410598,40.0,69.29402545706559,40.0,25851.970851122293,15965.0,27656.326131899194,15969.399999999998,399.07569475886186,5.830767876978353,6.0,7.0,1.4610937838164084,1.502930206858739,1.7543881006769593,5.830767876978353,6.5217919780016e-05,0.0049578864084121425,0.8799812961030179,0.0,11045,0.05916278520966302,3.7363124049551244,162.49709007557774,230.74788685051794,0.3924852874603893
SMH,y2026,rth,13:30,14:00,1,2,600.0,24739,1.0,0.0,0.0,41.23166666666667,23.245,11.023333333333333,12.221666666666666,0,0,64.58173298366665,40.0,69.30266370526668,40.0,25847.111681224662,16010.2,27738.276139526846,16018.399999999998,400.2463514793017,5.915612561841665,6.0,7.0,1.4779963356181203,1.49879777481798,1.7492675696669082,5.915612561841665,4.650439666666665e-05,0.001624224116666666,0.8857586396816666,0.0,13945,0.048263708540274085,1.4582261591684604,130.4505335932377,211.29351588623575,0.47049121548942274
SMH,y2026,rth,14:00,14:30,1,2,600.0,19909,1.0,8.5345e-08,0.0,33.181666666666665,15.035,7.905,7.13,0,0,76.46288075905791,40.0,84.75155317938797,40.0,30597.030303160824,16009.0,33915.880004034465,16012.0,400.15415690086854,4.92831635730716,5.0,6.0,1.231648682419767,1.2490437089963777,1.4999562328061813,4.92831635730716,0.00020791729107803465,0.008903608829878491,0.6148215629602797,0.0,9019,0.055891765220847246,3.914788765546818,204.1316349157538,289.424897448714,0.40059873600177404
SMH,y2026,rth,14:30,15:00,1,2,600.0,16055,1.0,1.7547800000000004e-06,0.0,26.758333333333333,10.448333333333334,5.17,5.281666666666666,0,0,76.99985563454,40.0,72.92646154996287,40.0,30776.706835443554,15991.199999999999,29150.941355013198,15992.2,399.71553006606734,3.4989037559879996,4.0,4.0,0.8753452245079206,1.0005858745848832,1.0007916612529515,3.4989037559879996,0.01074754058956928,0.10226984397607687,0.08510774711537253,0.0,6267,0.04883068430510071,4.183877375312615,301.27798032413415,426.7045534684253,0.4143928514440721
SMH,y2026,rth,15:00,15:30,1,2,600.0,22746,1.0,3.827211666666667e-06,3.590916666666667e-07,37.91,17.263333333333332,8.845,8.42,0,0,67.75583860502633,40.0,85.8579280859972,40.0,26978.9781127245,15933.4,34192.10534262346,15940.0,398.2238299287044,4.326670236144031,4.0,6.0,1.0864530835261619,1.005271163528382,1.505477637420891,4.326670236144031,0.0027420228472727183,0.05357253902923198,0.409575569664239,0.0,10356,0.04899505891888675,3.031791607364288,178.7216320877411,252.83975915445487,0.421687910390112
SMH,y2026,rth,15:30,16:00,1,2,600.0,40044,1.0,0.0001743860533333333,0.0,66.74,18.955,9.873333333333333,9.153333333333334,0,0,152.30306364704666,100.0,162.25718143082804,100.0,60751.28519252652,39882.600000000006,64726.51965567193,39887.4,398.88240993976217,2.7397054296221675,3.0,4.0,0.6868434674094632,0.7519862065171959,1.002864978151633,2.7397054296221675,0.09004736168901817,0.33290195627830227,0.035325082401703706,0.0,11371,0.038794417095186336,0.822895765635455,139.25050904040117,416.1566120714593,0.5215900096737314
SMH,y2026,open5,09:30,09:35,1,1,300.0,12979,1.0,0.0,9.240500000000001e-07,43.263333333333335,18.23,9.53,8.703333333333333,0,0,166.23470895304948,200.0,189.60525013619804,200.0,66102.3187910454,79428.0,75471.25461989723,79380.0,397.7762055212559,29.968059960869137,29.0,41.0,7.532376139650547,7.290111743651942,10.291675679303925,29.968059960869137,4.694521004638802e-06,2.51506232404334e-06,0.9999790232372833,0.0,5468,0.022354131334760732,0.6309573444801937,135.6378672513037,478.7036280256075,0.5448061448427213
SMH,y2026,close5,15:55,16:00,1,1,300.0,24273,1.0,0.00033726691666666664,0.0,80.91,20.086666666666666,10.58,9.63,0,0,210.0174625736484,120.0,211.96889062617072,120.0,83778.95295863468,47869.200000000004,84565.19303909109,47871.6,398.93013940691213,2.434352588184829,2.0,4.0,0.6102079084308054,0.5013618702785322,1.0025834772934872,2.434352588184829,0.14050501813757718,0.4311021428804974,0.02337643146029461,0.0,6025,0.039456693628271755,0.8024569978969154,131.6660128146935,405.9982468930719,0.5233195020746888
SMH,y2026,pre,04:00,07:00,1,1,300.0,773,1.0,0.0,0.0,2.5766666666666667,0.5266666666666666,0.4766666666666667,0.05,0,0,614.2135559248001,600.0,40.0,40.0,246146.7571694072,240456.0,16057.148886182693,16056.0,401.094165894095,66.91125209445666,65.0,73.0,16.682207220169865,16.2063208491396,18.202699509320293,66.91125209445666,0.0,0.0,1.0,0.0,157,10.032948233127078,17.2379845245435,4544.6453720950885,32188.59665113137,0.08280254777070063
SMH,y2026,pre,07:00,08:00,1,1,300.0,501,1.0,0.0,0.0,1.67,0.5,0.44666666666666666,0.05333333333333334,0,0,256.98995226213333,120.0,396.9387696412,320.0,103043.21965993768,48112.8,159246.0329360758,128400.0,401.08919664314936,25.11129760603334,26.0,47.0,6.260406352786689,6.481850817710185,11.713529810458539,25.11129760603334,0.0,0.0,1.0,0.0,149,6.99841996002274,354.81338923357555,4857.67629988184,5618.316673302587,0.04697986577181208
SMH,y2026,pre,08:00,09:00,1,1,300.0,803,1.0,0.0,0.0,2.6766666666666667,0.7933333333333333,0.7233333333333334,0.07,0,0,502.8234588661333,600.0,364.42129440480005,520.0,201857.55985063085,240840.0,146448.59256019586,208780.0,401.6592455042707,46.41636711749666,40.0,79.0,11.555943484274183,9.955449364096522,19.671559655872723,46.41636711749666,0.0,0.0,1.0,0.0,237,0.7673614893618196,21.752040340195215,2775.4495235857135,15605.435409568983,0.10970464135021098
SMH,y2026,pre,09:00,09:30,1,1,300.0,209,1.0,0.0,0.0,0.6966666666666667,0.22666666666666666,0.13666666666666666,0.09,0,0,195.45451142426663,120.0,380.52721594373327,120.0,77820.7936282075,47762.399999999994,151627.0990850199,47814.0,398.27546237486536,33.73229285410333,36.0,44.0,8.469772829138767,9.03795942960468,11.048891340973238,33.73229285410333,0.0,0.0,0.9999982086666666,0.0,67,0.029512092266663865,4.731512589614806,15019.887046324871,16769.851361697438,0.43283582089552236
SMH,y2026,post,16:00,17:00,1,1,300.0,258,1.0,0.0,0.0,0.86,0.38666666666666666,0.37666666666666665,0.01,0,0,252.9541107909333,320.0,510.991518468,600.0,100768.61210120135,127472.0,203988.27626530762,239484.0,398.77349036671535,81.49181718063332,79.0,102.0,20.4353523540089,19.812160654051166,25.57095941236887,81.49181718063332,0.0,0.0,1.0,0.0,115,10.391223038351711,334.9654391578278,3789.408531634217,24153.040855421223,0.008695652173913044
SMH,y2026,post,17:00,18:00,1,1,300.0,16,1.0000000000000002,0.0,0.0,0.05333333333333334,0.0,0.0,0.0,0,0,179.11935543306663,120.0,133.8144221629333,120.0,71361.15120453374,47808.0,53391.954443010385,47880.0,398.69999999999993,60.0,60.0,60.0,15.048908954101401,15.048908954101401,15.048908954101401,60.0,0.0,0.0,1.0,0.0,0,,,,,
SMH,y2026,post,18:00,20:00,1,1,300.0,37,1.0,0.0,0.0,0.12333333333333334,0.02666666666666667,0.006666666666666667,0.02,0,0,80.00065514826667,80.0,947.4048042905332,600.0,31832.343904337424,31832.0,377196.5212570415,239100.0,398.11033048573637,41.85802866327666,52.0,60.0,10.51305489386683,13.060076351216566,15.067805123054312,41.85802866327666,0.0,0.0,1.0,0.0,7,1.4791083881682086,28183.829312644535,134896.28825916545,77272.36734906661,0.0
SMH,y2026,pre,04:00,09:30,1,4,1200.0,2286,1.0,0.0,0.0,1.905,0.5116666666666667,0.44583333333333336,0.06583333333333333,0,0,392.37036961933336,360.0,295.47181999743333,220.0,157217.0825770458,144284.4,118344.71836686858,88107.0,400.52951760409513,52.56864862435485,63.0,71.0,13.108701438570883,15.707238441464288,17.70373983461787,52.56864862435485,0.0,0.0,0.9999998371515152,0.0,610,0.5623413251903498,23.263050671536266,4686.335028788957,14341.949208390573,0.12295081967213115
SMH,y2026,post,16:00,20:00,1,3,900.0,311,1.0,0.0,0.0,0.34555555555555556,0.13777777777777778,0.12777777777777777,0.01,0,0,170.69137379075556,120.0,530.7369149738222,600.0,67987.36907002417,47808.0,211525.58398845315,239100.0,398.5279402841506,56.30196862679667,60.0,79.0,14.127592773960993,15.048908954101401,19.812160654051166,56.30196862679667,0.0,0.0,1.0,0.0,122,10.343479705283272,398.10717055349784,5329.257028812009,59495.66669521231,0.00819672131147541
SMH,y2026,rth,09:30,16:00,1,26,7800.0,369485,1.0,1.556468923076923e-05,5.066371794871795e-08,47.36987179487179,24.443589743589744,12.083589743589744,12.367307692307692,0,0,76.1708662675099,40.0,86.72104209239829,40.0,30402.10085008145,15978.8,34617.55291880658,15988.0,399.2243820493259,6.594181989621611,6.0,12.0,1.6527410187562273,1.4991528923228181,3.0202443226659517,6.594181989621611,0.008109496639703562,0.03977903631856387,0.7180390033196472,0.0,190634,0.04744453409092312,1.753918544848151,118.66913067789237,210.37424276357441,0.4526632185234533
NVDA,last12m,rth,09:30,10:00,2,4,1200.0,255699,1.0,0.0003745210441666667,8.698341666666669e-07,213.0825,52.78333333333333,26.730833333333333,26.105,0,0,339.90442712569813,200.0,328.5197660163481,200.0,60837.383853026506,35841.0,58803.56059008072,35844.0,179.15222940459205,1.7548344741537487,2.0,3.0,0.9787391379053977,1.1112246135315897,1.6669825313845232,1.7548344741537487,0.41173920987030427,0.4292395940423896,0.00046287397200024015,0.0,63336,0.028155897660883868,0.9396332957575682,54.352033978037426,104.45772274953653,0.5055418719211823
NVDA,last12m,rth,10:00,10:30,2,4,1200.0,258185,1.0,0.0005842671308333332,1.6010949999999999e-06,215.15416666666667,44.7,22.514166666666668,22.6625,0,0,348.78621619409347,200.0,371.0379628438415,200.0,62588.198309488835,35982.0,66630.38743909221,35986.0,179.57692672911838,1.6158906562619262,1.0,3.0,0.8989445365422545,0.5602926863027045,1.6626413061805587,1.6158906562619262,0.5249149274205739,0.35252662616319624,0.0012777093684875173,0.0,53636,0.02341049460847895,0.5388372699837072,64.99640045979044,131.7676959358334,0.5568275039152808
NVDA,last12m,rth,10:30,11:00,2,4,1200.0,157175,1.0,0.0005799922066666666,1.6401500000000003e-07,130.97916666666666,24.261666666666667,12.463333333333333,12.22,0,0,405.9310572941236,300.0,411.85562067051035,300.0,73333.91601671625,54139.5,74358.63639988573,54336.0,180.66905646938204,1.4308236781765027,1.0,2.0,0.7912787745818777,0.5552288317169463,1.110523975443804,1.4308236781765027,0.6470795128336162,0.27950919250704653,1.436403004806729e-05,0.0,29110,0.021857792520332174,0.39574136201614923,113.35885368101206,300.78609460794576,0.5920302301614565
NVDA,last12m,rth,11:00,11:30,2,4,1200.0,172410,1.0,0.0004963826141666666,1.4432083333333331e-07,143.675,25.805,13.033333333333333,13.228333333333333,0,0,469.6348476234596,300.0,425.9841017109647,300.0,84703.808966446,54057.0,76805.59574604516,54036.0,180.34995686737554,1.358926597139002,1.0,2.0,0.7531994420539094,0.555550685992587,1.108502909239822,1.358926597139002,0.674009482682596,0.29339216090207393,0.0,0.0,30962,0.02176188018936881,0.40815404812035416,110.3179053570024,269.8297210563914,0.5848136425295524
NVDA,last12m,rth,11:30,12:00,2,4,1200.0,133323,1.0,0.0003001557416666667,6.646025e-07,111.1025,24.4825,12.671666666666667,12.280833333333334,0,0,376.0338343833109,200.0,514.084884270067,250.0,67735.54512729993,36221.0,92740.70847688013,45115.5,180.2281813910389,1.3443086042094852,1.0,2.0,0.745234581176449,0.5575435825857972,1.1046886075398037,1.3443086042094852,0.7014324197669227,0.25368656053011673,0.0,0.0,29375,0.019646885682469938,0.1520166731036747,97.88948430893367,431.9172772530513,0.6866042553191489
NVDA,last12m,rth,12:00,12:30,2,4,1200.0,147153,1.0,0.0006926887341666666,2.8579049999999997e-06,122.6275,24.484166666666667,12.7475,12.028333333333334,0,0,398.84433719495325,250.0,472.10714763911693,300.0,71583.98900839272,44889.0,84846.8705099731,53875.5,179.62869312612858,1.3015954519188038,1.0,2.0,0.7242228259356073,0.5586488371514342,1.1104870406537037,1.3015954519188038,0.7382576724829341,0.223198133662571,1.4344110331065964e-05,0.0,29377,0.02014092652536567,0.1695959919594401,100.84048955470583,435.38832457299264,0.6755965551281615
NVDA,last12m,rth,12:30,13:00,2,4,1200.0,75574,1.0,0.00020908927416666667,4.497833333333334e-08,62.97833333333333,12.291666666666666,6.329166666666667,6.118333333333333,0,0,450.6785599074107,300.0,452.0746355065543,300.0,80935.58285494441,53821.0,81227.84617602316,53893.5,179.67502360532822,1.2005609518564135,1.0,2.0,0.6679063602458324,0.5582519141771709,1.1100314937978424,1.2005609518564135,0.8066704159544548,0.18610613697284117,0.0,0.0,14746,0.019267346947819262,0.1299387662062576,149.9962501561584,1076.1477348332287,0.7010036620100366
NVDA,last12m,rth,13:00,13:30,2,4,1200.0,75047,1.0,0.0004359932708333333,1.7335e-08,62.53916666666667,10.191666666666666,5.3566666666666665,5.060833333333333,0,0,434.8962795697465,250.0,524.5425905927931,300.0,78092.25999018336,44871.0,94313.70066218608,53916.0,179.6544413510336,1.1752134735094013,1.0,2.0,0.6538036981671135,0.5594841145646984,1.1076899552943948,1.1752134735094013,0.8280709402890152,0.16864469850466535,0.0,0.0,12226,0.020470872984656444,0.16677326713098534,218.83614094018535,1000.7474047973908,0.6608866350400785
NVDA,last12m,rth,13:30,14:00,2,4,1200.0,95393,1.0,0.0003925490066666667,1.7280875e-06,79.49416666666667,15.0775,8.049166666666666,7.29,0,0,392.353646115893,300.0,459.26933579082214,300.0,70598.07197335504,54015.0,82693.99965290749,54004.5,180.04989281048725,1.2492110198434048,1.0,2.0,0.6933782654938965,0.5579254130589437,1.106304803180228,1.2492110198434048,0.7670422312587102,0.21674216968367963,3.758602764309369e-06,0.0,18089,0.020022514859477612,0.1421406989268665,137.3581855913236,785.3836962573282,0.687987174525955
NVDA,last12m,rth,14:00,14:30,2,4,1200.0,71665,1.0,0.0004511632066666666,0.0,59.72083333333333,9.275,4.814166666666667,4.663333333333333,0,0,477.8494827078392,300.0,491.5973840525947,300.0,86072.31379534942,54018.0,88561.9440406973,54327.0,180.02476568226362,1.1021818405009902,1.0,2.0,0.612060161566687,0.5585810158992269,1.1043835967795168,1.1021818405009902,0.8994744752544038,0.09886920899020195,0.0,0.0,11126,0.018120684677836583,0.11723502410001364,224.00604600535854,1215.3403952765723,0.6986338306669063
NVDA,last12m,rth,14:30,15:00,2,4,1200.0,55087,1.0,0.0003594114575,2.9779416666666664e-07,45.905833333333334,6.4366666666666665,3.234166666666667,3.3008333333333333,0,0,472.60025587312765,300.0,494.34098192809427,350.0,84949.28783213651,53952.0,88949.95004772024,63001.5,179.83383433097063,1.0590969037772002,1.0,1.0,0.5888368518788987,0.5591044486408336,0.5592341737169079,1.0590969037772002,0.940914707847942,0.05907423377842538,0.0,0.0,7720,0.017081661857707164,0.10867036133370034,328.7631378526824,1737.4786800537863,0.7146373056994819
NVDA,last12m,rth,15:00,15:30,2,4,1200.0,82984,1.0,0.0006141922575,3.6419750000000003e-07,69.15333333333334,10.29,5.254166666666666,5.2683333333333335,0,0,492.6416609338956,300.0,496.13912420177303,400.0,88421.72887899984,54162.0,88955.05436501282,71314.0,179.39634293167995,1.0742224314059927,1.0,1.0,0.5986581401236796,0.5601209434474095,0.5613578374958867,1.0742224314059927,0.9267960044745177,0.07218556142773326,0.0,0.0,12344,0.016898757954375794,0.10868318613479012,202.701584177988,1113.1800234638847,0.7189727802981205
NVDA,last12m,rth,15:30,16:00,2,4,1200.0,102665,1.0,0.0005592461308333333,1.9264975e-06,85.55416666666666,9.663333333333334,4.726666666666667,5.0216666666666665,0,0,871.2872803455615,450.0,854.9556383785305,400.0,155992.35047090275,80672.5,153185.77599188112,71862.0,179.22016359899024,1.0199561053450876,1.0,1.0,0.5691008177487745,0.5590851517149094,0.5596943035021426,1.0199561053450876,0.9817024674055418,0.0174400713731908,0.00017516962539908942,0.0,11592,0.01718390848824897,0.12496883055404515,238.7287708069838,1140.9954354318365,0.701432022084196
NVDA,last12m,open5,09:30,09:35,2,2,600.0,138561,1.0,0.000493560035,7.593825e-06,230.935,68.83666666666667,34.06666666666667,34.821666666666665,0,0,293.4047970314081,200.0,343.31950561195066,200.0,52568.618029063065,35838.0,61460.60665940815,35840.0,179.18789698945042,2.727526166164758,3.0,4.0,1.5203383227885305,1.6640882061051587,2.2493804475751022,2.727526166164758,0.18666150092837017,0.29603591667400625,0.09230034081707988,0.0,41300,0.01443938217011757,0.24797468404200979,37.49178951944612,122.37289075079836,0.6931476997578693
NVDA,last12m,close5,15:55,16:00,2,2,600.0,92494,1.0,0.0013033521033333332,8.118355e-06,154.15666666666667,16.328333333333333,8.24,8.105,0,0,1632.7823110338102,850.0,1207.7456522537782,750.0,292363.2306859253,152136.0,216292.02405072996,134242.5,179.08663944967722,1.0196998230342773,1.0,1.0,0.5693660612896054,0.5596943035021426,0.5596943035021426,1.0196998230342773,0.9810254782319069,0.01853354294906584,6.892854441640447e-05,0.0,9795,0.017400672682121605,0.1814319185121148,104.78111579707709,805.9623266360506,0.6773864216436958
NVDA,last12m,pre,04:00,07:00,2,2,600.0,443,1.0,2.009613333333333e-06,4.7581666666666666e-08,0.7383333333333333,0.46,0.22333333333333333,0.23833333333333334,0,0,244.6971608032757,100.0,199.65715335619754,100.0,44246.873627303656,17983.0,35752.7164213127,17989.0,179.8323036903199,6.663267711452686,6.0,12.0,3.725118005793718,3.2926859072763803,6.762505450953676,6.663267711452686,0.017763710926750637,0.03414088808946427,0.6763334059463677,0.0,274,0.02779713267759289,12.02264434617413,6799.860450033226,9620.164415841286,0.4343065693430657
NVDA,last12m,pre,07:00,08:00,2,2,600.0,612,1.0,0.0,0.0,1.02,0.5066666666666667,0.25666666666666665,0.25,0,0,426.6620948723334,300.0,559.5465036741667,350.0,76798.49165955346,53808.0,100390.07824710303,62712.5,180.2103903257072,3.807505792305,3.0,7.0,2.1213847676633697,1.686541112204209,3.9359567479400686,3.807505792305,0.12448834755833334,0.152133084255,0.30169867524000005,0.0,302,0.023014418174085095,79.43282347242824,6283.213516451533,7752.663690205966,0.3609271523178808
NVDA,last12m,pre,08:00,09:00,2,2,600.0,1036,1.0,0.0023062983000000006,9.502533333333333e-07,1.7266666666666666,0.8733333333333333,0.4666666666666667,0.4116666666666667,0,0,308.21859644241886,200.0,761.0648749057858,250.0,55842.66175000961,36176.0,136713.04027278483,45074.0,180.91612055510151,3.2619638367116126,3.0,6.0,1.8124233872907862,1.6330942044157266,3.368037856776734,3.2619638367116126,0.15817980194587286,0.3135929757362697,0.23821690685371774,0.0,522,0.03432065404475952,23.988329190194925,3510.2118930503375,4580.075470266843,0.3735632183908046
NVDA,last12m,pre,09:00,09:30,2,2,600.0,3831,1.0,8.3117265e-05,3.909481666666666e-06,6.385,4.121666666666667,1.9433333333333334,2.1816666666666666,0,0,359.9207730676045,200.0,484.71258293666136,200.0,64526.926249718155,35833.0,87418.98374221433,35966.0,179.12052372863138,6.558196114000137,6.0,12.0,3.6531661618588864,3.3841510992676103,6.631144814923241,6.558196114000137,0.02873050936442673,0.09366931907110125,0.6480928817850395,0.0,2471,0.006826529950876833,0.2021537575275773,693.0574411417848,1868.3245289720078,0.6264670174018616
NVDA,last12m,post,16:00,17:00,2,2,600.0,396,1.0,2.0776166666666666e-07,0.0,0.66,0.26666666666666666,0.11,0.15666666666666668,0,0,995.9444380710765,650.0,646.591239315707,350.0,178573.73541265572,116363.0,115706.13114216497,62668.0,179.02570876068546,2.8373883771038715,2.0,5.0,1.5848557488368558,1.120632318075662,2.801355856233462,2.8373883771038715,0.13807664734036773,0.36709351924296135,0.16088370564046683,0.0,158,0.06709137099554109,446.6835921509636,8539.423876529785,11328.268464622215,0.2911392405063291
NVDA,last12m,post,17:00,18:00,2,2,600.0,274,1.0,1.2633e-07,0.0,0.45666666666666667,0.31333333333333335,0.23166666666666666,0.08166666666666667,0,0,960.5067197678137,600.0,451.3783417006258,450.0,172201.74252710774,107272.5,80935.29060822367,80613.0,179.22815622712906,2.766514388520429,3.0,4.0,1.5435686397215111,1.6819443276428179,2.2211533303893685,2.766514388520429,0.19937817283077783,0.1444478177730928,0.08239145257851219,0.0,186,0.006733413635463252,0.9999999999999998,7673.614893618203,17534.85223950447,0.5
NVDA,last12m,post,18:00,20:00,2,2,600.0,150,1.0,0.0,0.0,0.25,0.16166666666666665,0.12333333333333334,0.04,0,0,490.29696467566674,450.0,562.5740018905,150.0,87876.77027747293,80799.0,100440.05328798284,26810.0,179.05518792476448,2.933590703305,2.0,5.0,1.6419639546274278,1.1114198388446919,2.8070175438602876,2.933590703305,0.20167762844000003,0.521322285255,0.10129738223833333,0.0,95,0.05956621435290104,44.66835921509639,19386.5263595221,30013.775479297008,0.3684210526315789
NVDA,last12m,pre,04:00,09:30,2,8,2400.0,5922,1.0,0.0005978562945833334,1.2268291666666666e-06,2.4675,1.4904166666666667,0.7225,0.7704166666666666,0,0,334.8895422108506,200.0,501.09583689634934,200.0,60356.25936468225,35929.0,90041.86915898461,36598.0,180.01933695066015,5.516067421886317,5.0,11.0,3.0792264096845003,2.744282273233696,6.082181646932357,5.516067421886317,0.06369537035757664,0.11181516069003873,0.5259931346955166,0.0,3569,0.009460530560461106,0.45544268899034646,1669.499167762,5343.699961365124,0.5522555337629588
NVDA,last12m,post,16:00,20:00,2,6,1800.0,820,1.0,1.1136388888888889e-07,0.0,0.45555555555555555,0.24722222222222223,0.155,0.09277777777777778,0,0,815.5826889113489,650.0,553.5145254906413,350.0,146217.41273741084,116363.0,99027.1579528886,62668.0,179.1030176376107,2.867771043058576,2.0,5.0,1.6030880744533063,1.1227184244702084,2.7770702310955557,2.867771043058576,0.1852025192627864,0.3885464768815136,0.11146748067391143,0.0,439,0.007884328410109092,13.33521432163326,9669.068019226152,19245.310615271657,0.39635535307517084
NVDA,last12m,rth,09:30,16:00,2,52,15600.0,1682360,1.0,0.00046535785198717955,8.21589423076923e-07,107.84358974358975,20.749423076923076,10.609615384615385,10.403717948717949,0,0,456.26153582449103,300.0,484.344743510358,300.0,81987.45799137146,53722.5,87082.24464482816,54049.5,179.8045826134917,1.2836011105827638,1.0,2.0,0.7134891683141305,0.558455899483451,1.110523975443804,1.2836011105827638,0.7575462977964234,0.20389423388884334,0.00014985288051161795,0.0,323639,0.021404244405014886,0.3162078197540776,97.50291876825297,566.4709258086611,0.6130287140919358
NVDA,normal18m,rth,09:30,10:00,4,8,2400.0,483378,1.0,0.0006458020962500001,2.0022879166666667e-06,201.4075,46.16,22.875,23.382916666666667,0,0,377.82148786919066,200.0,404.35698180770845,200.0,59498.90860070602,35719.0,62747.27039511907,35844.0,161.85991062371684,1.7668395113490707,2.0,3.0,1.1775561628250655,1.1112246135315897,1.7869422323548037,1.7668395113490707,0.4556126327488936,0.3793447233473943,0.011999596326942153,0.0,110776,0.02661400103858087,0.7066356869807722,63.57231579167871,122.353570173947,0.5317487542427963
NVDA,normal18m,rth,10:00,10:30,4,8,2400.0,460639,1.0,0.0007186646070833332,3.1701116666666667e-06,191.93291666666667,33.156666666666666,16.585416666666667,16.844583333333333,0,0,437.42291926473564,250.0,463.73738550286333,250.0,70823.70198431918,35982.0,73095.94440955542,35986.0,162.53475607980639,1.3804954885235274,1.0,2.0,0.871043936300389,0.8925892530836064,1.6626413061805587,1.3804954885235274,0.6900480591162595,0.24853320327280104,0.0006389416098205563,0.0,79568,0.02353593724573073,0.5435830823592769,83.43319107306337,199.7718114526369,0.5551980695757088
NVDA,normal18m,rth,10:30,11:00,4,8,2400.0,318867,1.0,0.0006526807483333333,2.4526375e-07,132.86125,21.710833333333333,11.18875,10.75375,0,0,437.1248515510641,300.0,495.08640587066344,300.0,71118.25857149507,54139.5,81413.2890965115,54336.0,163.13815743275077,1.2863263073056506,1.0,2.0,0.8175406011747962,0.5572327448058713,1.1146887342834717,1.2863263073056506,0.7527256884790544,0.21046842745559163,7.182537999225817e-06,0.0,52098,0.022777182418573228,0.5186869993936697,119.70748367885929,337.6349392452843,0.5557219087105071
NVDA,normal18m,rth,11:00,11:30,4,8,2400.0,305080,1.0,0.0005554028270833333,1.6642666666666665e-06,127.11666666666666,17.86625,8.97375,9.13625,0,0,581.1296138228561,400.0,720.0476705368958,350.0,93083.72736776336,55152.0,107772.97035344673,55163.0,163.33074149795146,1.1932678012327653,1.0,2.0,0.7484155235937999,0.555550685992587,1.108502909239822,1.1932678012327653,0.8232012362114771,0.16049859827602658,0.0,0.0,42871,0.020952366902505806,0.33714692152776565,133.45376679284385,471.5138236041382,0.6000793076905134
NVDA,normal18m,rth,11:30,12:00,4,8,2400.0,261760,1.0,0.00076895791875,8.393149166666667e-06,109.06666666666666,18.000416666666666,9.215416666666666,9.032916666666667,0,0,506.70476776117096,350.0,578.4114632927692,350.0,80259.82973921369,45008.0,92704.02585075179,49666.5,163.56354764883375,1.2096900374382846,1.0,2.0,0.7636174107530918,0.5575435825857972,1.1046886075398037,1.2096900374382846,0.8131976700522419,0.16434538840068094,0.0,0.0,43193,0.02006014679394131,0.20163973030787083,123.41001566782724,555.0185309723452,0.6504989234366679
NVDA,normal18m,rth,12:00,12:30,4,8,2400.0,257306,1.0,0.0008250428720833332,1.51843125e-06,107.21083333333333,15.48625,8.0125,7.627083333333333,0,0,612.6822337529098,400.0,697.3519250639378,400.0,95122.71673473548,60823.5,106891.95120267461,60975.0,163.5693052771538,1.15849239542343,1.0,2.0,0.7263263601411458,0.5586488371514342,1.1098975183247077,1.15849239542343,0.8614367796089594,0.11928859644775286,7.172995587248077e-06,0.0,37159,0.0200534515331433,0.1861490455161969,130.79398477225013,715.7633508566471,0.6582792863101806
NVDA,normal18m,rth,12:30,13:00,4,8,2400.0,159477,1.0,0.00028845057166666663,2.248916666666667e-08,66.44875,8.836666666666666,4.617916666666667,4.310833333333333,0,0,599.4993647475079,450.0,591.8553029670256,400.0,94353.85869640794,69690.0,93454.00184778648,60949.5,163.4968757607954,1.1133832482947656,1.0,2.0,0.7037576939604356,0.5582519141771709,1.1092786218876458,1.1133832482947656,0.890232722557497,0.10615526727362375,0.0,0.0,21200,0.019785584490347674,0.17451340559566877,226.17491951532844,1332.6009951028602,0.660377358490566
NVDA,normal18m,rth,13:00,13:30,4,8,2400.0,169178,1.0,0.0010274657154166666,9.237787499999999e-07,70.49083333333333,8.535,4.4925,4.159583333333333,0,0,570.5137844279329,400.0,630.0660136043972,400.0,89859.55968368168,55007.0,102035.69540828858,55229.0,163.18833124961978,1.1106205114897723,1.0,2.0,0.7069494786345417,0.5594841145646984,1.1074543860545736,1.1106205114897723,0.89102299603485,0.10733352275217012,0.0,0.0,20476,0.02115385924992704,0.28563968168885767,256.9704993701561,1177.4576861597163,0.6039753858175425
NVDA,normal18m,rth,13:30,14:00,4,8,2400.0,188268,1.0,0.0004434388991666667,1.570852083333333e-06,78.445,11.74125,6.320416666666667,5.557083333333333,0,0,492.9650223936987,350.0,567.53168781643,350.0,80692.49383514766,54015.0,93118.65943044868,54004.5,163.34877110131288,1.1554239003866662,1.0,2.0,0.7339682646279122,0.5579254130589437,1.1054118880702806,1.1554239003866662,0.852703606227197,0.13918771413671174,1.8793967665542504e-06,0.0,28171,0.020474099959058755,0.21581437603011605,166.0775788121198,968.7091966432505,0.6360086613893721
NVDA,normal18m,rth,14:00,14:30,4,8,2400.0,158840,1.0,0.0005310942820833333,2.431979166666667e-07,66.18333333333334,8.476666666666667,4.479583333333333,4.100833333333333,0,0,716.8189448824986,350.0,550.9088156918813,400.0,111817.04263618813,54018.0,90354.88140836649,54327.0,163.36117626871103,1.0930542414182218,1.0,1.0,0.7037474528205284,0.5585810158992269,0.8932326278697755,1.0930542414182218,0.907774081976043,0.09139759462969199,0.0,0.0,20336,0.019853591440734272,0.24835616580850084,232.01326756216883,1252.0161535004343,0.6156569630212431
NVDA,normal18m,rth,14:30,15:00,4,8,2400.0,138583,1.0,0.0009032211025,1.4889708333333332e-07,57.742916666666666,6.131666666666667,3.1,3.0858333333333334,0,0,573.3120518450363,350.0,585.0366074351066,400.0,93663.15460858817,53952.0,94487.75358081455,63001.5,163.292035968299,1.051323426658502,1.0,1.0,0.6741905185267107,0.5591044486408336,0.8918284459798069,1.051323426658502,0.9486823823133147,0.05131208549114888,0.0,0.0,14708,0.02023904042898264,0.2487592396999131,363.18257207519304,1664.504018106643,0.6093282567310307
NVDA,normal18m,rth,15:00,15:30,4,8,2400.0,152633,1.0,0.0010791311991666668,1.8219458333333335e-07,63.59708333333333,6.610833333333333,3.4075,3.32,0,0,783.1757890500741,500.0,985.9870380297511,500.0,125909.88101393938,69422.0,146403.58368858325,71764.0,163.10115578252928,1.0410527222575658,1.0,1.0,0.6630807124421004,0.5601209434474095,0.8897146834062198,1.0410527222575658,0.95945673260097,0.040033813432290316,0.0,0.0,15858,0.018009431344419218,0.1337494900439599,347.79794709613395,1610.3928081900763,0.6791524782444193
NVDA,normal18m,rth,15:30,16:00,4,8,2400.0,224646,1.0,0.0008206232770833333,6.820400416666667e-06,93.6025,7.372916666666667,3.6616666666666666,3.7579166666666666,0,0,1127.7186171532626,1000.0,1015.7609709675282,900.0,182206.27036500705,112140.0,164007.91126060154,106588.5,162.9458051428497,1.012761489586374,1.0,1.0,0.6478463826406997,0.5590851517149094,0.8922588070246967,1.012761489586374,0.9881598636732225,0.011342548902459393,9.173435459505254e-05,0.0,17687,0.01787283921255584,0.15076813835127809,299.3781467925508,1453.931292428745,0.6744501611352971
NVDA,normal18m,open5,09:30,09:35,4,4,1200.0,208893,1.0,0.0004305994741666667,4.409591666666667e-06,174.0775,53.7925,26.6875,27.156666666666666,0,0,344.84628183516725,200.0,442.26758416638654,200.0,55042.64266158905,35838.0,66685.72852367866,35840.0,161.93732056496964,2.9631586778900525,3.0,5.0,1.8962417258867024,1.6921872510702038,3.333255534937268,2.9631586778900525,0.1338214163843297,0.2691109720350502,0.12053372892732214,0.0,64547,0.01770367092806824,0.28914772623869517,51.63634674367539,152.196894681341,0.6733697925542628
NVDA,normal18m,close5,15:55,16:00,4,4,1200.0,193343,1.0,0.0015736709466666666,5.292060833333334e-06,161.11916666666667,13.46,6.823333333333333,6.65,0,0,2037.7469056983284,1000.0,1839.7161588036342,1250.0,306482.48093532637,179330.0,286290.87178403,203838.5,162.61702581840194,1.0124524442037508,1.0,1.0,0.6482415538723141,0.5596943035021426,0.8912265392424507,1.0124524442037508,0.9885638088013176,0.010896230618400966,0.00011182955473006408,0.0,16148,0.01614535575957191,0.1656611909549403,130.66336731142064,958.2656440179283,0.6798365122615804
NVDA,normal18m,pre,04:00,07:00,4,4,1200.0,1017,1.0,1.4464816666666666e-06,2.3790833333333333e-08,0.8475,0.3958333333333333,0.225,0.17416666666666666,0,0,337.50250970457535,150.0,357.1829805998971,200.0,53851.94086271135,20212.0,53891.35208115315,31311.5,162.22339860975399,5.401224338233276,5.0,10.0,3.375374268976255,2.805087968832647,5.634163936907871,5.401224338233276,0.018808378717608668,0.06485162268622408,0.5714772336747611,0.0,471,0.04205776149545114,128.8249551693135,6839.116472814297,8782.596905071674,0.3524416135881104
NVDA,normal18m,pre,07:00,08:00,4,4,1200.0,3046,1.0,6.251258333333333e-07,5.9341e-07,2.5383333333333336,0.9741666666666666,0.4866666666666667,0.48833333333333334,0,0,393.84797577503804,250.0,482.7792710429247,250.0,64453.29462437718,44885.5,76862.40978579843,36008.0,162.16565956839298,3.8113578386535996,4.0,6.0,2.476977895145643,2.2487757671195996,4.518223180803954,3.8113578386535996,0.08136995634054091,0.15567159570308428,0.3015270505356825,0.0,1165,0.025025749711836458,3.2359365692962774,3102.1776647995052,5341.7924729755105,0.448068669527897
NVDA,normal18m,pre,08:00,09:00,4,4,1200.0,2537,1.0,0.0011533465866666668,4.751266666666667e-07,2.1141666666666667,0.87,0.4216666666666667,0.4508333333333333,0,0,322.2074351123301,250.0,569.2657769353356,200.0,52024.639534387075,36176.0,94260.78066873111,36118.0,162.4310240917103,2.9784501608560103,3.0,5.0,1.9258959249169754,1.6838201884270052,3.6253707232103403,2.9784501608560103,0.09778126236534096,0.3879496247799172,0.1437289510729159,0.0,1040,0.05011872336272724,85.11380382023772,3480.7005884284135,4999.725799679029,0.3346153846153846
NVDA,normal18m,pre,09:00,09:30,4,4,1200.0,6085,1.0,0.0026278675975000003,2.2804791666666666e-06,5.070833333333334,2.61,1.2691666666666668,1.3441666666666667,0,0,414.4238812506126,200.0,454.30745297331976,300.0,66209.10132944507,35833.0,72305.39832723117,53731.5,161.5670993385581,4.521234697906525,3.0,8.0,2.756264229606675,2.2562254006596447,4.975847983718508,4.521234697906525,0.07182103523268146,0.28508953375722274,0.3511493522133467,0.0,3128,0.008295136356597737,0.3748979308704188,1096.4781961431859,2585.6795882935603,0.5687340153452686
NVDA,normal18m,post,16:00,17:00,4,4,1200.0,598,1.0,1.0388083333333333e-07,0.0,0.49833333333333335,0.22666666666666666,0.10916666666666666,0.1175,0,0,966.8984453840495,500.0,670.384863814555,350.0,148235.69618040076,89524.0,110894.86267049934,62668.0,162.49342646793832,3.839966091067211,3.0,7.0,2.592335751795816,2.2230907164442946,6.250833310210205,3.839966091067211,0.07855088622243152,0.2643805543040723,0.3239060185051271,0.0,268,0.03144126420258795,584.3414133735183,11149.94505529106,13817.675995854983,0.30970149253731344
NVDA,normal18m,post,17:00,18:00,4,4,1200.0,409,1.0,2.7147833333333333e-07,0.0,0.3408333333333333,0.2125,0.13916666666666666,0.07333333333333333,0,0,788.7872641120686,450.0,646.4332715230438,550.0,130618.86041588351,81015.0,100663.56007868961,89387.0,162.61892077695714,2.9353045447307524,3.0,5.0,1.9270508371223665,1.6819443276428179,3.5725980493129277,2.9353045447307524,0.1559582627342892,0.18612296211001816,0.13156038716662796,0.0,251,0.006988947284027871,12.115276586285914,11748.975549395294,17816.050947315678,0.398406374501992
NVDA,normal18m,post,18:00,20:00,4,4,1200.0,2027,1.0,2.0230566666666665e-06,9.330716666666666e-07,1.6891666666666667,0.9208333333333333,0.53,0.39416666666666667,0,0,540.1634121048671,300.0,508.9945144435223,200.0,83962.88281755782,53922.0,80913.10562785335,35872.0,161.17825606440104,3.5768170730911257,2.0,7.0,2.368591772353516,1.68413238183105,4.71790072435091,3.5768170730911257,0.14662554163725136,0.3941560073649078,0.2376547813763661,0.0,1101,0.021735714103715994,3.831186849557288,1523.7603434230275,16716.97270739877,0.43142597638510444
NVDA,normal18m,pre,04:00,09:30,4,16,4800.0,12685,1.0,0.0009458214479166668,8.432016666666664e-07,2.642708333333333,1.2125,0.600625,0.614375,0,0,366.9771692120472,200.0,465.8616750352474,250.0,59132.14124176808,35929.0,74325.56987169418,36598.0,162.09704745789338,4.591654247847765,4.0,8.0,2.892205225780859,2.7030696391994753,5.406369468104998,4.591654247847765,0.049361249540917924,0.16013106462187002,0.42459315977082823,0.0,5804,0.014522991218736304,1.438798578255846,2250.108135144497,4982.092711343412,0.4850103376981392
NVDA,normal18m,post,16:00,20:00,4,12,3600.0,3034,1.0,7.994719444444442e-07,3.110238888888889e-07,0.8427777777777777,0.4533333333333333,0.2594444444444444,0.195,0,0,765.2832532531141,400.0,608.6043091842995,400.0,120939.18108570571,72088.0,97490.52504271918,62668.0,162.09686861397086,3.482226195495054,3.0,7.0,2.314142533406304,1.6819443276428179,4.465282049808608,3.482226195495054,0.13194005805780584,0.30970388278597655,0.23269399210612182,0.0,1620,0.015448591479026767,10.19932494919108,4923.882631706744,16077.295275086708,0.40617283950617283
NVDA,normal18m,rth,09:30,16:00,4,104,31200.0,3278655,1.0,0.0007123058551282051,2.069640032051282e-06,105.08509615384615,16.160416666666666,8.225416666666666,8.08227564102564,0,0,601.2882591584344,300.0,637.3779455184629,400.0,96029.69423542176,54207.0,100650.40200588918,54268.5,163.13312963133586,1.197910977789583,1.0,2.0,0.7644701882017112,0.5588485310111608,1.1100314937978424,1.197910977789583,0.8333970388229792,0.14071688669092783,0.0009805608933211377,0.0,504101,0.021765307548059155,0.371292296112404,115.83885706191153,732.0156656712793,0.5927026528413949
NVDA,y2022,rth,09:30,10:00,2,4,1200.0,71884,1.0,5.835550416666666e-05,1.5232333333333332e-07,59.903333333333336,31.551666666666666,17.085,15.256666666666666,0,0,224.1876000698492,100.0,195.2238481385641,100.0,39035.87210264508,17613.5,34977.42990747215,17618.0,176.06213105419337,6.912208868486626,5.0,14.0,3.6182159702422583,3.07539692125565,6.291290641625429,6.912208868486626,0.023347768884734454,0.11152787611207028,0.5368152371399609,0.0,37858,0.02739844704435771,0.672651220209529,99.59342847507996,184.11866678233912,0.5384595065772095
NVDA,y2022,rth,10:00,10:30,2,4,1200.0,61600,1.0,1.5786646666666668e-05,9.9005e-08,51.333333333333336,26.249166666666667,13.25,13.595,0,0,184.07594081994276,100.0,184.50216414186133,100.0,31186.231020000927,17306.0,32239.75619513277,17320.0,173.06297909282372,5.3607475646601515,5.0,9.0,2.9875940129017438,3.0630414958968095,4.183240156090802,5.3607475646601515,0.0148020270665126,0.09080911089023697,0.534449170685859,0.0,31495,0.040594798938695255,1.5158470787010765,115.00128754404923,188.62753415475044,0.45861247817113826
NVDA,y2022,rth,10:30,11:00,2,4,1200.0,63647,1.0,1.82058775e-05,5.20825e-08,53.03916666666667,27.034166666666668,14.424166666666666,13.148333333333333,0,0,204.3962979821827,100.0,198.98211227819667,100.0,35102.85889517616,17203.0,33516.92185018279,17221.5,171.84568446648314,4.6116184114178225,4.0,8.0,2.563943030711924,2.3422912906523554,3.7451246135832954,4.6116184114178225,0.04163464853791432,0.17447039206510603,0.4604826439395273,0.0,32437,0.04534594548077737,1.2915827750251796,108.61448402396903,192.5381951591757,0.47100533341554396
NVDA,y2022,rth,11:00,11:30,2,4,1200.0,52668,1.0,0.00010585050833333331,0.0,43.89,20.464166666666667,10.913333333333334,9.943333333333333,0,0,165.27303823644445,100.0,275.878783938935,100.0,28318.639971086715,17315.5,43341.73646701781,21469.0,173.01756331898417,4.328678193541364,4.0,7.0,2.362558741811909,2.281834262984022,3.2647159633770744,4.328678193541364,0.054049845672806456,0.2499628278198895,0.46119142565684473,0.0,24553,0.04733598161152179,1.7097653361717209,141.13923186725847,255.15810729874525,0.4525719871298823
NVDA,y2022,rth,11:30,12:00,2,4,1200.0,47488,1.0,1.1597240833333334e-05,0.0,39.57333333333333,18.133333333333333,9.130833333333333,9.325833333333334,0,0,217.7932888848064,100.0,198.4998745652674,100.0,36403.07942304005,21270.5,32599.86662458178,17191.5,171.90239522011342,3.213008071995075,3.0,5.0,1.796301412016425,1.52442809030791,2.818593523147841,3.213008071995075,0.12355642432777603,0.30722917777659964,0.24078107756364428,0.0,21756,0.05040244598835249,2.3377855221111212,158.2790749228707,296.0932442411663,0.4199760985475271
NVDA,y2022,rth,12:00,12:30,2,4,1200.0,52390,1.0,8.710819166666667e-06,6.99295e-07,43.65833333333333,21.589166666666667,10.489166666666666,11.506666666666666,0,0,200.99611322545587,150.0,195.31271103990912,100.0,32676.619338933073,23528.5,31555.011588235593,17031.0,170.10832685104756,3.627491065875068,3.0,6.0,2.021039615528747,1.909277269980714,2.8623130100386103,3.627491065875068,0.11183383125661965,0.2829500461114043,0.361994934893665,0.0,25903,0.04606505135146508,1.4377503640562466,132.18903918201573,258.71484097797173,0.45983090761687834
NVDA,y2022,rth,12:30,13:00,2,4,1200.0,64176,1.0,1.5569409166666663e-05,3.5813750000000004e-07,53.48,25.245,12.751666666666667,12.925,0,0,211.21248790375762,100.0,208.7725345435366,100.0,35116.76182638508,16962.5,34017.61963075311,16974.0,169.79586954228893,3.417447074214421,3.0,6.0,1.9065720937556665,1.912260333376041,2.869185430350408,3.417447074214421,0.1286662007160831,0.3124508872977548,0.31498249871344725,0.0,30290,0.04080744806890387,1.1554944321719847,110.70164075151546,248.5594869300829,0.47679102013865965
NVDA,y2022,rth,13:00,13:30,2,4,1200.0,47106,1.0,1.8925579166666668e-05,1.562475e-07,39.255,18.723333333333333,9.56,9.5175,0,0,213.76222268034772,100.0,202.669225221693,100.0,34774.05983392321,20563.5,33399.52156258682,16870.0,168.62512004999894,3.610234145976367,3.0,7.0,2.0092581133683565,1.9451764959276872,3.405243834234785,3.610234145976367,0.1474020283591222,0.2910971353217459,0.3616807465051469,0.0,22464,0.038584471504817364,1.125474491250367,148.56222561086352,346.51025291190194,0.48032407407407407
NVDA,y2022,rth,13:30,14:00,2,4,1200.0,38548,1.0,5.6897243333333335e-05,0.0,32.123333333333335,14.710833333333333,7.864166666666667,7.154166666666667,0,0,242.79062156390748,150.0,206.4206738939782,100.0,38364.624517723445,23341.5,33829.23330577822,20479.5,167.7935401202713,4.081299607805233,3.0,8.0,2.2503336061760595,2.285063463834036,3.911930746055822,4.081299607805233,0.14891331107022876,0.2785360815243748,0.4353274070127396,0.0,17649,0.04426247701945022,1.5866948825854144,196.01658456262004,413.1614744919355,0.4536800951895292
NVDA,y2022,rth,14:00,14:30,2,4,1200.0,52477,1.0,6.6596985e-05,4.185416666666667e-08,43.73083333333334,20.623333333333335,10.116666666666667,10.886666666666667,0,0,219.1011581195039,150.0,191.2673558842333,100.0,34634.93386915465,23187.0,31105.19575156545,20241.5,166.2657260426031,3.236894027480498,3.0,6.0,1.845201467730311,1.5338705251491844,2.9599250517765654,3.236894027480498,0.16622223799948402,0.30395476774454794,0.25912489749903533,0.0,24744,0.041703708133661775,1.1817428480994718,132.143483609004,306.0618092922491,0.47130617523440027
NVDA,y2022,rth,14:30,15:00,2,4,1200.0,48959,1.0,7.255904333333331e-05,2.9329166666666665e-08,40.799166666666665,16.77,8.876666666666667,8.179166666666667,0,0,223.84550703029674,150.0,202.1231734382044,100.0,35693.528978276285,23155.5,32304.1944179985,16673.5,166.52566177959298,3.847334967629596,3.0,7.0,2.1508290775402927,1.9725075745544265,3.4514050795237745,3.847334967629596,0.15580158611273542,0.27220414310490254,0.4119295934504398,0.0,20120,0.053781217632149596,2.138555284989781,171.7090507530472,313.6117563663821,0.4305666003976143
NVDA,y2022,rth,15:00,15:30,2,4,1200.0,63254,1.0,5.883068583333333e-05,1.7541583333333334e-07,52.711666666666666,23.738333333333333,12.53,11.7925,0,0,289.2779094262335,150.0,215.97633908723847,150.0,47670.78027739717,23031.5,34079.76115951329,23034.5,165.50450527332268,2.707184502725665,2.0,5.0,1.5772049416179215,1.5418362158253254,2.483125210722755,2.707184502725665,0.2150038443803669,0.34417210074063376,0.13982393768464915,0.0,28482,0.06379904227091596,1.5867950365132928,113.84324793567033,264.3786785400883,0.4424899936802191
NVDA,y2022,rth,15:30,16:00,2,4,1200.0,111058,1.0,0.00026776039833333336,8.304010000000001e-06,92.54833333333333,38.509166666666665,19.523333333333333,19.921666666666667,0,0,555.2736662749766,150.0,215.70174881608006,150.0,96012.07980679654,23031.5,33426.77283438761,23007.5,165.29483269933922,2.041676596364084,2.0,3.0,1.25746288057985,1.4926281711927307,1.5429725931383944,2.041676596364084,0.23513646490239415,0.5202925976681354,0.004734157502389853,0.0,46207,0.066837865704348,1.418897417257413,73.61414479889771,142.99604310505842,0.4570736035665592
NVDA,y2022,open5,09:30,09:35,2,2,600.0,42075,1.0,2.778885e-05,1.5447783333333334e-06,70.125,40.46333333333333,20.213333333333335,21.19333333333333,0,0,303.74291456476476,200.0,239.80270848635743,150.0,49583.63240488751,34912.0,44730.737183291414,28405.5,175.50223933549833,9.10462571552352,6.0,18.0,4.837916230268875,4.087703010168826,8.224844759099811,9.10462571552352,0.006866977991713507,0.031996399803833175,0.713114688071219,0.0,24276,0.021014869159442146,0.45723627706167835,72.8256322886779,167.53378726598405,0.5887296094908552
NVDA,y2022,close5,15:55,16:00,2,2,600.0,39659,1.0,6.788794333333333e-05,2.6272666666666665e-07,66.09833333333333,22.626666666666665,11.841666666666667,11.475,0,0,404.1233425815596,300.0,483.37672829372895,250.0,63396.02788189075,46397.0,72584.27592297673,36359.5,166.59396465258166,2.539768323496227,2.0,5.0,1.4428565200247119,1.4852554845934265,2.475627556428614,2.539768323496227,0.35297671864320274,0.22930835485635334,0.11060578158145416,0.0,13574,0.05477862301920242,1.506367837528664,115.84956020617302,275.1214146240552,0.4549874760571681
NVDA,y2022,pre,04:00,07:00,2,2,600.0,190,1.0,0.0,0.0,0.31666666666666665,0.24,0.07166666666666667,0.18,0,0,221.61468975149998,100.0,104.193738097,100.0,35613.35963081772,17510.5,18291.121861802574,17531.0,175.16629538993448,28.910287029136672,28.0,40.0,16.605286296795054,16.067944450820352,18.365472910927718,28.910287029136672,0.0,0.0,0.9999998527933334,0.0,142,0.0816582371358593,562.3413251903502,7244.3596007499145,11172.182412304266,0.2323943661971831
NVDA,y2022,pre,07:00,08:00,2,2,600.0,219,1.0,0.0,0.0,0.365,0.24833333333333332,0.075,0.185,0,0,389.5108668875,150.0,152.48793393583333,100.0,64050.28386146677,23963.5,28195.661475966783,17438.5,174.16485351992964,19.47662426641833,18.0,29.0,12.1090241541633,11.511469899566368,22.095687033637258,19.47662426641833,0.0,0.0,1.0,0.0,147,0.08835883884127874,76.44222742526016,14847.95582104212,16512.52845267395,0.272108843537415
NVDA,y2022,pre,08:00,09:00,2,2,600.0,668,1.0,0.0019739606433333335,0.0,1.1133333333333333,0.7233333333333334,0.30666666666666664,0.435,0,0,291.5946480298509,150.0,257.3560043732917,150.0,50055.305381851205,28291.0,42655.99139991184,24091.5,174.43831408183456,19.567250016044934,14.0,38.0,10.59511227927614,9.217399706064526,18.874808782428612,19.567250016044934,0.022255160038360144,0.019891632063825663,0.8966926842946292,0.0,432,0.034446322011182154,4.731512589614806,4494.974918189752,6499.070911793603,0.42592592592592593
NVDA,y2022,pre,09:00,09:30,2,2,600.0,655,1.0,0.00022515215500000006,0.0011868612966666665,1.0916666666666666,0.705,0.23166666666666666,0.5116666666666667,0,0,221.17871236791913,200.0,480.6304863137895,300.0,43084.09306187357,39324.5,73671.68402213555,48229.0,174.72368026648863,13.675134064255408,10.0,24.0,7.48390513657015,6.880508065463397,11.523341091935468,13.675134064255408,0.004248806366743369,0.008727580162256273,0.9571526082214399,0.0,421,0.04555871105819607,10.760146438152605,3969.6297343000733,8463.012360715136,0.35391923990498814
NVDA,y2022,post,16:00,17:00,2,2,600.0,130,1.0,1.5741666666666667e-07,0.0,0.21666666666666667,0.145,0.065,0.08833333333333333,0,0,555.8012400458784,150.0,192.23052647762205,200.0,106769.07114267183,26764.0,32476.754231345632,33356.0,166.7397940836204,10.927885202444596,12.0,16.0,7.168760546338542,7.436012640396438,12.14513435554855,10.927885202444596,0.013323463989001956,1.5092827375862574e-05,0.8183543947392876,0.0,85,0.05623413251903492,1412.5375446227542,14537.843856076606,12797.43149044887,0.2235294117647059
NVDA,y2022,post,17:00,18:00,2,2,600.0,63,1.0,0.0,0.0,0.105,0.07666666666666666,0.05,0.03166666666666667,0,0,150.15385284766666,100.0,233.93502781566664,200.0,26500.094205810907,16692.0,42822.40505350153,36912.5,166.9802876581068,14.426016933116665,17.0,20.0,9.365617600962635,9.854383979744481,15.172204521316084,14.426016933116665,1.125235e-06,0.044678813686666666,0.8943903102949999,0.0,44,0.6506288748655574,2818.3829312644552,29648.31389524346,27765.844814291122,0.1590909090909091
NVDA,y2022,post,18:00,20:00,2,2,600.0,9,1.0,0.0,0.0,0.015,0.015,0.011666666666666667,0.005,0,0,270.4376855698334,250.0,292.192761576,150.0,44094.644337300706,39969.0,51977.49630835993,23305.0,166.88427067587574,8.797737943906666,11.0,11.0,5.797093676108276,6.945133445779084,8.322299981084564,8.797737943906666,0.0,0.0,0.754098006145,0.0,8,0.9549925860214359,5843.414133735179,144543.9770745933,139645.7072566348,0.125
NVDA,y2022,pre,04:00,09:30,2,8,2400.0,1732,1.0,0.0005497781995833334,0.0002967153241666666,0.7216666666666667,0.4791666666666667,0.17125,0.3279166666666667,0,0,280.99061007182706,100.0,248.5807958798409,100.0,48201.65224001503,21743.5,40691.00269594321,21769.0,174.62334170400786,24.111327709454727,23.0,37.0,13.865808707656305,15.60850204287763,18.869055488828213,24.111327709454727,0.004432647858496697,0.004410076753627964,0.9773215539609726,0.0,1142,0.04618973329069594,12.915496650148848,5469.51374358586,10385.161742279994,0.3555166374781086
NVDA,y2022,post,16:00,20:00,2,6,1800.0,202,1.0,5.2472222222222223e-08,0.0,0.11222222222222222,0.07888888888888888,0.042222222222222223,0.041666666666666664,0,0,325.46424740149905,150.0,239.45277443428583,200.0,59121.267395074996,29920.5,42425.552386437914,26405.0,166.8681174792677,10.737344505843652,11.0,18.0,7.0321413748794335,8.322299981084564,12.14513435554855,10.737344505843652,0.0033311473060004897,0.011173476628510632,0.8052351793310721,0.0,137,0.08381723563641628,2560.55042797048,22777.182418573237,26449.97132556737,0.19708029197080293
NVDA,y2022,rth,09:30,16:00,2,52,15600.0,775255,1.0,5.966507237179488e-05,7.744384615384616e-07,49.69583333333333,23.33397435897436,12.039615384615384,11.780961538461538,0,0,242.4547847067856,100.0,207.02486406764925,100.0,40382.84836253478,20955.0,33876.341891197066,20300.0,169.6773479024239,3.9227867718380165,3.0,7.0,2.180516637939264,1.9856985011983528,3.452214895540432,3.9227867718380165,0.12048776922856433,0.272276684796243,0.34795341419677506,0.0,363958,0.04437182410158916,1.315615731114496,119.17755541473514,251.62809016235533,0.4658614455514098
NVDA,y2023,rth,09:30,10:00,2,4,1200.0,34237,1.0,5.230514999999999e-05,0.0,28.530833333333334,16.6525,7.429166666666666,9.23,0,0,253.77868536253806,150.0,230.62263831952407,200.0,88986.63332522179,50552.5,82532.78807489113,73033.0,365.73885663897465,16.11858183219635,12.0,31.0,4.039367815816763,3.591348771533759,6.853101903337598,16.11858183219635,0.0010653874360829856,0.012899393848063464,0.9266182466238825,0.0,19979,0.023323672512470216,0.44609400436332075,152.4009430201324,460.97409194028273,0.5826117423294459
NVDA,y2023,rth,10:00,10:30,2,4,1200.0,34792,1.0,1.2939033333333334e-06,4.265083333333333e-08,28.993333333333332,16.126666666666665,8.160833333333333,7.9675,0,0,298.400467101971,200.0,260.2746392755703,200.0,114402.16090129678,72813.0,97269.73702737695,72862.0,364.5960784357972,11.337482200317405,8.0,22.0,2.8598241654717556,2.503035456056771,4.898774065240729,11.337482200317405,0.0013604625916652784,0.0209007607266655,0.8066809722378143,0.0,19348,0.02574811862330945,0.7126389660007073,158.19255719487424,464.6223186562925,0.5366962993591069
NVDA,y2023,rth,10:30,11:00,2,4,1200.0,24297,1.0,3.639489166666667e-06,0.0,20.2475,10.971666666666666,5.305833333333333,5.6675,0,0,259.91517556546574,200.0,234.1722892096764,200.0,100151.22032006724,73015.0,88523.10914090616,73036.0,365.3863394942543,11.244067686105032,8.0,22.0,2.8036630500475357,2.431832582672807,4.851782733375145,11.244067686105032,0.003514969360192905,0.02152810783464857,0.7597733516852158,0.0,13162,0.027070732039213584,0.8579434177317035,242.69001198295493,606.9127320891798,0.5134478042850631
NVDA,y2023,rth,11:00,11:30,2,4,1200.0,32861,1.0,4.9423175e-06,5.476333333333334e-08,27.384166666666665,14.753333333333334,6.965833333333333,7.79,0,0,196.65821485166282,150.0,284.74207557441827,200.0,72180.08378272489,50170.5,108276.8982270982,72843.0,364.3313656042174,9.005789981871343,7.0,17.0,2.280143040104018,1.9869099528146033,3.753737022647429,9.005789981871343,0.009497992781404346,0.048184807017542255,0.6946013468190771,0.0,17700,0.02738645483270197,0.6697339820851471,142.98210619421528,649.5802472256003,0.5434463276836158
NVDA,y2023,rth,11:30,12:00,2,4,1200.0,24587,1.0,4.3913333333333336e-07,0.0,20.489166666666666,11.441666666666666,6.435833333333333,5.010833333333333,0,0,255.00220373563442,150.0,257.2813954512535,200.0,101162.92874480603,59426.0,93087.77788206417,55140.0,366.3739257233734,8.968693324049697,7.0,17.0,2.2798034207860627,2.1754763820258116,3.7230114459023067,8.968693324049697,0.003921693782146465,0.03129211096307567,0.7266179637463352,0.0,13726,0.028272592834156514,0.9404448517263514,234.0776776253202,595.7878631067667,0.5061197726941571
NVDA,y2023,rth,12:00,12:30,2,4,1200.0,23799,1.0,4.7179749999999996e-07,2.647433333333334e-07,19.8325,11.098333333333333,6.006666666666667,5.0925,0,0,217.79870425805584,200.0,226.9717714589777,150.0,81438.91678749434,73194.0,85057.29196737932,59438.5,366.1603965010588,9.843039865739119,7.0,20.0,2.4381180291335993,2.1738563390703303,4.382562090138218,9.843039865739119,0.007998047790055451,0.058363323098637204,0.6573462050289883,0.0,13314,0.02964279782132053,0.82822948040487,235.27160040497517,640.6293230326885,0.5179510289920385
NVDA,y2023,rth,12:30,13:00,2,4,1200.0,18914,1.0,8.994133583333334e-05,2.3059166666666666e-07,15.761666666666667,8.786666666666667,3.964166666666667,4.8225,0,0,229.38883682022967,150.0,239.671383491616,150.0,87984.86496794324,59394.5,87596.2336454146,59430.5,366.21392594680054,9.08811031717463,6.0,18.0,2.2358968858963415,1.80879576426134,3.9458897282396364,9.08811031717463,0.009822213941296742,0.09243520830840206,0.5714896513675767,0.0,10540,0.030036797819845265,0.8663121763244412,300.4975317356752,845.7290635855045,0.5127134724857685
NVDA,y2023,rth,13:00,13:30,2,4,1200.0,19847,1.0,5.211943333333334e-06,4.8729166666666664e-08,16.539166666666667,9.418333333333333,4.630833333333333,4.7925,0,0,197.33247385810193,100.0,270.21194845564975,200.0,71731.3648934533,45812.0,97720.33863910008,73537.0,367.61288336574256,9.2243688365518,6.0,18.0,2.262601196959402,1.80280323690982,3.9314190760688774,9.2243688365518,0.011318248742433238,0.08122278918482684,0.5892215555083002,0.0,11298,0.0286899459279116,0.8780485266954979,265.4605561975542,818.7066983558835,0.510798371393167
NVDA,y2023,rth,13:30,14:00,2,4,1200.0,22624,1.0,2.6226008333333333e-06,0.0,18.85333333333333,9.680833333333334,4.958333333333333,4.7225,0,0,312.94654810521126,200.0,267.6777631524247,200.0,111708.44690260883,73329.0,94585.5119989162,73373.0,367.3743280431126,8.135353545437486,6.0,16.0,2.0215093592555897,1.7483285053105173,3.4939135089491904,8.135353545437486,0.011601587810500528,0.09072464173368766,0.5750659892060423,0.0,11613,0.034542642315327825,0.9574478051548342,281.29550392811365,740.0249370768006,0.5045207956600362
NVDA,y2023,rth,14:00,14:30,2,4,1200.0,28265,1.0,2.4365550000000008e-06,7.457766666666666e-07,23.554166666666667,12.685833333333333,7.0125,5.6775,0,0,230.675186495784,150.0,237.12434462189415,150.0,90864.52765515963,59546.5,85370.19520166732,59573.5,367.040505956804,8.355355529284989,6.0,17.0,2.105936345286237,1.8084205656255528,3.7172772161131618,8.355355529284989,0.006411349438040349,0.046619206134442696,0.6461367917507402,0.0,15219,0.027712366316827105,0.6468710529804573,194.76645967686093,650.4656092835638,0.5567382876667324
NVDA,y2023,rth,14:30,15:00,2,4,1200.0,35702,1.0,3.8678175e-06,2.1694666666666667e-07,29.751666666666665,16.760833333333334,8.199166666666667,8.563333333333333,0,0,244.94240848847306,150.0,217.83772046246466,200.0,93668.52728843357,59136.0,80569.46390509876,72749.0,364.0288101890382,10.65921165967833,7.0,22.0,2.6074553118745523,1.9808121178142988,4.8441440946419965,10.65921165967833,0.015210519792219527,0.0802223791819998,0.6138391742240963,0.0,20109,0.027210050307520293,0.7819957001627206,162.7661543374736,397.77083069512776,0.5252871848426078
NVDA,y2023,rth,15:00,15:30,2,4,1200.0,23937,1.0,6.344400833333334e-06,0.0,19.9475,10.4,4.516666666666667,5.885,0,0,237.91540963505642,150.0,218.0467707321139,200.0,92130.3204450723,59021.5,81966.73208278533,72668.0,363.4871293752733,9.408786823111628,7.0,18.0,2.395990448979643,2.1915545404867336,3.9719149020981956,9.408786823111628,0.0028647409883984483,0.025292061192140763,0.7299470089730788,0.0,12476,0.02966490696580343,0.7504699953461496,262.4900848287362,670.9321013617704,0.5301378647002244
NVDA,y2023,rth,15:30,16:00,2,4,1200.0,38936,1.0,4.002682749999999e-05,6.646833333333334e-08,32.446666666666665,17.649166666666666,9.370833333333334,8.28,0,0,259.7344091168361,200.0,295.97313090179597,200.0,102304.04653338107,72471.0,116861.9909977122,72487.0,362.6725744431172,8.94458096307816,7.0,17.0,2.2923199371059853,1.9830020184429298,3.7448992116574824,8.94458096307816,0.003301289608747583,0.03459682223146193,0.7125952829693232,0.0,21175,0.025487857674035837,0.6754173188830765,163.28944584806385,378.83737537655765,0.5521133412042503
NVDA,y2023,open5,09:30,09:35,2,2,600.0,20466,1.0,4.115236666666666e-06,0.0,34.11,19.163333333333334,8.623333333333333,10.545,0,0,274.13904797922874,200.0,225.95129795039955,200.0,97644.40403065215,72462.0,82922.37612564067,72461.0,362.352651830473,19.433681975890636,16.0,38.0,5.069320723071945,4.68703430957185,8.48574756982627,19.433681975890636,0.0017709228744334138,0.0049702312836780215,0.9526589403253355,0.0,11496,0.020513117243968024,0.6320110007881845,144.70910842262882,378.8154479828442,0.5383611691022965
NVDA,y2023,close5,15:55,16:00,2,2,600.0,31628,1.0,8.600595000000003e-06,1.1612333333333334e-06,52.71333333333333,22.523333333333333,11.945,10.581666666666667,0,0,359.9661452198821,200.0,419.4846887275198,200.0,140308.3893140487,72556.0,162034.27390026822,72596.0,362.793439154415,7.757585951304003,5.0,16.0,1.941548198398927,1.5387623195902491,3.6897255452667266,7.757585951304003,0.03228873774044826,0.125640898236547,0.5322747987718782,0.0,13512,0.02749586578789419,0.6769723055817696,127.12142425030238,296.5043586328911,0.5541000592066312
NVDA,y2023,pre,04:00,07:00,2,2,600.0,160,1.0,0.0,0.0,0.26666666666666666,0.23166666666666666,0.09666666666666666,0.135,0,0,984.3332751306666,200.0,123.519145893,100.0,279648.02507079334,63708.0,42740.67268829376,36246.5,362.2172573823177,56.93735196267999,50.0,90.0,15.366705613946879,14.519056261342188,20.04328796222906,56.93735196267999,0.0,0.0,1.0,0.0,137,0.01375624810275308,37.58374042884438,11049.263568487579,22337.258855470798,0.4306569343065693
NVDA,y2023,pre,07:00,08:00,2,2,600.0,499,1.0,0.0,0.0,0.8316666666666667,0.385,0.21833333333333332,0.16833333333333333,0,0,286.13636871433334,200.0,241.47912269316663,200.0,97405.51745244299,63887.5,84495.51738221185,80999.5,362.15921105642104,18.703306503975003,15.0,34.0,5.294605177148697,5.421608440504415,8.486878838637534,18.703306503975003,0.0,0.00014074031333333333,0.9865479628866666,0.0,229,0.042109006984568396,40.973210981354164,5927.303193666741,13902.208139670473,0.4104803493449782
NVDA,y2023,pre,08:00,09:00,2,2,600.0,1064,1.0,0.0,0.0,1.7733333333333334,1.3016666666666667,0.685,0.6166666666666667,0,0,276.57100358683334,200.0,248.10661897416668,200.0,97988.73605276762,63966.0,84588.84503301198,64025.0,362.2909148364351,33.18421678777,29.0,59.0,8.938203576955253,8.648636264994378,14.058866999514905,33.18421678777,2.4368933333333335e-06,1.02251e-06,0.9922283478866668,0.0,779,0.03031563480059852,56.69848160539564,1645.8869432193062,4627.275428202554,0.3851091142490372
NVDA,y2023,pre,09:00,09:30,2,2,600.0,602,1.0,0.0,8.376833333333333e-08,1.0033333333333334,0.6333333333333333,0.29833333333333334,0.335,0,0,262.59314291832317,150.0,368.2259243068386,150.0,86617.8716107597,50023.5,112619.23086612891,50052.5,361.7269920801161,23.4300557809834,21.0,48.0,6.318574937385148,5.152639845027004,12.995451591943736,23.4300557809834,0.03895579840826233,0.032053288446717225,0.9230000742598446,0.0,378,0.03845917820453537,144.54397707459282,4841.723675840994,6440.470989315865,0.34656084656084657
NVDA,y2023,post,16:00,17:00,2,2,600.0,89,1.0,0.0,0.0,0.14833333333333334,0.12333333333333334,0.07,0.056666666666666664,0,0,398.6320440806667,250.0,885.9210718814998,650.0,128056.2165810058,77015.5,345743.7676955616,222380.0,363.2384566834961,12.550948466661668,13.0,21.0,3.885538401665731,3.295797861015498,7.739238016344153,12.550948466661668,0.0,0.009486472945000001,0.9579498090816668,0.0,72,0.06606934480075963,999.9999999999995,24547.089156850314,27648.10938949577,0.20833333333333334
NVDA,y2023,post,17:00,18:00,2,2,600.0,31,1.0,0.0,0.0,0.051666666666666666,0.03833333333333333,0.02666666666666667,0.011666666666666667,0,0,134.3525531935,150.0,497.9455694005,700.0,50645.182137320066,59045.5,164417.2999625069,226536.0,363.01647408832804,13.530499772603335,14.0,19.0,3.697637772889447,3.735483800086045,4.174860746421105,13.530499772603335,0.0,0.0,1.0,0.0,21,1603.2453906900432,11220.184543019635,78825.48774020215,71413.86449616407,0.0
NVDA,y2023,post,18:00,20:00,2,2,600.0,73,1.0,1.1528833333333333e-06,0.0,0.12166666666666667,0.115,0.09166666666666666,0.023333333333333334,0,0,375.3408304248544,550.0,136.83272676817015,150.0,149022.0208486145,222694.0,53055.39322367801,59085.0,363.1800795089314,21.156641310139154,20.0,38.0,6.415445569593622,5.272040797521389,14.012316088351172,21.156641310139154,0.0,0.0,0.9999998838548662,0.0,67,0.09332543007969918,1646.897865482872,27754.49523585707,28883.20201555082,0.22388059701492538
NVDA,y2023,pre,04:00,09:30,2,8,2400.0,2325,1.0,0.0,2.0942083333333332e-08,0.96875,0.6379166666666667,0.32458333333333333,0.31375,0,0,452.40845156266715,150.0,245.33270039315286,100.0,140415.03867331566,50126.0,81111.06583256501,44841.5,362.0985938466046,42.62083764914122,35.0,81.0,11.544038739024936,12.704949261758314,18.152114721365034,42.62083764914122,0.0035418792904480883,0.0029397103721258075,0.9891411541642283,0.0,1523,0.029614199653943622,62.348726350181266,3967.9978537018283,9093.499218428786,0.3834537097833224
NVDA,y2023,post,16:00,20:00,2,6,1800.0,193,1.0,3.842944444444444e-07,0.0,0.10722222222222222,0.09222222222222222,0.06277777777777778,0.030555555555555555,0,0,302.775114679739,250.0,506.8999315648275,450.0,109241.12456806937,86151.0,187738.87205202813,199616.0,363.1450034134389,17.09868271488583,16.0,24.0,5.103516828435606,4.393094056143492,7.739238016344153,17.09868271488583,0.0,0.00237161823625,0.9894873941978498,0.0,160,0.09261187281287937,1868.2223847710402,31622.776601683774,37887.14560913637,0.1875
NVDA,y2023,rth,09:30,16:00,2,52,15600.0,362798,1.0,1.6426405512820512e-05,1.285130769230769e-07,23.256282051282053,12.80198717948718,6.381282051282051,6.423205128205129,0,0,245.72996408849286,200.0,249.27753259275832,200.0,92978.03489825499,55431.0,92262.92648748058,55798.0,365.46285789642076,10.025634390307552,7.0,20.0,2.509429714930443,2.1738563390703303,4.402165809365334,10.025634390307552,0.006760663455053624,0.04956001346660363,0.6930717083978247,0.0,199659,0.027243480174519035,0.7325475856185628,198.5306770702932,592.7820841825658,0.5340054793422786
NVDA,y2024,rth,09:30,10:00,2,4,1200.0,177517,1.0,0.00018471555833333333,7.283775000000001e-07,147.93083333333334,60.23833333333334,29.904166666666665,30.3525,0,0,321.0889992129335,200.0,351.7409461530317,200.0,119484.09565728481,94774.0,148215.02479611794,94800.0,477.6759955846599,25.23407569354455,9.0,61.0,3.686537933404327,2.5559115354857864,7.233095489545004,25.23407569354455,0.14909547694289285,0.28392511941746007,0.5001596799229231,0.0,72282,0.03087988509727988,0.620465889666023,38.84425426264752,122.67296743440745,0.5613154035582856
NVDA,y2024,rth,10:00,10:30,2,4,1200.0,141106,1.0,0.0003506515175,6.28275e-08,117.58833333333334,36.84916666666667,18.7725,18.081666666666667,0,0,342.8306751012473,200.0,368.37350289028154,200.0,126025.27351388802,96459.0,134332.66967972252,96516.0,482.5405663082618,22.752909021914444,6.0,55.0,3.241115604389231,2.4812965309580335,6.494733506781366,22.752909021914444,0.2511857613430965,0.2360360630265743,0.5001645977359533,0.0,44215,0.02597748121674033,0.6581561728174177,55.467022398703755,234.92313812196144,0.54458894040484
NVDA,y2024,rth,10:30,11:00,2,4,1200.0,152348,1.0,0.0002657609875,1.5866716666666667e-06,126.95666666666666,33.038333333333334,16.275,16.77,0,0,354.72927408948243,200.0,352.1123112092489,200.0,121080.92886886885,97381.0,119251.39496292027,103355.5,487.1304092394155,16.90877726616317,4.0,40.0,2.485928079866891,1.674130965407416,4.682257066352248,16.90877726616317,0.29788891157570013,0.19896133349510875,0.4999647320349427,0.0,39642,0.0320194157324996,0.9819247103944161,67.84075666978977,227.77268811963484,0.5019423843398416
NVDA,y2024,rth,11:00,11:30,2,4,1200.0,103294,1.0,0.0007116510774999999,3.5370750000000005e-07,86.07833333333333,18.100833333333334,9.064166666666667,9.0375,0,0,365.52971810701854,200.0,450.72793914782307,250.0,125607.10119773111,103481.0,151603.37273333175,103546.5,487.9553490807285,16.740649408025035,10.0,39.0,2.4321937116375225,1.6875889896862568,4.554483809320482,16.740649408025035,0.3417475233443831,0.15667973769211557,0.5003409297886412,0.0,21717,0.028715706638840943,1.3786242399216644,137.14897790767947,369.1860456866151,0.4694018510844039
NVDA,y2024,rth,11:30,12:00,2,4,1200.0,80966,1.0,0.0006801710875,1.6307166666666668e-07,67.47166666666666,12.598333333333333,6.840833333333333,5.763333333333334,0,0,450.4664424473553,250.0,427.0482214266479,300.0,156942.81815641606,103487.0,137017.40183143053,109404.0,488.12190489563744,17.588734561279402,13.0,41.0,2.5189526145162375,1.6950475276821808,4.781519954229706,17.588734561279402,0.3580351455105055,0.14146305219416808,0.5003335170334475,0.0,15114,0.03665437967996354,3.147920207134718,204.56847596248087,458.9619222440588,0.40651052004763794
NVDA,y2024,rth,12:00,12:30,2,4,1200.0,68606,1.0,0.00014957896166666667,1.4841916666666667e-07,57.17166666666667,9.035,4.6466666666666665,4.388333333333334,0,0,1081.839042222192,300.0,513.8657682534972,300.0,213716.69419207404,109456.0,141444.59868301402,115412.0,488.0485944410445,16.76674789655012,8.0,40.0,2.3828093378368105,1.6819761014527355,4.667032953096526,16.76674789655012,0.41076506088003717,0.08916425339429139,0.5000667140951761,0.0,10838,0.02732868312453383,1.9679405566303443,271.7302141381509,775.2811611848853,0.45183613212769885
NVDA,y2024,rth,12:30,13:00,2,4,1200.0,56879,1.0,0.00028458598416666663,3.2742500000000004e-08,47.399166666666666,8.981666666666667,5.171666666666667,3.8125,0,0,358.02737639864904,250.0,418.142749365806,350.0,126272.01459708101,103546.5,127223.12820211305,115447.0,488.6122799508863,15.939504947749413,8.0,38.0,2.289027486217933,1.6860722412069857,4.4281870012519855,15.939504947749413,0.40488377909982276,0.09500568096927675,0.5000621586906936,0.0,10774,0.02868783945053959,2.7135422338115065,291.8386832418818,645.4216034312548,0.43410061258585486
NVDA,y2024,rth,13:00,13:30,2,4,1200.0,48899,1.0,0.0003147810375,0.0,40.74916666666667,10.33,5.900833333333333,4.435833333333333,0,0,451.79827480626756,350.0,905.3903382904462,350.0,133877.48125973286,114124.5,203691.90926399795,114189.5,481.6218098053728,17.949413345559595,8.0,43.0,2.575587538283942,1.6766926282485568,5.100114476425247,17.949413345559595,0.3777921618945139,0.12141013938380499,0.500144053622432,0.0,12392,0.028857203180614802,2.1818431647166707,258.24460058766715,547.6905824660771,0.44577146546158813
NVDA,y2024,rth,13:30,14:00,2,4,1200.0,59941,1.0,0.00029249521833333333,0.0,49.950833333333335,8.7,4.2275,4.474166666666667,0,0,680.4356677008526,300.0,1176.56754040103,350.0,196684.88139077305,120485.0,239469.89452170467,120440.0,483.2568815419892,17.886672547603716,7.0,42.0,2.51736248699313,1.6709949954494163,4.9674557034870475,17.886672547603716,0.4353887465456482,0.06447078866824091,0.500139005135837,0.0,10436,0.027121160615824088,1.9952623149688804,296.45234306369514,650.3252525101657,0.4572633192794174
NVDA,y2024,rth,14:00,14:30,2,4,1200.0,60319,1.0,0.00015210001083333335,0.0,50.26583333333333,9.3225,4.691666666666666,4.6375,0,0,436.0018775958056,300.0,483.15247224826305,350.0,151752.57981733663,108496.0,147619.37744867083,114625.5,482.7667637442216,18.91400898200608,7.0,45.0,2.64098402648251,1.6642466122267847,5.319702974795178,18.91400898200608,0.4351826501608036,0.0647483074224271,0.5000654565280223,0.0,11183,0.028946451426075406,1.8705075239966469,289.35779425607603,643.5373490536296,0.45801663238844675
NVDA,y2024,rth,14:30,15:00,2,4,1200.0,91874,1.0,0.00034632111833333333,8.271291666666667e-07,76.56166666666667,15.129166666666666,8.074166666666667,7.059166666666667,0,0,580.6599726601523,350.0,520.1985098940619,300.0,161711.2073025008,114545.0,147317.92498959575,120557.0,482.69271894449423,17.419454333211675,10.0,41.0,2.5053897317474294,1.6738639071798291,4.848866112719271,17.419454333211675,0.37990222323851863,0.119019507094973,0.5001699007119843,0.0,18151,0.03808070331814016,1.5061812533114503,130.95961950196755,661.7440732172927,0.45744036141259437
NVDA,y2024,rth,15:00,15:30,2,4,1200.0,69449,1.0,0.00019852972000000002,2.8406416666666675e-07,57.87416666666667,9.421666666666667,5.1525,4.274166666666667,0,0,468.0341137309366,300.0,552.3476481837777,350.0,152884.98455813987,114625.0,153228.2442657964,114658.0,483.60967216388315,16.084631167476832,8.0,38.0,2.3013554028591092,1.6635338119262821,4.4930910898905605,16.084631167476832,0.4364557627001369,0.06345091932988092,0.5000917738963323,0.0,11302,0.029616657987850195,1.3343130450135103,269.21804530121307,739.9018794364787,0.47478322420810476
NVDA,y2024,rth,15:30,16:00,2,4,1200.0,103949,1.0,0.0002447699658333334,4.0510625e-06,86.62416666666667,13.086666666666666,6.91,6.1825,0,0,774.34286420192,300.0,479.45977159958056,300.0,185969.37934158268,120573.0,137040.32056296145,120593.0,483.9679824778495,14.328289845645351,4.0,34.0,2.0905076925385093,1.6770835269890256,4.0084848976094385,14.328289845645351,0.44214160501382704,0.05746159881827458,0.49938842005188294,0.0,15700,0.024243535787518342,0.6591546828156428,171.93561786847724,720.5259873066719,0.5418471337579618
NVDA,y2024,open5,09:30,09:35,2,2,600.0,95847,1.0,0.0003072296166666667,2.4865883333333333e-06,159.745,75.49333333333334,40.163333333333334,35.348333333333336,0,0,426.95334238374846,200.0,405.0568751496805,250.0,138578.44423871115,96142.0,135483.08960717698,101908.0,481.376008752665,34.784196585051916,12.0,86.0,5.0049365296924995,3.441100275194322,10.154868830405114,34.784196585051916,0.08333552116135572,0.22069456007494442,0.5166597407658522,0.0,45294,0.028786702476444097,0.48928969073649553,31.128956097679904,104.75918790975109,0.6001015587053473
NVDA,y2024,close5,15:55,16:00,2,2,600.0,73179,1.0,0.0010008231566666667,1.25313e-06,121.965,19.548333333333332,10.476666666666667,9.086666666666666,0,0,544.0764157161572,400.0,672.5380292221319,400.0,153720.5619760379,120340.0,183002.43978783235,120442.0,483.0959032650955,12.286546783515137,3.0,31.0,1.8510503966525518,1.417622367536404,3.6632749579933,12.286546783515137,0.4481639503471805,0.049434111520907625,0.49887848676985463,0.0,11727,0.023433172043865077,0.6169964787878292,141.29852056211638,357.55012745711576,0.5446405730365822
NVDA,y2024,pre,04:00,07:00,2,2,600.0,934,1.0,7.028883333333335e-07,1.5472883333333334e-06,1.5566666666666666,0.91,0.43333333333333335,0.47833333333333333,0,0,337.97061552242644,250.0,749.3312293449811,300.0,128695.9917042775,102087.0,178706.3382847228,144270.0,480.8413500283446,43.96524219962881,11.0,110.0,6.440957739530836,5.098984787728339,13.02671224840365,43.96524219962881,0.0450700784889723,0.10185626775293039,0.5705645872594545,0.0,544,0.0156999198720042,54.29784690803082,3311.3112148259106,5582.622324956958,0.3272058823529412
NVDA,y2024,pre,07:00,08:00,2,2,600.0,1535,1.0,0.0,0.0,2.558333333333333,1.3433333333333333,0.71,0.6333333333333333,0,0,361.4190249640001,200.0,312.11296374516667,200.0,108774.35547154551,60192.0,110518.95376344427,96847.0,484.454407534024,33.02345771275001,6.0,79.0,4.967977244028169,4.25761024232111,9.27745574706862,33.02345771275001,0.053951127111666664,0.1374798046566667,0.54630172709,0.0,804,0.019219850268883044,5.4638654988185404,2251.645416744621,3254.710488480958,0.4427860696517413
NVDA,y2024,pre,08:00,09:00,2,2,600.0,1547,1.0,0.0015739129666666666,1.6670416666666666e-06,2.578333333333333,1.1883333333333332,0.505,0.6866666666666666,0,0,325.3935894423652,200.0,399.79117673974594,200.0,90257.07704551908,60230.0,148907.60352311164,96880.0,484.9454332625739,22.338142932671342,8.0,61.0,3.618643545104469,3.3892167761178835,7.167712975288721,22.338142932671342,0.06934004582330948,0.16591205866777836,0.5289908189339042,0.0,711,0.02220054501584491,86.02315853490528,2296.9621887610474,3206.585221635704,0.38255977496483823
NVDA,y2024,pre,09:00,09:30,2,2,600.0,1766,1.0,6.687128333333333e-06,0.0,2.9433333333333334,1.4266666666666667,0.6333333333333333,0.795,0,0,311.5903875800758,200.0,256.888434872098,150.0,93495.77873210252,59954.5,84813.86301410853,54107.0,482.42718750597186,23.017805621541807,8.0,53.0,3.7550758408109504,3.4168764183746134,6.251953735542034,23.017805621541807,0.08253397785530181,0.13691712048568913,0.5451611049856047,0.0,854,0.031081359027394753,101.21925999468792,2038.9743605853023,2602.18291908118,0.30562060889929743
NVDA,y2024,post,16:00,17:00,2,2,600.0,1018,1.0,0.0007842360366666667,1.3578833333333334e-07,1.6966666666666668,1.1583333333333334,0.605,0.5566666666666666,0,0,499.7583793635805,200.0,460.2146988385532,250.0,109791.50060135151,60052.0,123912.0914236212,66017.5,482.4369220370571,31.730198995411982,15.0,83.0,4.937395738473056,4.374505731026796,9.810662491961684,31.730198995411982,0.0886578386573749,0.14524146776013266,0.5995988007839721,0.0,693,0.06691994194933847,300.83844371218777,1930.3008414850003,2656.053051689722,0.24386724386724387
NVDA,y2024,post,17:00,18:00,2,2,600.0,170,0.9999999999999998,4.405133333333334e-07,0.0,0.2833333333333333,0.15333333333333332,0.07833333333333334,0.075,0,0,448.1340220951786,300.0,545.3701389094846,500.0,144073.90081267076,144586.5,212793.4383173523,277378.0,482.0170906656545,12.126520212212172,12.0,24.0,2.087925415217438,2.365744026496871,2.8389599943221877,12.126520212212172,0.2237247157787203,0.19201852282505286,0.5014219251480436,0.0,90,0.2511886431509583,2511.886431509583,14125.375446227532,16244.88510724049,0.13333333333333333
NVDA,y2024,post,18:00,20:00,2,2,600.0,248,1.0,2.39395e-07,0.0,0.41333333333333333,0.29833333333333334,0.13333333333333333,0.165,0,0,346.78030221147054,200.0,233.96836659685715,150.0,91015.8038961201,59986.0,81425.05553651869,54077.0,481.2405179904074,25.711858188226962,9.0,52.0,4.631324911609008,4.388055247928973,7.5920847568165035,25.711858188226962,0.045898118164446666,0.08404711985546028,0.7152366783774179,0.0,177,2.1627185237270203,1320.7886655325508,8290.322562976367,8598.300534548876,0.07344632768361582
NVDA,y2024,pre,04:00,09:30,2,8,2400.0,5782,1.0,0.0003953257458333333,8.035825000000001e-07,2.4091666666666667,1.2170833333333333,0.5704166666666667,0.6483333333333333,0,0,334.09686800191986,250.0,429.5427789282156,200.0,105311.73729282254,60113.5,130729.57918543811,60055.0,483.1663963727265,36.13931455546885,10.0,90.0,5.415823986932839,4.116538990831519,10.667931014649774,36.13931455546885,0.05450334496900799,0.12316713215019649,0.5562848836900126,0.0,2913,0.02151189014618629,61.87417680258543,2353.6624896929966,3354.971236064975,0.3662890490902849
NVDA,y2024,post,16:00,20:00,2,6,1800.0,1436,1.0,0.0002616386483333333,4.526277777777778e-08,0.7977777777777778,0.5366666666666666,0.2722222222222222,0.26555555555555554,0,0,431.5397359564605,300.0,413.1720967062281,300.0,114961.75120576487,59998.0,139380.90003675735,65949.0,481.89803603702836,23.820108896019516,10.0,66.0,4.071992744227128,3.3775222277929733,8.277281342788616,23.820108896019516,0.10104469769124715,0.12633855757402654,0.6328735206717129,0.0,960,0.08966678097917795,464.1588833612781,4340.102636447441,7396.256244118077,0.20208333333333334
NVDA,y2024,rth,09:30,16:00,2,52,15600.0,1215147,1.0,0.00032123940346153845,6.336979487179488e-07,77.89403846153846,18.83320512820513,9.66397435897436,9.174551282051283,0,0,512.763830779831,200.0,538.3978670222575,200.0,151694.2884722161,118954.0,152881.3557507372,119055.0,484.46137383991606,18.03959011829442,6.0,43.0,2.5898348867647916,1.7042159441844806,5.080338385296146,18.03959011829442,0.36311415692511173,0.13013608213737587,0.5000838995434037,0.0,293746,0.02944632567885152,0.9606143025213416,116.03681896161322,482.4159696807718,0.5040272888822316
NVDA,y2025,rth,09:30,10:00,3,6,1800.0,380043,1.0,0.0006993822283333334,2.656817777777778e-06,211.135,49.327222222222225,24.345,25.08888888888889,0,0,368.01735450450866,200.0,403.57587281606305,200.0,55108.67326278564,35674.0,59468.67541668627,35968.0,156.3269543669603,1.8905016658689555,2.0,3.0,1.3093587339504733,1.1127284104272677,2.6781621420097075,1.8905016658689555,0.39706745756637457,0.39191357362027046,0.01600033010426163,0.0,88783,0.02637764835292818,0.6760895773690033,59.64967368924526,117.56407203080677,0.5379858756743972
NVDA,y2025,rth,10:00,10:30,3,6,1800.0,316271,1.0,0.0006144963366666667,3.7305255555555555e-06,175.7061111111111,29.489444444444445,14.565555555555555,14.978333333333333,0,0,447.27004760059424,300.0,490.8118209770799,300.0,70127.16959764747,36102.0,74670.27933837374,36158.0,157.12694521359998,1.4374527186104857,1.0,2.0,0.935808483870361,0.8925892530836064,1.6646728820894672,1.4374527186104857,0.654012840123225,0.26668675319907054,0.0008518338259978255,0.0,53075,0.024841440023465874,0.7549541221199069,93.10794522543208,214.59986534761268,0.5241450777202072
NVDA,y2025,rth,10:30,11:00,3,6,1800.0,214532,1.0,0.000513815265,2.843561111111111e-07,119.18444444444444,20.423333333333332,10.49611111111111,9.961666666666666,0,0,447.01126966042045,300.0,488.05066430182285,300.0,70363.67792048039,54330.0,77558.71010626781,54336.0,157.4854224995321,1.3538515215231444,1.0,2.0,0.8894573810040138,0.8951212343892861,1.6530805519815264,1.3538515215231444,0.6978403962427487,0.2534620856438623,9.575387147348897e-06,0.0,36756,0.02480177473330224,0.9916316162730471,128.72421910018275,323.3801389947977,0.5006801610621395
NVDA,y2025,rth,11:00,11:30,3,6,1800.0,189455,1.0,0.00044036399055555564,2.1244344444444445e-06,105.25277777777778,14.341111111111111,7.13,7.242222222222222,0,0,617.1209702388221,500.0,791.4980802700403,400.0,95724.38947061228,61756.5,113355.36083826724,61719.5,157.77371634544474,1.2300659527338496,1.0,2.0,0.7973507703494109,0.8896839132353525,1.108502909239822,1.2300659527338496,0.7918706601212002,0.1864178637891628,0.0,0.0,25808,0.022790547035848135,0.6358368954018736,166.9214225741877,536.6752385985932,0.5357641041537508
NVDA,y2025,rth,11:30,12:00,3,6,1800.0,172556,1.0,0.0008384559788888889,1.0936647222222217e-05,95.86444444444444,15.868333333333334,7.898333333333333,7.993333333333333,0,0,537.1208818464262,400.0,633.5459767123664,400.0,82169.66792516735,45008.0,98905.76773083389,54310.5,158.28438790599745,1.253431236048126,1.0,2.0,0.8177765684398177,0.8882789906885546,1.1046886075398037,1.253431236048126,0.7770825879478597,0.19297798405999605,0.0,0.0,28557,0.020796263096747057,0.2771808089351628,144.10534499678366,587.8737407975398,0.6236999684840845
NVDA,y2025,rth,12:00,12:30,3,6,1800.0,156875,1.0,0.0006568544772222221,1.221256111111111e-06,87.15277777777777,12.843333333333334,6.532777777777778,6.330555555555556,0,0,652.4011956924495,550.0,783.2168280303539,550.0,97374.74244269959,67998.0,116272.52681550161,67947.0,158.39838270826723,1.1931594588914491,1.0,2.0,0.7721535356406458,0.555210570532494,1.1104870406537037,1.1931594588914491,0.833342199390648,0.14102617405568885,9.123690746145151e-06,0.0,23112,0.0201203250434158,0.21166108870370168,165.3544326738713,832.3383900222433,0.6490134994807892
NVDA,y2025,rth,12:30,13:00,3,6,1800.0,114963,1.0,0.00026226431,2.998555555555556e-08,63.86833333333333,9.038333333333334,4.708333333333333,4.357777777777778,0,0,626.1071291284883,550.0,635.4512516921449,550.0,94779.42525410527,62177.5,97074.45047523212,67839.0,158.2901127193409,1.1390112042736766,1.0,2.0,0.7454517886139498,0.5550068860688153,1.1092786218876458,1.1390112042736766,0.8658097185429884,0.12937463941324068,0.0,0.0,16263,0.02021868992963848,0.2046046468739481,218.54845401646472,1322.654270014493,0.6503105208141179
NVDA,y2025,rth,13:00,13:30,3,6,1800.0,115901,1.0,0.00113180046,1.2201483333333334e-06,64.38944444444445,7.5505555555555555,3.95,3.611111111111111,0,0,601.3200029005449,500.0,690.6699691879247,500.0,91327.87451994958,56367.5,109341.10073474368,56300.0,158.0071628256683,1.13193866329288,1.0,2.0,0.7474021274628981,0.553823168855066,1.1074543860545736,1.13193866329288,0.8702529096160573,0.12755555256086987,0.0,0.0,13585,0.02217018059203685,0.4374601638938608,304.32198871077264,1301.97363920156,0.566728008833272
NVDA,y2025,rth,13:30,14:00,3,6,1800.0,122900,1.0,0.0003418518861111111,1.2907355555555555e-06,68.27777777777777,10.757222222222222,5.915,4.857222222222222,0,0,509.51696093559235,400.0,602.5626188991562,400.0,81109.35171378804,54244.5,96530.98135948088,54262.5,158.05972042135895,1.1851680553047237,1.0,2.0,0.7803109685739446,0.5530769789066152,1.106304803180228,1.1851680553047237,0.8256192591415245,0.1636082681789583,0.0,0.0,19357,0.02075452224209598,0.2738749436770626,179.87270995809618,1050.5024579136289,0.6157462416696802
NVDA,y2025,rth,14:00,14:30,3,6,1800.0,107629,1.0,0.0004246458683333333,3.242638888888889e-07,59.79388888888889,7.788888888888889,4.1194444444444445,3.676111111111111,0,0,814.0011649851572,400.0,588.7381181911541,400.0,123721.78212316711,54331.5,94375.27025054695,54327.0,158.1561053701008,1.1101219369691144,1.0,2.0,0.7442859509092284,0.5523421708726789,1.1043835967795168,1.1101219369691144,0.8909823766978769,0.10791330963513109,0.0,0.0,14014,0.020700592842493634,0.3796822459274495,244.18163899852473,1375.035968545671,0.5736406450692165
NVDA,y2025,rth,14:30,15:00,3,6,1800.0,102209,1.0,0.001043764961111111,1.539322222222222e-07,56.78277777777778,5.838333333333333,2.951111111111111,2.8983333333333334,0,0,594.3926773632919,400.0,630.8410453667263,450.0,94478.18829384318,54261.0,99296.5721772428,81371.5,158.10755588285355,1.060632369555571,1.0,1.0,0.7081862363823687,0.553033749137517,0.8918284459798069,1.060632369555571,0.9393718072802621,0.06062401588390442,0.0,0.0,10503,0.021148126684994634,0.3863197422686026,385.77962421747486,1724.0423978815056,0.5664095972579263
NVDA,y2025,rth,15:00,15:30,3,6,1800.0,96097,1.0,0.0012789149772222223,7.229111111111111e-08,53.38722222222222,5.184444444444445,2.6605555555555553,2.53,0,0,895.4080642550896,650.0,1132.4665521467311,650.0,141334.8421892271,73101.0,162704.6691652736,75429.5,158.01871654853682,1.046315044086719,1.0,1.0,0.6924926699225792,0.5543250816225075,0.8897146834062198,1.046315044086719,0.9543642955127573,0.04495636607706517,0.0,0.0,9326,0.019967271588001358,0.1874198275686778,458.1809591464599,1926.8943661555322,0.6510829937808278
NVDA,y2025,rth,15:30,16:00,3,6,1800.0,156614,1.0,0.0008949837372222222,7.822060555555556e-06,87.00777777777778,6.157777777777778,3.0383333333333336,3.1394444444444445,0,0,1118.651751029301,1000.0,1051.5936141134498,900.0,174137.26402522862,112140.0,164563.0418422639,106588.5,157.67069340226283,1.012536799851703,1.0,1.0,0.6748361070985361,0.5566348602708375,0.8922588070246967,1.012536799851703,0.9877400518911004,0.012014402070179115,5.5020166970179816e-06,0.0,11078,0.017739460075297805,0.16294970232192413,389.73483988470315,1654.9155493491119,0.6613107059035928
NVDA,y2025,open5,09:30,09:35,3,3,900.0,140989,1.0,0.0003309521044444445,1.3557255555555554e-06,156.65444444444444,52.53111111111111,25.83888888888889,26.732222222222223,0,0,361.73270060077675,200.0,452.3842192999085,200.0,55917.74468369762,36040.0,64445.23724024735,36032.0,156.53143288646663,3.2753407291557726,3.0,5.0,2.14894832066862,1.782579993508265,3.577730846311164,3.2753407291557726,0.05892673845213948,0.22009779706132893,0.14885399333417842,0.0,47275,0.020145728398239048,0.31908781987226886,54.27967877376532,152.01294427694808,0.6626969857218403
NVDA,y2025,close5,15:55,16:00,3,3,900.0,162107,1.0,0.0019289004300000001,4.635548888888889e-06,180.11888888888888,15.47888888888889,7.9,7.587777777777778,0,0,2174.8324317404913,800.0,2039.532768458493,1600.0,311752.0100081042,144208.0,307835.3130721012,246928.0,157.2587044675847,1.0155528868318204,1.0,1.0,0.6772084406904454,0.5570976341885188,0.8912265392424507,1.0155528868318204,0.9857617244686496,0.013553700072292377,0.00014915250506822425,0.0,13928,0.015536628592154897,0.16607631210005155,111.62336279306483,831.2097082222919,0.6818638713383113
NVDA,y2025,pre,04:00,07:00,3,3,900.0,873,1.0,1.3839155555555556e-06,3.172111111111111e-08,0.97,0.4066666666666667,0.25333333333333335,0.15666666666666668,0,0,403.3645510770929,200.0,388.78035106949795,300.0,63529.39331768088,22198.0,56337.55190209799,44400.0,157.14815137167108,4.1130042448051745,4.0,6.0,2.759907254647578,2.7030696391994753,4.504788007386358,4.1130042448051745,0.025076889399764126,0.0848759794057708,0.43553449091970603,0.0,363,0.044977985489328805,115.47819846894598,6518.78513688973,7913.96775643978,0.3581267217630854
NVDA,y2025,pre,07:00,08:00,3,3,900.0,2867,1.0,8.33501111111111e-07,7.912133333333333e-07,3.1855555555555557,1.2022222222222223,0.5955555555555555,0.6077777777777778,0,0,371.1071050215184,200.0,390.5272003382945,200.0,58545.89449151266,36488.0,57441.47609701916,35526.0,156.93054405132446,3.4337217358595247,3.0,5.0,2.3760685189963486,2.1915323387548473,4.518223180803954,3.4337217358595247,0.0895346708138285,0.19425544926630098,0.2187258513181611,0.0,1079,0.02396992453108099,2.319447866075825,2684.902822398606,4270.417866721948,0.45968489341983315
NVDA,y2025,pre,08:00,09:00,3,3,900.0,2048,1.0,4.4281777777777776e-07,6.335022222222222e-07,2.2755555555555556,0.8911111111111111,0.4266666666666667,0.4666666666666667,0,0,336.46198914199033,300.0,386.8018041216289,200.0,52783.40633437257,36726.0,59380.85303325136,35530.0,157.22008116044418,2.5355626580679114,2.0,4.0,1.7614554343902644,1.6330942044157266,3.6253707232103403,2.5355626580679114,0.095532902942863,0.44519984309749505,0.033777545284336435,0.0,799,0.05160201571323282,116.81537298613262,3342.8558317367447,4840.457503588389,0.33291614518147683
NVDA,y2025,pre,09:00,09:30,3,3,900.0,5510,1.0,0.0035035174988888892,2.9223488888888885e-06,6.122222222222222,3.0722222222222224,1.5277777777777777,1.5477777777777777,0,0,443.6468518101951,200.0,542.6664900261258,300.0,68962.1964364273,36232.0,85212.57436452115,54195.0,156.30652592606384,4.386346326221081,3.0,9.0,2.74910734811743,1.8078848036783406,5.4208303438912795,4.386346326221081,0.08156247254158085,0.34634094108897334,0.2864423228895142,0.0,2762,0.007514816276486298,0.3352533562683614,948.0737132035423,2225.366113475985,0.5832729905865315
NVDA,y2025,post,16:00,17:00,3,3,900.0,567,1.0,1.3850777777777778e-07,0.0,0.63,0.29,0.13555555555555557,0.15444444444444444,0,0,1117.6432785938425,400.0,639.3854929291971,400.0,167031.87826750037,71972.0,102437.85574279724,71792.0,157.16544068646874,4.1883938801517955,4.0,8.0,2.9345034193421853,2.227333927932338,7.145126118592522,4.1883938801517955,0.08469829159359439,0.17076444616442618,0.3682085254241891,0.0,258,0.030549211132155134,446.6835921509636,10051.299692256835,11143.997849593512,0.32170542635658916
NVDA,y2025,post,17:00,18:00,3,3,900.0,358,1.0,3.6197111111111115e-07,0.0,0.3977777777777778,0.2611111111111111,0.17666666666666667,0.08444444444444445,0,0,760.2669889714646,300.0,723.1061200719702,600.0,122178.27864913808,54030.0,109458.21013287311,89584.0,157.3702789910039,3.000311126088174,3.0,5.0,2.057289585147324,1.6665270271228234,3.887700942023866,3.000311126088174,0.18884795724861603,0.19978501290418088,0.1754138654291962,0.0,232,0.006946478660151682,5.754399373371577,9954.054173515262,13338.334256441749,0.41810344827586204
NVDA,y2025,post,18:00,20:00,3,3,900.0,1926,1.0,2.6974088888888885e-06,1.2440955555555555e-06,2.14,1.1544444444444444,0.6566666666666666,0.5011111111111111,0,0,592.7300547058115,400.0,383.2719863890156,200.0,89242.17501230109,72204.0,55260.0483694673,36120.0,155.51806785129241,3.34621163016579,2.0,7.0,2.359588187633065,1.661350866028185,4.71790072435091,3.34621163016579,0.1948655828480053,0.3775099978862234,0.24934149973951827,0.0,1036,0.02157312418479035,2.9512092266663847,1369.372932277859,13365.807415013613,0.4411196911196911
NVDA,y2025,pre,04:00,09:30,3,12,3600.0,11298,1.0,0.0008765444333333332,1.094696388888889e-06,3.138333333333333,1.3930555555555555,0.7008333333333333,0.6947222222222222,0,0,388.5968828174931,200.0,427.09268749492486,250.0,60948.199754911926,36360.0,64575.02998269237,36598.0,156.90184730757386,3.7275400529915452,3.0,6.0,2.507599889343284,2.244258178990427,4.504788007386358,3.7275400529915452,0.05474172331395896,0.1940461274773809,0.30951418741934056,0.0,5003,0.012867370198022485,0.9929760541537554,1922.6256714620258,4401.534314987875,0.5002998201079353
NVDA,y2025,post,16:00,20:00,3,9,2700.0,2851,1.0,1.0659625925925924e-06,4.146985185185185e-07,1.055925925925926,0.5685185185185185,0.32296296296296295,0.24666666666666667,0,0,823.5470714027886,400.0,581.9214411012995,400.0,126150.82439338266,71972.0,89052.07939870474,71792.0,156.68459727061617,3.4702820666428877,3.0,7.0,2.427742344938909,1.886597143277428,4.71790072435091,3.4702820666428877,0.16581935363455524,0.2813923637102634,0.26057634758310544,0.0,1526,0.014161560469248555,6.918309709189368,4077.883201748119,12257.375636349994,0.41743119266055045
NVDA,y2025,rth,09:30,16:00,3,78,23400.0,2246045,1.0,0.000703199575128205,2.451342649572649e-06,95.98482905982905,14.969871794871795,7.562350427350427,7.435769230769231,0,0,632.9292598907413,400.0,686.3549771259019,400.0,97824.20273023934,54378.0,104927.58338804178,56147.5,157.82352481527747,1.234183311964315,1.0,2.0,0.8165377360623037,0.5589620434813122,1.1104870406537037,1.234183311964315,0.8065528238659956,0.15989816875893745,0.001298192197267591,0.0,350217,0.022527510089789232,0.4871007652714751,121.34177306661672,782.0441593029119,0.5659462561783123
NVDA,y2026,rth,09:30,10:00,1,2,600.0,103335,1.0,0.0004850617,3.869833333333333e-08,172.225,36.65833333333333,18.465,18.265,0,0,407.22750418015676,200.0,406.699800177735,200.0,72666.75599259566,35719.0,72580.92053294266,35712.0,178.45517671017743,1.3959335681516236,1.0,2.0,0.78223427029523,0.5605595130269833,1.1210623176801728,1.3959335681516236,0.631210037670706,0.3416463565069639,0.0,0.0,21993,0.02757301204408505,0.9148789523638283,82.5562580745219,141.46764193175116,0.5065702723593871
NVDA,y2026,rth,10:00,10:30,1,2,600.0,144368,1.0,0.0010311694183333332,1.48887e-06,240.61333333333334,44.15833333333333,22.645,22.44333333333333,0,0,407.86927872306325,200.0,382.48038279274925,200.0,72914.16603426644,35800.0,68370.98023811608,35769.0,178.7649191289896,1.2095529104615002,1.0,2.0,0.676669688962002,0.5602926863027045,1.1208587843172608,1.2095529104615002,0.7981985647903326,0.19404995995783533,0.0,0.0,26493,0.020967465927115146,0.2679459910953568,62.57167455119472,164.6078965699523,0.6174083720227985
NVDA,y2026,rth,10:30,11:00,1,2,600.0,104335,1.0,0.0010692771983333335,1.2798666666666668e-07,173.89166666666668,25.573333333333334,13.266666666666667,13.13,0,0,407.4491096421417,250.0,516.2053640843766,350.0,73383.25893879554,45035.0,92983.45434915971,63029.0,180.10578929923972,1.0836380528440415,1.0,1.0,0.6016703260634364,0.5552288317169463,0.5552288317169463,1.0836380528440415,0.9174730973974544,0.08141575236104925,0.0,0.0,15342,0.017785419063122115,0.1287526265980356,103.32472915377632,397.3213182925522,0.6875896232564203
NVDA,y2026,rth,11:00,11:30,1,2,600.0,115625,1.0,0.0009005193366666666,2.837633333333333e-07,192.70833333333334,28.441666666666666,14.505,14.818333333333333,0,0,473.1060138570777,300.0,505.5981124485478,300.0,85158.1070230852,54012.0,91018.11650421786,53983.5,180.00946444288223,1.0828227057133908,1.0,1.0,0.6015424394382434,0.555550685992587,0.555550685992587,1.0828227057133908,0.9172360811102958,0.08270513206601794,0.0,0.0,17063,0.01731865460504241,0.12241213558997538,94.75951015082285,339.24974017038465,0.6973568540116041
NVDA,y2026,rth,11:30,12:00,1,2,600.0,89204,1.0,0.0005604637383333333,7.62655e-07,148.67333333333335,24.39666666666667,13.166666666666666,12.151666666666667,0,0,415.48273496200164,250.0,413.0556135142187,200.0,74531.96716111309,44862.5,74104.16461893579,35909.0,179.39646048783837,1.078504277052272,1.0,1.0,0.6011867845059043,0.5575435825857972,0.5575435825857972,1.078504277052272,0.9215116773917835,0.07847236816416155,0.0,0.0,14636,0.0164572546160616,0.12018056852290197,90.63461987617241,480.9240779488663,0.7027876468980596
NVDA,y2026,rth,12:00,12:30,1,2,600.0,100431,1.0,0.0013296080566666667,2.4099566666666665e-06,167.385,23.415,12.451666666666666,11.516666666666667,0,0,493.4449359607879,300.0,439.5833806472174,300.0,88362.08033178057,53716.5,78731.23316802955,53724.0,179.09254163828717,1.054421020733254,1.0,1.0,0.5887520554469916,0.5586488371514342,0.5586488371514342,1.054421020733254,0.9457773984029426,0.05403185538633522,1.3169608822847283e-06,0.0,14047,0.01986209607880031,0.1553290548983941,103.55456073112163,475.71902803149,0.6735245959991457
NVDA,y2026,rth,12:30,13:00,1,2,600.0,44514,1.0,0.0003670093566666667,0.0,74.19,8.231666666666667,4.346666666666667,4.17,0,0,519.6677098347002,400.0,461.0537563061573,250.0,93077.0252845484,71630.0,82591.51820138172,44782.0,179.11880116521925,1.0364913265032636,1.0,1.0,0.5786623071920314,0.5583239929328768,0.5583239929328768,1.0364913265032636,0.9635094097869616,0.03648985392281298,0.0,0.0,4937,0.01765923276447173,0.11849356861523183,248.9987592889867,1362.354923432381,0.6935385861859429
NVDA,y2026,rth,13:00,13:30,1,2,600.0,53277,1.0,0.0007144614816666666,3.467e-08,88.795,11.488333333333333,6.12,5.805,0,0,478.13383613373253,300.0,448.3302939733862,250.0,85456.46007005569,53641.5,80128.65845969038,44731.0,178.72532653301397,1.0466928417223873,1.0,1.0,0.5856423597342016,0.5595540264565972,0.5595540264565972,1.0466928417223873,0.9533071582776123,0.04669284172238761,0.0,0.0,6891,0.018256227662922574,0.13280724184629908,186.37212300446689,944.3406474621324,0.6774053112755768
NVDA,y2026,rth,13:30,14:00,1,2,600.0,65368,1.0,0.0007481999383333334,2.411201666666667e-06,108.94666666666667,14.693333333333333,7.536666666666667,7.656666666666666,0,0,443.2889583877382,300.0,462.39604039668023,300.0,79441.41024706421,53784.0,82877.51926873844,53755.5,179.2223933627269,1.0661550489000051,1.0,1.0,0.594883460657332,0.5579953336869984,0.5579953336869984,1.0661550489000051,0.9339897804104891,0.06589617776511383,7.519886177002645e-06,0.0,8814,0.019152965432445358,0.13784911222492746,140.3441273989558,792.1247294542941,0.6805082822781938
NVDA,y2026,rth,14:00,14:30,1,2,600.0,51211,1.0,0.0008504395233333332,0.0,85.35166666666667,10.54,5.56,5.375,0,0,425.1481348126162,300.0,437.3725814641996,350.0,76087.61593477966,53694.0,78288.57885676823,62619.5,178.98303841453455,1.0418293508765537,1.0,1.0,0.5820801708418154,0.5588485310111608,0.5588485310111608,1.0418293508765537,0.9581706491234457,0.04182935087655393,0.0,0.0,6322,0.016187244715054887,0.11347842378007725,204.12097798092293,1018.5615471581516,0.7087946852261943
NVDA,y2026,rth,14:30,15:00,1,2,600.0,36374,1.0,0.00048158952666666664,1.3379166666666667e-07,60.623333333333335,7.011666666666667,3.546666666666667,3.6483333333333334,0,0,510.1057467290152,300.0,447.7005840297919,300.0,91219.42884032521,53655.0,80069.41219003242,53649.0,178.83672793509214,1.0234123058736755,1.0,1.0,0.5722607293199294,0.5592341737169079,0.5592341737169079,1.0234123058736755,0.9765983967520292,0.023392007260360014,0.0,0.0,4205,0.01494279430390927,0.11066448428179428,315.52840460018047,1520.9564927399128,0.7165279429250891
NVDA,y2026,rth,15:00,15:30,1,2,600.0,56536,1.0,0.00047977986499999996,5.119050000000001e-07,94.22666666666667,10.89,5.648333333333333,5.69,0,0,446.7480108952302,350.0,546.8996419170288,400.0,79671.97478912753,62420.0,97539.40483791647,71314.0,178.33628966870984,1.0252783718072715,1.0,1.0,0.5749153474589253,0.5613578374958867,0.5613578374958867,1.0252783718072715,0.9747218360825763,0.0252779560275759,0.0,0.0,6532,0.01606683125911478,0.10540014919535255,211.66402910221083,970.609930352234,0.7192284139620331
NVDA,y2026,rth,15:30,16:00,1,2,600.0,68032,1.0,0.0005975418966666667,3.8154200000000005e-06,113.38666666666667,11.018333333333333,5.531666666666666,5.613333333333333,0,0,1154.9110110122379,850.0,908.2954661160775,650.0,206405.98782438005,151958.5,162343.02184750745,116142.5,178.7663669708293,1.0134353554709812,1.0,1.0,0.5669016319883022,0.5596943035021426,0.5596943035021426,1.0134353554709812,0.9894189191362711,0.009327597352248002,0.00035035333754294983,0.0,6609,0.018122614773681142,0.13719046990910022,181.4321661485798,1049.8108523493343,0.6964745044636103
NVDA,y2026,open5,09:30,09:35,1,1,300.0,67904,1.0,0.0007295415833333332,1.357119e-05,226.34666666666666,57.57666666666667,29.233333333333334,28.43,0,0,294.1661989889516,200.0,411.90520160271336,200.0,52416.257304518804,35636.0,73409.96564207663,35648.0,178.1616508511422,2.0262275001870687,2.0,3.0,1.1378102705792266,1.1224979598837133,1.6850442047213847,2.0262275001870687,0.3585978201339643,0.4162109464407013,0.03553800743726551,0.0,17272,0.011992954181880193,0.18739057669589507,44.68105888403448,152.72503638716447,0.7025822139879574
NVDA,y2026,close5,15:55,16:00,1,1,300.0,31236,1.0,0.0005079824966666667,7.261596666666667e-06,104.12,7.403333333333333,3.5933333333333333,3.8366666666666664,0,0,1627.0739101269432,1200.0,1241.116962950963,900.0,290696.32646630856,214452.0,221749.2640948071,160749.0,178.6691791266763,1.0031643151180072,1.0,1.0,0.5614642074563216,0.5596943035021426,0.5596943035021426,1.0031643151180072,0.9969581331327306,0.0029351352877868423,1.9590093680056544e-08,0.0,2220,0.02027957380004266,0.16343058427231388,334.9654391578278,1338.5394012483073,0.6671171171171171
NVDA,y2026,pre,04:00,07:00,1,1,300.0,144,1.0,1.6341799999999998e-06,0.0,0.48,0.36333333333333334,0.14,0.22666666666666666,0,0,139.91634240582172,100.0,262.3908484748767,100.0,24819.577152964233,17740.0,46552.75101451404,17755.0,177.44914365149262,9.265885463114708,9.0,15.0,5.221775715481589,5.072259080215792,8.453722022038038,9.265885463114708,2.842561311923512e-06,0.004778539398993516,0.9793055510682122,0.0,108,0.031141055844467597,199.52623149688813,9120.108393559107,10997.339565860266,0.3333333333333333
NVDA,y2026,pre,07:00,08:00,1,1,300.0,179,1.0000000000000002,0.0,0.0,0.5966666666666667,0.29,0.16,0.13,0,0,462.0704771933333,400.0,759.5350335069999,500.0,82175.46622945575,71128.0,135125.11619172175,88935.0,177.87098060289526,4.944264306383334,5.0,9.0,2.7797055317467603,2.811071749086337,5.059918219967372,4.944264306383334,0.05687585271666666,0.039920223076666664,0.5499302446033333,0.0,86,0.046989410860521545,251.188643150958,11839.499222293005,11876.603390583592,0.3023255813953488
NVDA,y2026,pre,08:00,09:00,1,1,300.0,489,1.0,0.004612057893333334,0.0,1.63,0.8066666666666666,0.4066666666666667,0.4033333333333333,0,0,279.2456769348198,200.0,1119.1934042619598,300.0,49737.79452287204,35626.0,199385.29127821856,53441.99999999999,178.1362695609153,4.31326749397163,4.0,7.0,2.421502632352357,2.245433329245736,3.930959437438863,4.31326749397163,0.10455758617060604,0.21540336132953708,0.47511116737637554,0.0,241,0.0474515059481216,18.836490894898006,3839.5976242728866,5426.60864261694,0.34024896265560167
NVDA,y2026,pre,09:00,09:30,1,1,300.0,575,1.0,9.178933333333334e-07,3.5487e-07,1.9166666666666667,1.2233333333333334,0.49333333333333335,0.7333333333333333,0,0,327.06226414652417,200.0,190.1594825623502,100.0,57978.76622039315,35434.0,33719.59581390492,17737.0,177.2935019393223,4.924481392316018,5.0,8.0,2.7776596157823494,2.819899810705313,4.513571531065505,4.924481392316018,0.04269915953259129,0.10197940183231012,0.5445900124708662,0.0,366,0.02707073203921357,3.1622776601683804,2934.2695039559694,4028.8799584503336,0.45901639344262296
NVDA,y2026,post,16:00,17:00,1,1,300.0,31,1.0,0.0,0.0,0.10333333333333333,0.03666666666666667,0.03,0.006666666666666667,0,0,514.6640083926667,600.0,763.3829635896668,300.0,91847.15772935424,107076.0,136265.8799395219,53544.0,178.47738159844457,2.7946828685933336,2.0,5.0,1.5658328913353612,1.120632318075662,2.801355856233462,2.7946828685933336,0.06010867266333333,0.5452288398233334,0.1909985161566667,0.0,10,1.258925411794168,11220.184543019635,25118.86431509581,130731.35743868058,0.0
NVDA,y2026,post,17:00,18:00,1,1,300.0,51,1.0000000000000002,0.0,0.0,0.17,0.06666666666666667,0.02666666666666667,0.04,0,0,874.3480585633331,900.0,416.41480913633325,500.0,155940.5965503794,160515.0,74279.61946636686,89190.0,178.3648404352468,2.7402848712499996,3.0,3.0,1.5363347344754872,1.6819443276428179,1.6819443276428179,2.7402848712499996,0.05728921490666664,0.14513682456333327,0.0,0.0,19,0.038904514499428076,4216.965034285826,63826.34861905487,64005.939288958885,0.15789473684210525
NVDA,y2026,post,18:00,20:00,1,1,300.0,101,0.9999999999999998,0.0,0.0,0.33666666666666667,0.22,0.15,0.07333333333333333,0,0,382.4641058770001,200.0,886.1606119993335,200.0,68125.06865838898,35640.0,157871.9740680939,35624.0,178.15875377475587,4.268630675069999,3.0,11.0,2.3956024200518606,1.68413238183105,6.170934896637605,4.268630675069999,0.0019059884199999996,0.4440938389699999,0.20259476447666663,0.0,65,0.04466835921509632,112.20184543019651,17278.259805078607,19003.103215255098,0.27692307692307694
NVDA,y2026,pre,04:00,09:30,1,4,1200.0,1387,1.0,0.0011536524916666668,8.87175e-08,1.1558333333333333,0.6708333333333333,0.3,0.37333333333333335,0,0,302.10009996729235,200.0,582.2007873428668,200.0,53682.45971221808,35530.0,103585.27530059348,35598.5,177.68695609607897,7.184987070155835,6.0,13.0,4.046430021533648,3.381440548255245,7.326424070318386,7.184987070155835,0.03323482660681894,0.058299800639879905,0.7700460129854144,0.0,801,0.03552675618974457,12.956866975170215,4434.473921959378,6587.341371617475,0.3895131086142322
NVDA,y2026,post,16:00,20:00,1,3,900.0,183,1.0,0.0,0.0,0.20333333333333334,0.10777777777777778,0.06888888888888889,0.04,0,0,590.492057611,600.0,688.6527949084445,300.0,105304.27431270755,107076.0,122805.82449132754,53544.0,178.33365860281575,3.518057272495833,3.0,5.0,1.9733431164786428,1.6819443276428179,2.8070175438602876,3.518057272495833,0.030302466102499988,0.39463833558166667,0.1490470112775,0.0,94,0.04786300923226385,501.1872336272726,20653.801558105315,33391.84259054316,0.22340425531914893
NVDA,y2026,rth,09:30,16:00,1,26,7800.0,1032610,1.0,0.0007396246951282051,9.245321794871794e-07,132.38589743589745,19.73205128205128,10.214615384615385,10.021794871794873,0,0,506.3619418542013,300.0,490.4417192492295,300.0,90645.98073579572,53712.0,87818.40972836874,53713.5,179.0625003801761,1.0890901749216095,1.0,1.0,0.6082620893718496,0.5588485310111608,0.5613578374958867,1.0890901749216095,0.9139324962299201,0.08317103081568196,2.7633702450330618e-05,0.0,153884,0.0197277959359633,0.17809443304278164,105.51395899189464,614.7678795772661,0.6535962153310285
TQQQ,last12m,rth,09:30,10:00,2,4,1200.0,238065,1.0,0.0030984954299999997,5.3091825e-06,198.3875,7.726666666666667,3.953333333333333,3.82,0,0,4546.519819845743,4650.0,4604.43004109281,4800.0,223957.09353599904,236008.5,225088.8410664047,233839.0,49.50782331767658,1.0149112416890658,1.0,1.0,2.068333896068792,2.2488248175015957,2.248980624281617,1.0149112416890658,0.985108243708133,0.014872270894667874,0.0,0.0,9268,0.021763177736735095,0.768624610039773,402.31982024469886,550.573734937921,0.5057186016400518
TQQQ,last12m,rth,10:00,10:30,2,4,1200.0,196180,1.0,0.002659515268333333,1.3480291666666666e-06,163.48333333333332,6.320833333333334,3.2466666666666666,3.1083333333333334,0,0,4527.437460680602,4650.0,4489.910625883719,4800.0,220964.88975339744,227844.0,220249.64746425362,235446.0,49.722308965101206,1.017958208658308,1.0,1.0,2.0664514855069176,2.2432944560942194,2.2516892121292837,1.017958208658308,0.9848193380362491,0.01331530290078378,7.859966128724847e-05,0.0,7581,0.022898779356846834,0.5466080915309364,512.2683065841915,696.0813423175975,0.5213032581453634
TQQQ,last12m,rth,10:30,11:00,2,4,1200.0,126499,1.0,0.0025385691,6.206666666666667e-09,105.41583333333334,2.9716666666666667,1.51,1.485,0,0,4717.985540908443,4950.0,4637.355097404432,4850.0,235154.37952649107,235977.0,233535.80617916686,244494.5,50.10843424792635,1.0000241155858975,1.0,1.0,2.0169009058475584,2.223035341606947,2.223478414984569,1.0000241155858975,0.9999758844141025,2.411558589753191e-05,0.0,0.0,3562,0.025197858706804088,0.3100911428959132,1125.1617329438175,1346.522484780655,0.5449185850645705
TQQQ,last12m,rth,11:00,11:30,2,4,1200.0,136083,1.0,0.0020652058308333336,0.0,113.4025,2.9775,1.4825,1.5241666666666667,0,0,4367.23888661386,4150.0,4231.905642792364,4350.0,215740.9335082232,204406.0,211590.6861609577,219430.5,49.73666179190194,1.000025569886245,1.0,1.0,2.033871003938994,2.2461275611543168,2.25608919283894,1.000025569886245,0.9999744799733924,2.5470166970673468e-05,0.0,0.0,3569,0.030359687524790072,0.3041502902840656,1071.256862448421,1325.6288731182656,0.5452507705239563
TQQQ,last12m,rth,11:30,12:00,2,4,1200.0,96312,1.0,0.00162401505,0.0,80.26,1.9716666666666667,0.9883333333333333,0.995,0,0,5769.162107177864,6050.0,5999.541191441079,5200.0,289079.0883837235,302490.0,296811.4008311154,262456.5,49.902446705384854,1.0000201375244762,1.0,1.0,2.0285990624185892,1.8050851781098418,2.2536256072953815,1.0000201375244762,0.9999798624755241,2.013752447615227e-05,0.0,0.0,2362,0.03043716897386829,0.2902623437391737,1710.2778322902684,2150.7943761790207,0.5533446232006773
TQQQ,last12m,rth,12:00,12:30,2,4,1200.0,118708,1.0,0.0013730708874999998,2.510516666666666e-07,98.92333333333333,2.81,1.4125,1.4208333333333334,0,0,5059.214693338398,5100.0,5211.70984851562,5750.0,249405.9730432821,252873.0,260326.8466145335,287535.5,49.83498714091624,1.0000385927402569,1.0,1.0,2.029958162624359,1.8138381134510573,2.2529006404431833,1.0000385927402569,0.9999614072597431,3.8592740256887336e-05,0.0,0.0,3368,0.03010173646733223,0.2642615015236331,1223.7940386624578,1779.3644192275465,0.5638361045130641
TQQQ,last12m,rth,12:30,13:00,2,4,1200.0,64684,1.0,0.0020371965866666664,0.0,53.903333333333336,1.1833333333333333,0.5825,0.6041666666666666,0,0,5781.592286175394,6100.0,4957.483520993757,5350.0,289023.52154566563,272195.5,252357.56858734743,272062.0,50.0324194593301,1.000008098934121,1.0,1.0,2.02205673896083,1.8052189928480753,2.240718750842353,1.000008098934121,0.999991901065879,8.098934120946823e-06,0.0,0.0,1416,0.027861211686297713,0.3297477327775972,2816.941174264847,3465.709935626964,0.5459039548022598
TQQQ,last12m,rth,13:00,13:30,2,4,1200.0,63764,1.0,0.0011651426350000004,0.0,53.13666666666666,1.1116666666666666,0.5766666666666667,0.5366666666666666,0,0,6330.323562850006,5800.0,6847.932112385476,6150.0,323763.32740029105,292547.0,351568.7372343083,312264.0,50.02212815634225,1.0000078820737401,1.0,1.0,2.0234571040848666,1.801767487333463,2.245744960678309,1.0000078820737401,0.9999921179262596,7.882073740166884e-06,0.0,0.0,1330,0.030967709969353534,0.34259625296083185,2717.0079494992124,3638.229142310608,0.5481203007518797
TQQQ,last12m,rth,13:30,14:00,2,4,1200.0,63607,1.0,0.00105861079,0.0,53.005833333333335,1.1933333333333334,0.5758333333333333,0.6258333333333334,0,0,7694.645122110152,7500.0,6285.565816805842,5850.0,395143.15667739644,380102.0,323988.0451995104,300357.5,50.19112867068942,1.0000134465830315,1.0,1.0,2.015383732382838,2.229002005842696,2.23194417192439,1.0000134465830315,0.999986553416969,1.3446583031218815e-05,0.0,0.0,1428,0.029174270140011675,0.28183829312644554,2393.578190468076,4797.482832805845,0.569327731092437
TQQQ,last12m,rth,14:00,14:30,2,4,1200.0,50795,1.0,0.0013732415841666667,2.909275e-07,42.329166666666666,0.7825,0.38666666666666666,0.40166666666666667,0,0,7624.0912618999655,7950.0,6410.749802741977,6650.0,386276.56229388405,401065.5,326164.877589038,338193.0,50.152266795035146,1.000005415211302,1.0,1.0,2.0180349707145107,1.7978255008920836,2.239213233521949,1.000005415211302,0.9999945847886978,5.415211302114337e-06,0.0,0.0,935,0.03635183310337362,0.33610160643661685,3548.1338923357594,5340.825999975561,0.5411764705882353
TQQQ,last12m,rth,14:30,15:00,2,4,1200.0,34657,1.0,0.0033214438424999998,0.0,28.88083333333333,0.4925,0.24166666666666667,0.25333333333333335,0,0,7758.122670819687,8200.0,6980.032296068311,7200.0,405162.62544417806,430777.0,355278.76665034343,366300.0,50.094266404745746,1.0000031573670172,1.0,1.0,2.0212779256972873,2.2458814889798213,2.246052239597404,1.0000031573670172,0.9999968426329827,3.1573670172379207e-06,0.0,0.0,587,0.02557277030301875,0.3868120546330529,6666.361933318915,8000.477584881474,0.534923339011925
TQQQ,last12m,rth,15:00,15:30,2,4,1200.0,50900,1.0,0.0013669133683333334,0.0,42.416666666666664,0.775,0.4033333333333333,0.375,0,0,6848.850455417977,7100.0,7066.919544851211,7300.0,349177.1959927072,358659.0,362178.86024799093,371172.0,50.03496051211453,1.0000053806281861,1.0,1.0,2.0255470169484395,1.7933912703689172,2.263022011878021,1.0000053806281861,0.9999946193718141,5.380628185930724e-06,0.0,0.0,926,0.026302679918953825,0.26353198503751346,3882.993527844792,5352.09954561616,0.5647948164146869
TQQQ,last12m,rth,15:30,16:00,2,4,1200.0,65762,1.0,0.0011382124716666669,0.0,54.80166666666667,1.1833333333333333,0.5966666666666667,0.5925,0,0,7934.5401377356275,7500.0,7030.02723990687,7550.0,400732.64981288026,374340.5,357643.4452901339,380527.0,50.077681444147636,1.000136846513742,1.0,1.0,2.023583406231904,2.2541558275390416,2.2543392604225616,1.000136846513742,0.9998631534862581,0.00013684651374197882,0.0,0.0,1416,0.022559700688435765,0.3400783206542648,2630.267991895384,4650.658775816407,0.5663841807909604
TQQQ,last12m,open5,09:30,09:35,2,2,600.0,152927,1.0,0.00435992281,0.0,254.87833333333333,12.096666666666666,6.303333333333334,6.028333333333333,0,0,2931.217268598596,2400.0,3231.64201821564,3300.0,147724.9053512727,124545.0,159960.34421942366,158840.0,49.76337431270261,1.0023422697854647,1.0,1.0,2.033731022658605,2.22996980940658,2.22996980940658,1.0023422697854647,0.997657730214535,0.00234226978546482,0.0,0.0,7256,0.020095850119494784,0.34881294393818396,256.15179839565553,356.99238164771566,0.5399669239250275
TQQQ,last12m,close5,15:55,16:00,2,2,600.0,58847,1.0,0.0009138724533333335,0.0,98.07833333333333,2.1016666666666666,1.0283333333333333,1.0833333333333333,0,0,8597.47673573396,8600.0,8386.33019405724,8350.0,433710.2674373536,434913.0,426862.26701861084,424767.0,50.017449477607514,1.000231833145926,1.0,1.0,2.0256181591330744,2.2541558275390416,2.2541558275390416,1.000231833145926,0.9997681668540741,0.00023183314592583245,0.0,0.0,1259,0.020503036357431916,0.3475933255428783,1692.1447077142673,2585.403482694733,0.5591739475774424
TQQQ,last12m,pre,04:00,07:00,2,2,600.0,8357,1.0,0.12134005156000001,0.0,13.928333333333333,1.715,0.7716666666666666,0.9433333333333334,0,0,1460.577741518587,1050.0,1678.444994042774,1550.0,69352.23791037675,49253.5,83502.34540060376,77589.0,50.88429724098188,1.0612352678119226,1.0,1.0,2.0976542911198277,1.7992289616491783,2.228445180936072,1.0612352678119226,0.9387647321880777,0.061235267811922366,0.0,0.0,1027,0.03517628732449394,8.353625469578262,1281.2888853067004,4632.628553643041,0.3028237585199611
TQQQ,last12m,pre,07:00,08:00,2,2,600.0,8179,1.0,0.17644349427666667,0.0,13.631666666666666,1.225,0.5833333333333334,0.6416666666666667,0,0,2153.529483071248,2050.0,3426.2513675559458,2800.0,105989.12541809765,97995.5,179065.41120098042,145981.0,50.580068396754776,1.000000772017458,1.0,1.0,1.9993291472689183,1.7997163241623981,2.225261702263466,1.000000772017458,0.9999992279825421,7.72017457917564e-07,0.0,0.0,733,0.2244251006209793,29.72192425578138,2534.480119082889,4290.972990956534,0.21418826739427013
TQQQ,last12m,pre,08:00,09:00,2,2,600.0,21658,1.0,0.17764825615833332,3.48395e-07,36.096666666666664,6.425,2.8133333333333335,3.6133333333333333,0,0,2486.8736208874916,2850.0,2683.313139666351,2550.0,124702.79516875195,141534.0,138468.99079439172,134819.5,50.73772070699076,1.0004684517597542,1.0,1.0,1.9935284370390651,1.794182656240891,2.2114866774317905,1.0004684517597542,0.9995315482402457,0.00046845175975422616,0.0,0.0,3853,0.04512219768695319,1.556811477852772,154.4131243784599,2892.363312856871,0.3921619517259278
TQQQ,last12m,pre,09:00,09:30,2,2,600.0,32391,1.0,0.10960772364,0.0,53.985,11.493333333333334,5.223333333333334,6.4366666666666665,0,0,2837.1228508204576,3100.0,3008.666136964235,3350.0,135508.90970593563,146259.0,148688.7075424806,160271.5,49.85735541981908,1.0877358225496874,1.0,1.0,2.2164799264375183,1.8312664694419927,2.2331180375948296,1.0877358225496874,0.9122653729982695,0.08773343145377394,0.0,0.0,6894,0.04584139884791807,1.618887202253331,126.1022662468108,1106.7326846419883,0.4142732811140122
TQQQ,last12m,post,16:00,17:00,2,2,600.0,2578,1.0,0.041201770161666665,0.0,4.296666666666667,0.9983333333333333,0.43666666666666665,0.5716666666666667,0,0,3751.5374482588804,3550.0,2859.418420280778,3400.0,187113.63088305618,178860.5,146436.913072842,172211.0,49.89819264584793,1.0504590816131958,1.0,1.0,2.13383025705864,2.2555700857176624,2.2555700857176624,1.0504590816131958,0.9495409183868044,0.05045908161319569,0.0,0.0,597,0.11939881044642735,48.09975421115952,1754.5537075260224,9695.204002092263,0.2613065326633166
TQQQ,last12m,post,17:00,18:00,2,2,600.0,80,0.9999999999999998,9.086333333333334e-07,0.0,0.13333333333333333,0.03833333333333333,0.016666666666666666,0.021666666666666667,0,0,468.90373076939335,200.0,5828.3922332339625,6100.0,22848.400304825784,9993.0,310462.14410531375,325135.0,49.979127672134375,2.1540615763288167,1.0,4.0,4.627914262522666,2.2535312528200047,9.017135659305923,2.1540615763288167,0.5219728446935925,0.07156570554031892,0.0173751026075974,0.0,21,0.10232929922807545,237.13737056616557,39355.00754557782,38153.50808447111,0.23809523809523808
TQQQ,last12m,post,18:00,20:00,2,2,600.0,1190,1.0,0.000806261135,0.0,1.9833333333333334,0.18833333333333332,0.105,0.08333333333333333,0,0,2609.2921768583933,1900.0,2867.7902141063,2500.0,135834.52006232456,100022.0,146775.22118578682,123713.5,49.917630677106104,1.362717865464561,1.0,2.0,2.812674568152057,2.2644044098157323,4.528242058380992,1.362717865464561,0.7158709859686606,0.20554016259811783,0.0,0.0,111,0.047588279098881706,562.3413251903502,8861.352236595008,38231.89663813605,0.18018018018018017
TQQQ,last12m,pre,04:00,09:30,2,8,2400.0,70585,1.0,0.14625988140875,8.709875e-08,29.410416666666666,5.214583333333334,2.347916666666667,2.90875,0,0,2233.7422293709133,2050.0,2688.7615235726657,1950.0,108765.74193037784,107890.5,136781.12721736758,98962.5,50.50787465343306,1.0414623524523314,1.0,1.0,2.071647349252041,1.8312664694419927,2.228445180936072,1.0414623524523314,0.9585377562338463,0.041462135079975676,0.0,0.0,12507,0.04762044256350658,1.902209042133199,264.89323437300936,2692.5316495550746,0.38658351323258977
TQQQ,last12m,post,16:00,20:00,2,6,1800.0,3848,1.0,0.014002979976666666,0.0,2.137777777777778,0.4083333333333333,0.18611111111111112,0.22555555555555556,0,0,2255.9429828361563,1900.0,3865.958365383818,2850.0,114259.168712063,95214.5,202002.7055326919,130538.5,49.93212016957507,1.4824890972177833,1.0,3.0,3.0967734139713547,2.2555700857176624,6.791214641767392,1.4824890972177833,0.7258139337544296,0.13327627808743756,0.00434377565189935,0.0,729,0.11080145273845192,67.2202309111568,3445.6624277143505,28662.723752101883,0.24828532235939643
TQQQ,last12m,rth,09:30,16:00,2,52,15600.0,1306016,1.0,0.0019092025265384615,5.542613461538462e-07,83.71897435897436,2.423076923076923,1.2274358974358974,1.2109615384615384,0,0,6074.240288600016,5850.0,5750.638391106971,5550.0,306450.615163606,276813.0,290541.9870699447,256396.5,49.955259259471866,1.0025482208503993,1.0,1.0,2.0302593493060344,2.223035341606947,2.2536256072953815,1.0025482208503993,0.9976667767193996,0.0021883411854587784,6.041577816038583e-06,0.0,37748,0.02397097683659516,0.39929020790509395,1086.1593275571604,2421.2615915835554,0.5349157571262053
TQQQ,normal18m,rth,09:30,10:00,4,8,2400.0,542647,1.0,0.00244450828875,7.498911666666667e-06,226.10291666666666,12.179583333333333,6.222916666666666,6.1570833333333335,0,0,3157.946758817278,3450.0,3174.1365117078544,3100.0,179301.5843934335,214428.0,175553.58784691416,211220.0,59.65651705186031,1.01421563013119,1.0,1.0,1.8253332111505385,1.992351925090915,2.248980624281617,1.01421563013119,0.985799345010465,0.014185679847879811,0.0,0.0,29223,0.02364488283398779,0.8784444144006948,253.52102730627652,385.34455264271,0.5033706327208021
TQQQ,normal18m,rth,10:00,10:30,4,8,2400.0,413783,1.0,0.0023334622925,2.2683704166666666e-06,172.40958333333333,6.714166666666666,3.3941666666666666,3.3625,0,0,3480.35836725588,2950.0,3629.8337237349006,3550.0,198167.4298941939,227124.0,208232.0480015874,235446.0,60.13286910682108,1.009043319694104,1.0,1.0,1.8015650250052366,1.9617549823489375,2.2516892121292837,1.009043319694104,0.9923482035356217,0.006717391142716849,3.9404598529044236e-05,0.0,16106,0.026489448507152593,0.5260314050964725,487.22130347043645,667.1507093042684,0.5222277412144543
TQQQ,normal18m,rth,10:30,11:00,4,8,2400.0,322656,1.0,0.0033842325895833327,3.4223625e-07,134.44,5.84125,2.942083333333333,2.9320833333333334,0,0,3780.1697644090777,3550.0,3680.845688131075,3850.0,223581.13550080336,235977.0,218467.95237829132,243326.0,60.23460978892021,1.0002093053153345,1.0,1.0,1.7819190170391854,1.8113589553049056,2.223478414984569,1.0002093053153345,0.9997906946846656,0.00020930531533452706,0.0,0.0,14011,0.02825734233800929,0.3558705009418964,537.0317963702539,969.6710583529673,0.5564913282420955
TQQQ,normal18m,rth,11:00,11:30,4,8,2400.0,274731,1.0,0.0019840022450000002,0.0,114.47125,3.5541666666666667,1.7991666666666666,1.7816666666666667,0,0,3876.435047585381,3700.0,3888.4064788001206,3950.0,231729.4190833456,204406.0,236619.94515241613,226201.0,60.17350856498057,1.0000242881761292,1.0,1.0,1.7865156005779934,1.8204093636033207,2.25608919283894,1.0000242881761292,0.9999757367516607,2.4238320549050994e-05,0.0,0.0,8522,0.031239120272987617,0.40672636521672073,912.9586921214352,1208.0107294191635,0.5363764374559963
TQQQ,normal18m,rth,11:30,12:00,4,8,2400.0,227588,1.0,0.0028906771854166663,1.4159825000000001e-06,94.82833333333333,4.754166666666666,2.5370833333333334,2.3925,0,0,4415.945964689034,5050.0,4606.038961821476,4500.0,264413.43239040585,302490.0,273479.18627516454,262456.5,60.23247076396077,1.003035077054363,1.0,1.0,1.792108018623906,1.8050851781098418,2.2536256072953815,1.003035077054363,0.9969664443974843,0.0030323466598911534,0.0,0.0,11402,0.02533759745411211,0.2100014155708657,591.7985722219511,1667.0642190722112,0.6223469566742676
TQQQ,normal18m,rth,12:00,12:30,4,8,2400.0,220262,1.0,0.0028351471941666664,1.255258333333333e-07,91.77583333333334,4.716666666666667,2.4883333333333333,2.4583333333333335,0,0,3847.4297410538848,4150.0,4255.984397416157,4700.0,230415.16651737047,252873.0,259467.37350417735,287535.5,60.2909507311527,1.0026861865284684,1.0,1.0,1.7896444694232232,1.8138381134510573,2.2529006404431833,1.0026861865284684,0.9973138134715318,0.002686186528468332,0.0,0.0,11312,0.026722871103652422,0.16777185295673394,611.4745391179483,1616.8447785614012,0.6353429985855729
TQQQ,normal18m,rth,12:30,13:00,4,8,2400.0,142568,1.0,0.0032392039924999997,0.0,59.403333333333336,3.3266666666666667,1.7975,1.7725,0,0,4446.020550825679,4400.0,4237.924372540153,4750.0,265217.03122797346,272195.5,265846.6383983474,272062.0,60.35934379813654,1.0020341727722322,1.0,1.0,1.7851735930113248,1.8052189928480753,2.240718750842353,1.0020341727722322,0.997965827227768,0.002034172772231912,0.0,0.0,7976,0.02797025517993296,0.17521770257981792,769.5733148155094,2694.0783234412825,0.6444332998996991
TQQQ,normal18m,rth,13:00,13:30,4,8,2400.0,162311,1.0,0.0028004363529166667,1.8685416666666666e-08,67.62958333333333,3.40375,1.7716666666666667,1.8425,0,0,4881.4056312803505,5150.0,6451.0723109124965,5050.0,296243.5269326101,292547.0,382824.910893595,312264.0,60.163080271760215,1.0024475340269137,1.0,1.0,1.7927922902476148,1.801767487333463,2.245744960678309,1.0024475340269137,0.9975531896275649,0.0024462704545863377,0.0,0.0,8161,0.028600959105256236,0.21279456249870984,720.1964567669028,2657.4107894153462,0.6191643180982723
TQQQ,normal18m,rth,13:30,14:00,4,8,2400.0,171229,1.0,0.0029070078166666667,1.4925541666666667e-07,71.34541666666667,4.4725,2.3241666666666667,2.4741666666666666,0,0,5565.17715704755,5650.0,5050.163973485533,4700.0,334862.5174003352,378613.0,311457.67030111933,300357.5,60.15454646094888,1.003936115947313,1.0,1.0,1.794278263326571,1.8004612428214888,2.23194417192439,1.003936115947313,0.9960638840526874,0.00393611594731277,0.0,0.0,10726,0.027789676753826115,0.190705683534,425.05432978428337,2623.547071941874,0.6393809435017714
TQQQ,normal18m,rth,14:00,14:30,4,8,2400.0,156546,1.0,0.0029549296666666666,2.5536833333333333e-07,65.2275,4.735416666666667,2.5145833333333334,2.5954166666666665,0,0,5562.784406735633,6300.0,4922.565444033558,4950.0,332406.6334109045,389337.0,295577.61797700776,333370.5,60.07902074433676,1.0038959422410412,1.0,1.0,1.7986900779357922,1.7978255008920836,2.239213233521949,1.0038959422410412,0.9961043668101789,0.003895324138600871,0.0,0.0,11357,0.027164703875873088,0.1373474222086399,323.0522180916969,3247.8794752550343,0.688650171700273
TQQQ,normal18m,rth,14:30,15:00,4,8,2400.0,130803,1.0,0.0030775004354166666,0.0,54.50125,2.5479166666666666,1.3633333333333333,1.3175,0,0,5620.703167869633,4850.0,5035.805415927774,5100.0,343679.1692657479,332860.0,298622.5194195177,332157.0,60.05739360118064,1.0015056723343478,1.0,1.0,1.7937354101839071,1.7961680358495076,2.246052239597404,1.0015056723343478,0.998494327665652,0.0015056723343478849,0.0,0.0,6107,0.02639664140144159,0.19783880286125696,722.0107923984004,4661.706557428582,0.6232192565907975
TQQQ,normal18m,rth,15:00,15:30,4,8,2400.0,126997,1.0,0.0021246307175,0.0,52.915416666666665,2.2754166666666666,1.2933333333333332,1.2283333333333333,0,0,5252.5073201298665,5900.0,5701.148315074188,6050.0,322730.8908218317,358659.0,357493.202479934,371172.0,60.08957596402124,1.002830710733727,1.0,1.0,1.7954970254505216,1.7933912703689172,2.263022011878021,1.002830710733727,0.9971692892662726,0.0028307107337272397,0.0,0.0,5453,0.028503990222959474,0.19461625199932184,978.6807038529689,4313.945433225551,0.6319457179534201
TQQQ,normal18m,rth,15:30,16:00,4,8,2400.0,168777,1.0,0.00202224357375,4.031309166666667e-06,70.32375,4.17625,2.2604166666666665,2.2608333333333333,0,0,5715.2456041300165,6200.0,5972.4040460758615,7150.0,342238.12459031434,374340.5,374921.7044310032,380527.0,60.04305578329447,1.0036807991704917,1.0,1.0,1.798471638096242,1.7923797979311522,2.2543392604225616,1.0036807991704917,0.9963748119241228,0.003571936577453608,6.668094726193934e-09,0.0,10015,0.02869430425266662,0.216903267503267,385.99827678649984,3464.6377216405876,0.6390414378432352
TQQQ,normal18m,open5,09:30,09:35,4,4,1200.0,298596,1.0,0.00305358291,6.079166666666667e-07,248.83,16.80666666666667,8.628333333333334,8.34,0,0,2307.798065373647,1750.0,2441.748142774777,2000.0,138342.0711912502,124545.0,138479.15990962432,140975.0,59.77345078358324,1.0730913836417604,1.0,1.0,1.8835319672823538,1.9959709201323241,2.22996980940658,1.0730913836417604,0.9271689671266681,0.07257068210490321,0.0,0.0,20164,0.023254368984337033,1.8954079710711278,182.98305153508696,251.19247573016386,0.48065859948422934
TQQQ,normal18m,close5,15:55,16:00,4,4,1200.0,127804,1.0,0.0014232070099999999,2.3844583333333335e-07,106.50333333333333,3.8125,1.935,1.9741666666666666,0,0,6366.6340387218725,6650.0,5991.024726620728,6000.0,383283.7608948275,421690.5,353233.8773221819,377956.0,59.9311059641842,1.0016303636395474,1.0,1.0,1.7954923273838383,2.0069604898165014,2.2541558275390416,1.0016303636395474,0.9983703394470913,0.0016289574662697805,0.0,0.0,4571,0.024155901821897287,0.40094649356551015,746.7925899308841,1970.7261127235136,0.5515204550426602
TQQQ,normal18m,pre,04:00,07:00,4,4,1200.0,11582,1.0,0.06080447948,0.0,9.651666666666667,1.0483333333333333,0.4791666666666667,0.5691666666666667,0,0,962.4782172053425,550.0,1121.4999744591555,1050.0,51215.99217877577,37427.0,63114.63639214246,62808.0,60.99119036720935,1.399108319795467,1.0,2.0,2.4164471961714957,2.228445180936072,3.9922559242634335,1.399108319795467,0.6172756180300104,0.3663521308227314,0.0,0.0,1254,0.05270091818709969,26.192793448156277,2194.969911950791,6418.067702685579,0.27751196172248804
TQQQ,normal18m,pre,07:00,08:00,4,4,1200.0,19617,1.0,0.0882276950875,1.7230416666666668e-07,16.3475,1.37,0.655,0.715,0,0,1362.7013741572548,900.0,1913.1744986392266,1200.0,74864.32649875282,61861.5,102266.24998595334,55437.0,61.055759647803875,1.4822412709737616,1.0,2.0,2.5121668226123393,2.225261702263466,4.005425430085476,1.4822412709737616,0.592441846846698,0.3353358065686131,1.4672490916192606e-05,0.0,1640,0.21063445423241214,65.43189129712977,2103.0865351598977,3379.627619645267,0.21829268292682927
TQQQ,normal18m,pre,08:00,09:00,4,4,1200.0,34482,1.0,0.09115850646083333,1.741975e-07,28.735,3.736666666666667,1.7033333333333334,2.035,0,0,1749.9827452725617,1600.0,1805.5305762138519,1100.0,95129.01460430196,98185.0,101277.86148521601,58523.0,61.00129392162127,1.1167174210007738,1.0,2.0,1.9630189758170613,2.0182138363573956,2.235680150350918,1.1167174210007738,0.8832838605128139,0.116714857973598,0.0,0.0,4480,0.05163013086114005,1.9689322350263345,439.1294790865146,3571.714344811249,0.3767857142857143
TQQQ,normal18m,pre,09:00,09:30,4,4,1200.0,46983,1.0,0.059518383380000005,0.0,39.1525,6.348333333333334,2.9466666666666668,3.485,0,0,2377.3560945096374,1150.0,2248.1887057631116,1500.0,141909.4860700221,72313.5,122343.56075031383,93065.5,60.14638427891482,1.1808915675333242,1.0,2.0,2.1098364644838474,2.011360683442503,4.0229833338103305,1.1808915675333242,0.8191107309087315,0.1808869706492132,0.0,0.0,7614,0.049373843089150445,1.9468537738163816,284.10779273885015,1786.7668791409772,0.3946677173627528
TQQQ,normal18m,post,16:00,17:00,4,4,1200.0,3842,1.0,0.026086243983333333,0.0,3.2016666666666667,0.7966666666666666,0.325,0.4766666666666667,0,0,2562.4851896268674,2450.0,1942.6049614152969,2050.0,144069.99613812275,144864.5,114121.61426859607,115813.5,59.8998515472481,1.2491338452474645,1.0,2.0,2.242036412456359,2.0172381306978964,4.033531617468391,1.2491338452474645,0.7961298704838615,0.17754879717625377,0.0019749806222065696,0.0,952,0.22167375894331112,82.18921166001313,3005.347786026839,7377.61336334312,0.2342436974789916
TQQQ,normal18m,post,17:00,18:00,4,4,1200.0,163,1.0,4.543166666666666e-07,0.0,0.13583333333333333,0.050833333333333335,0.02666666666666667,0.024166666666666666,0,0,489.5253226239295,200.0,3034.1782155956494,1450.0,27198.258427215256,14520.0,162739.5622103202,65401.0,59.80953616501275,2.813698936420322,3.0,4.0,5.0079199396830045,4.4620441678765825,9.017135659305923,2.813698936420322,0.28522338919923945,0.1128651209581722,0.07390362257064746,0.0,57,0.4841723675840994,2238.721138568343,36728.23004980855,38702.58836567654,0.12280701754385964
TQQQ,normal18m,post,18:00,20:00,4,4,1200.0,3243,1.0,0.0007654081099999999,0.0,2.7025,0.525,0.24916666666666668,0.27666666666666667,0,0,1668.1977463088583,950.0,1787.006571474513,1600.0,94582.94174186651,62475.5,98106.11374251092,100075.5,59.45744436299409,1.5672045915569068,1.0,3.0,2.7965293540752656,2.227633912998387,4.528242058380992,1.5672045915569068,0.5368984474434195,0.3613316398108441,0.0,0.0,626,0.17378008287493754,186.4610971426956,4139.996748197306,12349.15802813169,0.20447284345047922
TQQQ,normal18m,pre,04:00,09:30,4,16,4800.0,112664,1.0,0.07492726610208333,8.662541666666666e-08,23.471666666666668,3.1258333333333335,1.4460416666666667,1.7010416666666666,0,0,1614.1285540967087,800.0,1770.944126316277,1150.0,90879.7487598245,62573.0,97189.09015752978,67470.0,60.794862651920944,1.3430417154777452,1.0,2.0,2.323535567124693,2.2114866774317905,3.9922559242634335,1.3430417154777452,0.6794741685279835,0.2984637349700022,2.6677256211259284e-06,0.0,14988,0.05457009784876395,2.864816268132829,661.179148645722,3239.428453877138,0.36022151054176677
TQQQ,normal18m,post,16:00,20:00,4,12,3600.0,7248,1.0,0.008950702136666667,0.0,2.013333333333333,0.4575,0.20027777777777778,0.25916666666666666,0,0,1564.700356899661,850.0,2257.4542383743724,1700.0,88128.99785270536,41906.0,125091.3624577122,104793.5,59.72078749713522,1.7993104911954,1.0,4.0,3.210753765072474,2.2555700857176624,6.762173825265891,1.7993104911954,0.538787538642485,0.25326929943902854,0.01896965079821351,0.0,1635,0.19857138578719558,121.24221057985281,4054.6609594621737,14030.840595259015,0.21896024464831804
TQQQ,normal18m,rth,09:30,16:00,4,104,31200.0,3060898,1.0,0.0026921524885256407,1.2388957692307694e-06,98.10570512820513,4.822916666666667,2.5160576923076925,2.505801282051282,0,0,4584.761201823653,4700.0,4662.077818181354,4600.0,274228.42871507467,254857.0,281431.9800056766,249508.0,60.128197692245976,1.0038115828894831,1.0,1.0,1.795057353748914,1.9617549823489375,2.2488248175015957,1.0038115828894831,0.9963011269542261,0.003621558523692099,3.032723278698514e-06,0.0,150371,0.026395499335298646,0.27915761754261825,480.63772269975215,1696.5996745996902,0.5871876891155875
TQQQ,y2022,rth,09:30,10:00,2,4,1200.0,245477,1.0,0.001578301325,9.338733333333333e-07,204.56416666666667,6.985,3.5416666666666665,3.513333333333333,0,0,5606.6310531083045,6300.0,6683.902973275642,6450.0,179087.79246210103,209373.5,199154.618375918,192726.0,38.318768668847895,1.0007602983156947,1.0,1.0,2.9084673425067296,3.832690143675839,3.8396213069383927,1.0007602983156947,0.9992397016843052,0.0007602983156947112,0.0,0.0,8378,0.021990781523992788,0.595662143529011,417.51285955341365,635.3231980368441,0.5152781093339699
TQQQ,y2022,rth,10:00,10:30,2,4,1200.0,186937,1.0,0.0009661636474999998,0.0,155.78083333333333,4.020833333333333,2.075833333333333,2.0308333333333333,0,0,6770.988274115683,5750.0,6969.484347346393,7000.0,228712.42126710305,184602.5,219344.24026191162,224404.0,37.736407882575584,1.0014868644276922,1.0,1.0,2.9267341143482843,3.815875089437199,3.8189381558220443,1.0014868644276922,0.9985131355723079,0.0014868644276921311,0.0,0.0,4821,0.024053656370278773,1.081256102088422,778.4706368039131,937.0066868481088,0.49802945447002694
TQQQ,y2022,rth,10:30,11:00,2,4,1200.0,178586,1.0,0.002852696461666667,0.0,148.82166666666666,3.7483333333333335,1.9533333333333334,1.9391666666666667,0,0,6655.948572601513,6550.0,6839.263611351006,5850.0,206714.75333295148,207658.5,210672.29565415997,189363.0,37.412438117896244,1.0022481536006553,1.0,1.0,2.954073692102384,3.8368083577079855,3.864664449235819,1.0022481536006553,0.9977518463993449,0.0022481536006552175,0.0,0.0,4494,0.025855266561878514,8.683797299213396,809.7441629689552,1055.8317721843127,0.4695149087672452
TQQQ,y2022,rth,11:00,11:30,2,4,1200.0,138272,1.0,0.0008654758091666666,3.859097416666667e-05,115.22666666666667,3.2533333333333334,1.7108333333333334,1.695,0,0,8197.68714761957,8350.0,8938.86482253718,8850.0,251201.64050107158,258768.0,272855.42460734857,273774.5,37.67929042792912,1.00167948594579,1.0,1.0,2.9153846986271468,3.7714070437775584,3.784766839781589,1.00167948594579,0.9983205140542099,0.001679485945789995,0.0,0.0,3900,0.03182568630558017,8.168103123052584,846.2972619266329,1263.3979854728068,0.4674358974358974
TQQQ,y2022,rth,11:30,12:00,2,4,1200.0,101441,1.0,0.0011671407358333332,0.0,84.53416666666666,2.375,1.28,1.2516666666666667,0,0,8999.426726064556,8450.0,9809.268609523158,9650.0,271875.98942211515,258483.0,303644.51243745565,293464.0,37.26071468315616,1.0035547799910345,1.0,1.0,2.937935910372588,3.7798713813911404,3.77998875711768,1.0035547799910345,0.9964452200089657,0.003554779991034455,0.0,0.0,2846,0.037022141678228405,5.232991146814956,1098.3159048697937,2194.3991818380346,0.47434996486296555
TQQQ,y2022,rth,12:00,12:30,2,4,1200.0,116085,1.0,0.001700644595833333,0.0,96.7375,2.7308333333333334,1.4833333333333334,1.4316666666666666,0,0,7472.617384153338,7800.0,12323.178226171327,8550.0,227107.43420058765,237453.5,352785.12380406,254305.5,36.83561426652068,1.0022142344758955,1.0,1.0,2.9626190850097385,3.800491487417576,3.8093317455800233,1.0022142344758955,0.9977857655241048,0.0022142344758953355,0.0,0.0,3273,0.023633964854579123,9.939588868933633,926.2023580683548,1733.7798584242062,0.46043385273449433
TQQQ,y2022,rth,12:30,13:00,2,4,1200.0,127800,1.0,0.0005820041700000001,0.0,106.5,2.89,1.5091666666666668,1.4983333333333333,0,0,8582.585816488081,8550.0,8004.351017292543,7550.0,259870.52259123302,258625.0,240236.06239733277,229218.5,36.79261485500631,1.0027540060254914,1.0,1.0,2.960872171856981,3.7875552823460166,3.795335691381567,1.0027540060254914,0.9972459939745091,0.0027540060254910457,0.0,0.0,3464,0.02688841592307363,3.852248420036756,928.2384936644667,1779.0170916957718,0.4783487297921478
TQQQ,y2022,rth,13:00,13:30,2,4,1200.0,96679,1.0,0.001694157500833333,0.0,80.56583333333333,2.2333333333333334,1.1941666666666666,1.1675,0,0,9006.60506342441,9100.0,9286.012588171581,8950.0,271384.78993337275,278450.5,277675.16669152334,270578.0,36.64201664375394,1.0027132893361475,1.0,1.0,2.961498890374973,3.76872364341602,3.7810590932119665,1.0027132893361475,0.9972867106638527,0.002713289336147439,0.0,0.0,2676,0.024371092609795815,12.760930781150956,1185.2304947597042,2124.9970525630188,0.4637518684603886
TQQQ,y2022,rth,13:30,14:00,2,4,1200.0,97853,1.0,0.0015457409583333334,1.2938099999999999e-06,81.54416666666667,2.8583333333333334,1.5158333333333334,1.5066666666666666,0,0,9998.467159989876,9550.0,9540.65761745213,9000.0,298337.146711384,292520.0,286159.1487504223,274050.0,36.47478725663595,1.0054650127363791,1.0,1.0,2.9842116310038915,3.7963322691244645,3.802267884316706,1.0054650127363791,0.9945349872636207,0.005465012736379227,0.0,0.0,3426,0.021650436996856783,9.85711900900617,789.3382670874009,1872.342697498197,0.45271453590192645
TQQQ,y2022,rth,14:00,14:30,2,4,1200.0,88672,1.0,0.0017980354791666668,8.529943333333334e-06,73.89333333333333,2.3016666666666667,1.2183333333333333,1.205,0,0,38667.46797639695,9350.0,13365.075580007524,8900.0,1045294.5417252823,285014.0,385641.3092315015,272086.0,35.950560597949284,1.0032181388049566,1.0,1.0,3.01873551125677,3.843941767306059,3.8461279507372588,1.0032181388049566,0.9967818611950435,0.0032181388049565144,0.0,0.0,2758,0.01865475173654468,9.060305822453397,1071.2147479872367,2234.5758642712335,0.45685279187817257
TQQQ,y2022,rth,14:30,15:00,2,4,1200.0,118701,1.0,0.0024810597874999995,4.252778333333333e-05,98.9175,2.484166666666667,1.2783333333333333,1.255,0,0,8026.578099876924,8100.0,9572.380072351212,9550.0,239385.1912793734,242962.5,281942.43084677006,286619.0,35.73689642215205,1.0008912906449936,1.0,1.0,3.0222067568255904,3.8296933314195463,3.845619162127339,1.0008912906449936,0.9991087093550063,0.0008912906449937011,0.0,0.0,2977,0.021413598484097213,1.2170099183577354,1208.1509844730015,1734.8723739344102,0.49512932482364796
TQQQ,y2022,rth,15:00,15:30,2,4,1200.0,104159,1.0,0.0008229338791666669,3.5880958333333325e-06,86.79916666666666,2.41,1.245,1.2416666666666667,0,0,9685.411792766396,9300.0,10300.594476557106,9750.0,293290.7532580321,287149.0,306961.0251789759,297414.0,35.39199936686366,1.0062108501499656,1.0,1.0,3.064789448335569,3.873328010268642,3.8863885169839585,1.0062108501499656,0.9937891498500344,0.006210850149965706,0.0,0.0,2888,0.023349937061469515,8.282888557850926,1212.373300748212,1733.9202189589628,0.4664127423822715
TQQQ,y2022,rth,15:30,16:00,2,4,1200.0,133407,1.0,0.0012908751216666667,4.868118416666666e-05,111.1725,3.171666666666667,1.6375,1.64,0,0,8644.332241772769,8550.0,8712.574238420284,8350.0,259042.05203926523,261022.5,260783.7167027903,249938.5,35.356063073899364,1.002634768936343,1.0,1.0,3.0584800737029925,3.8708020374826364,3.885901864498426,1.002634768936343,0.997365231063657,0.0026347689363431016,0.0,0.0,3802,0.021272380466528597,3.1622776601683804,919.4527408771453,1452.8564034071262,0.4755391899000526
TQQQ,y2022,open5,09:30,09:35,2,2,600.0,162517,1.0,0.0022044605599999996,1.6903218333333333e-05,270.8616666666667,11.393333333333333,5.78,5.878333333333333,0,0,3783.391471150436,3300.0,4805.747624182337,4100.0,112124.99937260881,93234.0,152073.80475564706,121296.0,38.047916289469406,1.0073863057336794,1.0,1.0,2.940378493512904,3.851893744446384,3.851893744446384,1.0073863057336794,0.9928031204073559,0.007049198191863,0.0,0.0,6834,0.029700148493534816,1.0964781961431853,261.3538581817311,421.97606552252023,0.496780801872988
TQQQ,y2022,close5,15:55,16:00,2,2,600.0,100847,1.0,0.0025299902016666666,5.060276666666667e-06,168.07833333333335,4.621666666666667,2.4516666666666667,2.3266666666666667,0,0,13266.081448157429,13750.0,17509.881208044513,14800.0,391017.62854642567,403205.0,495678.622129387,422447.0,35.699822021712734,1.0033263684653027,1.0,1.0,3.015237885564442,3.7924832777803927,3.7924832777803927,1.0033263684653027,0.9966759432450001,0.0033217450446978067,0.0,0.0,2771,0.02449480994248749,3.2923045333340655,482.41157698284553,1370.9542936370328,0.46337062432334897
TQQQ,y2022,pre,04:00,07:00,2,2,600.0,3461,1.0,0.023694061345,0.0,5.7683333333333335,0.7416666666666667,0.325,0.4266666666666667,0,0,2053.396819014695,1550.0,9818.71486610352,9450.0,68145.93973411771,52327.5,276457.67797245225,268125.5,38.173867623516436,1.7667590851708752,2.0,3.0,4.462761883676632,4.037434705844264,6.056440461651657,1.7667590851708752,0.49003288080895463,0.25328144258994284,5.336860226940142e-06,0.0,443,0.0925230626233317,66.83439175686159,3863.669770540694,6255.6595628571995,0.24604966139954854
TQQQ,y2022,pre,07:00,08:00,2,2,600.0,6131,1.0,0.011197259736666666,0.00509933175,10.218333333333334,0.6116666666666667,0.33166666666666667,0.2916666666666667,0,0,3061.925381785108,2100.0,8099.45214739151,7550.0,95813.50982598163,66915.5,226465.01435828613,213945.0,37.74459657766956,1.3365648970543806,1.0,2.0,3.6227769179534453,3.8871380672023594,4.050408720900175,1.3365648970543806,0.7028075477748322,0.2578202864231469,0.0,0.0,365,0.08727886519797408,50.69907082747049,3548.1338923357594,10173.337385871895,0.25753424657534246
TQQQ,y2022,pre,08:00,09:00,2,2,600.0,8763,1.0,0.057182541695,6.0343711666666666e-05,14.605,1.125,0.5883333333333334,0.5483333333333333,0,0,3963.718344467489,2550.0,5039.652284347695,4250.0,122883.78784753144,77106.0,150785.78496473917,124715.5,38.07650414708059,1.096289414185425,1.0,1.0,3.101097626086899,3.838530475737733,3.838530475737733,1.096289414185425,0.9042909309319593,0.09512872395065668,0.0,0.0,673,0.6439411129209854,139.35342496063132,2193.366020450624,5111.577804578949,0.17087667161961367
TQQQ,y2022,pre,09:00,09:30,2,2,600.0,13251,1.0,0.03594325223333333,1.2688483333333334e-06,22.085,2.0216666666666665,0.9866666666666667,1.0516666666666667,0,0,2624.315924336431,2250.0,4147.042644926118,4200.0,82910.64583240647,66879.5,139597.9814661974,143614.0,38.00723295697784,1.2055087919255005,1.0,2.0,3.327437923673228,3.8366868360662565,4.029967921210918,1.2055087919255005,0.8006051203515672,0.19330464093286176,0.0,0.0,1211,0.1726922020159587,52.290290266599655,1526.1597656254628,2264.5740709381794,0.236168455821635
TQQQ,y2022,post,16:00,17:00,2,2,600.0,4607,1.0,0.04869129447500001,2.4711666666666663e-07,7.678333333333334,1.4033333333333333,0.6266666666666667,0.8133333333333334,0,0,10240.817867586084,11550.0,7757.39048198732,6350.0,293189.5982698979,328598.5,236406.3889054546,192076.5,36.145008435534294,1.4865445386428604,1.0,2.0,4.067092052368764,3.7547998222539665,4.450853884764478,1.4865445386428604,0.5725651244423912,0.36833724199327544,6.478392939248583e-07,0.0,840,0.113382350121785,44.27451843494495,1426.1547957260095,4442.3752014273805,0.2726190476190476
TQQQ,y2022,post,17:00,18:00,2,2,600.0,57,1.0,1.4223166666666668e-07,0.0,0.095,0.035,0.021666666666666667,0.013333333333333334,0,0,3465.321310661426,5450.0,9933.976443963362,10050.0,97582.25881756586,146855.5,268360.18914113706,270378.0,35.776814041726134,1.9365252006535403,2.0,3.0,5.522387003672792,4.4513687959038535,7.513148009015619,1.9365252006535403,0.31281685369246237,0.5147407743707716,1.8085565905673515e-05,0.0,19,0.48977881936844625,5623.413251903497,50699.07082747049,28100.841764126977,0.15789473684210525
TQQQ,y2022,post,18:00,20:00,2,2,600.0,865,1.0,6.768895e-06,0.0,1.4416666666666667,0.16666666666666666,0.085,0.08333333333333333,0,0,6968.075729321463,6900.0,5654.299297253074,6650.0,197960.40100461093,194760.0,159657.75345999582,186404.0,35.7723155392528,1.4915460326251488,1.0,2.0,4.18418658880566,3.7521154005975266,6.683265411141005,1.4915460326251488,0.5529154624850429,0.40262304240476515,0.0,0.0,98,0.14017374183467704,999.9999999999995,14454.397707459262,20527.114217823706,0.24489795918367346
TQQQ,y2022,pre,04:00,09:30,2,8,2400.0,31606,1.0,0.0320042787525,0.0012902360775,13.169166666666667,1.125,0.5579166666666666,0.5795833333333333,0,0,2918.049998513911,1600.0,6802.142935727095,4200.0,92210.96677371502,54705.0,198978.9707313789,143614.0,37.999380518940136,1.5156156295845782,1.0,3.0,3.9592507558012455,3.838530475737733,6.056440461651657,1.5156156295845782,0.632272669328989,0.21989921065637508,2.911014669240077e-06,0.0,2692,0.16595869074375608,72.50113869161859,2318.707152257115,4645.457548629967,0.22436849925705796
TQQQ,y2022,post,16:00,20:00,2,6,1800.0,5529,1.0,0.01623273520055556,8.237222222222222e-08,3.0716666666666668,0.535,0.24444444444444444,0.30333333333333334,0,0,6836.145245126935,6500.0,7782.297697359283,6350.0,194644.6479690715,194010.0,221228.57005721724,192076.5,35.89397183248569,1.6015404511366746,2.0,2.0,4.489463058413219,4.450853884764478,7.504811350109406,1.6015404511366746,0.49780322577623487,0.42208102529339436,4.6833512998995934e-06,0.0,957,0.12279103687681993,65.56418494179799,2141.4812967616194,18684.12172899846,0.26750261233019856
TQQQ,y2022,rth,09:30,16:00,2,52,15600.0,1734069,1.0,0.0014880945747435894,1.1088128012820514e-05,111.15826923076924,3.189423076923077,1.6648717948717948,1.6442948717948718,0,0,10485.282675317836,6750.0,9257.315692872986,6600.0,310089.9909271691,223492.5,276758.1756629152,216858.0,36.73758482571083,1.002756541014313,1.0,1.0,2.9750748507560894,3.76872364341602,3.8461279507372588,1.002756541014313,0.9972434589856868,0.002756541014313226,0.0,0.0,49703,0.023622461145265426,3.6073995320265184,851.2937170733303,1447.3907293472473,0.4797698328068728
TQQQ,y2023,rth,09:30,10:00,2,4,1200.0,215823,1.0,0.0012733424116666665,1.1734478333333334e-05,179.8525,2.4741666666666666,1.2241666666666666,1.255,0,0,12471.884572248462,11800.0,11571.620929932898,10850.0,378503.77480923454,364952.5,352021.0218382244,330631.5,33.95492784927484,1.0000142305515194,1.0,1.0,3.07164011524081,2.451997334205972,3.6962974721392934,1.0000142305515194,0.9999872508163187,1.1267815843074032e-05,0.0,0.0,2965,0.019002623306777214,0.6081945906911527,1024.8392210699321,1690.0548182984987,0.5089376053962901
TQQQ,y2023,rth,10:00,10:30,2,4,1200.0,166960,1.0,0.0003369479683333333,9.190208333333335e-07,139.13333333333333,1.37,0.6825,0.6875,0,0,17656.71440190313,16300.0,13937.65901945477,12750.0,528285.1156308346,496775.0,425185.44357788074,395088.0,33.791499742712226,1.0000025045303649,1.0,1.0,3.0750272688295754,3.6704283961171194,3.6721595303763617,1.0000025045303649,0.9999974954696352,2.504530364800294e-06,0.0,0.0,1640,0.024484367468222284,0.6606934480075964,2078.0072518241777,3061.5037905889144,0.5054878048780488
TQQQ,y2023,rth,10:30,11:00,2,4,1200.0,134950,1.0,0.00035914865499999993,0.0,112.45833333333333,1.05,0.5333333333333333,0.5166666666666667,0,0,16938.123582521297,16500.0,15491.063663940091,15600.0,518551.615979411,514876.0,472669.99414491496,479059.0,34.090457886308975,1.0000012418093276,1.0,1.0,3.058471707443523,3.672290205494406,3.6815453097734654,1.0000012418093276,0.9999987581906724,1.2418093274830718e-06,0.0,0.0,1256,0.032809529311311904,0.5573831635270153,2975.089258880873,3577.3270235174614,0.5071656050955414
TQQQ,y2023,rth,11:00,11:30,2,4,1200.0,105097,1.0,8.433283916666666e-05,0.0,87.58083333333333,0.6983333333333334,0.3516666666666667,0.3466666666666667,0,0,18059.504286719275,17800.0,15676.53047861388,13700.0,564367.6769917354,560135.0,487730.87012591294,426359.0,34.08940800509267,1.0000005107914098,1.0,1.0,3.065652486340119,2.4306431669832667,3.7025528919863806,1.0000005107914098,0.9999994892085903,5.10791409823145e-07,0.0,0.0,834,0.056923830611097716,0.652057229342862,4736.467323118832,5603.628733790491,0.5095923261390888
TQQQ,y2023,rth,11:30,12:00,2,4,1200.0,91486,1.0,6.109210833333334e-05,0.0,76.23833333333333,0.5466666666666666,0.27666666666666667,0.27,0,0,17022.00830903233,16900.0,15378.97371203599,15000.0,521454.8497217294,528701.0,477328.692323921,468090.0,34.122673644293315,1.0000011728683198,1.0,1.0,3.061630680810881,3.694646936138084,3.695311401999704,1.0000011728683198,0.9999988271316803,1.1728683196651157e-06,0.0,0.0,652,0.03568617492834812,0.6309573444801937,5879.404403607942,5879.67956894851,0.504601226993865
TQQQ,y2023,rth,12:00,12:30,2,4,1200.0,86809,1.0,0.00018921298833333335,0.0,72.34083333333334,0.5566666666666666,0.27666666666666667,0.28,0,0,18928.371055661806,18700.0,14830.117758274297,14100.0,580073.3862425534,580879.0,461036.99579877884,436482.0,34.14779461286037,1.0000002977413365,1.0,1.0,3.0570382206907585,2.431378830829893,3.6892133278466006,1.0000002977413365,0.9999997022586636,2.977413365280351e-07,0.0,0.0,664,0.05986084693840019,0.794328234724282,5725.030144912081,6056.129026429593,0.5030120481927711
TQQQ,y2023,rth,12:30,13:00,2,4,1200.0,65837,1.0,0.0016865183408333333,0.0,54.86416666666667,0.43,0.2075,0.2225,0,0,18955.233017303704,19050.0,16449.238044591188,15850.0,580158.5258627695,594941.5,507851.11948822637,488933.0,34.251741664511705,1.0000002544190825,1.0,1.0,3.0435210855412125,3.653961822005536,3.659075223329748,1.0000002544190825,0.9999997455809175,2.54419082448808e-07,0.0,0.0,512,0.05032898614520247,0.5623413251903493,8281.237462200475,9302.524158413917,0.517578125
TQQQ,y2023,rth,13:00,13:30,2,4,1200.0,67463,1.0,5.251027333333334e-05,0.0,56.219166666666666,0.48333333333333334,0.2425,0.24083333333333334,0,0,18858.854977342697,17850.0,14438.424828109228,14100.0,583827.3910745393,561050.0,451318.0686128322,444325.5,34.447174147601245,1.000000568734031,1.0,1.0,3.024885656260252,3.630306814467614,3.633827886658901,1.000000568734031,0.999999431265969,5.687340310460907e-07,0.0,0.0,576,0.047497053264845567,0.5248074602497724,6132.238643664441,7338.1877928329,0.5225694444444444
TQQQ,y2023,rth,13:30,14:00,2,4,1200.0,58313,1.0,4.6941734999999994e-05,0.0,48.594166666666666,0.375,0.18916666666666668,0.18583333333333332,0,0,18631.77836417305,18100.0,15102.109647809613,14150.0,578766.5874183237,572302.0,471356.97213271324,446717.5,34.44825493924242,1.0000002274881787,1.0,1.0,3.0268328245257066,3.6379120349219627,3.6406416381860938,1.0000002274881787,0.9999997725118214,2.2748817868979948e-07,0.0,0.0,446,0.06632338242241895,0.7244359600749908,7992.205950603811,8820.324593771189,0.5067264573991032
TQQQ,y2023,rth,14:00,14:30,2,4,1200.0,66657,1.0,0.00010445418583333333,3.0726575e-06,55.5475,0.48083333333333333,0.24083333333333334,0.24,0,0,17249.998999067036,17350.0,16255.890892485573,16350.0,541850.6403317023,552146.0,501236.90611115895,505935.0,34.31779269794723,1.0000019433714646,1.0,1.0,3.040354561537957,3.6581191728159226,3.6624254252962065,1.0000019433714646,0.9999980566285355,1.9433714645990083e-06,0.0,0.0,573,0.07290843528458792,1.1885022274370194,7003.161111584747,8008.1104137230905,0.4973821989528796
TQQQ,y2023,rth,14:30,15:00,2,4,1200.0,122333,1.0,0.0009746657441666668,0.0,101.94416666666666,0.9466666666666667,0.4683333333333333,0.47833333333333333,0,0,17602.199686476808,16200.0,16248.347472395162,16450.0,534209.1920044794,505399.5,490949.5171496351,501109.0,33.895113869955985,1.0000038739449681,1.0,1.0,3.0834987098001068,2.4462457442318613,3.729543986161981,1.0000038739449681,0.9999961260550319,3.873944968121859e-06,0.0,0.0,1132,0.035563131856898536,0.6309573444801937,3306.9571794123476,4025.882687058495,0.519434628975265
TQQQ,y2023,rth,15:00,15:30,2,4,1200.0,92077,1.0,0.0010352448208333334,0.0,76.73083333333334,0.64,0.32,0.32,0,0,17252.41970365964,17600.0,16853.07989775466,16500.0,515645.5584649577,532841.0,505049.5073981756,504151.0,33.82054070976145,1.0000005508827987,1.0,1.0,3.0882671724139126,2.4533854906544956,3.733709570363505,1.0000005508827987,0.9999994491172014,5.508827985640986e-07,0.0,0.0,764,0.04720630412635906,0.9261187281287938,4988.844874600124,5554.228412325147,0.5026178010471204
TQQQ,y2023,rth,15:30,16:00,2,4,1200.0,121742,1.0,0.0031394586433333336,0.0,101.45166666666667,0.9841666666666666,0.49583333333333335,0.4891666666666667,0,0,19311.8171106607,19700.0,19524.85741972111,20950.0,586155.710527151,609536.0,613835.0629029151,669877.5,33.74376731905516,1.0000040006331556,1.0,1.0,3.1028082847217537,3.756399022202943,3.759097631962711,1.0000040006331556,0.9999959993668442,4.0006331556727055e-06,0.0,0.0,1177,0.026001595631652726,0.3560168786560577,3385.6562157346943,4723.719299374555,0.5497026338147833
TQQQ,y2023,open5,09:30,09:35,2,2,600.0,120188,1.0,0.0009556011316666669,1.7691e-06,200.31333333333333,3.3566666666666665,1.6916666666666667,1.6733333333333333,0,0,9839.620740583594,9350.0,8128.3707154591,8200.0,299167.08999066346,284984.5,249811.17527709718,249486.0,33.78985986051739,1.000914702245367,1.0,1.0,3.0941051106845987,3.731481592037214,3.731481592037214,1.000914702245367,0.9990852977546328,0.000914702245367216,0.0,0.0,2012,0.02133746673904767,2.511886431509581,724.4359600749906,1391.7362239995884,0.49105367793240556
TQQQ,y2023,close5,15:55,16:00,2,2,600.0,70382,1.0,0.0035396037816666664,0.0,117.30333333333333,1.1683333333333332,0.58,0.59,0,0,22946.307422452464,22600.0,21717.19735846706,22400.0,687352.0201298437,687362.0,683138.3509292263,710798.0,33.8350822526173,1.000007718137482,1.0,1.0,3.091077260865294,3.7356795476352427,3.7356795476352427,1.000007718137482,0.9999922818625181,7.718137481951831e-06,0.0,0.0,699,0.0296359041720818,0.5128613839913643,2491.945050540661,3785.4350698058283,0.5264663805436338
TQQQ,y2023,pre,04:00,07:00,2,2,600.0,9886,1.0,0.12470800851333332,0.0,16.476666666666667,0.6533333333333333,0.365,0.29,0,0,7188.487090095823,6100.0,10478.943614550239,12250.0,212609.0800405409,172425.0,329402.7266164044,398022.5,33.16246227612484,1.0196823597468758,1.0,1.0,3.226428280681038,3.7687014768761427,3.7687014768761427,1.0196823597468758,0.9803176402531241,0.019682359746875884,0.0,0.0,390,0.31927628880624276,63.095734448019456,4731.512589614806,6440.126014366191,0.3153846153846154
TQQQ,y2023,pre,07:00,08:00,2,2,600.0,4823,1.0,0.047650812173333335,0.0,8.038333333333334,0.5366666666666666,0.31,0.22666666666666666,0,0,7733.956341125218,7000.0,12128.420353150193,13600.0,232834.95318880805,196101.5,375619.5105864451,432247.0,33.544360236213784,1.0088519035168584,1.0,1.0,3.1300618002360334,3.7384969764614215,3.7384969764614215,1.0088519035168584,0.9911480964831417,0.008851903516858285,0.0,0.0,320,0.35111917342151305,70.25328989730528,5411.6952654646475,10221.535471795927,0.21875
TQQQ,y2023,pre,08:00,09:00,2,2,600.0,69939,1.0,0.11722348720166667,3.684616666666667e-07,116.565,9.706666666666667,4.881666666666667,4.838333333333333,0,0,7668.70761922066,6650.0,5954.734970620032,6500.0,238902.2677113954,214742.5,190517.2007010992,206508.0,33.970678542665105,1.0480537505370353,1.0,1.0,3.188506830938588,3.7361642598167726,3.7361642598167726,1.0480537505370353,0.9519462494629646,0.04805375053703539,0.0,0.0,5822,0.1182347392791016,14.962356560944349,167.57550093791727,821.1277482170767,0.2798007557540364
TQQQ,y2023,pre,09:00,09:30,2,2,600.0,20525,1.0,0.053852469075,0.0,34.208333333333336,1.6433333333333333,0.69,0.9533333333333334,0,0,8508.704726817232,8800.0,9476.654497496736,9900.0,280436.1805337087,292452.5,297719.18086799904,310886.0,33.75515257201751,1.0136708968075563,1.0,1.0,3.1263208617454095,3.7437078377287096,3.7437078377287096,1.0136708968075563,0.9863291031924435,0.013670896807556447,0.0,0.0,984,0.19054607179632482,45.70881896148758,1624.3015796555844,3249.5696130828146,0.2815040650406504
TQQQ,y2023,post,16:00,17:00,2,2,600.0,1757,1.0,0.02604353476,0.0,2.9283333333333332,0.22833333333333333,0.155,0.075,0,0,20044.082577423265,21050.0,10969.748922484701,10800.0,648950.3570454739,689139.5,353343.6738303441,354965.0,34.09708437278683,1.0004337686232165,1.0,1.0,3.0668406459862694,2.4358070433667147,3.7174021318751933,1.0004337686232165,0.9995662313767835,0.00043376862321653714,0.0,0.0,135,0.32359365692962827,121.15276586285906,13081.77474260195,24206.16645550196,0.18518518518518517
TQQQ,y2023,post,17:00,18:00,2,2,600.0,42,1.0,0.0,0.0,0.07,0.0033333333333333335,0.0033333333333333335,0.0,0,0,18978.043777153664,19600.0,3090.4112809323333,3050.0,522647.6894064693,545243.0,94711.38530196605,93342.5,33.963439285103526,1.312142979295,1.0,2.0,3.83862324174294,3.719546215362305,4.873294346977588,1.312142979295,0.6878570207050001,0.31214297929499996,0.0,0.0,1,162181.00973589352,177827.94100389277,194984.45997580502,177827.94100389277,0.0
TQQQ,y2023,post,18:00,20:00,2,2,600.0,434,1.0,0.00014412324833333332,0.0,0.7233333333333334,0.21166666666666667,0.03,0.18333333333333332,0,0,7710.667449197096,8050.0,2692.0072316454284,3850.0,218548.91093447965,224091.5,77685.15550255081,110568.0,33.95760877236783,1.1144453594752974,1.0,2.0,3.4105543127753806,3.7197075994970534,4.875228573114613,1.1144453594752974,0.8855546405247025,0.11444535947529759,0.0,0.0,125,0.6545720344225506,200.13165622757674,10592.537251772894,29738.035273739544,0.424
TQQQ,y2023,pre,04:00,09:30,2,8,2400.0,105173,1.0,0.08585869424083332,9.211541666666668e-08,43.82208333333333,3.135,1.5616666666666668,1.5770833333333334,0,0,7788.100434806166,8100.0,9556.95832563248,10250.0,241775.1253872309,233374.5,299711.5751415931,362596.5,33.610409127034,1.0223251239451459,1.0,1.0,3.192911618925535,3.7361642598167726,3.7687014768761427,1.0223251239451459,0.9776748760548549,0.022325123945145377,0.0,0.0,7516,0.13478338637508944,18.740227946120992,342.2945623160419,5002.036495965587,0.27927088877062267
TQQQ,y2023,post,16:00,20:00,2,6,1800.0,2233,1.0,0.008729219336111111,0.0,1.2405555555555556,0.14777777777777779,0.06277777777777778,0.08611111111111111,0,0,15538.863398841351,16200.0,5537.030089072998,5600.0,461769.0493901646,533616.5,173691.76018697262,150550.5,34.00524919456478,1.1353668667172028,1.0,2.0,3.4316431283199917,3.7174021318751933,4.873294346977588,1.1353668667172028,0.8646331332827969,0.1353668667172029,0.0,0.0,261,0.6312539106808939,161.5598098439875,12516.992730317248,32553.6214997557,0.2988505747126437
TQQQ,y2023,rth,09:30,16:00,2,52,15600.0,1395547,1.0,0.0007187592857051283,1.2097043589743591e-06,89.45814102564103,0.8489102564102564,0.42378205128205126,0.4255769230769231,0,0,17610.629409342448,14400.0,15519.032053901212,16000.0,539374.5205698384,472700.0,478249.1062581921,478161.0,34.08635364518381,1.0000024125393254,1.0,1.0,3.061497694831989,3.630306814467614,3.718096717004923,1.0000024125393254,0.9999977013476057,2.184765463384198e-06,0.0,0.0,13191,0.03193200513780001,0.6023525403524648,3661.9587701813048,5406.787394485099,0.5123948146463498
TQQQ,y2024,rth,09:30,10:00,2,4,1200.0,395091,1.0,0.0013662372491666666,5.2243e-07,329.2425,16.9,8.6175,8.415833333333333,0,0,1951.151940629213,1400.0,2115.43497009853,1900.0,111859.50635137959,80538.5,119927.40167785491,104503.5,58.89610603774694,1.020168180127901,1.0,1.0,1.7452803791273062,1.8757678477591455,1.8843881642422733,1.020168180127901,0.9798318198720988,0.020168180127901107,0.0,0.0,20276,0.02205240106499429,0.671677025777882,167.13281514592154,343.2239395601329,0.5131189583744328
TQQQ,y2024,rth,10:00,10:30,2,4,1200.0,337665,1.0,0.0012844583608333333,1.9718441666666664e-06,281.3875,14.050833333333333,6.9525,7.1475,0,0,3059.8067110266934,2450.0,3302.8428119534974,3000.0,173989.1065236279,136745.0,184724.00450737122,166891.5,59.10415653782567,1.0308345704961779,1.0,1.0,1.754098004135108,1.8618447811389223,1.864407265836819,1.0308345704961779,0.9691656843483283,0.030834060807165276,0.0,0.0,16857,0.022750328571993654,0.9469766830562553,170.79646321112781,490.51516378922696,0.5015720472207391
TQQQ,y2024,rth,10:30,11:00,2,4,1200.0,279849,1.0,0.0008010696983333333,3.1895866666666666e-06,233.2075,13.1925,6.391666666666667,6.833333333333333,0,0,3374.973259716587,3100.0,3434.936947075825,3050.0,190540.99929213253,172838.5,194326.93887541062,171095.0,59.66074431857104,1.0488889429729868,1.0,1.0,1.7653527513997873,1.8424745462457186,1.8463197552285149,1.0488889429729868,0.9511112108840873,0.048888635258838305,0.0,0.0,15827,0.02828189566744596,3.0050072798852447,167.15716620779193,560.4877561243792,0.4372907057559866
TQQQ,y2024,rth,11:00,11:30,2,4,1200.0,218852,1.0,0.002049079054166667,0.0,182.37666666666667,8.29,4.219166666666666,4.0875,0,0,3486.2785971984254,3250.0,3580.6813254357626,3200.0,197785.92130710007,182741.5,203075.28477365975,181447.0,59.78346862641145,1.0227213598108038,1.0,1.0,1.721214622155649,1.835980733032271,1.8380808659886363,1.0227213598108038,0.9772786401891961,0.022721359810803924,0.0,0.0,9944,0.024487923793499334,1.8900382276217245,296.7241819393105,837.3094801132384,0.47244569589702334
TQQQ,y2024,rth,11:30,12:00,2,4,1200.0,194080,1.0,0.003736831180833333,0.0,161.73333333333332,5.369166666666667,2.6966666666666668,2.6816666666666666,0,0,4197.378768070626,4500.0,3930.6333313110326,3950.0,239027.20531696948,256480.0,222127.066835955,222002.5,59.41280340537865,1.000262674532885,1.0,1.0,1.697323938443062,1.8485241019371164,1.8503374645606794,1.000262674532885,0.9997373254671151,0.0002626745328848954,0.0,0.0,6439,0.022855225323910464,0.21752040340195242,505.1128647808427,1224.9592711445807,0.561111973908992
TQQQ,y2024,rth,12:00,12:30,2,4,1200.0,166676,1.0,0.0022155514116666665,0.0,138.89666666666668,3.7408333333333332,1.845,1.9016666666666666,0,0,4081.6790765664737,4250.0,4257.303747277423,3900.0,231491.9393675438,241135.5,244951.1038926412,225543.0,59.453334505172265,1.000036531808099,1.0,1.0,1.6966231600996637,1.8533846516506887,1.8538697642661957,1.000036531808099,0.9999634681919011,3.6531808099004426e-05,0.0,0.0,4485,0.025838312765561585,0.4841723675840994,785.8487795877513,1441.5167799291999,0.517056856187291
TQQQ,y2024,rth,12:30,13:00,2,4,1200.0,170328,1.0,0.002853810516666667,6.934460833333334e-06,141.94,2.8275,1.4258333333333333,1.4033333333333333,0,0,3585.015108366855,3750.0,3549.845326382016,2950.0,206612.44907478054,217213.5,202185.6965120044,166908.0,59.49743488459485,1.0000250890893199,1.0,1.0,1.6958012317204492,1.854491044521375,1.855785108250655,1.0000250890893199,0.9999753526569038,2.4205596873015175e-05,0.0,0.0,3389,0.03482826323075025,0.4900240453927245,1096.2067529361098,1781.6165656583692,0.5199173797580408
TQQQ,y2024,rth,13:00,13:30,2,4,1200.0,180650,1.0,0.0007134002708333333,5.329497499999999e-06,150.54166666666666,4.638333333333334,2.4791666666666665,2.1858333333333335,0,0,3158.0423804899337,3200.0,3385.597489145877,3800.0,177959.38162791316,180866.0,192331.85599592968,219644.0,59.37584468971127,1.0550135106886263,1.0,1.0,1.7881244920786334,1.8908001973753392,1.8912943528968593,1.0550135106886263,0.9449871415117965,0.05501250051425047,0.0,0.0,5562,0.023468912066264603,0.6728325241845453,669.9857623850121,1181.0853233810546,0.511326860841424
TQQQ,y2024,rth,13:30,14:00,2,4,1200.0,164346,1.0,0.0025912787833333338,5.431416666666667e-07,136.955,2.7691666666666666,1.3758333333333332,1.3958333333333333,0,0,3574.3877752813432,3650.0,3620.942463548605,3900.0,203740.56342325854,210370.5,207551.80419077407,226545.0,59.519255111946606,1.0000420375688928,1.0,1.0,1.7013762071180738,1.8879253467826504,1.8935078481401686,1.0000420375688928,0.9999579624311074,4.203756889272995e-05,0.0,0.0,3319,0.031049262001641157,0.48977881936844625,1149.0067516562783,1574.911168067792,0.5224465200361554
TQQQ,y2024,rth,14:00,14:30,2,4,1200.0,186199,1.0,0.0015262497541666665,2.7097633333333335e-06,155.16583333333332,3.1275,1.5658333333333334,1.5641666666666667,0,0,4253.25782220222,4150.0,3740.300629440444,4100.0,246687.11944318755,241647.5,215697.3809532456,238791.5,59.68802499415166,1.0000235840907867,1.0,1.0,1.697978227313327,1.889150238415374,1.8976994684171493,1.0000235840907867,0.9999764159092133,2.3584090786736683e-05,0.0,0.0,3749,0.032942851915430046,0.4743909153482712,1060.0230653691885,1389.717842520336,0.5241397706054948
TQQQ,y2024,rth,14:30,15:00,2,4,1200.0,233122,1.0,0.0031647441391666666,1.2532425e-06,194.26833333333335,7.9925,3.9983333333333335,4.001666666666667,0,0,3907.078573261328,4350.0,3632.4671940973362,3450.0,221056.36683476885,251833.0,206336.1291862865,194671.5,59.59715534249619,1.00478168453572,1.0,1.0,1.7075254897365897,1.8944927119533397,1.8952351125571225,1.00478168453572,0.9952200444114554,0.0047782266413688886,0.0,0.0,9587,0.022531674998761013,0.2464769525954906,282.0033304078121,1137.2057484770648,0.5553353499530614
TQQQ,y2024,rth,15:00,15:30,2,4,1200.0,165818,1.0,0.0010318495891666667,0.0,138.18166666666667,4.17,2.0275,2.1725,0,0,3348.2805242036475,3700.0,3536.6620626258414,3800.0,187353.69466928064,210790.0,199784.44924232794,218555.0,59.74454408611479,1.0209525968985018,1.0,1.0,1.7274887812587323,1.8879298191602978,1.8920396486603546,1.0209525968985018,0.9790474031014983,0.02095259689850171,0.0,0.0,5000,0.024293152192965167,1.258925411794168,775.429793930954,1183.0821031917953,0.4942
TQQQ,y2024,rth,15:30,16:00,2,4,1200.0,160325,1.0,0.0014458772166666667,9.831935833333333e-06,133.60416666666666,5.130833333333333,2.7391666666666667,2.7316666666666665,0,0,3703.6502675871016,3600.0,3828.7730487202834,3950.0,206996.68197827303,201997.5,215445.20573860948,225948.5,59.67648972181624,1.0021766376813945,1.0,1.0,1.7004299801750762,1.8873770513500148,1.8880633401599352,1.0021766376813945,0.997872400403795,0.0020785615110156244,0.0,0.0,6153,0.03141208573963934,1.7929634174621047,485.8798912588397,1392.551477047837,0.48057857955468875
TQQQ,y2024,open5,09:30,09:35,2,2,600.0,227148,1.0,0.0033070445000000005,0.0,378.58,18.09,9.361666666666666,8.981666666666667,0,0,1933.1201497811733,1750.0,1658.1322520624558,1050.0,111277.89578027358,97615.0,97154.02821336732,61476.0,59.0854598471438,1.0472747560252356,1.0,1.0,1.78032000120537,1.8640323040606226,1.8640323040606226,1.0472747560252356,0.9527352018341821,0.04725484030640031,0.0,0.0,10852,0.02132681128066225,0.7283458706453428,167.21633040508397,282.1428348466042,0.5080169553999263
TQQQ,y2024,close5,15:55,16:00,2,2,600.0,113996,1.0,0.0019091773983333333,0.0,189.99333333333334,4.67,2.408333333333333,2.415,0,0,4673.577092095597,4400.0,4123.036267574228,3600.0,264263.0398736616,250507.5,229983.33200148962,198120.0,59.55438087568192,1.0004761514626104,1.0,1.0,1.702362226737412,1.8974295368854905,1.8974295368854905,1.0004761514626104,0.9995238485373893,0.0004761514626106011,0.0,0.0,2800,0.024375667755043837,0.6262881486394832,669.1629928581739,1066.9715083666697,0.51
TQQQ,y2024,pre,04:00,07:00,2,2,600.0,4910,1.0,0.011615667531666667,0.0,8.183333333333334,0.7566666666666667,0.4066666666666667,0.3516666666666667,0,0,1492.7353474010106,500.0,2417.9272747323735,2500.0,87417.32994634182,29750.0,139820.27530865435,141758.0,59.59443535623104,1.3251751118639847,1.0,2.0,2.2137063994103126,1.849742621950894,3.07685975748826,1.3251751118639847,0.6794062728881309,0.31601234235975406,0.0,0.0,452,0.10066005024860772,177.8279410038922,4265.79518801593,4747.357491083034,0.2610619469026549
TQQQ,y2024,pre,07:00,08:00,2,2,600.0,10763,1.0,0.055357001555,1.2490166666666667e-07,17.938333333333333,3.855,1.8,2.058333333333333,0,0,2162.8834726473747,1300.0,1221.6497967042517,700.0,127878.11846837016,75812.0,70983.92736236897,42204.0,59.67137618592965,1.2150176736648148,1.0,2.0,2.029731719376869,1.8440377116913413,3.083480746576013,1.2150176736648148,0.7849823263351852,0.21501767366481495,0.0,0.0,2311,0.04407239651289436,4.8083934844972935,573.1064472093337,2581.9524361531667,0.4102120294244916
TQQQ,y2024,pre,08:00,09:00,2,2,600.0,10145,1.0,0.041899894,5.822149999999999e-07,16.908333333333335,1.8666666666666667,0.9183333333333333,0.9483333333333334,0,0,1692.0415399652736,900.0,2473.0955005095225,1800.0,99187.3703410708,53658.0,151234.88943285678,109564.0,59.77789497465111,1.3230867306548524,1.0,2.0,2.1899999675281707,1.8483680414644894,3.0728893279930287,1.3230867306548524,0.6997086272327983,0.2851124208031292,0.0,0.0,1118,0.11943809203831023,31.622776601683782,1696.9827174186512,2421.006319474394,0.23613595706618962
TQQQ,y2024,pre,09:00,09:30,2,2,600.0,29153,1.0,0.051465468519999995,0.0,48.58833333333333,7.675,3.695,4.035,0,0,2213.918705612541,1600.0,2932.983625869706,1650.0,128648.68386578064,91700.0,176488.6399474548,97681.0,59.277564999847826,1.1477828322650676,1.0,2.0,1.937449799171912,1.8529491073647397,3.0855138752182003,1.1477828322650676,0.8522171677349325,0.14778283226506753,0.0,0.0,4603,0.04648830909388145,5.896916795510194,301.5256930311083,1039.9005611294365,0.36606560938518357
TQQQ,y2024,post,16:00,17:00,2,2,600.0,9535,1.0,0.017675692995,0.0,15.891666666666667,4.308333333333334,2.035,2.2916666666666665,0,0,2457.2486038064417,2250.0,2867.0340881698567,2650.0,140124.91733739182,125182.5,161350.63860150287,151117.5,59.328068052737564,1.3568107713941384,1.0,2.0,2.309676785242708,1.9000942803274723,3.800795465419909,1.3568107713941384,0.6441238445350949,0.3549415395356717,0.0,0.0,2583,0.04598924183679591,6.936481630671018,581.6930535104773,1630.2034189209503,0.3759194734804491
TQQQ,y2024,post,17:00,18:00,2,2,600.0,91,1.0,0.0,0.0,0.15166666666666667,0.03166666666666667,0.023333333333333334,0.01,0,0,914.485304758,800.0,1418.6592145131665,850.0,48854.80371808703,42735.5,78949.97172335368,48095.5,59.374777425355035,1.6968416334066665,1.0,3.0,2.7706596131431533,1.9018778154375031,4.534025658975098,1.6968416334066665,0.5467114116533333,0.2908682588966667,0.0,0.0,17,0.933254300796991,11220.184543019635,75277.75638141668,71312.41609788877,0.11764705882352941
TQQQ,y2024,post,18:00,20:00,2,2,600.0,1985,1.0,0.0028389477016666663,0.0,3.308333333333333,0.7083333333333334,0.38,0.3283333333333333,0,0,3227.8056822149506,3000.0,1993.610643401436,2300.0,190150.87042743055,172771.0,112692.72185030214,127579.0,59.44388747225498,1.6507240461134665,2.0,2.0,2.8247045440363254,3.0120848914476035,3.812857455797079,1.6507240461134665,0.40091520749020093,0.5560090139907081,0.0015811528402217313,0.0,423,0.014847955821042128,37.58374042884451,4125.2905834532485,7328.549781172434,0.34515366430260047
TQQQ,y2024,pre,04:00,09:30,2,8,2400.0,54971,1.0,0.04008450790166666,1.7677916666666664e-07,22.904583333333335,3.5383333333333336,1.705,1.8483333333333334,0,0,1885.4973738112642,950.0,2264.61958199936,1500.0,110494.16474379414,61727.5,134791.64966046435,84855.0,59.58086429045605,1.2886402101898462,1.0,2.0,2.1508319608585333,1.849742621950894,3.07685975748826,1.2886402101898462,0.7180033374726985,0.2767379159417709,0.0,0.0,8484,0.048424873306305384,7.657568828978409,683.5570624846207,2504.44872116506,0.35537482319660535
TQQQ,y2024,post,16:00,20:00,2,6,1800.0,11611,1.0,0.006838213565555556,0.0,6.450555555555556,1.6827777777777777,0.8127777777777778,0.8766666666666667,0,0,2197.3400295056254,1850.0,2088.6047840277784,1450.0,126234.53809300726,112467.5,117410.01444652023,89534.5,59.382506980035394,1.5887751242569343,2.0,2.0,2.6824363716146276,3.0120848914476035,3.812857455797079,1.5887751242569343,0.49816641779220744,0.43945695660343864,0.0007905764201108656,0.0,3023,0.04452544282678188,7.579309287953564,867.6275490175306,7506.327587005938,0.37016209063843863
TQQQ,y2024,rth,09:30,16:00,2,52,15600.0,2853001,1.0,0.0019061874788461539,2.4835309615384614e-06,182.88467948717948,7.09224358974359,3.5641666666666665,3.578653846153846,0,0,3513.6512313686126,2950.0,3531.867766577162,3200.0,199607.20753316567,192445.5,200641.4367478729,194885.5,59.493014228284466,1.0158528382413645,1.0,1.0,1.7229902359473146,1.835980733032271,1.8920396486603546,1.0158528382413645,0.984151184100386,0.015844816217652456,0.0,0.0,110587,0.023767831241812108,0.9460253581146928,354.45320091717497,1061.098317399753,0.5015689005036759
TQQQ,y2025,rth,09:30,10:00,3,6,1800.0,454708,1.0,0.0016430047600000002,9.99854888888889e-06,252.61555555555555,14.697777777777778,7.515555555555555,7.428888888888889,0,0,2623.1378408409705,2350.0,2508.0834291173,1950.0,168444.68458593698,210093.5,157367.550676431,170852.0,64.70374248688042,1.0189270022428902,1.0,1.0,1.6845684082544496,1.8355118449641716,1.9959709201323241,1.0189270022428902,0.9810929486326395,0.018887100491830507,0.0,0.0,26450,0.02335373046753404,1.0365527253735334,221.1572020967271,303.14277799594026,0.49890359168241966
TQQQ,y2025,rth,10:00,10:30,3,6,1800.0,320241,1.0,0.0019494803350000004,3.024493888888889e-06,177.91166666666666,7.201666666666667,3.642777777777778,3.5994444444444444,0,0,2867.2634577564663,2700.0,3152.3765938879314,3100.0,185308.27511435992,194808.5,202552.98931367698,222207.0,65.33772878183491,1.0120379533219912,1.0,1.0,1.6531155693738244,1.8198964443535046,1.9667904979599413,1.0120379533219912,0.9898166985697835,0.008937906053062094,5.251929083563309e-05,0.0,12957,0.02538347539797716,0.532124816612847,453.06036378022816,635.1708216975036,0.5186385737439222
TQQQ,y2025,rth,10:30,11:00,3,6,1800.0,259553,1.0,0.004057996177777777,4.521772222222222e-07,144.19611111111112,6.769444444444445,3.4033333333333333,3.4044444444444446,0,0,3387.409738735381,3500.0,3435.517312996337,3350.0,223820.2958413374,234925.0,225108.1149457641,280912.5,65.33354542806431,1.0002715708044179,1.0,1.0,1.634391041692743,1.8085635807552511,1.9895488954219458,1.0002715708044179,0.9997284291955825,0.000271570804417788,0.0,0.0,12179,0.028325697753233743,0.349617622183062,446.2980610043791,874.6435144731996,0.5590770999261023
TQQQ,y2025,rth,11:00,11:30,3,6,1800.0,195836,1.0,0.00196812733,0.0,108.79777777777778,3.6172222222222223,1.8466666666666667,1.7977777777777777,0,0,3618.1250512203305,3550.0,3842.4320214409536,4250.0,240092.57534646126,191248.0,255869.52620329882,267156.5,65.42331140297993,1.0000238147532443,1.0,1.0,1.6316439659180153,1.8126464128086697,1.9764025004491892,1.0000238147532443,0.9999762184832803,2.3748280194847495e-05,0.0,0.0,6505,0.031696861351640945,0.42449844743982035,896.176635341664,1227.7110077793177,0.5314373558800922
TQQQ,y2025,rth,11:30,12:00,3,6,1800.0,166725,1.0,0.003152260752777778,1.8879766666666668e-06,92.625,5.436111111111111,2.936111111111111,2.7288888888888887,0,0,4038.160239703743,4200.0,3980.1934278530166,4500.0,270454.6619260047,335080.5,268669.62716058415,335095.5,65.51559117627616,1.0040373051654021,1.0,1.0,1.6385367167594054,1.8050353986690426,1.9888543222375341,1.0040373051654021,0.9959647239703491,0.004033663682401073,0.0,0.0,9779,0.02479733809000315,0.19544016692019814,460.18088124000934,1659.572926763275,0.631761938848553
TQQQ,y2025,rth,12:00,12:30,3,6,1800.0,144417,1.0,0.003283989728333333,0.0,80.23166666666667,4.975555555555555,2.655,2.616111111111111,0,0,3274.903785880277,3850.0,3973.3079896772165,4700.0,224723.974035987,242900.0,270283.49380410474,333232.5,65.56347121946818,1.0035635479487492,1.0,1.0,1.6368351207149663,1.811531607249742,1.9801220318033192,1.0035635479487492,0.9964364520512512,0.0035635479487490067,0.0,0.0,8950,0.026278939988377843,0.14813967178109,534.2410143281853,1705.7066574890864,0.650391061452514
TQQQ,y2025,rth,12:30,13:00,3,6,1800.0,103965,1.0,0.0035067814305555552,0.0,57.75833333333333,3.9244444444444446,2.1455555555555557,2.101111111111111,0,0,3987.0279202677343,4050.0,4265.104578590634,5100.0,266985.6465637498,291678.0,292618.5405880491,346343.5,65.5994651970751,1.0027097326752272,1.0,1.0,1.633610949183959,1.804583902661724,1.9836233349078298,1.0027097326752272,0.9972902673247726,0.0027097326752272537,0.0,0.0,7058,0.02764715742491488,0.16020025846552263,573.1648776673992,2614.168339159995,0.6562765655993199
TQQQ,y2025,rth,13:00,13:30,3,6,1800.0,119930,1.0,0.0030937184783333335,2.491388888888889e-08,66.62777777777778,3.9983333333333335,2.082777777777778,2.195,0,0,4831.925565840306,4850.0,6862.668079896362,5450.0,320360.3095988865,389507.0,433020.5527475514,402305.0,65.37888370982847,1.0032603169986156,1.0,1.0,1.6417112714507192,1.8017135959986739,2.0055056865790672,1.0032603169986156,0.9967406481578868,0.0032586317398573135,0.0,0.0,7191,0.028445130889843392,0.19720584645806358,512.353718438887,2808.9916085980376,0.6284244194131553
TQQQ,y2025,rth,13:30,14:00,3,6,1800.0,125751,1.0,0.0035707910794444443,1.9900722222222223e-07,69.86166666666666,5.3405555555555555,2.795,2.975,0,0,5412.973962550596,5050.0,5165.031361052919,5350.0,356568.7382001272,453939.0,345018.2783352155,414186.5,65.27514290873614,1.0052437835775052,1.0,1.0,1.6484747188409716,1.7998853466858418,2.012125992888929,1.0052437835775052,0.9947562164224947,0.005243783577505228,0.0,0.0,9607,0.027410852029601227,0.17881843131082822,305.2615683295084,2695.5924741550066,0.6475486624336422
TQQQ,y2025,rth,14:00,14:30,3,6,1800.0,121276,1.0,0.0030441022083333336,3.404911111111111e-07,67.37555555555555,5.899444444444445,3.147222222222222,3.2483333333333335,0,0,5116.066652196595,5350.0,4708.071289641936,4800.0,340454.7711880506,455227.5,311237.13607834844,412477.5,65.21861654862299,1.0051921610975034,1.0,1.0,1.651909969095753,1.7977217691889236,2.0279379486503637,1.0051921610975034,0.994808251007683,0.005191336887130823,0.0,0.0,10613,0.02686123423584046,0.13204796337751912,232.05094070506541,3344.6737979332465,0.6986714406859512
TQQQ,y2025,rth,14:30,15:00,3,6,1800.0,108312,1.0,0.003330959357777778,0.0,60.17333333333333,3.168888888888889,1.7044444444444444,1.64,0,0,5898.344761479873,5400.0,4720.3434823418775,4400.0,387222.1131212039,487801.5,309392.46919205994,397432.5,65.2403678552073,1.0020064661315817,1.0,1.0,1.6428347050413428,1.7960763139532108,2.0166805680883395,1.0020064661315817,0.9979935338684185,0.0020064661315815006,0.0,0.0,5698,0.026109806481561044,0.18415290381977414,568.8529308438425,3750.839801686953,0.6293436293436293
TQQQ,y2025,rth,15:00,15:30,3,6,1800.0,90447,1.0,0.0020682053511111116,0.0,50.248333333333335,2.627222222222222,1.511111111111111,1.4422222222222223,0,0,5098.829779765416,5600.0,5741.876166388966,7000.0,346018.5458453606,435084.0,394346.065657797,474388.0,65.36455678418494,1.0037714165243925,1.0,1.0,1.640915066935455,1.790959418017874,2.0050580968306435,1.0037714165243925,0.9962285834756074,0.003771416524392578,0.0,0.0,4723,0.02869770865437372,0.18617238149866314,642.8991582562171,4883.281672161792,0.6417531230150328
TQQQ,y2025,rth,15:30,16:00,3,6,1800.0,120940,1.0,0.002370648870555556,5.375078888888889e-06,67.18888888888888,4.9238888888888885,2.6855555555555557,2.6944444444444446,0,0,5174.571410386522,5600.0,5943.912456454326,7250.0,347873.67511577945,438112.0,410363.1242402199,449231.5,65.2778349792799,1.004818904993118,1.0,1.0,1.6461286439437393,1.7920746230683493,2.0161059759959437,1.004818904993118,0.9952552691280366,0.004673703982038385,8.89390992075368e-09,0.0,8857,0.030143071242977718,0.20120593021893565,274.82214446669644,4014.1878526426403,0.6484136840916789
TQQQ,y2025,open5,09:30,09:35,3,3,900.0,236358,1.0,0.002438135321111111,8.105555555555557e-07,262.62,19.424444444444443,9.917777777777777,9.598888888888888,0,0,2228.678179175072,2100.0,2117.5606447335094,1800.0,146385.82584012704,186286.0,133578.13716866678,120472.0,64.73777659610643,1.0972139735321227,1.0,1.0,1.7679315410194092,1.8288980643852883,1.9959709201323241,1.0972139735321227,0.9031329467309558,0.0965201330059657,0.0,0.0,17479,0.02345276565006246,2.5015793642403485,165.99593995335584,207.62559559075996,0.46907717832827966
TQQQ,y2025,close5,15:55,16:00,3,3,900.0,103122,1.0,0.0016373361199999998,3.179277777777778e-07,114.58,4.536666666666667,2.3144444444444443,2.347777777777778,0,0,5842.350944715708,5600.0,5626.1111006017045,4900.0,393684.32741609635,502040.00000000006,366221.40377871675,441098.0,65.12508239526412,1.0021658000879474,1.0,1.0,1.6424541805399302,1.796175063790572,2.0069604898165014,1.0021658000879474,0.9978351375620433,0.0021639247879658837,0.0,0.0,4080,0.02412681532591635,0.4134646229406207,614.0946221409382,1683.5862125857057,0.5502450980392157
TQQQ,y2025,pre,04:00,07:00,3,3,900.0,4837,1.0,0.004648727329999999,0.0,5.374444444444444,0.3477777777777778,0.17,0.17777777777777778,0,0,561.2992008149133,500.0,872.4118581770124,600.0,35288.77521447325,30054.000000000004,55234.97061893688,53808.00000000001,65.15109855417745,1.5021218792084226,1.0,2.0,2.4649722424453198,1.9963040149680915,3.9922559242634335,1.5021218792084226,0.5184909053587645,0.4609110131926152,0.0,0.0,310,0.1584893192461114,681.2920690579624,8149.127469020762,9346.08585341599,0.20967741935483872
TQQQ,y2025,pre,07:00,08:00,3,3,900.0,14350,1.0,0.04184181049666667,2.297388888888889e-07,15.944444444444445,1.1611111111111112,0.5477777777777778,0.6133333333333333,0,0,992.1671664802642,700.0,1815.3795304639195,600.0,61879.68172009976,61171.0,102246.72427300346,29964.0,65.3878230141784,1.6118603550164738,2.0,2.0,2.589282534487627,2.2364918211973572,4.005425430085476,1.6118603550164738,0.48289644356920697,0.42546894678363373,1.8616232249947883e-05,0.0,1042,0.20653801558105314,150.03427229903758,2402.927904282999,3329.582019270284,0.21497120921305182
TQQQ,y2025,pre,08:00,09:00,3,3,900.0,16122,1.0,0.04874147169111111,0.0,17.913333333333334,0.8988888888888888,0.47444444444444445,0.4266666666666667,0,0,1468.0998219940016,800.0,1692.0105216103555,800.0,86768.43513447323,62594.0,101521.16014924104,53682.0,65.32388805425941,1.1484149368531666,1.0,2.0,1.8943735701210633,1.794182656240891,4.037751976228734,1.1484149368531666,0.8515866956403008,0.14841167186623175,0.0,0.0,806,0.10684396588571796,103.60593046256359,2852.949719144354,5303.028471497332,0.2692307692307692
TQQQ,y2025,pre,09:00,09:30,3,3,900.0,30402,1.0,0.03300652497222223,0.0,33.78,1.8433333333333333,0.9988888888888889,0.8611111111111112,0,0,1870.7956025241938,800.0,1938.370767470726,900.0,129750.60275814573,62621.99999999999,114891.90375233129,71576.0,64.70614896393305,1.1881899003854821,1.0,2.0,1.9697134767024804,1.8312664694419927,4.0229833338103305,1.1881899003854821,0.8118130801827167,0.18818393924908478,0.0,0.0,1656,0.16233045277654604,75.69544865646252,1517.666928757417,2089.2411286863276,0.24154589371980675
TQQQ,y2025,post,16:00,17:00,3,3,900.0,3228,1.0,0.026445359788888886,0.0,3.5866666666666664,0.9488888888888889,0.3688888888888889,0.5855555555555556,0,0,2161.8064891798713,1600.0,1853.6863609504235,1100.0,136482.31647418716,143440.0,119521.02650303936,98637.0,65.09584168473991,1.3135682931633137,1.0,2.0,2.195270941652271,1.79686986242196,4.033531617468391,1.3135682931633137,0.7468055897579466,0.21808635489696412,0.0026342788463196254,0.0,851,0.19659452937295657,78.95296080145172,2814.32986929906,5391.22197669452,0.24324324324324326
TQQQ,y2025,post,17:00,18:00,3,3,900.0,110,1.0,6.057555555555555e-07,0.0,0.12222222222222222,0.04666666666666667,0.028888888888888888,0.017777777777777778,0,0,461.86721353285276,200.0,3237.7017270256974,400.0,27801.230796771524,17922.0,181132.85934626256,19852.0,64.9582961556382,2.6488914635873866,3.0,4.0,4.191525932737356,3.346944712554422,8.05921558111029,2.6488914635873866,0.3656490482872757,0.10277639482403879,0.0869547801200078,0.0,39,0.48977881936844625,2417.315480804108,25703.957827688646,51030.55882872751,0.1282051282051282
TQQQ,y2025,post,18:00,20:00,3,3,900.0,2605,1.0,0.0010200411544444444,0.0,2.8944444444444444,0.6077777777777778,0.28555555555555556,0.3233333333333333,0,0,1678.7443883258848,900.0,1634.8883420895193,900.0,102028.97894464094,80811.0,97781.39299527014,80811.0,64.56008132121183,1.5698963894866012,1.0,2.0,2.551768208354439,2.0754441157730437,4.151172877560114,1.5698963894866012,0.5165392631585303,0.4001367121326682,0.0,0.0,544,0.2137962089502234,179.03633397331953,3554.423984494891,11374.567398065083,0.20220588235294118
TQQQ,y2025,pre,04:00,09:30,3,12,3600.0,65711,1.0,0.0320596336225,5.7434722222222226e-08,18.253055555555555,1.0627777777777778,0.5477777777777778,0.5197222222222222,0,0,1217.7745660374765,700.0,1573.368695144263,800.0,78109.78483697653,52985.5,93140.89369703796,53745.0,65.14100587621333,1.4292247053977543,1.0,2.0,2.3388053764174344,1.9963040149680915,3.9922559242634335,1.4292247053977543,0.5992477082503926,0.3728555687004097,3.3847694999905248e-06,0.0,3814,0.15170503674593372,112.90227749102006,2338.0088666584593,4349.006895798757,0.23754588358678552
TQQQ,y2025,post,16:00,20:00,3,9,2700.0,5943,1.0,0.009155335566296295,0.0,2.201111111111111,0.5344444444444445,0.22777777777777777,0.3088888888888889,0,0,1427.5818820100928,800.0,2245.755785370649,900.0,88341.83637434978,39672.0,132942.01257906412,80811.0,64.86951649780943,1.7755631339309759,1.0,3.0,2.8725833227746267,2.0754441157730437,4.4620441678765825,1.7755631339309759,0.5363832910905707,0.28028404349658487,0.02239726474158186,0.0,1434,0.2070141348791042,117.7154137232303,3567.0376415970427,10627.889396689083,0.22454672245467225
TQQQ,y2025,rth,09:30,16:00,3,78,23400.0,2332101,1.0,0.0028492358353846147,1.638668290598291e-06,99.6624358974359,5.583119658119658,2.9285470085470084,2.9132051282051283,0,0,4255.834573197988,3800.0,4484.386131055439,4500.0,282933.2907012772,258606.0,298132.48054236243,302423.5,65.32548854595554,1.0050685686699432,1.0,1.0,1.6449800264530092,1.804583902661724,2.005605721343474,1.0050685686699432,0.995081734855862,0.004815162833971506,4.044269662531853e-06,0.0,130567,0.02605415975884467,0.26692510438582756,386.4203885806193,1581.0488415928316,0.5922476582903796
TQQQ,y2026,rth,09:30,10:00,1,2,600.0,87939,1.0,0.004849018875,0.0,146.565,4.625,2.345,2.341666666666667,0,0,4767.526271450657,4950.0,5178.713024980506,5550.0,211976.88750353223,220335.0,230286.9175684196,246643.0,44.466211911491776,1.0000361208289146,1.0,1.0,2.248983855756019,2.2488248175015957,2.248980624281617,1.0000361208289146,0.9999638791710854,3.612082891452066e-05,0.0,0.0,2773,0.03092708465035899,0.4748217586652221,717.5343501019321,890.5060179485514,0.5459790840245222
TQQQ,y2026,rth,10:00,10:30,1,2,600.0,93542,1.0,0.003485408165,0.0,155.90333333333334,5.251666666666667,2.6483333333333334,2.651666666666667,0,0,5322.4724027401635,5850.0,5064.408479789019,5450.0,236804.23658981317,260452.0,225295.43175383614,242387.0,44.49427072423522,1.0000455991917951,1.0,1.0,2.2475984556235145,2.2516892121292837,2.2516892121292837,1.0000455991917951,0.9999544008082046,4.559919179540112e-05,0.0,0.0,3149,0.03328444956671273,0.5178693206003228,617.5332940353551,778.3966272991403,0.5369958717053033
TQQQ,y2026,rth,10:30,11:00,1,2,600.0,63103,1.0,0.001362941825,1.2413333333333334e-08,105.17166666666667,3.0566666666666666,1.5583333333333333,1.515,0,0,4955.269459700015,5250.0,4414.844262381494,4350.0,222865.59108457807,235977.0,198601.23351774688,195704.0,44.97909159918403,1.000023013044059,1.0,1.0,2.2233083325102037,2.223478414984569,2.223478414984569,1.000023013044059,0.9999769869559407,2.301304405927077e-05,0.0,0.0,1832,0.027511368566705524,0.4609314733266288,1076.129177581278,1263.3905681297547,0.5393013100436681
TQQQ,y2026,rth,11:00,11:30,1,2,600.0,78895,1.0,0.0020316269900000003,0.0,131.49166666666667,3.365,1.6566666666666667,1.7333333333333334,0,0,4651.414344646758,4900.0,4026.3386267942415,3900.0,206638.35387793882,217295.5,178867.52750901747,173335.5,44.423097932966584,1.0000257085351538,1.0,1.0,2.2511600675072483,2.2461275611543168,2.25608919283894,1.0000257085351538,0.9999742914648461,2.5708535153892045e-05,0.0,0.0,2017,0.02967830026333408,0.35374003180142044,954.7107107450747,1154.2389073463698,0.5523054040654437
TQQQ,y2026,rth,11:30,12:00,1,2,600.0,60863,1.0,0.0021059264833333336,0.0,101.43833333333333,2.7083333333333335,1.34,1.3833333333333333,0,0,5548.112622299317,6100.0,6481.603334723557,4450.0,246308.7815292812,270619.0,287892.7072401127,197679.0,44.399758241017516,1.0000315510458497,1.0,1.0,2.252337974489921,2.2536256072953815,2.2536256072953815,1.0000315510458497,0.9999684489541504,3.1551045849698173e-05,0.0,0.0,1623,0.03227350650037354,0.2989792345297056,1256.9046287120884,1681.5941448670683,0.5656192236598891
TQQQ,y2026,rth,12:00,12:30,1,2,600.0,75845,1.0,0.0014886195916666667,5.021033333333332e-07,126.40833333333333,3.94,1.9883333333333333,1.985,0,0,5561.920183420322,5850.0,5102.489250115685,4900.0,247458.05344123198,260316.0,227077.33998667856,218365.0,44.50182204150749,1.0000588335569927,1.0,1.0,2.247248470599211,2.2529006404431833,2.2529006404431833,1.0000588335569927,0.9999411664430071,5.883355699277858e-05,0.0,0.0,2362,0.030328564284549827,0.26607250597988114,842.5583753398267,1373.6871925058824,0.5783234546994073
TQQQ,y2026,rth,12:30,13:00,1,2,600.0,38603,1.0,0.0024364716783333335,0.0,64.33833333333334,1.5333333333333334,0.7533333333333333,0.7866666666666666,0,0,5821.521050008501,6100.0,4156.4712412668205,4200.0,259916.87798964046,272195.5,185617.10447043955,187425.0,44.65584635579885,1.000009667536345,1.0,1.0,2.2393736789442746,2.240718750842353,2.240718750842353,1.000009667536345,0.9999903324636548,9.667536345170909e-06,0.0,0.0,918,0.03227668240427529,0.36400815307582696,2243.4122702972504,2881.2519994394443,0.5533769063180828
TQQQ,y2026,rth,13:00,13:30,1,2,600.0,42381,1.0,0.0019205899766666671,0.0,70.635,1.62,0.8383333333333334,0.785,0,0,5029.67134937604,5400.0,5217.736386418143,5000.0,223978.22032128877,240732.0,232414.98684511965,222612.0,44.53406209416336,1.0000120511736967,1.0,1.0,2.245502599810403,2.245744960678309,2.245744960678309,1.0000120511736967,0.9999879488263032,1.2051173696742345e-05,0.0,0.0,970,0.031170947235801258,0.3362533862951627,2059.648469331727,2436.8793069611465,0.5505154639175258
TQQQ,y2026,rth,13:30,14:00,1,2,600.0,45478,1.0,0.0009156580283333334,0.0,75.79666666666667,1.8683333333333334,0.9116666666666666,0.9716666666666667,0,0,6020.573179266096,6500.0,4706.477682578725,4450.0,269916.9251458914,291051.0,211043.43489379808,199625.5,44.833585153823,1.000023539479113,1.0,1.0,2.2305263618212248,2.23194417192439,2.23194417192439,1.000023539479113,0.9999764605208871,2.353947911303266e-05,0.0,0.0,1119,0.032753910493391894,0.29468283457326466,1813.89068736206,2498.677224567352,0.5692582663092046
TQQQ,y2026,rth,14:00,14:30,1,2,600.0,35270,1.0,0.0026874120416666663,0.0,58.78333333333333,1.2433333333333334,0.6166666666666667,0.6366666666666667,0,0,6902.45790522493,7150.0,5565.817545163591,5300.0,308270.863603951,319635.5,248615.88165397456,236847.0,44.66575314530433,1.0000086777824437,1.0,1.0,2.2388727658195173,2.2384940830743427,2.239213233521949,1.0000086777824437,0.9999913222175562,8.677782443700858e-06,0.0,0.0,744,0.03752197711932965,0.32187875118212356,2503.637388674812,3073.24975265542,0.5456989247311828
TQQQ,y2026,rth,14:30,15:00,1,2,600.0,22491,1.0,0.002317123668333333,0.0,37.485,0.685,0.34,0.35,0,0,4788.624797145233,4550.0,5981.229508588083,5950.0,213183.0814545894,202589.5,266345.50305827,264865.5,44.52427150402404,1.0000048176480865,1.0,1.0,2.2459774941003934,2.2458814889798213,2.246052239597404,1.0000048176480865,0.9999951823519135,4.817648086406723e-06,0.0,0.0,409,0.03641245827681179,0.4677351412871983,5349.748102015373,6051.575832863955,0.5378973105134475
TQQQ,y2026,rth,15:00,15:30,1,2,600.0,36550,1.0,0.002293906816666667,0.0,60.916666666666664,1.22,0.64,0.5866666666666667,0,0,5713.644236204436,6000.0,5578.937120718137,5900.0,252852.12132375664,265492.0,246909.60233865445,260992.0,44.26105357881079,1.0000079549412273,1.0,1.0,2.2593478097704325,2.263022011878021,2.263022011878021,1.0000079549412273,0.9999920450587728,7.954941227240713e-06,0.0,0.0,730,0.02670955587558986,0.2511886431509583,2793.533257985224,3292.3261045724266,0.5684931506849316
TQQQ,y2026,rth,15:30,16:00,1,2,600.0,47837,1.0,0.0009770276833333334,0.0,79.72833333333334,1.9333333333333333,0.985,0.96,0,0,7334.99676258287,7050.0,6057.759119111838,6000.0,325355.14848794014,312622.5,268746.3377175929,266138.0,44.3607099915792,1.0002712629914523,1.0,1.0,2.2548606134090905,2.2541558275390416,2.2543392604225616,1.0002712629914523,0.9997287370085479,0.0002712629914521142,0.0,0.0,1158,0.02145006296836409,0.35605341168712434,1893.7966035795966,2720.2694124045715,0.5673575129533679
TQQQ,y2026,open5,09:30,09:35,1,1,300.0,62238,1.0,0.0048999256766666666,0.0,207.46,8.953333333333333,4.76,4.5633333333333335,0,0,2545.7447376177593,1400.0,3416.715879058674,4400.0,114151.12826895327,62804.0,153218.5902581043,197208.0,44.843641556346014,1.0005446413990424,1.0,1.0,2.2311909195492032,2.22996980940658,2.22996980940658,1.0005446413990424,0.9994553586009576,0.0005446413990424144,0.0,0.0,2685,0.021746400764660584,0.3002278529099389,361.35702986915555,546.6388874136015,0.5560521415270019
TQQQ,y2026,close5,15:55,16:00,1,1,300.0,24682,1.0,0.00078081968,0.0,82.27333333333333,1.64,0.7966666666666666,0.8533333333333334,0,0,7938.13459630962,7700.0,7084.826860079409,7100.0,352108.8169108233,341341.0,314304.70851726475,314814.0,44.36253823645247,1.0000254317109136,1.0,1.0,2.254213075481374,2.2541558275390416,2.2541558275390416,1.0000254317109136,0.9999745682890863,2.5431710913710964e-05,0.0,0.0,491,0.024547089156850315,0.3405201822370354,2117.3344984660134,2745.535573953888,0.5621181262729125
TQQQ,y2026,pre,04:00,07:00,1,1,300.0,6745,1.0,0.22927173593000003,0.0,22.483333333333334,3.15,1.4066666666666667,1.7433333333333334,0,0,2516.777169824702,1700.0,2086.5489486818774,1600.0,112923.24912479804,76279.0,93643.04330753522,71808.0,44.874343089971134,1.000000039053972,1.0,1.0,2.228445268060158,2.228445180936072,2.228445180936072,1.000000039053972,0.999999960946028,3.905397194213467e-08,0.0,0.0,944,0.036982817978026626,7.224761740317565,956.9066334872662,1788.053038335692,0.2997881355932203
TQQQ,y2026,pre,07:00,08:00,1,1,300.0,5267,1.0,0.22738534885999998,0.0,17.55666666666667,1.9966666666666666,0.9766666666666667,1.02,0,0,2741.255223454067,3000.0,2277.01575007222,1800.0,123173.04313138321,134820.0,102338.89441712765,80910.0,44.938536175904304,1.0,1.0,1.0,2.225261702263466,2.225261702263466,2.225261702263466,1.0,1.0,0.0,0.0,0.0,598,0.2119111684605805,12.368233972929854,1386.7558288718903,3449.0860710773204,0.22408026755852842
TQQQ,y2026,pre,08:00,09:00,1,1,300.0,18360,1.0,0.21840961076999998,6.9679e-07,61.2,12.25,5.39,6.86,0,0,2779.2064057699336,3300.0,2220.0201266269914,1400.0,125655.539963601,149292.0,100389.5184147331,63364.0,45.21844299793537,1.0009820195269001,1.0,1.0,2.2136601814105763,2.2114866774317905,2.2114866774317905,1.0009820195269001,0.9990179804730998,0.0009820195269002016,0.0,0.0,3674,0.04158860555888535,1.4736253938331858,107.94437099844538,1097.0529500404086,0.40038105606967883
TQQQ,y2026,pre,09:00,09:30,1,1,300.0,16581,1.0,0.13905395860333333,0.0,55.27,19.863333333333333,8.79,11.356666666666667,0,0,4084.225051112804,4700.0,3292.128431495344,4600.0,182879.16451979437,210513.0,147452.11581203915,205988.0,44.78213674399918,1.1562996422304253,1.0,2.0,2.5819845726260287,2.2331180375948296,4.465154720806692,1.1562996422304253,0.8437003577695749,0.15629964223042522,0.0,0.0,5958,0.042886231027438826,1.3506534525022504,62.99975245385134,998.0990048969535,0.4372272574689493
TQQQ,y2026,post,16:00,17:00,1,1,300.0,614,1.0,0.02500889656666667,0.0,2.046666666666667,0.34,0.19333333333333333,0.15,0,0,3762.7503202940934,3300.0,2208.967749071977,3000.0,166799.49813844042,146289.0,97947.24257409264,132990.0,44.33484703274627,1.0561152970668186,1.0,1.0,2.3821261248936882,2.2555700857176624,2.2555700857176624,1.0561152970668186,0.9438847029331815,0.056115297066818545,0.0,0.0,101,0.3198895109691398,115.47819846894598,3958.220648357229,54859.51016933792,0.15841584158415842
TQQQ,y2026,post,17:00,18:00,1,1,300.0,53,0.9999999999999998,0.0,0.0,0.17666666666666667,0.06333333333333334,0.02,0.043333333333333335,0,0,572.4995996350002,200.0,2423.608051162,2500.0,25389.34241430805,8868.0,107559.70422801892,110950.0,44.36326554980634,3.30812105542,4.0,4.0,7.457100476914329,9.017135659305923,9.017135659305923,3.30812105542,0.043946558090000004,0.1431312810266667,0.03475017364,0.0,18,0.4786300923226384,281.8382931264457,41686.93834703361,38153.54507617406,0.1111111111111111
TQQQ,y2026,post,18:00,20:00,1,1,300.0,638,1.0,1.5089766666666667e-06,0.0,2.1266666666666665,0.27666666666666667,0.14,0.13666666666666666,0,0,1636.5900465891932,1000.0,2242.8964469937378,2700.0,72267.58225333955,44140.0,99079.28376714648,119340.00000000001,44.16512511166867,1.5591374228286579,1.0,3.0,3.5300648988008345,2.2644044098157323,6.791214641767392,1.5591374228286579,0.5979137907512923,0.2450349956687577,0.0,0.0,82,0.04027170343254592,263.0267991895381,8317.637711026722,19267.725050388726,0.21951219512195122
TQQQ,y2026,pre,04:00,09:30,1,4,1200.0,46953,1.0,0.20353016354083334,1.741975e-07,39.1275,9.315,4.140833333333333,5.245,0,0,3059.181717440102,3150.0,2491.277490973597,1700.0,137437.31426547235,142056.0,111948.26825918927,76359.0,44.94941084920409,1.0143876286916413,1.0,1.0,2.2573181771213693,2.228445180936072,2.228445180936072,1.0143876286916413,0.9856123713083584,0.014387628691641568,0.0,0.0,11174,0.04438129803081387,1.600655953444067,123.63797937301015,1651.3705082010765,0.4020941471272597
TQQQ,y2026,post,16:00,20:00,1,3,900.0,1305,1.0,0.008336801847777778,0.0,1.45,0.22666666666666666,0.11777777777777777,0.11,0,0,1975.716242613998,1000.0,2292.520629148375,2700.0,87491.00932812279,44140.0,101558.85222771185,119340.00000000001,44.28735001017705,1.8706277995360334,1.0,4.0,4.224839099852422,2.2644044098157323,9.017135659305923,1.8706277995360334,0.5459147106314414,0.17232914235775015,0.008687543409999998,0.0,201,0.15971044999346032,209.61799924531275,8365.655957558112,37782.499896880574,0.1791044776119403
TQQQ,y2026,rth,09:30,16:00,1,26,7800.0,728797,1.0,0.0022209024479487183,3.957820512820512e-08,93.43551282051283,2.542307692307692,1.2785897435897435,1.2835897435897436,0,0,5570.918099381435,5700.0,5194.816330809721,4850.0,248130.32979906522,254703.0,231362.10920885892,216035.0,44.54616882029199,1.000043006284079,1.0,1.0,2.2450050885926127,2.2458814889798213,2.2556362136925365,1.000043006284079,0.999956993715921,4.300628407908459e-05,0.0,0.0,19804,0.03031905677453947,0.3663315685770046,1193.232699183347,1944.6420986765722,0.5538275095940214
SQQQ,last12m,rth,09:30,10:00,2,4,1200.0,400641,1.0,0.0022977166650000004,4.1055733333333336e-06,333.8675,15.683333333333334,7.885,7.843333333333334,0,0,1849.8226305508076,1650.0,1612.8214500551146,1050.0,132509.8019431376,116086.50000000001,115267.33220701128,74854.5,72.66354851126502,1.0015618803617836,1.0,1.0,1.3830017028401516,1.459547653940613,1.462203543707893,1.0015618803617836,0.9984396420208035,0.0015588355966088395,0.0,0.0,18816,0.020503618306964965,0.23509258862272256,212.61339304562213,286.4839912852172,0.5483630952380952
SQQQ,last12m,rth,10:00,10:30,2,4,1200.0,324548,1.0,0.0013277033266666668,7.399375e-07,270.45666666666665,14.255,7.0525,7.2716666666666665,0,0,1974.8604660165824,2000.0,1789.9210432134141,1750.0,140138.01164835208,141900.0,126328.06353361908,122381.0,72.3834332652068,1.052848793311828,1.0,1.0,1.4640410365851668,1.47181524244847,1.4720850116050281,1.052848793311828,0.9713858809855015,0.012331689281228167,0.0014815035133631724,0.0,17102,0.022357511316357024,0.47255952546410923,226.36871976367888,323.7732971844914,0.5259034031107472
SQQQ,last12m,rth,10:30,11:00,2,4,1200.0,244373,1.0,0.0009732594633333336,0.0,203.64416666666668,6.575833333333334,3.3091666666666666,3.2758333333333334,0,0,2425.691117919389,3050.0,2241.739399223789,2200.0,170150.85263311723,216886.5,157390.1601295023,152805.0,71.75811355516119,1.0002263088372174,1.0,1.0,1.3986203637703716,1.4786414619015698,1.4809198090769433,1.0002263088372174,0.9997740488492376,0.00022559346430733567,0.0,0.0,7887,0.02141439860667452,0.3813406753061081,491.64315840906613,668.1902040104069,0.5195891974134652
SQQQ,last12m,rth,11:00,11:30,2,4,1200.0,254139,1.0,0.0007703855425000001,0.0,211.7825,6.7508333333333335,3.4075,3.36,0,0,2363.9612438210197,2350.0,2337.609898853832,2350.0,167747.78491821344,165812.0,165624.54526830462,165808.5,72.37790439801228,1.0002355824334677,1.0,1.0,1.3874825875983856,1.4713886088197419,1.4776051177867624,1.0002355824334677,0.9997644175665326,0.00023558243346747732,0.0,0.0,8097,0.02330245868912177,0.431137088539894,471.1765560405664,637.4158300172268,0.5141410398913178
SQQQ,last12m,rth,11:30,12:00,2,4,1200.0,194287,1.0,0.0007240539433333333,3.0745624999999997e-06,161.90583333333333,4.366666666666666,2.1825,2.1933333333333334,0,0,2580.7797750070185,2550.0,2807.588499619389,2600.0,182499.69740646874,179534.0,197612.06098795618,180972.0,72.18757976302302,1.00008763901149,1.0,1.0,1.391531588682213,1.4837813798244084,1.483840014865323,1.00008763901149,0.9999123609885099,8.763901149014378e-05,0.0,0.0,5236,0.024960496445341797,0.5117889550210741,687.5389353331993,1110.4349179212088,0.5135599694423224
SQQQ,last12m,rth,12:00,12:30,2,4,1200.0,221787,1.0,0.0014952275716666667,2.6248208333333332e-06,184.8225,6.408333333333333,3.216666666666667,3.2066666666666666,0,0,2558.0356056690516,2450.0,2529.4378737857633,2400.0,180816.92162706892,171881.0,178510.6958198627,168710.0,72.24055210399916,1.0003767775513233,1.0,1.0,1.3903052114966767,1.4766391424683316,1.478522537988694,1.0003767775513233,0.99962325756127,0.00037670732613639133,0.0,0.0,7686,0.023323751653100556,0.4807778427439902,467.3551780675314,906.0168124980473,0.521727816809784
SQQQ,last12m,rth,12:30,13:00,2,4,1200.0,132731,1.0,0.001576085043333333,0.0,110.60916666666667,2.7575,1.3416666666666666,1.4233333333333333,0,0,2963.057381042633,3350.0,2944.1622479493058,2750.0,209326.1568921211,238030.0,207661.3227947518,193576.0,71.95042023178382,1.0000336169907362,1.0,1.0,1.3955091758459004,1.4836885419698527,1.4842253167855362,1.0000336169907362,0.9999663830092639,3.361699073630135e-05,0.0,0.0,3305,0.02260873772440507,0.31396049128841297,1170.7182296471235,1787.8614629074634,0.5252647503782149
SQQQ,last12m,rth,13:00,13:30,2,4,1200.0,127570,1.0,0.0007913871958333334,0.0,106.30833333333334,2.526666666666667,1.2691666666666668,1.2675,0,0,2999.739900533445,3350.0,3116.5796571562178,2700.0,211926.33727555088,238646.5,218755.97273283926,188743.5,72.00847545152716,1.0000284107197133,1.0,1.0,1.3947997731990018,1.3032414439957707,1.4865823947575039,1.0000284107197133,0.9999715892802868,2.8410719713138645e-05,0.0,0.0,3028,0.023072158964810872,0.5281135040895653,1158.413570070545,1919.9874678548886,0.5115587846763541
SQQQ,last12m,rth,13:30,14:00,2,4,1200.0,129403,1.0,0.0019982926341666667,1.181571e-05,107.83583333333333,2.7875,1.3866666666666667,1.4108333333333334,0,0,3860.701114806873,3700.0,3038.83176366249,2650.0,270094.4280520151,262485.0,211940.59977526095,184121.0,71.7065287970616,1.0000474459640283,1.0,1.0,1.400136071334582,1.3133088419442023,1.488080691005715,1.0000474459640283,0.9999529980092395,4.6558017492783525e-05,0.0,0.0,3341,0.023346219289690703,0.44435213657818,960.922078576853,2134.143530441607,0.5222987129601916
SQQQ,last12m,rth,14:00,14:30,2,4,1200.0,104449,1.0,0.0007101315491666666,0.0,87.04083333333334,2.006666666666667,0.9841666666666666,1.0275,0,0,3260.593649136931,3550.0,3280.2246390710584,3050.0,229018.41649875775,251906.0,229135.3878792513,212614.5,71.8110687997602,1.0000147200740224,1.0,1.0,1.398529622121463,1.489786178229499,1.4898877740537926,1.0000147200740224,0.9999852799259776,1.4720074022302602e-05,0.0,0.0,2404,0.022777182418573228,0.36869450645195745,1328.7652927804397,2645.116306208317,0.5153910149750416
SQQQ,last12m,rth,14:30,15:00,2,4,1200.0,74461,1.0,0.00096865138,2.220785e-06,62.05083333333334,1.385,0.7033333333333334,0.6841666666666667,0,0,3574.5315185137406,3700.0,3382.347894322444,3200.0,253329.67405231835,263696.0,237899.15834742543,223909.0,71.91019831429767,1.0000117564298239,1.0,1.0,1.3969905028024745,1.3028532783218354,1.4912305657103027,1.0000117564298239,0.9999885516501158,1.1140269944666507e-05,0.0,0.0,1658,0.02350546413786938,0.37894085316342135,2278.342689352404,3284.266503895266,0.5193003618817853
SQQQ,last12m,rth,15:00,15:30,2,4,1200.0,99680,1.0,0.0022276993258333335,2.19152e-06,83.06666666666666,1.8616666666666666,0.9525,0.9116666666666666,0,0,4913.175343370824,3800.0,4086.374962904841,3650.0,342579.6450244093,270982.5,287549.1117765632,258467.0,72.0817849953632,1.0000173473577143,1.0,1.0,1.3944895882189596,1.2970267749154014,1.4955515009397424,1.0000173473577143,0.9999826526422859,1.7347357714166158e-05,0.0,0.0,2230,0.021417522448300103,0.2917427014001168,1340.0427210994603,2679.585384543536,0.5282511210762332
SQQQ,last12m,rth,15:30,16:00,2,4,1200.0,120517,1.0,0.0004679791766666667,1.8673116666666665e-06,100.43083333333334,2.695,1.3558333333333332,1.3533333333333333,0,0,3996.2994185612224,4150.0,3735.209566342601,3900.0,283883.0654525984,297037.5,265464.6630033437,278236.0,71.98037049301047,1.000578939530205,1.0,1.0,1.3969610614136736,1.4944979289878255,1.4947943083139816,1.000578939530205,0.9994702963922867,0.0004804676852213259,0.0,0.0,3230,0.0215981018288424,0.33265955329400465,1027.8749887347574,2355.7195748691815,0.5390092879256966
SQQQ,last12m,open5,09:30,09:35,2,2,600.0,208160,1.0,0.0023222845800000003,4.689786666666667e-06,346.93333333333334,28.438333333333333,15.048333333333334,13.565,0,0,1826.7556840461048,950.0,1418.2432482989896,1400.0,128901.51404868667,66414.0,99370.98857020147,96688.5,72.23659022623428,1.1037459679564119,1.0,1.0,1.5269785285234665,1.4647654030810382,1.4647654030810382,1.1037459679564119,0.9079187047630018,0.08118419984033916,2.5650300926085432e-05,0.0,17061,0.02428013748347339,1.9583252191267515,109.70794881786651,162.83278948564603,0.46714729500029306
SQQQ,last12m,close5,15:55,16:00,2,2,600.0,83085,1.0,0.001317137485,5.041705e-06,138.475,3.56,1.8883333333333334,1.6983333333333333,0,0,4563.200647474218,4700.0,4193.897095151044,3600.0,325127.64218482736,334202.0,296526.17102710943,254527.0,72.05400172809888,1.0002761769103634,1.0,1.0,1.3949615871844983,1.2978368472309916,1.4913859557392297,1.0002761769103634,0.9997238230896364,0.00027617691036364167,0.0,0.0,2134,0.019389542751363956,0.26569919823663035,940.15616880357,1534.9925454917204,0.5651358950328023
SQQQ,last12m,pre,04:00,07:00,2,2,600.0,11198,1.0,0.022769059645,6.761316666666667e-07,18.663333333333334,2.2716666666666665,1.0366666666666666,1.2766666666666666,0,0,605.4475888367663,250.0,734.8258160849613,650.0,43440.24751237055,18136.0,53449.980524570914,48607.0,71.55081727622544,1.1405237476066845,1.0,2.0,1.6114481855630156,1.4885566559843297,2.977189574871213,1.1405237476066845,0.8594762523933156,0.14052374760668443,0.0,0.0,1361,0.02333816288825159,4.415704473533128,1130.353506057641,2477.120628425365,0.42321822189566494
SQQQ,last12m,pre,07:00,08:00,2,2,600.0,10982,1.0,0.016701344065000002,4.4433833333333336e-07,18.303333333333335,1.7733333333333334,0.9916666666666667,1.0083333333333333,0,0,1127.8770804172655,1000.0,1130.9006783067662,1000.0,78815.80567230772,68551.5,78667.00089627999,68538.5,71.64662872744819,1.1933541326470474,1.0,2.0,1.6794381288149314,1.4881559921242788,2.9751095973058956,1.1933541326470474,0.8067657086197662,0.1931144501134201,0.0,0.0,1062,0.03748401938862615,4.260021242481449,1764.6828566195036,2937.5227838151054,0.4105461393596987
SQQQ,last12m,pre,08:00,09:00,2,2,600.0,18504,1.0,0.032716285219999995,4.876e-07,30.84,3.058333333333333,1.76,1.7666666666666666,0,0,995.3134841640788,450.0,1822.0894843196984,1800.0,68500.79354869752,31429.5,124998.4748792858,121900.50000000001,71.32896507907454,1.0457115479736372,1.0,1.0,1.4733613200389617,1.492598196754036,1.492598196754036,1.0457115479736372,0.9542929819181358,0.045702488190090686,0.0,0.0,1833,0.04151789193092594,4.164522543788738,836.848917761429,2250.9802044980265,0.39989088925259136
SQQQ,last12m,pre,09:00,09:30,2,2,600.0,35680,1.0,0.03990699929666666,2.559103333333333e-06,59.46666666666667,8.103333333333333,4.578333333333333,3.5766666666666667,0,0,1945.326041997646,2050.0,1577.3522197352258,1550.0,136128.32200583903,142531.5,110676.22458728621,108044.5,72.2409278986544,1.3395292200268336,1.0,2.0,1.8849030668100126,1.4626839425089326,2.9250322469679135,1.3395292200268336,0.6708135765661467,0.31895963174364844,3.6951862515032485e-05,0.0,4860,0.06562558241753377,7.4416059029680515,329.9294268871219,645.2688044930143,0.32880658436213994
SQQQ,last12m,post,16:00,17:00,2,2,600.0,3611,1.0,0.0004407287333333334,0.0,6.0183333333333335,1.3716666666666666,0.6383333333333333,0.7383333333333333,0,0,2401.408267334212,2600.0,2207.109900705032,2450.0,170756.54539680635,184835.5,156833.16101577514,174821.5,72.07180555025455,1.4228398491194385,1.0,2.0,1.9571898766796043,1.490820196177595,2.5952109208141176,1.4228398491194385,0.5952115266121893,0.3869773131927388,0.0,0.0,821,0.09298223905853814,56.23413251903495,1774.8704819288555,4448.974114101512,0.26552984165651644
SQQQ,last12m,post,17:00,18:00,2,2,600.0,36,1.0,0.0,0.0,0.06,0.05,0.015,0.035,0,0,582.7459873280001,600.0,1035.954609585,950.0,42404.29269721668,44234.0,72390.89342683101,65765.0,72.0834138002852,2.8377513727516663,3.0,4.0,3.962951177715921,4.469273743016931,5.1914353333141365,2.8377513727516663,0.03635679808,0.31319931720000005,0.08515806355999998,0.0,28,0.19054607179632482,5011.872336272722,28840.31503126605,52650.466139796175,0.21428571428571427
SQQQ,last12m,post,18:00,20:00,2,2,600.0,1458,1.0,0.006164141238333333,0.0,2.43,0.4683333333333333,0.19833333333333333,0.27166666666666667,0,0,1670.1088913882468,1650.0,800.8645710421812,750.0,117225.02485593846,113676.0,55526.50198550459,50799.50000000001,72.17430732032624,1.8243623209948392,2.0,3.0,2.512762932585087,2.584251683592007,3.876908347173893,1.8243623209948392,0.3416872498004408,0.49857997531477866,7.971325207770717e-05,0.0,279,0.6285405964600251,403.23252521113517,5735.501907975095,7164.0681842802,0.11827956989247312
SQQQ,last12m,pre,04:00,09:30,2,8,2400.0,76364,1.0,0.028023422056666667,1.0417933333333333e-06,31.81833333333333,3.8016666666666667,2.091666666666667,1.9070833333333332,0,0,1165.4460509805804,450.0,1313.557758593379,800.0,81510.72814287712,31515.0,91760.07011691137,60960.5,71.69027190020934,1.1509820969916646,1.0,2.0,1.6235628252632632,1.4881559921242788,2.9751095973058956,1.1509820969916646,0.8499807701819859,0.14906690854461607,3.3592602286393175e-06,0.0,9116,0.04269611401349078,6.432550931356847,616.4218844051991,1860.4499550078158,0.3667178587099605
SQQQ,last12m,post,16:00,20:00,2,6,1800.0,5105,1.0,0.0022016233238888886,0.0,2.8361111111111112,0.63,0.2838888888888889,0.34833333333333333,0,0,1551.0514942585346,1450.0,1348.976505555565,1450.0,110105.08125634638,111735.5,94988.85045099644,97283.0,72.1097150743184,1.9773289659651958,2.0,3.0,2.7364167298914244,2.5952109208141176,4.469273743016931,1.9773289659651958,0.32873570607326774,0.42433414525557395,0.02132937251603885,0.0,1128,0.11481536214968835,98.24437458374244,3194.80565467431,10137.243714611936,0.22783687943262412
SQQQ,last12m,rth,09:30,16:00,2,52,15600.0,2428586,1.0,0.0012560440628846153,2.2030939102564103e-06,155.67858974358975,5.389230769230769,2.695897435897436,2.7099358974358974,0,0,3024.656059969682,3150.0,2838.7449493859185,2700.0,213382.70460789316,228156.0,199938.3432803588,195681.0,72.08149477642843,1.004312648188796,1.0,1.0,1.3994156188804634,1.459547653940613,1.4911560349432096,1.004312648188796,0.9975554219077838,0.0011881761221120331,0.0001139537989666325,0.0,84020,0.022082443006226797,0.36433658470662555,461.06636443124364,1180.6293074533803,0.5275053558676506
SQQQ,normal18m,rth,09:30,10:00,4,8,2400.0,571808,1.0,0.0012850424770833333,2.3644720833333333e-06,238.25333333333333,11.376666666666667,5.633333333333334,5.7875,0,0,19167.26123102118,3100.0,18711.40098395013,2200.0,406044.30615697714,150353.00000000003,391620.3105038092,118087.0,49.56730961911507,1.0382994817556284,1.0,1.0,2.904810329810985,2.848099256170526,5.5750152887476565,1.0382994817556284,0.9617072042407199,0.03828610976293204,0.0,0.0,27296,0.02195496721548817,1.7044291274531969,219.30556152078566,410.8788332241205,0.48816676436107853
SQQQ,normal18m,rth,10:00,10:30,4,8,2400.0,436807,1.0,0.0014125887791666665,1.0438933333333334e-06,182.00291666666666,8.356666666666667,4.139583333333333,4.26,0,0,25996.57470037308,4150.0,25898.774303143215,4300.0,536501.7488789817,188889.0,533573.3538791605,200869.0,49.2740069160596,1.0265984194602025,1.0,1.0,2.861024535684934,2.8915288402631747,5.618787859564202,1.0265984194602025,0.9855199514185591,0.006338139187721957,0.0007408149502179048,0.0,20048,0.022608677638447913,0.5027491573455442,275.85706083109295,688.5530678534386,0.5232940941739824
SQQQ,normal18m,rth,10:30,11:00,4,8,2400.0,359132,1.0,0.0018736880716666666,0.0,149.63833333333332,5.06375,2.5520833333333335,2.5345833333333334,0,0,26762.16325104535,4050.0,28582.231499586756,4150.0,558961.1274602141,216886.5,588463.2741219468,200560.5,49.068803143000544,1.0001352294081458,1.0,1.0,2.8216077138185924,1.4809198090769433,5.6301121083122965,1.0001352294081458,0.9998649495964199,0.0001348713990148761,0.0,0.0,12145,0.022383487095846383,0.5593028841097278,488.17570142439797,880.6546738877273,0.5160148209139563
SQQQ,normal18m,rth,11:00,11:30,4,8,2400.0,327062,1.0,0.0015263001079166667,0.0,136.27583333333334,4.239583333333333,2.14125,2.1129166666666666,0,0,32598.05937350995,4250.0,29554.354167060133,5250.0,663933.53153295,217936.0,613840.1441826553,241585.5,49.31244424076253,1.000141073235094,1.0,1.0,2.82392516095844,1.4776051177867624,5.640744799813453,1.000141073235094,0.999858926764906,0.00014107323509394794,0.0,0.0,10167,0.023587687788988645,0.6973368617608837,552.7134079444351,1244.7341570809917,0.5112619258384971
SQQQ,normal18m,rth,11:30,12:00,4,8,2400.0,270730,1.0,0.00266681948,1.1611094583333334e-05,112.80416666666666,3.52875,1.76125,1.7745833333333334,0,0,30114.505405740732,4100.0,29119.179833485712,4300.0,621318.3841643325,200153.0,610918.0177488428,237773.0,49.28812731223032,1.0000678806415026,1.0,1.0,2.822646080141747,1.483840014865323,5.64949409456349,1.0000678806415026,0.9999321386510048,6.784205648834081e-05,0.0,0.0,8461,0.025066502985964984,0.7049701553865759,655.0131214249732,1508.4243980408182,0.5158964661387543
SQQQ,normal18m,rth,12:00,12:30,4,8,2400.0,271294,1.0,0.0014012700391666667,1.3124104166666666e-06,113.03916666666667,3.9583333333333335,1.9829166666666667,1.9845833333333334,0,0,30309.88975289746,3650.0,29946.729704349396,3550.0,618612.7499982506,203699.5,615350.3779938935,230146.5,49.23289248205995,1.0001959219909125,1.0,1.0,2.8292168203360264,2.871105772676069,5.6610836863132175,1.0001959219909125,0.9998040955637092,0.00019588688166899892,0.0,0.0,9492,0.023497647813710158,0.5575065831664662,574.1971503937774,1573.9011100623768,0.5201222081753055
SQQQ,normal18m,rth,12:30,13:00,4,8,2400.0,180231,1.0,0.0015123485379166667,0.0,75.09625,1.8729166666666666,0.9191666666666667,0.9591666666666666,0,0,26646.28165671261,5300.0,33842.78991599359,5350.0,578971.3073887319,258089.0,707966.506440146,257082.0,49.10273077682709,1.0000217640348064,1.0,1.0,2.8296511630660404,2.8661227623775445,5.655798487849329,1.0000217640348064,0.9999782359651938,2.1764034806218353e-05,0.0,0.0,4487,0.022556952409791817,0.38622653266363594,1259.753907972248,2453.7111633157815,0.5201693782036996
SQQQ,normal18m,rth,13:00,13:30,4,8,2400.0,194418,1.0,0.0018018219670833332,0.0,81.0075,2.138333333333333,1.0733333333333333,1.0725,0,0,28758.101795737257,5750.0,26834.552724765712,5550.0,618320.5477828467,257782.5,586060.854926438,247719.0,49.2476861287055,1.0000225862305332,1.0,1.0,2.819156349872859,1.4865823947575039,5.645728622599041,1.0000225862305332,0.999977413769467,2.258623053299459e-05,0.0,0.0,5124,0.022613875664290285,0.5956621435290106,1062.0448495528585,2333.412333219193,0.5119047619047619
SQQQ,normal18m,rth,13:30,14:00,4,8,2400.0,194688,1.0,0.0015860770529166667,5.907855e-06,81.12,2.2045833333333333,1.1079166666666667,1.1041666666666667,0,0,29838.318513061447,5550.0,27801.28404013923,5500.0,660273.6632835816,264831.0,604063.2505819242,268488.0,49.11406863658032,1.0000319642165503,1.0,1.0,2.817370044341079,2.8245401035831166,5.637566044849629,1.0000319642165503,0.9999682576771177,3.152042921426692e-05,0.0,0.0,5283,0.023762443054448235,0.5140147833869814,999.5333686847197,2597.756947300389,0.516941131932614
SQQQ,normal18m,rth,14:00,14:30,4,8,2400.0,169526,1.0,0.0012972400558333335,0.0,70.63583333333334,1.8066666666666666,0.8933333333333333,0.9208333333333333,0,0,31191.97244830919,5650.0,28489.9245578179,6000.0,670942.4685875253,277781.0,623403.8523942414,279577.0,49.25065923146613,1.000017354135396,1.0,1.0,2.8110932369187833,1.4898877740537926,5.6400754450062465,1.000017354135396,0.9999826458646036,1.735413539623699e-05,0.0,0.0,4328,0.02408176486901744,0.5754399373371566,1157.4440320922365,2403.3083862083668,0.5103974121996303
SQQQ,normal18m,rth,14:30,15:00,4,8,2400.0,129225,1.0,0.001808553090833333,1.1103925e-06,53.84375,1.3283333333333334,0.6733333333333333,0.66125,0,0,32978.793338070085,5950.0,24290.346265454245,5800.0,715734.131271878,281610.0,553295.7862130974,285640.0,49.27361883093152,1.000012425799432,1.0,1.0,2.8103631179851103,1.4912305657103027,5.625981290768866,1.000012425799432,0.9999877283699791,1.2117460609308706e-05,0.0,0.0,3180,0.023589963707015948,0.6850374047706322,1789.6898612172313,3322.80891182705,0.5088050314465409
SQQQ,normal18m,rth,15:00,15:30,4,8,2400.0,142374,1.0,0.0011983226608333335,1.09576e-06,59.3225,1.3116666666666668,0.6616666666666666,0.6520833333333333,0,0,35644.014751473165,6100.0,26417.80290460689,6100.0,798314.7692009321,294334.5,612555.5019520476,296550.5,49.269306436590995,1.0000112226297955,1.0,1.0,2.814099634041049,2.834821145398361,5.62316986850323,1.0000112226297955,0.9999887773702044,1.1222629795573679e-05,0.0,0.0,3140,0.02128967413567163,0.33310461154295457,1557.4175463746355,3779.446783442275,0.5238853503184714
SQQQ,normal18m,rth,15:30,16:00,4,8,2400.0,187204,1.0,0.0005345758583333334,1.0663383333333332e-06,78.00166666666667,2.32,1.1775,1.1558333333333333,0,0,30217.722190074903,6100.0,23042.853795657407,6100.0,679957.1181778373,304440.5,547738.7472163485,297770.5,49.28300366227724,1.0003477447417575,1.0,1.0,2.8103284256516834,2.5978940149674177,5.619316222728685,1.0003477447417575,0.999686732750009,0.00027879819482750425,0.0,0.0,5560,0.021264235312831975,0.31241857136026646,936.5796462214138,2370.085074432774,0.5510791366906475
SQQQ,normal18m,open5,09:30,09:35,4,4,1200.0,291036,1.0,0.0013790865924999999,2.4033024999999997e-06,242.53,17.871666666666666,9.456666666666667,8.528333333333334,0,0,11863.974051998712,2550.0,11481.038496874622,2100.0,272797.0197247043,114576.0,253463.37269702856,115157.5,49.36648991322981,1.1044731224905195,1.0,1.0,3.0183212858700843,2.848099256170526,5.567196808717739,1.1044731224905195,0.9013655441300836,0.093179214542481,1.2813007707338886e-05,0.0,21442,0.025146302632741625,2.9455179701709224,136.90976538433696,282.4892144622085,0.44599384385784907
SQQQ,normal18m,close5,15:55,16:00,4,4,1200.0,126823,1.0,0.0010518243274999998,2.5208525e-06,105.68583333333333,2.549166666666667,1.325,1.2433333333333334,0,0,40763.53791799793,6900.0,40132.063672518074,6600.0,887345.6030871813,334202.0,869027.6192879252,306289.0,49.31036500933864,1.0001781017273648,1.0,1.0,2.8059958056340184,2.8323529866201524,5.597636698216125,1.0001781017273648,0.9998218982726357,0.00017810172736446318,0.0,0.0,3055,0.01687302626139744,0.30279419229852245,1002.134297611845,2364.30147885561,0.5531914893617021
SQQQ,normal18m,pre,04:00,07:00,4,4,1200.0,13890,1.0,0.022616805014166665,3.3806583333333333e-07,11.575,1.2625,0.5733333333333334,0.71,0,0,10430.562570917244,350.0,7149.234723758074,750.0,205322.7376838491,18442.0,154920.972406706,48914.0,49.11534811638916,1.1808552217444597,1.0,2.0,3.2149922075881703,2.8466315674189033,5.693658242275506,1.1808552217444597,0.8196913975395984,0.17976198317634381,0.0,0.0,1511,0.023853365831998968,9.210553176894832,1622.7931203554049,3426.9409790356467,0.3924553275976175
SQQQ,normal18m,pre,07:00,08:00,4,4,1200.0,18033,1.0,0.048198303924166665,2.2216916666666668e-07,15.0275,1.37,0.7041666666666667,0.7791666666666667,0,0,9930.630826926197,1250.0,10254.508848773772,1250.0,213806.2934639415,71253.5,221878.92031606304,71229.0,50.190243533505466,1.284856575344604,1.0,2.0,3.3737698440248045,2.837754880429005,5.674868901008966,1.284856575344604,0.7386306177259669,0.23788379361366926,0.0,0.0,1640,0.04511779078871161,21.199020238496097,1770.108958317423,4233.91235149942,0.3426829268292683
SQQQ,normal18m,pre,08:00,09:00,4,4,1200.0,27250,1.0,0.06049594028500001,2.438e-07,22.708333333333332,1.8816666666666666,1.0241666666666667,1.0966666666666667,0,0,17215.65498051305,800.0,13981.509599838972,4200.0,347218.21074936655,37872.0,317352.2138699254,201117.0,49.88292796272799,1.0668706121242804,1.0,1.0,2.8851533834415632,2.815482720297353,5.572582892169406,1.0668706121242804,0.9331317197919177,0.06686594829188397,0.0,0.0,2254,0.04578542741187343,7.943282347242816,1015.4689924330792,2866.562499275932,0.3642413487133984
SQQQ,normal18m,pre,09:00,09:30,4,4,1200.0,45214,1.0,0.07709854670583333,1.2795516666666666e-06,37.678333333333335,4.496666666666667,2.4875,2.0391666666666666,0,0,14460.42245304634,2750.0,13341.158082413596,3600.0,323222.2723391567,154997.5,300134.06102397665,170369.0,50.77936808785813,1.2028022342900626,1.0,2.0,3.0053405164925735,2.825122816794794,5.57149460551275,1.2028022342900626,0.8025775567376413,0.19210299202085324,1.922045905362378e-05,0.0,5392,0.07625577289861547,8.248582270077593,400.7620578178316,1668.4911555083652,0.31954747774480713
SQQQ,normal18m,post,16:00,17:00,4,4,1200.0,4836,1.0,0.0888697421775,0.0,4.03,0.7958333333333333,0.375,0.42333333333333334,0,0,14324.490556133993,2600.0,14468.158057328337,2450.0,337540.63293471205,184835.5,340451.5881977549,174821.5,52.438975929952726,1.3683497625516048,1.0,2.0,3.220462701012515,2.8186424815766578,5.636475982183466,1.3683497625516048,0.6571595173359713,0.3210424229076788,0.000136745980899699,0.0,951,0.09672874554958258,81.28305161641,2544.6320917287017,7039.184597879286,0.2502628811777077
SQQQ,normal18m,post,17:00,18:00,4,4,1200.0,96,1.0,5.822641666666666e-07,0.0,0.08,0.041666666666666664,0.0125,0.029166666666666667,0,0,831.5800699344431,700.0,1468.647419867016,1650.0,33154.785805360174,28654.0,59459.85203679213,55196.0,49.38043059320756,2.3218939235506304,2.0,4.0,5.219657335703914,4.469273743016931,11.293941563028971,2.3218939235506304,0.3461735208386033,0.21961717726521277,0.055618223416998507,0.0,46,0.18197008586099847,3162.2776601683795,41686.93834703361,43253.019571127195,0.2608695652173913
SQQQ,normal18m,post,18:00,20:00,4,4,1200.0,3074,1.0,0.03952580539500001,0.0,2.5616666666666665,0.4483333333333333,0.22,0.23,0,0,6888.253899443589,1650.0,5241.1291184892225,950.0,174889.6616520344,113676.0,118925.17203655769,56043.00000000001,50.6125729427199,1.513782828324306,1.0,2.0,3.5279778984233476,2.984044602933925,5.594263670490234,1.513782828324306,0.574001036399592,0.34156118377365685,4.124102905539994e-05,0.0,534,0.5054013104188028,321.4717816357386,4979.008379088357,8125.696055614393,0.13670411985018727
SQQQ,normal18m,pre,04:00,09:30,4,16,4800.0,104387,1.0,0.052102398982291666,5.208966666666666e-07,21.747291666666666,2.2527083333333335,1.1972916666666666,1.15625,0,0,12967.215290512724,900.0,11128.854522805506,2150.0,271309.72761295974,42981.0,247323.57516560017,138534.0,49.98040921493227,1.1810352672449624,1.0,2.0,3.16483092881403,2.837754880429005,5.583323754116637,1.1810352672449624,0.8240227833646364,0.1709249431718202,1.747314459420344e-06,0.0,10797,0.04737405288625233,9.165469069164642,831.2827025207224,3065.4210610548,0.34259516532370105
SQQQ,normal18m,post,16:00,20:00,4,12,3600.0,8006,1.0,0.04279870994555556,0.0,2.223888888888889,0.4286111111111111,0.2025,0.2275,0,0,7138.535606743825,1400.0,6855.05149897245,1900.0,177139.7728694858,54011.0,168505.17740411815,82408.0,50.762993896338635,1.6794523356877116,1.0,3.0,3.874018958390781,2.984044602933925,5.594263670490234,1.6794523356877116,0.5378337777434397,0.3059454919300512,0.01395936286400225,0.0,1531,0.1354799413611676,122.54095200855966,3819.4427084004683,11818.469855117137,0.21097322011757022
SQQQ,normal18m,rth,09:30,16:00,4,104,31200.0,3434499,1.0,0.0015311267829807693,1.962478173076923e-06,110.08009615384616,3.808173076923077,1.9012820512820512,1.9215384615384616,0,0,29247.95226536221,4350.0,27117.275353043573,4600.0,625226.5284510192,251718.0,583750.805915378,253006.0,49.252676403504815,1.0050704554865286,1.0,1.0,2.8288696578113033,2.8025007710451058,5.637578400440732,1.0050704554865286,0.9958650531345767,0.003505357142314475,5.699258317877521e-05,0.0,118711,0.022710636264923728,0.6459636240887591,528.3155848050185,1735.404298871337,0.5122271735559468
SQQQ,y2022,rth,09:30,10:00,2,4,1200.0,278885,1.0,0.001948770778333333,2.5935608333333335e-06,232.40416666666667,11.114166666666666,5.56,5.668333333333333,0,0,1306.6314398690279,900.0,1530.984939605948,1300.0,56597.80904765196,38176.0,67006.24822402009,56444.0,41.866345121509774,1.0067074364948836,1.0,1.0,2.4342402889680317,2.6833843639142962,2.684901505549979,1.0067074364948836,0.9932925635051167,0.0067074364948833,0.0,0.0,13333,0.026953740796865185,0.7520556874920606,291.2484118618099,393.31727672318823,0.5059626490662267
SQQQ,y2022,rth,10:00,10:30,2,4,1200.0,252757,1.0,0.0017932912433333333,0.0,210.63083333333333,8.270833333333334,4.175833333333333,4.1725,0,0,1849.9496633633335,1300.0,1753.927508948739,1250.0,79019.89742525488,54500.0,75512.27319211807,50363.5,42.27369188155712,1.003045235525034,1.0,1.0,2.39319361336732,2.6040590864556403,2.6162751680614442,1.003045235525034,0.9969547644749656,0.0030452355250342547,0.0,0.0,9921,0.02475074269294208,0.9268298233793498,356.7313438231355,570.2408406992051,0.5016631387964923
SQQQ,y2022,rth,10:30,11:00,2,4,1200.0,249297,1.0,0.0019885335841666667,8.607449999999999e-07,207.7475,6.656666666666666,3.368333333333333,3.381666666666667,0,0,1939.0303058869472,1500.0,2036.0576898517143,1800.0,82775.05827338665,63104.0,87839.8672349534,78202.0,42.65094981089982,1.0002301277064207,1.0,1.0,2.366035835183398,2.5802270177840136,2.5949734328315923,1.0002301277064207,0.9997698722935793,0.00023012770642080513,0.0,0.0,7984,0.02250948669033667,0.6549621699118559,461.6344867074255,639.1196225340146,0.5078907815631263
SQQQ,y2022,rth,11:00,11:30,2,4,1200.0,215925,1.0,0.0017412844216666667,2.443295083333334e-05,179.9375,4.105833333333333,2.04,2.0816666666666666,0,0,2317.566870512361,1950.0,2477.9827054491,2150.0,99726.02259437602,83400.5,106178.61665839274,91515.5,42.18592364154361,1.0000372213198312,1.0,1.0,2.3875443463897392,2.5869950477181334,2.590352446762229,1.0000372213198312,0.999962778680169,3.722131983105281e-05,0.0,0.0,4923,0.02268519800249921,0.6456542290346565,774.4188287731145,940.3509348472485,0.505789152955515
SQQQ,y2022,rth,11:30,12:00,2,4,1200.0,164504,1.0,0.0009010643066666665,0.0,137.08666666666667,2.8666666666666667,1.4333333333333333,1.4383333333333332,0,0,2730.0764855525185,2150.0,2822.763161462551,2150.0,117916.9536212482,92089.0,122619.57630647517,92071.5,42.53753422745123,1.000017190257861,1.0,1.0,2.3645846687582623,2.5388999465894098,2.5497660063133427,1.000017190257861,0.9999828097421387,1.719025786111437e-05,0.0,0.0,3436,0.023016214605420776,0.6153056586518484,1141.844166797179,1330.1466900407984,0.5107683352735739
SQQQ,y2022,rth,12:00,12:30,2,4,1200.0,168068,1.0,0.0008076409883333336,0.0,140.05666666666667,3.1358333333333333,1.53,1.6133333333333333,0,0,2326.95898282445,1900.0,3154.80993774354,2450.0,102297.03010228988,82794.0,139519.52511247862,107434.0,42.97391336534398,1.000386576093865,1.0,1.0,2.340155059753013,2.5072285097648472,2.5105590389216994,1.000386576093865,0.9996134239061348,0.0003865760938651834,0.0,0.0,3759,0.022232133010474865,0.6214158881309949,1049.341059576609,1189.3298172150678,0.5083798882681564
SQQQ,y2022,rth,12:30,13:00,2,4,1200.0,175576,1.0,0.0014401407575,1.2779491666666667e-06,146.31333333333333,3.2725,1.645,1.6383333333333334,0,0,2749.4325899106493,2550.0,2289.204470984946,2000.0,120636.25627784962,111061.5,99910.25346174157,87004.5,42.96220233627303,1.000130515180356,1.0,1.0,2.338969808370119,2.4897350887629868,2.508481641210087,1.000130515180356,0.9998694848196442,0.0001305151803558022,0.0,0.0,3923,0.02230025653980523,0.8597555737274745,947.6365240110272,1224.0998524781112,0.5026765230690798
SQQQ,y2022,rth,13:00,13:30,2,4,1200.0,142097,1.0,0.0005420637108333333,0.0,118.41416666666667,2.415,1.205,1.215,0,0,2840.6414068179597,2800.0,2490.2002943841253,2150.0,124517.20509867916,122139.5,108255.12733095362,92691.0,43.0409128727093,1.0000704659445314,1.0,1.0,2.3324444432248588,2.4755813836171066,2.47721942345973,1.0000704659445314,0.9999295340554686,7.046594453138018e-05,0.0,0.0,2894,0.020157860920036085,0.7286181745132285,1357.9659763386258,1586.1422206717534,0.5062197650310988
SQQQ,y2022,rth,13:30,14:00,2,4,1200.0,160739,1.0,0.0005548234658333332,0.0,133.94916666666666,2.941666666666667,1.4691666666666667,1.4791666666666667,0,0,2826.9880701910556,2600.0,3023.1355752442073,2600.0,125095.0824490548,114663.0,133673.6527925623,114350.5,43.2444575308397,1.0000396925640327,1.0,1.0,2.322042103823104,2.4664638587628365,2.474549953010273,1.0000396925640327,0.9999603074359673,3.969256403261085e-05,0.0,0.0,3526,0.021107871637009362,0.72166116208339,1091.311465378122,1281.1547680844226,0.5053885422575156
SQQQ,y2022,rth,14:00,14:30,2,4,1200.0,162363,1.0,0.0008075599833333333,3.219090833333333e-06,135.3025,2.714166666666667,1.3575,1.3625,0,0,2587.374385244758,2250.0,2827.026637071699,2250.0,115067.16549192971,99655.0,126226.83810668088,99000.0,43.856158058490124,1.0003058549916604,1.0,1.0,2.289807471933088,2.4306965287964024,2.4327011095628084,1.0003058549916604,0.9996941450083398,0.00030585499166029966,0.0,0.0,3253,0.023318731295795793,1.3768571648527574,1202.0258103562433,1442.9197812773841,0.49769443590531814
SQQQ,y2022,rth,14:30,15:00,2,4,1200.0,182881,1.0,0.0011912718183333336,4.30990675e-05,152.40083333333334,3.2558333333333334,1.6308333333333334,1.6375,0,0,2624.622601865877,2100.0,3161.8560314971437,2800.0,116929.44607153774,92526.0,140444.5034075103,124538.0,43.98573023371143,1.0000152176116768,1.0,1.0,2.280909680663529,2.407261532351005,2.4142501045241023,1.0000152176116768,0.9999847823883232,1.5217611676805747e-05,0.0,0.0,3903,0.022759706992307997,0.9034047151333557,1019.9056554852957,1262.0491084794207,0.5019215987701768
SQQQ,y2022,rth,15:00,15:30,2,4,1200.0,210873,1.0,0.0015762599008333333,5.8504258333333345e-06,175.7275,3.5016666666666665,1.7808333333333333,1.7275,0,0,2796.719890485114,2150.0,3108.254397266072,2700.0,125832.82401357494,95381.0,139985.8722750472,121229.0,44.4169451070476,1.0000455153511403,1.0,1.0,2.259168122588118,2.3896375689250484,2.3915445350936646,1.0000455153511403,0.9999544846488594,4.551535114039449e-05,0.0,0.0,4198,0.025954372077523036,0.9490142360424711,954.9925860214357,1159.455154495972,0.5011910433539781
SQQQ,y2022,rth,15:30,16:00,2,4,1200.0,218062,1.0,0.0016971450791666664,4.55555125e-05,181.71833333333333,4.5375,2.3216666666666668,2.243333333333333,0,0,3035.8952791154857,2500.0,3299.350858927552,3050.0,135378.72881506273,110762.5,146516.22406807425,135851.5,44.43891658885654,1.0003452548458243,1.0,1.0,2.258471988717433,2.38338192665021,2.390434746306056,1.0003452548458243,0.999654745154176,0.00034525484582409536,0.0,0.0,5441,0.02541964561094243,0.7079457843841375,694.661211874043,960.13274939919,0.5065245359308951
SQQQ,y2022,open5,09:30,09:35,2,2,600.0,162752,1.0,0.002455678298333333,1.0955858333333333e-05,271.25333333333333,21.096666666666668,10.706666666666667,10.66,0,0,1534.8849814741927,800.0,1146.3379191407682,700.0,67261.51555599329,35708.0,50634.77898318211,30289.5,42.13306085813234,1.0634523643191511,1.0,1.0,2.549988007744731,2.66065739027367,2.66065739027367,1.0634523643191511,0.9367913380871951,0.06296495950645896,0.0,0.0,12656,0.044654272026229326,3.62071190386742,135.30111321883314,224.3449407050042,0.4277812895069532
SQQQ,y2022,close5,15:55,16:00,2,2,600.0,117616,1.0,0.002150632765,1.4549566666666666e-06,196.02666666666667,5.193333333333333,2.635,2.635,0,0,4428.425894463118,3450.0,4535.749883396943,3450.0,198038.44341533826,153973.5,200991.20128915276,152162.5,43.84850860392763,1.0036289951759603,1.0,1.0,2.294081819242006,2.3934439923559356,2.3934439923559356,1.0036289951759603,0.9963728866088057,0.0036252316064284266,0.0,0.0,3114,0.023268811078561408,1.8836490894897984,607.0938228265203,897.4331248505684,0.4836223506743738
SQQQ,y2022,pre,04:00,07:00,2,2,600.0,2274,1.0,1.114319e-05,0.0,3.79,0.9733333333333334,0.475,0.5133333333333333,0,0,906.0858913002431,500.0,1289.6460642392933,800.0,38941.034550536635,20640.0,55295.551980795215,32118.0,42.14881083981311,1.7338313548455484,2.0,2.0,4.141609118961899,4.331166802868671,5.247479525411799,1.7338313548455484,0.35109742401530397,0.5639994162876559,0.0,0.0,582,0.30199517204020165,158.48931924611136,2745.785875582612,4170.901192957623,0.1872852233676976
SQQQ,y2022,pre,07:00,08:00,2,2,600.0,7704,1.0,0.01140723714,1.3774666666666665e-07,12.84,1.145,0.5466666666666666,0.615,0,0,1011.2593223769909,750.0,1369.5227368077465,900.0,44329.26356063724,32244.0,60852.851709154165,37955.0,42.70522888658424,1.2316449398578913,1.0,2.0,2.9457570277720047,2.6146523650387867,5.230133508200468,1.2316449398578913,0.7684108195185524,0.2315364455408774,0.0,0.0,685,0.05516538667595578,36.79505646173878,2557.965818714741,3699.3148147128477,0.3197080291970803
SQQQ,y2022,pre,08:00,09:00,2,2,600.0,9409,1.0,0.022374644511666666,1.5299333333333334e-07,15.681666666666667,1.7533333333333334,0.79,0.9966666666666667,0,0,817.5506716219511,600.0,861.0164797508941,600.0,35536.07186908546,25821.5,36603.83221258349,25795.0,42.31124550287475,1.1522739754220155,1.0,2.0,2.76693219771732,2.6225903152907635,5.244690317438025,1.1522739754220155,0.8479346647546898,0.15185669506860502,0.0,0.0,1050,0.08436335568452724,25.118864315095816,1596.7091221067355,2419.816227249045,0.30666666666666664
SQQQ,y2022,pre,09:00,09:30,2,2,600.0,14642,1.0,0.03372116650833334,1.9327166666666664e-07,24.403333333333332,2.795,1.4983333333333333,1.3233333333333333,0,0,976.49221507698,950.0,1374.144805182028,1050.0,40635.11526602385,39098.5,59102.01406363259,44187.0,42.288969311115956,1.249975226619593,1.0,2.0,3.028349005332087,2.629556951293595,5.259244520080521,1.249975226619593,0.752374054111153,0.24528025494734262,0.0,0.0,1675,0.049987755434159765,23.507807256003463,1163.431292550597,1536.5050776907617,0.35402985074626864
SQQQ,y2022,post,16:00,17:00,2,2,600.0,4558,1.0,0.018570084620000003,0.0,7.596666666666667,1.32,0.7183333333333334,0.6116666666666667,0,0,4606.4304636876595,5350.0,1568.4637721098172,1100.0,204647.2263373274,238285.0,69197.8337228223,49637.0,43.65491620041323,1.4975445175854458,1.0,2.0,3.4628203340790518,2.3865811910976884,4.772448659432906,1.4975445175854458,0.5499214676706651,0.4026125470732239,0.0,0.0,790,0.12161860006463686,74.51131400254744,1899.2031790533358,3512.228116201854,0.28354430379746837
SQQQ,y2022,post,17:00,18:00,2,2,600.0,73,1.0,1.92145e-07,1.1692733333333334e-06,0.12166666666666667,0.08333333333333333,0.043333333333333335,0.045,0,0,2295.271346251158,2700.0,1586.8106664746333,1400.0,103213.87687722652,121362.0,68805.20135513367,59771.0,43.665150189036204,2.7308456323116435,2.0,4.0,6.318876558408088,4.404316229638601,9.541606120555507,2.7308456323116435,0.20607660696980412,0.4788539232338436,0.08969733473226263,0.0,48,0.48977881936844625,2712.272579332032,25507.427837113628,27350.904484941402,0.16666666666666666
SQQQ,y2022,post,18:00,20:00,2,2,600.0,574,1.0,0.024923075265,0.0,0.9566666666666667,0.155,0.08,0.08333333333333333,0,0,3499.2844164142684,4450.0,2165.572914642651,1250.0,155786.78200038464,198560.0,95643.67972697825,54872.0,43.72348681122791,1.5525173209246204,1.0,2.0,3.5539715590225134,2.3841228503752028,4.768785270600938,1.5525173209246204,0.507247751975487,0.4329871751244053,0.0,0.0,91,0.20183663636815613,2175.2040340195263,16519.61798229016,16310.901136152605,0.16483516483516483
SQQQ,y2022,pre,04:00,09:30,2,8,2400.0,34029,1.0,0.016878547837499997,1.2100291666666665e-07,14.17875,1.6666666666666667,0.8275,0.8620833333333333,0,0,927.8155446878607,700.0,1223.9308116499217,900.0,39865.37115728133,29648.499999999996,52981.11542488468,37955.0,42.363510467466334,1.4928001078411541,1.0,2.0,3.573034742734739,2.623655352283942,5.247479525411799,1.4928001078411541,0.553786324249951,0.39964209399020384,0.0,0.0,3992,0.07816278045883304,35.430943387348336,1663.8382769448444,2584.2281509545273,0.311372745490982
SQQQ,y2022,post,16:00,20:00,2,6,1800.0,5205,1.0,0.01449778401,3.897577777777778e-07,2.8916666666666666,0.5194444444444445,0.28055555555555556,0.24666666666666667,0,0,3459.5668578455684,3700.0,1771.600285857744,1250.0,154224.21706292918,163255.0,77787.06264310512,54872.0,43.68099279508425,1.8333561979365824,2.0,3.0,4.222410002633042,4.403865565496378,7.151597448249456,1.8333561979365824,0.44262339464786077,0.43686020513896956,0.022424333683065654,0.0,929,0.1269842914433806,110.06941712522107,3661.712229601423,12794.368872789486,0.2658772874058127
SQQQ,y2022,rth,09:30,16:00,2,52,15600.0,2582027,1.0,0.0013069115414102567,9.760715576923077e-06,165.5145512820513,4.522179487179487,2.270576923076923,2.281474358974359,0,0,2456.4348949881787,2050.0,2613.6501496751503,2150.0,107836.160015113,83931.5,114905.72710950066,94768.5,43.11037620908319,1.0008746681283098,1.0,1.0,2.33595846802805,2.38338192665021,2.590352446762229,1.0008746681283098,0.9991253318716902,0.0008746681283098975,0.0,0.0,70494,0.02383340437957055,0.7675588129430098,689.6671413846562,1034.0338604796598,0.5048798479303203
SQQQ,y2023,rth,09:30,10:00,2,4,1200.0,136717,1.0,0.0010615670041666668,1.5633163333333337e-05,113.93083333333334,0.9333333333333333,0.4625,0.4708333333333333,0,0,27932.23896992897,26600.0,24296.8073295451,24150.0,586906.8528688118,556872.5,506207.7731539792,505983.5,24.442197448910957,1.0000040317254755,1.0,1.0,4.362029992595127,3.2767455441667037,5.457400101709505,1.0000040317254755,0.9999965038464428,2.960581639037471e-06,0.0,0.0,1116,0.03412911289698801,0.6556418494179795,3415.68852620121,3845.0461141034925,0.5197132616487455
SQQQ,y2023,rth,10:00,10:30,2,4,1200.0,109178,1.0,7.487718083333333e-05,0.0,90.98166666666667,0.6166666666666667,0.3075,0.30916666666666665,0,0,30236.81901078181,29200.0,27046.37240603028,24300.0,655749.0678578956,632511.0,585751.2806398788,532916.0,24.456437536130995,1.0000012656130988,1.0,1.0,4.339661734378728,5.373611460369893,5.391909356526123,1.0000012656130988,0.9999987343869011,1.2656130988742025e-06,0.0,0.0,736,0.03707583229864676,0.48977881936844625,4985.3115910566885,6572.541789412403,0.5339673913043478
SQQQ,y2023,rth,10:30,11:00,2,4,1200.0,90885,1.0,0.0036172848291666664,0.0,75.7375,0.4766666666666667,0.24083333333333334,0.23583333333333334,0,0,35058.734629622275,32400.0,31231.797888294015,29600.0,753990.6637949896,695115.0,661428.9983426144,635146.0,24.32871077694553,1.0000002830120687,1.0,1.0,4.3810087598326195,5.461227699721229,5.476118829009835,1.0000002830120687,0.9999997169879313,2.830120685955337e-07,0.0,0.0,568,0.05128613839913651,0.5732358369467713,6135.162736315812,6392.669704230458,0.5158450704225352
SQQQ,y2023,rth,11:00,11:30,2,4,1200.0,76588,1.0,0.0013484589541666665,0.0,63.82333333333333,0.3883333333333333,0.19166666666666668,0.19666666666666666,0,0,40073.44814286275,39550.0,36930.56769102284,33850.0,861691.6900272149,848790.5,801704.3066225456,729402.0,24.385053002153047,1.0000002700741841,1.0,1.0,4.383218138640139,5.490156000100668,5.497475570791024,1.0000002700741841,0.9999997299258161,2.7007418395163857e-07,0.0,0.0,462,0.0482654504415475,0.9999999999999998,7635.845681990466,9534.795695888832,0.5
SQQQ,y2023,rth,11:30,12:00,2,4,1200.0,66831,1.0,0.0003871785741666667,0.0,55.6925,0.3883333333333333,0.19083333333333333,0.1975,0,0,36293.83964581818,36900.0,33606.73047471877,31050.0,774714.2133190485,786066.0,722694.9369304449,683124.5,24.359413221109506,1.0000003215128164,1.0,1.0,4.386130148727726,5.494070598071131,5.49725451092247,1.0000003215128164,0.999999678487184,3.21512816207089e-07,0.0,0.0,462,0.04830588020397729,0.43287612810830595,7003.7935077589145,10030.532514959663,0.5324675324675324
SQQQ,y2023,rth,12:00,12:30,2,4,1200.0,63090,1.0,3.0595015e-05,0.0,52.575,0.2833333333333333,0.1425,0.14083333333333334,0,0,33935.89781346623,32850.0,33363.29884809154,32200.0,724584.839949793,702153.5,705294.6744597254,684446.0,24.325152583879845,1.0000001259563536,1.0,1.0,4.388178634207744,5.488148079111297,5.493989646452237,1.0000001259563536,0.9999998740436463,1.25956353636529e-07,0.0,0.0,336,0.04285485203974398,0.794328234724282,10676.306977510018,10917.862049729829,0.5089285714285714
SQQQ,y2023,rth,12:30,13:00,2,4,1200.0,45343,1.0,3.110033416666667e-05,0.0,37.785833333333336,0.22333333333333333,0.1075,0.11583333333333333,0,0,35884.015239169436,31050.0,31084.252987734322,25750.0,781096.9022152579,679805.5,677568.3856017218,572450.0,24.206735535287763,1.0000000750215,1.0,1.0,4.40244775883926,5.490627447115438,5.500233005259189,1.0000000750215,0.9999999249785001,7.5021499860382e-08,0.0,0.0,264,0.03845917820453537,0.46415888336127775,12255.564877362784,13570.634932890658,0.5416666666666666
SQQQ,y2023,rth,13:00,13:30,2,4,1200.0,47025,1.0,0.0003871619208333334,0.0,39.1875,0.23083333333333333,0.11666666666666667,0.115,0,0,36479.21911737873,36150.0,32426.043945780577,32100.0,787907.5557686231,785129.5,717678.739292438,709196.0,24.062027926394048,1.00000017108207,1.0,1.0,4.426657438722691,5.520729247543676,5.521024845145433,1.00000017108207,0.9999998289179304,1.7108206979609565e-07,0.0,0.0,273,0.04226686142656031,0.668343917568615,12516.992730317248,14681.111782329202,0.5128205128205128
SQQQ,y2023,rth,13:30,14:00,2,4,1200.0,39414,1.0,0.00036639745166666666,0.0,32.845,0.18333333333333332,0.09333333333333334,0.09,0,0,34423.257148426164,34150.0,32351.673756996388,33500.0,753890.9038417343,749051.0,709935.0203528994,754003.5,24.078993164781938,1.0000003515062912,1.0,1.0,4.427232373735596,5.525906688567984,5.531284952632,1.0000003515062912,0.9999996484937091,3.5150629100927e-07,0.0,0.0,216,0.038904514499428076,0.7079457843841381,16011.958080429818,17774.28505282859,0.5138888888888888
SQQQ,y2023,rth,14:00,14:30,2,4,1200.0,53508,1.0,5.0956241666666663e-05,5.460741666666666e-07,44.59,0.26,0.13083333333333333,0.12916666666666668,0,0,30909.175571047992,28950.0,29993.71635301338,27300.0,671771.2396432084,640317.0,643232.2614141743,589310.5,24.1905909123542,1.0000003596418556,1.0,1.0,4.410217988324531,5.506301319449021,5.5220611847054455,1.0000003596418556,0.9999996403581443,3.5964185572177373e-07,0.0,0.0,308,0.03597493351557423,0.7356422544596417,10918.973656098746,13456.554711517107,0.5032467532467533
SQQQ,y2023,rth,14:30,15:00,2,4,1200.0,85524,1.0,0.0004159918833333333,0.0,71.27,0.4716666666666667,0.23916666666666667,0.2325,0,0,34842.6460174632,31750.0,30033.15641085038,27850.0,756515.0444418984,700870.0,649809.7869740356,607615.5,24.53458703242959,1.0000010033765632,1.0,1.0,4.356505665759352,5.454032656439485,5.469286874027488,1.0000010033765632,0.9999989966234367,1.0033765631728707e-06,0.0,0.0,562,0.054283353142747785,0.8576958985908942,6159.192950132547,7522.717775015833,0.5071174377224199
SQQQ,y2023,rth,15:00,15:30,2,4,1200.0,67838,1.0,0.0007935542766666665,0.0,56.531666666666666,0.40166666666666667,0.1975,0.20416666666666666,0,0,29913.34026044464,28700.0,32172.81378638491,30100.0,658694.0334766628,640096.0,705075.1893952013,666771.0,24.569377312482626,1.0000004931304929,1.0,1.0,4.346923105510038,5.438215715166142,5.447343598898753,1.0000004931304929,0.9999995068695076,4.931304924779277e-07,0.0,0.0,478,0.04535933372579277,0.5787619883491207,7146.8990389246155,8983.996232183352,0.5167364016736402
SQQQ,y2023,rth,15:30,16:00,2,4,1200.0,83263,1.0,0.00023937060166666664,0.0,69.38583333333334,0.49666666666666665,0.24416666666666667,0.2525,0,0,40490.167309632496,36700.0,41785.49447784194,37650.0,860678.2319058588,787002.5,872477.326074662,793334.5,24.667150752633823,1.0000011804067215,1.0,1.0,4.342198416347449,5.456498091759023,5.464820720384835,1.0000011804067215,0.9999988195932787,1.180406721333764e-06,0.0,0.0,592,0.045708818961487506,0.5802783448666188,6025.595860743583,7634.639502629395,0.5135135135135135
SQQQ,y2023,open5,09:30,09:35,2,2,600.0,88003,1.0,0.0004578209966666667,0.0,146.67166666666665,1.4966666666666666,0.74,0.76,0,0,20306.326728677224,19450.0,18578.28321504637,17100.0,431957.93815437326,414068.0,384638.1635339886,352191.0,24.596322551057092,1.0000155479848603,1.0,1.0,4.343241834613889,5.440583848565216,5.440583848565216,1.0000155479848603,0.9999844520151391,1.5547984860591712e-05,0.0,0.0,896,0.025243109846196925,0.3826120298201575,2342.070694793828,2869.9103611321157,0.5412946428571429
SQQQ,y2023,close5,15:55,16:00,2,2,600.0,54114,1.0,0.0001977345666666667,0.0,90.19,0.81,0.395,0.415,0,0,46383.63406065525,44450.0,44388.82031989814,43850.0,1005521.9666362584,965265.0,949486.5629195456,944746.0,24.574965609493702,1.000004915810359,1.0,1.0,4.353163281261093,5.464820720384835,5.464820720384835,1.000004915810359,0.9999950841896411,4.915810358964465e-06,0.0,0.0,484,0.02937649651961531,0.6189658188912607,3583.3209961825755,6431.143848317496,0.5268595041322314
SQQQ,y2023,pre,04:00,07:00,2,2,600.0,8848,1.0,0.06447186173166666,0.0,14.746666666666666,0.8716666666666667,0.38333333333333336,0.48833333333333334,0,0,19208.6926517814,21650.0,15979.257114697528,19200.0,426219.6828010161,470764.0,349775.6326156136,427041.0,24.961560925812144,1.0164875924828418,1.0,1.0,4.335703147156895,5.4061204132399,5.4061204132399,1.0164875924828418,0.9835124075171583,0.01648759248284183,0.0,0.0,521,0.2899886180842239,41.91927791976255,2505.468165065877,9746.614100037072,0.31861804222648754
SQQQ,y2023,pre,07:00,08:00,2,2,600.0,5220,1.0,0.09548851255666667,0.0,8.7,0.4166666666666667,0.20333333333333334,0.21333333333333335,0,0,20955.850857038637,24900.0,21120.692254636146,21550.0,482837.7144523321,548596.0,455216.96487589827,471756.0,24.94681533005174,1.0004200805170615,1.0,1.0,4.271428234523987,3.239423655035031,5.3716553305363,1.0004200805170615,0.9995799194829385,0.000420080517061579,0.0,0.0,248,0.40872252384055907,65.28521141127862,4910.334874600321,15256.552867633636,0.16129032258064516
SQQQ,y2023,pre,08:00,09:00,2,2,600.0,39527,1.0,0.15616160303,1.2430666666666666e-07,65.87833333333333,2.9,1.3783333333333334,1.5216666666666667,0,0,12552.376899663095,11750.0,11289.512428468588,10350.0,283237.6683255104,262532.5,247966.32362321546,227853.0,24.972717248573204,1.000000009545668,1.0,1.0,4.267976097854521,3.2407905497303524,5.386737121241154,1.000000009545668,0.9999999904543321,9.545668004103099e-09,0.0,0.0,1738,2.7347842931333477,60.583302136651604,688.8505349357122,1632.7584414222356,0.061565017261219795
SQQQ,y2023,pre,09:00,09:30,2,2,600.0,15629,1.0,0.11196645022833335,0.0,26.048333333333332,0.9133333333333333,0.3283333333333333,0.585,0,0,14193.499004596559,13700.0,15636.418118249188,14550.0,304431.46586269775,294337.0,325867.66180187283,300915.0,24.490219889981265,1.000000799804617,1.0,1.0,4.357527485981198,5.401774017013052,5.401774017013052,1.000000799804617,0.9999992001953829,7.998046171971265e-07,0.0,0.0,546,0.5813590592902879,59.70352865838377,3299.6018502441502,6075.731660051103,0.1978021978021978
SQQQ,y2023,post,16:00,17:00,2,2,600.0,1172,1.0,0.010900581456666667,0.0,1.9533333333333334,0.10666666666666667,0.06666666666666667,0.04,0,0,21006.42702330422,24400.0,32049.657713874552,32200.0,447094.63561014633,534768.0,695527.1414788095,707170.0,24.424651511396487,1.0000121743120804,1.0,1.0,4.377749451133382,5.48095368594221,5.48095368594221,1.0000121743120804,0.9999878256879194,1.2174312080512509e-05,0.0,0.0,62,0.16218100973589306,177.8279410038922,23988.32919019492,29568.17302897335,0.22580645161290322
SQQQ,y2023,post,17:00,18:00,2,2,600.0,41,1.0,0.0,0.0,0.06833333333333333,0.016666666666666666,0.006666666666666667,0.01,0,0,8854.571809377332,4650.0,7030.750270560334,7800.0,262481.2376452849,134033.0,198652.10619752793,226522.5,24.477840256553797,1.2805001752366665,1.0,2.0,5.2819587752033925,5.480953685942212,6.5125366330184224,1.2805001752366665,0.7194998247633333,0.28050017523666665,0.0,0.0,9,3890.45144994281,14125.375446227532,64565.42290346555,28605.70914179531,0.0
SQQQ,y2023,post,18:00,20:00,2,2,600.0,395,1.0000000000000002,0.01648821525833333,2.143888333333333e-06,0.6583333333333333,0.12666666666666668,0.06333333333333334,0.065,0,0,7669.580747324576,8500.0,6832.441608667216,6850.0,205659.28436084956,226770.0,194600.74961714578,197407.0,24.386534755238472,1.141943341359157,1.0,2.0,5.051805406584299,5.4792690617999,6.510842166366522,1.141943341359157,0.8580566586408429,0.1419433413591571,0.0,0.0,74,0.14791083881682082,57.8761988349122,11481.536214968828,53575.90903853288,0.35135135135135137
SQQQ,y2023,pre,04:00,09:30,2,8,2400.0,69224,1.0,0.10702210688666668,3.1076666666666665e-08,28.843333333333334,1.2754166666666666,0.5733333333333334,0.7020833333333333,0,0,16831.760955661015,15100.0,16088.06400013846,13200.0,376500.0687293591,366560.0,346480.82099420397,354716.0,24.84327969517086,1.0090696849842844,1.0,1.0,4.313686821243598,3.2407905497303524,5.4061204132399,1.0090696849842844,0.9909303150157158,0.009069684984284305,0.0,0.0,3053,0.5411101922335014,57.581863315529894,1362.0280338689206,7300.93642434302,0.137897150343924
SQQQ,y2023,post,16:00,20:00,2,6,1800.0,1608,1.0,0.009129598905000003,7.146294444444445e-07,0.8933333333333333,0.08333333333333333,0.04555555555555556,0.03833333333333333,0,0,12505.890423963976,9700.0,15289.874774782214,12550.0,305109.13226009597,297847.5,362640.7944137354,385594.0,24.42993325133744,1.1410997580667654,1.0,2.0,4.940829759876343,5.4792690617999,6.5125366330184224,1.1410997580667654,0.8589002419332348,0.14109975806676534,0.0,0.0,145,0.16788040181225605,134.89628825916546,19498.44599758048,34634.321161461856,0.27586206896551724
SQQQ,y2023,rth,09:30,16:00,2,52,15600.0,965204,1.0,0.0006772687898076923,1.244556730769231e-06,61.87205128205128,0.41185897435897434,0.205,0.20692307692307693,0,0,34343.85143776787,30350.0,32025.019913916138,29450.0,740626.7443390305,680929.0,689149.4160423803,646172.5,24.35432935601575,1.0000007639643855,1.0,1.0,4.380956754344554,5.373611460369893,5.506301319449021,1.0000007639643855,0.999999277217018,6.816015783320223e-07,0.0,0.0,6373,0.042242996476183056,0.6037531018466211,7072.487564504672,9376.035036498808,0.5176525968931429
SQQQ,y2024,rth,09:30,10:00,2,4,1200.0,254574,1.0,4.0431258333333335e-05,0.0,212.145,0.2966666666666667,0.15,0.14666666666666667,0,0,177254.1405175343,171800.0,198795.97314142442,198550.0,1729669.6636853789,1700898.0,1960899.509750734,1980716.5,10.260839923663685,1.0000007855550943,1.0,1.0,10.031300890730222,11.696646465300326,11.750007237448116,1.0000007855550943,0.9999992144449058,7.855550943142993e-07,0.0,0.0,352,0.0611880575751822,0.5531681197617229,11677.998659214258,11727.469710891186,0.5198863636363636
SQQQ,y2024,rth,10:00,10:30,2,4,1200.0,228417,1.0,2.438083e-05,0.0,190.3475,0.22833333333333333,0.11333333333333333,0.115,0,0,220053.6234151006,211950.0,228691.0117527876,226450.0,2166834.742086515,2108259.0,2258222.889057911,2241569.0,10.211272490559125,1.0000000352158587,1.0,1.0,10.063258165810902,8.420254703655383,11.724445089424448,1.0000000352158587,0.9999999647841415,3.521585859186192e-08,0.0,0.0,270,0.057543993733715694,0.36869450645195745,14125.375446227532,14651.097133067866,0.562962962962963
SQQQ,y2024,rth,10:30,11:00,2,4,1200.0,222838,1.0,1.9783448333333335e-05,0.0,185.69833333333332,0.22,0.1075,0.1125,0,0,183774.0138200075,180800.0,233547.2386740472,231950.0,1787914.3696639694,1776053.5,2246916.0482319067,2224867.5,10.113792634322285,1.0000004699809646,1.0,1.0,10.157605265806758,8.510445302884715,11.827452298881587,1.0000004699809646,0.9999995300190354,4.6998096451080304e-07,0.0,0.0,260,0.040973210981354154,0.3311311214825911,15252.229565390155,20376.570519807236,0.5807692307692308
SQQQ,y2024,rth,11:00,11:30,2,4,1200.0,158978,1.0,3.572613833333333e-05,0.0,132.48166666666665,0.12,0.058333333333333334,0.06166666666666667,0,0,200616.215313576,215700.0,236875.97298074237,246500.0,1973910.5113172159,1941157.5,2312772.4041153616,2445051.0,10.086545349709501,1.0000001388266264,1.0,1.0,10.179598245632718,11.790378907782221,11.85578518139246,1.0000001388266264,0.9999998611733736,1.3882662640592685e-07,0.0,0.0,140,0.022387211385683402,0.46927624593488365,25118.86431509581,28691.143322474505,0.5714285714285714
SQQQ,y2024,rth,11:30,12:00,2,4,1200.0,113063,1.0,8.128850833333334e-06,0.0,94.21916666666667,0.08666666666666667,0.03916666666666667,0.0475,0,0,210373.82204113703,210300.0,203744.141244125,193100.0,2054963.9259761635,2065782.0,2057163.3509387437,2024421.5,10.151350665731249,1.0000001955865898,1.0,1.0,10.116677299820635,8.480859396042622,11.776641227971064,1.0000001955865898,0.9999998044134102,1.955865898942152e-07,0.0,0.0,100,0.06606934480075957,0.36869450645195745,28840.31503126605,35500.439202803194,0.59
SQQQ,y2024,rth,12:00,12:30,2,4,1200.0,92113,1.0,4.617275e-06,0.0,76.76083333333334,0.056666666666666664,0.029166666666666667,0.0275,0,0,222039.15801845925,211050.0,211740.59304727268,196100.0,2191010.5994742373,2172700.0,2072693.3105309517,1935988.0,10.152197171817148,1.000000161991581,1.0,1.0,10.124190009383545,8.459766631002095,11.795526666231213,1.000000161991581,0.9999998380084185,1.6199158129301196e-07,0.0,0.0,64,0.046773514128719815,0.39810717055349726,45012.52062061338,48695.483318182356,0.546875
SQQQ,y2024,rth,12:30,13:00,2,4,1200.0,106829,1.0,2.32456375e-05,0.0,89.02416666666667,0.10833333333333334,0.0525,0.05583333333333333,0,0,217987.32336612008,216700.0,225804.63308915013,229650.0,2175762.940738314,2062091.0,2221531.6806252464,2288195.0,10.14850541291426,1.0000000670565588,1.0,1.0,10.13276901865759,11.80913868774971,11.81958775548081,1.0000000670565588,0.9999999329434411,6.705655877245781e-08,0.0,0.0,126,0.06918309709189366,0.5843414133735179,22216.04091955816,32874.88040800321,0.5317460317460317
SQQQ,y2024,rth,13:00,13:30,2,4,1200.0,110637,1.0,1.693953666666667e-05,0.0,92.1975,0.10166666666666667,0.0525,0.049166666666666664,0,0,174538.53725046184,177750.0,178814.34351928072,173450.0,1791855.8120075555,1789122.5,1818166.8097604355,1890135.0,10.211579481326861,1.0000000167494505,1.0,1.0,10.124604665324979,11.956980128853578,11.957793342107514,1.0000000167494505,0.9999999832505497,1.674945039459584e-08,0.0,0.0,118,0.07413102413009175,1.3593563908785269,27542.287033381665,33712.5184608783,0.4915254237288136
SQQQ,y2024,rth,13:30,14:00,2,4,1200.0,96053,1.0,1.3158416666666668e-05,0.0,80.04416666666667,0.06,0.03,0.03,0,0,207551.17221075334,199750.0,212893.47935454777,191850.0,2031352.7820669462,2005692.0,2102641.671994801,2119666.0,10.190493450777929,1.0,1.0,1.0,10.154286062898379,12.000254832477903,12.030931613354051,1.0,1.0,0.0,0.0,0.0,68,0.07585775750291843,1.1220184543019636,40426.54873623455,49436.94777801384,0.4852941176470588
SQQQ,y2024,rth,14:00,14:30,2,4,1200.0,110399,1.0,1.6721516666666666e-05,0.0,91.99916666666667,0.08333333333333333,0.04,0.043333333333333335,0,0,190012.93019010822,173050.0,218337.7928833116,224450.0,1902360.2215533846,1854906.5,2158431.6093087923,2104428.5,10.173038843605031,1.0000002132935668,1.0,1.0,10.185989606547015,12.076282612383505,12.104375142836574,1.0000002132935668,0.9999997867064333,2.1329356659192972e-07,0.0,0.0,96,0.056667406058199116,0.39810717055349726,22733.518989206343,31313.345648929822,0.5208333333333334
SQQQ,y2024,rth,14:30,15:00,2,4,1200.0,165583,1.0,4.7573228333333334e-05,0.0,137.98583333333335,0.16666666666666666,0.07916666666666666,0.0875,0,0,199478.29929428615,185950.0,197137.87099635458,181100.0,1930527.703465305,1823020.0,1934494.8334638183,1851864.0,10.186435908677822,1.0000005319803082,1.0,1.0,10.169958956332279,12.009686591288853,12.118765018566343,1.0000005319803082,0.9999994680196922,5.319803080206672e-07,0.0,0.0,196,0.04168693834703356,0.488527357151939,16595.86907437558,23783.36166080844,0.5612244897959183
SQQQ,y2024,rth,15:00,15:30,2,4,1200.0,113921,1.0,1.1388528333333333e-05,0.0,94.93416666666667,0.095,0.045,0.05,0,0,217796.722014367,215550.0,207585.34559407143,199550.0,2119625.620757573,2102938.5,2067840.6887761021,2171560.5,10.160441354854578,1.0000000133626523,1.0,1.0,10.19581934923369,8.305671465171379,12.096488799995424,1.0000000133626523,0.9999999866373478,1.3362652180943074e-08,0.0,0.0,110,0.07356422544596415,0.4731512589614805,28183.829312644535,28399.650605263054,0.5545454545454546
SQQQ,y2024,rth,15:30,16:00,2,4,1200.0,86454,1.0,1.7526440833333333e-05,0.0,72.045,0.08333333333333333,0.03833333333333333,0.045,0,0,239044.8574680841,226000.0,198871.59840355933,194150.0,2321141.809344326,2243052.0,1967672.7524252436,1748240.0,10.165968717714707,1.000000084261477,1.0,1.0,10.182438650951404,8.308283854883594,12.065069870839963,1.000000084261477,0.999999915738523,8.426147680378785e-08,0.0,0.0,96,0.07244359600749901,0.6309573444801937,40426.54873623455,41258.0852544175,0.53125
SQQQ,y2024,open5,09:30,09:35,2,2,600.0,101353,1.0,4.9570140000000004e-05,0.0,168.92166666666665,0.41,0.20166666666666666,0.20833333333333334,0,0,152350.85118554306,148750.0,151774.4075742682,143900.0,1505725.0466293355,1471405.5,1482922.5464159355,1411316.0,10.216477437024151,1.0000007814604037,1.0,1.0,10.057880733747801,11.704815688370427,11.704815688370427,1.0000007814604037,0.9999992185395964,7.814604037682815e-07,0.0,0.0,244,0.03845917820453537,0.595662143529011,7822.279563860043,8139.0604268722545,0.5204918032786885
SQQQ,y2024,close5,15:55,16:00,2,2,600.0,87183,1.0,0.00033912205000000004,0.0,145.305,0.13,0.058333333333333334,0.07166666666666667,0,0,351671.2043173565,351300.0,312296.9266714427,307250.0,3464854.264661544,3450547.0,3103198.4747037715,3057475.0,10.19550127241081,1.0000005851317642,1.0,1.0,10.162538301689601,12.059300773700084,12.059300773700084,1.0000005851317642,0.9999994148682356,5.851317644168097e-07,0.0,0.0,76,0.022908676527677738,0.5011872336272722,28054.33637951709,30717.16463013515,0.5394736842105263
SQQQ,y2024,pre,04:00,07:00,2,2,600.0,2099,1.0,1.2005673333333334e-05,0.0,3.4983333333333335,0.016666666666666666,0.008333333333333333,0.008333333333333333,0,0,130153.24970353,118600.0,127437.32053432113,140800.0,1287003.691774012,1164068.0,1227719.1108297927,1383556.0,10.138013694632033,1.000000029480354,1.0,1.0,10.13542190175492,11.79441323686322,11.79441323686322,1.000000029480354,0.999999970519646,2.9480353931499096e-08,0.0,0.0,8,0.019054607179632477,0.6309573444801937,208929.61308540442,216238.5105718322,0.5
SQQQ,y2024,pre,07:00,08:00,2,2,600.0,1888,1.0,0.08597943433833334,0.0,3.1466666666666665,0.03666666666666667,0.025,0.011666666666666667,0,0,211166.04965431636,212150.0,154828.11570776976,138100.0,1985825.152936091,2030657.5,1491724.4116684282,1365730.0,9.986354692074139,1.0,1.0,1.0,10.27875583357431,11.771630370806115,11.771630370806115,1.0,1.0,0.0,0.0,0.0,20,1258.9254117941678,5011.872336272722,19952.62314968882,19359.32741500162,0.0
SQQQ,y2024,pre,08:00,09:00,2,2,600.0,3445,1.0,0.11550479738166668,0.0,5.741666666666666,0.105,0.03166666666666667,0.07333333333333333,0,0,155266.4279534171,143600.0,138323.64000719404,158300.0,1499167.9742468179,1433533.0,1365027.385767368,1561662.0,10.009297108536465,1.0,1.0,1.0,10.265948065885025,11.814116853159096,11.814116853159096,1.0,1.0,0.0,0.0,0.0,61,1.0232929922807537,281.8382931264457,14044.296835779463,26160.397406086067,0.09836065573770492
SQQQ,y2024,pre,09:00,09:30,2,2,600.0,16961,1.0,0.21488210934166668,0.0,28.268333333333334,0.1,0.06333333333333334,0.03666666666666667,0,0,155934.66861214204,151250.0,128516.14020196216,122400.0,1486871.1951947103,1423487.0,1240928.0224612537,1185088.5,10.115934456361282,1.0,1.0,1.0,10.155949701647378,11.76320548917606,11.76320548917606,1.0,1.0,0.0,0.0,0.0,58,154.88166189124817,4786.300923226385,27542.287033381665,23399.804561922454,0.0
SQQQ,y2024,post,16:00,17:00,2,2,600.0,6691,1.0,0.10616161914666668,0.0,11.151666666666667,0.1,0.06,0.04,0,0,110570.93363189921,103400.0,103725.07097865401,101050.0,1170308.28669828,1083158.0,1096904.6802697913,1066896.5,10.220274614074452,1.0,1.0,1.0,10.13466680966978,8.252144961215235,12.020564232504682,1.0,1.0,0.0,0.0,0.0,58,1.2302687708123825,1059.253725177288,33113.11214825908,44745.911902123415,0.06896551724137931
SQQQ,y2024,post,17:00,18:00,2,2,600.0,51,0.9999999999999998,0.0,0.0,0.085,0.0,0.0,0.0,0,0,35539.76463122667,38100.0,28749.38826960784,30100.0,394834.55027783534,423012.0,281287.24714367004,296903.0,10.225000000000001,1.0,1.0,1.0,10.129717346212713,8.247422680413663,12.012012012011759,1.0,1.0,0.0,0.0,0.0,0,,,,,
SQQQ,y2024,post,18:00,20:00,2,2,600.0,1371,1.0,0.03908356884333333,0.0,2.285,0.035,0.015,0.02,0,0,103984.32651920656,103500.0,147123.5625354551,139700.0,1075965.7774521639,1053643.5,1459157.8915622323,1373933.0,10.267563392996761,1.000004484122164,1.0,1.0,10.099640596780075,8.224735732126181,12.055455093431663,1.000004484122164,0.9999955158778361,4.484122163963869e-06,0.0,0.0,19,0.3507518739525679,1122.0184543019643,51286.13839913654,61375.05186273316,0.2631578947368421
SQQQ,y2024,pre,04:00,09:30,2,8,2400.0,24393,1.0,0.10409458668375,0.0,10.16375,0.06458333333333334,0.03208333333333333,0.0325,0,0,162662.6258110615,140950.0,137346.75057579597,145750.0,1561395.1105899329,1433533.0,1331838.734443052,1365730.0,10.062725764909526,1.0000000160801932,1.0,1.0,10.187080810099596,11.76320548917606,11.79441323686322,1.0000000160801932,0.9999999839198069,1.6080193053544964e-08,0.0,0.0,147,6.095368972401698,3043.2198871077244,23173.946499684804,32725.178173652694,0.06802721088435375
SQQQ,y2024,post,16:00,20:00,2,6,1800.0,8113,1.0,0.04841506266333334,0.0,4.5072222222222225,0.045,0.025,0.02,0,0,82070.99112946505,95300.0,92069.65351697901,97350.0,866909.5499424057,811275.5,933134.96940388,1023682.0,10.237847384383933,1.000002242061082,1.0,1.0,10.11591633736066,8.252144961215235,12.055455093431663,1.000002242061082,0.999997757938918,2.2420610819819346e-06,0.0,0.0,77,0.7481695005111552,1071.5193052376057,33884.41561392035,48716.76383343916,0.11688311688311688
SQQQ,y2024,rth,09:30,16:00,2,52,15600.0,1859859,1.0,2.1509315833333336e-05,0.0,119.22173076923077,0.13128205128205128,0.06423076923076923,0.06705128205128205,0,0,204655.5291512307,201800.0,211756.9167584097,199250.0,2013610.9341425176,2014600.5,2090726.7842271863,2094317.5,10.170189229176096,1.000000208756734,1.0,1.0,10.139884429801834,11.696646465300326,12.065069870839963,1.000000208756734,0.9999997912432663,2.087567338042648e-07,0.0,0.0,1996,0.053918664962156325,0.47764416602179377,19714.356633572563,26266.886637731146,0.5460921843687375
SQQQ,y2025,rth,09:30,10:00,3,6,1800.0,403100,1.0,0.0012571766094444444,3.1526294444444447e-06,223.94444444444446,10.435555555555556,5.127777777777778,5.361111111111111,0,0,25089.010991219482,3650.0,24563.76729810623,3350.0,505513.8564299705,174282.50000000003,492620.05901735136,162999.0,40.46838406957993,1.050564355154135,1.0,1.0,3.438721645205025,2.8531930682219597,5.5750152887476565,1.050564355154135,0.9494445592659692,0.05054652631392648,0.0,0.0,18778,0.02197452542906683,2.4633460390279405,213.53300930159764,499.68589444214865,0.47715411651933115
SQQQ,y2025,rth,10:00,10:30,3,6,1800.0,262532,1.0,0.001596101637222222,1.3918577777777778e-06,145.85111111111112,5.767222222222222,2.8294444444444444,2.9877777777777776,0,0,34218.20709265853,5250.0,34184.02332630676,6050.0,680871.9008678029,204350.0,684374.5484799268,219710.0,40.0879927733616,1.0346625979397284,1.0,1.0,3.380064638704975,2.8995163988409614,5.618787859564202,1.0346625979397284,0.9814979598757017,0.007644402669649031,0.0009879351666689006,0.0,10375,0.02471882873165041,0.4257262553604543,379.06260033400287,1077.3962802618125,0.5334939759036145
SQQQ,y2025,rth,10:30,11:00,3,6,1800.0,217002,1.0,0.0021734656472222223,0.0,120.55666666666667,3.6205555555555557,1.835,1.8138888888888889,0,0,35196.53276468248,4650.0,37650.68100505723,4850.0,707754.8776928266,243219.0,749135.3452469498,233345.0,40.101460005509594,1.0000468724289473,1.0,1.0,3.3236186114000796,2.865885444982182,5.6301121083122965,1.0000468724289473,0.9999531275710523,4.68724289474524e-05,0.0,0.0,6511,0.02384555348525356,0.6390804841860314,625.8462606055053,1307.6592530067878,0.5177392105667332
SQQQ,y2025,rth,11:00,11:30,3,6,1800.0,161946,1.0,0.0017169813477777775,0.0,89.97,2.4383333333333335,1.2405555555555556,1.2144444444444444,0,0,42927.73630194064,5550.0,38891.561771056746,7150.0,843503.7513465745,230576.0,778491.0577027122,250014.0,40.097097773751166,1.0001329864068467,1.0,1.0,3.332292996668129,2.876810801231633,5.640744799813453,1.0001329864068467,0.9998670135931533,0.00013298640684673006,0.0,0.0,4383,0.02836208114608543,0.8462525688072696,919.2874419811192,2070.7838558021617,0.5099247091033539
SQQQ,y2025,rth,11:30,12:00,3,6,1800.0,133785,1.0,0.0033338859016666662,1.343175111111111e-05,74.325,2.441666666666667,1.218888888888889,1.2283333333333333,0,0,39581.92675169212,4600.0,38266.57220009506,5250.0,782964.3932917492,242603.0,770068.3322769611,269460.0,40.03253226151645,1.000040424770102,1.0,1.0,3.3318162506144207,2.8652435863392567,5.64949409456349,1.000040424770102,0.9999596009705043,4.0373288889266324e-05,0.0,0.0,4389,0.029029496691507294,0.7695412138900599,879.1559791030098,2355.8987914813433,0.5185691501480976
SQQQ,y2025,rth,12:00,12:30,3,6,1800.0,115735,1.0,0.0015447204455555556,0.0,64.29722222222222,1.8205555555555555,0.9077777777777778,0.9211111111111111,0,0,39859.174478524044,4200.0,39400.973307376524,5000.0,781918.3916464922,247326.0,779583.7007139728,240152.5,40.03927740705858,1.0000268781831683,1.0,1.0,3.3382304039788253,2.8740865217809293,5.6610836863132175,1.0000268781831683,0.9999731218168322,2.6878183167967873e-05,0.0,0.0,3271,0.027368945483985864,0.8075006064040214,1285.5282730099045,2369.577637514041,0.5139101192295934
SQQQ,y2025,rth,12:30,13:00,3,6,1800.0,90501,1.0,0.00136579453,0.0,50.278333333333336,1.1633333333333333,0.5644444444444444,0.6044444444444445,0,0,34818.405211599944,6850.0,44440.64738594255,7150.0,717913.1043842881,269420.0,892066.7645184759,267152.0,39.97005251648054,1.0000123389780644,1.0,1.0,3.3369138641473475,2.8720553164052665,5.655798487849329,1.0000123389780644,0.9999876610219358,1.2338978064301578e-05,0.0,0.0,2088,0.023622906626344628,0.3511191734215134,1921.7801519717927,3392.4334199480945,0.5292145593869731
SQQQ,y2025,rth,13:00,13:30,3,6,1800.0,99050,1.0,0.0023104793316666666,0.0,55.02777777777778,1.4872222222222222,0.745,0.7472222222222222,0,0,37648.7013542625,7200.0,35156.38364168442,6600.0,769975.7265066968,275729.0,732604.5321218814,282666.0,40.06403700993144,1.0000148681826289,1.0,1.0,3.3255325105741833,2.845183819095235,5.645728622599041,1.0000148681826289,0.9999851318173714,1.4868182628662954e-05,0.0,0.0,2671,0.02174131028961243,0.513705583013631,1328.2543595185857,3846.8759149039765,0.5185323848745788
SQQQ,y2025,rth,13:30,14:00,3,6,1800.0,96932,1.0,0.0016181686216666664,0.0,53.85111111111111,1.32,0.6727777777777778,0.6516666666666666,0,0,38998.122637093526,6800.0,36499.48020822498,7200.0,820384.786482797,288917.0,762014.0709571105,275662.0,40.08515266831849,1.0000135600290803,1.0,1.0,3.3190501632066924,2.8323356583238257,5.637566044849629,1.0000135600290803,0.9999864399709197,1.3560029080233214e-05,0.0,0.0,2370,0.025494800206188616,0.6407176188675539,1482.4079723308166,4796.683141039916,0.5101265822784811
SQQQ,y2025,rth,14:00,14:30,3,6,1800.0,91070,1.0,0.0014337050255555557,0.0,50.59444444444444,1.298888888888889,0.6455555555555555,0.6611111111111111,0,0,40871.3535903365,7400.0,37355.344325027436,7400.0,839353.7096121194,282009.0,782629.05576652,302043.0,40.161793715011044,1.0000152209896316,1.0,1.0,3.3126712426166893,2.8115795224520452,5.6400754450062465,1.0000152209896316,0.9999847790103684,1.5220989631550903e-05,0.0,0.0,2332,0.026082191906550485,0.7323284097276901,1400.303654470962,3556.4680522561794,0.5085763293310464
SQQQ,y2025,rth,14:30,15:00,3,6,1800.0,77668,1.0,0.0021715103888888887,0.0,43.14888888888889,1.05,0.5361111111111111,0.5216666666666666,0,0,43048.94003482327,8050.0,31637.519075737026,7250.0,882606.9724613321,289884.0,679552.7909212674,308568.0,40.099000229849175,1.000010052764683,1.0,1.0,3.313603625034674,2.8181072764473436,5.625981290768866,1.000010052764683,0.999989947235317,1.0052764682946063e-05,0.0,0.0,1884,0.025227061541670762,0.8624109968952766,2014.199872323743,4760.3490521628255,0.5047770700636943
SQQQ,y2025,rth,15:00,15:30,3,6,1800.0,67760,1.0,0.0014748660794444445,0.0,37.644444444444446,0.7222222222222222,0.365,0.35944444444444446,0,0,46639.815927488315,8650.0,34321.787609157975,7800.0,995312.987503259,320115.0,746554.5163925991,311199.0,39.93767828817484,1.0000047072069442,1.0,1.0,3.3210842592242864,2.843232690875235,5.62316986850323,1.0000047072069442,0.9999952927930558,4.707206944295522e-06,0.0,0.0,1294,0.01929992207692959,0.31087986351810015,2833.398713044846,6788.736840423309,0.5332302936630603
SQQQ,y2025,rth,15:30,16:00,3,6,1800.0,96934,1.0,0.0005092207066666667,1.7691e-07,53.852222222222224,1.5505555555555555,0.8038888888888889,0.7555555555555555,0,0,39204.10806510774,8250.0,29702.53519097341,8900.0,822968.7199580598,310978.0,651660.6467902537,329020.0,40.02606570724262,1.0000793572438353,1.0,1.0,3.3139715923741755,2.819074625648424,5.619316222728685,1.0000793572438353,0.9999337862908944,5.308142288363945e-05,0.0,0.0,2785,0.020388017608333846,0.2528955435889321,1190.6421418438524,3799.537467460493,0.5712746858168761
SQQQ,y2025,open5,09:30,09:35,3,3,900.0,217275,1.0,0.00150782221,3.204403333333333e-06,241.41666666666666,13.712222222222222,7.09,6.736666666666666,0,0,15467.420835559711,3600.0,15096.779260598158,2500.0,336863.00198002224,126792.0,321743.63443783135,170475.0,40.42139048183377,1.0804576831048631,1.0,1.0,3.5099562990090507,2.848099256170526,5.567196808717739,1.0804576831048631,0.9195611238284691,0.0804200692381985,0.0,0.0,12338,0.022508772745663007,2.618806729655827,169.95848734170397,368.8347311867471,0.4717944561517264
SQQQ,y2025,close5,15:55,16:00,3,3,900.0,85348,1.0,0.0011260265566666666,3.3611366666666667e-06,94.83111111111111,2.1622222222222223,1.1533333333333333,1.0266666666666666,0,0,53077.89655155992,8200.0,52494.03089133036,8600.0,1084772.2291948532,375424.00000000006,1080236.6847229612,308568.0,40.06059441707704,1.0001884487005324,1.0,1.0,3.308802778092868,2.8323529866201524,5.597636698216125,1.0001884487005324,0.999811551299468,0.0001884487005320945,0.0,0.0,1943,0.014569260211342193,0.2909042056772762,1088.670742754125,3337.082170587604,0.564076170869789
SQQQ,y2025,pre,04:00,07:00,3,3,900.0,4738,1.0,0.014980946792222222,0.0,5.264444444444444,0.2777777777777778,0.12777777777777777,0.15,0,0,13594.194006325124,400.0,9156.98544074518,400.0,256010.37769756472,14047.999999999998,182009.93568672935,14052.000000000002,40.38924932456986,1.2361949671329877,1.0,2.0,3.825122842134833,2.977189574871213,5.693658242275506,1.2361949671329877,0.7645282084790443,0.2347486159089237,0.0,0.0,247,1.1028082338495522,1012.874308821193,6008.277736476713,5690.114986558455,0.0931174089068826
SQQQ,y2025,pre,07:00,08:00,3,3,900.0,11898,1.0,0.06120708721444444,0.0,13.22,0.9244444444444444,0.44222222222222224,0.4822222222222222,0,0,13184.777495523555,1700.0,13651.54808167244,1700.0,270818.60118232743,114291.0,283928.09981725935,114274.0,41.10281249098046,1.3476114180218202,1.0,2.0,4.048636167282144,5.570752870785587,5.674868901008966,1.3476114180218202,0.6840550973188589,0.284280556196489,0.0,0.0,829,0.1129996044029097,87.94897234433876,2634.3087030414863,5675.451358446189,0.2376357056694813
SQQQ,y2025,pre,08:00,09:00,3,3,900.0,12438,1.0,0.07490738557,0.0,13.82,0.7122222222222222,0.2911111111111111,0.43222222222222223,0,0,23162.652279923757,1000.0,18694.310187681385,5100.0,458907.1197150172,40194.0,411742.96374179114,221133.00000000003,40.80310935048909,1.08283995576726,1.0,1.0,3.4277278535248668,2.815482720297353,5.572582892169406,1.08283995576726,0.9171600442327401,0.08283995576725994,0.0,0.0,638,0.18559720367285215,100.00000000000001,2956.4410974412544,4775.315912175695,0.21316614420062696
SQQQ,y2025,pre,09:00,09:30,3,3,900.0,34173,1.0,0.08173691183444444,1.041441111111111e-06,37.97,4.127777777777778,1.9677777777777778,2.1655555555555557,0,0,19101.741499491025,3500.0,17630.84640883024,4600.0,412066.93020975345,239295.00000000003,383335.6886814274,177944.0,42.10062585124104,1.2715209698466594,1.0,2.0,3.581337083975044,2.9250322469679135,5.57149460551275,1.2715209698466594,0.7356883158423623,0.25718325788395086,2.5756721716167605e-05,0.0,3712,0.08744083289366414,11.397725198066281,367.93677370679325,2552.3543261176437,0.2990301724137931
SQQQ,y2025,post,16:00,17:00,3,3,900.0,4218,1.0,0.11849268386444445,0.0,4.6866666666666665,0.89,0.44,0.4533333333333333,0,0,19007.312701964896,3100.0,19275.000713504567,2800.0,408632.5381523884,207824.00000000003,418002.3300173836,187795.99999999997,43.127779971035125,1.2439652778335677,1.0,2.0,3.605413781072061,2.8186424815766578,5.636475982183466,1.2439652778335677,0.7775724342688597,0.20582284368936496,0.00018845508301929784,0.0,798,0.09155175347114672,80.00644989442615,1967.189301529818,5821.93180660102,0.2531328320802005
SQQQ,y2025,post,17:00,18:00,3,3,900.0,66,1.0,7.763522222222222e-07,0.0,0.07333333333333333,0.02666666666666667,0.011111111111111112,0.015555555555555555,0,0,887.2705544393556,600.0,1767.5603854944331,1800.0,27144.09442716189,26844.0,64589.21108002479,63774.0,40.16009757828111,2.176061718910351,2.0,4.0,5.7656704638319,5.579158183702435,11.293941563028971,2.176061718910351,0.43732689983193274,0.11198848760362233,0.01738555916731749,0.0,21,0.4027170343254591,2985.382618917961,49545.01908047908,51286.42188590947,0.2857142857142857
SQQQ,y2025,post,18:00,20:00,3,3,900.0,2132,1.0,0.04859164636777778,0.0,2.368888888888889,0.3466666666666667,0.18333333333333332,0.16444444444444445,0,0,8915.497876349586,2700.0,6931.524602315605,1400.0,207838.06474382346,180954.0,150535.88565423005,93856.00000000001,41.348104467688295,1.3084625264542893,1.0,2.0,3.8065611969680875,2.984044602933925,5.594263670490234,1.3084625264542893,0.6961597963823883,0.2993228466485893,0.0,0.0,309,0.3747572125493982,348.0700588428416,6039.486293763808,9634.220121347595,0.14563106796116504
SQQQ,y2025,pre,04:00,09:30,3,12,3600.0,63247,1.0,0.05820808285277779,2.6036027777777777e-07,17.56861111111111,1.5105555555555557,0.7072222222222222,0.8075,0,0,17184.35232258106,1850.0,14684.64036429781,3950.0,347564.8472078319,92495.5,312897.21106345067,179522.5,41.08585748360977,1.2317812291111585,1.0,2.0,3.771345652581641,2.977189574871213,5.674868901008966,1.2317812291111585,0.7750261681654386,0.21817417975136277,2.3415201560152362e-06,0.0,5426,0.10159562350744028,22.73998235992406,1029.634122490454,4767.9628221066005,0.27018061186877995
SQQQ,y2025,post,16:00,20:00,3,9,2700.0,6416,1.0,0.055695035528148154,0.0,2.3762962962962964,0.4211111111111111,0.2114814814814815,0.2111111111111111,0,0,9221.821061244418,1700.0,8949.553560431874,2000.0,206534.80191236985,39028.0,203423.82098395267,93856.00000000001,41.48252114583741,1.5092380124131244,1.0,3.0,4.246051659710035,4.469273743016931,5.636475982183466,1.5092380124131244,0.6518047317163922,0.2291142561475415,0.004393503562584197,0.0,1128,0.10817269431802276,109.07766915109556,3483.926350357878,12541.578326964562,0.22429078014184398
SQQQ,y2025,rth,09:30,16:00,3,78,23400.0,1914015,1.0,0.0017312366363675213,1.3963960256410258e-06,81.79551282051283,2.7012393162393162,1.3455555555555556,1.3713675213675214,0,0,38315.07818267043,6700.0,35543.05625444974,6750.0,780845.9144748402,281610.0,730860.1312146609,270665.0,40.0900501457694,1.0065886810014713,1.0,1.0,3.337508879485688,2.8531930682219597,5.6447141566160495,1.0065886810014713,0.994656307422623,0.004506677191828734,7.6005300576467e-05,0.0,63131,0.023638490167075366,0.7672339248666402,667.5159753785242,2831.250103597221,0.5096545278864583
SQQQ,y2026,rth,09:30,10:00,1,2,600.0,168708,1.0,0.0013686400800000003,0.0,281.18,14.2,7.15,7.066666666666666,0,0,1400.0851442299725,750.0,1152.397811121906,700.0,107603.29014973836,57688.0,88588.20188231276,53921.0,76.86704685653945,1.001500870841989,1.0,1.0,1.3029026607137497,1.3010081612894928,1.3010081612894928,1.001500870841989,0.9984991291580105,0.0015008708419892577,0.0,0.0,8518,0.02193721211788191,0.5374736070818417,232.6794298075779,294.06672787450697,0.5124442357360883
SQQQ,y2026,rth,10:00,10:30,1,2,600.0,174275,1.0,0.0008620502050000001,0.0,290.4583333333333,16.125,8.07,8.076666666666666,0,0,1349.8328074101769,950.0,1061.3229979200948,700.0,103710.09591538073,73118.0,81502.77432331977,53784.5,76.81176448019312,1.0024236916105165,1.0,1.0,1.3050503883567786,1.3044239455632425,1.3044239455632425,1.0024236916105165,0.9975770445507582,0.002422233276692746,0.0,0.0,9673,0.022008180264600215,0.6021670409600601,200.15447926955756,261.0140467488887,0.5123539749819084
SQQQ,y2026,rth,10:30,11:00,1,2,600.0,142130,1.0,0.0009743553450000001,0.0,236.88333333333333,9.393333333333333,4.703333333333333,4.696666666666666,0,0,1489.4255202247773,1650.0,1409.5370134858986,950.0,113115.65916125146,125270.50000000001,107025.61507173322,72129.5,75.93854259295667,1.0003999821864478,1.0,1.0,1.3173826816952814,1.3170014640675216,1.3170014640675216,1.0003999821864478,0.9996007331872468,0.00039855143905823413,0.0,0.0,5634,0.0216299581563517,0.5035479315420919,348.43168973682623,444.7841738766603,0.514022009229677
SQQQ,y2026,rth,11:00,11:30,1,2,600.0,165116,1.0,0.0009542563883333335,0.0,275.1933333333333,9.643333333333333,4.843333333333334,4.808333333333334,0,0,1632.6872719168769,1150.0,1564.116926261485,1100.0,125634.15262502748,88280.0,120264.51356606887,84695.0,76.93737717653637,1.0001653151980836,1.0,1.0,1.2999859994242013,1.3027411357369418,1.3027411357369418,1.0001653151980836,0.9998346848019162,0.00016531519808386132,0.0,0.0,5784,0.022602810114282598,0.5207948328595464,351.25008528054127,441.9033686387575,0.5122752420470262
SQQQ,y2026,rth,11:30,12:00,1,2,600.0,136945,1.0,0.0006656202149999999,6.149124999999999e-06,228.24166666666667,6.79,3.388333333333333,3.4133333333333336,0,0,1788.2840806751076,1300.0,1750.474960685526,1200.0,137678.70409296337,100034.0,134745.37595497994,92454.0,76.98057114899052,1.0001500277290283,1.0,1.0,1.2992252442139085,1.2998356581032575,1.2998356581032575,1.0001500277290283,0.9998499722709714,0.0001500277290285103,0.0,0.0,4072,0.02367327664095132,0.5383125225570768,479.1860888805249,680.4328150702871,0.513015717092338
SQQQ,y2026,rth,12:00,12:30,1,2,600.0,155559,1.0,0.00097091882,5.2496416666666664e-06,259.265,10.371666666666666,5.208333333333333,5.175,0,0,1678.339285511159,1100.0,1600.1403389062477,1050.0,128974.64046395403,84369.5,122930.80909492994,80815.5,76.79804124039836,1.0007027648018356,1.0,1.0,1.3030451197956452,1.3056344073322141,1.3056344073322141,1.0007027648018356,0.9992973053866804,0.0007026244248038843,0.0,0.0,6221,0.022830150368134083,0.4949157216879157,303.9352452411043,515.2916825602053,0.5233885227455393
SQQQ,y2026,rth,12:30,13:00,1,2,600.0,89730,1.0,0.0019520105616666664,0.0,149.55,4.001666666666667,1.9833333333333334,2.0233333333333334,0,0,2115.510993579623,1950.0,2030.543151759154,1550.0,161901.08876933617,149340.0,155341.33140320692,118721.5,76.51685813797788,1.0000500558128087,1.0,1.0,1.306969218451406,1.3077597391082278,1.3077597391082278,1.0000500558128087,0.9999499441871914,5.0055812808608445e-05,0.0,0.0,2399,0.02211165309128201,0.4677351412871987,814.1449894029329,1150.025632678595,0.5122967903293039
SQQQ,y2026,rth,13:00,13:30,1,2,600.0,95368,1.0,0.0002758498733333333,0.0,158.94666666666666,4.091666666666667,2.058333333333333,2.0483333333333333,0,0,2140.585321191876,2300.0,1919.8695168080278,1450.0,164280.95331461867,176533.0,147324.5563997728,111342.5,76.74256204863289,1.0000456932511443,1.0,1.0,1.3031195841791492,1.3032414439957707,1.3032414439957707,1.0000456932511443,0.9999543067488558,4.5693251144206896e-05,0.0,0.0,2453,0.023130250056617525,0.7498942093324532,813.7083076528436,1051.6917166708383,0.5046881369751325
SQQQ,y2026,rth,13:30,14:00,1,2,600.0,97756,1.0,0.0014898023466666667,2.363142e-05,162.92666666666668,4.858333333333333,2.4133333333333336,2.4616666666666664,0,0,2361.788555579073,2400.0,1709.4326913287343,1250.0,179990.67758444516,182809.5,130260.49354902444,95359.0,76.19797531474326,1.0000871709875159,1.0,1.0,1.3124875568521963,1.3114378346140716,1.3133088419442023,1.0000871709875159,0.9999137165173304,8.539597782304182e-05,0.0,0.0,2913,0.023056273522430903,0.4770582696143933,717.1334826577221,1011.2411758736523,0.5224854102300034
SQQQ,y2026,rth,14:00,14:30,1,2,600.0,78456,1.0,0.0008878451466666666,0.0,130.76,3.33,1.6366666666666667,1.7,0,0,2169.6938652048084,2300.0,1908.1959881104328,1500.0,165984.77740620662,175877.0,145989.21793406276,114774.0,76.50235881354116,1.00002375007639,1.0,1.0,1.3071813236542982,1.3073826375461008,1.3073826375461008,1.00002375007639,0.9999762499236099,2.3750076390055737e-05,0.0,0.0,1996,0.022774611661663998,0.38805107322101834,984.481472151438,1226.8427746281973,0.5125250501002004
SQQQ,y2026,rth,14:30,15:00,1,2,600.0,51557,1.0,0.0007196811966666667,4.44157e-06,85.92833333333333,2.1633333333333336,1.085,1.08,0,0,2812.111150952969,2750.0,2280.7535737122143,1650.0,215840.72182963035,211140.0,175073.39783848415,126725.0,76.7576080776919,1.0000195345921095,1.0,1.0,1.3028283325442462,1.302752541062764,1.3028532783218354,1.0000195345921095,0.9999810814156223,1.8302576645771127e-05,0.0,0.0,1296,0.02281577861244746,0.42169650342858217,1522.760416345665,1974.58670354205,0.5146604938271605
SQQQ,y2026,rth,15:00,15:30,1,2,600.0,74614,1.0,0.000368692405,4.38304e-06,124.35666666666667,3.08,1.5516666666666667,1.53,0,0,2692.970000256384,3150.0,2731.984150381303,2550.0,207971.5096893623,243138.0,211001.54051076874,197052.0,77.23333486872454,1.0000307473544165,1.0,1.0,1.2948221566498366,1.2970267749154014,1.2970267749154014,1.0000307473544165,0.9999692526455837,3.074735441626465e-05,0.0,0.0,1846,0.02186820236395887,0.37087774117744726,1077.4098765549454,1249.9554555865782,0.5173347778981582
SQQQ,y2026,rth,15:30,16:00,1,2,600.0,90270,1.0,0.0006106413133333333,3.734623333333333e-06,150.45,4.628333333333333,2.2983333333333333,2.3566666666666665,0,0,3255.732698069412,3000.0,3061.7109538519085,3000.0,250877.245795979,231300.0,235940.29973529826,231211.0,77.05673465297744,1.0011529918120912,1.0,1.0,1.299240213134587,1.2978368472309916,1.2978368472309916,1.0011529918120912,0.9989454942737234,0.0009560196404620842,0.0,0.0,2775,0.021793208200258547,0.3950632813983239,742.8404123277546,1170.2319531899338,0.5308108108108108
SQQQ,y2026,open5,09:30,09:35,1,1,300.0,73761,1.0,0.00099287974,0.0,245.87,30.35,16.55666666666667,13.903333333333334,0,0,1059.2406123564608,400.0,639.4422459999536,300.0,80698.75869988122,30468.0,48728.830573634936,22902.0,76.18786976216958,1.1764820729713923,1.0,2.0,1.5441812234179508,1.3125503744749774,2.6250977730513974,1.1764820729713923,0.8468071170935845,0.13143679740990455,5.1232093974811955e-05,0.0,9104,0.03638388672506996,3.1356694530935676,98.60099069387933,153.34941680946304,0.41102811950790863
SQQQ,y2026,close5,15:55,16:00,1,1,300.0,41475,1.0,0.0008292176399999999,0.0,138.25,3.71,1.84,1.8933333333333333,0,0,3831.5604253711103,3800.0,3057.303331734839,2600.0,295243.6569913719,292980.0,235590.77673681668,200486.0,77.0513403610167,1.0001470701331487,1.0,1.0,1.2980280468117518,1.2978368472309916,1.2978368472309916,1.0001470701331487,0.9998529298668514,0.0001470701331487244,0.0,0.0,1112,0.020354791899887936,0.32934195473009564,913.6276419918156,1329.267332818097,0.5341726618705036
SQQQ,y2026,pre,04:00,07:00,1,1,300.0,9152,1.0,0.04552437968,1.3522633333333333e-06,30.506666666666668,4.216666666666667,1.91,2.39,0,0,635.9436519120108,300.0,933.228352992942,1100.0,48393.54793009465,22836.0,71053.40513285038,83776.0,76.13139409408461,1.0095230902297379,1.0,1.0,1.3260246782764196,1.3135216819690663,1.3135216819690663,1.0095230902297379,0.990476909770262,0.009523090229737888,0.0,0.0,1264,0.02299323087021224,2.4173154808041044,779.8301105232589,1187.4302999720946,0.4509493670886076
SQQQ,y2026,pre,07:00,08:00,1,1,300.0,6135,1.0,0.009171954053333336,8.886766666666667e-07,20.45,2.7066666666666666,1.49,1.67,0,0,680.8747804895877,300.0,598.5875322245681,300.0,51751.53940863355,22812.000000000004,45507.099461716665,22803.0,76.02083102463487,1.1064789407105278,1.0,2.0,1.4554946432402436,1.3154287622727288,2.6308619691126416,1.1064789407105278,0.8937589205601665,0.1060032181691392,0.0,0.0,811,0.03514868575181963,2.0733215734859565,1182.133886150595,2123.999286659748,0.45006165228113443
SQQQ,y2026,pre,08:00,09:00,1,1,300.0,14812,1.0,0.01726160443,9.752e-07,49.373333333333335,5.39,3.223333333333333,3.09,0,0,421.1689895898142,300.0,672.4294934166658,300.0,31805.621416092243,22665.0,50790.10755236046,22668.0,75.52458858673411,1.0217727409477066,1.0,1.0,1.3529079698192013,1.3240654533287355,1.3240654533287355,1.0217727409477066,0.978236176364777,0.021754906322739544,0.0,0.0,1616,0.03711280754583967,2.818382931264456,550.4454494074465,1228.121528647976,0.4238861386138614
SQQQ,y2026,pre,09:00,09:30,1,1,300.0,11041,1.0,0.06318345132,1.9938833333333334e-06,36.803333333333335,5.6033333333333335,4.046666666666667,1.66,0,0,812.2128732501919,600.0,726.9497668299426,500.0,61966.689921904945,45768.0,55472.30855968497,38145.0,76.29997801557094,1.0007287083053644,1.0,1.0,1.311571613390383,1.3106165578923592,1.3106165578923592,1.0007287083053644,0.9992712916946356,0.0007287083053644873,0.0,0.0,1680,0.053880122125259874,3.050527890267027,526.5366081044872,1229.7456710647307,0.36488095238095236
SQQQ,y2026,post,16:00,17:00,1,1,300.0,618,1.0,9.171166666666668e-07,0.0,2.06,0.5133333333333333,0.18,0.3333333333333333,0,0,1940.6532535757763,2100.0,1756.3454923177235,2100.0,149536.35681066534,161847.0,135366.76125381523,161847.0,77.06266059201738,1.6972875641040466,2.0,2.0,2.2024501870959505,2.5952109208141176,2.5952109208141176,1.6972875641040466,0.33872462359333094,0.6257434084830422,0.0,0.0,153,0.17080477200597083,96.23506263980894,5288.510041882382,10262.368845410123,0.23529411764705882
SQQQ,y2026,post,17:00,18:00,1,1,300.0,30,1.0000000000000002,0.0,0.0,0.1,0.08666666666666667,0.016666666666666666,0.07,0,0,664.508746126,800.0,571.90921917,400.0,51186.84594071421,61624.0,44071.78685366202,30820.0,77.04140816330879,2.75939019782,2.0,5.0,3.5816192230154713,2.596104555026389,6.4897138036208935,2.75939019782,0.07271359616,0.5425029955766667,0.17031612711999997,0.0,25,0.17782794100389243,4466.8359215096325,23713.737056616566,21024.21653861077,0.24
SQQQ,y2026,post,18:00,20:00,1,1,300.0,942,1.0,0.012328282476666666,0.0,3.14,0.7533333333333333,0.33,0.4266666666666667,0,0,1029.8188943932214,600.0,356.1363955404445,100.0,79673.65399219391,46398.0,27574.888941854726,7743.000000000001,77.3855154378538,2.107128107642204,2.0,3.0,2.7229134036663916,2.584251683592007,3.876908347173893,2.107128107642204,0.22098030292625415,0.4636237256223572,0.00016042149821195368,0.0,225,0.588843655355589,281.8382931264452,3214.717816357383,4585.440624704046,0.12444444444444444
SQQQ,y2026,pre,04:00,09:30,1,4,1200.0,41140,1.0,0.03378534737083333,1.3025058333333332e-06,34.28333333333333,4.479166666666667,2.6675,2.2025,0,0,635.577132680664,300.0,731.1216460724349,400.0,48326.567384711605,22824.0,55574.92093960311,30474.0,75.98961704780938,1.0285791466363874,1.0,1.0,1.3531386281061624,1.3135216819690663,1.3240654533287355,1.0285791466363874,0.9714657221969177,0.028489408969777207,0.0,0.0,5371,0.03340027172570386,2.713416637108937,686.332640460046,1394.7737716821239,0.4157512567492087
SQQQ,y2026,post,16:00,20:00,1,3,900.0,1590,1.0,0.004109733197777778,0.0,1.7666666666666666,0.45111111111111113,0.17555555555555555,0.27666666666666667,0,0,1212.4104220473753,800.0,897.0194928454674,400.0,93522.51267137325,61624.0,69175.41311912607,30820.0,77.16227738090487,2.1677334943021136,2.0,3.0,2.8074740543610517,2.5952109208141176,3.8937673267101007,2.1677334943021136,0.21334970640145984,0.5238734638261059,0.042659242529105974,0.0,403,0.26915348039269177,238.38159828245196,5420.008904016242,10949.681024126003,0.17369727047146402
SQQQ,y2026,rth,09:30,16:00,1,26,7800.0,1520484,1.0,0.0009307972228205127,3.660724615384615e-06,194.93384615384616,7.128974358974359,3.5684615384615386,3.572051282051282,0,0,2068.306282860276,1700.0,1860.1272650050903,1300.0,158741.35346654846,129684.5,142775.41648941603,99593.0,76.71859451542144,1.000519417771372,1.0,1.0,1.3041710814371428,1.3028532783218354,1.3133088419442023,1.000519417771372,0.9994883931911053,0.0005037969225509916,0.0,0.0,55580,0.02227756932633241,0.5187611711473841,413.3027657249864,726.8305642635667,0.5151493342929111
QQQ,last12m,rth,09:30,10:00,2,4,1200.0,508631,1.0,0.00018600077583333336,7.934108333333334e-06,423.8591666666667,121.43666666666667,62.585,58.9375,0,0,211.57715186600615,120.0,249.6500355292559,160.0,143141.28292274283,89327.4,170525.66564225138,108993.6,681.741634261274,2.2281923130047896,2.0,3.0,0.3285229957030009,0.32311816573462215,0.48432783153241016,2.2281923130047896,0.16700052732375542,0.47930229652369116,0.0015111080223926202,0.0,145720,0.04009538846313846,0.87403142270157,22.300229906540718,41.32021406015691,0.5167650288223992
QQQ,last12m,rth,10:00,10:30,2,4,1200.0,559944,1.0,0.00022471875499999996,5.6986275e-06,466.62,119.36,57.505,61.93,0,0,282.30922565199705,220.0,371.8876765499146,240.0,184951.83389030013,143846.6,250593.59874994436,158668.8,681.7471421106106,2.4160323266355697,2.0,4.0,0.35451600265410516,0.32221099636630324,0.5389458525244128,2.4160323266355697,0.20261527933732124,0.4056627764251209,0.03761498145890399,0.0,143228,0.040378521970072995,1.1107989461979677,23.61879130213372,37.834645344911834,0.4859105761443293
QQQ,last12m,rth,10:30,11:00,2,4,1200.0,405650,1.0,0.0009916973341666667,9.934390166666665e-05,338.0416666666667,69.445,36.4475,33.04666666666667,0,0,294.2896161998183,180.0,394.7753803077742,280.0,194182.34701990345,119164.20000000001,264198.6645048216,186108.4,681.7594763895114,1.932343992220659,2.0,3.0,0.27546818351388025,0.2696170546726509,0.40450228188203785,1.932343992220659,0.4527008613372174,0.21544663773755973,0.0014973848252569303,0.0,83330,0.020251283560728212,0.6866254298146327,42.83121907297229,84.12783094370226,0.537777511100444
QQQ,last12m,rth,11:00,11:30,2,4,1200.0,356451,1.0,0.0003018756083333334,0.00017528900666666667,297.0425,61.0975,30.8025,30.340833333333332,0,0,418.1710934521112,260.0,365.77742307669143,260.0,281879.803243549,171193.8,242467.36670993007,173691.2,682.3533278252188,1.7529432245596972,2.0,3.0,0.25162008615073755,0.268887396280444,0.40357466397543357,1.7529432245596972,0.4676672934765401,0.320661342008304,4.4185071886148494e-05,0.0,73313,0.01799461609051463,0.2843338879125804,48.9875149757842,105.12632967321456,0.5913003150873651
QQQ,last12m,rth,11:30,12:00,2,4,1200.0,289972,1.0,0.00022827547166666667,4.4546666666666666e-07,241.64333333333335,48.83833333333333,23.929166666666667,24.948333333333334,0,0,371.23505035009157,300.0,432.0580776869429,320.0,242925.9164747695,196340.6,291128.34405468695,211055.6,682.1723888507232,1.638913073856933,1.0,3.0,0.2359400227332794,0.1606648836530387,0.4042034573762372,1.638913073856933,0.5176538838278731,0.3297505453491498,8.892528074031903e-06,0.0,58602,0.019792153729858434,0.39561086630289777,60.83157097466524,131.29332710462995,0.5777447868673424
QQQ,last12m,rth,12:00,12:30,2,4,1200.0,304029,1.0,0.00028498301583333333,2.0012616666666665e-06,253.3575,49.40083333333333,24.686666666666667,24.786666666666665,0,0,364.8908038065635,260.0,319.5621006684434,260.0,243893.1028990259,171443.6,211416.44431236928,171607.4,683.4601938636889,1.7013029761670897,2.0,3.0,0.24367245109256186,0.26830113345334294,0.4025413299530177,1.7013029761670897,0.4852892597942679,0.33229700475915885,3.994297300524914e-05,0.0,59277,0.02125437503574264,0.8884973288254376,59.52058553347007,113.39953041418215,0.5109570322384736
QQQ,last12m,rth,12:30,13:00,2,4,1200.0,160706,1.0,0.00025019506833333333,0.00011301501916666667,133.92166666666665,20.135,9.773333333333333,10.411666666666667,0,0,375.0994171172791,280.0,423.18612462205283,300.0,242682.50329285616,181618.40000000002,289708.89843364345,201423.0,683.549809571438,1.8502947267704466,1.0,3.0,0.2627883848189844,0.160668647457343,0.40291571841520407,1.8502947267704466,0.5077654660876995,0.20149087417637315,0.0016706417397658146,0.0,24158,0.018939646948098226,0.8823356011328226,152.5626683025228,263.14935798776634,0.5079890719430417
QQQ,last12m,rth,13:00,13:30,2,4,1200.0,126258,1.0,0.00019899045833333335,8.406775000000001e-07,105.215,13.645,6.8775,6.776666666666666,0,0,383.3965892206319,300.0,514.7199863697457,380.0,252334.7995753698,196615.0,350833.7623762754,283194.8,683.9298767751003,1.9027146913245996,2.0,3.0,0.2699528292690707,0.2684033107469837,0.40272706254688917,1.9027146913245996,0.475221990430955,0.2034089992530257,0.0004971303396204233,0.0,16370,0.01696402819115035,0.7981638429125916,229.34740319497692,377.71654232907855,0.5142944410507025
QQQ,last12m,rth,13:30,14:00,2,4,1200.0,121965,1.0,0.0002237053225,9.980946083333335e-05,101.6375,15.2825,7.3475,7.960833333333333,0,0,455.78592436753485,300.0,611.4096829732483,640.0,309578.99406950455,196622.6,408202.50954700686,440059.2,683.9141851619028,1.7426462791684318,1.0,3.0,0.24784309389067377,0.16052407272801786,0.40265324376262607,1.7426462791684318,0.5252061676720401,0.24143967914798728,0.0013771052330677697,0.0,18335,0.018428577071940875,1.1456622516107484,197.34792215577673,349.0870456660946,0.4914644123261522
QQQ,last12m,rth,14:00,14:30,2,4,1200.0,82749,1.0,0.0009884925449999999,0.0,68.9575,8.631666666666666,4.184166666666667,4.49,0,0,307.49358917079724,240.0,666.3809790058771,640.0,204581.79371329557,156892.8,445417.01384967513,423255.2,684.2634538394666,1.5133578079460712,1.0,2.0,0.21731994964330223,0.16044761509290198,0.3208885216210015,1.5133578079460712,0.5853492582396587,0.31758755626091456,1.8907840259138223e-06,0.0,10354,0.01728231994157679,0.5048997180867991,346.49499814104746,689.1807096315741,0.5410469383813019
QQQ,last12m,rth,14:30,15:00,2,4,1200.0,89555,1.0,0.0004320598441666667,3.7303333333333336e-08,74.62916666666666,9.355833333333333,4.713333333333333,4.656666666666666,0,0,371.55263976045325,300.0,592.7504789611384,580.0,246770.77728511396,196709.4,388008.0275443767,378594.6,684.1100328296031,1.6076295818765638,1.0,3.0,0.2296866832784646,0.16039743178716295,0.40271807413539873,1.6076295818765638,0.559272101817373,0.28217560957849247,0.0,0.0,11223,0.01822712135560886,1.6402851565187566,320.5222693496311,528.351408766142,0.4775906620333244
QQQ,last12m,rth,15:00,15:30,2,4,1200.0,100436,1.0,0.00022762758583333334,8.592666666666667e-07,83.69666666666667,9.536666666666667,4.8925,4.663333333333333,0,0,403.43024795392483,320.0,646.3123404525685,700.0,272522.6103554721,211683.19999999998,430716.747383745,468060.0,684.1800925002989,1.521049933152554,1.0,3.0,0.2177746160746933,0.16031285225123873,0.40297113895211684,1.521049933152554,0.5989480218349872,0.28392211645824444,0.0,0.0,11440,0.01736375512721672,0.536801430624019,307.52383921554116,606.957048778975,0.5375874125874126
QQQ,last12m,rth,15:30,16:00,2,4,1200.0,129274,1.0,0.0006760098241666665,2.5709691666666664e-06,107.72833333333334,12.355833333333333,6.650833333333333,5.743333333333333,0,0,711.7286443340105,480.0,526.5208523822162,440.0,491719.55758876493,299486.0,358877.7612376159,274518.19999999995,683.9060165197978,1.4159306583677929,1.0,2.0,0.2041864915845919,0.16028120253815975,0.3205431842788336,1.4159306583677929,0.6668135928076467,0.25537229978194725,0.00024661254403577775,0.0,14823,0.020060792556804517,0.9259571916745046,240.8110828526524,471.37712314174945,0.5049585104229913
QQQ,last12m,open5,09:30,09:35,2,2,600.0,353658,1.0,0.0005621666066666666,0.00010556172833333333,589.43,173.04666666666665,84.82166666666667,88.39166666666667,0,0,221.06258501902553,160.0,310.63695985559383,180.0,147066.23640511697,106483.4,213800.0672652347,123881.79999999999,681.0652115975209,3.06711603547195,3.0,5.0,0.4476596201032668,0.40402358700252927,0.6735977513302287,3.06711603547195,0.09967481334048629,0.28626818150453337,0.15406523766629457,0.0,103826,0.038898081249227605,0.9007548111034748,15.388835760693,24.210739608433983,0.5130025234526997
QQQ,last12m,close5,15:55,16:00,2,2,600.0,158664,1.0,0.0020421527649999997,1.1056705e-05,264.44,36.25,18.505,17.85333333333333,0,0,626.3488281122035,420.0,528.1889356148871,360.0,420210.0937863955,276388.2,350285.5042803461,238996.8,684.0738833314654,1.3438271676115836,1.0,2.0,0.19426418046641578,0.16039470922349466,0.26857800657926323,1.3438271676115836,0.6967723450439448,0.26579273375800916,0.00019920337458849391,0.0,21748,0.020009287191083747,0.40070422374094,74.22320141791108,222.70182941202194,0.5921923855067133
QQQ,last12m,pre,04:00,07:00,2,2,600.0,12891,1.0,0.00016316418,1.6670316666666668e-06,21.485,4.165,2.8233333333333333,1.3416666666666666,0,0,198.94858266140614,200.0,216.4871812512626,160.0,141483.8551502836,144140.8,148041.3563492412,111921.0,684.2089558906188,3.9368046734844255,4.0,6.0,0.5695994540922604,0.5366257696880574,0.8050306440605253,3.9368046734844255,0.009836797901316993,0.10767717621775821,0.3439657911998022,0.0,2497,0.15601196062807182,21.46499389182901,580.1209086204391,1358.443347654207,0.24909891870244294
QQQ,last12m,pre,07:00,08:00,2,2,600.0,27216,1.0,5.0038369999999996e-05,0.0,45.36,10.223333333333333,5.968333333333334,4.256666666666667,0,0,180.21383784569727,180.0,274.02110516044786,240.0,125796.99024940727,126816.0,186334.7182341487,164220.0,684.2034191019054,4.476396351806919,4.0,7.0,0.6396120510149934,0.6420440655949418,0.9391079367568976,4.476396351806919,0.00636410137259253,0.13064076069238728,0.4692340374563832,0.0,6132,0.0777903858995914,5.2954073155284505,252.66521431825768,619.0971506129046,0.3486627527723418
QQQ,last12m,pre,08:00,09:00,2,2,600.0,16755,1.0,0.00055741392,0.0,27.925,6.043333333333333,2.9583333333333335,3.0866666666666664,0,0,378.27601464816695,220.0,252.0374479982755,200.0,258731.42124476752,156514.0,180961.26761859143,144030.40000000002,683.9174641225263,3.388050836472916,2.0,6.0,0.47799132701174424,0.3206940632057482,0.8061934750016584,3.388050836472916,0.17045123103719462,0.3447578068305566,0.3413210530795083,0.0,3624,0.14339647037307562,12.87923625433631,437.87621092907045,874.4749706153697,0.25965783664459163
QQQ,last12m,pre,09:00,09:30,2,2,600.0,46316,1.0,0.0010143096816666668,0.0,77.19333333333333,20.41,10.736666666666666,9.678333333333333,0,0,423.9232248868193,360.0,384.1094864562658,420.0,284200.06669297704,235535.59999999998,253294.0779886526,267733.2,682.0502975350853,4.462389654139565,5.0,6.0,0.6559040462755874,0.6715360735624617,0.8072455890434943,4.462389654139565,0.015608035551571767,0.04752737966467147,0.5116762830144078,0.0,12244,0.0796976990608351,5.078426445876595,137.61528271160842,229.68961712224922,0.32979418490689316
QQQ,last12m,post,16:00,17:00,2,2,600.0,9265,1.0,0.00492206498,0.0076944691383333316,15.441666666666666,3.6016666666666666,1.555,2.0483333333333333,0,0,760.0401147829273,740.0,783.9742493359078,860.0,508880.5797939515,497611.6,529920.3382552703,584555.3999999999,683.2719892291091,2.483404933736119,2.0,4.0,0.36536271895654726,0.3208340322317719,0.5372357386053882,2.483404933736119,0.15556337321067557,0.3478083425149813,0.015643401297867992,0.0,2159,0.0722164879081022,10.746078283213182,801.6084086041343,1288.5410943016539,0.30245484020379804
QQQ,last12m,post,17:00,18:00,2,2,600.0,126,1.0,1.0710833333333332e-07,0.0,0.21,0.13333333333333333,0.06,0.07333333333333333,0,0,122.30701526416723,100.0,183.04185593664144,160.0,87563.53958383176,72108.59999999999,124773.221728929,114382.4,684.3657015461624,7.2671388761728,5.0,20.0,1.0430120694143636,0.8022877847170166,2.6821875922008083,7.2671388761728,0.038654803371918234,0.11739738871590533,0.6993085478951064,0.0,78,0.15135612484362088,1995.2623149688836,25409.72705549306,24661.55719625724,0.20512820512820512
QQQ,last12m,post,18:00,20:00,2,2,600.0,1331,1.0,3.6768666666666666e-07,0.0,2.2183333333333333,0.41333333333333333,0.2783333333333333,0.135,0,0,507.2206300878628,540.0,313.91756407556943,420.0,334665.6777893529,365955.6,209912.5762902991,276519.0,684.5177896884368,11.444503939726507,10.0,21.0,1.5849763562391586,1.3412017167385026,2.816731384422438,11.444503939726507,0.002442487326403357,0.07535796269811809,0.6489974024026914,0.0,246,0.3715352290971726,301.9951720402019,4754.91608776799,11874.378479160914,0.18699186991869918
QQQ,last12m,pre,04:00,09:30,2,8,2400.0,103178,1.0,0.00044623153791666667,4.167579166666667e-07,42.990833333333335,10.210416666666667,5.621666666666667,4.590833333333333,0,0,295.3016469153515,220.0,281.64472871301007,220.0,202528.01637609702,163892.0,192145.79796915222,149304.0,683.5953481723649,3.9829192792368904,4.0,6.0,0.5735188660802387,0.5372162963828659,0.805834693431656,3.9829192792368904,0.038932680707186196,0.1494897792742826,0.3815073828440912,0.0,24497,0.08970434008972832,6.604587865805394,232.77208372187724,604.0415520633655,0.31591623464097646
QQQ,last12m,post,16:00,20:00,2,6,1800.0,10722,1.0,0.0016408465916666665,0.0025648230461111105,5.956666666666667,1.3827777777777779,0.6311111111111111,0.7522222222222222,0,0,461.9355779337698,540.0,425.4702193348575,420.0,309531.572717015,365955.6,287181.21856499044,276519.0,684.0551202197292,8.159887922340483,5.0,21.0,1.1445818752123074,0.6707107249803833,2.816731384422438,8.159887922340483,0.04977578780885013,0.15398041415678068,0.5032366884995894,0.0,2483,0.08525909938025833,17.226890632880615,1204.830424729022,8032.288372505421,0.2879581151832461
QQQ,last12m,rth,09:30,16:00,2,52,15600.0,3235620,1.0,0.00040112550839743597,3.906500532051282e-05,207.41153846153847,42.96314102564103,21.568846153846152,21.437884615384615,0,0,380.8402355354838,220.0,470.37529237308485,360.0,254702.8491709488,149094.6,315540.0902191805,224015.4,683.1605774700707,1.786435599472011,2.0,3.0,0.25687229818719637,0.2683562446385085,0.40349696387919404,1.786435599472011,0.47779424194390296,0.2975853399587993,0.003424424796489844,0.0,670173,0.021189240374183897,0.7819679149084571,49.464139689664556,194.18110374813355,0.524500390197755
QQQ,last5,rth,09:30,10:00,1,2,600.0,191814,1.0,0.0001808955916666667,5.7668533333333335e-06,319.69,66.205,34.31666666666667,31.961666666666666,0,0,193.9879377388255,120.0,254.88755567947655,160.0,144399.84246319477,89327.4,189721.7632767675,119093.6,744.3225003984339,2.308320382189715,2.0,3.0,0.3101330903417781,0.26876756629181076,0.4031671796072736,2.308320382189715,0.17064574062950805,0.39091908249173607,0.0001982028770336334,0.0,39721,0.043680116074676846,2.427136169735959,42.687946455789856,63.35651577518194,0.4081719996978928
QQQ,last5,rth,10:00,10:30,1,2,600.0,264719,1.0,0.00017062225666666667,1.1225425000000001e-05,441.1983333333333,109.00333333333333,48.595,60.50333333333333,0,0,159.19855088080237,120.0,323.51103855835544,140.0,118247.98401304566,89145.6,240287.02172833766,103988.0,742.7958665742805,2.626564667668897,3.0,4.0,0.35361453542751353,0.40349696387919404,0.5389458525244128,2.626564667668897,0.11687926716710317,0.3307510230884235,0.022051040247214063,0.0,65400,0.04908642242016293,1.4680398805226864,25.487857674035865,38.27815915952716,0.44909785932721713
QQQ,last5,rth,10:30,11:00,1,2,600.0,182328,1.0,0.0012662259383333333,0.00019692152166666665,303.88,68.13666666666667,37.02333333333333,31.188333333333333,0,0,186.51279551408058,120.0,312.23718593124613,180.0,138348.63707848047,89007.0,231597.75373393943,133521.6,741.714375692418,2.715639898152589,3.0,4.0,0.3661321659008544,0.40443809313826057,0.539280772590117,2.715639898152589,0.054583489620863325,0.28161511117795146,0.0029956988374783148,0.0,40880,0.051351183665962113,1.822740232347774,43.774065083641126,64.0898963292933,0.4268835616438356
QQQ,last5,rth,11:00,11:30,1,2,600.0,128947,1.0,4.7807505e-05,0.00035030153166666666,214.91166666666666,41.425,21.013333333333332,20.48,0,0,361.53439029384174,160.0,249.13981559258087,200.0,268854.9475941992,118984.0,185266.94086606527,148713.0,743.5908040139822,2.3085043527173363,2.0,3.0,0.31045816098979395,0.2690392760216918,0.40357466397543357,2.3085043527173363,0.13226928984122546,0.4448276934828676,8.713360200768973e-05,0.0,24853,0.050853347172805534,2.802842071670608,70.81116575614077,103.31616070528564,0.40220496519534865
QQQ,last5,rth,11:30,12:00,1,2,600.0,135495,1.0,0.00010117091333333333,1.0159333333333334e-07,225.825,45.71,21.6,24.178333333333335,0,0,198.57775603425517,160.0,371.3791222779701,180.0,147321.8985472061,118741.6,275558.7457937834,133493.8,741.9092390943723,2.1151024470900053,2.0,3.0,0.28507974310965206,0.2696393117091931,0.40446723620603864,2.1151024470900053,0.19797154796824426,0.4968946856720362,1.7782789240975217e-05,0.0,27424,0.053989114137234805,2.000447757882935,62.25734847872828,103.20379489921055,0.43049883313885645
QQQ,last5,rth,12:00,12:30,1,2,600.0,160489,1.0,5.734496000000001e-05,9.398666666666666e-08,267.4816666666667,57.361666666666665,28.49,28.945,0,0,276.0616327169316,160.0,206.6925030389251,160.0,205772.38372625364,119195.20000000001,154055.47654603882,119307.20000000001,745.3501003019143,2.248393707109562,2.0,3.0,0.3016564523081632,0.2683562446385085,0.4025413299530177,2.248393707109562,0.12411295853260573,0.51173184577653,7.977714231502286e-05,0.0,34415,0.05285350630594751,1.8757519911415028,51.082594472225225,76.79235518171033,0.4321371494987651
QQQ,last5,rth,12:30,13:00,1,2,600.0,75537,1.0,7.211758666666668e-05,0.00022597964333333337,125.895,17.165,7.748333333333333,9.465,0,0,150.736945226364,120.0,430.47552765457664,220.0,112242.12186025716,89323.79999999999,320543.70591126353,163871.0,744.6557204624883,2.6145680497015973,3.0,4.0,0.35110181897573034,0.4028090940931048,0.5370656244248339,2.6145680497015973,0.10150278496570211,0.3170501601795195,0.0033410489290977173,0.0,10297,0.05590369014840827,6.0304296956359975,177.19447835730534,245.63286217956653,0.3480625424881033
QQQ,last5,rth,13:00,13:30,1,2,600.0,49014,1.0,9.850753333333334e-06,1.6300016666666668e-06,81.69,9.551666666666666,4.741666666666666,4.821666666666666,0,0,221.82524532556107,160.0,495.08794178216317,380.0,165266.03601161728,119212.0,368854.57571305544,283194.8,745.03235806427,2.6990201381189465,3.0,4.0,0.36226968974834944,0.40260644579080646,0.5367939636600837,2.6990201381189465,0.05671011526493948,0.30067366490068137,0.0009940734077132471,0.0,5729,0.06641027736926872,11.828145730152707,332.13336075414105,409.3069451126072,0.3122709024262524
QQQ,last5,rth,13:30,14:00,1,2,600.0,57345,1.0,0.0003007271,0.0001996189216666667,95.575,14.461666666666666,6.805,7.685,0,0,420.27501167169584,140.0,448.196397356676,440.0,313094.9366590408,104282.6,333823.8673460677,327666.2,744.8576693141792,2.4278835027283274,2.0,3.0,0.3259442068832103,0.26858083036142166,0.402870472209664,2.4278835027283274,0.10791616773353253,0.4252929559852363,0.0027546977403886314,0.0,8675,0.07731389902252964,7.303424937121892,212.24372657612903,299.97355645387137,0.3218443804034582
QQQ,last5,rth,14:00,14:30,1,2,600.0,32395,1.0,0.0005283732616666665,0.0,53.99166666666667,5.418333333333333,2.6,2.8633333333333333,0,0,211.9721282832701,120.0,493.1644815531897,400.0,157969.14748634896,89439.6,367504.935421208,298030.0,745.20712115503,1.9409413825673445,2.0,3.0,0.2604556415102082,0.26834559899738747,0.4025076460939787,1.9409413825673445,0.2563435563092876,0.5496476628367133,0.0,0.0,3249,0.04558937479102599,12.471010340997724,598.2193617175861,757.15082128829,0.33056325023084027
QQQ,last5,rth,14:30,15:00,1,2,600.0,40806,1.0,0.00030653575499999994,7.460666666666667e-08,68.01,8.903333333333334,4.651666666666666,4.27,0,0,249.2952681605325,140.0,304.30078696161246,280.0,185670.451119602,104250.4,226618.03591340245,208499.2,744.748699321738,2.156614982089634,2.0,3.0,0.2895779107873329,0.2686106372586567,0.4029359616285932,2.156614982089634,0.1771464845393592,0.5057887428910521,0.0,0.0,5340,0.05011872336272724,15.092495740177576,342.10662986071236,412.53113795694725,0.29719101123595504
QQQ,last5,rth,15:00,15:30,1,2,600.0,38885,1.0,2.414095833333333e-05,0.0,64.80833333333334,6.325,3.4716666666666667,2.868333333333333,0,0,345.45698887837443,200.0,455.8609767780461,480.0,257159.03691930854,148887.0,339353.9186177691,357272.4,744.4160823366775,2.0051515871542516,2.0,3.0,0.2693612345699258,0.2686464313270654,0.40303819736542823,2.0051515871542516,0.23479185115862866,0.5309994991334509,0.0,0.0,3793,0.06149269534133481,20.535250264571452,486.3118963937192,611.3777506953193,0.30081729501713683
QQQ,last5,rth,15:30,16:00,1,2,600.0,63121,1.0,0.00010627097666666666,5.093061666666667e-06,105.20166666666667,12.036666666666667,6.933333333333334,5.17,0,0,794.9093939552868,560.0,506.23686531687486,400.0,591222.1656493747,416598.0,376552.3638640801,297554.4,743.8209662428242,1.7601213868472634,2.0,3.0,0.23662432793560073,0.268862115024606,0.4032442773968116,1.7601213868472634,0.40527310565133956,0.4391870958369092,0.0004929452913783266,0.0,7220,0.034551072945922204,3.3570220857901325,246.9182506750455,434.9770566134556,0.40609418282548476
QQQ,last5,open5,09:30,09:35,1,1,300.0,157326,1.0,0.00084659381,0.00020784606666666668,524.42,141.94666666666666,66.27,75.92666666666666,0,0,164.226917097543,120.0,347.1353541765779,200.0,121930.1695484501,89098.8,257751.5264619999,148578.0,742.4737111626722,3.548319450814091,3.0,6.0,0.4779565970781803,0.40402358700252927,0.8083661935427838,3.548319450814091,0.10264362715689278,0.17051419820012031,0.2712998416582441,0.0,42583,0.04575607800574726,1.2998369815714477,18.555803425142646,28.08556584696541,0.46657116689758826
QQQ,last5,close5,15:55,16:00,1,1,300.0,55348,1.0,0.0017315817133333334,1.785405666666667e-05,184.49333333333334,27.636666666666667,14.16,13.55,0,0,490.2259613929101,240.0,346.0504085697751,240.0,365029.128326288,178706.4,257684.2080481868,178689.59999999998,744.6487001591939,1.629837410441779,2.0,2.0,0.2188730676937434,0.26857800657926323,0.26857800657926323,1.629837410441779,0.4482304124266996,0.47911752266218005,0.00015799651809362164,0.0,8290,0.02760623586566164,1.1932448255599855,105.7262933400375,232.83581666941248,0.4852834740651387
QQQ,last5,pre,04:00,07:00,1,1,300.0,10280,1.0,0.00032632836,3.3340633333333336e-06,34.266666666666666,7.263333333333334,5.19,2.0733333333333333,0,0,286.73432439529967,320.0,215.11634394817787,200.0,213712.07611070247,238438.4,160339.103426098,149064.0,745.3556469378495,4.728006231315085,5.0,6.0,0.634334620640735,0.6708214645150125,0.8050306440605253,4.728006231315085,0.019664378079864476,0.036832703758378924,0.6484230477966152,0.0,2178,0.1631581211888826,19.169407765334572,390.58385337614055,549.0677493457916,0.2460973370064279
QQQ,last5,pre,07:00,08:00,1,1,300.0,21791,1.0,7.869266666666667e-05,0.0,72.63666666666667,17.98,11.056666666666667,6.926666666666667,0,0,221.04883027351784,240.0,255.0830232191852,240.0,164760.47321464354,178884.0,190144.94885563926,178896.0,745.3949866710454,5.9877745020763,6.0,7.0,0.8033052519552275,0.8049600881208582,0.9391079367568976,5.9877745020763,0.0031304695649979853,0.010856524128834411,0.9173586301002257,0.0,5393,0.08062966313669875,4.79561329844506,160.46390560565334,304.3202264825278,0.35267939922121266
QQQ,last5,pre,08:00,09:00,1,1,300.0,12959,1.0,0.0010875172666666667,0.0,43.196666666666665,9.466666666666667,4.463333333333333,5.006666666666667,0,0,378.7493674122666,320.0,394.46458894610083,320.0,281872.9134695269,238188.80000000002,293588.3519428963,238163.2,744.2501806613542,5.026633476785873,5.0,7.0,0.6753915283687245,0.6718359930054482,0.9404875034745769,5.026633476785873,0.02710536667761459,0.06721795532371135,0.6830043709933299,0.0,2839,0.17103182231286565,13.308148767409753,305.11097612701286,437.78323405878314,0.23987319478689678
QQQ,last5,pre,09:00,09:30,1,1,300.0,18221,1.0,3.462407666666667e-05,0.0,60.736666666666665,11.18,7.72,3.46,0,0,345.31769400804495,200.0,245.25187444063656,120.0,257096.0657687086,148900.0,182610.67160876901,89354.4,744.5704103717235,4.750988638514864,5.0,6.0,0.6380849644966265,0.6715360735624617,0.805834693431656,4.750988638514864,0.015167498720638562,0.03146041402445383,0.6185954885276206,0.0,3353,0.1609162858675043,13.86004709233617,253.84458368097006,335.60670265248757,0.24545183417834776
QQQ,last5,post,16:00,17:00,1,1,300.0,2440,1.0,0.008228126116666666,0.015388938276666663,8.133333333333333,2.19,0.6133333333333333,1.5766666666666667,0,0,585.9711840547249,600.0,687.8421945201678,800.0,436261.9123243858,446640.0,512122.980224598,595592.0,744.5240580192122,2.558281761596583,3.0,4.0,0.34360901133148375,0.402935948130478,0.5372357386053882,2.558281761596583,0.19197158586506566,0.30280542202733673,0.030822524174869616,0.0,656,0.0728152294256152,13.668293180829275,1241.2125377830957,2156.6921837197597,0.2759146341463415
QQQ,last5,post,17:00,18:00,1,1,300.0,92,1.0000000000000002,2.1421666666666662e-07,0.0,0.30666666666666664,0.19666666666666666,0.1,0.09666666666666666,0,0,185.52754070842465,160.0,174.8205538754763,240.0,138305.05548566932,119289.59999999999,130342.43247555988,178905.6,745.5173236942967,9.346702188646054,7.0,21.0,1.2536325786136873,0.9390742064070156,2.8162780873453417,9.346702188646054,0.07730961502434136,0.2347929332965595,0.6468647394558749,0.0,58,0.08709635899560807,1258.9254117941678,16218.100973589277,18304.78007532622,0.25862068965517243
QQQ,last5,post,18:00,20:00,1,1,300.0,23,1.0,0.0,0.0,0.07666666666666666,0.04666666666666667,0.02,0.02666666666666667,0,0,302.2164185184,480.0,232.2800458754667,240.0,225288.12549862658,357811.2,173199.37325312686,178956.0,745.5537991159908,19.085997801123334,21.0,22.0,2.5599864732816666,2.816731384422438,2.950841660517921,19.085997801123334,0.0,0.0,1.0,0.0,13,0.6760829753919821,11885.022274370182,45359.33372579287,40233.831870714275,0.15384615384615385
QQQ,last5,pre,04:00,09:30,1,4,1200.0,63251,1.0,0.0003817905925,8.335158333333334e-07,52.70916666666667,11.4725,7.1075,4.366666666666666,0,0,307.9464384443909,280.0,277.45300094315695,220.0,229348.42096191354,208536.40000000002,206651.48231791003,163980.0,744.892935692517,5.013440180375429,5.0,7.0,0.672862386271722,0.6708214645150125,0.9391079367568976,5.013440180375429,0.017602312698640963,0.03714596322543808,0.700896343408584,0.0,13763,0.11733871849142545,9.44332637956273,256.7051158745438,387.4813151109845,0.28642011189420913
QQQ,last5,post,16:00,20:00,1,3,900.0,2555,1.0,0.002742780111111111,0.005129646092222221,2.838888888888889,0.8111111111111111,0.24444444444444444,0.5666666666666667,0,0,356.095396178428,480.0,362.4190987499878,240.0,265272.28246943373,357811.2,269982.05266264215,178956.0,745.2037443191463,12.519244888122326,17.0,21.0,1.6793036341271261,2.2801499533905027,2.816731384422438,12.519244888122326,0.06732030022235175,0.13439958883097405,0.6694218159076861,0.0,727,0.07569913363435121,19.109529749704404,2003.8951769584023,10247.710927688202,0.2723521320495186
QQQ,last5,rth,09:30,16:00,1,26,7800.0,1420895,1.0,0.00024400642743589742,7.667747282051283e-05,182.16602564102564,35.515641025641024,17.537692307692307,18.03076923076923,0,0,290.03785868135424,160.0,373.171882155451,200.0,215821.55500329792,118741.6,277675.97055510577,148999.0,744.0326111588504,2.302024825444767,2.0,3.0,0.30941077068552625,0.2690392760216918,0.40443809313826057,2.302024825444767,0.1643302432589793,0.42504086320101037,0.002539390429832442,0.0,276996,0.05076413106328116,2.2440719598548227,63.28923650875495,181.32475787137713,0.4137532671951942
QQQ,normal18m,rth,09:30,10:00,4,8,2400.0,931175,1.0,0.0011979180225000002,5.0119320833333336e-06,387.9895833333333,102.90208333333334,51.69541666666667,51.45,0,0,262.353372107444,120.0,295.15781249074104,160.0,154929.09736887898,89327.4,176811.55099070523,108993.6,598.1591417739897,2.2773304564554713,2.0,4.0,0.4069202335396821,0.32311816573462215,0.8709788712364047,2.2773304564554713,0.334386072636503,0.2632140861270044,0.03507163514130111,0.0,246957,0.03650857598242244,0.7228941421301459,26.61353848911641,53.47593046311337,0.5356641034674052
QQQ,normal18m,rth,10:00,10:30,4,8,2400.0,816106,1.0,0.0006702656787499999,4.867125e-06,340.0441666666667,85.98166666666667,41.86708333333333,44.20666666666666,0,0,293.30890761829016,250.0,350.4377054040808,250.0,173358.52065950813,131787.0,212722.7606279077,145141.1,599.1294843867832,2.255514867935857,2.0,4.0,0.3934955185387118,0.32221099636630324,0.8057829781959817,2.255514867935857,0.35011638149761243,0.25004358598143,0.026647606642969522,0.0,206348,0.03875103424552013,0.9362570422009591,29.52205412356486,67.19292257947384,0.5076908911159789
QQQ,normal18m,rth,10:30,11:00,4,8,2400.0,625443,1.0,0.00107244427375,4.9671950833333326e-05,260.60125,53.264583333333334,26.857916666666668,26.472916666666666,0,0,307.2296090161661,220.0,391.9704821747143,300.0,181776.17303806831,120594.6,234740.38292465633,171586.5,598.7395544767214,2.442868369143202,2.0,5.0,0.4479732041271975,0.2696170546726509,1.0881637435858156,2.442868369143202,0.4686525328879295,0.11921326498632666,0.17007071355367148,0.0,127827,0.021427446187677116,0.8672000534423399,53.08630156423068,112.85777526170153,0.5148521047978909
QQQ,normal18m,rth,11:00,11:30,4,8,2400.0,502191,1.0,0.0007014317608333334,8.872054875000001e-05,209.24625,41.7025,21.142083333333332,20.6275,0,0,392.4430496152668,250.0,398.3894357369362,260.0,237572.65658568213,145349.1,236681.18336618872,173691.2,599.4132706073757,2.1705694779552833,2.0,4.0,0.3959268136934683,0.268887396280444,0.8686362168441174,2.1705694779552833,0.4802545853030986,0.1791875944482684,0.09708558476194336,0.0,100078,0.019966644951452433,0.5255975344248321,67.04341187468286,156.91362790252563,0.5532384739902876
QQQ,normal18m,rth,11:30,12:00,4,8,2400.0,420934,1.0,0.0007573335233333334,1.03918875e-06,175.38916666666665,36.27875,18.229583333333334,18.096666666666668,0,0,370.45096943535964,250.0,435.58239863169445,250.0,219118.14887960948,145314.1,263263.7446190532,160065.5,599.1922560470769,2.152333967486984,1.0,5.0,0.39701626542488666,0.17462332845905115,1.0871546357269988,2.152333967486984,0.5083106831079952,0.18228719040846936,0.11755624377199499,0.0,87061,0.020638453721668032,0.6605834834572683,75.61755076341015,184.5812770625834,0.5397250203880039
QQQ,normal18m,rth,12:00,12:30,4,8,2400.0,415575,1.0,0.0010525855266666669,1.2177608333333334e-06,173.15625,33.259166666666665,15.909583333333334,17.408333333333335,0,0,340.0265915444403,250.0,400.71423642691974,360.0,204847.29255466562,145560.8,234533.1433914181,203955.4,600.0711347518288,2.0978262233862246,2.0,4.0,0.3819829528029094,0.26830113345334294,0.8691882004473054,2.0978262233862246,0.4946187614823269,0.18769438318012335,0.08330129228149258,0.0,79814,0.02234602152682883,1.0803134510439154,77.60242839003519,190.73573080426505,0.4922319392587767
QQQ,normal18m,rth,12:30,13:00,4,8,2400.0,253188,1.0,0.0014870826966666664,5.654463333333334e-05,105.495,17.3175,8.21125,9.149166666666666,0,0,389.48786298571645,400.0,426.8548514232,380.0,229372.36457470633,206522.0,259652.79877899308,204099.0,600.0389483208256,2.165500986616083,1.0,4.0,0.3901832981504734,0.1745755554166774,0.8697136185536034,2.165500986616083,0.5075534758100299,0.11618577405326899,0.07591199042350902,0.0,41554,0.021094100014238247,1.4856795097889313,159.00915215157784,333.5749785858147,0.4678731289406555
QQQ,normal18m,rth,13:00,13:30,4,8,2400.0,245924,1.0,0.0020952684249999996,4.539191666666668e-07,102.46833333333333,16.33875,8.632083333333334,7.724166666666667,0,0,420.2940953179625,400.0,450.04545222394137,340.0,247869.83037250192,206036.0,276171.84298273287,214156.0,599.7987403802306,2.1916859487157874,2.0,4.0,0.39447914880434926,0.2684033107469837,0.8729710834477157,2.1916859487157874,0.49082925879065115,0.11780857866146856,0.07482913185111494,0.0,39205,0.021899704107295703,1.5942989143707835,164.10964258013743,381.84180898094354,0.45927815329677335
QQQ,normal18m,rth,13:30,14:00,4,8,2400.0,251625,1.0,0.0008933125545833333,4.990473041666667e-05,104.84375,17.46291666666667,8.056666666666667,9.46,0,0,470.8599019724622,300.0,504.8468431183569,400.0,284208.1024006586,173999.6,307998.2971244068,206028.0,599.5036541529761,2.1727931666239892,1.0,4.0,0.3971598688935155,0.17478643259091026,0.8738158941668845,2.1727931666239892,0.5130240636803175,0.13260536662555164,0.09765817378586952,0.0,41903,0.021903775669809476,1.5411314169780792,155.48468961475703,359.84672407810586,0.46512182898599147
QQQ,normal18m,rth,14:00,14:30,4,8,2400.0,194760,1.0,0.0014985575504166666,1.0204425e-06,81.15,13.494166666666667,7.16,6.3675,0,0,363.04520223888636,380.0,550.5768158697383,400.0,212897.3622809165,203434.8,338685.0728290006,298030.0,599.3914670651733,2.034984303524996,1.0,4.0,0.3773991228450719,0.17474750758776686,0.8761602634112113,2.034984303524996,0.5427147004278611,0.1703284473069821,0.08597816816927464,0.0,32378,0.02344043966912137,1.674149402605314,178.89017583337264,551.9351554953724,0.45018222249675705
QQQ,normal18m,rth,14:30,15:00,4,8,2400.0,195772,1.0,0.0015167498433333335,1.934308333333333e-07,81.57166666666667,13.588333333333333,7.3620833333333335,6.247083333333333,0,0,446.980239774119,400.0,566.3886534953173,400.0,258484.03760837583,228740.0,334631.23510972137,228792.0,599.4095449948804,1.9789854337880413,1.0,4.0,0.36066496054678876,0.17486886022058037,0.8742638583447346,1.9789854337880413,0.5320471198721138,0.16048161365612976,0.038344427521430406,0.0,32604,0.023827922277102884,2.033719403231581,189.44619009290952,464.52408822550393,0.44025272972641394
QQQ,normal18m,rth,15:00,15:30,4,8,2400.0,185675,1.0,0.0020856071275,4.2963333333333334e-07,77.36458333333333,12.06,6.1775,5.8966666666666665,0,0,481.76842206310727,420.0,593.7185026382987,480.0,280563.50974329264,228999.0,354128.2282910546,347241.6,599.7044293668396,1.8487044738653144,1.0,4.0,0.3352020694348946,0.1749079219685466,0.8720090332669832,1.8487044738653144,0.5520268215531432,0.1774892796762249,0.015021293056177052,0.0,28936,0.022024590195081493,1.599790838596483,212.91121064146543,552.8021817537377,0.4636093447608515
QQQ,normal18m,rth,15:30,16:00,4,8,2400.0,264425,1.0,0.0019118286537500003,2.8476795833333333e-06,110.17708333333333,19.591666666666665,10.15875,9.470833333333333,0,0,612.8106885274623,480.0,506.16634423011055,440.0,383968.7606222699,299486.0,308854.7748874716,274518.19999999995,599.3422618873482,1.7620337445012144,1.0,3.0,0.3214260210168989,0.174933988173937,0.6558506837568293,1.7620337445012144,0.5912630963068557,0.17272879769394597,0.015392367504274408,0.0,47012,0.027087747867133558,0.9112365844628957,117.59612551303938,439.61713500367904,0.5083808389347401
QQQ,normal18m,open5,09:30,09:35,4,4,1200.0,574640,1.0,0.0014912886358333334,7.992908416666668e-05,478.8666666666667,137.7575,67.27833333333334,70.8,0,0,248.30248461985477,160.0,283.8858925437895,180.0,145926.6667126746,106483.4,175025.18017009125,123881.79999999999,597.7514505570872,2.7335119586881533,3.0,5.0,0.47436182705205165,0.40402358700252927,0.8715048237224761,2.7335119586881533,0.2968818437327861,0.17132242504422987,0.12608645190331563,0.0,165305,0.03700087619944903,0.7576069467276276,19.903235378349663,35.072467720073924,0.5306978010344515
QQQ,normal18m,close5,15:55,16:00,4,4,1200.0,289879,1.0,0.0055355690875,1.4498760833333331e-05,241.56583333333333,36.71,19.12,17.7075,0,0,654.1240016549751,420.0,555.8837992319433,360.0,393031.9868435716,276388.2,331759.30595005216,238996.8,599.3587162673803,1.5244969360479743,1.0,3.0,0.27236124104003157,0.17515226560537298,0.6547886596720496,1.5244969360479743,0.6366350979549479,0.2328195861118412,0.003152309269491272,0.0,44048,0.02171027762744357,0.46579648028058235,64.73295042618622,236.23537787526618,0.5770977115873592
QQQ,normal18m,pre,04:00,07:00,4,4,1200.0,17606,1.0,8.158209e-05,8.335158333333334e-07,14.671666666666667,3.245,1.9866666666666666,1.2583333333333333,0,0,159.98199350656725,100.0,239.80590548508297,160.0,102387.29210299136,53446.1,143987.74657670525,94435.0,599.4442300125934,4.485185606825729,4.0,7.0,0.8008721398967279,0.6419636918981928,1.5252272609516668,4.485185606825729,0.018367975153633555,0.08914072278000569,0.4232646525719363,0.0,3890,0.1693510441948295,27.168517066890406,721.339201708223,1741.2424243919993,0.2519280205655527
QQQ,normal18m,pre,07:00,08:00,4,4,1200.0,38497,1.0,2.90089575e-05,0.0,32.08083333333333,7.498333333333333,4.1525,3.3466666666666667,0,0,178.4946209487064,110.0,234.74266384070876,220.0,107692.3579183083,65876.5,142818.04138640992,131766.0,599.2146060997816,5.584730676929024,5.0,9.0,0.9966967699749043,0.8771765556238822,1.9632746323141015,5.584730676929024,0.0039061799400412003,0.0705406215098914,0.6516876180784162,0.0,8994,0.07696507666166828,5.785004017899424,320.21600720565624,888.4065948653134,0.34945519235045586
QQQ,normal18m,pre,08:00,09:00,4,4,1200.0,30435,1.0,0.00027934014499999995,0.0,25.3625,5.3933333333333335,3.005,2.3891666666666667,0,0,428.20041267303174,220.0,305.1238632512369,200.0,248860.1979653462,128879.6,181897.51155839942,102726.0,598.7600970009064,3.824459860356104,3.0,7.0,0.6794659994524395,0.5262872065400707,1.530830614146391,3.824459860356104,0.09784176651824628,0.31820357973410257,0.3768549678046835,0.0,6468,0.11075323888172263,12.167777724074762,503.0997891802762,967.2911379766622,0.2894248608534323
QQQ,normal18m,pre,09:00,09:30,4,4,1200.0,59372,1.0,0.0008705729025000001,0.0,49.47666666666667,12.209166666666667,6.4775,5.734166666666667,0,0,450.67474007715236,300.0,411.56681037209484,200.0,260311.99591280826,166038.0,242378.19282256073,102789.0,597.947594576425,4.259605106861385,4.0,7.0,0.7487186885685976,0.6553464492109323,1.529129476581685,4.259605106861385,0.04190215721846404,0.18911730736151616,0.46795691334412853,0.0,14647,0.0826989508567932,5.581549847713276,194.91475686129425,491.7311485673959,0.3279169795862634
QQQ,normal18m,post,16:00,17:00,4,4,1200.0,12486,1.0,0.0025297278916666666,0.0038475359599999992,10.405,2.618333333333333,1.0908333333333333,1.5283333333333333,0,0,746.811917562683,700.0,685.0153633348147,800.0,447416.52157238097,451512.0,416553.33477267623,514947.39999999997,598.0736901346703,3.1108655844650355,3.0,5.0,0.565610444875819,0.48125592182879434,1.0930881379118267,3.1108655844650355,0.11006726713897715,0.29761306084470873,0.14611463980311562,0.0,3138,0.08566837179524048,16.31172909227839,1065.1417487620977,1794.302170634161,0.29700446144040793
QQQ,normal18m,post,17:00,18:00,4,4,1200.0,203,1.0,1.682575e-07,0.0,0.16916666666666666,0.1075,0.056666666666666664,0.051666666666666666,0,0,212.73026037449506,180.0,210.94938903248345,150.0,124287.72918877992,105398.79999999999,123790.32771043961,81974.6,599.193980796476,8.83904298249861,9.0,16.0,1.5642088581611453,1.4752922084455602,3.059137334161192,8.83904298249861,0.021526468242823064,0.08789219471102094,0.7937998106586049,0.0,125,0.08912509381337463,1778.279410038924,24406.190680419815,32361.162472117732,0.232
QQQ,normal18m,post,18:00,20:00,4,4,1200.0,6963,1.0,1.1545991666666667e-06,0.0,5.8025,1.5541666666666667,0.815,0.74,0,0,385.6912682652003,540.0,332.66553786965284,420.0,238855.83700436505,350121.6,200448.81705605958,260718.0,598.2285464477279,8.025153221666056,5.0,21.0,1.2632200091398964,0.8760025617766531,2.816731384422438,8.025153221666056,0.0442461055173499,0.09277431382714545,0.5603559146914722,0.0,1861,0.10267896479468919,42.92322132593281,1258.3088005327897,4375.467399479379,0.323481998925309
QQQ,normal18m,pre,04:00,09:30,4,16,4800.0,145910,1.0,0.00031512602375,2.0837895833333335e-07,30.397916666666667,7.086458333333334,3.9054166666666665,3.1820833333333334,0,0,304.3013180413054,160.0,297.7861865550971,200.0,179792.7309164374,94416.6,177756.96872259284,113998.0,598.841817135227,4.54446362021691,4.0,7.0,0.8096615515276049,0.6708214645150125,1.5267471286977108,4.54446362021691,0.03232780918698549,0.1364954587754126,0.46042090914017686,0.0,33999,0.09160618114486496,7.441536587227697,327.31252980493554,930.8249097891928,0.31759757639930586
QQQ,normal18m,post,16:00,20:00,4,12,3600.0,19652,1.0,0.0008436835827777778,0.0012825119866666664,5.458888888888889,1.4266666666666667,0.6541666666666667,0.7733333333333333,0,0,447.7755077821633,490.0,408.95663743505935,370.0,269809.1663409934,285556.0,246569.50724331095,203828.0,598.4996446664983,7.000053752573939,5.0,20.0,1.1640648303291892,0.8019536909717695,2.816731384422438,7.000053752573939,0.055021486604124994,0.14276347080250515,0.5151565699611662,0.0,5124,0.09189324376750377,24.04553712756419,1251.366762117953,5485.236807378395,0.3050351288056206
QQQ,normal18m,rth,09:30,16:00,4,104,31200.0,5302793,1.0,0.0013031065874679485,2.0147921185897438e-05,169.9613141025641,35.63400641025641,17.804615384615385,17.890576923076924,0,0,396.21076867096076,300.0,451.580627183551,340.0,236059.69844171955,171712.5,272206.79927407426,198971.2,599.376376318753,2.1193660626015425,2.0,4.0,0.38461077140700894,0.2683562446385085,0.8730060657324397,2.1193660626015425,0.48965919728843255,0.1714900004832836,0.07176804011313767,0.0,1111677,0.02285745147267149,0.8972229333411272,61.92471288198055,228.23226039858739,0.5106564226839271
QQQ,y2022,rth,09:30,10:00,2,4,1200.0,373671,1.0,0.00041087359000000005,3.65852e-06,311.3925,88.02,45.0325,44.65416666666667,0,0,306.0814523085073,200.0,264.97526229265935,200.0,97035.20410002091,58932.0,83637.36769131238,58929.0,321.0168914861862,1.8550717926077238,2.0,3.0,0.5821440013637882,0.5757551851755383,0.8636617190046891,1.8550717926077238,0.28629249791490546,0.574813854845105,3.291651828711283e-05,0.0,105620,0.05389640525848112,1.1999427613392366,32.39384543196262,55.673728870779705,0.47964400681689073
QQQ,y2022,rth,10:00,10:30,2,4,1200.0,321916,1.0,0.0004643798983333333,1.3572833333333334e-06,268.2633333333333,64.70833333333333,30.9975,34.318333333333335,0,0,295.42921923878356,200.0,325.44858008338207,200.0,94043.72696240961,63944.0,104020.1390006307,63929.0,319.7398039999873,1.5923591542988895,2.0,2.0,0.5085880119674461,0.580349681517926,0.6776788764589142,1.5923591542988895,0.471820477054238,0.4640021062057295,0.0,0.0,77646,0.05903038967450896,1.46862267626025,44.06274618053505,79.41301695239886,0.45810473173119026
QQQ,y2022,rth,10:30,11:00,2,4,1200.0,290062,1.0,0.000615432935,1.6146575000000002e-06,241.71833333333333,58.93333333333333,29.803333333333335,29.69,0,0,408.0207054263068,200.0,294.2490131144711,200.0,127938.51600499309,68687.0,92459.92557809118,63812.0,318.8249256581166,1.6378224780912136,2.0,2.0,0.5252816025081385,0.5818702491361708,0.6804817692345579,1.6378224780912136,0.4579474211245311,0.4464437124304406,0.0,0.0,70716,0.06302376638714573,1.5236227955855448,47.583837033428026,88.97467163483672,0.45131229141919793
QQQ,y2022,rth,11:00,11:30,2,4,1200.0,242923,1.0,0.0005237021283333333,3.608102666666667e-05,202.43583333333333,44.556666666666665,21.484166666666667,23.368333333333332,0,0,339.37366370327504,250.0,372.3476076578214,250.0,106431.88884698835,78750.5,115952.79185482892,78731.0,319.79287956647437,1.6028758634562505,2.0,2.0,0.5101418617165997,0.5822437614311957,0.6756541051363469,1.6028758634562505,0.45448174798761326,0.488161356099065,0.0,0.0,53464,0.06610566272371102,1.8323109838578335,65.6196005103322,120.05530632749168,0.437696393835104
QQQ,y2022,rth,11:30,12:00,2,4,1200.0,171121,1.0,0.00018142943833333335,2.246033333333333e-06,142.60083333333333,31.261666666666667,15.4,16.2775,0,0,365.09022214150275,250.0,365.64142771394626,200.0,114815.16325375735,78562.5,114530.26369349909,68289.0,318.805508264776,1.538785323367564,2.0,2.0,0.49090821329347933,0.5852678282032792,0.6753748497477596,1.538785323367564,0.497731511214252,0.465751818001518,0.0,0.0,37510,0.06144475946973962,2.2110972433806775,92.72129469471413,176.57485896165122,0.43025859770727803
QQQ,y2022,rth,12:00,12:30,2,4,1200.0,177560,1.0,0.00013502912749999998,1.3062833333333334e-07,147.96666666666667,33.61,16.7825,17.304166666666667,0,0,378.7433172353644,250.0,306.97819337057877,200.0,117007.83990454923,78268.0,96103.07960105817,59112.0,317.67740274970737,1.4987282795624923,1.0,2.0,0.4787830073585974,0.33861458216511336,0.6771411359942796,1.4987282795624923,0.5347996540981685,0.43167241224117114,0.0,0.0,40328,0.060605995956413236,2.0290804666921542,84.16746184219548,170.9959312550496,0.4336937115651656
QQQ,y2022,rth,12:30,13:00,2,4,1200.0,189203,1.0,0.00036225676416666667,3.3074199999999996e-06,157.66916666666665,37.33833333333333,18.33416666666667,19.345833333333335,0,0,284.9312243226465,200.0,383.6016389016701,200.0,90473.92821557629,63501.0,118523.99939437935,63509.0,317.6339514545246,1.4321448875457576,1.0,2.0,0.45529210180151347,0.33814357679595364,0.6762746311032837,1.4321448875457576,0.5698815951395652,0.4280980306414819,2.2975440664889176e-06,0.0,44802,0.06376567990379185,1.8402674832194876,75.22317297192106,158.05060320114436,0.4383732869068345
QQQ,y2022,rth,13:00,13:30,2,4,1200.0,174077,1.0,0.00037656675916666665,5.7741666666666664e-09,145.06416666666667,29.9025,14.995833333333334,15.166666666666666,0,0,338.7217087284509,200.0,337.9347256910047,200.0,106185.99539308994,63489.0,105205.46645933932,67654.0,317.3233269436581,1.4774462519504619,1.0,2.0,0.4727199702846784,0.3377195932342457,0.6754187099810778,1.4774462519504619,0.5408288957948884,0.4408959564597615,0.0,0.0,35879,0.05657917525481441,1.7636425954302122,96.43436910491931,204.60493196209794,0.44510716575155385
QQQ,y2022,rth,13:30,14:00,2,4,1200.0,199104,1.0,0.0006492174383333334,1.3935945000000001e-05,165.92,37.98916666666667,19.333333333333332,18.95916666666667,0,0,417.1694492190896,200.0,384.0113909554006,200.0,128319.72667836172,63326.0,118319.69965910802,67585.0,316.8540125371807,1.508025502801002,1.0,2.0,0.4831026428025736,0.33834887986582884,0.6766927858814964,1.508025502801002,0.5201387875200805,0.4516969221588373,0.0,0.0,45583,0.05737501684963295,1.4138175119125733,69.55498227443466,175.14614980867998,0.46058837724590307
QQQ,y2022,rth,14:00,14:30,2,4,1200.0,189802,1.0,0.0004001387783333333,1.0656510000000003e-05,158.16833333333332,34.915,17.1175,18.046666666666667,0,0,416.9970822247934,200.0,412.73248872662765,250.0,131018.56072526223,67245.0,127689.68198510382,77787.0,315.32294093975946,1.5805623175688064,2.0,2.0,0.507763764079115,0.5947219367486082,0.6793350624556007,1.5805623175688064,0.4467781274922054,0.5258814274467826,0.0,0.0,41894,0.06411092438795249,1.7829107666689632,76.95465698240686,175.37087010062902,0.43915596505466176
QQQ,y2022,rth,14:30,15:00,2,4,1200.0,229719,1.0,0.0004969790883333334,4.966066333333333e-05,191.4325,39.00416666666667,18.951666666666668,20.295,0,0,427.0042704030838,200.0,394.50292152922316,200.0,132848.73998744824,67040.0,124511.13610784567,63021.0,314.913930518774,1.5505234113975592,2.0,2.0,0.49931902079759,0.5963031923840308,0.6792762918134035,1.5505234113975592,0.48408426911132,0.4813080595456447,0.0,0.0,46801,0.05842656282649229,1.4083216073260036,72.65478750194133,156.00550613076874,0.46221234589004506
QQQ,y2022,rth,15:00,15:30,2,4,1200.0,271664,1.0,0.0005996254466666667,1.867216e-05,226.38666666666666,43.494166666666665,21.055833333333332,22.725,0,0,498.855023038485,200.0,394.79869560894343,200.0,154587.52513703844,66862.0,123564.86365742194,62816.0,313.87611660022213,1.4883236184512336,1.0,2.0,0.48055475556301186,0.3408764888761063,0.6816359925544996,1.4883236184512336,0.5344836386070537,0.4427092397300405,0.0,0.0,52189,0.05534347860415444,1.2460903581602778,61.66781155090345,146.06592613618818,0.4763455900668723
QQQ,y2022,rth,15:30,16:00,2,4,1200.0,321561,1.0,0.0005428189566666667,3.4099935e-05,267.9675,53.55416666666667,25.555833333333332,28.295833333333334,0,0,420.53508452512114,200.0,329.1167835968549,200.0,129888.19978197015,62772.0,103186.00648013678,62776.0,313.7967117904316,1.5198116694730628,1.0,2.0,0.49088520835743976,0.3408300813394183,0.6816340652448436,1.5198116694730628,0.5028516932782238,0.4744849514498045,0.0,0.0,64261,0.057084281307859815,1.1442753563052737,51.31382337610434,114.39878697492611,0.4834503042280699
QQQ,y2022,open5,09:30,09:35,2,2,600.0,223051,1.0,0.0003282316466666666,2.6868916666666667e-06,371.75166666666667,106.67,53.955,55.38333333333333,0,0,274.77679164776,150.0,429.5676033502494,200.0,86594.29568041826,46799.0,133417.31859331141,61410.5,320.3353635385207,2.1759418208785335,2.0,3.0,0.6927168500173587,0.6798006761810661,1.0194823943503795,2.1759418208785335,0.2020955914860696,0.4721087642572031,0.00574791390793556,0.0,64000,0.05218242236368254,1.188200209800539,26.6718303078878,42.20931912579281,0.478796875
QQQ,y2022,close5,15:55,16:00,2,2,600.0,180760,1.0,0.0016637040683333331,1.0873549999999999e-05,301.26666666666665,55.803333333333335,28.85,27.666666666666668,0,0,606.7270068656355,400.0,635.7079608346767,400.0,190833.32256537717,126086.0,197598.3745766537,124123.5,315.08379132597935,1.1783246636188267,1.0,2.0,0.37476343398759626,0.3380319868432379,0.5981514181089146,1.1783246636188267,0.8225956887192661,0.1765440435239359,1.0115005027695401e-06,0.0,33480,0.04340441181345539,0.8199450798793788,35.86465575729603,159.23099614639784,0.5212962962962963
QQQ,y2022,pre,04:00,07:00,2,2,600.0,5251,1.0,0.0,0.0,8.751666666666667,2.445,1.0983333333333334,1.365,0,0,854.6395155218332,800.0,853.1730671131667,800.0,272202.2423771222,256096.0,272013.4588255023,256120.0,320.1010352535908,4.784028489711666,5.0,6.0,1.5125312225164977,1.4495101346609849,2.0319391089390346,4.784028489711666,0.00699381328666667,0.006279815451666669,0.6136414875883334,0.0,1465,0.2766941645411512,73.26450454586369,1294.983249656804,1496.665003647395,0.2054607508532423
QQQ,y2022,pre,07:00,08:00,2,2,600.0,8558,1.0,0.00028600302833333335,4.202858333333333e-06,14.263333333333334,3.091666666666667,1.4183333333333332,1.735,0,0,689.3137509226111,550.0,477.5159872713168,300.0,218666.07346762388,181781.0,151673.5245432324,95674.5,318.9593552992298,3.8193941628428907,4.0,6.0,1.183356352692784,1.1608743231880847,1.741478890808716,3.8193941628428907,0.06064024080151608,0.15866583614632926,0.36054623040848,0.0,1853,0.037074395116758994,6.036277969826229,952.4970435894528,1604.4850788111546,0.38100377765785215
QQQ,y2022,pre,08:00,09:00,2,2,600.0,9609,1.0,0.0008451013766666667,7.6591e-07,16.015,3.6766666666666667,1.9916666666666667,1.79,0,0,535.305725166784,200.0,446.71736956830375,150.0,172279.51972981152,63942.0,139472.2006636174,46719.5,319.6923981191497,2.9174516200408256,3.0,5.0,0.9345658691422383,0.8698889748507412,1.6973383129046353,2.9174516200408256,0.12347879632941203,0.2558730128944816,0.1052675719170983,0.0,2204,0.04625175379133462,24.56532875623229,802.2936102350056,1118.4595349306044,0.32667876588021777
QQQ,y2022,pre,09:00,09:30,2,2,600.0,19948,1.0,0.0010064092049999998,5.2221150000000006e-06,33.24666666666667,6.541666666666667,3.895,2.7016666666666667,0,0,576.825868633229,250.0,608.2778822866512,550.0,181413.07512306035,78733.5,199499.24603543573,182234.5,319.87618680850755,2.9744982313154167,3.0,4.0,0.9369541847787722,1.0182790026167443,1.357735498403083,2.9744982313154167,0.08657492896800414,0.202093064949057,0.05288765387543499,0.0,3923,0.059585811329734145,6.844548852493653,464.1967843882355,778.2829079682141,0.36273260260005097
QQQ,y2022,post,16:00,17:00,2,2,600.0,9555,1.0,0.0017992460116666668,1.92239e-06,15.925,4.368333333333333,2.2983333333333333,2.125,0,0,1059.9260400624642,900.0,706.4512927513204,650.0,329000.8481586783,276442.0,224494.01662180136,207838.0,315.3948598572468,3.071054881393817,3.0,5.0,0.962915196921705,1.0107191666704556,1.4969989056088409,3.071054881393817,0.1335282162070964,0.21531543381744983,0.10533957950204384,0.0,2619,0.07938340619254308,8.206664262856608,591.7050327109947,1566.1268688518853,0.3757159221076747
QQQ,y2022,post,17:00,18:00,2,2,600.0,51,1.0,0.0,0.0,0.085,0.04833333333333333,0.018333333333333333,0.03333333333333333,0,0,473.6927468661665,250.0,296.0973095268333,400.0,148381.03225330813,81633.0,96810.4117837796,131745.0,315.42870765293947,6.627957041316667,8.0,9.0,2.1140934558463678,2.395209580839549,2.6948730041091453,6.627957041316667,0.015781640091666667,0.0,0.6898272893933334,0.0,27,0.0966050878989814,3548.1338923357594,46238.10213992609,48395.23026555631,0.2962962962962963
QQQ,y2022,post,18:00,20:00,2,2,600.0,995,1.0,1.1591576666666668e-05,0.0,1.6583333333333334,0.51,0.25333333333333335,0.265,0,0,586.8264466489129,450.0,693.1798593494834,600.0,184332.9690476562,139149.0,215908.42034869766,183697.5,315.39713268496473,5.002694460728047,5.0,7.0,1.5707967514945038,1.6841982222609133,2.096356621161619,5.002694460728047,0.09160701444806449,0.057405867794517645,0.6847063629946342,0.0,304,0.13304544179780917,94.40608762859237,5534.481283355856,7301.629865669652,0.3026315789473684
QQQ,y2022,pre,04:00,09:30,2,8,2400.0,43366,1.0,0.0005343784025,2.547720833333333e-06,18.069166666666668,3.93875,2.1008333333333336,1.8979166666666667,0,0,664.0686769753555,300.0,596.458382017453,300.0,211155.4258035298,88186.5,190676.0336587068,95878.5,319.65723169008174,4.104760066850258,4.0,6.0,1.295271451231618,1.3546687002630806,2.0319391089390346,4.104760066850258,0.04516144390453275,0.09716815052187988,0.4242149258233262,0.0,9445,0.05986953462930225,12.033981977034061,752.823603320174,1226.7943253098288,0.33350979354155635
QQQ,y2022,post,16:00,20:00,2,6,1800.0,10601,1.0,0.0006036125294444443,6.407966666666666e-07,5.889444444444444,1.6422222222222222,0.8566666666666667,0.8077777777777778,0,0,706.6034094745274,450.0,565.1574945739841,600.0,220506.6174630565,150294.5,179043.5191440177,191110.0,315.4069073359976,4.9261002110416445,5.0,8.0,1.5546505389392706,1.4973496109377566,2.6948730041091453,4.9261002110416445,0.08313097129872302,0.08253179235162128,0.5411448987211613,0.0,2950,0.08566173871985992,8.99431832513365,903.649473722302,6021.783834918115,0.36745762711864405
QQQ,y2022,rth,09:30,16:00,2,52,15600.0,3152383,1.0,0.0004429577191666666,1.3494350512820511e-05,202.07583333333332,45.94519230769231,22.68032051282051,23.726666666666667,0,0,376.684540130664,200.0,351.2555114768923,200.0,117736.8527709233,67591.0,109823.01062351592,67064.0,317.3522916336511,1.5601893056098806,2.0,2.0,0.4988826944396975,0.5757551851755383,0.6804817692345579,1.5601893056098806,0.48477939805714576,0.4704550604856006,2.7088962890099742e-06,0.0,716693,0.05916235520065981,1.4853336190700717,58.37754225531229,129.57604539922588,0.45729063908814516
QQQ,y2023,rth,09:30,10:00,2,4,1200.0,356590,1.0,0.0006664476083333334,1.9066034166666668e-05,297.15833333333336,39.41583333333333,19.671666666666667,19.79,0,0,549.9967330636789,350.0,577.2705164481883,350.0,187854.53417880824,119528.0,195035.48564942306,119590.0,345.56931420789425,1.2643332069186755,1.0,2.0,0.36488087115892714,0.3151687504591612,0.5351930919234066,1.2643332069186755,0.7359531423509887,0.26378818906316687,4.646928866467025e-06,0.0,47295,0.05271432143716847,1.6918576992017997,64.24598676390556,145.70596784636533,0.44926525002642986
QQQ,y2023,rth,10:00,10:30,2,4,1200.0,305958,1.0,0.0010744821374999998,5.154712499999999e-06,254.965,24.684166666666666,13.593333333333334,11.134166666666667,0,0,664.9438863018336,450.0,572.0409181493585,350.0,223105.41530021164,151236.0,195022.85333912936,119431.0,345.14645335186145,1.236946011330292,1.0,2.0,0.3566177676211664,0.31450020660911326,0.5374418584884938,1.236946011330292,0.7667558303594092,0.22954238755190395,0.0,0.0,29617,0.050687799008546995,2.010694455263402,113.45805372389948,229.38679905907318,0.4480197184049701
QQQ,y2023,rth,10:30,11:00,2,4,1200.0,240739,1.0,0.00046365048749999997,1.2404491666666667e-06,200.61583333333334,18.825833333333332,9.695833333333333,9.175,0,0,590.7522934689654,400.0,674.4550918761518,650.0,205727.62004868969,141240.5,226384.11133747536,215046.0,346.0474405339724,1.1562944015790784,1.0,2.0,0.3342064302166414,0.3145605163137966,0.534118920754251,1.1562944015790784,0.8437063749227434,0.1562928485754346,0.0,0.0,22587,0.04854885611456561,2.3989717048662635,138.30059656265416,328.4292049567832,0.4412715278700137
QQQ,y2023,rth,11:00,11:30,2,4,1200.0,230768,1.0,0.0004888306775,3.7168500000000004e-07,192.30666666666667,16.898333333333333,8.4625,8.479166666666666,0,0,639.5148344114313,400.0,782.5209485668279,700.0,220440.93799291988,138390.0,268208.58728963713,236335.5,345.97086414613153,1.1350549747068615,1.0,2.0,0.32915485094435115,0.3153897559224821,0.5334376289202897,1.1350549747068615,0.8649452184843149,0.13505458832450884,0.0,0.0,20274,0.046191557611307214,1.8836490894898017,153.52692045959017,393.78258905718644,0.4608365394100819
QQQ,y2023,rth,11:30,12:00,2,4,1200.0,173695,1.0,0.0005760870975,7.585475000000001e-07,144.74583333333334,12.865833333333333,6.376666666666667,6.526666666666666,0,0,546.8239817800549,300.0,627.8960740912688,500.0,188321.85850311886,112486.5,211024.94132892825,167232.5,346.0859437803413,1.1014992109736539,1.0,2.0,0.32071615039780604,0.3151876225978836,0.5333921155663479,1.1014992109736539,0.8985008964224637,0.10149899618141867,0.0,0.0,15435,0.04684124344396855,2.532930003514179,213.35712120735954,502.9470596576158,0.4463232912212504
QQQ,y2023,rth,12:00,12:30,2,4,1200.0,175217,1.0,0.0003462012875,0.0,146.01416666666665,13.611666666666666,7.6475,5.9825,0,0,797.9421357199867,950.0,476.05391569078154,250.0,273115.5639826754,317610.0,158680.25906395106,85167.0,346.18922234265517,1.1472890385114334,1.0,2.0,0.3328511456960743,0.31474785731344657,0.5337271470726985,1.1472890385114334,0.8527863901137203,0.14713818126112585,0.0,0.0,16330,0.051573953780209014,2.6114335592962026,201.81505488906575,451.43924040097045,0.4385793018983466
QQQ,y2023,rth,12:30,13:00,2,4,1200.0,131043,1.0,0.00068726509,1.1551199999999999e-06,109.2025,9.7425,4.623333333333333,5.136666666666667,0,0,838.979752874076,750.0,622.1558914546147,450.0,282310.4606413487,252827.5,216585.54719333185,143249.0,346.6455399465653,1.2381011027645001,1.0,2.0,0.35583157084214395,0.31403319735044255,0.5336464701825651,1.2381011027645001,0.7618995249484634,0.23809984733857298,0.0,0.0,11687,0.05431227056582869,4.78559900876601,288.430592642757,579.0945064772048,0.3933430307178917
QQQ,y2023,rth,13:00,13:30,2,4,1200.0,142750,1.0,0.0002487780658333333,0.0,118.95833333333333,9.290833333333333,4.63,4.680833333333333,0,0,840.0838388434821,550.0,615.0196348169493,450.0,288882.788150408,206517.0,207704.74266909185,152011.5,347.2735329580186,1.106299848200634,1.0,2.0,0.32003289059599727,0.3133553719866611,0.5326885622505181,1.106299848200634,0.8937002558560867,0.10629964008719311,0.0,0.0,11145,0.04538466048493493,2.3887162113394327,288.5017918503061,751.2755816488636,0.45589950650515926
QQQ,y2023,rth,13:30,14:00,2,4,1200.0,125583,1.0,0.00027101810916666674,0.0,104.6525,8.719166666666666,4.1066666666666665,4.626666666666667,0,0,870.4481769425425,750.0,606.0298297338031,400.0,295540.6166668227,250587.0,208453.96992568186,127572.0,347.2541513973774,1.1272005593884233,1.0,2.0,0.3252068439693964,0.31357500502035157,0.5323526371430637,1.1272005593884233,0.8727994406115763,0.1272005593884235,0.0,0.0,10459,0.045481485987078164,3.0034769919269335,290.13674852040805,787.2215481228967,0.43464958409025717
QQQ,y2023,rth,14:00,14:30,2,4,1200.0,138491,1.0,0.0009354978375,8.603127499999998e-06,115.40916666666666,6.87,3.2883333333333336,3.589166666666667,0,0,850.8357633433958,800.0,538.4563002079701,400.0,286437.9390565508,266026.0,186420.71433919304,127324.0,346.77840572342893,1.0191154893185788,1.0,1.0,0.29573229139930196,0.3141513303550574,0.31427523195580764,1.0191154893185788,0.9808846946818028,0.019115121317815488,0.0,0.0,8240,0.03431267252587409,0.47039616035029125,449.13919098431114,1072.8887675997312,0.5463592233009709
QQQ,y2023,rth,14:30,15:00,2,4,1200.0,230400,1.0,0.0012450075733333333,8.657891666666666e-06,192.0,16.9025,8.729166666666666,8.215833333333334,0,0,621.7229227061623,450.0,731.7202893594765,450.0,211055.76087028804,153854.0,246990.51174634657,153937.0,345.2948781144557,1.1107331750540619,1.0,2.0,0.32231410595872484,0.31589858436843593,0.534316637965705,1.1107331750540619,0.8892685161653283,0.11072979261528172,0.0,0.0,20279,0.04155553565927398,1.047780400207624,153.49452745494872,435.4315387341067,0.4966714335026382
QQQ,y2023,rth,15:00,15:30,2,4,1200.0,169265,1.0,0.00032675638666666666,3.4197691666666666e-06,141.05416666666667,11.085833333333333,5.5216666666666665,5.578333333333333,0,0,772.034120687474,650.0,490.5303443332448,300.0,262469.76341380173,217316.5,168316.94638170803,112123.5,345.0599892508133,1.1117476991982445,1.0,2.0,0.3224340768083916,0.31585513993241865,0.5350238426703543,1.1117476991982445,0.8882533224940943,0.11174589879045921,0.0,0.0,13299,0.04150734931979622,1.552328412651123,263.3496750936924,568.0817173327627,0.4743965711707647
QQQ,y2023,rth,15:30,16:00,2,4,1200.0,244497,1.0,0.0005879796250000001,2.5447925e-06,203.7475,17.845833333333335,9.29,8.601666666666667,0,0,796.068316489135,650.0,639.5485771101276,400.0,273104.662717558,205134.0,222424.6547847853,137846.0,344.80360380579896,1.093624132733113,1.0,1.0,0.31920642344587186,0.3169139988567258,0.3169907990568298,1.093624132733113,0.9063776806185492,0.09362081122251308,1.1491786180340171e-08,0.0,21411,0.033609878473280036,0.8454763216340354,134.9235375182233,471.23206742605873,0.5117462986315445
QQQ,y2023,open5,09:30,09:35,2,2,600.0,212663,1.0,0.0005778503316666668,1.5962066666666667e-06,354.43833333333333,75.29166666666667,36.62,38.791666666666664,0,0,474.25388917187183,300.0,424.86646046927285,250.0,162268.6326504499,103380.0,145659.5716520354,87572.5,344.9580588973212,1.7387457085251794,2.0,2.0,0.5025687483745155,0.5352472020376065,0.6323412541595663,1.7387457085251794,0.35424541642193413,0.560354714401164,0.0012501366456851143,0.0,45173,0.04867033679335391,1.2019120072405687,36.675090716724796,68.40574417902373,0.4819471808381113
QQQ,y2023,close5,15:55,16:00,2,2,600.0,152588,1.0,0.0012065597866666665,2.919291666666667e-06,254.31333333333333,20.038333333333334,10.103333333333333,9.978333333333333,0,0,1005.3426936844,700.0,1274.0412581286403,900.0,342396.20804828906,241626.0,428737.9326226817,301920.0,345.1637908508176,1.061300001828047,1.0,1.0,0.308999905225618,0.3163419254258004,0.3163419254258004,1.061300001828047,0.93870551820999,0.061288961751972654,0.0,0.0,12021,0.03184368035262308,0.5586539285461241,110.53367857927401,480.3128090538887,0.5433824141086432
QQQ,y2023,pre,04:00,07:00,2,2,600.0,9729,1.0,6.854995666666667e-05,1.2156516666666667e-06,16.215,4.761666666666667,2.97,1.795,0,0,1100.3098871566326,900.0,957.3854279901265,800.0,377734.04827328527,309640.5,326975.5174284637,275268.0,344.03943578919007,3.6867463493034967,4.0,5.0,1.0700105103117852,1.0727500888708916,1.3409285147062073,3.6867463493034967,0.012877313770295554,0.04205903640759427,0.14291244892727123,0.0,2855,0.11624776595412217,18.871501312557047,634.4820715771185,900.6228822138705,0.3015761821366025
QQQ,y2023,pre,07:00,08:00,2,2,600.0,6434,1.0,0.0,5.442436666666667e-06,10.723333333333333,2.566666666666667,1.495,1.0716666666666668,0,0,990.0660783847608,900.0,1382.7390177635305,1300.0,340961.5247179428,309640.5,483726.8652538579,458577.5,344.06423125447924,3.4844529604962218,4.0,5.0,1.0071804134400908,1.0750051183979115,1.343736278735397,3.4844529604962218,0.015400304181846828,0.14263037325677333,0.12420360815693784,0.0,1538,0.13339601538262072,24.64147308281282,1126.0445048649333,1748.2071680159356,0.28218465539661897
QQQ,y2023,pre,08:00,09:00,2,2,600.0,84473,1.0,0.00010420607666666667,0.0,140.78833333333333,37.08,18.705,18.381666666666668,0,0,671.3482460044598,500.0,612.6849424232495,550.0,231747.2070311308,175024.0,216190.3299143842,196436.0,344.26315169333236,3.5679025838985283,4.0,5.0,1.0227352382266122,1.0739922171474436,1.3425005968714427,3.5679025838985283,0.03313886478441775,0.1856155843018087,0.2554424286049661,0.0,22246,0.08263758475122436,1.7775350859178087,48.6606397108959,218.24839745396955,0.4238514789175582
QQQ,y2023,pre,09:00,09:30,2,2,600.0,34173,1.0,5.529173999999999e-05,0.0,56.955,10.26,5.22,5.04,0,0,1300.467494644092,1300.0,895.7562696790997,850.0,452171.54323878733,456027.0,305759.7227239517,291324.0,344.33381033508635,2.6990777934392614,3.0,3.0,0.7844817773756154,0.8047286735314163,0.949793255831563,2.6990777934392614,0.04515766729433234,0.29033338719482465,0.0009892517041146841,0.0,6154,0.14210283414572533,9.27036372636593,266.5475210750601,439.48528645455184,0.30419239519012026
QQQ,y2023,post,16:00,17:00,2,2,600.0,3585,1.0,0.005903524061666668,4.804375e-06,5.975,0.7466666666666667,0.2683333333333333,0.47833333333333333,0,0,1219.388432445091,1050.0,1588.546122393058,1400.0,426897.16232761426,367227.0,549081.4213308814,478062.0,345.60041748929723,1.7691861550043693,2.0,2.0,0.5125307245340257,0.5339385669826349,0.6316012450909755,1.7691861550043693,0.3169504093096707,0.5987776954318282,0.0,0.0,446,0.1462177174456719,72.86181745132289,3837.072454922789,6154.292278400946,0.2399103139013453
QQQ,y2023,post,17:00,18:00,2,2,600.0,59,1.0,0.0,0.0,0.09833333333333333,0.028333333333333332,0.006666666666666667,0.021666666666666667,0,0,350.2472836731667,450.0,251.3433573666667,200.0,122656.54070840408,159846.0,91246.45341528991,72019.0,345.58540749831946,3.7745977122349994,3.0,8.0,1.0424188527861544,0.8009255803670209,2.13583938487935,3.7745977122349994,0.35210841980333335,0.11383999278166668,0.361245462435,0.0,15,1.4125375446227557,11885.022274370182,84139.51416451941,72195.46724206359,0.06666666666666667
QQQ,y2023,post,18:00,20:00,2,2,600.0,1102,1.0,0.0,0.0,1.8366666666666667,0.42,0.18666666666666668,0.23333333333333334,0,0,693.2136132656666,500.0,708.697692216,800.0,230264.78743425378,161196.5,232055.19782627583,256170.49999999997,345.5683035061947,3.8522960354550007,4.0,6.0,1.103615400698608,1.0680538454735355,1.6019312883479677,3.8522960354550007,0.011703818313333336,0.09878032397333332,0.3122553157733334,0.0,250,0.34145488738336033,266.0725059798809,7644.222742526007,8660.496194069152,0.208
QQQ,y2023,pre,04:00,09:30,2,8,2400.0,134809,1.0,5.701194333333333e-05,1.6645220833333336e-06,56.17041666666667,13.667083333333334,7.0975,6.5720833333333335,0,0,1015.551511561147,900.0,962.1509472149883,800.0,350654.81616903143,300039.5,333166.43820117944,291270.5,344.175155300567,3.5385697252772492,4.0,5.0,1.0240341947799754,1.0727500888708916,1.3409285147062073,3.5385697252772492,0.019954535258966802,0.10901632006886859,0.14706872898104997,0.0,32793,0.09400266949784516,2.9715226292181307,123.45153060577898,801.1103569022428,0.3841063641630836
QQQ,y2023,post,16:00,20:00,2,6,1800.0,4746,1.0,0.0019678413538888892,1.6014583333333335e-06,2.6366666666666667,0.3983333333333333,0.15388888888888888,0.24444444444444444,0,0,753.3653038937867,750.0,848.0707333927473,750.0,259610.03439173344,254826.0,290284.6721266022,280930.5,345.5846785008996,3.3120939845373423,3.0,6.0,0.9405450946793492,0.9475330560790308,1.6019312883479677,3.3120939845373423,0.17311661643491771,0.22754458404004038,0.24643902349541666,0.0,711,0.2046444636724676,170.04174595021306,5764.600708348574,10434.405168440058,0.2250351617440225
QQQ,y2023,rth,09:30,16:00,2,52,15600.0,2664996,1.0,0.0006090770756410256,3.920933012820512e-06,170.83307692307693,15.90448717948718,8.125897435897436,7.808974358974359,0,0,721.5609673233929,450.0,611.8174095176811,400.0,246032.53564228336,154238.0,208556.00760528253,127244.0,346.00927478312866,1.1421702020129032,1.0,2.0,0.3307060059913424,0.3141513303550574,0.5336789900612895,1.1421702020129032,0.8581427525179858,0.14154646883525862,3.5831413302950633e-07,0.0,248058,0.046337835713852395,1.8071043870403265,151.95582219639726,469.0573047448139,0.45933612300349114
QQQ,y2024,rth,09:30,10:00,2,4,1200.0,474759,1.0,0.0003567675825,7.243208333333333e-07,395.6325,86.305,42.5,43.84166666666667,0,0,302.33443801318856,250.0,391.44959830337325,250.0,134018.32568289267,110480.5,173760.91261633157,110558.0,446.5963219836285,2.0757497487601952,2.0,3.0,0.45748146231793263,0.4706824399205352,0.6407011964214574,2.0757497487601952,0.3695874048022903,0.2779518943175688,0.0011566496287105936,0.0,103562,0.04885814463666846,1.2281877365664013,32.83300853813483,57.05686188124888,0.4750294509569147
QQQ,y2024,rth,10:00,10:30,2,4,1200.0,325300,1.0,0.00013755040416666664,2.1444325e-06,271.0833333333333,55.719166666666666,28.419166666666666,27.3125,0,0,375.8711557477933,250.0,454.29815729529804,300.0,165304.5532266427,110748.0,202181.2901472299,140523.0,447.15393027712736,2.2361438953412236,2.0,4.0,0.4933177254817362,0.4697057558393955,0.8535678134697161,2.2361438953412236,0.26944796248410857,0.3431419089787627,0.001648412855597957,0.0,66859,0.059602595973296556,2.049347728841608,52.37130403313131,88.13187109524519,0.4150376164764654
QQQ,y2024,rth,10:30,11:00,2,4,1200.0,313709,1.0,0.0004502610883333333,2.9806508333333332e-06,261.4241666666667,48.655,24.226666666666667,24.440833333333334,0,0,388.10817614699164,250.0,406.1065105702211,250.0,171866.26581588923,111073.5,180359.61631232788,111095.0,448.55365735494473,2.1161812396321142,2.0,4.0,0.46399901360989526,0.4678725315346332,0.8511453471623321,2.1161812396321142,0.3842674197761419,0.2456946185812299,0.004131930551722714,0.0,58382,0.053267753327745346,1.5765723748991036,56.55116802073327,115.90693523899068,0.44681579939022303
QQQ,y2024,rth,11:00,11:30,2,4,1200.0,234434,1.0,0.00026614083000000004,9.650333333333334e-08,195.36166666666668,34.84916666666667,19.296666666666667,15.563333333333333,0,0,365.5631206123969,250.0,406.3385006096663,250.0,162684.00499668144,111207.0,180230.18147144094,111259.0,448.90219252371736,2.12682281804638,2.0,4.0,0.4652042653374347,0.4672968980160942,0.8505441583872794,2.12682281804638,0.4100631683486073,0.18997242183182805,0.002292983607841119,0.0,41815,0.05065184605307288,1.5424865338678675,79.46432814015166,161.45081755604608,0.45136912591175415
QQQ,y2024,rth,11:30,12:00,2,4,1200.0,204906,1.0,0.0003957912616666667,1.1728533333333333e-06,170.755,31.60333333333333,17.013333333333332,14.601666666666667,0,0,588.2119987067489,500.0,477.14526806956565,350.0,264333.6167737224,226146.0,212796.96177139666,149438.0,447.96713510247366,1.8962340035363807,2.0,3.0,0.41691267763690026,0.42620322980039516,0.640119928539795,1.8962340035363807,0.4358512796074806,0.2710030361404036,0.0,0.0,37920,0.0476884584751049,1.5111596361066777,90.22616468552489,180.41445097151544,0.4554324894514768
QQQ,y2024,rth,12:00,12:30,2,4,1200.0,167533,1.0,6.949110250000003e-05,0.0,139.61083333333335,26.311666666666667,12.9075,13.409166666666666,0,0,451.1966115125617,300.0,576.0786098873945,400.0,200753.20351348098,127989.0,258748.59500124055,179196.0,448.03202030346114,1.951147688956544,2.0,3.0,0.43013544297874406,0.4261271441009677,0.6391963323339245,1.951147688956544,0.36542974489836055,0.3549841991375337,1.4805855541891746e-05,0.0,31570,0.052387253962809306,1.9749330027457574,112.99551984243793,203.61392314034936,0.4298067785872664
QQQ,y2024,rth,12:30,13:00,2,4,1200.0,164362,1.0,0.00022031503916666666,1.01105725e-05,136.96833333333333,27.616666666666667,14.160833333333333,13.46,0,0,533.138911802272,550.0,533.3113574885914,350.0,241566.19316204631,251879.0,237788.86478990674,155823.5,448.13710934125294,2.025297281075633,2.0,3.0,0.4464679238924578,0.46888195799196747,0.6387830667891556,2.025297281075633,0.30780312267781545,0.39183240832485916,2.1246929169983337e-06,0.0,33136,0.054564301771078585,1.7087098744398037,104.15282006059127,212.42551260328733,0.43725857073877356
QQQ,y2024,rth,13:00,13:30,2,4,1200.0,150519,1.0,6.974649333333334e-05,4.296625e-07,125.4325,28.66,15.291666666666666,13.38,0,0,386.83172882334986,200.0,496.5017181265261,400.0,172251.6381287192,94330.0,222595.626371921,179052.0,447.71113782082597,2.1305498546177755,2.0,3.0,0.4692672788223195,0.47192463828706055,0.6361144325194615,2.1305498546177755,0.30382006841779896,0.36709987673399097,0.008306192554996445,0.0,34388,0.05793600853184668,1.7382123360017574,100.19575336883213,198.08978465526525,0.4382051878562289
QQQ,y2024,rth,13:30,14:00,2,4,1200.0,130898,1.0,0.00010346742749999999,1.6857983333333333e-06,109.08166666666666,22.95,11.815833333333334,11.144166666666667,0,0,498.8506542346685,300.0,490.0707341148287,400.0,224194.18970045532,131985.0,221346.42336362356,179232.0,448.0838624719542,1.7886493451001892,2.0,3.0,0.3955482196743762,0.4232425012102914,0.634849058243592,1.7886493451001892,0.38035092392826597,0.45338281478301184,5.880993405427676e-07,0.0,27536,0.05865216176033381,2.08984916749825,127.94312353745485,240.38722065215464,0.4210851249273678
QQQ,y2024,rth,14:00,14:30,2,4,1200.0,154502,1.0,0.0001427293325,1.1078575e-06,128.75166666666667,28.126666666666665,14.746666666666666,13.391666666666667,0,0,635.1812982189098,650.0,390.9226215484743,200.0,288294.1634160971,294995.5,174380.43182520886,94678.0,448.4637917462396,1.7484831393648608,2.0,3.0,0.38722751445157494,0.42240382903127727,0.634101495612718,1.7484831393648608,0.3912237361470361,0.47440688308797985,6.402408404434129e-06,0.0,33748,0.05377184024041189,1.9166981755360624,107.80904971652805,186.17001967683692,0.42873651771956856
QQQ,y2024,rth,14:30,15:00,2,4,1200.0,205895,1.0,0.0008997622091666666,0.0004728036508333333,171.57916666666668,38.03916666666667,20.525,17.524166666666666,0,0,668.7098474593686,350.0,375.7411339357212,200.0,303295.52947901963,155400.0,166769.64131710422,94688.0,448.1987113484877,1.8106929096048352,2.0,3.0,0.39995436142665114,0.42228942309016043,0.635545402915888,1.8106929096048352,0.4138792619100594,0.403024485001356,0.0003616805445343205,0.0,45643,0.05496308360515191,1.2590409064496453,67.73573440317867,184.76178429110823,0.4694038516311373
QQQ,y2024,rth,15:00,15:30,2,4,1200.0,164757,1.0,0.00021558175833333337,2.2330833333333335e-07,137.2975,25.6175,14.24,11.380833333333333,0,0,562.2679882516892,550.0,389.7554440922627,200.0,255215.0192477927,252920.0,173735.41840441286,94677.0,448.60814473086873,1.834459300894227,2.0,3.0,0.40407030281601153,0.42252293543554975,0.6339514532997973,1.834459300894227,0.40486826026606537,0.37092708867426527,6.692869355117366e-07,0.0,30737,0.061729515229777446,1.7627107239650022,117.18172588002325,220.7833521038942,0.43540358525555517
QQQ,y2024,rth,15:30,16:00,2,4,1200.0,180495,1.0,0.00018572954083333337,1.660225e-06,150.4125,28.770833333333332,14.7675,14.0125,0,0,455.42369264053553,300.0,392.43640430290674,250.0,204617.73713455058,134557.5,172707.61836466054,110868.5,448.45551907623616,1.7444412537138754,2.0,3.0,0.3833135920231736,0.42289221221559264,0.6344898149693291,1.7444412537138754,0.46451657549897574,0.3414053795216229,0.00011990919892337431,0.0,34521,0.05074381143868448,1.2666638660155323,96.29663494559723,220.96480133019062,0.4715969989281886
QQQ,y2024,open5,09:30,09:35,2,2,600.0,255287,1.0,0.00019243612166666666,3.5249666666666664e-07,425.47833333333335,122.49166666666666,61.815,60.725,0,0,472.2682425771358,250.0,337.90001815446817,250.0,211095.8587802406,110789.5,151507.94910055853,110617.5,447.0703116856336,2.4845676736222906,2.0,4.0,0.549923846555043,0.4696888851495589,0.8542417689969962,2.4845676736222906,0.15025555241701186,0.3984067958273705,0.005870104375978772,0.0,73493,0.04789696739774469,1.2046452608135723,23.28731091327491,34.87348174195731,0.47835848312084145
QQQ,y2024,close5,15:55,16:00,2,2,600.0,141260,1.0,0.0017543222783333334,0.0,235.43333333333334,28.378333333333334,13.803333333333333,14.616666666666667,0,0,819.4394838312312,700.0,929.9682086273701,800.0,362407.34692434093,308749.0,416073.5330324721,358484.0,448.12265348454963,1.2024307899546378,1.0,2.0,0.2670678113813343,0.23622325020230625,0.4229848677562165,1.2024307899546378,0.8179278872880729,0.16323648955693337,2.1184345836519537e-05,0.0,17025,0.03777337518818455,0.7615502492350701,85.4536798422416,293.2032125286849,0.5274596182085168
QQQ,y2024,pre,04:00,07:00,2,2,600.0,5918,1.0,0.0,0.0,9.863333333333333,2.64,1.195,1.445,0,0,925.9592442103334,800.0,1203.7905857503335,850.0,412405.84802258573,358568.0,540194.0247886206,382142.0,448.20737329032687,5.294559434206667,5.0,6.0,1.1793760663502375,1.171173125622159,1.4055407214415256,5.294559434206667,0.00016270689833333324,0.0024330329949999985,0.8496517440216668,0.0,1582,0.06407176188675537,12.429236291513167,1191.7089822705548,1806.6944849274446,0.3527180783817952
QQQ,y2024,pre,07:00,08:00,2,2,600.0,6571,1.0,9.951916666666667e-07,0.0,10.951666666666666,2.3,1.1516666666666666,1.15,0,0,1032.3265383014348,800.0,1075.4502828629927,950.0,455494.24309895036,344008.5,486379.4828038679,426938.5,448.276777099993,4.413813579763826,4.0,7.0,0.9865411776796261,0.9359488303905847,1.4918976441273253,4.413813579763826,0.03930489604090501,0.0934145354587006,0.49768561005757167,0.0,1378,0.06890660763910614,12.252798573828679,1370.3079641177792,1871.9901741952076,0.31567489114658925
QQQ,y2024,pre,08:00,09:00,2,2,600.0,13480,1.0,0.0006166795283333333,6.121499999999999e-07,22.466666666666665,5.006666666666667,2.17,2.84,0,0,996.2047405520923,1000.0,1095.4972258364794,1000.0,450689.9738804541,448305.0,485394.94530976214,448315.0,448.400272755416,5.122433473190815,5.0,7.0,1.1348004693794898,1.1708106933773752,1.4902719168058707,5.122433473190815,0.018568928620112758,0.026212925840986417,0.6528690682111813,0.0,3002,0.04247027825406922,5.26536608104487,642.8884053435901,1009.1616827321798,0.37108594270486345
QQQ,y2024,pre,09:00,09:30,2,2,600.0,33601,1.0,1.5065333333333334e-07,0.0,56.001666666666665,10.523333333333333,4.698333333333333,5.826666666666667,0,0,1321.9751337341272,1150.0,980.4828466840091,750.0,590893.2354796942,513901.0,436761.9664052993,332716.5,447.86785392487184,4.566640386436263,5.0,6.0,1.0194124199388426,1.0659522973769024,1.279122717983363,4.566640386436263,0.008995095628474474,0.03629510161131137,0.6225650753231702,0.0,6312,0.06923138665462071,5.6320521391484855,287.79315466813904,441.37858863583233,0.3320659062103929
QQQ,y2024,post,16:00,17:00,2,2,600.0,12307,1.0,0.00123530811,9.1386e-07,20.511666666666667,5.238333333333333,2.285,2.953333333333333,0,0,768.6983731727195,650.0,671.4662809516265,600.0,336867.2428560325,282386.0,294002.41888580646,263764.0,447.72271198210456,3.2582737815213245,3.0,5.0,0.7310160656494966,0.7090103150661801,1.0585513934411306,3.2582737815213245,0.07928742183281444,0.19371266526433373,0.1448463166722773,0.0,3141,0.06914991755738402,5.165296286076454,523.6499855557955,962.2539455055382,0.38872970391595035
QQQ,y2024,post,17:00,18:00,2,2,600.0,174,1.0,0.0,0.0,0.29,0.04,0.02,0.02,0,0,239.08202206216666,200.0,3825.9447249540003,5100.0,105671.75621268277,89528.0,1623237.906185207,2162427.0,447.65076710993793,2.506151062705,3.0,4.0,0.55604935308847,0.6352231221222713,0.8469731297778912,2.506151062705,0.20722406148833325,0.19639127350666666,0.0,0.0,22,0.3311311214825911,5011.872336272722,67091.37099554119,65480.28987333482,0.18181818181818182
QQQ,y2024,post,18:00,20:00,2,2,600.0,3005,1.0,0.010558583816666665,3.2838199999999995e-06,5.008333333333334,1.31,0.65,0.66,0,0,771.6599687566893,600.0,712.5301429115672,500.0,346382.8833048155,268686.0,316185.5577103948,221379.0,448.0324048421585,3.71876587542297,4.0,5.0,0.830864019442905,0.8459228599292112,1.1830653529864381,3.71876587542297,0.06771096825256746,0.10455601995336411,0.27095245507129284,0.0,784,0.05903520981793515,18.836490894898006,2242.689918413608,4454.329185216266,0.32653061224489793
QQQ,y2024,pre,04:00,09:30,2,8,2400.0,59570,1.0,0.00015445634333333333,1.5303749999999998e-07,24.820833333333333,5.1175,2.30375,2.8154166666666667,0,0,1069.127667511456,1000.0,1088.8042097998512,900.0,477374.9443913751,448305.0,487182.88284553215,403681.5,448.1880365047148,5.036953736144141,5.0,6.0,1.121668373832591,1.171173125622159,1.4055407214415256,5.036953736144141,0.011428998758228184,0.026377111107335042,0.729234990544607,0.0,12274,0.06098209106133525,6.391458891858149,546.6725568758939,1104.1039573027667,0.3424311552875998
QQQ,y2024,post,16:00,20:00,2,6,1800.0,15486,1.0,0.003931297308888889,1.3992266666666666e-06,8.603333333333333,2.196111111111111,0.985,1.211111111111111,0,0,592.4432032408432,450.0,1740.7074804082843,500.0,262648.58033591113,197685.0,746175.4551349209,221379.0,447.8011795890209,3.3004891487680674,3.0,5.0,0.7371983644059444,0.7091668948674988,1.0585513934411306,3.3004891487680674,0.10548335495657067,0.1498039946694322,0.17168780670371578,0.0,3947,0.0678589511645011,6.463460756293812,753.889496020012,3601.2604161642444,0.3752216873574867
QQQ,y2024,rth,09:30,16:00,2,52,15600.0,2872069,1.0,0.00027025646692307694,3.8087679679487174e-05,184.1069871794872,37.17108974358975,19.223910256410257,17.958653846153847,0,0,477.80675985742977,300.0,444.63649292637643,300.0,214484.6612716036,127974.0,198265.86533379368,127951.5,448.0664125982053,1.9603829716118963,2.0,3.0,0.4317636455711564,0.4259353955801407,0.6397694019044924,1.9603829716118963,0.37700289302467527,0.3449876339569398,0.0013879754998261263,0.0,579817,0.05322458365687596,1.5737766566850155,72.8712948241762,163.82986522282184,0.4474739443652049
QQQ,y2025,rth,09:30,10:00,3,6,1800.0,739361,1.0,0.0015369254994444443,4.760291666666667e-06,410.7561111111111,115.13444444444444,57.48833333333334,57.94611111111111,0,0,285.1727768292938,140.0,308.5994485589658,140.0,158443.61214277506,86681.79999999999,172502.30667855492,86641.6,549.371902041522,2.2669864622402542,2.0,4.0,0.4392263983860278,0.32311816573462215,0.8715048237224761,2.2669864622402542,0.38904025482469984,0.22058798385818226,0.046711888322280314,0.0,207236,0.035570847046554645,0.5996465167681813,23.24147021321984,50.592217176174486,0.5601005616784729
QQQ,y2025,rth,10:00,10:30,3,6,1800.0,551387,1.0,0.000836813486111111,2.7476916666666666e-06,306.3261111111111,78.30777777777777,39.62444444444444,38.77444444444444,0,0,338.04178663355754,300.0,359.4191693237689,300.0,191740.79200860485,171441.0,203528.6253877462,171457.5,551.2091667521495,2.131750184850367,2.0,4.0,0.40679793034285894,0.32221099636630324,0.8666977450438511,2.131750184850367,0.42791326364027443,0.22312339795444333,0.028180804029577435,0.0,140948,0.03577328711627948,0.7353273680549223,32.03387432727392,83.26493346021776,0.5348781110764254
QQQ,y2025,rth,10:30,11:00,3,6,1800.0,443115,1.0,0.0010078503855555556,5.887605555555556e-07,246.175,48.30722222222222,23.469444444444445,24.90111111111111,0,0,347.45023140060306,260.0,418.53615025888365,330.0,196245.4294261767,160380.6,235787.44918085716,177731.5,551.1029732270054,2.3519859117022386,1.0,5.0,0.4752411330805669,0.17491933865399517,1.0881637435858156,2.3519859117022386,0.6066127237443758,0.06510395626028163,0.2257370360967044,0.0,86947,0.020209897466439593,0.5749530113267726,59.484404659795686,135.98334460284136,0.5562124052583758
QQQ,y2025,rth,11:00,11:30,3,6,1800.0,373244,1.0,0.0009193065127777778,1.5268877777777778e-06,207.35777777777778,41.795,21.185,20.676666666666666,0,0,402.75132658928595,300.0,448.1653385580823,360.0,227139.7705538335,171712.5,253828.2309488473,213745.2,551.3289479478032,2.1245671302430265,1.0,5.0,0.4244312705029236,0.17473693485387545,1.085180874005559,2.1245671302430265,0.5963103731392403,0.09059456659227141,0.12943531854397103,0.0,75225,0.017807167970345473,0.23314793806125533,65.04643103049632,182.30724533705362,0.6031372549019608
QQQ,y2025,rth,11:30,12:00,3,6,1800.0,285439,1.0,0.0009760543933333334,1.3517205555555556e-06,158.57722222222222,33.135,17.10611111111111,16.069444444444443,0,0,427.79228431041497,300.0,457.00225931014404,370.0,243071.22054035138,171829.5,259161.8166932391,222791.1,551.5782078717237,2.1647553581860555,1.0,5.0,0.43436116196276275,0.17462332845905115,1.0871546357269988,2.1647553581860555,0.6118477830083255,0.07732605602937069,0.1567700908152379,0.0,59637,0.019534877420968943,0.3420646533866773,85.03770947678159,225.69303239939345,0.5899525462380737
QQQ,y2025,rth,12:00,12:30,3,6,1800.0,255086,1.0,0.0013843323822222225,1.592352222222222e-06,141.71444444444444,25.225,11.716111111111111,13.562777777777777,0,0,361.37660931136094,300.0,465.47418516968315,380.0,204538.51860543687,171910.5,261394.7196119635,223903.8,551.5803899360866,2.0475702940221083,1.0,5.0,0.40879407320622385,0.17452609223021287,1.086153970813133,2.0475702940221083,0.6182849940684383,0.07953820344682351,0.11107870134076915,0.0,45399,0.0203111832999386,0.6493091910208479,109.88512950134609,269.399084443066,0.5377871759289852
QQQ,y2025,rth,12:30,13:00,3,6,1800.0,177651,1.0,0.001958737733333333,6.629666666666666e-08,98.695,17.368333333333332,8.365555555555556,9.043888888888889,0,0,469.20392672332406,400.0,425.6459511184707,400.0,268480.7457338431,229126.0,239322.05626478253,226603.0,551.7531451341265,2.01556288811852,1.0,5.0,0.4032321346286393,0.1745755554166774,1.0864313849024991,2.01556288811852,0.6431289242976126,0.049119568162513026,0.10014255611916735,0.0,31257,0.02038578637065653,0.9090211902799988,152.2722589893945,376.1998259705217,0.50734235531241
QQQ,y2025,rth,13:00,13:30,3,6,1800.0,196910,1.0,0.0027904076488888883,6.189166666666667e-08,109.39444444444445,18.601111111111113,9.928888888888888,8.691666666666666,0,0,486.63474067485146,420.0,434.9894480908606,310.0,275481.1609517774,251491.80000000002,245191.5037355156,185554.0,551.2526238231802,2.022103278498732,1.0,4.0,0.4052455552225511,0.17466299878816177,0.8729710834477157,2.022103278498732,0.6359389026686617,0.05668368256408606,0.0995094049886195,0.0,33476,0.02129169767087931,1.1849271619679533,134.65200606835037,368.57407177810074,0.4844366113036205
QQQ,y2025,rth,13:30,14:00,3,6,1800.0,194280,1.0,0.0010908410394444444,0.0,107.93333333333334,18.463333333333335,8.473888888888888,10.051666666666666,0,0,487.7314996543305,420.0,523.7414878177268,400.0,274573.46559483645,251475.0,299384.6848758871,206028.0,551.0236742486436,2.0877127899009076,1.0,5.0,0.4209124557023788,0.17478643259091026,1.0913053806357107,2.0877127899009076,0.6481398541371924,0.03498516373904491,0.12931136621012843,0.0,33228,0.020981313322951358,0.9676950953801496,140.63855501254415,389.49885093034305,0.5025279884434815
QQQ,y2025,rth,14:00,14:30,3,6,1800.0,162365,1.0,0.0018219523133333334,1.36059e-06,90.20277777777778,16.18611111111111,8.68,7.535555555555556,0,0,413.46822284390737,400.0,569.7390877453751,550.0,231230.52009563864,226596.8,329065.9892473183,314776.0,550.7231932411594,2.0663726112958245,1.0,5.0,0.4164308537457289,0.17474750758776686,1.0939617328320992,2.0663726112958245,0.6382955853764022,0.04372467788772016,0.11467473752917882,0.0,29129,0.02307670290402993,1.4309174091633603,146.15474689173215,464.15401722485126,0.4635243228397817
QQQ,y2025,rth,14:30,15:00,3,6,1800.0,154966,1.0,0.0019201545394444445,2.3303888888888886e-07,86.09222222222222,15.15,8.265555555555556,6.9061111111111115,0,0,512.9817747530248,420.0,653.8925307469668,550.0,282794.4767699944,251533.0,370693.84971693816,274621.0,550.8848281192888,1.919679848999171,1.0,4.0,0.3843989569297666,0.17486886022058037,0.8745031182974,1.919679848999171,0.6505386091631528,0.045193130254299566,0.05114656950341536,0.0,27264,0.023143304170100357,1.413410574918814,155.5350592186615,496.8703430942679,0.4682731807511737
QQQ,y2025,rth,15:00,15:30,3,6,1800.0,146790,1.0,0.002772762517222222,5.728444444444444e-07,81.55,13.971666666666666,7.079444444444444,6.9061111111111115,0,0,527.330829397231,440.0,639.7976949743295,600.0,288386.50814726093,251883.19999999998,359066.5749849995,297814.0,551.3342294169165,1.796411669546706,1.0,4.0,0.35720951860660854,0.1749079219685466,0.8720090332669832,1.796411669546706,0.6580633337080344,0.0593276828140069,0.020042194508979302,0.0,25143,0.02147966179825674,1.1579891675511906,171.8353352061136,524.1140844298616,0.48816768086544965
QQQ,y2025,rth,15:30,16:00,3,6,1800.0,201304,1.0,0.0025136812127777774,2.099218888888889e-06,111.83555555555556,22.11,11.233888888888888,10.904444444444444,0,0,551.9648049172572,480.0,506.1427805379511,440.0,314717.7655068977,299486.0,286234.5173195514,274518.19999999995,551.0666060625964,1.7626727336195611,1.0,4.0,0.34976138965694714,0.174933988173937,0.8730060657324397,1.7626727336195611,0.6534092016155179,0.08369526745720297,0.020370813164803808,0.0,39792,0.02591454234565094,0.7479955829731191,96.70377438149592,441.8528738032942,0.526940088459992
QQQ,y2025,open5,09:30,09:35,3,3,900.0,417314,1.0,0.0017061869111111112,3.729009000000001e-05,463.6822222222222,136.36111111111111,67.61444444444444,69.0911111111111,0,0,276.34701791575065,200.0,262.78818621861365,160.0,153931.02021916,123868.0,147430.69771339456,99185.59999999999,549.4773992979794,2.4617219902575864,2.0,4.0,0.4731627432913372,0.3508526802390373,0.8715048237224761,2.4617219902575864,0.3616726062887746,0.17159201994924497,0.07764857792867648,0.0,122722,0.03487318791206416,0.6202744616773689,20.47580537112669,37.79573026492688,0.5529489415100797
QQQ,y2025,close5,15:55,16:00,3,3,900.0,234531,1.0,0.006803564878888889,1.3380328888888887e-05,260.59,39.73444444444444,20.773333333333333,19.093333333333334,0,0,709.0354336004272,600.0,626.1851398264101,480.0,402413.8992648017,374070.0,356576.9894976231,299304.0,550.6816176878331,1.4892042853150669,1.0,3.0,0.29028160290582894,0.17515226560537298,0.6547886596720496,1.4892042853150669,0.6997570916715696,0.15030137930739104,0.004155506138769686,0.0,35758,0.02135340369920181,0.3787007332769908,56.55310828232136,237.68092773191336,0.5983835784999161
QQQ,y2025,pre,04:00,07:00,3,3,900.0,7326,1.0,0.0,0.0,8.14,1.9055555555555554,0.9188888888888889,0.9866666666666667,0,0,117.74514503717778,100.0,248.03304625715555,120.0,65291.26396644532,49843.2,138539.09110288226,74778.0,550.8231248746065,4.404272081607778,4.0,7.0,0.8563663459280009,0.6419636918981928,1.5252272609516668,4.404272081607778,0.017935983303333344,0.10657098112444448,0.34823659625111114,0.0,1712,0.18450154191794743,53.70317963702533,1492.6345443650694,2459.324860654712,0.25934579439252337
QQQ,y2025,pre,07:00,08:00,3,3,900.0,16706,1.0,1.244772111111111e-05,0.0,18.56222222222222,4.004444444444444,1.8511111111111112,2.1533333333333333,0,0,164.31082418589276,100.0,227.96299320214084,200.0,88670.91299327978,57004.99999999999,127043.45063247845,113988.00000000001,550.4910405199918,5.450391635196134,5.0,9.0,1.0611563388581116,0.8771765556238822,1.9632746323141015,5.450391635196134,0.004164732935878533,0.09043400269724457,0.5631364805980804,0.0,3601,0.06914606050484738,12.115276586285892,667.0261451963071,1311.9111743213707,0.3446264926409331
QQQ,y2025,pre,08:00,09:00,3,3,900.0,17476,1.0,9.947771111111111e-06,0.0,19.41777777777778,4.035555555555556,2.5188888888888887,1.5166666666666666,0,0,444.66633193729086,120.0,275.3757119524187,200.0,237867.81741364376,74839.2,144707.3500435017,91444.0,550.3156615259712,3.424167134380899,2.0,7.0,0.6808226929572023,0.3508525430257149,1.530830614146391,3.424167134380899,0.1213951584168055,0.40177530215652185,0.2749151335883794,0.0,3629,0.08656083328842148,10.614336633236078,716.6174121656442,1251.7517802443506,0.3281895839074125
QQQ,y2025,pre,09:00,09:30,3,3,900.0,41151,1.0,0.0011492225111111114,0.0,45.723333333333336,12.552222222222222,6.0633333333333335,6.492222222222222,0,0,485.8329440695196,400.0,467.0669848988202,200.0,261385.16882577413,183176.0,262322.9310375473,114014.00000000001,549.0187847815391,4.0956278211558725,4.0,7.0,0.7856377479431952,0.6457497878376732,1.529129476581685,4.0956278211558725,0.05082365428204229,0.24172824724219108,0.41768802338353855,0.0,11294,0.06922705587040602,4.206044603225824,168.57404099005214,601.93927479404,0.3523995041615017
QQQ,y2025,post,16:00,17:00,3,3,900.0,10046,1.0,0.0006302618166666666,4.018544444444445e-07,11.162222222222223,2.761111111111111,1.25,1.5122222222222221,0,0,799.1923345046025,800.0,684.0947594996804,800.0,451049.20261337655,456384.0,385429.5157836551,456376.0,550.3797312488745,3.2908235491293607,3.0,6.0,0.6379088446476702,0.48125592182879434,1.3117500986968464,3.2908235491293607,0.08339378542419679,0.2959220834552925,0.18366140395303615,0.0,2482,0.0892534474693685,17.954225134915905,992.7894258280855,1695.761672027883,0.30257856567284447
QQQ,y2025,post,17:00,18:00,3,3,900.0,111,1.0,1.529377777777778e-07,0.0,0.12333333333333334,0.07777777777777778,0.042222222222222223,0.03666666666666667,0,0,221.79783304086763,200.0,222.99233334684078,100.0,119615.28737613889,91508.0,121606.29292256813,49859.2,550.4195361527135,8.669823257485726,9.0,14.0,1.66773427833304,1.5778262813269839,3.059137334161192,8.669823257485726,0.0029320871217602225,0.03892528484981323,0.8427781647248421,0.0,67,0.09332543007969918,2417.315480804108,32734.069487883797,42465.72197224888,0.208955223880597
QQQ,y2025,post,18:00,20:00,3,3,900.0,6940,1.0,1.5394655555555555e-06,0.0,7.711111111111111,2.0566666666666666,1.08,0.9777777777777777,0,0,413.5162610164183,600.0,366.1274200477966,600.0,243378.41446863007,342432.0,209531.9789735854,342480.0,549.1200532908066,4.338199352575144,4.0,7.0,0.8309638556491802,0.7007751425162468,1.5449503285662713,4.338199352575144,0.05899483006161996,0.12369913271055408,0.41380766064930674,0.0,1848,0.10241660382727064,41.246263829013515,1199.9107278302968,2874.037798040149,0.3246753246753247
QQQ,y2025,pre,04:00,09:30,3,12,3600.0,82659,1.0,0.0002929045008333334,0.0,22.960833333333333,5.624444444444444,2.8380555555555556,2.7872222222222223,0,0,303.08638695180724,110.0,304.56330681910043,200.0,163275.65004118855,65898.5,168126.3285788098,102776.0,550.1624801122216,4.388216168177873,4.0,8.0,0.8552539897401665,0.6419636918981928,1.7431600716988143,4.388216168177873,0.037232666982491856,0.16959752215421736,0.380291893569375,0.0,20236,0.07838209505975914,6.106294946489529,408.6588859624296,1323.4110830592326,0.33880213480925087
QQQ,y2025,post,16:00,20:00,3,9,2700.0,17097,1.0,0.0002106514066666667,1.3395148148148148e-07,6.332222222222223,1.6318518518518519,0.7907407407407407,0.8422222222222222,0,0,478.1013555904619,500.0,424.3502739702791,500.0,271309.87186377373,228680.0,238825.13088107068,228700.0,549.973021813452,5.159261377941342,4.0,9.0,0.9918927085697674,0.7007751425162468,1.7490161460949039,5.159261377941342,0.05107888316729923,0.14556140843155346,0.4635137224941228,0.0,4397,0.09485690831366511,25.296545883478384,1164.0734717882947,4503.425562010467,0.31043893563793495
QQQ,y2025,rth,09:30,16:00,3,78,23400.0,3881898,1.0,0.0016561399741452992,1.3047373076923079e-06,165.89307692307693,35.67346153846154,17.893589743589743,17.843846153846155,0,0,431.6491264719238,360.0,477.75187144258365,400.0,242814.7790782794,198513.6,270381.30114323355,223867.8,551.0930674322838,2.0583982828378242,1.0,4.0,0.4097110020822486,0.1749079219685466,0.8752428496336151,2.0583982828378242,0.598247384963023,0.08685987972448335,0.09487515526892132,0.0,834681,0.021628799971921648,0.6507407014594087,61.340165000082,245.86492041263054,0.542814560293094
QQQ,y2026,rth,09:30,10:00,1,2,600.0,191814,1.0,0.0001808955916666667,5.7668533333333335e-06,319.69,66.205,34.31666666666667,31.961666666666666,0,0,193.9879377388255,120.0,254.88755567947655,160.0,144399.84246319477,89327.4,189721.7632767675,119093.6,744.3225003984339,2.308320382189715,2.0,3.0,0.3101330903417781,0.26876756629181076,0.4031671796072736,2.308320382189715,0.17064574062950805,0.39091908249173607,0.0001982028770336334,0.0,39721,0.043680116074676846,2.427136169735959,42.687946455789856,63.35651577518194,0.4081719996978928
QQQ,y2026,rth,10:00,10:30,1,2,600.0,264719,1.0,0.00017062225666666667,1.1225425000000001e-05,441.1983333333333,109.00333333333333,48.595,60.50333333333333,0,0,159.19855088080237,120.0,323.51103855835544,140.0,118247.98401304566,89145.6,240287.02172833766,103988.0,742.7958665742805,2.626564667668897,3.0,4.0,0.35361453542751353,0.40349696387919404,0.5389458525244128,2.626564667668897,0.11687926716710317,0.3307510230884235,0.022051040247214063,0.0,65400,0.04908642242016293,1.4680398805226864,25.487857674035865,38.27815915952716,0.44909785932721713
QQQ,y2026,rth,10:30,11:00,1,2,600.0,182328,1.0,0.0012662259383333333,0.00019692152166666665,303.88,68.13666666666667,37.02333333333333,31.188333333333333,0,0,186.51279551408058,120.0,312.23718593124613,180.0,138348.63707848047,89007.0,231597.75373393943,133521.6,741.714375692418,2.715639898152589,3.0,4.0,0.3661321659008544,0.40443809313826057,0.539280772590117,2.715639898152589,0.054583489620863325,0.28161511117795146,0.0029956988374783148,0.0,40880,0.051351183665962113,1.822740232347774,43.774065083641126,64.0898963292933,0.4268835616438356
QQQ,y2026,rth,11:00,11:30,1,2,600.0,128947,1.0,4.7807505e-05,0.00035030153166666666,214.91166666666666,41.425,21.013333333333332,20.48,0,0,361.53439029384174,160.0,249.13981559258087,200.0,268854.9475941992,118984.0,185266.94086606527,148713.0,743.5908040139822,2.3085043527173363,2.0,3.0,0.31045816098979395,0.2690392760216918,0.40357466397543357,2.3085043527173363,0.13226928984122546,0.4448276934828676,8.713360200768973e-05,0.0,24853,0.050853347172805534,2.802842071670608,70.81116575614077,103.31616070528564,0.40220496519534865
QQQ,y2026,rth,11:30,12:00,1,2,600.0,135495,1.0,0.00010117091333333333,1.0159333333333334e-07,225.825,45.71,21.6,24.178333333333335,0,0,198.57775603425517,160.0,371.3791222779701,180.0,147321.8985472061,118741.6,275558.7457937834,133493.8,741.9092390943723,2.1151024470900053,2.0,3.0,0.28507974310965206,0.2696393117091931,0.40446723620603864,2.1151024470900053,0.19797154796824426,0.4968946856720362,1.7782789240975217e-05,0.0,27424,0.053989114137234805,2.000447757882935,62.25734847872828,103.20379489921055,0.43049883313885645
QQQ,y2026,rth,12:00,12:30,1,2,600.0,160489,1.0,5.734496000000001e-05,9.398666666666666e-08,267.4816666666667,57.361666666666665,28.49,28.945,0,0,276.0616327169316,160.0,206.6925030389251,160.0,205772.38372625364,119195.20000000001,154055.47654603882,119307.20000000001,745.3501003019143,2.248393707109562,2.0,3.0,0.3016564523081632,0.2683562446385085,0.4025413299530177,2.248393707109562,0.12411295853260573,0.51173184577653,7.977714231502286e-05,0.0,34415,0.05285350630594751,1.8757519911415028,51.082594472225225,76.79235518171033,0.4321371494987651
QQQ,y2026,rth,12:30,13:00,1,2,600.0,75537,1.0,7.211758666666668e-05,0.00022597964333333337,125.895,17.165,7.748333333333333,9.465,0,0,150.736945226364,120.0,430.47552765457664,220.0,112242.12186025716,89323.79999999999,320543.70591126353,163871.0,744.6557204624883,2.6145680497015973,3.0,4.0,0.35110181897573034,0.4028090940931048,0.5370656244248339,2.6145680497015973,0.10150278496570211,0.3170501601795195,0.0033410489290977173,0.0,10297,0.05590369014840827,6.0304296956359975,177.19447835730534,245.63286217956653,0.3480625424881033
QQQ,y2026,rth,13:00,13:30,1,2,600.0,49014,1.0,9.850753333333334e-06,1.6300016666666668e-06,81.69,9.551666666666666,4.741666666666666,4.821666666666666,0,0,221.82524532556107,160.0,495.08794178216317,380.0,165266.03601161728,119212.0,368854.57571305544,283194.8,745.03235806427,2.6990201381189465,3.0,4.0,0.36226968974834944,0.40260644579080646,0.5367939636600837,2.6990201381189465,0.05671011526493948,0.30067366490068137,0.0009940734077132471,0.0,5729,0.06641027736926872,11.828145730152707,332.13336075414105,409.3069451126072,0.3122709024262524
QQQ,y2026,rth,13:30,14:00,1,2,600.0,57345,1.0,0.0003007271,0.0001996189216666667,95.575,14.461666666666666,6.805,7.685,0,0,420.27501167169584,140.0,448.196397356676,440.0,313094.9366590408,104282.6,333823.8673460677,327666.2,744.8576693141792,2.4278835027283274,2.0,3.0,0.3259442068832103,0.26858083036142166,0.402870472209664,2.4278835027283274,0.10791616773353253,0.4252929559852363,0.0027546977403886314,0.0,8675,0.07731389902252964,7.303424937121892,212.24372657612903,299.97355645387137,0.3218443804034582
QQQ,y2026,rth,14:00,14:30,1,2,600.0,32395,1.0,0.0005283732616666665,0.0,53.99166666666667,5.418333333333333,2.6,2.8633333333333333,0,0,211.9721282832701,120.0,493.1644815531897,400.0,157969.14748634896,89439.6,367504.935421208,298030.0,745.20712115503,1.9409413825673445,2.0,3.0,0.2604556415102082,0.26834559899738747,0.4025076460939787,1.9409413825673445,0.2563435563092876,0.5496476628367133,0.0,0.0,3249,0.04558937479102599,12.471010340997724,598.2193617175861,757.15082128829,0.33056325023084027
QQQ,y2026,rth,14:30,15:00,1,2,600.0,40806,1.0,0.00030653575499999994,7.460666666666667e-08,68.01,8.903333333333334,4.651666666666666,4.27,0,0,249.2952681605325,140.0,304.30078696161246,280.0,185670.451119602,104250.4,226618.03591340245,208499.2,744.748699321738,2.156614982089634,2.0,3.0,0.2895779107873329,0.2686106372586567,0.4029359616285932,2.156614982089634,0.1771464845393592,0.5057887428910521,0.0,0.0,5340,0.05011872336272724,15.092495740177576,342.10662986071236,412.53113795694725,0.29719101123595504
QQQ,y2026,rth,15:00,15:30,1,2,600.0,38885,1.0,2.414095833333333e-05,0.0,64.80833333333334,6.325,3.4716666666666667,2.868333333333333,0,0,345.45698887837443,200.0,455.8609767780461,480.0,257159.03691930854,148887.0,339353.9186177691,357272.4,744.4160823366775,2.0051515871542516,2.0,3.0,0.2693612345699258,0.2686464313270654,0.40303819736542823,2.0051515871542516,0.23479185115862866,0.5309994991334509,0.0,0.0,3793,0.06149269534133481,20.535250264571452,486.3118963937192,611.3777506953193,0.30081729501713683
QQQ,y2026,rth,15:30,16:00,1,2,600.0,63121,1.0,0.00010627097666666666,5.093061666666667e-06,105.20166666666667,12.036666666666667,6.933333333333334,5.17,0,0,794.9093939552868,560.0,506.23686531687486,400.0,591222.1656493747,416598.0,376552.3638640801,297554.4,743.8209662428242,1.7601213868472634,2.0,3.0,0.23662432793560073,0.268862115024606,0.4032442773968116,1.7601213868472634,0.40527310565133956,0.4391870958369092,0.0004929452913783266,0.0,7220,0.034551072945922204,3.3570220857901325,246.9182506750455,434.9770566134556,0.40609418282548476
QQQ,y2026,open5,09:30,09:35,1,1,300.0,157326,1.0,0.00084659381,0.00020784606666666668,524.42,141.94666666666666,66.27,75.92666666666666,0,0,164.226917097543,120.0,347.1353541765779,200.0,121930.1695484501,89098.8,257751.5264619999,148578.0,742.4737111626722,3.548319450814091,3.0,6.0,0.4779565970781803,0.40402358700252927,0.8083661935427838,3.548319450814091,0.10264362715689278,0.17051419820012031,0.2712998416582441,0.0,42583,0.04575607800574726,1.2998369815714477,18.555803425142646,28.08556584696541,0.46657116689758826
QQQ,y2026,close5,15:55,16:00,1,1,300.0,55348,1.0,0.0017315817133333334,1.785405666666667e-05,184.49333333333334,27.636666666666667,14.16,13.55,0,0,490.2259613929101,240.0,346.0504085697751,240.0,365029.128326288,178706.4,257684.2080481868,178689.59999999998,744.6487001591939,1.629837410441779,2.0,2.0,0.2188730676937434,0.26857800657926323,0.26857800657926323,1.629837410441779,0.4482304124266996,0.47911752266218005,0.00015799651809362164,0.0,8290,0.02760623586566164,1.1932448255599855,105.7262933400375,232.83581666941248,0.4852834740651387
QQQ,y2026,pre,04:00,07:00,1,1,300.0,10280,1.0,0.00032632836,3.3340633333333336e-06,34.266666666666666,7.263333333333334,5.19,2.0733333333333333,0,0,286.73432439529967,320.0,215.11634394817787,200.0,213712.07611070247,238438.4,160339.103426098,149064.0,745.3556469378495,4.728006231315085,5.0,6.0,0.634334620640735,0.6708214645150125,0.8050306440605253,4.728006231315085,0.019664378079864476,0.036832703758378924,0.6484230477966152,0.0,2178,0.1631581211888826,19.169407765334572,390.58385337614055,549.0677493457916,0.2460973370064279
QQQ,y2026,pre,07:00,08:00,1,1,300.0,21791,1.0,7.869266666666667e-05,0.0,72.63666666666667,17.98,11.056666666666667,6.926666666666667,0,0,221.04883027351784,240.0,255.0830232191852,240.0,164760.47321464354,178884.0,190144.94885563926,178896.0,745.3949866710454,5.9877745020763,6.0,7.0,0.8033052519552275,0.8049600881208582,0.9391079367568976,5.9877745020763,0.0031304695649979853,0.010856524128834411,0.9173586301002257,0.0,5393,0.08062966313669875,4.79561329844506,160.46390560565334,304.3202264825278,0.35267939922121266
QQQ,y2026,pre,08:00,09:00,1,1,300.0,12959,1.0,0.0010875172666666667,0.0,43.196666666666665,9.466666666666667,4.463333333333333,5.006666666666667,0,0,378.7493674122666,320.0,394.46458894610083,320.0,281872.9134695269,238188.80000000002,293588.3519428963,238163.2,744.2501806613542,5.026633476785873,5.0,7.0,0.6753915283687245,0.6718359930054482,0.9404875034745769,5.026633476785873,0.02710536667761459,0.06721795532371135,0.6830043709933299,0.0,2839,0.17103182231286565,13.308148767409753,305.11097612701286,437.78323405878314,0.23987319478689678
QQQ,y2026,pre,09:00,09:30,1,1,300.0,18221,1.0,3.462407666666667e-05,0.0,60.736666666666665,11.18,7.72,3.46,0,0,345.31769400804495,200.0,245.25187444063656,120.0,257096.0657687086,148900.0,182610.67160876901,89354.4,744.5704103717235,4.750988638514864,5.0,6.0,0.6380849644966265,0.6715360735624617,0.805834693431656,4.750988638514864,0.015167498720638562,0.03146041402445383,0.6185954885276206,0.0,3353,0.1609162858675043,13.86004709233617,253.84458368097006,335.60670265248757,0.24545183417834776
QQQ,y2026,post,16:00,17:00,1,1,300.0,2440,1.0,0.008228126116666666,0.015388938276666663,8.133333333333333,2.19,0.6133333333333333,1.5766666666666667,0,0,585.9711840547249,600.0,687.8421945201678,800.0,436261.9123243858,446640.0,512122.980224598,595592.0,744.5240580192122,2.558281761596583,3.0,4.0,0.34360901133148375,0.402935948130478,0.5372357386053882,2.558281761596583,0.19197158586506566,0.30280542202733673,0.030822524174869616,0.0,656,0.0728152294256152,13.668293180829275,1241.2125377830957,2156.6921837197597,0.2759146341463415
QQQ,y2026,post,17:00,18:00,1,1,300.0,92,1.0000000000000002,2.1421666666666662e-07,0.0,0.30666666666666664,0.19666666666666666,0.1,0.09666666666666666,0,0,185.52754070842465,160.0,174.8205538754763,240.0,138305.05548566932,119289.59999999999,130342.43247555988,178905.6,745.5173236942967,9.346702188646054,7.0,21.0,1.2536325786136873,0.9390742064070156,2.8162780873453417,9.346702188646054,0.07730961502434136,0.2347929332965595,0.6468647394558749,0.0,58,0.08709635899560807,1258.9254117941678,16218.100973589277,18304.78007532622,0.25862068965517243
QQQ,y2026,post,18:00,20:00,1,1,300.0,23,1.0,0.0,0.0,0.07666666666666666,0.04666666666666667,0.02,0.02666666666666667,0,0,302.2164185184,480.0,232.2800458754667,240.0,225288.12549862658,357811.2,173199.37325312686,178956.0,745.5537991159908,19.085997801123334,21.0,22.0,2.5599864732816666,2.816731384422438,2.950841660517921,19.085997801123334,0.0,0.0,1.0,0.0,13,0.6760829753919821,11885.022274370182,45359.33372579287,40233.831870714275,0.15384615384615385
QQQ,y2026,pre,04:00,09:30,1,4,1200.0,63251,1.0,0.0003817905925,8.335158333333334e-07,52.70916666666667,11.4725,7.1075,4.366666666666666,0,0,307.9464384443909,280.0,277.45300094315695,220.0,229348.42096191354,208536.40000000002,206651.48231791003,163980.0,744.892935692517,5.013440180375429,5.0,7.0,0.672862386271722,0.6708214645150125,0.9391079367568976,5.013440180375429,0.017602312698640963,0.03714596322543808,0.700896343408584,0.0,13763,0.11733871849142545,9.44332637956273,256.7051158745438,387.4813151109845,0.28642011189420913
QQQ,y2026,post,16:00,20:00,1,3,900.0,2555,1.0,0.002742780111111111,0.005129646092222221,2.838888888888889,0.8111111111111111,0.24444444444444444,0.5666666666666667,0,0,356.095396178428,480.0,362.4190987499878,240.0,265272.28246943373,357811.2,269982.05266264215,178956.0,745.2037443191463,12.519244888122326,17.0,21.0,1.6793036341271261,2.2801499533905027,2.816731384422438,12.519244888122326,0.06732030022235175,0.13439958883097405,0.6694218159076861,0.0,727,0.07569913363435121,19.109529749704404,2003.8951769584023,10247.710927688202,0.2723521320495186
QQQ,y2026,rth,09:30,16:00,1,26,7800.0,1420895,1.0,0.00024400642743589742,7.667747282051283e-05,182.16602564102564,35.515641025641024,17.537692307692307,18.03076923076923,0,0,290.03785868135424,160.0,373.171882155451,200.0,215821.55500329792,118741.6,277675.97055510577,148999.0,744.0326111588504,2.302024825444767,2.0,3.0,0.30941077068552625,0.2690392760216918,0.40443809313826057,2.302024825444767,0.1643302432589793,0.42504086320101037,0.002539390429832442,0.0,276996,0.05076413106328116,2.2440719598548227,63.28923650875495,181.32475787137713,0.4137532671951942
SPY,last12m,rth,09:30,10:00,2,4,1200.0,646643,1.0,0.0007572038550000001,4.365270833333334e-06,538.8691666666666,95.27333333333333,47.25416666666667,48.354166666666664,0,0,293.00880898071694,240.0,338.508904423562,280.0,195816.48664175894,160580.4,226443.73543577068,187279.4,668.8489123756327,1.339258641921526,1.0,2.0,0.2007717963973756,0.15216901550108647,0.3044132786003668,1.339258641921526,0.6792121622551645,0.3094102103017164,0.0018612446256091588,0.0,114324,0.02680079377279771,0.7008885537460178,30.672016468002308,58.33305399096912,0.5344022252545397
SPY,last12m,rth,10:00,10:30,2,4,1200.0,600880,1.0,0.0006152613225,2.4830253333333333e-05,500.73333333333335,88.21,43.62583333333333,44.83833333333333,0,0,335.90742377054875,240.0,317.1853304267841,240.0,225049.4082416289,160695.6,212375.99256953338,160689.6,669.2371083839012,1.4851392779632622,1.0,2.0,0.222734249184095,0.15222621392872984,0.30453082391697395,1.4851392779632622,0.5802059603983338,0.3822022818041794,0.005076005600090159,0.0,105848,0.02812781140295874,0.7260251440110153,31.81038296722879,66.15677572142339,0.5322065603506916
SPY,last12m,rth,10:30,11:00,2,4,1200.0,405259,1.0,0.00036889656166666664,1.5360666666666666e-06,337.7158333333333,58.20333333333333,28.54083333333333,29.913333333333334,0,0,310.54813742503705,240.0,324.6030922394567,240.0,208230.15700547706,160942.8,218009.03043548673,160936.8,670.4841770102404,1.4211057807486691,1.0,2.0,0.2124607884540407,0.15189894451920422,0.3038129935725937,1.4211057807486691,0.5856147344877866,0.40766541011768415,0.0,0.0,69840,0.033590213633301925,1.134704205963357,48.278667419686535,102.34565393458166,0.47923825887743415
SPY,last12m,rth,11:00,11:30,2,4,1200.0,432439,1.0,0.0005230767683333334,2.347535833333333e-06,360.36583333333334,59.9175,29.830833333333334,30.33,0,0,382.99921733252995,280.0,304.01455087268215,260.0,256947.02114341475,187436.2,203676.9367127291,174323.59999999998,669.4833892748137,1.3702665652715802,1.0,2.0,0.2053343099418522,0.15217107356914256,0.3047906891303152,1.3702665652715802,0.634006078908682,0.3617240250858472,7.81069559596527e-07,0.0,71897,0.030703702261148186,0.9692072779374371,45.07675861458059,105.72754621490833,0.5034006982210663
SPY,last12m,rth,11:30,12:00,2,4,1200.0,338721,1.0,0.00046969773166666675,5.6505566666666665e-06,282.2675,47.814166666666665,24.468333333333334,23.56833333333333,0,0,416.7573798351882,340.0,376.20901608605203,300.0,280762.06137378444,228555.40000000002,252717.00707721803,201273.6,670.0808026310671,1.33963478497703,1.0,2.0,0.20068683640334395,0.1521960115899738,0.304534938714426,1.33963478497703,0.6656266169146867,0.3292950290792623,3.3092088601007143e-06,0.0,57373,0.030220214987072717,0.8604584758192293,52.39291365265856,155.78676683031554,0.5164275878897739
SPY,last12m,rth,12:00,12:30,2,4,1200.0,368538,1.0,0.0003926023008333333,6.056601666666666e-06,307.115,53.465,26.724166666666665,26.9325,0,0,355.76639868507954,280.0,357.10422498701143,260.0,238775.53356842062,187423.59999999998,239369.59350767545,177474.2,669.794186256427,1.4081137455162154,1.0,2.0,0.21080813633597714,0.15230828092819998,0.3045412806063315,1.4081137455162154,0.6108162463010466,0.37304561892702354,0.0004527599251081728,0.0,64154,0.03002927471940487,0.845735485346035,48.107022802205115,134.67897431147819,0.5189076285188765
SPY,last12m,rth,12:30,13:00,2,4,1200.0,230018,1.0,0.000981254005,2.4453391666666667e-06,191.68166666666667,31.836666666666666,16.069166666666668,15.984166666666667,0,0,448.403523622009,340.0,366.2694747240743,280.0,301922.26793817163,228805.0,246514.93087785764,187745.6,670.6052646153726,1.2328733439473818,1.0,2.0,0.18408952503971351,0.15203270441433464,0.3040784849916743,1.2328733439473818,0.7673300009820586,0.23247085229744313,6.151042443083877e-07,0.0,38200,0.02756733835777279,0.9031038733030066,81.44007225177552,234.24123360882606,0.5098952879581152
SPY,last12m,rth,13:00,13:30,2,4,1200.0,234972,1.0,0.0005923977000000001,2.549883333333333e-07,195.81,35.979166666666664,18.678333333333335,17.469166666666666,0,0,372.87943658975246,300.0,349.0267134429888,280.0,250826.51765400165,201432.4,234955.34022480153,187740.0,670.5988335664582,1.256929678611409,1.0,2.0,0.18792365626922264,0.15213236420593412,0.3043063813832419,1.256929678611409,0.7435344810790794,0.25600144342533054,0.0,0.0,43171,0.02834945903684428,0.8897222944672342,58.5415454641329,253.9803293948436,0.5118250677538162
SPY,last12m,rth,13:30,14:00,2,4,1200.0,227681,1.0,0.0008625503041666667,1.7963989166666664e-05,189.73416666666665,30.351666666666667,15.748333333333333,14.828333333333333,0,0,417.03046240663775,300.0,426.2709696912796,300.0,280742.25043874537,201087.4,287892.72181753686,201648.0,671.292407760383,1.231752553056315,1.0,2.0,0.18383034805813017,0.15182969084946063,0.303605086323777,1.231752553056315,0.768559275741732,0.23117310016142542,8.849684773934953e-06,0.0,36418,0.027747481479510526,0.7572081337648944,72.98553524031941,295.7290059911965,0.5268273930473941
SPY,last12m,rth,14:00,14:30,2,4,1200.0,176641,1.0,0.0002515754758333333,1.7102e-07,147.20083333333332,27.8125,14.718333333333334,13.195,0,0,375.0467448415876,280.0,379.8005195684504,260.0,252599.84513994498,187934.6,256508.15874235984,174779.39999999997,671.079863195757,1.2916763144200725,1.0,2.0,0.19326409496366323,0.151993980435032,0.3040258941919837,1.2916763144200725,0.7108773479571493,0.2865690856731319,0.0,0.0,33371,0.026681595163880786,0.8485800365380319,69.44135423828278,371.6630841174162,0.5163465284228821
SPY,last12m,rth,14:30,15:00,2,4,1200.0,140658,1.0,0.0010155287975000002,6.586285e-06,117.215,16.6925,8.309166666666666,8.554166666666667,0,0,464.9703097370302,320.0,525.1378077304388,320.0,313902.5068789108,214670.4,353867.86968169064,215243.6,670.8648781577629,1.0871384376363737,1.0,1.0,0.16224446092120795,0.152134838385363,0.15215745821337504,1.0871384376363737,0.9129187010425982,0.08702574824568142,0.0,0.0,20027,0.024117516775815067,0.5267615903580457,125.74374908944503,625.3286780839195,0.5570979178109552
SPY,last12m,rth,15:00,15:30,2,4,1200.0,205487,1.0,0.0008867787800000001,1.1489267500000001e-05,171.23916666666668,26.294166666666666,13.44,13.05,0,0,486.3774983466211,340.0,524.2452965284236,360.0,328094.91254312947,228840.2,354009.1129597173,242576.2,670.5317194272449,1.144178402310268,1.0,2.0,0.17102679901459208,0.15228796832613278,0.30455158544200656,1.144178402310268,0.8558309976200559,0.1441623020162216,4.3499907910678694e-07,0.0,31549,0.024316469914173616,0.5603217747762559,70.20734282714375,444.3593476398238,0.5571967415765952
SPY,last12m,rth,15:30,16:00,2,4,1200.0,322796,1.0,0.0033235324100000002,2.246164166666666e-06,268.99666666666667,30.19,15.705,16.0225,0,0,616.6246491689425,480.0,772.1404709341798,500.0,415094.0872459654,322907.2,519211.2237115866,334931.2,670.4445051829344,1.0460379341106978,1.0,1.0,0.15611817132841802,0.15232198457751475,0.15232942614998515,1.0460379341106978,0.9553160401637676,0.043491123433147184,2.899042406454324e-05,0.0,36224,0.019977390199676967,0.16261193448567626,46.13509440280619,513.5826808201873,0.6796046819787986
SPY,last12m,open5,09:30,09:35,2,2,600.0,362628,1.0,0.0010989855083333333,3.2669678333333326e-05,604.38,109.97,55.983333333333334,54.33833333333333,0,0,318.1578509291827,240.0,314.74684072052173,260.0,213643.18076607902,161370.4,210830.96294474124,174434.2,670.2383078308303,1.6216120478880893,1.0,3.0,0.24337953871022816,0.15155242622293028,0.4547496397707562,1.6216120478880893,0.6378484226324446,0.20106497916986885,0.024878433117874105,0.0,65980,0.023289932051850117,0.515520558575265,26.506528631738444,50.24086965154565,0.5662928160048499
SPY,last12m,close5,15:55,16:00,2,2,600.0,239099,1.0,0.004129341113333334,3.991553333333334e-06,398.49833333333333,43.56166666666667,22.438333333333333,22.69333333333333,0,0,862.7401267062925,560.0,805.1191681139247,600.0,582554.1947687619,377424.0,540363.8222092001,403197.2,670.1472116327537,1.0572791836408626,1.0,1.0,0.1578295884166952,0.15232942614998515,0.15232942614998515,1.0572791836408626,0.9440097679130337,0.054744593720883396,5.217753377147055e-06,0.0,26135,0.02082414320911186,0.22691621046749566,39.491169934897506,292.57533656331344,0.6552898412091066
SPY,last12m,pre,04:00,07:00,2,2,600.0,7637,1.0,0.0,0.0,12.728333333333333,4.746666666666667,2.3,2.4466666666666668,0,0,229.94259927393335,240.0,160.21374371640002,120.0,153512.8767770971,159984.8,107477.39379253169,80488.20000000001,670.7044289423867,5.163308148105,5.0,7.0,0.7714632202103568,0.7322363188642644,1.0628910250968155,5.163308148105,6.812119333333339e-05,0.001771493106666667,0.6766055791566667,0.0,2846,0.06781899525133701,11.672507969054776,480.9316217618996,1336.9351548676395,0.29796205200281095
SPY,last12m,pre,07:00,08:00,2,2,600.0,4747,1.0,0.002511444265,1.4601419999999999e-05,7.911666666666667,2.526666666666667,1.3866666666666667,1.1416666666666666,0,0,237.19172444719086,220.0,272.65730635099163,180.0,158175.540743897,146379.4,182007.68149177203,120047.40000000001,670.7865805910011,4.231750505323969,4.0,6.0,0.6335367092696566,0.5859166278729693,0.9105929937938108,4.231750505323969,0.030559278881221275,0.09496112388723803,0.39553169546093325,0.0,1514,0.048024562220350654,9.215441128371289,1142.743390212692,1935.5137860400637,0.3322324966974901
SPY,last12m,pre,08:00,09:00,2,2,600.0,11594,1.0,0.00016712391499999998,1.7879566666666672e-06,19.323333333333334,5.965,3.0866666666666664,2.881666666666667,0,0,268.9280425304074,260.0,285.6766270926403,180.0,179905.28782733082,173464.0,191128.9163141885,121164.6,671.8460569374939,4.2630494579496165,4.0,6.0,0.6357104141960608,0.605967117321915,0.908975667443245,4.2630494579496165,0.008689750073615913,0.08507827766445183,0.43405524238506443,0.0,3577,0.04538109805512024,2.791095187298938,335.73761424295503,1369.8323947297552,0.412636287391669
SPY,last12m,pre,09:00,09:30,2,2,600.0,25394,1.0,0.0018899236833333337,4.823231833333334e-05,42.32333333333333,13.878333333333334,7.03,6.858333333333333,0,0,426.0863875116508,320.0,415.5873876149896,360.0,285830.24148805573,216003.2,277817.6675643684,238904.0,669.4582852229752,4.3965153150860194,4.0,7.0,0.6590955411690413,0.6073564414498659,1.0630041635643617,4.3965153150860194,0.044464140497430735,0.07146244644280035,0.4324357060874217,0.0,8325,0.04291139311600464,3.30072897407709,218.30049795960983,372.7310312737879,0.41645645645645646
SPY,last12m,post,16:00,17:00,2,2,600.0,4961,1.0,0.0021846213466666666,0.0,8.268333333333333,2.0483333333333333,1.065,0.995,0,0,824.5983918469892,720.0,810.7334968455998,940.0,553740.7507227133,485827.19999999995,548392.5300804359,636329.0,670.1933374778654,2.8434900521636575,3.0,5.0,0.42609138874661745,0.4386209896259217,0.7310631723846652,2.8434900521636575,0.10679519139818319,0.3057660823773149,0.10000837134789196,0.0,1227,0.05784591928740784,7.321217907829135,1319.4247165567274,2735.787845078966,0.3504482477587612
SPY,last12m,post,17:00,18:00,2,2,600.0,202,1.0,0.0,0.0,0.33666666666666667,0.23666666666666666,0.1,0.13666666666666666,0,0,1552.6566763483338,280.0,342.227837438,400.0,1057150.261461066,187626.6,231270.50110316862,270847.0,670.1477287528967,11.606640642254998,11.0,20.0,1.7488075422562819,1.6082459154210849,3.0472746561687054,11.606640642254998,0.005272934101666666,0.004307920238333334,0.879563757695,0.0,140,0.16788040181225605,158.48931924611136,14125.375446227532,19147.589171848274,0.24285714285714285
SPY,last12m,post,18:00,20:00,2,2,600.0,1066,1.0,0.0,0.0,1.7766666666666666,0.8433333333333334,0.5033333333333333,0.345,0,0,269.87311648093333,280.0,357.48688581213327,440.0,178808.97202038212,184721.59999999998,238898.31991997742,295285.6,669.8398160742652,3.8180233833649995,4.0,6.0,0.5732217883756031,0.5847716083587553,0.9151392299969467,3.8180233833649995,0.05856680674833334,0.2051218822566667,0.32685871416833334,0.0,504,0.20137242498623892,114.37558630495384,3047.8949896279814,5518.494042848899,0.20634920634920634
SPY,last12m,pre,04:00,09:30,2,8,2400.0,49372,1.0,0.0011421229658333334,1.615542375e-05,20.571666666666665,6.779166666666667,3.450833333333333,3.3320833333333333,0,0,290.5060743086477,240.0,283.4764928455012,160.0,194335.09825898206,160045.6,189569.8650584255,107262.40000000001,670.6993357410166,4.7605421936602905,5.0,7.0,0.7114881008511472,0.7322363188642644,1.0604384440822747,4.7605421936602905,0.01121553868791865,0.040197291653289106,0.5592039142472199,0.0,16262,0.04663060218711306,4.2450424502974995,325.0373984710902,1039.6813986268892,0.38703726478907885
SPY,last12m,post,16:00,20:00,2,6,1800.0,6229,1.0,0.0007282071155555556,0.0,3.4605555555555556,1.0427777777777778,0.5561111111111111,0.4922222222222222,0,0,882.4181663299504,380.0,503.2588347951528,480.0,596597.870260787,253115.2,339368.23739059997,321705.6,670.0601971479401,5.5215443652871645,4.0,16.0,0.8303356269385263,0.5848306105092651,2.437883699476907,5.5215443652871645,0.05730043474912913,0.1800794417822454,0.4083223893448895,0.0,1871,0.07949381382041912,19.357180745914096,2263.7454280617158,5993.5337960547195,0.30358097274184925
SPY,last12m,rth,09:30,16:00,2,52,15600.0,4330733,1.0,0.0008492581548076925,6.611026025641027e-06,277.61108974358973,46.31076923076923,23.316346153846155,23.310769230769232,0,0,405.8195604809181,280.0,412.26366212167204,280.0,272947.1893534344,187741.4,277293.76170192513,187490.8,670.2573239606352,1.2811507321675357,1.0,2.0,0.1916478730282895,0.15203270441433464,0.3043961472095752,1.2811507321675357,0.7283864662827789,0.2650029960493264,0.0005718768658231514,0.0,722396,0.027476225756728066,0.7587365731807805,46.66679291218821,180.77223563477202,0.5279029784218074
SPY,normal18m,rth,09:30,10:00,4,8,2400.0,1049893,1.0,0.0014000397887499998,7.199655833333334e-06,437.4554166666667,76.13375,37.88458333333333,38.72958333333333,0,0,365.14337492113407,240.0,486.72158230313045,280.0,232074.84208164833,160580.4,308059.1964002223,187279.4,630.46862750114,1.7169138695864843,1.0,4.0,0.2867673100810207,0.155315542166203,0.7401813039780069,1.7169138695864843,0.6020850254054947,0.20226676873570884,0.019740970225725917,0.0,182713,0.028245384586589043,0.6780105764862537,35.573906336504976,78.76190902536725,0.5360045535895093
SPY,normal18m,rth,10:00,10:30,4,8,2400.0,839416,1.0,0.0011976543087499998,1.299934e-05,349.75666666666666,62.09375,31.537916666666668,30.796666666666667,0,0,389.6270913582213,240.0,418.0727257461007,260.0,248650.86929214987,160695.6,262579.0042687677,163193.4,631.2176461183128,1.7398812101658947,1.0,3.0,0.2879609539461349,0.15527391598533447,0.5533161622188333,1.7398812101658947,0.5518838444278599,0.24727224654584778,0.008259225734271037,0.0,149017,0.028865080157333443,0.6821229306754153,40.13254899283069,110.64746602072482,0.5382942885711026
SPY,normal18m,rth,10:30,11:00,4,8,2400.0,581827,1.0,0.0012265376379166667,1.1961933333333332e-06,242.42791666666668,43.57875,21.868333333333332,21.939583333333335,0,0,394.95844807135177,270.0,409.2137064724808,240.0,248772.9915980625,163855.2,261618.60711686706,160936.8,631.4784451410184,1.9876247206124895,1.0,4.0,0.33490303870749305,0.15528038229759664,0.7398581643199185,1.9876247206124895,0.5439014064116834,0.2227117168068398,0.09538716167211796,0.0,104581,0.0375111172855127,1.0398832246179024,58.5684319320498,156.45846644804672,0.4942102293915721
SPY,normal18m,rth,11:00,11:30,4,8,2400.0,555169,1.0,0.0009826618825,1.96054125e-06,231.32041666666666,37.16916666666667,18.360416666666666,18.969166666666666,0,0,388.03764946830904,280.0,460.3159705090318,290.0,247782.07993182653,187436.2,289870.9001779694,191017.4,631.2466012605818,1.897622595539385,1.0,4.0,0.3190794993346356,0.15518558619453182,0.7385760038743153,1.897622595539385,0.5674738270554261,0.20303426872711125,0.06277804022237213,0.0,89198,0.03127705544085164,1.0060068971709908,64.44259611999203,205.1414433580084,0.49914796295881075
SPY,normal18m,rth,11:30,12:00,4,8,2400.0,441908,1.0,0.0010698979787499999,1.1300585e-05,184.12833333333333,31.1925,15.97875,15.36,0,0,449.2619743068847,400.0,459.0767873059779,300.0,285837.7709800942,271517.5,292409.4052746897,201273.6,631.3315264057162,1.8967011556657838,1.0,4.0,0.31977750286485757,0.1551157235708886,0.7402039690385839,1.8967011556657838,0.5831393009000164,0.18531816739767698,0.06883040477937283,0.0,74854,0.03178798125211658,0.9364648253855548,75.53414584318058,265.8421547335566,0.5069201378683837
SPY,normal18m,rth,12:00,12:30,4,8,2400.0,455215,1.0,0.0015014978995833332,3.3522475e-06,189.67291666666668,31.454583333333332,15.644583333333333,15.95,0,0,405.7724785808833,280.0,483.43867582179956,310.0,258463.62562064212,187423.59999999998,304637.70056834444,200625.0,631.3571334767302,1.9048270782638945,1.0,4.0,0.31992661719954524,0.15503591560065627,0.7396140509273135,1.9048270782638945,0.5574734211009886,0.20500795523617357,0.05550612819935134,0.0,75483,0.03127535535755808,0.9363868879058885,66.9956048200664,289.5925012866909,0.507067816594465
SPY,normal18m,rth,12:30,13:00,4,8,2400.0,293651,1.0,0.0013916480670833333,1.4479495833333332e-06,122.35458333333334,19.847916666666666,10.03125,9.943333333333333,0,0,462.68060561265963,350.0,489.982829759331,280.0,294810.14394877467,228805.0,311747.5530495935,187745.6,631.647238749302,1.7998858819730486,1.0,4.0,0.30346117505769055,0.15502175813986901,0.7398614238356271,1.7998858819730486,0.6353216528897759,0.13704396288296702,0.048866712231740876,0.0,47627,0.02906545137877169,1.0248702729731651,115.35902655683749,430.92637578829283,0.4966510592731014
SPY,normal18m,rth,13:00,13:30,4,8,2400.0,316343,1.0,0.0022240116525000003,2.5268541666666665e-06,131.80958333333334,23.43875,12.017083333333334,11.539166666666667,0,0,416.9843261802418,300.0,472.81190127692,360.0,265881.38462308515,201432.4,298621.0367176823,217388.4,631.2786760945594,1.8495501790682904,1.0,4.0,0.3127811730493547,0.15511383628187234,0.7419439368996795,1.8495501790682904,0.6232902771032183,0.15341816318796037,0.076288066103445,0.0,56245,0.029871709560334078,0.9943931856780709,86.52243093323416,428.71331865707356,0.5005600497822028
SPY,normal18m,rth,13:30,14:00,4,8,2400.0,330631,1.0,0.0014592883733333332,9.537407916666666e-06,137.76291666666665,21.317083333333333,10.909166666666666,10.569166666666666,0,0,468.9176511329673,300.0,514.2660996326716,320.0,299954.66169258254,201087.4,327160.2496729233,218905.59999999998,631.3345783212221,1.879596127724489,1.0,4.0,0.3189671213601708,0.15516437254888735,0.743046584082005,1.879596127724489,0.6358243441602996,0.13272848198541243,0.08839350061217738,0.0,51153,0.029155379988370353,0.8531390677376038,105.76141988192234,422.55911988306184,0.5142806873497155
SPY,normal18m,rth,14:00,14:30,4,8,2400.0,258999,1.0,0.0009774261070833335,2.0404966666666668e-06,107.91625,19.26,9.856666666666667,9.496666666666666,0,0,450.6455603419665,280.0,497.37169770882286,290.0,286191.6436912935,187934.6,315934.1796008282,176508.59999999998,630.9866425880477,1.8350910266863145,1.0,4.0,0.3101922613648321,0.1551863916205421,0.7446339725996148,1.8350910266863145,0.607548322591309,0.16851931743476387,0.05698356944990535,0.0,46216,0.029510181716408273,1.0055251721003697,106.68911299141055,509.22379402013956,0.49917777393110613
SPY,normal18m,rth,14:30,15:00,4,8,2400.0,223200,1.0,0.00089731838375,4.247489166666667e-06,93.0,13.400833333333333,6.715833333333333,6.81625,0,0,489.0752079128856,320.0,581.2600621669725,330.0,312829.77136558923,214670.4,371403.0563761929,215243.6,630.9229937205538,1.679990041637131,1.0,4.0,0.2847119174078186,0.15525665974606156,0.7434939194424504,1.679990041637131,0.7105622849104065,0.07267293687685619,0.03285530933230471,0.0,32154,0.026734192265793537,0.7244359600749908,168.43607029816408,686.5360641192171,0.5286123032904149
SPY,normal18m,rth,15:00,15:30,4,8,2400.0,277256,1.0,0.0006688575283333333,5.744633750000001e-06,115.52333333333333,17.03375,8.677916666666667,8.484166666666667,0,0,528.9672363645728,420.0,584.826071672518,370.0,338242.21585594764,271632.0,374300.30502664857,242576.2,630.8811896003335,1.5198458439377704,1.0,3.0,0.25385753649599335,0.15534317736028672,0.5570161749314914,1.5198458439377704,0.6984704032979661,0.14518489617652905,0.005519089186998283,0.0,40873,0.025874567819730587,0.7208826668660288,113.19688071054169,660.3884241705214,0.5315489442908522
SPY,normal18m,rth,15:30,16:00,4,8,2400.0,458153,1.0,0.0026273631254166664,8.941642083333335e-06,190.89708333333334,26.216666666666665,13.685,13.330416666666666,0,0,798.7323225845778,480.0,714.9885103598359,500.0,500790.9691705482,322907.2,459733.2277687839,334931.2,630.5515092705801,1.3540921708966032,1.0,3.0,0.22494135672394508,0.15534893539086528,0.5573687209157555,1.3540921708966032,0.7830094440256983,0.10869438109884186,0.0031201041228742354,0.0,62912,0.02270038887958674,0.32118329886549146,61.01686237342319,539.4719652070905,0.6270186927772126
SPY,normal18m,open5,09:30,09:35,4,4,1200.0,606242,1.0,0.0018901120658333334,2.2132684166666663e-05,505.20166666666665,90.17916666666666,45.535833333333336,45.10333333333333,0,0,362.9444080915817,240.0,378.1810177760754,260.0,232348.56692918652,161370.4,237384.81168380205,174434.2,631.0524087820435,1.8369034018597976,1.0,4.0,0.304016123531537,0.1553321753299372,0.7405866744553873,1.8369034018597976,0.5794422227692524,0.16239974021479336,0.0302012096262181,0.0,108211,0.02424770265963456,0.5271128322936709,31.827598246010997,63.47490007401291,0.5606176821210413
SPY,normal18m,close5,15:55,16:00,4,4,1200.0,397848,1.0,0.004297772863333334,8.856606666666667e-06,331.54,39.67916666666667,20.340833333333332,20.316666666666666,0,0,1008.0304886222425,560.0,815.1729226278853,600.0,636189.4603476066,377424.0,519366.2537186945,403197.2,630.2340225635165,1.2005816024862408,1.0,2.0,0.1962462511161945,0.1554932361288262,0.3718088366874772,1.2005816024862408,0.8362761986563587,0.12980131986855967,0.00014081926975038317,0.0,47611,0.022693745118537376,0.3033963737804082,45.126180004477725,307.2217402499215,0.6286362395244797
SPY,normal18m,pre,04:00,07:00,4,4,1200.0,10911,1.0,1.4741558333333333e-06,0.0,9.0925,3.4458333333333333,1.6633333333333333,1.7833333333333334,0,0,275.00745819781537,260.0,200.015267950624,160.0,175256.92817316795,159984.8,124148.26226005123,94980.40000000001,631.3542256874061,5.884079533834337,5.0,10.0,0.9712691811350774,0.7592435296194316,1.8516022393298368,5.884079533834337,0.013797787875089488,0.04905669178804171,0.6373229597416922,0.0,4131,0.05783409020669642,10.25743942749031,622.8501331756855,2266.956947739819,0.34156378600823045
SPY,normal18m,pre,07:00,08:00,4,4,1200.0,11717,1.0,0.0028790868525,7.300709999999999e-06,9.764166666666666,3.345,1.6766666666666667,1.6716666666666666,0,0,264.9088828224745,200.0,210.93560687891699,110.0,164008.61318178638,118327.0,135475.5296942914,73151.8,631.1179068545881,5.545140130393856,5.0,10.0,0.9248621331041549,0.7322590348328639,1.853025455400506,5.545140130393856,0.03224638917665504,0.07174641352649015,0.5062272908878837,0.0,4010,0.050845204686009386,4.392208285136777,789.4658225524403,1917.7875085787682,0.41620947630922694
SPY,normal18m,pre,08:00,09:00,4,4,1200.0,21093,1.0,8.373326416666666e-05,8.939783333333336e-07,17.5775,4.99,2.6825,2.3091666666666666,0,0,410.81738581514924,430.0,409.59850565574914,350.0,251832.97589450728,253295.9,252007.06057993034,202879.0,631.323176818531,4.474457194875752,4.0,6.0,0.7243653784227925,0.6215865760876746,1.115007000667615,4.474457194875752,0.005310629565602743,0.059265320463980115,0.44239398659985096,0.0,5984,0.048888020631155577,3.6741045902678544,461.2417077301647,1467.8941224313776,0.40608288770053474
SPY,normal18m,pre,09:00,09:30,4,4,1200.0,35144,1.0,0.0009476477866666668,2.411615916666667e-05,29.286666666666665,8.909166666666666,4.640833333333333,4.274166666666667,0,0,468.9760603908467,340.0,467.4415595316536,250.0,296068.31894038134,214766.5,291478.26781324873,145171.5,630.2473856796896,4.383415523392741,4.0,6.0,0.7103358951814763,0.6215032103512896,1.1139386771858433,4.383415523392741,0.026018330952617193,0.07495390040134306,0.42757028556365395,0.0,10687,0.04531399937857192,3.5909095084479916,289.63554036419606,681.2434172248105,0.4119023112192383
SPY,normal18m,post,16:00,17:00,4,4,1200.0,6527,1.0,0.0010931627266666667,0.0,5.439166666666667,1.4708333333333334,0.7166666666666667,0.76,0,0,810.1202975115558,730.0,744.5576845432291,750.0,517235.5654200007,478995.6,477862.299674276,479006.0,630.1076496107571,3.296489088344408,3.0,6.0,0.5416906167303932,0.4665956935240496,1.1168189994731406,3.296489088344408,0.07739940142487065,0.24413405745525335,0.18621111280364142,0.0,1761,0.04875832529756122,4.823178482239311,1777.0002953986211,4645.350632240591,0.39977285633162973
SPY,normal18m,post,17:00,18:00,4,4,1200.0,394,1.0,6.219093333333333e-06,0.0,0.3283333333333333,0.23166666666666666,0.11833333333333333,0.11333333333333333,0,0,909.446923006546,190.0,362.9800287808438,250.0,608921.4253511912,124017.2,224659.81948731482,146315.5,630.2402137404694,8.980629468964528,7.0,19.0,1.3973178896444924,1.0666477522343638,2.8949073685802156,8.980629468964528,0.1520525533731877,0.021356725794471013,0.7380658401045124,0.0,274,0.06918309709189366,42.16965034285823,14454.397707459262,19220.233446110124,0.3686131386861314
SPY,normal18m,post,18:00,20:00,4,4,1200.0,3408,1.0,0.0,0.0,2.84,1.2616666666666667,0.6533333333333333,0.6116666666666667,0,0,269.50120075038336,250.0,345.21505183714993,440.0,172333.14140499692,156000.80000000002,221300.94149885754,291921.0,629.211599699311,5.062825383969166,4.0,10.0,0.8465540749483157,0.6218703072093863,1.8728482937052895,5.062825383969166,0.03540840084083333,0.12883196329083332,0.46557343749416663,0.0,1510,0.07829787941891028,9.420502606643518,1879.6373839101932,5114.792744221322,0.3403973509933775
SPY,normal18m,pre,04:00,09:30,4,16,4800.0,78865,1.0,0.0009779855147916668,8.077711875e-06,16.430208333333333,5.1725,2.6658333333333335,2.5095833333333335,0,0,354.9635794696168,260.0,322.04077686872824,200.0,221814.76462363184,169714.0,200801.33474090902,118818.8,631.0107751767683,5.42973521608527,5.0,10.0,0.8942187277314395,0.7322363188642644,1.8516022393298368,5.42973521608527,0.016719917789788156,0.05739250173732126,0.5589773271808433,0.0,24812,0.04858538360806396,4.338621645763311,433.3902341610151,1415.8648876129841,0.3994841205868128
SPY,normal18m,post,16:00,20:00,4,12,3600.0,10329,1.0,0.0003664606066666667,0.0,2.8691666666666666,0.9880555555555556,0.4961111111111111,0.495,0,0,662.9686759097859,340.0,484.1562858882313,480.0,432798.9112835897,224394.40000000002,307879.2530263706,291853.5,629.8530607785916,5.600692331311816,4.0,11.0,0.9080291640678794,0.6218703072093863,1.8728482937052895,5.600692331311816,0.07506718911993125,0.13078867745784778,0.4638559569741217,0.0,3545,0.057150172272043505,6.9382508890940615,2319.116579186051,7588.51559403283,0.37207334273624826
SPY,normal18m,rth,09:30,16:00,4,104,31200.0,6081661,1.0,0.0013557079025961537,5.57654125e-06,194.92503205128205,32.472115384615385,16.3975,16.301858974358975,0,0,462.186738236478,310.0,505.5493269497165,300.0,293850.3151092481,200951.0,321380.05117978423,191149.0,631.1310166480823,1.773997997628034,1.0,4.0,0.2982606568072904,0.15521905150808005,0.7398614238356271,1.773997997628034,0.6230631143649271,0.16799519043726763,0.04788737908513456,0.0,1013026,0.029101150739058498,0.7886716343956921,62.03861169356312,295.25639033694256,0.5231188538102675
SPY,y2022,rth,09:30,10:00,2,4,1200.0,363641,1.0,0.0011501329066666668,2.0840533333333334e-06,303.0341666666667,65.97666666666667,33.8825,33.28666666666667,0,0,344.44701358420645,200.0,344.56838577263375,200.0,143716.6248507925,84405.0,146890.10426002994,84395.0,421.83704384650343,1.5284373991202163,1.0,2.0,0.3702369150462809,0.2535378675673411,0.5070211799286579,1.5284373991202163,0.5507519762744909,0.37015742988191397,4.698747309673899e-09,0.0,79168,0.04537894567256246,0.9926997533334759,41.89295470390558,84.83316230650135,0.5006820937752627
SPY,y2022,rth,10:00,10:30,2,4,1200.0,319751,1.0,0.0013216657066666665,5.96736e-06,266.45916666666665,54.288333333333334,27.689166666666665,27.370833333333334,0,0,345.3749843055636,200.0,400.4885924154469,250.0,144904.46032995635,84315.0,169299.85794349926,103943.5,421.33264413142615,1.5321750857744538,1.0,2.0,0.3715739065869437,0.2534118370411416,0.5069477856068186,1.5321750857744538,0.5440423034851077,0.3797458860752901,0.0,0.0,65142,0.0506645374019435,0.9865182267953184,46.23591510938408,118.97371286968632,0.501274139572012
SPY,y2022,rth,10:30,11:00,2,4,1200.0,287890,1.0,0.001916681386666667,2.286016e-05,239.90833333333333,53.634166666666665,27.64666666666667,26.710833333333333,0,0,354.0403010464073,200.0,401.90633872449155,200.0,148996.09618160638,84078.0,167189.75543922436,89508.0,420.26390046942225,1.519124264251723,1.0,2.0,0.36815438994328564,0.25460732700811756,0.5091954797750491,1.519124264251723,0.5429257868002602,0.39513246222692616,5.104300001920031e-07,0.0,64357,0.052463084041751325,1.0741697934870331,47.70168795372026,116.03677161201449,0.4919899933185201
SPY,y2022,rth,11:00,11:30,2,4,1200.0,251743,1.0,0.0014610376533333335,3.3236480000000005e-05,209.78583333333333,43.848333333333336,21.95916666666667,22.365,0,0,323.9477908150321,200.0,310.0223211833002,200.0,135035.63626803312,89472.0,130633.36184085518,84283.0,421.2014684168104,1.3846438874649072,1.0,2.0,0.3331681027802725,0.2529165984377271,0.5063860203416058,1.3846438874649072,0.636075932719774,0.34320508781848164,3.7602855641188535e-08,0.0,52614,0.04719418960383863,0.8950959805092398,59.684765977364115,153.46380910806877,0.5095411867563766
SPY,y2022,rth,11:30,12:00,2,4,1200.0,205227,1.0,0.0009163603200000002,1.7704533333333333e-06,171.0225,32.68416666666667,16.166666666666668,16.82,0,0,344.81192605632475,200.0,349.9187635156171,200.0,143309.1153729594,89107.0,148156.88763314593,89120.0,420.2331535143658,1.3812646641542699,1.0,2.0,0.33332560720323645,0.2531711428119929,0.5064166688116022,1.3812646641542699,0.6368523410390512,0.3450306537676278,0.0,0.0,39217,0.04843618205754449,1.018677725210334,77.76529159737176,214.84054052230596,0.4983298059515006
SPY,y2022,rth,12:00,12:30,2,4,1200.0,205173,1.0,0.00107858112,3.3792e-07,170.9775,31.255,15.885833333333334,15.788333333333334,0,0,370.84860009560043,200.0,473.62909081464437,300.0,153664.06140342713,88820.0,198571.74361264042,118336.5,419.16413127626834,1.39728061271061,1.0,2.0,0.33894254220035547,0.2535074598894474,0.5073364799208704,1.39728061271061,0.6214684458723428,0.3597824955447044,0.0,0.0,37502,0.04614756182666647,0.9146989814622861,85.75407889819799,227.2299802534067,0.5082395605567703
SPY,y2022,rth,12:30,13:00,2,4,1200.0,228600,1.0,0.0012478685866666667,1.070784e-05,190.5,38.43833333333333,19.220833333333335,19.67,0,0,337.6452786175767,200.0,447.213759404601,250.0,142088.8258176112,88655.0,184568.6298404801,103513.5,418.8837274349375,1.450160531139368,1.0,2.0,0.3514581803550625,0.2535633942125919,0.5071567256608022,1.450160531139368,0.5795194273033368,0.3908107167820948,2.6183353751801555e-06,0.0,46122,0.0472597814273031,0.974500466339877,69.21894887097767,178.9654893217331,0.5022765708338753
SPY,y2022,rth,13:00,13:30,2,4,1200.0,191650,1.0,0.0006947163733333334,7.643733333333334e-07,159.70833333333334,29.585,14.795833333333333,15.025,0,0,334.2273478641157,200.0,499.4334751341967,300.0,140648.400647079,88450.0,206933.20352045185,123309.0,418.6870838986949,1.3454953281220934,1.0,2.0,0.32447720854316886,0.2529108931628551,0.5062725315339818,1.3454953281220934,0.6611323876733031,0.332239955238797,0.0,0.0,35498,0.05041042964417604,1.243498448258578,89.14764810765183,229.8962658308313,0.4800833849794355
SPY,y2022,rth,13:30,14:00,2,4,1200.0,212966,1.0,0.00043882026666666664,5.775786666666665e-06,177.47166666666666,39.48416666666667,19.495833333333334,20.184166666666666,0,0,284.1694816006641,200.0,486.5170609838594,250.0,118560.59920659839,83667.0,198683.3078416688,103372.0,418.3162531149102,1.398403166448756,1.0,2.0,0.3369736527712474,0.2535762955846381,0.5071387946880467,1.398403166448756,0.615281216880731,0.37103532585484095,2.2900848293434689e-07,0.0,47377,0.045690536209467524,0.7815891701686258,63.62536974336665,190.97237306495566,0.5225953521751061
SPY,y2022,rth,14:00,14:30,2,4,1200.0,211302,1.0,0.0010210135466666669,2.1588480000000004e-05,176.085,37.26166666666666,18.368333333333332,19.1725,0,0,359.6122341401287,200.0,339.39564603373003,200.0,151038.26532180034,83406.0,139954.41516610488,88122.0,416.89149019244036,1.4599396084212102,1.0,2.0,0.3537989138346203,0.2544026084833879,0.5088188231446826,1.4599396084212102,0.5559812321727922,0.42810525220356815,1.9647150825935125e-07,0.0,44710,0.05040600399390807,0.9463185305249004,68.43514437658297,196.726304392677,0.5051666293893984
SPY,y2022,rth,14:30,15:00,2,4,1200.0,222306,1.0,0.0007545077333333334,0.00011061717333333334,185.255,37.70666666666666,18.190833333333334,19.894166666666667,0,0,336.54224131510716,200.0,506.17934597010566,250.0,140152.33223949524,83287.0,212170.52137314167,102944.0,416.2965745470354,1.4550243511393022,1.0,2.0,0.35381323480286603,0.2544577811336629,0.5088882172255134,1.4550243511393022,0.57385298891348,0.3972698672568279,0.0,0.0,45244,0.04925978787355652,0.9272140007157659,66.29480911041624,199.58978260897132,0.5075369109716206
SPY,y2022,rth,15:00,15:30,2,4,1200.0,267034,1.0,0.0009845006933333334,2.3033600000000003e-05,222.52833333333334,44.88166666666667,22.5,22.738333333333333,0,0,348.51724084263344,200.0,485.8991693135187,250.0,145889.6966542147,83007.0,201956.60481023978,102575.5,415.0161844240133,1.3317905563904142,1.0,2.0,0.3237785542058904,0.2551029943106275,0.5106786715319542,1.3317905563904142,0.6742040698544353,0.3198046455074976,2.8038916836925886e-07,0.0,53854,0.047949217872034246,0.831164498945242,55.52439528195559,160.85752385970008,0.5181045047721617
SPY,y2022,rth,15:30,16:00,2,4,1200.0,303482,1.0,0.0010385945600000003,5.050496e-05,252.90166666666667,51.69916666666666,26.54,25.6975,0,0,372.78189467321994,200.0,620.0289925741987,200.0,155270.36593157888,83048.0,263041.98790088086,83055.0,414.883124940425,1.3809285933081148,1.0,2.0,0.3367492239923696,0.25505903963612464,0.5108420235243113,1.3809285933081148,0.6318605269966691,0.35535145555299824,0.0,0.0,62035,0.04673069851116971,0.7445875615504315,47.942026609132945,142.73503801262905,0.5320544853711614
SPY,y2022,open5,09:30,09:35,2,2,600.0,184270,1.0,0.001219915946666667,4.88704e-06,307.1166666666667,82.7,41.123333333333335,42.70666666666666,0,0,331.18923413912546,250.0,397.17410136958415,200.0,136666.90738535018,103941.0,166981.1344732297,84338.0,421.6154119964652,1.8944903268505016,2.0,3.0,0.4612049452246717,0.44523499317243587,0.7615485351135399,1.8944903268505016,0.4164182393699743,0.31775841898059054,0.0010126771299732676,0.0,49618,0.0500023972042069,1.097540037253711,32.66968758545524,60.086270193869865,0.4899230118102302
SPY,y2022,close5,15:55,16:00,2,2,600.0,196014,1.0,0.003088991146666667,4.154496000000001e-05,326.69,54.705,27.405,28.051666666666666,0,0,491.46597217375466,300.0,634.4510152030044,400.0,205596.7358511457,124857.0,264156.8550107031,164281.0,416.2074535436398,1.162014023818003,1.0,2.0,0.2814483437492056,0.2536237048134336,0.507357600278417,1.162014023818003,0.8383130562245468,0.16136221049285382,2.5979997988418425e-07,0.0,32821,0.03309181503803772,0.4513784452773179,40.28466764044117,167.3412387148218,0.5880381463087657
SPY,y2022,pre,04:00,07:00,2,2,600.0,2621,1.0,1.664e-08,1.5104e-07,4.368333333333333,1.72,0.8166666666666667,0.9866666666666667,0,0,396.2304003065801,250.0,416.94574091079505,250.0,162937.37319476507,101417.0,172077.10083111317,101448.0,421.5720175835319,5.812301625273402,6.0,7.0,1.375807032122291,1.339176407561615,1.771741252288061,5.812301625273402,0.005766424860247452,0.0060954629954205666,0.887037120685051,0.0,1030,0.07142432649639986,15.013107289081747,1858.7918911465663,2723.7762540453773,0.36893203883495146
SPY,y2022,pre,07:00,08:00,2,2,600.0,5920,1.0,4.093866666666666e-05,0.0,9.866666666666667,3.558333333333333,1.6066666666666667,2.0216666666666665,0,0,559.1940375329713,450.0,696.4276282585308,300.0,235799.63214820044,190660.5,288128.3917182384,120720.0,420.57438600600847,4.069391196623068,4.0,6.0,0.9729097244666286,1.0176510607490339,1.3389249969819814,4.069391196623068,0.029267185999571895,0.08703747125135643,0.36400696766658025,0.0,2133,0.039876247761039235,5.927303193666754,680.2470493706285,1765.6703022246388,0.4008438818565401
SPY,y2022,pre,08:00,09:00,2,2,600.0,13965,1.0,4.615850666666666e-05,1.830186666666667e-05,23.275,5.623333333333333,2.828333333333333,2.865,0,0,696.3811930343521,600.0,631.8447799370701,400.0,282532.7705435657,241805.0,264572.62445669604,171139.0,421.1655735411243,3.59720119661209,4.0,5.0,0.8675834701404819,0.8923574032614885,1.268911222198103,3.59720119661209,0.08270963912088262,0.10686637664653534,0.2700637623309445,0.0,3372,0.05578770060796124,7.943282347242816,479.41794469089723,909.5752448682936,0.38107947805456704
SPY,y2022,pre,09:00,09:30,2,2,600.0,16329,1.0,0.0005070220800000002,9.194666666666667e-07,27.215,7.04,3.62,3.59,0,0,707.9611643608055,400.0,633.2941690917435,300.0,290588.7536327338,165862.5,270541.0856480542,131849.0,421.3893653450415,3.330981692472793,3.0,5.0,0.803616355735868,0.7609477126568559,1.26837424939841,3.330981692472793,0.08413261519735502,0.13283937437060903,0.1712711237194813,0.0,4222,0.04977247616692124,2.9663488391777317,427.28893788878776,775.699462923908,0.4353387020369493
SPY,y2022,post,16:00,17:00,2,2,600.0,5482,1.0,0.007692614826666667,0.003363971413333334,9.136666666666667,3.453333333333333,1.9066666666666667,1.6133333333333333,0,0,813.5657801029546,650.0,598.6620007492281,450.0,337525.72904611856,265529.0,255097.0992744489,188545.0,416.6859926792663,3.518068435266075,4.0,5.0,0.8430215909392051,0.9135422749158667,1.1420233934166917,3.518068435266075,0.04879054335698971,0.1576289802810676,0.183774428322117,0.0,2070,0.04403013327202415,2.1338636564753273,693.2806692144534,2287.1528005036294,0.45942028985507244
SPY,y2022,post,17:00,18:00,2,2,600.0,72,1.0,0.0,0.0,0.12,0.058333333333333334,0.028333333333333332,0.03333333333333333,0,0,972.6938036479999,1250.0,330.265896832,250.0,388691.6623226735,498730.0,137211.72069490387,105219.0,416.65468733034237,4.074640451413332,3.0,7.0,0.9618133258104571,0.6854257486068661,1.769307568844849,4.074640451413332,0.08822045354666666,0.36711983445333335,0.3135502933333333,0.0,33,0.2137962089502234,3043.2198871077244,28619.804755017092,29762.900600491696,0.24242424242424243
SPY,y2022,post,18:00,20:00,2,2,600.0,392,1.0,0.0,0.0,0.6533333333333333,0.3016666666666667,0.13333333333333333,0.18666666666666668,0,0,672.6307274240002,500.0,477.02111765333336,450.0,281866.21459400153,210337.0,199908.05982888534,188497.5,416.49853431444694,5.535627904426667,5.0,8.0,1.3242731579605829,1.2646544436515117,1.8280939931484177,5.535627904426667,0.0,0.00984423424,0.7495358852266666,0.0,179,0.05922430868761306,5.787619883491214,10880.946292622279,15144.017615474786,0.40782122905027934
SPY,y2022,pre,04:00,09:30,2,8,2400.0,38835,1.0,0.00014853397333333335,4.843093333333333e-06,16.18125,4.485416666666667,2.2179166666666665,2.3658333333333332,0,0,589.9253170786859,400.0,594.6215343307125,350.0,242958.02284050474,157654.0,248826.39043697465,138130.5,421.17531472828165,4.867088748234865,5.0,7.0,1.1581313579712578,1.2656108308638925,1.5623179520382184,4.867088748234865,0.03115316496361352,0.05065634983081054,0.6146941188931669,0.0,10757,0.05010254803537782,5.143281683282674,568.4278195483166,1344.5148021616756,0.4051315422515571
SPY,y2022,post,16:00,20:00,2,6,1800.0,5946,1.0,0.002564204942222222,0.0011213238044444447,3.3033333333333332,1.271111111111111,0.6894444444444444,0.6111111111111112,0,0,819.6525366411805,500.0,468.1687350629205,400.0,336022.32782584947,218837.0,197192.21648933587,158170.0,416.61280169387123,4.665991173883185,4.0,7.0,1.113345308167707,1.0117034148548363,1.599532720621688,4.665991173883185,0.0342527492259141,0.13610932080360025,0.4990991230271959,0.0,2282,0.04564695002041174,2.4484367468222286,986.7577052032711,9628.968123646298,0.45223488168273446
SPY,y2022,rth,09:30,16:00,2,52,15600.0,3270765,1.0,0.0010788062194871796,2.2249895384615383e-05,209.66442307692307,43.13410256410256,21.718589743589742,21.901794871794873,0,0,342.84029566591613,200.0,435.7963032976099,200.0,143327.3653387762,87893.0,182162.31297420492,89285.0,418.6925127290568,1.4280394499234785,1.0,2.0,0.3458778420380219,0.2535378675673411,0.5088188231446826,1.4280394499234785,0.60184934255527,0.36828005392022056,2.981744606593428e-07,0.0,672840,0.048138583067184576,0.9335713617785909,58.23411141492175,163.12011196434554,0.5064963438558944
SPY,y2023,rth,09:30,10:00,2,4,1200.0,314108,1.0,0.0010287669333333333,5.051178666666667e-05,261.75666666666666,25.240833333333335,12.763333333333334,12.591666666666667,0,0,580.8356127112842,500.0,709.7552825034803,550.0,249723.77446097115,214595.0,305325.96880622016,236945.5,429.3269696605146,1.050544039960081,1.0,1.0,0.2449245927369391,0.24267218818084768,0.24277104322828322,1.050544039960081,0.9497220127315945,0.0500311519042499,4.248425234949274e-06,0.0,30285,0.03267674922294427,0.4346336625625939,92.35932903575615,329.3938520162725,0.5650982334489021
SPY,y2023,rth,10:00,10:30,2,4,1200.0,283745,1.0,0.00079359104,7.167146666666667e-06,236.45416666666668,20.545,10.178333333333333,10.506666666666666,0,0,626.2276257300202,500.0,637.0370232248905,500.0,269435.6273552527,216028.0,275526.67057356244,216050.0,428.83793133814635,1.047988867798755,1.0,1.0,0.2445133681470373,0.24252391378514532,0.24257871828212063,1.047988867798755,0.9520126322824475,0.04798662301455886,2.0048053643079917e-07,0.0,24650,0.03277350393071039,0.4289849614162336,125.15488221162114,381.437252368167,0.5616632860040568
SPY,y2023,rth,10:30,11:00,2,4,1200.0,196948,1.0,0.00031184981333333336,0.0,164.12333333333333,13.374166666666667,6.626666666666667,6.79,0,0,665.9921349202898,500.0,609.4933313309369,450.0,287713.3588628718,216648.0,263715.29620072077,195951.0,429.74259729854,1.1303660001061266,1.0,2.0,0.26441614680133174,0.24230924281194519,0.4846063317498419,1.1303660001061266,0.8697230480368535,0.13018790382016648,0.0,0.0,16045,0.03338128064526437,0.5960336210760442,201.68062526617894,536.6446147117249,0.5320660641944531
SPY,y2023,rth,11:00,11:30,2,4,1200.0,189083,1.0,0.0011342086399999999,4.968533333333334e-07,157.56916666666666,11.421666666666667,5.820833333333334,5.741666666666666,0,0,616.1998845406463,550.0,964.3488664415743,650.0,267461.9063220216,239017.5,419857.1632243318,281820.0,429.80866920048595,1.0377178822081365,1.0,1.0,0.24213558453196174,0.24248920146766342,0.24254611388715303,1.0377178822081365,0.962282193184078,0.0377177314237074,0.0,0.0,13702,0.026517768658143218,0.3627460140619339,220.50880004084033,748.7701311677681,0.5702087286527514
SPY,y2023,rth,11:30,12:00,2,4,1200.0,154944,1.0,0.0006047018666666666,4.6762666666666675e-07,129.12,8.906666666666666,4.614166666666667,4.380833333333333,0,0,690.0760039216549,600.0,710.6120049096344,600.0,298490.58928009815,259497.5,306933.07479954144,259596.0,429.64205093973044,1.0797717519106838,1.0,1.0,0.25244586751594156,0.24268782054921959,0.24270574421154473,1.0797717519106838,0.920228365280237,0.0797715175288427,0.0,0.0,10684,0.030221369176724883,0.8359091726979971,287.24426474671503,863.3101837350986,0.5128229127667541
SPY,y2023,rth,12:00,12:30,2,4,1200.0,159417,1.0,0.0010421335466666666,0.0,132.8475,7.9991666666666665,4.09,4.0125,0,0,670.5223810564231,600.0,672.8195651944094,550.0,290244.69813520345,259499.5,290542.9252058817,237223.0,429.6830629690116,1.0496146209008441,1.0,1.0,0.24513713728176348,0.24252035207212763,0.24269177726816982,1.0496146209008441,0.9503853790991558,0.04961462090084422,0.0,0.0,9595,0.031225012276973826,0.5945126142491649,365.4815828189512,825.6921845270231,0.5258989056800417
SPY,y2023,rth,12:30,13:00,2,4,1200.0,130432,1.0,0.0011488629333333334,4.7637333333333334e-07,108.69333333333333,5.4475,2.8641666666666667,2.6441666666666666,0,0,739.8434466526842,600.0,680.2386608067795,500.0,318789.52755749115,259738.5,294902.56235497794,216700.0,430.0108494996946,1.027952541888446,1.0,1.0,0.2396606977050425,0.24211529290916808,0.24213513442967965,1.027952541888446,0.9720474581115539,0.027952541888446193,0.0,0.0,6533,0.024806079975005224,0.4342552704121968,519.7608589036652,1320.5933024696353,0.5394152762896066
SPY,y2023,rth,13:00,13:30,2,4,1200.0,123417,1.0,0.0012915246933333335,0.0,102.8475,7.0633333333333335,3.52,3.59,0,0,726.821546353429,550.0,667.299180206411,550.0,312498.7295319284,237627.5,286744.1632906911,235861.5,430.4405711488208,1.031615522788373,1.0,1.0,0.240206938494904,0.2418311920478989,0.24188470645408552,1.031615522788373,0.9683844772116268,0.031615522788373034,0.0,0.0,8472,0.024799109728600503,0.34914448091942263,388.6926238780954,1154.20776402881,0.5619688385269122
SPY,y2023,rth,13:30,14:00,2,4,1200.0,104516,1.0,0.0006995737600000001,0.0,87.09666666666666,5.086666666666667,2.5841666666666665,2.5425,0,0,729.4557986318027,650.0,762.4828328863376,600.0,314977.11623456207,280633.5,326580.3591343845,268530.0,430.476097211462,1.0323178042078036,1.0,1.0,0.24043297150465937,0.24184260815148562,0.24190053995183716,1.0323178042078036,0.9676821957921962,0.03231780420780375,0.0,0.0,6100,0.02297174728193329,0.34145488738336033,535.7966575133423,1664.2978950645856,0.568688524590164
SPY,y2023,rth,14:00,14:30,2,4,1200.0,115046,1.0,0.0009763699199999999,7.0496e-06,95.87166666666667,6.4158333333333335,3.1341666666666668,3.3233333333333333,0,0,717.2647483465319,600.0,641.130760387304,550.0,311061.5083618265,259681.5,276187.4948600946,237389.5,430.088007006999,1.051883380248899,1.0,1.0,0.24539373993193397,0.24214370773542043,0.24215961786487075,1.051883380248899,0.9482107707944085,0.051695078162284434,0.0,0.0,7695,0.029422814284112815,0.5207948328595464,460.90094114056785,1135.1905750854182,0.5360623781676414
SPY,y2023,rth,14:30,15:00,2,4,1200.0,234221,1.0,0.0018785284266666666,1.0597120000000002e-05,195.18416666666667,14.003333333333334,7.138333333333334,6.949166666666667,0,0,731.1179111662766,600.0,823.176590572001,600.0,315896.4807044317,258967.0,353409.9488775814,257271.0,428.79461917847794,1.079098203182991,1.0,1.0,0.2526728864835667,0.2429240685611688,0.2431104142403991,1.079098203182991,0.9209018092137616,0.07909817838948612,0.0,0.0,16800,0.029606773151146987,0.5069520544752087,183.48706005132058,592.9261326401862,0.5517261904761904
SPY,y2023,rth,15:00,15:30,2,4,1200.0,156410,1.0,0.0008948334933333335,1.6919466666666667e-06,130.34166666666667,9.088333333333333,4.6075,4.56,0,0,648.8088498742761,550.0,768.3085862199836,550.0,279072.6010708525,236661.0,331350.64543883625,238383.0,428.61425289742385,1.0591831688698425,1.0,1.0,0.2479117923795144,0.2429097559057962,0.24317909738587637,1.0591831688698425,0.9408183223871075,0.05918022799327176,0.0,0.0,10902,0.03350457911298903,0.6243213161514894,302.90851049505375,849.9556362601478,0.5267840763162722
SPY,y2023,rth,15:30,16:00,2,4,1200.0,241585,1.0,0.0021886702933333335,2.1382399999999995e-06,201.32083333333333,12.446666666666667,6.259166666666666,6.309166666666667,0,0,1161.687588019567,1000.0,1205.3531072811113,1000.0,505824.7186191442,435851.0,526270.9884006191,437595.0,428.598866459467,1.068555825327134,1.0,1.0,0.25038313942303014,0.24343183707439991,0.2434487914883321,1.068555825327134,0.931445179113403,0.06855381644606,0.0,0.0,14932,0.02910283586548849,0.504142361634663,213.3529796149742,612.1164089967486,0.5445352263594964
SPY,y2023,open5,09:30,09:35,2,2,600.0,212766,1.0,0.0009359210666666666,0.00045700266666666667,354.61,41.901666666666664,20.48,21.663333333333334,0,0,571.8653057059211,400.0,589.6939802444864,450.0,245384.45031099464,171734.0,251519.24722004123,193838.0,429.11836253781104,1.1342354879570111,1.0,2.0,0.2648916750926501,0.24301554398456543,0.4477205070580011,1.1342354879570111,0.8718119556173359,0.12324364681394445,8.210903829481759e-05,0.0,25139,0.04043658286328225,0.6863386585340564,58.28172634719158,167.97252403332413,0.5330760969012291
SPY,y2023,close5,15:55,16:00,2,2,600.0,149361,1.0,0.0019962901333333335,5.337173333333333e-06,248.935,14.726666666666667,7.3933333333333335,7.49,0,0,1498.9783836060624,1300.0,1530.1597516224097,1200.0,643240.5521586374,559682.0,658793.8313783163,520143.0,429.1089971903531,1.0156644162967363,1.0,1.0,0.2372084110977148,0.24291289846692413,0.24291289846692413,1.0156644162967363,0.9843387375360617,0.015658108631140633,0.0,0.0,8834,0.025849986311790817,0.341332443776385,161.53843164877637,633.1620857072991,0.5927099841521395
SPY,y2023,pre,04:00,07:00,2,2,600.0,3419,1.0,1.857749333333333e-05,5.265066666666667e-07,5.698333333333333,2.1616666666666666,0.9016666666666666,1.2616666666666667,0,0,553.3402127820916,400.0,841.8009471732948,500.0,238780.0565998299,171410.0,360914.4138992569,214272.5,428.5342460127297,4.658922933450388,5.0,7.0,1.0774607689926854,1.1212192374203536,1.5697238613040427,4.658922933450388,0.014699945041083393,0.051495635505954006,0.5460217476794677,0.0,1295,0.06869996593898889,14.035316877758708,1632.2651103114365,2115.3587785515006,0.35366795366795367
SPY,y2023,pre,07:00,08:00,2,2,600.0,2785,1.0,7.517866666666665e-06,1.4225493333333332e-05,4.641666666666667,1.685,0.78,0.91,0,0,1668.2775840400896,400.0,563.6226141747375,400.0,708951.2108254071,171406.0,242295.58882703792,171410.0,428.50185950076883,3.8052669521959044,4.0,5.0,0.8813080174324749,0.8982216802995767,1.2144460210263501,3.8052669521959044,0.049838624779160456,0.1397011350654055,0.3471187965956239,0.0,1009,0.05406505718296409,6.595242507775994,1779.9863285843844,2997.0015941976235,0.40237859266600595
SPY,y2023,pre,08:00,09:00,2,2,600.0,36678,1.0,2.317952e-05,0.0,61.13,21.416666666666668,10.483333333333333,10.945,0,0,630.2924544845546,450.0,781.3026133448853,500.0,270830.0414877158,193781.5,332391.38103299425,214357.5,428.68492416990733,3.71929331842053,4.0,5.0,0.8597496581873526,0.8970794021768471,1.2153090104696231,3.71929331842053,0.07505491093680905,0.15973466321282057,0.37979643613908964,0.0,12848,0.055049412465801945,2.540493176551111,82.13687066038308,384.4061136384997,0.43212951432129515
SPY,y2023,pre,09:00,09:30,2,2,600.0,21339,1.0,0.004850033920000001,7.509333333333333e-08,35.565,8.123333333333333,3.5366666666666666,4.595,0,0,739.7982245757294,500.0,1096.435436984791,1000.0,315307.2215876029,212628.0,467901.9795921655,428655.0,428.76666335937614,2.9373615307825345,3.0,4.0,0.6795683953612387,0.7293351477196205,0.8966907374566471,2.9373615307825345,0.13657144881486052,0.21894013932981032,0.06281127706101236,0.0,4872,0.06299204595583337,2.2559700688435775,297.10039267443676,826.3806473292011,0.46038587848932677
SPY,y2023,post,16:00,17:00,2,2,600.0,1446,1.0,0.00039483861333333334,1.7122133333333336e-06,2.41,0.605,0.37666666666666665,0.23,0,0,1404.7471392713358,1100.0,1432.6010837627164,950.0,604549.3450624975,472296.0,598663.5972355513,396633.5,429.364679230104,2.128004889084583,2.0,3.0,0.49889742450091884,0.44770425645199563,0.7281539702036435,2.128004889084583,0.2257070590942016,0.47528289686565256,0.008387887717141553,0.0,361,0.06330362374481106,8.045546617235154,4282.197234491762,12225.829269049484,0.4099722991689751
SPY,y2023,post,17:00,18:00,2,2,600.0,75,1.0,1.2616533333333332e-06,0.0,0.125,0.06166666666666667,0.03833333333333333,0.023333333333333334,0,0,709.6145354368773,550.0,2009.8121282621707,850.0,311101.951517052,240499.0,876275.1758887655,353707.5,429.3980139674442,4.8344264923303,4.0,8.0,1.1268846418974912,0.8952385241720537,1.941794703754559,4.8344264923303,0.014115739195836077,0.10240464845249941,0.43965253548908684,0.0,35,0.595662143529011,3548.1338923357594,28183.829312644535,29793.52743951513,0.2
SPY,y2023,post,18:00,20:00,2,2,600.0,479,1.0,2.6227200000000004e-06,3.2580266666666665e-06,0.7983333333333333,0.3283333333333333,0.155,0.175,0,0,570.3124335856094,500.0,1083.1882449423276,1200.0,241737.2558574274,209422.0,462377.66530113615,516930.0,429.2962025623231,3.1587924491248316,3.0,5.0,0.733465088759965,0.7282321436721756,1.1194891435297123,3.1587924491248316,0.12859781865119332,0.2601485037341128,0.22546087062493003,0.0,195,0.08912509381337463,10.592537251772896,10901.84492385128,14070.531333883568,0.39487179487179486
SPY,y2023,pre,04:00,09:30,2,8,2400.0,64221,1.0,0.0012248272,3.7067733333333333e-06,26.75875,8.346666666666666,3.9254166666666666,4.4279166666666665,0,0,898.1180983452159,400.0,820.4572929700828,500.0,383549.45397396054,178256.0,350734.4191097527,214357.5,428.6217482506866,4.176365424792522,4.0,6.0,0.9660407600506373,0.972907211259096,1.3454810572145286,4.176365424792522,0.04314165368120909,0.10243504990199881,0.43570656623702236,0.0,20024,0.058184475219514455,2.8844558620081426,178.34845432983408,1584.7308484300404,0.4324310827007591
SPY,y2023,post,16:00,20:00,2,6,1800.0,2000,1.0,0.00013290766222222222,1.6567466666666666e-06,1.1111111111111112,0.33166666666666667,0.19,0.14277777777777778,0,0,894.8246800554643,800.0,1508.5444804567396,1200.0,385767.5785181905,343468.0,645778.6365537221,516930.0,429.3529637970224,3.3200040699161364,3.0,6.0,0.7731780609795851,0.728128830260372,1.3433840139114053,3.3200040699161364,0.1242546088981061,0.2744961381965944,0.22474054111402214,0.0,591,0.07370551753379344,9.623506263980902,7337.625723461747,15416.767373585117,0.3925549915397631
SPY,y2023,rth,09:30,16:00,2,52,15600.0,2403872,1.0,0.0010764319507692308,6.199745641025642e-06,154.09435897435898,11.310705128205129,5.70775641025641,5.687820512820513,0,0,715.7124921154297,600.0,757.7951794511221,600.0,309302.37266136415,247191.0,327463.9767064484,257592.0,429.54355460814344,1.0574340204817925,1.0,1.0,0.2469416494940507,0.2418311920478989,0.24317909738587637,1.0574340204817925,0.9426008665351773,0.05736578603465838,3.422289694682239e-07,0.0,176395,0.03009191227839594,0.47675481807847536,210.35328159531213,773.1043323330272,0.5490858584426996
SPY,y2024,rth,09:30,10:00,2,4,1200.0,306784,1.0,0.00033004202666666666,9.65696e-06,255.65333333333334,46.8725,23.339166666666667,23.590833333333332,0,0,355.5663570511831,300.0,344.98614606823344,300.0,186990.17643922093,150180.0,180851.59727721426,150190.5,527.4216883318809,1.5135317048664052,1.0,2.0,0.2844746198511431,0.19990251410128473,0.3998073338024855,1.5135317048664052,0.5597676795535325,0.3670771768116448,8.977983145109384e-07,0.0,56243,0.051050063828271146,1.734584264435556,58.22664482255514,114.04981527434839,0.44362854044058814
SPY,y2024,rth,10:00,10:30,2,4,1200.0,378314,1.0,0.0020712471466666667,1.4869119999999996e-05,315.26166666666666,44.97,24.579166666666666,22.64,0,0,341.3624216900497,300.0,421.73424591327677,350.0,178444.41050385407,155718.0,220390.83637244848,183378.0,527.8113795874111,1.482679992824602,1.0,2.0,0.2773849959108602,0.19931833414323177,0.39843700597444964,1.482679992824602,0.6119448543549888,0.2938466112088734,0.0,0.0,53960,0.02470325624849467,0.6198455170387474,57.58758678586269,158.33409898713063,0.5427538917716828
SPY,y2024,rth,10:30,11:00,2,4,1200.0,313357,1.0,0.0038376921600000004,1.219136e-05,261.1308333333333,42.79416666666667,22.135,22.1675,0,0,416.6326871990074,350.0,396.09636249028324,350.0,219469.98488713562,183889.5,209012.9691199688,183925.5,529.3746136556624,1.444195985899078,1.0,2.0,0.26962202448610395,0.19877058254850077,0.3972054317828233,1.444195985899078,0.642723134322765,0.2709766476233151,3.0881557064278695e-07,0.0,51349,0.02462983910042856,0.5823805960143138,54.06652912641569,202.8827623638304,0.5543243295877233
SPY,y2024,rth,11:00,11:30,2,4,1200.0,182587,1.0,0.00037440128000000003,1.09376e-06,152.15583333333333,31.579166666666666,15.541666666666666,16.063333333333333,0,0,349.32781999440857,250.0,381.2242917026618,300.0,183237.0619186161,131132.0,203235.7971456442,158823.0,529.5017266673384,1.5809186060818885,1.0,3.0,0.294889945676955,0.1984825051268536,0.5401181051987459,1.5809186060818885,0.538493383034405,0.34391778753005225,0.0,0.0,37891,0.023691325244556694,0.8311634003649617,77.34873022307505,238.0534969532451,0.5182497162914677
SPY,y2024,rth,11:30,12:00,2,4,1200.0,183741,1.0,0.0019978318933333333,6.698666666666666e-08,153.1175,30.529166666666665,15.32,16.60333333333333,0,0,375.8281033895011,250.0,309.91287696845956,250.0,198758.5978438355,130940.0,163221.64055549272,130922.0,528.8970394798661,1.5055198555264984,1.0,2.0,0.28144383682193636,0.1989009940001944,0.3977885783117049,1.5055198555264984,0.5923641565382394,0.3101737100011472,0.0,0.0,36631,0.02246833710650575,0.3702336402696305,77.34033346472853,301.46399252062935,0.5955611367421036
SPY,y2024,rth,12:00,12:30,2,4,1200.0,156893,1.0,0.0012795172266666668,8.264533333333333e-07,130.74416666666667,23.07,12.135,12.47,0,0,422.8378057869711,300.0,310.439351173298,250.0,225888.57930380007,158620.5,162716.11535619287,130859.0,528.743867783843,1.5167502649758897,1.0,2.0,0.2834328640739047,0.19902768587388905,0.39808080548331554,1.5167502649758897,0.5792853032636243,0.32522161228922325,0.0,0.0,27680,0.023789163784854836,0.38592363559004744,110.86548981369504,364.9488609404013,0.588728323699422
SPY,y2024,rth,12:30,13:00,2,4,1200.0,138433,1.0,0.00013395541333333333,1.3940906666666667e-05,115.36083333333333,23.698333333333334,12.161666666666667,11.57,0,0,337.0960371087084,250.0,380.1883368292573,300.0,179440.52711549,130846.5,200178.9542820095,158640.0,528.8695569590402,1.4994777281979152,1.0,2.0,0.280706627766106,0.19910573911811416,0.3982418029883489,1.4994777281979152,0.5913619204118225,0.3186294697260123,1.5426281490263444e-07,0.0,28434,0.022235653180882362,0.4835357304642506,97.76944734214645,381.0094347244929,0.5776183442357741
SPY,y2024,rth,13:00,13:30,2,4,1200.0,173388,1.0,0.0004919778133333333,2.05504e-06,144.49,31.944166666666668,16.1175,15.845,0,0,357.72290263162307,250.0,340.53047277177706,250.0,188476.081252862,130644.5,179264.13881748155,130647.0,528.362163480456,1.609879399659982,1.0,3.0,0.3020768062020305,0.2002017278541716,0.5383509726482986,1.609879399659982,0.5136904626316672,0.3775684787528742,0.0026578995430283545,0.0,38329,0.021814306106565234,0.3663570002894611,72.38494374294967,291.78089971972366,0.6126953481697931
SPY,y2024,rth,13:30,14:00,2,4,1200.0,157432,1.0,0.00018796437333333331,2.923306666666667e-06,131.19333333333333,28.144166666666667,13.403333333333334,14.76,0,0,531.8777650939558,400.0,304.5343363756177,250.0,282644.0504324888,199780.0,161243.6626942194,130658.5,528.8557692630668,1.4790253126705835,1.0,2.0,0.27834806010149044,0.2002253134166509,0.400510212595651,1.4790253126705835,0.5620096258869689,0.39697173712058026,4.188532872655864e-07,0.0,33769,0.021377715509217406,0.3081771076794111,86.22953186910465,329.6298783340705,0.617045218987829
SPY,y2024,rth,14:00,14:30,2,4,1200.0,169462,1.0,0.00030707263999999997,4.163199999999999e-06,141.21833333333333,28.661666666666665,14.279166666666667,14.419166666666667,0,0,441.35281345363154,300.0,440.02111179101274,300.0,233488.2105216471,149893.5,236158.6281366015,158790.0,529.0618152399171,1.4967304055316741,1.0,2.0,0.28226936815037346,0.20039409979607606,0.4007257856090253,1.4967304055316741,0.5397139678768292,0.4240511541038078,1.0862047325089674e-06,0.0,34390,0.023338244309766297,0.476008664791337,92.91938191769735,279.701223539138,0.5819715033439954
SPY,y2024,rth,14:30,15:00,2,4,1200.0,192810,1.0,0.0002168202666666667,9.046826666666667e-06,160.675,30.68166666666667,15.24,15.483333333333333,0,0,596.0963904097149,450.0,371.2209580654493,300.0,317375.0803446242,239256.5,198706.7208236566,158460.0,528.8701554500208,1.7240988111070654,2.0,3.0,0.3227584386923241,0.3577747223555699,0.5381570382357721,1.7240988111070654,0.4537437747475343,0.3905366723163397,0.00048814310879843464,0.0,36814,0.02261321626065865,0.48732185027084235,80.6551869915807,276.5760034152936,0.5835008420709513
SPY,y2024,rth,15:00,15:30,2,4,1200.0,179529,1.0,0.00018991296,6.929066666666667e-07,149.6075,27.43,12.050833333333333,15.406666666666666,0,0,701.9370602230426,450.0,413.60036350907365,350.0,369117.7183768264,236618.0,222429.21788981266,186674.5,529.1660245347277,1.779472614293168,2.0,3.0,0.3323173593756386,0.3580116947624221,0.5370862174436639,1.779472614293168,0.42671315205684907,0.3826854841783611,6.714879895501853e-07,0.0,32912,0.021859224521746802,0.3676535692710014,93.54211696079915,319.784087936005,0.6087749149246475
SPY,y2024,rth,15:30,16:00,2,4,1200.0,183157,1.0,0.0006400159999999999,2.72768e-06,152.63083333333333,25.493333333333332,12.871666666666666,13.438333333333333,0,0,576.739896584867,450.0,440.8171051230203,300.0,306727.2576877116,236765.5,233824.6399714771,150088.5,529.3513814680855,1.55353930623737,1.0,3.0,0.2894643498442054,0.19999328901055521,0.536929649696634,1.55353930623737,0.5835460990471589,0.2855805686522962,0.0002362384541066749,0.0,30588,0.022689501258694827,0.3858062589107343,91.51590917985052,384.8194027898687,0.6035700274617497
SPY,y2024,open5,09:30,09:35,2,2,600.0,178382,1.0,0.00031162026666666664,1.5206826666666667e-05,297.30333333333334,64.60333333333334,32.38,32.295,0,0,333.3794588581823,250.0,367.23543471369646,300.0,175494.2921575957,130716.0,194032.75548511327,158428.5,528.1963511434013,1.7074127662448186,2.0,3.0,0.32035424732156914,0.36047219796346774,0.5407167867445968,1.7074127662448186,0.4449137900408011,0.40487913891211214,3.3094549528759137e-06,0.0,38760,0.04528838019435403,1.5912664980302442,43.3717258449175,75.32733404812004,0.45598555211558306
SPY,y2024,close5,15:55,16:00,2,2,600.0,166219,1.0,0.0029016541866666665,1.1585706666666668e-05,277.0316666666667,37.21666666666667,19.265,19.551666666666666,0,0,915.1186031792465,600.0,847.8197970257197,550.0,482174.02236535365,314474.5,447123.4916768046,286479.5,529.1038396096891,1.3871439186282146,1.0,2.0,0.25925810810250854,0.20021554554405163,0.35804249092428875,1.3871439186282146,0.6798727779925657,0.2571170663081674,2.0950634223409957e-06,0.0,22328,0.023007859089591128,0.33683091485739364,60.44067489584345,268.2010388079286,0.6198943031171623
SPY,y2024,pre,04:00,07:00,2,2,600.0,1614,1.0,0.0,0.0,2.69,1.135,0.6133333333333333,0.5216666666666666,0,0,459.7603361706667,400.0,471.84912934400006,400.0,243734.647569024,211456.0,248053.04001383335,211460.0,528.6597649793963,5.855104537600001,6.0,7.0,1.108449251194599,1.0796033787871764,1.3956703040877279,5.855104537600001,0.004884923733333334,0.005864683093333334,0.85611232128,0.0,679,0.10262425089274546,73.09520507483127,2588.9579699294422,3549.7249385369228,0.27982326951399117
SPY,y2024,pre,07:00,08:00,2,2,600.0,2304,1.0,5.845333333333334e-07,0.0,3.84,1.4083333333333334,0.735,0.675,0,0,486.65659913367074,400.0,598.2061233247526,600.0,257668.05651558033,211526.0,315738.5062921428,319935.5,528.8163813672417,3.7803731076740945,4.0,6.0,0.7106395226510738,0.7200075056579138,1.0800237544250848,3.7803731076740945,0.05763255166148088,0.07211087607121074,0.22061938271938314,0.0,843,0.04146601569099167,3.001046517818872,2194.969911950791,3604.678558124564,0.4400948991696323
SPY,y2024,pre,08:00,09:00,2,2,600.0,5074,1.0,8.962986666666665e-06,0.0,8.456666666666667,2.935,1.525,1.4116666666666666,0,0,511.96602601399826,400.0,678.0424265545619,550.0,271061.7467927069,211604.0,353127.46871748194,286908.5,528.9676179311637,4.310313930139618,4.0,7.0,0.8063224757773952,0.7192851878212905,1.2588790842369968,4.310313930139618,0.030194985090582094,0.1168345746534013,0.3076084731439766,0.0,1759,0.055761356895943706,3.8904514499428036,1078.426863794162,1739.3419908043845,0.42637862421830586
SPY,y2024,pre,09:00,09:30,2,2,600.0,16113,1.0,0.00026275669333333335,0.0,26.855,6.4366666666666665,2.6883333333333335,3.75,0,0,627.1922505671766,550.0,806.002664045489,700.0,329492.25019591366,289430.5,418743.8675928122,362063.0,528.7823342667713,3.67268116534534,4.0,5.0,0.6930271534883273,0.7199219662498799,0.8998923701923888,3.67268116534534,0.02174610262735257,0.0690353128238541,0.17206166432730102,0.0,3860,0.05680829628320051,2.699292823154294,475.8290802641785,776.2253176838177,0.4484455958549223
SPY,y2024,post,16:00,17:00,2,2,600.0,7290,1.0,0.0144252288,1.755648e-05,12.15,2.5283333333333333,1.0983333333333334,1.4366666666666668,0,0,2237.694538239353,1100.0,1329.2426475732525,1150.0,1147370.7747843277,578909.0,691912.2334436654,594987.0,528.5006113014026,2.2150845758662765,2.0,4.0,0.41851097575605395,0.40036065136041654,0.7165418250223893,2.2150845758662765,0.30222547730147753,0.29987706280177656,0.0004157622042434272,0.0,1515,0.049954133319699404,6.144146161448636,1188.5022274370192,2186.4041052070606,0.3834983498349835
SPY,y2024,post,17:00,18:00,2,2,600.0,32,1.0,0.0,0.0,0.05333333333333334,0.023333333333333334,0.013333333333333334,0.01,0,0,6780.301726975999,8050.0,1895.1126608213333,2550.0,3392044.631012897,4026144.5,1029735.3877876488,1394629.5,528.9229936110016,8.386127177813332,4.0,14.0,1.541548459789232,0.8009130408658593,2.507073528884825,8.386127177813332,0.0,0.0,0.5,0.0,12,0.16595869074375608,5011.872336272722,95499.25860214377,88411.56020154494,0.25
SPY,y2024,post,18:00,20:00,2,2,600.0,929,1.0,0.00582450432,0.0,1.5483333333333333,0.685,0.32,0.36666666666666664,0,0,1093.9056806130702,800.0,1071.289448806544,1000.0,590248.0601922631,432045.5,563354.933500823,526097.0,529.1997432669892,3.6718715158800617,3.0,7.0,0.6875617926424241,0.6009251871486074,1.2525987398296046,3.6718715158800617,0.10799185341675065,0.2956372140436835,0.2844463869428906,0.0,409,0.04237823423970457,4.823178482239302,3445.6624277143505,9185.469431179145,0.4180929095354523
SPY,y2024,pre,04:00,09:30,2,8,2400.0,25105,1.0,6.807605333333333e-05,0.0,10.460416666666667,2.97875,1.3904166666666666,1.5895833333333333,0,0,521.3868788889746,400.0,638.5140009425155,450.0,275485.64013530395,222260.0,333910.10758874094,236740.0,528.8065258628625,4.998607496961159,5.0,7.0,0.9434224234102596,0.8995473267375462,1.3956703040877279,4.998607496961159,0.020610065321043498,0.04382857389391619,0.5786537548849109,0.0,7141,0.05568982614206425,4.406349561856584,907.0913106691343,1995.66879609577,0.4259907575969752
SPY,y2024,post,16:00,20:00,2,6,1800.0,8251,1.0,0.00674991104,5.85216e-06,4.583888888888889,1.0788888888888888,0.4772222222222222,0.6044444444444445,0,0,3380.5756840437434,1050.0,1433.0839293506406,1050.0,1714802.9137117967,578909.0,762393.2655902813,526097.0,528.8756255347705,4.486238696359933,3.0,12.0,0.8337957552075336,0.6009251871486074,2.148958651519338,4.486238696359933,0.1295522960337447,0.2227878727222859,0.26732713402250613,0.0,1936,0.048924208634050205,6.309573444801939,1571.9706909184254,7602.756406880353,0.3899793388429752
SPY,y2024,rth,09:30,16:00,2,52,15600.0,2715887,1.0,0.0009275731692307693,5.711885128205128e-06,174.0953205128205,31.989871794871796,16.09032051282051,16.49673076923077,0,0,446.5254391560888,300.0,373.4838520335576,300.0,236177.07011852134,150835.5,197787.5371086308,150690.0,528.7912833009675,1.552804359969179,1.0,3.0,0.2907164014667332,0.20021321192765718,0.5366444807174406,1.552804359969179,0.5534483408104909,0.3452071642562812,0.0002605694378696689,0.0,498990,0.023196260759116013,0.5350527366012924,74.64313806646108,264.42289058347296,0.5635163029319225
SPY,y2025,rth,09:30,10:00,3,6,1800.0,683277,1.0,0.00153941262,9.131532222222222e-06,379.59833333333336,66.045,32.92888888888889,33.544444444444444,0,0,384.6788752583647,240.0,537.1784695468275,300.0,242289.21085639086,163383.59999999998,337289.7735280709,204119.59999999998,621.5855205918309,1.7819840091422643,1.0,4.0,0.3051683391828138,0.155315542166203,0.7401813039780069,1.7819840091422643,0.6417453869289234,0.09901250776322548,0.026324088059293337,0.0,118875,0.028455660382031747,0.6029928816315802,41.2758829861546,90.94748150841876,0.5433438485804416
SPY,y2025,rth,10:00,10:30,3,6,1800.0,465161,1.0,0.0014169818427777778,4.7578244444444455e-06,258.42277777777775,46.28055555555556,24.386111111111113,22.063333333333333,0,0,413.888398537604,280.0,454.31479431170106,290.0,262161.7308081599,190872.8,282374.86684906663,177261.59999999998,622.6768207700056,1.7367560708871566,1.0,4.0,0.29518008589498773,0.15527391598533447,0.5872171872452249,1.7367560708871566,0.637342958710468,0.10980799922160442,0.011014464177857055,0.0,83299,0.028310397316958738,0.5818270739461137,56.87727082183785,149.76521587902354,0.55097900334938
SPY,y2025,rth,10:30,11:00,3,6,1800.0,301862,1.0,0.0014612544705555558,6.60061111111111e-07,167.70111111111112,30.40388888888889,15.299444444444445,15.253333333333334,0,0,423.3957010493203,400.0,447.4872898772967,260.0,263741.3330000982,216883.7,284219.3879381301,177497.2,622.5186475906145,2.1225814559083678,1.0,5.0,0.36640756496713306,0.15528038229759664,0.9240265777820518,2.1225814559083678,0.5818039244778873,0.11142248265265516,0.12721270961101463,0.0,54721,0.04383853514602101,1.1579118451788888,88.43941311195606,207.73672918808862,0.4824290491767329
SPY,y2025,rth,11:00,11:30,3,6,1800.0,253968,1.0,0.001063187321111111,1.132602222222222e-06,141.09333333333333,20.20611111111111,9.866111111111111,10.41,0,0,403.50075735306433,340.0,515.9386173630432,350.0,255598.51036281735,231994.2,322259.1587982716,203863.0,622.7813466817256,2.005938335404241,1.0,4.0,0.34560545299604284,0.15518558619453182,0.7385760038743153,2.005938335404241,0.6113901613852468,0.08544392935300514,0.08371021074730708,0.0,36365,0.03516030482589622,1.4362103267923436,139.3131106022726,296.29902341481034,0.4663825106558504
SPY,y2025,rth,11:30,12:00,3,6,1800.0,200044,1.0,0.0012196102222222225,1.130040888888889e-05,111.13555555555556,16.723333333333333,8.602222222222222,8.180555555555555,0,0,498.02057825559797,450.0,502.56498596101034,320.0,314770.9789084656,273284.0,317926.0519288053,218635.2,622.8069279524971,2.0042780724348406,1.0,4.0,0.34650695420866967,0.1551157235708886,0.7402039690385839,2.0042780724348406,0.6320948921353782,0.06252354421749431,0.09178542182038837,0.0,30096,0.03381410435957837,1.147467145912383,163.16168504242276,392.02742446711676,0.486244019138756
SPY,y2025,rth,12:00,12:30,3,6,1800.0,180956,1.0,0.0017875901150000001,4.458066666666666e-07,100.53111111111112,14.304444444444444,6.916111111111111,7.456111111111111,0,0,435.01866393661413,300.0,530.9007398454386,400.0,274957.24857397086,204697.0,331494.9685952542,230742.8,622.780130853275,2.00999408499186,1.0,4.0,0.3459614326578357,0.15503591560065627,0.7396140509273135,2.00999408499186,0.5939633560879497,0.10000958111354168,0.07372690646381715,0.0,25742,0.03979279100665386,1.693998585976573,179.64753081413335,452.4430762862639,0.44642995882215836
SPY,y2025,rth,12:30,13:00,3,6,1800.0,121928,1.0,0.001243940233888889,3.2548e-07,67.73777777777778,9.758333333333333,4.876666666666667,4.911666666666667,0,0,499.02927115222167,400.0,554.0777342207757,280.0,315557.7141653672,273398.0,350402.16281021794,191384.2,622.9776265213501,1.9684705754736402,1.0,4.0,0.3390167840541055,0.1550486829311742,0.7402923663530915,1.9684705754736402,0.6116479802335514,0.0849536231544505,0.06514549692156701,0.0,17559,0.037881804368279946,1.7077236086262368,269.63474973550126,648.5449089221814,0.44945611936898455
SPY,y2025,rth,13:00,13:30,3,6,1800.0,126892,1.0,0.002609078617222223,3.1991466666666663e-06,70.49555555555555,10.572222222222223,5.305,5.315555555555555,0,0,451.2332235497068,320.0,536.687598758035,450.0,285657.10499797453,218862.40000000002,336547.722036146,244051.4,622.5941669282076,2.0003713637274285,1.0,5.0,0.3462076043148215,0.15511383628187234,0.9266256983231465,2.0003713637274285,0.6300164091013811,0.07245630767583944,0.10175676063869729,0.0,19024,0.03740599198527478,1.3745532211220337,240.2295932886674,693.7003353707835,0.46746215306980654
SPY,y2025,rth,13:30,14:00,3,6,1800.0,145388,1.0,0.0014125912122222224,7.405511111111112e-07,80.77111111111111,11.197777777777778,5.608333333333333,5.667222222222223,0,0,507.1365541650377,300.0,588.9471140007296,410.0,322177.7417382738,205217.0,372504.6619094617,243843.5,622.2674494949924,2.0628276949908355,1.0,5.0,0.35797317685890573,0.15521905150808005,0.9280540815733276,2.0628276949908355,0.624153440981667,0.06744596006377761,0.11784554820756007,0.0,20150,0.03262483974676408,1.2289144195864603,237.1017316665163,604.0555574418083,0.48049627791563276
SPY,y2025,rth,14:00,14:30,3,6,1800.0,116363,1.0,0.0012129273616666666,2.720662222222222e-06,64.64611111111111,9.123888888888889,4.335,4.85,0,0,498.9478703510603,300.0,577.7991060407298,310.0,314537.7852523801,205283.8,365082.9334801537,205275.4,622.0139249095555,1.9353657758848466,1.0,4.0,0.3358613811603414,0.1551863916205421,0.7446339725996148,1.9353657758848466,0.6532563076216752,0.0497998204066006,0.07599605905456862,0.0,16417,0.039171254425459906,1.3012151539314043,259.9746693282308,843.0007095473167,0.4743863068770177
SPY,y2025,rth,14:30,15:00,3,6,1800.0,115915,1.0,0.0009219522522222222,1.489337222222222e-06,64.39722222222223,8.637222222222222,4.388333333333334,4.313888888888889,0,0,545.4247764564377,360.0,638.3031952155817,380.0,346992.67136214126,246416.0,405348.42503936356,260119.8,622.14165177118,1.8635623101027812,1.0,4.0,0.32234543952919803,0.15525767372777263,0.7436169829897855,1.8635623101027812,0.6571474386152142,0.05386355889432728,0.043808038306746476,0.0,15541,0.035270553955386995,1.0336429487133616,279.45627677947533,947.8876655156572,0.49610707161701306
SPY,y2025,rth,15:00,15:30,3,6,1800.0,113947,1.0,0.0005974801911111112,1.5368272222222222e-06,63.30388888888889,7.338333333333333,3.6694444444444443,3.7205555555555554,0,0,589.3611558523891,470.0,663.3180857696442,500.0,374898.3341374121,287561.4,422630.4105043279,342331.80000000005,622.3871625371011,1.6121019691203473,1.0,3.0,0.2753443919580078,0.15535354078676167,0.5570161749314914,1.6121019691203473,0.6789580918145095,0.11260252777766849,0.007357939121864976,0.0,13203,0.030435262313889343,1.2200106908122945,344.4023575649522,1014.6940229035978,0.48057259713701433
SPY,y2025,rth,15:30,16:00,3,6,1800.0,185279,1.0,0.0017734175477777776,1.0424746666666669e-05,102.93277777777777,17.36888888888889,9.055555555555555,8.36888888888889,0,0,899.5125903089449,560.0,732.4990294633739,540.0,559124.7057045673,383241.6,468021.46959614323,369575.39999999997,621.9347764076358,1.4532717745194887,1.0,3.0,0.24625413114740743,0.15535503295869957,0.5573687209157555,1.4532717745194887,0.728473013057163,0.12804939420237896,0.004137289035610511,0.0,31258,0.03257258557042814,0.5893220852351082,96.31507508005546,795.8929765656399,0.561776185296564
SPY,y2025,open5,09:30,09:35,3,3,900.0,428501,1.0,0.0022375374266666664,8.204124444444444e-06,476.1122222222222,78.82,39.406666666666666,39.82666666666667,0,0,390.69236371427274,280.0,395.13943771582785,280.0,248286.33276946816,190766.8,244526.57158094164,190576.4,621.4754812067835,1.7143560324098246,1.0,4.0,0.29397415692896844,0.1553321753299372,0.7405866744553873,1.7143560324098246,0.667925207303299,0.09512979339644446,0.02367872291971581,0.0,70935,0.02312339789317046,0.42436869128527677,37.67190992989313,72.56697442385989,0.5734122788468317
SPY,y2025,close5,15:55,16:00,3,3,900.0,250897,1.0,0.0040039178466666665,1.1006506666666666e-05,278.77444444444444,34.51444444444444,17.42111111111111,17.427777777777777,0,0,1163.7439842068595,720.0,838.3326133036353,680.0,729904.8345951609,492264.00000000006,529315.9494773967,465024.8,621.4962306736088,1.2486594221374026,1.0,2.0,0.20801979103934398,0.1554932361288262,0.3718088366874772,1.2486594221374026,0.7998683847406896,0.15551534833713607,0.00018770403528024123,0.0,31060,0.025142386835259347,0.3846349588877819,55.17566457478355,332.539966685562,0.602994204764971
SPY,y2025,pre,04:00,07:00,3,3,900.0,4306,1.0,1.965541111111111e-06,0.0,4.7844444444444445,1.8044444444444445,0.8755555555555555,0.93,0,0,270.6882370606804,200.0,213.7526838582877,200.0,170464.2852491145,109249.59999999999,130668.65327076313,108014.00000000001,622.2846138502614,5.95405747774253,5.0,10.0,1.0078289489309933,0.7322363188642644,1.8516022393298368,5.95405747774253,0.018351645322024455,0.06422982793858961,0.5896999263516709,0.0,1621,0.04402168548849636,6.55641849417979,1389.952631213356,3937.238993674203,0.4244293645897594
SPY,y2025,pre,07:00,08:00,3,3,900.0,8295,1.0,0.0038353129933333336,9.52829e-06,9.216666666666667,3.148888888888889,1.5333333333333334,1.6188888888888888,0,0,248.23492940123825,200.0,165.06803574269333,100.0,149496.36574335216,107946.0,104070.3752587618,64364.0,621.8132761240273,5.6722347646597004,4.0,11.0,0.9720288703540542,0.6215410665429102,2.0384734571554968,5.6722347646597004,0.04064058308161092,0.09233683570232507,0.4429486965236819,0.0,2831,0.05404937765343305,3.3297666030921533,790.1477965298166,2491.277567493458,0.4503708936771459
SPY,y2025,pre,08:00,09:00,3,3,900.0,11782,1.0,3.1188222222222224e-07,0.0,13.091111111111111,3.3255555555555554,1.7666666666666666,1.558888888888889,0,0,436.2949285190985,500.0,427.98966158812226,500.0,262204.9498555695,269035.0,258023.03257579936,269040.0,621.7295242444778,4.418599789566054,4.0,6.0,0.7314079376125959,0.6215865760876746,1.115007000667615,4.418599789566054,0.0015688091959503655,0.05310461963127572,0.4119123318192443,0.0,2990,0.04825941905144414,4.187465283537233,722.3208627289358,2112.417053531398,0.42207357859531774
SPY,y2025,pre,09:00,09:30,3,3,900.0,27000,1.0,0.0012508387355555557,3.148054000000001e-05,30.0,8.68,4.75,3.933333333333333,0,0,501.1680736928338,480.0,472.0983730145416,200.0,313009.80280548596,321805.0,289084.3590514485,128724.0,620.8084380613324,4.082277452230717,4.0,6.0,0.6795218160685915,0.6215032103512896,1.1139386771858433,4.082277452230717,0.02012996958801907,0.09213121434870651,0.3338781948071112,0.0,7809,0.04188443212365524,2.995021883751126,283.389477796681,780.3693958157535,0.4370598027916507
SPY,y2025,post,16:00,17:00,3,3,900.0,5806,1.0,0.0005610387777777778,0.0,6.4511111111111115,1.6144444444444443,0.7455555555555555,0.8766666666666667,0,0,832.1869590355356,960.0,844.1194771797753,1000.0,526892.5735872563,642900.0,539596.89816495,642940.0,621.3601118118444,3.270298899379698,3.0,6.0,0.5508344952590015,0.4665956935240496,1.1168189994731406,3.270298899379698,0.09182055348554688,0.24511831965580402,0.18166567341737833,0.0,1450,0.04792427543884871,3.563295602274396,1618.4187791840657,4345.861444062307,0.4089655172413793
SPY,y2025,post,17:00,18:00,3,3,900.0,247,1.0,8.292124444444444e-06,0.0,0.27444444444444444,0.19666666666666666,0.12666666666666668,0.07,0,0,1098.205662234928,100.0,415.92064297853057,300.0,736830.7185725115,64290.0,254878.4788240214,161355.0,621.5517074974559,6.362351167044303,6.0,11.0,1.0080341398952497,0.929727969418743,1.7109837378775037,6.362351167044303,0.20273715811396684,0.028475693423993514,0.6507558177415568,0.0,174,0.010964781961431854,100.00000000000001,16511.167294275907,19666.306227548255,0.3850574712643678
SPY,y2025,post,18:00,20:00,3,3,900.0,2604,1.0,0.0,0.0,2.8933333333333335,1.238888888888889,0.5777777777777777,0.6633333333333333,0,0,223.49715655615557,100.0,327.99862551188886,480.0,140721.59637623403,54721.6,208336.78069597296,321610.0,620.403211802054,5.165317743461111,4.0,10.0,0.8869679524864341,0.6218703072093863,1.8728482937052895,5.165317743461111,0.04192255833777779,0.1674576780166667,0.43266223305666673,0.0,1112,0.05710401788945271,4.124626382901347,1786.4875748520544,6779.566578389175,0.39748201438848924
SPY,y2025,pre,04:00,09:30,3,12,3600.0,51383,1.0,0.0012721072880555555,1.02522075e-05,14.273055555555555,4.239722222222222,2.231388888888889,2.0102777777777776,0,0,364.16409407563947,200.0,319.82717324743396,200.0,223836.7438037724,119039.6,195519.53891938145,118818.8,621.6590872501844,5.453481038830672,5.0,10.0,0.9212153750534411,0.7322363188642644,1.8516022393298368,5.453481038830672,0.01951442055229894,0.06985391751340414,0.5074363463275442,0.0,15251,0.04482568615473063,3.444520016824021,496.66531273388495,1975.206759397212,0.4352501475313094
SPY,y2025,post,16:00,20:00,3,9,2700.0,8657,1.0,0.00018977696740740742,0.0,3.2062962962962964,1.0166666666666666,0.48333333333333334,0.5366666666666666,0,0,717.9408427073145,280.0,529.2876842931742,500.0,468136.5653638683,191508.80000000002,334232.53277535917,321610.0,621.1049614192052,4.990821388336555,4.0,11.0,0.83320113503178,0.5848306105092651,1.7544629150401998,4.990821388336555,0.0946007070687673,0.15212734227828273,0.42443648931806716,0.0,2736,0.050722423989265145,3.9402373920750855,2161.722784335474,8298.23158897609,0.4027777777777778
SPY,y2025,rth,09:30,16:00,3,78,23400.0,3010980,1.0,0.0014045710775213677,3.6819220512820517e-06,128.67435897435897,20.61230769230769,10.402863247863248,10.311965811965813,0,0,503.78181762466073,400.0,560.007724252215,320.0,317883.1600270435,244248.0,353550.8026053865,218742.4,622.4204724972608,1.8890259025760947,1.0,4.0,0.32521564575490647,0.15525346540953375,0.7420307641519266,1.8890259025760947,0.6370783975681846,0.08749057250483934,0.06382731403546206,0.0,482250,0.031472648235850234,0.8925090521834005,104.21292318049547,434.5941723254404,0.5097791601866252
SPY,y2026,rth,09:30,10:00,1,2,600.0,366616,1.0,0.000981921295,1.4040266666666666e-06,611.0266666666666,106.4,52.751666666666665,54.285,0,0,306.57003201260886,240.0,335.43656233415606,280.0,201449.07286615987,157759.2,220417.07882104846,183926.40000000002,657.1028707050583,1.5218138961272605,2.0,2.0,0.23159545531183423,0.30431036811546563,0.3044132786003668,1.5218138961272605,0.48317125737874755,0.5118542955614971,2.7904188895521666e-06,0.0,63838,0.027759761487900436,0.8128895596784588,26.733344288512203,52.356486453094575,0.5223377925373602
SPY,y2026,rth,10:00,10:30,1,2,600.0,374255,1.0,0.0005396717066666666,3.772388666666667e-05,623.7583333333333,109.53333333333333,52.99333333333333,56.99666666666667,0,0,316.90465999705583,240.0,309.43837541363877,240.0,208152.52796356648,157687.2,203241.58905503884,157665.6,656.8184754787272,1.7492487073502683,2.0,2.0,0.2663218549579408,0.30446452020090314,0.30453082391697395,1.7492487073502683,0.2957230973315793,0.6593165859846927,4.935433030616411e-07,0.0,65718,0.029936996475863113,0.8152674843191182,26.236854369682813,49.88079878315396,0.5222161356097265
SPY,y2026,rth,10:30,11:00,1,2,600.0,279965,1.0,0.00052238714,2.80459e-06,466.60833333333335,83.10333333333334,41.575,41.998333333333335,0,0,309.72664459923743,240.0,294.5005679896551,240.0,203910.05305508096,158035.2,193879.81002677485,158030.40000000002,658.3326460217288,1.5831339651626535,2.0,2.0,0.24047803947412663,0.30378922802655184,0.3038129935725937,1.5831339651626535,0.43030042064066815,0.5562665134442047,0.0,0.0,49860,0.03067740018138222,0.938891450937216,33.93785006948686,72.8394224717554,0.5071399919775371
SPY,y2026,rth,11:00,11:30,1,2,600.0,301201,1.0,0.0007410855666666667,4.4443583333333326e-06,502.00166666666667,88.05833333333334,43.843333333333334,44.64666666666667,0,0,341.6631252999134,260.0,293.5012654661638,240.0,224340.26961567835,170729.6,192737.12258593465,157614.0,656.6342630414207,1.5727790431554178,2.0,2.0,0.23952702590376504,0.3043961472095752,0.3047906891303152,1.5727790431554178,0.4357668556662232,0.5556927430723982,1.5624832113246957e-06,0.0,52833,0.02964320586306252,0.8358200245370508,31.525791429517444,69.24951278451395,0.5217004523687847
SPY,y2026,rth,11:30,12:00,1,2,600.0,241864,1.0,0.0006207612483333333,1.1301113333333333e-05,403.1066666666667,74.6,38.108333333333334,36.89833333333333,0,0,303.07381487932525,260.0,328.690369251713,260.0,199090.15987472952,170764.2,215905.33610461652,170826.40000000002,656.8899972562339,1.5741637943438334,2.0,2.0,0.23963719986170934,0.3043978304117408,0.304534938714426,1.5741637943438334,0.4363605337328259,0.5534812913704921,6.619455575390559e-06,0.0,44758,0.03087723133341288,0.8419002248360673,37.112909278595126,89.87725014327354,0.5208230930783324
SPY,y2026,rth,12:00,12:30,1,2,600.0,274259,1.0,0.0006432212533333333,1.207157e-05,457.09833333333336,82.905,41.83,41.431666666666665,0,0,318.13337292667507,260.0,341.2138764867502,280.0,209038.84262602168,170805.4,224157.22348853626,183989.2,657.0589756134211,1.5896836740262932,2.0,2.0,0.2419107011105152,0.304184887595992,0.3045412806063315,1.5896836740262932,0.44812769861650703,0.5196460350857988,0.0009057523897073588,0.0,49741,0.029170986570083456,0.7260937049547285,31.964284026109155,82.18839522775093,0.5384491666834201
SPY,y2026,rth,12:30,13:00,1,2,600.0,171723,1.0,0.0018347715666666665,4.815358333333334e-06,286.205,50.11666666666667,25.495,25.038333333333334,0,0,353.5695719579183,280.0,297.58343423878887,260.0,232530.31060268366,184186.8,195714.56080915293,171029.40000000002,657.6715875812569,1.2938301604446576,1.0,2.0,0.19673073001287422,0.15207018977249095,0.304134885113258,1.2938301604446576,0.7063850290985458,0.29340818497576904,1.2312633492919198e-06,0.0,30068,0.027055436526258213,0.7846460057527099,55.881669530514316,140.15420712393365,0.5242117866170015
SPY,y2026,rth,13:00,13:30,1,2,600.0,189451,1.0,0.0010688107583333333,5.099766666666666e-07,315.75166666666667,62.038333333333334,32.153333333333336,30.21,0,0,314.3963375075049,280.0,281.48079770982883,260.0,206645.86074828947,183978.2,185016.7264278594,170875.6,657.2919610880865,1.3977855042377643,1.0,2.0,0.21265677152368662,0.1521529528558714,0.3043063813832419,1.3977855042377643,0.6031430488349562,0.39592856656247133,0.0,0.0,37221,0.028206657783498415,0.8469981921606897,42.08664389620233,113.69581073445698,0.5174766932645549
SPY,y2026,rth,13:30,14:00,1,2,600.0,185243,1.0,0.0015993798566666666,3.592797833333333e-05,308.73833333333334,51.675,26.811666666666667,25.275,0,0,354.2354493024123,300.0,290.17324287324465,260.0,233270.59833896,197580.4,191096.767378966,171218.4,658.5420127470805,1.329779206989342,1.0,2.0,0.20192293708397352,0.15188566181405921,0.3037407838080233,1.329779206989342,0.6708448384103225,0.32861959243257177,1.771275080016297e-05,0.0,31003,0.027767770909784405,0.7052993668483466,50.18070740355614,150.82639473977832,0.5362384285391736
SPY,y2026,rth,14:00,14:30,1,2,600.0,142636,1.0,0.0002709223433333333,0.0,237.72666666666666,49.66833333333334,26.421666666666667,23.436666666666667,0,0,305.8755647113601,260.0,256.31747999958554,240.0,201233.57876291915,171055.2,168627.2519814217,157903.2,657.8793584615833,1.5345510524987735,2.0,2.0,0.23325767252347496,0.30398407831732754,0.3040258941919837,1.5345510524987735,0.470553947128021,0.5243412452638727,0.0,0.0,29799,0.026940495345354955,0.885459105455908,55.22231697888016,148.8783137695802,0.5128360012080942
SPY,y2026,rth,14:30,15:00,1,2,600.0,107285,1.0,0.0008234167783333333,1.2521945e-05,178.80833333333334,27.691666666666666,13.698333333333334,14.323333333333334,0,0,320.0413069042408,320.0,410.14564986212645,280.0,210350.0469339425,210281.59999999998,269575.8687930698,184052.4,657.2647124623087,1.1293214658560682,1.0,2.0,0.17182123843207284,0.15215745821337504,0.3042661126878989,1.1293214658560682,0.870792790208334,0.12909612906998963,0.0,0.0,16613,0.023857846608021135,0.5311491003519188,94.16642955829398,314.5818222247425,0.5590200445434298
SPY,y2026,rth,15:00,15:30,1,2,600.0,163309,1.0,0.00088298954,1.8368053333333336e-05,272.1816666666667,46.12,23.703333333333333,22.775,0,0,347.73064988444145,280.0,349.27877119000226,280.0,228240.5831206391,183769.59999999998,229266.11259000198,183799.0,656.3709820076747,1.2429937145881083,1.0,2.0,0.18937746348279746,0.15241776942194207,0.3048508368895282,1.2429937145881083,0.757025051805456,0.24296158095087728,8.70000848537701e-07,0.0,27670,0.024664075798891575,0.5786354848922565,53.91400960864097,185.4576550131789,0.5558727864112758
SPY,y2026,rth,15:30,16:00,1,2,600.0,272874,1.0,0.0051891998583333335,4.492328333333332e-06,454.79,52.76,27.573333333333334,28.215,0,0,495.3552003340664,380.0,662.2768931484885,480.0,325189.9163115537,249489.0,434783.27465913736,315117.0,656.4903133459081,1.0555335005093607,1.0,1.0,0.16078387512796216,0.15232942614998515,0.15232942614998515,1.0555335005093607,0.9471795326614875,0.05043031503650987,5.808971677480584e-05,0.0,31654,0.017897814394089613,0.1504489902861328,30.76010438213576,253.49695718329878,0.6914449990522524
SPY,y2026,open5,09:30,09:35,1,1,300.0,177741,1.0,0.0008478359833333334,6.391836333333332e-05,592.47,124.25666666666666,63.92333333333333,60.93333333333333,0,0,279.81168881605953,200.0,327.3736868368912,240.0,184599.10994232105,131974.0,215988.13912401977,158292.0,659.744830035054,2.204054632781734,2.0,4.0,0.33410179909975163,0.3031414584317454,0.6064253632859092,2.204054632781734,0.31434769782652194,0.3639401232459644,0.049742543183295185,0.0,37276,0.028903272164943736,0.7126794096518229,23.070108943725977,40.94310687577284,0.5362699860500054
SPY,y2026,close5,15:55,16:00,1,1,300.0,146951,1.0,0.0051793379133333334,2.4069066666666666e-06,489.83666666666664,55.17333333333333,29.1,28.983333333333334,0,0,540.3420936671544,400.0,745.6123587272963,520.0,354713.58184460044,262584.0,489482.1565040749,341369.60000000003,656.4781438524243,1.0561789723791186,1.0,1.0,0.16088420385802812,0.15232942614998515,0.15232942614998515,1.0561789723791186,0.9456277483734487,0.05256875465546346,0.0,0.0,16551,0.020107185895925528,0.17915371011560452,27.840960267591814,248.2836966462536,0.6767566914385837
SPY,y2026,pre,04:00,07:00,1,1,300.0,6605,1.0,0.0,0.0,22.016666666666666,8.37,4.026666666666666,4.343333333333334,0,0,287.96509614039996,320.0,158.803101232,120.0,189634.82868491817,210720.0,104587.12767620527,79029.6,658.5630077187554,5.674146114743333,6.0,7.0,0.8615900933265094,0.9110610735096949,1.0628910250968155,5.674146114743333,0.0001362423866666668,0.003537372806666668,0.780191779096667,0.0,2510,0.06797558301987454,11.22018454301964,342.99999810789933,548.0654595107036,0.28804780876494024
SPY,y2026,pre,07:00,08:00,1,1,300.0,3422,1.0,1.040843e-05,6.1797e-07,11.406666666666666,3.933333333333333,2.1066666666666665,1.83,0,0,314.738966419206,320.0,348.0107711399669,240.0,207378.44184597203,210838.4,229329.78437258455,158155.2,658.9247811709123,5.165318015615901,5.0,7.0,0.7839044129539859,0.7588110948667052,1.0623194750398715,5.165318015615901,0.007160353882926054,0.010211969211257312,0.6953352707048291,0.0,1179,0.04706550281007821,7.157509032583357,788.2548774020227,1217.881823349208,0.3341815097540288
SPY,y2026,pre,08:00,09:00,1,1,300.0,9311,1.0,0.00033399741,3.5759133333333345e-06,31.036666666666665,9.983333333333333,5.43,4.56,0,0,334.35897122016775,360.0,354.406423691723,160.0,220706.55626690623,237556.8,233953.05567071072,105611.20000000001,660.1138445258003,4.6420859455365004,5.0,6.0,0.7032305728961898,0.757417115758972,0.908975667443245,4.6420859455365004,0.01653987786820616,0.07775365836752315,0.5338698022166946,0.0,2994,0.04933157712158423,3.330697654914212,272.93318172390383,575.5589468919828,0.39011356045424184
SPY,y2026,pre,09:00,09:30,1,1,300.0,8144,1.0,3.807494e-05,2.0230166666666666e-06,27.14666666666667,9.596666666666666,4.3133333333333335,5.296666666666667,0,0,372.51999411124797,160.0,453.4884741578523,560.0,245307.00509405503,105395.20000000001,298651.0724474112,368894.4,658.5290513383496,5.285707451481675,5.0,7.0,0.80266329419736,0.7592634576551818,1.0630041635643617,5.285707451481675,0.04366147022240766,0.023485975202949295,0.7082973848945131,0.0,2878,0.05341637579733933,6.459577031495794,305.3435372689834,525.1002810520823,0.34364141765114664
SPY,y2026,post,16:00,17:00,1,1,300.0,721,1.0,0.0026895345733333334,0.0,2.4033333333333333,1.04,0.63,0.41,0,0,743.7790265561764,480.0,445.2348415782105,480.0,488202.7099177757,315091.2,292263.235613736,315072.0,656.4062709350322,3.3752273433628344,3.0,5.0,0.5142004355631933,0.45704110449224317,0.7617355981698547,3.3752273433628344,0.03404361082163923,0.2411749689104406,0.19987653408214523,0.0,311,0.0565587757089154,21.379620895022313,2387.8112829131815,5286.490730065638,0.35691318327974275
SPY,y2026,post,17:00,18:00,1,1,300.0,147,1.0,0.0,0.0,0.49,0.33666666666666667,0.09333333333333334,0.24333333333333335,0,0,343.17540095426665,280.0,204.15950315826666,200.0,225196.72760656138,183744.4,134004.59320784634,131276.0,656.3055163309848,16.835399241456663,18.0,21.0,2.5651594549243284,2.7426495208353026,3.1996343275381616,16.835399241456663,0.0,0.0,0.9999937352366667,0.0,100,0.10000000000000005,36.86945064519576,9120.108393559107,15713.555577410345,0.34
SPY,y2026,post,18:00,20:00,1,1,300.0,804,1.0,0.0,0.0,2.68,1.33,0.88,0.45666666666666667,0,0,407.51333333306667,480.0,396.8643308129333,400.0,267167.7764912856,314721.6,260193.4239075112,262232.0,655.636763391082,4.755348305493334,5.0,7.0,0.7253124423339607,0.762616486495381,1.0677892061711285,4.755348305493334,0.01586592835,0.012954819113333335,0.5643070508066667,0.0,398,0.22609227001714807,104.71285480508996,2013.7242498623943,2903.0696033296026,0.18090452261306533
SPY,y2026,pre,04:00,09:30,1,4,1200.0,27482,1.0,9.562019499999999e-05,1.5542250000000004e-06,22.901666666666667,7.970833333333333,3.9691666666666667,4.0075,0,0,327.3947517685142,320.0,328.67371637779166,200.0,215756.01704053234,210779.2,216627.94066366708,131883.2,659.0325852822288,5.3586720056587716,6.0,7.0,0.813315802350615,0.908975667443245,1.0628910250968155,5.3586720056587716,0.008352671640424735,0.020058315200046382,0.7134416550288692,0.0,9561,0.05405241793073144,6.1934906153817995,351.8050613969261,659.0919654536593,0.34243279991632675
SPY,y2026,post,16:00,20:00,1,3,900.0,1672,1.0,0.0008965115244444445,0.0,1.8577777777777778,0.9022222222222223,0.5344444444444445,0.37,0,0,497.9355187432057,480.0,348.66631705466955,400.0,326710.9587892181,314721.6,228763.48932201468,262232.0,656.1159232523229,7.430330798951541,5.0,18.0,1.1324961937888607,0.762616486495381,2.7426495208353026,7.430330798951541,0.01644386688040981,0.06677115178427681,0.5821210927330361,0.0,809,0.10662453320237088,53.70317963702533,2821.334278444079,5630.1986698509,0.26823238566131025
SPY,y2026,rth,09:30,16:00,1,26,7800.0,3070681,1.0,0.0012091183778205129,1.1260398846153847e-05,393.6770512820513,68.05153846153846,34.381410256410255,34.27153846153846,0,0,337.4249726470126,280.0,342.20486653350235,260.0,221765.3423628368,183853.6,224885.95122289693,170861.4,657.2577336416842,1.4289791943352956,1.0,2.0,0.21741090097043717,0.15232198457751475,0.30453082391697395,1.4289791943352956,0.5810251737384318,0.4094636145655457,7.656932024003148e-05,0.0,530776,0.02722986233851629,0.7263605934270749,36.07676716930795,108.3237561217419,0.5352389708652991
