ticker,group,bucket_start_et,bucket_end_et,tw_mean_spread_bps,sd_mid_ret_1m_bps,n_1m,sd_mid_ret_5m_bps,n_5m,spread_over_sd1m,spread_over_sd5m,sd_bar_ret_1m_bps,sd_bar_ret_5m_bps,n_days_bars,spread_over_bar_sd1m,spread_over_bar_sd5m
SOXL,last12m,09:30,10:00,5.80798063020753,54.736246915631945,170,134.96649653783328,34,0.10610849222380368,0.043032758345175386,57.12656180931688,127.8251899548662,249.0,0.10166865370953053,0.04543690200858117
SOXL,last12m,10:00,10:30,4.777614869397161,36.73537377166565,170,86.13780858372786,34,0.13005488658134143,0.055464783095256175,43.04311555347396,95.88649348312327,249.0,0.11099602823735573,0.049825733488085645
SOXL,last12m,10:30,11:00,4.762270499898973,33.24220811805515,170,92.15513859223866,34,0.14325975226995816,0.051676667982354416,37.009644124723344,82.94885791545947,249.0,0.12867647372803728,0.05741212862451493
SOXL,last12m,11:00,11:30,4.21493082644653,28.243302488608297,170,63.59785980315608,34,0.14923647219182626,0.0662747274749859,31.034670976403135,69.48925607992119,249.0,0.13581361405929857,0.06065586342727343
SOXL,last12m,11:30,12:00,3.833332517343889,23.256761520267826,170,69.57593733225374,34,0.16482658232545458,0.05509566474164981,27.06006856823235,59.91807309909184,249.0,0.14166011840206857,0.06397623152874704
SOXL,last12m,12:00,12:30,4.253805463874422,23.89366535872303,170,58.478331412295944,34,0.1780306788435645,0.07274156702391812,24.65919033852077,55.5228481427032,249.0,0.17250385781034508,0.07661360333932107
SOXL,last12m,12:30,13:00,4.0899966388606135,20.112970754994954,170,44.82826269794007,34,0.2033511950413831,0.09123700970567739,25.13349359138155,54.15218511844686,249.0,0.162730924134761,0.07552782274463311
SOXL,last12m,13:00,13:30,4.1913498274999625,18.655017361759793,170,38.47384577872261,34,0.22467681193862893,0.10894023570209158,22.53560692425643,49.37571606290471,249.0,0.18598788315696793,0.0848868666969848
SOXL,last12m,13:30,14:00,3.6367947280217603,17.20485383081891,170,42.23910438485672,34,0.2113819020948147,0.08610018562149248,20.357791753323102,46.40969021947844,249.0,0.1786438712061247,0.07836283135747746
SOXL,last12m,14:00,14:30,3.447822048935165,15.374013322416232,170,45.24640536185645,34,0.2242629804351759,0.0762010157792942,20.592801883885883,45.04381455676933,249.0,0.16742850576507162,0.07654374041944935
SOXL,last12m,14:30,15:00,3.41884482203768,19.550473520699253,170,43.464794766667744,34,0.17487273740034712,0.07865779282730036,20.85677745801615,45.05890399232078,249.0,0.16392008923332843,0.07587501068868299
SOXL,last12m,15:00,15:30,3.225952340568885,21.322191952775785,170,53.623930822371356,34,0.15129553038982566,0.06015881885374674,23.564538423254685,54.50980642965725,249.0,0.1368986008817958,0.059181137337771486
SOXL,last12m,15:30,16:00,2.7993048068558077,24.398930843382928,170,60.79460520638647,34,0.11473063409313235,0.04604528308642986,26.09603070716736,61.43332540461757,249.0,0.10726937127978509,0.04556655184167193
SOXL,last12m,09:30,16:00,4.0354244633319745,27.826185049332892,2210,68.84266735292461,442,0.14502255541597212,0.05861807246143172,30.83526558846104,68.09182707405411,249.0,0.13087042988992717,0.05926444680274475
SOXL,last5,09:30,10:00,5.597632518275409,49.31125806745196,50,126.67112693027171,10,0.11351631934878868,0.04419027961562797,,,,,
SOXL,last5,10:00,10:30,4.111500099985339,29.10191849856172,50,60.654692380664166,10,0.14127934899510278,0.06778535903177749,,,,,
SOXL,last5,10:30,11:00,3.578380847646546,27.80538044098978,50,67.16080105574993,10,0.1286938279891835,0.05328079462119795,,,,,
SOXL,last5,11:00,11:30,3.0877791524480203,15.640702203886839,50,38.269014480977006,10,0.1974194708266156,0.08068614241380354,,,,,
SOXL,last5,11:30,12:00,2.9402232981884953,14.704021819159346,50,28.000286435910855,10,0.19996048253664744,0.10500690073004423,,,,,
SOXL,last5,12:00,12:30,3.048169379392916,31.612996212053655,50,86.46096544117867,10,0.096421400836112,0.03525486170365116,,,,,
SOXL,last5,12:30,13:00,3.03141308466802,17.280837093215336,50,31.84465658260457,10,0.17542050007856327,0.0951937753451534,,,,,
SOXL,last5,13:00,13:30,2.964184946380281,15.26306288294576,50,22.58466281557998,10,0.19420642954254771,0.13124769541989553,,,,,
SOXL,last5,13:30,14:00,2.786367467013429,15.616297896440685,50,47.171072808919774,10,0.17842689000243178,0.05906941057500272,,,,,
SOXL,last5,14:00,14:30,2.3700742527614707,14.599114713989323,50,58.59084494997826,10,0.16234369680583385,0.04045127280183301,,,,,
SOXL,last5,14:30,15:00,2.329378713362486,14.520216596167971,50,26.283891043474615,10,0.16042313817668755,0.0886238156104665,,,,,
SOXL,last5,15:00,15:30,1.9857947361494532,11.648923896608132,50,30.74122117245554,10,0.17047023002078895,0.06459713246293372,,,,,
SOXL,last5,15:30,16:00,1.6198402347071439,18.14205824614352,50,56.35920405060004,10,0.08928646423299161,0.028741361096101176,,,,,
SOXL,last5,09:30,16:00,3.034697746938688,23.37334926444836,650,57.6150174705286,130,0.12983581054661106,0.05267199213279777,,,,,
SOXL,normal18m,09:30,10:00,5.814290277988723,53.063909122760045,200,126.71610983133273,40,0.10957146531624207,0.04588438112350447,,,,,
SOXL,normal18m,10:00,10:30,4.932851033362534,36.12954434846773,200,85.36601210836821,40,0.13653233447356605,0.057784719135064055,,,,,
SOXL,normal18m,10:30,11:00,4.936261206637626,34.64198110472491,200,101.53213936424817,40,0.14249361754788198,0.04861772082757668,,,,,
SOXL,normal18m,11:00,11:30,4.4711970448286324,26.957991739138272,200,62.451760135670305,40,0.16585794253869582,0.07159441199279887,,,,,
SOXL,normal18m,11:30,12:00,4.142486537162593,23.717749846726797,200,66.27246555424213,40,0.17465765361102684,0.06250690241442859,,,,,
SOXL,normal18m,12:00,12:30,4.495806020780995,23.278057315785933,200,54.48831325609706,40,0.19313493217203223,0.0825095465820449,,,,,
SOXL,normal18m,12:30,13:00,4.356222899152065,19.424993928255805,200,44.07400281176677,40,0.22425864920428396,0.09883883063121852,,,,,
SOXL,normal18m,13:00,13:30,4.454647968887629,18.743781854964627,200,40.948926592485016,40,0.2376600412529735,0.10878546373679915,,,,,
SOXL,normal18m,13:30,14:00,3.984186434634228,17.049569398166454,200,45.05621745959277,40,0.23368252544036072,0.0884270065104182,,,,,
SOXL,normal18m,14:00,14:30,3.82684441129764,15.704040175854372,200,43.847777978323634,40,0.24368534265351507,0.08727567479450063,,,,,
SOXL,normal18m,14:30,15:00,3.7998045178290427,18.70428293314949,200,41.24353634550607,40,0.20315157396890482,0.09213090958052807,,,,,
SOXL,normal18m,15:00,15:30,3.6343067929842374,20.459058415480566,200,49.90948765291975,40,0.1776380280645907,0.07281795433882053,,,,,
SOXL,normal18m,15:30,16:00,3.2732874161610757,23.122426868720243,200,57.61867226308368,40,0.14156331576894904,0.056809490527921676,,,,,
SOXL,normal18m,09:30,16:00,4.3170975633302335,27.370079784600026,2600,68.03055731262239,520,0.15773054361936056,0.06345821251311783,,,,,
SOXL,since_2026-07-15,09:30,10:00,6.3249428524959,47.88584913605148,60,127.21692833701631,12,0.13208375682188925,0.04971777683344309,60.35022187563884,140.14198870080438,52.0,0.10480397015821157,0.04513238973652153
SOXL,since_2026-07-15,10:00,10:30,4.769734800285161,31.37290429159869,60,69.49040120605929,12,0.1520335750860797,0.06863875754784474,46.46346213219682,106.29493392771012,52.0,0.10265560467092222,0.04487264466930286
SOXL,since_2026-07-15,10:30,11:00,4.508398893226858,30.018755243269513,60,62.41414005215402,12,0.1501860705645909,0.07223361388075819,39.35374172386334,89.2446780704281,52.0,0.11456087009111648,0.05051728563208018
SOXL,since_2026-07-15,11:00,11:30,4.047896872223856,18.516173195816137,60,38.073570151381745,12,0.21861411801540656,0.10631776468897683,31.831590692043296,70.71831499526218,52.0,0.1271660254551991,0.05723972456774526
SOXL,since_2026-07-15,11:30,12:00,3.4671151430253,15.837792620472445,60,45.1606897254516,12,0.21891403847172455,0.07677285630718143,26.765588847230127,60.98997868751002,52.0,0.12953629239448244,0.056847292254183425
SOXL,since_2026-07-15,12:00,12:30,3.8608574373498827,30.170153570173056,60,78.92007880923471,12,0.1279694327166707,0.04892110468721567,24.970239979684784,57.51063125281538,52.0,0.1546183553098003,0.06713293443741983
SOXL,since_2026-07-15,12:30,13:00,3.7669682309805377,18.351105820287216,60,32.129924781725556,12,0.20527200201832743,0.11724173824157426,23.34735836774828,49.54528930041501,52.0,0.16134451579687814,0.07603080503051951
SOXL,since_2026-07-15,13:00,13:30,3.6450019267455964,14.435625825908266,60,20.76857705464913,12,0.2525004437427124,0.17550561683423796,19.320780162737677,42.74463886062209,52.0,0.18865707782211596,0.08527389688870443
SOXL,since_2026-07-15,13:30,14:00,3.362068218306185,16.144987320076517,60,48.23247667919525,12,0.20824223343460954,0.06970548580094768,17.23751887287041,36.74906153679549,52.0,0.19504362797813313,0.09148718573234502
SOXL,since_2026-07-15,14:00,14:30,3.0824342025428697,14.426663538557767,60,53.3476277571748,12,0.2136623062085373,0.05778015503469709,21.45759550327929,42.91788140313495,52.0,0.1436523585353164,0.0718216766943606
SOXL,since_2026-07-15,14:30,15:00,2.841851004756576,13.575399313406916,60,23.89660328079809,12,0.20933829931249207,0.11892280134390987,19.075524740167086,43.67305058729182,52.0,0.14897891635832838,0.06507104419180443
SOXL,since_2026-07-15,15:00,15:30,2.3593715251714245,12.78607664141371,60,30.406380375140955,12,0.1845266215227815,0.07759461981539745,23.043053470652648,52.38335869583892,52.0,0.10238970838549202,0.04504047819596649
SOXL,since_2026-07-15,15:30,16:00,1.9772244393161125,17.77288286539093,60,55.286249601447444,12,0.11124950601944013,0.035763403261565185,25.964249711786188,65.56151376187837,52.0,0.07615180339367068,0.030158309743997955
SOXL,since_2026-07-15,09:30,16:00,3.6934006407327944,23.69597196697947,780,57.91036149794372,156,0.15586618037359168,0.06377788957273112,31.447409092768808,70.61478569060647,52.0,0.11744689776627974,0.05230350279494099
SOXL,stress,09:30,10:00,10.006803970310411,92.98115559665568,80,163.68431708339628,16,0.10762184989095074,0.06113477545446213,,,,,
SOXL,stress,10:00,10:30,9.294615134329325,94.03075957916899,80,162.31278282355152,16,0.09884653889777148,0.05726360532203678,,,,,
SOXL,stress,10:30,11:00,10.040713367493858,85.17501257794649,80,221.19213802132978,16,0.11788332121824187,0.04539362681383197,,,,,
SOXL,stress,11:00,11:30,9.430564084244361,90.86978063114428,80,195.38782057053518,16,0.1037810812213205,0.04826587479560897,,,,,
SOXL,stress,11:30,12:00,8.985554337885556,59.9271889365868,80,141.29268178427097,16,0.14994119526270133,0.06359532726263144,,,,,
SOXL,stress,12:00,12:30,9.15824395850658,53.79644740216044,80,132.83923107392567,16,0.17023882432316134,0.06894231383656514,,,,,
SOXL,stress,12:30,13:00,9.706664046094836,77.62555507942976,80,179.1057587351349,16,0.12504469740876656,0.054195153269467125,,,,,
SOXL,stress,13:00,13:30,9.09642683509408,127.69860301383089,80,170.40447404992017,16,0.07123356575881144,0.05338138500066185,,,,,
SOXL,stress,13:30,14:00,8.571021417325843,81.21774149762824,80,210.15676023662806,16,0.10553139325569819,0.04078394341288483,,,,,
SOXL,stress,14:00,14:30,8.472035555887112,54.63653296164093,80,104.05991116200208,16,0.15506173427649841,0.08141497971007987,,,,,
SOXL,stress,14:30,15:00,8.211510567479701,53.831514255914726,80,103.11732774881946,16,0.15254095451304275,0.07963269361946504,,,,,
SOXL,stress,15:00,15:30,8.398766718284882,58.95893600050989,80,135.77069906630425,16,0.14245112425726694,0.06185993573019246,,,,,
SOXL,stress,15:30,16:00,8.707594225766098,66.0064495275996,80,129.64947132687158,16,0.13192035457270201,0.06716258953198935,,,,,
SOXL,stress,09:30,16:00,9.083230542712034,79.54591904569507,1040,163.41718656232746,208,0.11418851716948775,0.055583079930504625,,,,,
SOXL,y2022,09:30,10:00,7.005864097194287,47.33876043458963,50,94.87690983282417,10,0.14799424473470627,0.07384161340771765,,,,,
SOXL,y2022,10:00,10:30,6.123491633887229,32.83278791815313,50,74.20869663748985,10,0.18650538142396286,0.08251716997268584,,,,,
SOXL,y2022,10:30,11:00,6.062038212765451,29.70682340967557,50,80.7624335304558,10,0.20406214859011257,0.0750601232252299,,,,,
SOXL,y2022,11:00,11:30,6.025414506331356,30.23420915470108,50,42.856150649120366,10,0.19929128873524618,0.14059626016493457,,,,,
SOXL,y2022,11:30,12:00,6.068003250227796,18.921397058637723,50,42.14106980202597,10,0.32069530761512766,0.14399262474195829,,,,,
SOXL,y2022,12:00,12:30,6.081020170462253,21.01126364549923,50,60.350236297998535,10,0.2894171561054517,0.10076216007565035,,,,,
SOXL,y2022,12:30,13:00,6.053961208016192,24.119123567609837,50,42.68728805490976,10,0.2510025370965886,0.14182117168532293,,,,,
SOXL,y2022,13:00,13:30,6.045808481821575,20.741024178385008,50,15.51894823860087,10,0.2914903540839674,0.3895759164131758,,,,,
SOXL,y2022,13:30,14:00,6.06595470330065,16.583192615582654,50,39.597752476767454,10,0.3657893171668694,0.15318936868600383,,,,,
SOXL,y2022,14:00,14:30,6.083858842665057,28.401112429657296,50,48.53908758528457,10,0.21421199108778952,0.1253393737979838,,,,,
SOXL,y2022,14:30,15:00,6.04862742501879,19.66872243916543,50,36.48603835318745,10,0.3075251808411529,0.1657792322221351,,,,,
SOXL,y2022,15:00,15:30,6.087618775337684,24.283477803386113,50,55.136227046902285,10,0.2506897415858951,0.11041050687344237,,,,,
SOXL,y2022,15:30,16:00,6.067314868950105,22.065585416829297,50,60.9290290370769,10,0.27496731921386497,0.09958003540903279,,,,,
SOXL,y2022,09:30,16:00,6.139971639972922,26.966763507805098,650,57.08320187317463,130,0.22768663500148267,0.10756179468724418,,,,,
SOXL,y2023,09:30,10:00,5.156363445908356,37.89824436056739,50,80.6782089337865,10,0.13605810857226627,0.06391271588763506,,,,,
SOXL,y2023,10:00,10:30,5.148417146427595,22.92301481754793,50,65.0204876094717,10,0.22459598736927047,0.07918146011685111,,,,,
SOXL,y2023,10:30,11:00,5.123386653879166,19.59406497323078,50,27.041546667387195,10,0.26147645528779695,0.18946352133245775,,,,,
SOXL,y2023,11:00,11:30,5.120029690228707,16.495174604817514,50,32.95618269875281,10,0.3103956043443985,0.15535869967192736,,,,,
SOXL,y2023,11:30,12:00,5.135692686108188,12.849754898625438,50,33.592078367399395,10,0.399672423841918,0.15288404099141123,,,,,
SOXL,y2023,12:00,12:30,5.104153909058439,11.167785974619573,50,20.102073649274576,10,0.4570425974009867,0.25391181019987125,,,,,
SOXL,y2023,12:30,13:00,5.137220130390527,34.76757371590726,50,50.60790857644018,10,0.14775894839161832,0.10151022389378267,,,,,
SOXL,y2023,13:00,13:30,5.035735192987293,26.40499538875031,50,41.286643160237155,10,0.19071145890571664,0.12197008057649913,,,,,
SOXL,y2023,13:30,14:00,5.0904759928389485,18.649469488482982,50,31.27343235597703,10,0.27295553881479484,0.16277317868072286,,,,,
SOXL,y2023,14:00,14:30,5.056697666878415,16.08155430337332,50,31.634335568338418,10,0.3144408538805049,0.1598483918195351,,,,,
SOXL,y2023,14:30,15:00,5.106241896010905,17.345689730734062,50,47.57797108972036,10,0.2943810234863927,0.10732365796729307,,,,,
SOXL,y2023,15:00,15:30,5.11852473215686,20.44266059347098,50,30.063983582694952,10,0.2503844697099567,0.17025437490935566,,,,,
SOXL,y2023,15:30,16:00,5.122813955128609,23.218261635247064,50,66.54973929295885,10,0.22063727403914654,0.07697722049033807,,,,,
SOXL,y2023,09:30,16:00,5.111969092007711,22.63577564770136,650,46.416744685341875,130,0.2258358260644285,0.11013200358322499,,,,,
SOXL,y2024,09:30,10:00,3.0399764548537695,43.59065070027301,50,140.29397014074289,10,0.06973918503204932,0.021668618058239178,,,,,
SOXL,y2024,10:00,10:30,3.022100386238948,34.211737122985255,50,114.42143560895754,10,0.08833519255029412,0.026412012488351976,,,,,
SOXL,y2024,10:30,11:00,2.9485330895455095,38.63167329484221,50,69.66600670067056,10,0.07632423962177103,0.04232384241878943,,,,,
SOXL,y2024,11:00,11:30,2.9265169243206466,22.49939399960635,50,37.250707842437095,10,0.13007092210447307,0.07856271984680713,,,,,
SOXL,y2024,11:30,12:00,2.873754508409468,20.62813876247274,50,38.2044904815053,10,0.13931235103176048,0.07522033332182888,,,,,
SOXL,y2024,12:00,12:30,2.88168327174988,15.907938504774993,50,19.498626978644115,10,0.18114749883430226,0.14778903534623467,,,,,
SOXL,y2024,12:30,13:00,2.8787882870898636,23.33162683710879,50,59.0683960282558,10,0.12338566475403982,0.04873652377005081,,,,,
SOXL,y2024,13:00,13:30,2.9156079483878807,16.022728726014737,50,51.33487958650888,10,0.18196700438758956,0.056795846642136084,,,,,
SOXL,y2024,13:30,14:00,2.867397339194288,13.915718863414853,50,40.039049190645656,10,0.20605456084146861,0.07161502076488369,,,,,
SOXL,y2024,14:00,14:30,2.865078968915752,16.607698737078305,50,50.21537165398958,10,0.17251510966532552,0.057055815272217016,,,,,
SOXL,y2024,14:30,15:00,2.9274838233786564,24.73298148216095,50,32.0732258581721,10,0.1183635634664648,0.09127500415218595,,,,,
SOXL,y2024,15:00,15:30,2.8480205054309353,12.380402476088232,50,24.13935585801274,10,0.23004264287301335,0.11798245662323971,,,,,
SOXL,y2024,15:30,16:00,2.8912270611339905,20.736621899341333,50,46.377510700927395,10,0.13942613580786878,0.062341143744831816,,,,,
SOXL,y2024,09:30,16:00,2.914333091941616,24.993390941986934,650,62.78923670888737,130,0.1166041494211882,0.046414532883294515,,,,,
SOXL,y2025,09:30,10:00,3.844219384391644,39.01260406472667,80,65.98985829364585,16,0.0985378822191314,0.058254699794707744,,,,,
SOXL,y2025,10:00,10:30,3.815415070626502,30.745341019588455,80,86.52156725049994,16,0.12409734106366317,0.04409784972549091,,,,,
SOXL,y2025,10:30,11:00,3.8346197782487668,28.676344443715823,80,91.6439343286011,16,0.13372066254034312,0.04184259227129255,,,,,
SOXL,y2025,11:00,11:30,3.832105878787254,17.931885720438828,80,50.86472422150104,16,0.21370345196988433,0.07533916555016695,,,,,
SOXL,y2025,11:30,12:00,3.8122902084895096,18.385704298696943,80,30.93726252520584,16,0.20735078442220456,0.12322648797331318,,,,,
SOXL,y2025,12:00,12:30,3.800045309884875,16.66118473555626,80,32.30493895800863,16,0.22807773697960887,0.1176304748578643,,,,,
SOXL,y2025,12:30,13:00,3.8021664229904966,14.214778934007827,80,33.946348219891256,16,0.267479813836154,0.11200516763575097,,,,,
SOXL,y2025,13:00,13:30,3.8366629228355413,17.474700411855125,80,35.848049211166796,16,0.21955529035752086,0.10702571010866631,,,,,
SOXL,y2025,13:30,14:00,3.8378401249126175,13.01437967486,80,41.60197543481744,16,0.2948922822903507,0.09225139154571636,,,,,
SOXL,y2025,14:00,14:30,3.840313662321422,13.586287494353638,80,27.414502213087324,16,0.28266100389215437,0.14008328994892733,,,,,
SOXL,y2025,14:30,15:00,3.8393078762191486,13.89861619073616,80,35.468273392163965,16,0.27623670036864256,0.10824625810703743,,,,,
SOXL,y2025,15:00,15:30,3.8386847326303855,14.112894420804643,80,34.466242072523634,16,0.2719984021825853,0.11137520372987142,,,,,
SOXL,y2025,15:30,16:00,3.8406564748227967,15.825098341388445,80,45.74939927355079,16,0.24269400366240185,0.08394987772097817,,,,,
SOXL,y2025,09:30,16:00,3.828794963550804,21.137447273517655,1040,52.55084561422909,208,0.18113800186022289,0.07285886494877046,,,,,
SOXL,y2026,09:30,10:00,6.877734973562808,58.99106974112384,130,148.19904144915526,26,0.11658942622578353,0.04640876827750907,,,,,
SOXL,y2026,10:00,10:30,5.534483707591791,38.49037417870855,130,85.5390360993655,26,0.14378877383460884,0.0647012634227339,,,,,
SOXL,y2026,10:30,11:00,5.524195932038856,36.80063521985918,130,104.56178260132607,26,0.15011142875756028,0.05283188364434786,,,,,
SOXL,y2026,11:00,11:30,4.8073992913915715,30.663808709791546,130,68.4453728626727,26,0.15677763114457716,0.07023702392617588,,,,,
SOXL,y2026,11:30,12:00,4.308025909287971,25.922734898628217,130,78.62249701856388,26,0.1661871683730386,0.054793806768446765,,,,,
SOXL,y2026,12:00,12:30,4.856624265310666,26.262120388433967,130,64.0187663781889,26,0.18492887068820077,0.07586250938701797,,,,,
SOXL,y2026,12:30,13:00,4.642031139611684,21.71147499762014,130,48.62068195926775,26,0.21380542501697886,0.09547441443747276,,,,,
SOXL,y2026,13:00,13:30,4.771809560023229,19.45046060796917,130,42.96255531938307,26,0.24533144259155185,0.11106903498988036,,,,,
SOXL,y2026,13:30,14:00,4.047145690741489,18.701608020718037,130,45.683207396553755,26,0.2164062943816369,0.08859153989802383,,,,,
SOXL,y2026,14:00,14:30,3.802945590263935,16.540428496066273,130,50.396934061165005,26,0.22991820261297163,0.07545986003133508,,,,,
SOXL,y2026,14:30,15:00,3.762820012572528,20.601559979651945,130,43.64866216011296,26,0.1826473342935703,0.08620699527444095,,,,,
SOXL,y2026,15:00,15:30,3.5079242238253383,23.009894749067374,130,56.3357900563954,26,0.15245285830642574,0.06226812866764986,,,,,
SOXL,y2026,15:30,16:00,2.9509884917481837,26.144226143908146,130,63.322320697739144,26,0.11287343046624435,0.04660265857649695,,,,,
SOXL,y2026,09:30,16:00,4.568884142921349,30.000783198838597,1690,74.36811332955766,338,0.15229216226255793,0.061436063634889106,,,,,
SOXS,last12m,09:30,10:00,18.63576204403128,57.85603843686815,180,148.46949466706945,36,0.3221057394789727,0.1255191316291635,59.034531197137184,128.57374771005462,249.0,0.31567561673014527,0.14494220146757023
SOXS,last12m,10:00,10:30,17.920710250860203,38.64068358101126,180,77.24883759673874,36,0.463778292464442,0.2319867949911621,45.06353839431626,96.62322793535463,249.0,0.39767650054573817,0.18547000171480485
SOXS,last12m,10:30,11:00,17.53610273594901,31.791647316888188,180,80.05727215308033,36,0.5515946550726102,0.21904446984425863,38.40473236522447,82.24299427049533,249.0,0.45661306969106685,0.21322305798197436
SOXS,last12m,11:00,11:30,17.53747125502843,25.301880234425465,180,58.6580335109338,36,0.6931291703439152,0.29897816556975887,32.91229907768725,68.58196441765018,249.0,0.5328546393441679,0.2557154990228743
SOXS,last12m,11:30,12:00,17.480108577710833,22.063275207968967,180,60.17689032883517,36,0.7922717009574919,0.29047876156762503,29.00517996859234,59.24769335412292,249.0,0.6026547187998422,0.29503441548740783
SOXS,last12m,12:00,12:30,17.610019128743854,24.725465249140075,180,55.03462716066048,36,0.712221952197899,0.31998071100464803,26.31361802931436,53.502010137768686,249.0,0.6692359488203269,0.3291468691250613
SOXS,last12m,12:30,13:00,17.5375148366562,20.300530818702278,180,42.18978286127982,36,0.8638943973080452,0.41568156191558564,25.806497431347218,51.11198906736824,249.0,0.6795774933545742,0.34311939638155836
SOXS,last12m,13:00,13:30,17.599141516970164,19.15791014006242,180,36.713790941602724,36,0.9186357691576907,0.47936050910578837,24.801701947730976,50.36909021388103,249.0,0.7095941058424118,0.3494036013404126
SOXS,last12m,13:30,14:00,17.604320924271246,16.298355769614627,180,41.31926331515587,36,1.0801286444545135,0.42605602113467483,23.23517903662234,46.16723527794039,249.0,0.7576580708297549,0.38131633437194223
SOXS,last12m,14:00,14:30,17.61758894630705,14.91133744306485,180,42.981483115667196,36,1.181489521887311,0.4098878789011646,23.690609593304394,46.73861759127105,249.0,0.7436528332848917,0.3769385971226784
SOXS,last12m,14:30,15:00,17.529408450801785,17.474853040953253,180,33.649383530239305,36,1.0031219381199188,0.5209429300554298,23.578863164259683,46.39508074379162,249.0,0.7434373883373848,0.3778290320821889
SOXS,last12m,15:00,15:30,17.45555909611157,18.58795748880705,180,44.995755064281,36,0.9390789228253096,0.3879379081687714,25.30621382525826,53.00800957949863,249.0,0.6897736349121135,0.3293004063835417
SOXS,last12m,15:30,16:00,17.48921346233706,23.44495905058738,180,60.31739875457575,36,0.7459690343071379,0.28995304544711165,27.408862681778764,60.15934878339364,249.0,0.6380860696552643,0.2907148068591589
SOXS,last12m,09:30,16:00,17.657926876120687,27.804874588596014,2340,66.5773101213864,468,0.6350658701896454,0.26522439617830834,32.6471210104932,67.79079970005523,249.0,0.5408724055773617,0.26047674543226107
SOXS,last5,09:30,10:00,4.371749435409994,50.125983025096815,50,128.80778190254375,10,0.08721523592307744,0.033940103391561144,,,,,
SOXS,last5,10:00,10:30,3.2101691073161422,29.42122441704217,50,61.54936913774148,10,0.10911065636876283,0.0521560034211252,,,,,
SOXS,last5,10:30,11:00,2.9613490357669288,26.962156343626646,50,62.93903327923587,10,0.1098335384612862,0.04705107278385706,,,,,
SOXS,last5,11:00,11:30,2.919201817998452,15.555624512184357,50,38.88014863103347,10,0.1876621421217714,0.07508206426115344,,,,,
SOXS,last5,11:30,12:00,2.915280059689703,15.124812952861648,50,30.64917534259694,10,0.1927481727394272,0.09511773243823558,,,,,
SOXS,last5,12:00,12:30,3.0928567894231733,30.194879521084086,50,79.37709051632038,10,0.10242984368470599,0.038964098700332996,,,,,
SOXS,last5,12:30,13:00,2.962559243906009,17.156082995948463,50,32.48264746316259,10,0.17268272977028845,0.09120436526196768,,,,,
SOXS,last5,13:00,13:30,3.133767261511373,15.073665334394603,50,23.777288240587954,10,0.20789683146015217,0.13179666368185824,,,,,
SOXS,last5,13:30,14:00,2.9625317706385035,15.18781109635963,50,45.51507754163814,10,0.19505982473989247,0.06508901952168086,,,,,
SOXS,last5,14:00,14:30,2.9592919934534665,14.310291480992007,50,56.10161413943299,10,0.2067946692339718,0.05274878519713436,,,,,
SOXS,last5,14:30,15:00,2.9791307479803133,14.393111046513509,50,26.548229852947383,10,0.20698310034243486,0.11221579609947405,,,,,
SOXS,last5,15:00,15:30,2.9903922050668177,12.319081646779928,50,31.908890916810115,10,0.24274473461651852,0.09371658240529541,,,,,
SOXS,last5,15:30,16:00,2.9871551765457895,18.849405732819267,50,60.64446493716244,10,0.15847476673202296,0.049256847754217466,,,,,
SOXS,last5,09:30,16:00,3.111437946405142,23.35287380934326,650,57.31437520765298,130,0.1332357624079776,0.05428721738887041,,,,,
SOXS,normal18m,09:30,10:00,17.484943460127038,56.040952870746004,210,139.7488376136986,42,0.3120029650540502,0.12511691516504686,,,,,
SOXS,normal18m,10:00,10:30,16.776918148512983,37.91291737320809,210,78.0814249395897,42,0.44251192761991787,0.2148643952321952,,,,,
SOXS,normal18m,10:30,11:00,16.46192740895728,33.23478956088701,210,90.89810313301676,42,0.4953221496648443,0.18110309062079694,,,,,
SOXS,normal18m,11:00,11:30,16.43245731875198,24.449027905437664,210,57.66653452642315,42,0.6721108660151378,0.2849565602251082,,,,,
SOXS,normal18m,11:30,12:00,16.39227944259407,22.702993958676604,210,58.04421125217149,42,0.7220316171704432,0.2824102367655279,,,,,
SOXS,normal18m,12:00,12:30,16.508573942455314,24.198875791071778,210,51.794480302655465,42,0.6822041686972162,0.31873230209067144,,,,,
SOXS,normal18m,12:30,13:00,16.44080172554222,19.77352243375097,210,42.116133329873826,42,0.8314553858891521,0.390368260941002,,,,,
SOXS,normal18m,13:00,13:30,16.505477637784296,19.25645248828768,210,39.6772141949816,42,0.8571401013672375,0.41599386379984105,,,,,
SOXS,normal18m,13:30,14:00,16.493474643834897,16.35652867211775,210,43.41198706785925,42,1.0083725571887752,0.37992904167351743,,,,,
SOXS,normal18m,14:00,14:30,16.501885452320117,15.331406883661822,210,42.315457641747244,42,1.0763451506792658,0.38997298793336976,,,,,
SOXS,normal18m,14:30,15:00,16.425225462077915,17.13359560084073,210,32.59957756622679,42,0.958656072241599,0.5038478007486352,,,,,
SOXS,normal18m,15:00,15:30,16.360214365366943,18.13253379146396,210,42.22394303566662,42,0.9022574866546588,0.38746296980240447,,,,,
SOXS,normal18m,15:30,16:00,16.39287163482222,22.46986278488543,210,57.30194160105429,42,0.7295492541168985,0.28607881647278444,,,,,
SOXS,normal18m,09:30,16:00,16.55209673564609,27.44276298468979,2730,66.03539712998911,546,0.6031497901607225,0.2506549131985029,,,,,
SOXS,since_2026-07-15,09:30,10:00,4.435188882610773,47.351909032883285,70,123.25310472082656,14,0.09366441550499642,0.03598439887300739,60.26162224157329,141.3058190266401,52.0,0.07359889623998579,0.0313871637641095
SOXS,since_2026-07-15,10:00,10:30,3.474253943339813,31.780137523836647,70,63.908940214766716,14,0.10932155157396514,0.054362565419869946,45.17720824352225,105.66635257374888,52.0,0.07690280294905052,0.03287947259194916
SOXS,since_2026-07-15,10:30,11:00,3.2743853813234964,29.621876337847308,70,62.17535950250438,14,0.11053943187048812,0.0526637144927422,37.86017276700381,87.14769848161176,52.0,0.0864862767920915,0.03757282680292922
SOXS,since_2026-07-15,11:00,11:30,3.2203809214744386,18.02746881831752,70,40.46675648928616,14,0.17863744233479098,0.07958090049364484,31.568114194855735,70.22245274807575,52.0,0.10201372503902131,0.04585970434595343
SOXS,since_2026-07-15,11:30,12:00,2.9915666640837455,15.657736380847512,70,42.75911195963268,14,0.19105997133423572,0.06996325524505688,26.43155756837617,58.40423698461338,52.0,0.11318162602959812,0.05122174038284029
SOXS,since_2026-07-15,12:00,12:30,3.1494290465953365,26.890996997787056,70,66.82193022613002,14,0.11711834436092172,0.04713166824031349,23.70713371098941,55.08497461867967,52.0,0.1328473144408606,0.05717401284827578
SOXS,since_2026-07-15,12:30,13:00,3.0415716966560957,16.993455951669905,70,29.45317222528274,14,0.1789848813158696,0.10326805117600191,22.37651104187849,49.55440890356489,52.0,0.13592698571120757,0.06137842754970867
SOXS,since_2026-07-15,13:00,13:30,3.145487916867599,13.718902574724778,70,20.916683201735502,14,0.22928130728639584,0.15038177355990223,18.581581494882982,42.40074377352356,52.0,0.1692798816792751,0.07418473443929884
SOXS,since_2026-07-15,13:30,14:00,2.9872143931522723,15.337460437532352,70,44.55334304059864,14,0.19476590699737029,0.06704804150005562,16.444789574340263,35.36593258211364,52.0,0.18165111688710156,0.08446587365444051
SOXS,since_2026-07-15,14:00,14:30,2.9247325993019206,13.63447077026565,70,48.42063601953541,14,0.2145101668104523,0.06040260599059317,20.23956171930271,40.7408251352992,52.0,0.14450572793345462,0.07178874236319371
SOXS,since_2026-07-15,14:30,15:00,2.831204193292982,12.882546531967012,70,23.062510774027455,14,0.21977053886571063,0.122762184093218,18.47547466811633,41.05564435859724,52.0,0.1532412154031893,0.06896016948520052
SOXS,since_2026-07-15,15:00,15:30,2.7995154945823804,12.562988355768304,70,29.88218799949108,14,0.22283834190588747,0.0936850907513887,22.881320874459032,51.82196333563035,52.0,0.12234938314716359,0.05402179528496492
SOXS,since_2026-07-15,15:30,16:00,2.7871283824187216,17.602643226364886,70,54.60108880036916,14,0.15833578778920068,0.05104528945583733,24.57550107924289,62.32332502218483,52.0,0.11341084657569009,0.04472046992721594
SOXS,since_2026-07-15,09:30,16:00,3.1588011078986473,23.104236479117418,910,55.685277563435946,182,0.1367195626981097,0.05672596503268179,30.714515964766424,69.55124134551431,52.0,0.10284391626168572,0.045416890436311
SOXS,stress,09:30,10:00,15.020676530516475,77.08091852277668,90,151.66272823623152,18,0.19486893537831942,0.09903999951207594,,,,,
SOXS,stress,10:00,10:30,14.936658715179172,86.92033859461287,90,148.88765654015836,18,0.17184308018911598,0.10032167247625674,,,,,
SOXS,stress,10:30,11:00,14.893625640427281,86.28630080037873,90,229.6446267237866,18,0.17260707090553487,0.06485510178446775,,,,,
SOXS,stress,11:00,11:30,14.592083383099377,85.82199851709682,90,154.94068522519746,18,0.17002730809388517,0.09417851329294571,,,,,
SOXS,stress,11:30,12:00,14.449690953116454,56.317664426345594,90,131.70852724900448,18,0.2565747550133993,0.10970960844318205,,,,,
SOXS,stress,12:00,12:30,13.87919560178977,48.97090691912869,90,103.36622342865296,18,0.2834171649038497,0.13427205852567192,,,,,
SOXS,stress,12:30,13:00,13.763491545029474,53.12403016742159,90,111.79868544897018,18,0.25908221762643985,0.12310960088445526,,,,,
SOXS,stress,13:00,13:30,14.386244107559346,143.76206494952348,90,219.85036010729272,18,0.10006982101022632,0.0654365273749767,,,,,
SOXS,stress,13:30,14:00,14.82509559922583,144.1387884501597,90,371.5534686410077,18,0.10285292223301885,0.03990030197659043,,,,,
SOXS,stress,14:00,14:30,15.340958015251202,108.85853969357647,90,193.48882005716524,18,0.14092562750183982,0.07928601771781335,,,,,
SOXS,stress,14:30,15:00,15.116757716424337,88.38433212265251,90,110.0938170196736,18,0.17103436042766657,0.13730796265991027,,,,,
SOXS,stress,15:00,15:30,15.225927652670155,73.7359700635348,90,183.15966613059643,18,0.20649253871008538,0.0831292607937698,,,,,
SOXS,stress,15:30,16:00,14.54428882903462,81.48886045551133,90,144.29562878354605,18,0.17848192682698077,0.10079507571814329,,,,,
SOXS,stress,09:30,16:00,14.690369916034298,91.89434179892027,1170,187.11456045381203,234,0.15986152823401478,0.0785100308624059,,,,,
SOXS,y2022,09:30,10:00,10.833387541709106,48.94243217237698,50,97.6811942744453,10,0.22134959504165078,0.11090555988977363,,,,,
SOXS,y2022,10:00,10:30,9.721734007212348,34.16328123374926,50,72.11026775669552,10,0.28456675284481836,0.13481761071826937,,,,,
SOXS,y2022,10:30,11:00,9.096904813003807,29.494754588335056,50,82.4627540209402,10,0.3084244958119286,0.11031531654513725,,,,,
SOXS,y2022,11:00,11:30,8.790131568563998,30.968411942350354,50,47.32074050892277,10,0.2838418574684224,0.18575642464653605,,,,,
SOXS,y2022,11:30,12:00,8.705960801258119,19.675665723420135,50,42.92639203516872,10,0.4424735062913439,0.20281137986452488,,,,,
SOXS,y2022,12:00,12:30,8.69976114761103,20.959762510281756,50,61.45128884747815,10,0.415069643243495,0.1415716628694933,,,,,
SOXS,y2022,12:30,13:00,8.928502229780275,23.209797750087397,50,43.22151674262463,10,0.38468677434927906,0.20657540277791953,,,,,
SOXS,y2022,13:00,13:30,8.1585054324155,21.292154842979215,50,16.884816580664275,10,0.38316955200547265,0.48318590808728423,,,,,
SOXS,y2022,13:30,14:00,8.698620547364408,17.576439326165808,50,41.61578819537069,10,0.49490231701337195,0.20902212656714828,,,,,
SOXS,y2022,14:00,14:30,8.731442929544174,27.935167954285728,50,50.27453773061025,10,0.3125609605724466,0.1736752504086762,,,,,
SOXS,y2022,14:30,15:00,8.371194487512804,20.29985419298103,50,37.81527793723457,10,0.4123770746297905,0.22137069840944265,,,,,
SOXS,y2022,15:00,15:30,8.262337091727279,24.393918968047675,50,54.30977713305987,10,0.3387047855061618,0.15213351127338295,,,,,
SOXS,y2022,15:30,16:00,8.294577972540806,22.170102410838677,50,57.145761414018274,10,0.3741334982956909,0.14514773742267584,,,,,
SOXS,y2022,09:30,16:00,8.868538684554295,27.399678249648073,650,57.5186773455916,130,0.32367309585718235,0.15418537236642502,,,,,
SOXS,y2023,09:30,10:00,8.433432535221636,39.56258662596637,50,85.65393220562407,10,0.2131668643143385,0.0984593738787849,,,,,
SOXS,y2023,10:00,10:30,8.36576726730984,22.792881325977522,50,64.35268640338163,10,0.36703421334340913,0.12999872631378187,,,,,
SOXS,y2023,10:30,11:00,8.410451027981123,21.81736536234632,50,24.202726636200207,10,0.3854934309573589,0.3475001455167265,,,,,
SOXS,y2023,11:00,11:30,8.419091267760706,16.8304644967547,50,30.378997752845386,10,0.5002292877528187,0.2771352543048313,,,,,
SOXS,y2023,11:30,12:00,8.41875241511596,13.384751545983093,50,35.187291236371905,10,0.6289808507982741,0.2392554845601125,,,,,
SOXS,y2023,12:00,12:30,8.443234313564977,11.960326517461208,50,22.6201477987453,10,0.7059367736523303,0.3732616775401135,,,,,
SOXS,y2023,12:30,13:00,8.44459492752206,38.49595001690472,50,55.33980071624217,10,0.2193632037607537,0.15259532593588795,,,,,
SOXS,y2023,13:00,13:30,8.594218801531031,28.694265515453445,50,44.809057475967656,10,0.29950997689425335,0.1917964645014091,,,,,
SOXS,y2023,13:30,14:00,8.486632426099678,19.316923314454108,50,33.158920437623394,10,0.4393366525273442,0.2559381401473619,,,,,
SOXS,y2023,14:00,14:30,8.474370406678332,17.501101118647874,50,30.08856781631803,10,0.48421926993203146,0.2816475167050789,,,,,
SOXS,y2023,14:30,15:00,8.372354659988412,18.88491367785181,50,49.3168893371592,10,0.4433356065486015,0.16976647904027525,,,,,
SOXS,y2023,15:00,15:30,8.401599432685602,22.23047700347591,50,31.940947575000788,10,0.37793158605512356,0.2630353846878757,,,,,
SOXS,y2023,15:30,16:00,8.39255903385107,23.88813493303375,50,74.29201042734238,10,0.3513275129003648,0.11296718160641239,,,,,
SOXS,y2023,09:30,16:00,8.43518422265002,24.105577888593487,650,48.81665601124219,130,0.34992665438821374,0.17279315938206516,,,,,
SOXS,y2024,09:30,10:00,7.458259448808552,41.749102585997065,50,132.31860557160047,10,0.17864478484167715,0.05636591631683063,,,,,
SOXS,y2024,10:00,10:30,7.163073328682513,33.80029639594173,50,111.67527729432908,10,0.21192338803107524,0.06414197933714248,,,,,
SOXS,y2024,10:30,11:00,7.012804855538731,38.27352305721148,50,68.2100145318624,10,0.1832286211294411,0.10281195369431999,,,,,
SOXS,y2024,11:00,11:30,7.054159597429744,21.13656175582771,50,35.77125721733505,10,0.3337420569589466,0.1972018918588984,,,,,
SOXS,y2024,11:30,12:00,7.127484387966421,20.82766803645681,50,41.384576408833674,10,0.34221230987023854,0.17222562138983344,,,,,
SOXS,y2024,12:00,12:30,7.04934944552826,16.23496764421733,50,21.444060576548228,10,0.43420779147897715,0.328732024439327,,,,,
SOXS,y2024,12:30,13:00,7.128521440510415,22.34788926819185,50,55.58826747268745,10,0.318979629573186,0.12823787760632976,,,,,
SOXS,y2024,13:00,13:30,7.118899433143552,15.516487665098579,50,48.13130730214355,10,0.45879580397283964,0.1479057983705859,,,,,
SOXS,y2024,13:30,14:00,7.1257489380234995,13.811821882381178,50,36.02835242750058,10,0.5159166544938828,0.19778170407216258,,,,,
SOXS,y2024,14:00,14:30,7.108362491314672,15.752736863017441,50,46.928248877499364,10,0.4512461899876529,0.15147299678430812,,,,,
SOXS,y2024,14:30,15:00,7.175648413221802,24.74709498530967,50,29.85196420040943,10,0.2899592221827006,0.240374414395264,,,,,
SOXS,y2024,15:00,15:30,7.255126090766934,12.695927050053822,50,24.993036884753206,10,0.5714530386133699,0.29028589539644395,,,,,
SOXS,y2024,15:30,16:00,7.059650212344939,20.382158286300946,50,47.48107071980308,10,0.3463642129150671,0.1486834670179531,,,,,
SOXS,y2024,09:30,16:00,7.141314207452138,24.45206661084624,650,60.406919844817764,130,0.2920536051658085,0.11822013480902192,,,,,
SOXS,y2025,09:30,10:00,19.149210020147393,36.26976007681393,80,62.397845308824465,16,0.5279662721670126,0.30688896267767857,,,,,
SOXS,y2025,10:00,10:30,18.952739770745247,32.523516900250826,80,84.48288746424639,16,0.5827395551616708,0.2243382102531255,,,,,
SOXS,y2025,10:30,11:00,19.001431692753254,28.531199717339646,80,89.51530747924926,16,0.665987826695043,0.21227019409119516,,,,,
SOXS,y2025,11:00,11:30,18.906922834686856,18.492493425703504,80,49.158495643371396,16,1.022410683050849,0.3846115017808991,,,,,
SOXS,y2025,11:30,12:00,18.93404802332207,20.17227698115808,80,31.623837439699145,16,0.9386172934769546,0.5987270855229326,,,,,
SOXS,y2025,12:00,12:30,18.91922026776613,19.02970539691778,80,36.118841478820215,16,0.9941940704363428,0.5238047371718775,,,,,
SOXS,y2025,12:30,13:00,18.933178898004176,15.92852853058974,80,34.78147446436333,16,1.1886332665094703,0.5443466439987437,,,,,
SOXS,y2025,13:00,13:30,18.91570699464352,17.600267191530108,80,36.831684667544764,16,1.0747397632546425,0.5135715937346632,,,,,
SOXS,y2025,13:30,14:00,18.887412761209653,13.163396955498158,80,37.53158354753196,16,1.434843363385821,0.5032404970946576,,,,,
SOXS,y2025,14:00,14:30,18.91281786674843,14.641839125707147,80,28.20397350029188,16,1.2916968766268295,0.670572813669418,,,,,
SOXS,y2025,14:30,15:00,18.869353893603673,15.045038066701185,80,28.81269019974131,16,1.254191169869271,0.6548973304052353,,,,,
SOXS,y2025,15:00,15:30,18.837414558005406,14.73722914501594,80,29.66865209528532,16,1.2782195603151172,0.6349265378658332,,,,,
SOXS,y2025,15:30,16:00,18.86132052547057,15.744143445487733,80,40.850422567548115,16,1.1979896264776615,0.4617166565237479,,,,,
SOXS,y2025,09:30,16:00,18.92929263562091,21.484805427845448,1040,50.603280147671995,208,0.8810548784904304,0.37407244313769555,,,,,
SOXS,y2026,09:30,10:00,15.622280553848826,63.513124996629145,140,164.81585346338048,28,0.24596932609878594,0.09478627344134619,,,,,
SOXS,y2026,10:00,10:30,14.67017922308213,40.00813306442566,140,75.0457961386299,28,0.3666799247907553,0.19548302473841891,,,,,
SOXS,y2026,10:30,11:00,14.173472452033227,34.77599318340349,140,90.02313255617452,28,0.40756485019088917,0.1574425600352106,,,,,
SOXS,y2026,11:00,11:30,14.18661482290192,26.901905369872566,140,62.27507331192446,28,0.5273460979009131,0.22780567036579402,,,,,
SOXS,y2026,11:30,12:00,14.11798699965452,23.567456207703312,140,66.27227818723951,28,0.5990458569321487,0.21303005398074407,,,,,
SOXS,y2026,12:00,12:30,14.304725279339626,26.461212348954604,140,58.98895919134794,28,0.5405922106174685,0.24249835012240287,,,,,
SOXS,y2026,12:30,13:00,14.196137239208637,21.333580539906947,140,45.19462794648506,28,0.6654362221406346,0.3141111650707309,,,,,
SOXS,y2026,13:00,13:30,14.301572615320085,20.0903402388604,140,40.6649231078416,28,0.7118631364767432,0.35169309376026453,,,,,
SOXS,y2026,13:30,14:00,14.298148189714452,17.56312323033375,140,45.305718600570316,28,0.8141005447721126,0.31559257046050837,,,,,
SOXS,y2026,14:00,14:30,14.30025989001564,15.448012486601069,140,47.59636175997094,28,0.9257022482613256,0.30044859231325355,,,,,
SOXS,y2026,14:30,15:00,14.208832897994364,17.75324835044117,140,34.00611707099812,28,0.800351159264962,0.4178316762342816,,,,,
SOXS,y2026,15:00,15:30,14.129873077348103,19.427891671577925,140,47.33224965075472,28,0.7272983253257187,0.29852527994351946,,,,,
SOXS,y2026,15:30,16:00,14.164952607458993,25.165513283500733,140,64.49951602700588,28,0.5628715952615185,0.21961331619183222,,,,,
SOXS,y2026,09:30,16:00,14.35963408802577,29.78948333634817,1820,72.00868987180469,364,0.48203703051487995,0.19941529437058048,,,,,
SOXX,last12m,09:30,10:00,3.1582258713663673,19.447828583676113,70,62.172804419585766,14,0.1623947813905189,0.05079754566083975,19.072196197917368,42.62230778538895,249.0,0.16559319328474803,0.0740979556355467
SOXX,last12m,10:00,10:30,2.697889895251303,13.125460642152474,70,23.97814376347239,14,0.20554630186364795,0.11251454332178917,14.265944703124626,31.733220604452864,249.0,0.18911400200930206,0.08501784073163787
SOXX,last12m,10:30,11:00,2.758289459156085,8.995817865054772,70,21.9761655715008,14,0.30661908683933664,0.12551277201574684,12.147511515627023,27.327130119378403,249.0,0.2270662148052065,0.10093593608646478
SOXX,last12m,11:00,11:30,2.1838580462738313,6.856270067224734,70,19.037937086906705,14,0.31851984021361757,0.11471085529407356,10.159099666616257,22.715322851851816,249.0,0.2149657073894246,0.09614030408094319
SOXX,last12m,11:30,12:00,2.1156682864335665,5.500721048540873,70,14.34362555109062,14,0.384616538043639,0.1474988508935735,8.865382800788753,19.602286810993125,249.0,0.23864376011437832,0.10792966692269201
SOXX,last12m,12:00,12:30,2.260025107955956,9.45121913647024,70,25.385244105358392,14,0.2391252467351012,0.08902908707814644,8.003344411945264,17.882759207660836,249.0,0.2823850869872339,0.12638011179996086
SOXX,last12m,12:30,13:00,1.973855692919749,6.0531931319076815,70,10.865551082470937,14,0.3260850347753042,0.18166181153058222,8.025714469159729,17.185448786866438,249.0,0.24594142995052334,0.11485622036406871
SOXX,last12m,13:00,13:30,1.7640152511464333,4.958666472566471,70,10.482501135050475,14,0.35574388011489444,0.16828190413908686,7.293555080163453,16.24744388855653,249.0,0.24185945423845356,0.10857186294940045
SOXX,last12m,13:30,14:00,1.915706767713014,5.314271553812791,70,14.505806817367644,14,0.36048341683604146,0.1320648200980699,6.676723758886673,15.072452905354917,249.0,0.28692317323495997,0.12709986753598712
SOXX,last12m,14:00,14:30,1.765330465679059,4.669215136215136,70,16.992699349522262,14,0.3780786308146073,0.10388758309483596,6.771982976938921,14.912729298702118,249.0,0.26068146829232364,0.11837742309402068
SOXX,last12m,14:30,15:00,1.7060693695107747,4.531301780671088,70,9.562044657055553,14,0.3765075583330725,0.17842097905827242,6.7874597703876685,14.724478631227026,249.0,0.2513560930341001,0.11586619888140677
SOXX,last12m,15:00,15:30,1.5819764180296831,4.658583468957488,70,10.969033070679304,14,0.3395831433677634,0.14422204836435165,7.633593012838601,17.619878738795016,249.0,0.20723876886926346,0.08978361551073143
SOXX,last12m,15:30,16:00,1.32334835837244,6.599015512006814,70,18.00789594819266,14,0.2005372401329602,0.07348711710571917,8.453232258862258,20.230957805554592,249.0,0.15654939055827538,0.06541204677956981
SOXX,last12m,09:30,16:00,2.092642281439317,8.75438537486719,910,23.647463966650534,182,0.2390393147926805,0.088493306698364,10.136455953178707,22.38542323163674,249.0,0.20644713409750295,0.0934823639377003
SOXX,last5,09:30,10:00,2.894009258284349,17.285406152403294,40,47.30141384068572,8,0.167425007706977,0.06118229928668862,,,,,
SOXX,last5,10:00,10:30,2.312641961277899,9.056939390340169,40,17.3850950286134,8,0.25534475407271534,0.13302440725642387,,,,,
SOXX,last5,10:30,11:00,2.568198972080532,9.551900904356451,40,23.899994682168906,8,0.26886784084089715,0.10745604784575917,,,,,
SOXX,last5,11:00,11:30,2.180994025138467,5.241932506162494,40,12.924043133483554,8,0.4160667888368379,0.16875477763517804,,,,,
SOXX,last5,11:30,12:00,2.03690112430708,4.2023132546566995,40,7.128409353646227,8,0.4847094923373296,0.2857441293358373,,,,,
SOXX,last5,12:00,12:30,2.1498567265296313,10.635105840302325,40,30.4659865646146,8,0.20214718676166152,0.07056580038759128,,,,,
SOXX,last5,12:30,13:00,1.797079061350144,6.199566174247701,40,11.485480529304487,8,0.28987174438350344,0.15646529170155388,,,,,
SOXX,last5,13:00,13:30,1.715042610264896,5.394872308609719,40,7.737972849932074,8,0.31790235470964645,0.22163978131300255,,,,,
SOXX,last5,13:30,14:00,2.0377647788265336,5.694334602073718,40,17.773225927646358,8,0.35785827866252123,0.11465362490310656,,,,,
SOXX,last5,14:00,14:30,1.8615897018274905,5.25923857693112,40,21.792664629124232,8,0.3539656310693113,0.08542276649086858,,,,,
SOXX,last5,14:30,15:00,1.7882345941058155,4.990110726558308,40,8.94833491203158,8,0.35835569431124936,0.1998399268339214,,,,,
SOXX,last5,15:00,15:30,1.7101706439186506,4.252223894017358,40,11.707609738615746,8,0.4021826429047552,0.14607342421723507,,,,,
SOXX,last5,15:30,16:00,1.443695884849498,5.910911050935958,40,18.63143926209474,8,0.24424253256541514,0.07748708323283784,,,,,
SOXX,last5,09:30,16:00,2.038169132758267,7.9783065838630005,520,20.388921011810634,104,0.2554638771190728,0.09996454111414833,,,,,
SOXX,normal18m,09:30,10:00,3.58281381598181,19.12158672456432,90,56.572655219706704,18,0.18737011041971693,0.06333119423275295,,,,,
SOXX,normal18m,10:00,10:30,2.8040173068862098,12.5250912923398,90,22.094672826636746,18,0.22387200551592898,0.12690920245289902,,,,,
SOXX,normal18m,10:30,11:00,2.9413956803233137,9.05914957191326,90,19.892027597413634,18,0.3246878370838182,0.14786806754208176,,,,,
SOXX,normal18m,11:00,11:30,2.3276839373219005,6.353831259285257,90,16.74015386485117,18,0.3663433670701135,0.13904794162073222,,,,,
SOXX,normal18m,11:30,12:00,2.2572814228699682,6.640385093567581,90,13.004691235580975,18,0.33993230679596503,0.17357439572990568,,,,,
SOXX,normal18m,12:00,12:30,2.172052228741507,8.91353092034576,90,22.53470193296155,18,0.24368033814564385,0.09638699616276895,,,,,
SOXX,normal18m,12:30,13:00,2.037331535068262,5.929034596132399,90,11.925779086494527,18,0.3436194378756442,0.1708342507681917,,,,,
SOXX,normal18m,13:00,13:30,1.8514206915126181,5.390678600794753,90,11.799742116387675,18,0.3434485393433883,0.15690348765684758,,,,,
SOXX,normal18m,13:30,14:00,2.0471458802469624,5.497477845270123,90,16.419681698625197,18,0.37237910508512,0.12467634378188755,,,,,
SOXX,normal18m,14:00,14:30,1.865955122685269,5.119684184583448,90,16.58696755871819,18,0.36446684119776196,0.11249525364294295,,,,,
SOXX,normal18m,14:30,15:00,1.8422707773342875,4.584235796315432,90,9.612986549970984,18,0.4018708590022808,0.19164395661615155,,,,,
SOXX,normal18m,15:00,15:30,1.6662823700103246,4.704770002903928,90,10.099516111792102,18,0.35416872003984134,0.16498635692702035,,,,,
SOXX,normal18m,15:30,16:00,1.383177252411378,6.27599012552624,90,16.92173239604249,18,0.22039187837240246,0.0817396954424633,,,,,
SOXX,normal18m,09:30,16:00,2.2137794300424423,8.635151607270924,1170,21.86205483218709,234,0.25636833384354335,0.10126126967640464,,,,,
SOXX,since_2026-07-15,09:30,10:00,2.894009258284349,17.285406152403294,40,47.30141384068572,8,0.167425007706977,0.06118229928668862,20.0469466259927,46.927501059802886,52.0,0.14436159841579074,0.06166979261470406
SOXX,since_2026-07-15,10:00,10:30,2.312641961277899,9.056939390340169,40,17.3850950286134,8,0.25534475407271534,0.13302440725642387,15.24730963476167,35.06644831289788,52.0,0.15167541137915952,0.0659502764763114
SOXX,since_2026-07-15,10:30,11:00,2.568198972080532,9.551900904356451,40,23.899994682168906,8,0.26886784084089715,0.10745604784575917,12.858617490202327,29.34373937475261,52.0,0.19972590164046647,0.08752118941903544
SOXX,since_2026-07-15,11:00,11:30,2.180994025138467,5.241932506162494,40,12.924043133483554,8,0.4160667888368379,0.16875477763517804,10.340188059482044,23.210697437631715,52.0,0.21092401923371948,0.09396503620793409
SOXX,since_2026-07-15,11:30,12:00,2.03690112430708,4.2023132546566995,40,7.128409353646227,8,0.4847094923373296,0.2857441293358373,8.773550889135795,20.13432442694739,52.0,0.23216382398024904,0.10116560561530095
SOXX,since_2026-07-15,12:00,12:30,2.1498567265296313,10.635105840302325,40,30.4659865646146,8,0.20214718676166152,0.07056580038759128,8.049798717883336,18.537626883134926,52.0,0.267069625201129,0.11597259671277113
SOXX,since_2026-07-15,12:30,13:00,1.797079061350144,6.199566174247701,40,11.485480529304487,8,0.28987174438350344,0.15646529170155388,7.592322100425196,16.285080948619974,52.0,0.23669689425446022,0.11035125137050249
SOXX,since_2026-07-15,13:00,13:30,1.715042610264896,5.394872308609719,40,7.737972849932074,8,0.31790235470964645,0.22163978131300255,6.253420207702436,13.88578143737746,52.0,0.2742567352426519,0.12351070179229377
SOXX,since_2026-07-15,13:30,14:00,2.0377647788265336,5.694334602073718,40,17.773225927646358,8,0.35785827866252123,0.11465362490310656,5.48885859981678,11.927539985008025,52.0,0.37125474117598056,0.17084535297201628
SOXX,since_2026-07-15,14:00,14:30,1.8615897018274905,5.25923857693112,40,21.792664629124232,8,0.3539656310693113,0.08542276649086858,6.936990223459316,13.98791672240019,52.0,0.2683569735376042,0.1330855579692113
SOXX,since_2026-07-15,14:30,15:00,1.7882345941058155,4.990110726558308,40,8.94833491203158,8,0.35835569431124936,0.1998399268339214,6.2588025494285615,13.9376023112568,52.0,0.28571513160597856,0.12830288554449107
SOXX,since_2026-07-15,15:00,15:30,1.7101706439186506,4.252223894017358,40,11.707609738615746,8,0.4021826429047552,0.14607342421723507,7.665280629627081,17.207020239294526,52.0,0.22310607093870366,0.09938796027061372
SOXX,since_2026-07-15,15:30,16:00,1.443695884849498,5.910911050935958,40,18.63143926209474,8,0.24424253256541514,0.07748708323283784,8.454064844456834,21.75284402983782,52.0,0.1707694359354366,0.06636814399391718
SOXX,since_2026-07-15,09:30,16:00,2.038169132758267,7.9783065838630005,520,20.388921011810634,104,0.2554638771190728,0.09996454111414833,10.312665054711257,23.29279953924691,52.0,0.19763747992834751,0.0875021110847616
SOXX,y2022,09:30,10:00,5.286915264632646,16.06344969546708,50,31.378682897963053,10,0.3291270159811657,0.1684874818304068,,,,,
SOXX,y2022,10:00,10:30,4.465114784900058,11.385692796686929,50,24.32561161754146,10,0.3921689144993743,0.18355611587912618,,,,,
SOXX,y2022,10:30,11:00,3.931019123480324,9.677473820250404,50,26.954818285352193,10,0.4062030232780944,0.1458373446211107,,,,,
SOXX,y2022,11:00,11:30,3.441229025932611,9.780713367293169,50,14.783706613246387,10,0.35183824499347105,0.2327717341772209,,,,,
SOXX,y2022,11:30,12:00,3.141233855350336,6.506491061874863,50,13.49883384383974,10,0.48278462622604157,0.23270409071549936,,,,,
SOXX,y2022,12:00,12:30,3.2822250588471156,6.747912281460665,50,19.832506104963166,10,0.48640600558260955,0.16549724182491113,,,,,
SOXX,y2022,12:30,13:00,3.341488011460709,7.802321134653397,50,14.02399688123839,10,0.4282684541936825,0.23826930651496542,,,,,
SOXX,y2022,13:00,13:30,2.9829003587210243,6.677759828074916,50,5.801047904524212,10,0.446691770222132,0.5142002630929273,,,,,
SOXX,y2022,13:30,14:00,3.0906228913557285,5.547387823923965,50,13.183215651128457,10,0.5571312101214451,0.23443619319776335,,,,,
SOXX,y2022,14:00,14:30,3.566124285737358,9.295257058823756,50,16.30456839973627,10,0.3836498832866731,0.21871933057700818,,,,,
SOXX,y2022,14:30,15:00,3.0963366332681326,6.499846983312531,50,12.355521028522828,10,0.4763706962975519,0.2506034853665995,,,,,
SOXX,y2022,15:00,15:30,2.9032505074363164,8.215153815356674,50,17.732265426622188,10,0.35340184404207253,0.16372699356719225,,,,,
SOXX,y2022,15:30,16:00,2.6522918842719423,7.424174344067289,50,19.679081325802883,10,0.3572507542729526,0.13477722056030642,,,,,
SOXX,y2022,09:30,16:00,3.4754424472350154,8.980774044972732,650,18.778394345534494,130,0.38698696012516903,0.1850766568900752,,,,,
SOXX,y2023,09:30,10:00,5.699158513891511,13.109462485894854,50,28.736650932774648,10,0.4347362464344766,0.19832368522079663,,,,,
SOXX,y2023,10:00,10:30,3.9815736965382835,7.336970832095563,50,21.30566154517978,10,0.5426726898137441,0.1868786701645075,,,,,
SOXX,y2023,10:30,11:00,3.5834067265934415,6.416327222290613,50,8.785174146135756,10,0.5584825403144221,0.4078925092417932,,,,,
SOXX,y2023,11:00,11:30,3.5848841799739435,5.360203024927652,50,10.467056744146458,10,0.6687963428441834,0.34249209377590656,,,,,
SOXX,y2023,11:30,12:00,3.4102824597458,3.9647939748039964,50,10.791710909275961,10,0.8601411527100575,0.31600943431634265,,,,,
SOXX,y2023,12:00,12:30,3.4378266870112566,3.979770173734517,50,7.284214230944404,10,0.8638254313528075,0.4719557357891628,,,,,
SOXX,y2023,12:30,13:00,3.5444401442573867,12.13744660508234,50,17.209839070829688,10,0.2920251894474424,0.20595428752527603,,,,,
SOXX,y2023,13:00,13:30,3.6375461694698,8.74489366486149,50,13.59458123597075,10,0.41596230999195516,0.26757324159754103,,,,,
SOXX,y2023,13:30,14:00,3.4734616888607173,6.361169949200287,50,10.931997806353158,10,0.5460413283404563,0.31773347839880706,,,,,
SOXX,y2023,14:00,14:30,3.525089423563481,5.211931352400421,50,9.947556875353483,10,0.6763499334924964,0.35436735549584064,,,,,
SOXX,y2023,14:30,15:00,3.4551833974373163,5.807384086034115,50,15.87444838159415,10,0.5949638161089625,0.21765691092885325,,,,,
SOXX,y2023,15:00,15:30,3.244358380551296,6.803022176147706,50,10.243694616208755,10,0.47689957441656516,0.31671760064163745,,,,,
SOXX,y2023,15:30,16:00,2.35476113384199,7.807353733753352,50,23.79048029382188,10,0.301608101047312,0.09897913387034456,,,,,
SOXX,y2023,09:30,16:00,3.610151747463715,7.635392153658024,650,15.853363517602741,130,0.47281811789249556,0.2277215017150898,,,,,
SOXX,y2024,09:30,10:00,3.0963885457229456,15.53713451249445,20,62.90855975055557,4,0.19928955002821996,0.049220464718962194,,,,,
SOXX,y2024,10:00,10:30,2.6507839796490686,10.322193169728683,20,27.407030792598732,4,0.25680433761139776,0.09671912290348916,,,,,
SOXX,y2024,10:30,11:00,2.5301597105359037,17.033433948387408,20,23.573834101770633,4,0.1485407885575204,0.10732915569070978,,,,,
SOXX,y2024,11:00,11:30,2.290429599339297,9.06174103003705,20,7.513080670934401,4,0.25275822733701897,0.304858912030614,,,,,
SOXX,y2024,11:30,12:00,2.1969924421112337,8.342199386616025,20,7.596549301473724,4,0.2633588985700848,0.2892092652758824,,,,,
SOXX,y2024,12:00,12:30,2.1986244272304263,6.739458382905967,20,6.941815778089286,4,0.32623162015615975,0.3167218055785962,,,,,
SOXX,y2024,12:30,13:00,2.178044333904297,10.669572286113107,20,28.632096424740954,4,0.20413604927154508,0.07607002650432024,,,,,
SOXX,y2024,13:00,13:30,2.525205603979291,6.175337379659293,20,25.321353823949565,4,0.4089178369908936,0.09972632670180885,,,,,
SOXX,y2024,13:30,14:00,2.063496839114006,5.632336221072144,20,17.8444277564344,4,0.36636606163422697,0.11563816263987194,,,,,
SOXX,y2024,14:00,14:30,2.4021702524351047,5.999566251731798,20,16.87195799032731,4,0.4003906535312797,0.14237649559181384,,,,,
SOXX,y2024,14:30,15:00,2.230942041897905,12.15780024502614,20,14.263129205923983,4,0.18349882354833083,0.15641322529500157,,,,,
SOXX,y2024,15:00,15:30,1.9611591198508753,4.998690843139961,20,8.981682104507344,4,0.3923345494635471,0.21835098337166622,,,,,
SOXX,y2024,15:30,16:00,1.5870752996606738,7.0276578853150875,20,16.68295478652831,4,0.22583274905527317,0.09513154713709687,,,,,
SOXX,y2024,09:30,16:00,2.3008825128129766,9.795526647294949,260,23.048870188041622,52,0.23489114936442637,0.0998262602045777,,,,,
SOXX,y2025,09:30,10:00,4.299966362996314,16.38140669025416,30,25.20219584986632,6,0.2624906666626198,0.1706187186470548,,,,,
SOXX,y2025,10:00,10:30,2.954503523857024,10.97330919330667,30,29.37429958406262,6,0.2692445343341976,0.10058124161912019,,,,,
SOXX,y2025,10:30,11:00,3.07011440429893,8.179287854320362,30,12.528064506112445,6,0.3753522872626707,0.24505895565919386,,,,,
SOXX,y2025,11:00,11:30,2.5094421999825247,5.9955687008517184,30,15.427222963163354,6,0.41854948632746686,0.16266324833539342,,,,,
SOXX,y2025,11:30,12:00,2.403707010092631,8.09623929641275,30,7.0268831867310055,6,0.2968917940898383,0.342072999680939,,,,,
SOXX,y2025,12:00,12:30,1.7853949037163925,6.517715746197905,30,12.970804435453935,6,0.2739295442207492,0.13764719933917574,,,,,
SOXX,y2025,12:30,13:00,2.104630817221936,4.8907295522231164,30,14.2334946059259,6,0.4303306479634027,0.14786465836335827,,,,,
SOXX,y2025,13:00,13:30,1.9092739928120435,5.672708613150713,30,13.52759266541021,6,0.3365718430144435,0.14113922854093763,,,,,
SOXX,y2025,13:30,14:00,2.1583504552934527,5.167500388397944,30,18.703942806259104,6,0.4176778506179457,0.11539547985418243,,,,,
SOXX,y2025,14:00,14:30,1.9695696053244993,5.562777309359747,30,11.866542762657891,6,0.3540622778500527,0.16597669976148566,,,,,
SOXX,y2025,14:30,15:00,1.9718361379707219,4.155726143031806,30,8.954690218646787,6,0.47448654461435963,0.2202014910426127,,,,,
SOXX,y2025,15:00,15:30,1.6557520489976967,4.428677778794323,30,7.476545730389476,6,0.37387051659659554,0.22145949596317704,,,,,
SOXX,y2025,15:30,16:00,1.3863300557697706,4.2747102710637455,30,11.506563484450126,6,0.3243097117374431,0.12048167618796399,,,,,
SOXX,y2025,09:30,16:00,2.321513200346796,7.640971098005852,390,15.456400870570542,78,0.30382436611397035,0.15019752785831453,,,,,
SOXX,y2026,09:30,10:00,3.2242344101501414,20.325105967902296,60,66.9482822163974,12,0.15863309225752129,0.04816007675489605,,,,,
SOXX,y2026,10:00,10:30,2.7287741594936823,13.29914075020932,60,18.61039979561758,12,0.20518424541455682,0.1466263051552638,,,,,
SOXX,y2026,10:30,11:00,2.877035839400431,9.531704146224794,60,23.20663493058464,12,0.30183855848483654,0.12397471016397596,,,,,
SOXX,y2026,11:00,11:30,2.2368069168666387,6.419277461778395,60,16.45153501828135,12,0.34845150878506415,0.13596341705385204,,,,,
SOXX,y2026,11:30,12:00,2.1840740338951417,5.8467141358511165,60,15.359209057784254,12,0.3735558098356047,0.14219964229136028,,,,,
SOXX,y2026,12:00,12:30,2.365359681654341,9.926304100527705,60,26.392810266898334,12,0.23829208310559347,0.08962136497533034,,,,,
SOXX,y2026,12:30,13:00,2.003682817605689,6.422119802961089,60,11.268305269625097,12,0.31199710984554313,0.17781580900251495,,,,,
SOXX,y2026,13:00,13:30,1.8224941341211316,5.2378457524408715,60,10.786929525672356,12,0.3479472707404255,0.16895392982624816,,,,,
SOXX,y2026,13:30,14:00,1.9915518422839749,5.644071584929068,60,15.534524802772244,12,0.35285729677877636,0.12820165840725095,,,,,
SOXX,y2026,14:00,14:30,1.8141540543042851,4.849490029094736,60,18.423684860305883,12,0.3740917175662153,0.09846857824912694,,,,,
SOXX,y2026,14:30,15:00,1.7775075348790155,4.7986107749069635,60,10.06922542233719,12,0.3704212777944004,0.17652872592720584,,,,,
SOXX,y2026,15:00,15:30,1.6715473469700646,4.86634140163398,60,11.419227816529462,12,0.34349159029590615,0.14638006823460345,,,,,
SOXX,y2026,15:30,16:00,1.3816015310535958,7.0921257271013785,60,19.460371599510477,12,0.19480781703770922,0.07099563972808977,,,,,
SOXX,y2026,09:30,16:00,2.1599177437787476,9.095956251745381,780,24.4877364362168,156,0.23745911743631032,0.08820405877058848,,,,,
SMH,last12m,09:30,10:00,4.133771719112427,15.913910133277337,70,51.61158666183601,14,0.25975839278295026,0.08009387012643672,16.865591697950627,37.47484875913898,249.0,0.24510090088417888,0.11030789598862158
SMH,last12m,10:00,10:30,2.7817509150159565,11.301354741070543,70,21.561628980376135,14,0.24614313759276346,0.12901394962076887,12.63234109876507,27.743709841318623,249.0,0.2202086607119799,0.1002660037509873
SMH,last12m,10:30,11:00,2.4739566242727293,7.930871092051811,70,18.648977083282052,14,0.3119400877353924,0.13265910581715054,10.792674665654712,24.30265356620433,249.0,0.2292255349960234,0.10179779823356631
SMH,last12m,11:00,11:30,1.9147209055859844,6.167829974797851,70,16.980288931939132,14,0.31043671978794113,0.1127613854664442,9.02065779825014,19.91950370528963,249.0,0.21225956558926434,0.09612292223312419
SMH,last12m,11:30,12:00,1.8871924010670906,4.738994069572463,70,11.617811397989746,14,0.39822636900605934,0.1624395797468046,7.966956153553239,17.551511096292526,249.0,0.23687746796816603,0.10752307255560062
SMH,last12m,12:00,12:30,2.063230785907563,8.416522601002246,70,21.778406670870144,14,0.2451405269988667,0.09473745334488823,7.218144705004578,15.949665629892756,249.0,0.2858394878779663,0.12935887395912987
SMH,last12m,12:30,13:00,1.9858714644659863,5.46751111432275,70,10.03145306416955,14,0.36321306403269604,0.197964487473818,7.15935174545957,15.374520015557568,249.0,0.2773814634440077,0.12916640405401086
SMH,last12m,13:00,13:30,1.7739661200678318,4.595090040855997,70,10.25477399585256,14,0.38605687903721,0.172989294623684,6.602255610457788,14.682509074101132,249.0,0.2686909178823551,0.1208217281606846
SMH,last12m,13:30,14:00,1.7193139675893994,4.6674721685723535,70,12.238344228620138,14,0.3683608397637834,0.14048583170006573,6.069251283928664,13.581951198080557,249.0,0.28328271267036365,0.1265881420507812
SMH,last12m,14:00,14:30,1.5606117989229644,3.9612176742776373,70,13.775781579771671,14,0.3939727445570271,0.11328662478320385,6.06972666023637,13.141622700946009,249.0,0.2571140162120893,0.11875335599237853
SMH,last12m,14:30,15:00,1.5273068015668148,4.206034031466835,70,8.983052868235955,14,0.363122787438354,0.17002090758781643,6.097329116364585,13.257589088072512,249.0,0.2504878402360937,0.11520245433921998
SMH,last12m,15:00,15:30,1.254065416740006,4.117988751802286,70,9.285325912162058,14,0.30453347309196743,0.13505884754108766,6.725846595751176,15.39951593238593,249.0,0.186454656508553,0.08143537902400202
SMH,last12m,15:30,16:00,0.9956153247055594,5.584893093263091,70,15.275726299832742,14,0.17826936130729948,0.06517630030569876,7.368173136617951,17.045912875675082,249.0,0.13512376897844647,0.058407861870884356
SMH,last12m,09:30,16:00,2.00551513523529,7.5013261221589564,910,20.111930949929135,182,0.2673547453577559,0.09971768201811355,9.012082251971895,19.73928656375787,249.0,0.2225362662215463,0.10160018340873055
SMH,last5,09:30,10:00,3.278853827546878,13.253500827459051,40,32.03104953251552,8,0.24739530107800933,0.10236485770528474,,,,,
SMH,last5,10:00,10:30,1.7076903936887515,7.54838914742114,40,13.759919962142309,8,0.2262324265929206,0.12410612840678746,,,,,
SMH,last5,10:30,11:00,1.940453432036272,8.424545503045987,40,19.86843723013038,8,0.23033330775347818,0.0976651263287877,,,,,
SMH,last5,11:00,11:30,1.5383879623778178,4.683688925237079,40,10.474085555200734,8,0.3284564767076088,0.1468756345620985,,,,,
SMH,last5,11:30,12:00,1.528761529615268,3.7346958091229507,40,7.468687008669524,8,0.40934030714921316,0.20468946253079126,,,,,
SMH,last5,12:00,12:30,1.6894004975012331,9.392514148773863,40,25.393581859930915,8,0.17986669711024864,0.06652864124564384,,,,,
SMH,last5,12:30,13:00,1.6081380896019364,5.631732509878497,40,11.151412560525015,8,0.2855494444704426,0.14420936189685948,,,,,
SMH,last5,13:00,13:30,1.5347739747492586,4.789042547701907,40,7.529417612222121,8,0.320476161876186,0.2038370102168245,,,,,
SMH,last5,13:30,14:00,1.574813382638395,4.830261069648633,40,14.822370255926687,8,0.3260306968776227,0.10624571883222994,,,,,
SMH,last5,14:00,14:30,1.3948608807331726,4.306000354427375,40,17.642065234071516,8,0.32393422339108596,0.07906448945893962,,,,,
SMH,last5,14:30,15:00,1.375338877230853,4.680456983546805,40,8.469766798328763,8,0.2938471354539903,0.1623821422689267,,,,,
SMH,last5,15:00,15:30,1.1074726641596628,3.582176209151115,40,9.34094538646381,8,0.3091619729176041,0.11856108973343622,,,,,
SMH,last5,15:30,16:00,0.870406578346796,5.195831423502836,40,17.119325338578076,8,0.16752017288505489,0.05084350937506581,,,,,
SMH,last5,09:30,16:00,1.6268989870224118,6.683467236499348,520,16.11316541410825,104,0.2434214053055709,0.10096706297062794,,,,,
SMH,normal18m,09:30,10:00,4.252019807916644,15.89182383808977,90,47.45992617996184,18,0.2675602153181019,0.08959179143670683,,,,,
SMH,normal18m,10:00,10:30,2.7743142141860972,11.05933611721064,90,20.183985588893027,18,0.2508572110281271,0.13745125817533108,,,,,
SMH,normal18m,10:30,11:00,2.6160595216888054,8.014221333611784,90,17.192922760722382,18,0.326427161515618,0.15215909232520092,,,,,
SMH,normal18m,11:00,11:30,2.0499050329508366,5.828204966080595,90,14.947999373658396,18,0.3517215068586333,0.13713574517291002,,,,,
SMH,normal18m,11:30,12:00,2.0209955308015557,6.1074356283573294,90,11.27901758541185,18,0.3309073813922665,0.17918187603639238,,,,,
SMH,normal18m,12:00,12:30,2.017864108232107,7.928054436746433,90,19.191965993871136,18,0.254521979425284,0.10514108397631085,,,,,
SMH,normal18m,12:30,13:00,2.042321445575832,5.305634248378111,90,10.585162126745054,18,0.3849344583449477,0.19294191445736955,,,,,
SMH,normal18m,13:00,13:30,1.7994909588198238,5.053497728994536,90,10.979951204808378,18,0.35608820965629634,0.16388879378915497,,,,,
SMH,normal18m,13:30,14:00,1.9122920148944793,5.022430412752367,90,13.79416935551655,18,0.3807503255871921,0.1386304579572033,,,,,
SMH,normal18m,14:00,14:30,1.6124626144949012,4.543568640568044,90,13.85944487577915,18,0.35488901831431524,0.11634395381252612,,,,,
SMH,normal18m,14:30,15:00,1.634976551054161,4.163346453581517,90,8.906155166263973,18,0.39270730151406763,0.18357826924544976,,,,,
SMH,normal18m,15:00,15:30,1.3004315371342594,4.17419450703586,90,8.723371397484902,18,0.3115407140089669,0.14907442064305507,,,,,
SMH,normal18m,15:30,16:00,1.0967931407905898,5.437094785448745,90,14.736753298147043,18,0.20172411629201845,0.07442569734328777,,,,,
SMH,normal18m,09:30,16:00,2.0869492124539835,7.521652686307068,1170,18.75218227357684,234,0.27745886436011713,0.11129100506849507,,,,,
SMH,since_2026-07-15,09:30,10:00,3.278853827546878,13.253500827459051,40,32.03104953251552,8,0.24739530107800933,0.10236485770528474,16.79089306606651,38.83874937214569,52.0,0.19527572563565812,0.08442222987484764
SMH,since_2026-07-15,10:00,10:30,1.7076903936887515,7.54838914742114,40,13.759919962142309,8,0.2262324265929206,0.12410612840678746,12.839237953234678,29.31177275073936,52.0,0.13300558801922674,0.05825953988557982
SMH,since_2026-07-15,10:30,11:00,1.940453432036272,8.424545503045987,40,19.86843723013038,8,0.23033330775347818,0.0976651263287877,10.846058866712193,24.743073458308256,52.0,0.1789086207149168,0.07842410666184658
SMH,since_2026-07-15,11:00,11:30,1.5383879623778178,4.683688925237079,40,10.474085555200734,8,0.3284564767076088,0.1468756345620985,8.814530573950218,19.63737592689116,52.0,0.17452863195281784,0.07833979285751565
SMH,since_2026-07-15,11:30,12:00,1.528761529615268,3.7346958091229507,40,7.468687008669524,8,0.40934030714921316,0.20468946253079126,7.612732755845008,17.324575202091022,52.0,0.20081639256829217,0.08824236737595455
SMH,since_2026-07-15,12:00,12:30,1.6894004975012331,9.392514148773863,40,25.393581859930915,8,0.17986669711024864,0.06652864124564384,6.964184352069142,16.025812085659464,52.0,0.24258411496520652,0.10541746580274557
SMH,since_2026-07-15,12:30,13:00,1.6081380896019364,5.631732509878497,40,11.151412560525015,8,0.2855494444704426,0.14420936189685948,6.439984672878671,14.0720222017877,52.0,0.2497114777888282,0.11427910406491823
SMH,since_2026-07-15,13:00,13:30,1.5347739747492586,4.789042547701907,40,7.529417612222121,8,0.320476161876186,0.2038370102168245,5.508946300937116,12.429308867726924,52.0,0.2785966482352862,0.12348023458764835
SMH,since_2026-07-15,13:30,14:00,1.574813382638395,4.830261069648633,40,14.822370255926687,8,0.3260306968776227,0.10624571883222994,4.905080033313973,10.43395744567689,52.0,0.32105763248360675,0.15093155121989582
SMH,since_2026-07-15,14:00,14:30,1.3948608807331726,4.306000354427375,40,17.642065234071516,8,0.32393422339108596,0.07906448945893962,5.739977605635402,11.693635669191304,52.0,0.24300807016454637,0.11928376427941481
SMH,since_2026-07-15,14:30,15:00,1.375338877230853,4.680456983546805,40,8.469766798328763,8,0.2938471354539903,0.1623821422689267,5.489435986118345,12.428904310581393,52.0,0.25054283913844744,0.11065648611196992
SMH,since_2026-07-15,15:00,15:30,1.1074726641596628,3.582176209151115,40,9.34094538646381,8,0.3091619729176041,0.11856108973343622,6.507602622949831,14.782622674420182,52.0,0.17018135991494462,0.07491719761446872
SMH,since_2026-07-15,15:30,16:00,0.870406578346796,5.195831423502836,40,17.119325338578076,8,0.16752017288505489,0.05084350937506581,7.373566663233226,18.528446294852944,52.0,0.11804417293558889,0.04697677098746202
SMH,since_2026-07-15,09:30,16:00,1.6268989870224118,6.683467236499348,520,16.11316541410825,104,0.2434214053055709,0.10096706297062794,8.75798957569744,19.69382027208225,52.0,0.18576169484568655,0.08260961888276631
SMH,y2022,09:30,10:00,2.6856395947518394,15.542703442365166,50,29.097587526517245,10,0.1727910208613721,0.09229767218001697,,,,,
SMH,y2022,10:00,10:30,1.8426245824423149,10.929970091364348,50,23.98565640106872,10,0.16858459511230983,0.07682193689559455,,,,,
SMH,y2022,10:30,11:00,1.5301000920139645,9.177306372079247,50,25.477297392793243,10,0.16672649141027848,0.06005739417426526,,,,,
SMH,y2022,11:00,11:30,1.451645730155597,9.207713715295284,50,13.458118804098131,10,0.1576553936233066,0.10786394081419139,,,,,
SMH,y2022,11:30,12:00,1.5325375356728834,6.140971194023743,50,13.360999487032112,10,0.24955947312768947,0.11470231229035897,,,,,
SMH,y2022,12:00,12:30,1.522484375254145,6.4796107657416675,50,19.331742634547975,10,0.23496540614810815,0.0787556716451054,,,,,
SMH,y2022,12:30,13:00,1.4243858313624944,7.800282983475067,50,14.041495060986506,10,0.18260694315578832,0.10144118024298347,,,,,
SMH,y2022,13:00,13:30,1.5815599296684464,6.3728782367679395,50,5.175729349251841,10,0.24817042957822905,0.3055723788758512,,,,,
SMH,y2022,13:30,14:00,1.404502965139495,5.235974927088596,50,12.982830819413577,10,0.2682409646144835,0.1081815656905352,,,,,
SMH,y2022,14:00,14:30,1.966898154645572,9.053014428362372,50,15.647737271050612,10,0.21726444492162045,0.1256985671841812,,,,,
SMH,y2022,14:30,15:00,1.554360777375918,6.3250982110494425,50,12.065715083540342,10,0.24574492371684817,0.12882458823317705,,,,,
SMH,y2022,15:00,15:30,1.46588804646729,8.075076149097837,50,17.973858022260437,10,0.1815324115093406,0.08155667217643552,,,,,
SMH,y2022,15:30,16:00,1.2894543372987899,7.358050825290458,50,19.300765223674333,10,0.17524401066472503,0.06680845667803598,,,,,
SMH,y2022,09:30,16:00,1.6347777460581046,8.670712321593433,650,18.13549314048956,130,0.18854018971277303,0.09014244792760977,,,,,
SMH,y2023,09:30,10:00,2.240526843419274,12.226509986286084,50,25.292719857937104,10,0.1832515448752236,0.0885838634992106,,,,,
SMH,y2023,10:00,10:30,1.504097993285373,7.709948247573828,50,21.229796471975806,10,0.19508535530814797,0.07084844149452132,,,,,
SMH,y2023,10:30,11:00,1.2598097696876847,6.478452832599092,50,8.446313581789095,10,0.19446151762476618,0.14915498430036175,,,,,
SMH,y2023,11:00,11:30,1.2986246079691879,5.28753841427991,50,11.039503234360597,10,0.24560097841786419,0.11763433375581629,,,,,
SMH,y2023,11:30,12:00,1.2027582219034965,4.0131972843321035,50,10.434953479411622,10,0.29970074648439954,0.11526244216388346,,,,,
SMH,y2023,12:00,12:30,1.1642512204976485,3.871061271492369,50,6.24911113996331,10,0.3007576317821513,0.1863066913712282,,,,,
SMH,y2023,12:30,13:00,1.488791924216224,11.911913254057158,50,16.799216007602322,10,0.12498344241292611,0.08862270260365042,,,,,
SMH,y2023,13:00,13:30,1.294118922622668,8.776294397945875,50,13.365409859088649,10,0.14745618867634627,0.09682598111592146,,,,,
SMH,y2023,13:30,14:00,1.2409818753738402,6.023496184541197,50,9.385704161277868,10,0.20602351812867703,0.13222043376283873,,,,,
SMH,y2023,14:00,14:30,1.4442323349646875,5.175156863456295,50,9.86940731329708,10,0.2790702529546396,0.1463342518064757,,,,,
SMH,y2023,14:30,15:00,1.3067977888889761,5.857117296176442,50,15.62340423951497,10,0.22311279129445824,0.08364360089869541,,,,,
SMH,y2023,15:00,15:30,1.217940643450465,6.480539712876562,50,9.836054718233434,10,0.18793814981651416,0.12382410207547202,,,,,
SMH,y2023,15:30,16:00,0.8770827422865382,7.2590501246068495,50,21.29784013469556,10,0.12082610358528706,0.041181769453594204,,,,,
SMH,y2023,09:30,16:00,1.3492721231237395,7.435660093273297,650,14.89929202375316,130,0.18145962916518527,0.09055947899891253,,,,,
SMH,y2024,09:30,10:00,2.6716675891765895,17.230294480770628,20,69.4741302065557,4,0.15505640905663146,0.038455574488422836,,,,,
SMH,y2024,10:00,10:30,2.4642606355813372,10.336151327798907,20,21.34916872240743,4,0.2384118186189621,0.11542653803634635,,,,,
SMH,y2024,10:30,11:00,1.8348736682692448,17.82363342964043,20,19.796811505892897,4,0.10294610666856949,0.0926853128708661,,,,,
SMH,y2024,11:00,11:30,1.749738819584591,8.631427262604529,20,7.094285733379478,4,0.20271720612943084,0.24664059009518843,,,,,
SMH,y2024,11:30,12:00,1.5114695506621854,8.709062558749693,20,6.396448724294052,4,0.17355134843343895,0.23629823606989042,,,,,
SMH,y2024,12:00,12:30,1.5782589620560303,6.422772022464443,20,7.376382429131578,4,0.24572862878144727,0.2139611086083343,,,,,
SMH,y2024,12:30,13:00,1.6330904701089952,10.099897064497513,20,26.62190569794604,4,0.16169377367711263,0.06134386052742246,,,,,
SMH,y2024,13:00,13:30,1.9433170658515022,6.478121340659774,20,27.097390087955187,4,0.2999815785564742,0.07171602355591096,,,,,
SMH,y2024,13:30,14:00,1.717754167016865,5.852745822367123,20,18.041109602339862,4,0.2934954325971609,0.0952133324878243,,,,,
SMH,y2024,14:00,14:30,1.7647852770210908,5.817697391433587,20,14.294966867097283,4,0.3033477264767488,0.12345500996459782,,,,,
SMH,y2024,14:30,15:00,1.7797217952952324,11.800798272804524,20,14.208367699689196,4,0.15081367837603682,0.12525870901652997,,,,,
SMH,y2024,15:00,15:30,1.402688643689925,5.129638952964415,20,8.936633901546607,4,0.2734478306468942,0.15695939423535865,,,,,
SMH,y2024,15:30,16:00,1.2728997297643707,7.022964823163982,20,15.071581385412308,4,0.18124819955895843,0.08445694563918837,,,,,
SMH,y2024,09:30,16:00,1.794195018626194,10.076165336637136,260,23.882132040676055,52,0.17806327691968943,0.07512708729565352,,,,,
SMH,y2025,09:30,10:00,5.0803229891931405,14.776083947466336,30,23.331485284055276,6,0.343820663665373,0.2177453740017585,,,,,
SMH,y2025,10:00,10:30,3.4020938065787534,10.645800191085215,30,27.59213754362104,6,0.3195714502915116,0.12329939285060122,,,,,
SMH,y2025,10:30,11:00,3.149783787649495,7.407784679010665,30,13.264348264503463,6,0.42519915523113716,0.23746238600192576,,,,,
SMH,y2025,11:00,11:30,2.695456835086541,6.0845102759741225,30,15.512146231241417,6,0.4430030869912536,0.17376427445338924,,,,,
SMH,y2025,11:30,12:00,2.522938141968126,7.901766922570122,30,8.666638365957638,6,0.3192878462109228,0.29110919775748006,,,,,
SMH,y2025,12:00,12:30,2.1174439059410086,5.956438106515523,30,12.255699748921815,6,0.35548827471653177,0.17277217534048098,,,,,
SMH,y2025,12:30,13:00,2.45126592859008,4.261605233729288,30,11.810751577622103,6,0.5751977938240427,0.20754529569773592,,,,,
SMH,y2025,13:00,13:30,1.943469072375969,5.437724298917645,30,11.56969960710419,6,0.3574048564328295,0.16797921626094878,,,,,
SMH,y2025,13:30,14:00,2.427112659350654,5.3087318659929,30,15.692556378965016,6,0.45719255005106707,0.1546664928732747,,,,,
SMH,y2025,14:00,14:30,1.909032585549238,5.342429828491943,30,11.120119984560688,6,0.3573341432334954,0.17167373986969228,,,,,
SMH,y2025,14:30,15:00,2.010504282416174,3.5007995030757186,30,8.38066087159885,6,0.5742986082607111,0.2398980597376938,,,,,
SMH,y2025,15:00,15:30,1.4917397027144772,4.021335460654632,30,6.85244187707396,6,0.3709562948204369,0.21769461594491632,,,,,
SMH,y2025,15:30,16:00,1.3425281969111353,4.199830482807865,30,11.480587575825984,6,0.3196624726656982,0.11693897965100847,,,,,
SMH,y2025,09:30,16:00,2.503409502718626,7.142547273098472,390,14.40840791052551,78,0.3504925353658366,0.17374643460016537,,,,,
SMH,y2026,09:30,10:00,3.837867716169709,16.335726219698753,60,55.23974935231232,12,0.23493707378259937,0.06947655920182153,,,,,
SMH,y2026,10:00,10:30,2.4604231896924054,11.313076432217427,60,16.182659134140884,12,0.21748489055422643,0.15204072268330737,,,,,
SMH,y2026,10:30,11:00,2.349181725289024,8.357182377589497,60,19.36382034566978,12,0.28109733869019743,0.12131809133492391,,,,,
SMH,y2026,11:00,11:30,1.7271410190533316,5.643247030285573,60,14.277660877033679,12,0.3060544771094188,0.12096806570266164,,,,,
SMH,y2026,11:30,12:00,1.7700462143028337,5.035137705607337,60,12.507449548259153,12,0.351538789561135,0.14151935672202628,,,,,
SMH,y2026,12:00,12:30,1.968082208674932,8.776579775938837,60,22.17372749834705,12,0.22424250208155888,0.08875739132365741,,,,,
SMH,y2026,12:30,13:00,1.837933303346905,5.788858320840395,60,10.443620526865674,12,0.3174949534919838,0.17598622035518396,,,,,
SMH,y2026,13:00,13:30,1.727506358144754,4.847869369524142,60,10.601908047200883,12,0.356343421504842,0.1629429674784673,,,,,
SMH,y2026,13:30,14:00,1.6549032929952336,4.882048796565714,60,13.128920371471331,12,0.33897721263240516,0.12605021937609423,,,,,
SMH,y2026,14:00,14:30,1.4641842421010232,4.048275814812131,60,14.87433199377283,12,0.361680949885815,0.09843697469667928,,,,,
SMH,y2026,14:30,15:00,1.447340103514104,4.478811594146766,60,9.431849965807979,12,0.32315270984061767,0.15345240952315314,,,,,
SMH,y2026,15:00,15:30,1.2047365931945215,4.279934294842231,60,9.787815081466512,12,0.2814848336915721,0.12308534470330589,,,,,
SMH,y2026,15:30,16:00,0.9739351088779077,5.991034837801038,60,16.579542448804343,12,0.16256542237624225,0.058743183769112056,,,,,
SMH,y2026,09:30,16:00,1.8787375189513682,7.708607577602942,780,20.626103377801414,156,0.24371943960540507,0.09108543114223581,,,,,
NVDA,last12m,09:30,10:00,1.6131591260195923,17.4281152318188,70,48.29023164384058,14,0.09256073330720357,0.033405495710131905,18.67022977879716,38.43321332476653,249.0,0.08640274625069563,0.041973048477319634
NVDA,last12m,10:00,10:30,1.0862477889155284,10.874187359020683,70,20.5571502740501,14,0.09989231866732842,0.052840387623508844,12.541330277839544,27.096432179778112,249.0,0.08661344250178322,0.04008822201050469
NVDA,last12m,10:30,11:00,0.9713512576484747,7.31611248478143,70,13.712030915037174,14,0.13276877025456152,0.07083934273975792,10.756432573525704,24.163635755048556,249.0,0.09030422038243566,0.04019888676916215
NVDA,last12m,11:00,11:30,0.8347813764332477,6.926679068816623,70,18.588553021532586,14,0.12051682604891706,0.044908357066107005,9.160793272441088,20.27396454922048,249.0,0.09112544641134582,0.04117504370724297
NVDA,last12m,11:30,12:00,0.8083356585027809,4.717976159457348,70,8.034317929303112,14,0.1713310180430742,0.10061036488916926,8.24652324849479,17.909300592405337,249.0,0.09802138842576155,0.04513496517254089
NVDA,last12m,12:00,12:30,0.8079697565338717,7.150860491239685,70,16.77654805278021,14,0.11298916508351581,0.048160667736410465,7.565044294886109,16.310283310409794,249.0,0.10680304371516382,0.049537444638879886
NVDA,last12m,12:30,13:00,0.7651181755712921,5.69345662343414,70,14.126093759499552,14,0.13438552819074495,0.05416346433753234,7.1428092693311305,15.882038643597564,249.0,0.10711726251132835,0.04817506069220716
NVDA,last12m,13:00,13:30,0.738085510845261,4.729284848175144,70,10.40486560291046,14,0.15606704492119158,0.07093657323539122,6.86788217647941,15.425371770860645,249.0,0.10746915743152947,0.04784879883670254
NVDA,last12m,13:30,14:00,0.7300992921108397,4.416648494503714,70,12.206722911826068,14,0.16530618024490962,0.05981124478573261,6.571480934323619,14.758413664061557,249.0,0.11110118090694673,0.04947003849666552
NVDA,last12m,14:00,14:30,0.6843104642288667,3.906718546429587,70,7.205019897502421,14,0.17516246847479428,0.09497690137761854,6.226857054413358,13.763118458542726,249.0,0.10989660726896783,0.049720596846575656
NVDA,last12m,14:30,15:00,0.655060787316846,3.8147228198006013,70,8.993176684355667,14,0.17171910470577428,0.07283975510637697,6.253710545574929,13.932970725129044,249.0,0.10474753868810914,0.047015155650574944
NVDA,last12m,15:00,15:30,0.6150837888320901,4.33203301765481,70,10.458191798900062,14,0.14198501865645335,0.05881358849211213,7.005107188671807,16.23835635647667,249.0,0.08780505026771934,0.03787845120092859
NVDA,last12m,15:30,16:00,0.5807334920656324,6.892179592083615,70,15.136965960145302,14,0.08425977360379078,0.03836525057892499,8.601147532360017,19.511442732254977,249.0,0.0675181410248742,0.02976373915731017
NVDA,last12m,09:30,16:00,0.8377320203860883,7.670659675700398,910,18.512089581263613,182,0.10921251310886713,0.04525323933360664,9.463769779956849,20.28621742498128,249.0,0.08851990695719439,0.041295624651763355
NVDA,last5,09:30,10:00,1.7751695388472977,15.01222082808757,40,24.50421855262744,8,0.11824829644964924,0.07244342581399957,,,,,
NVDA,last5,10:00,10:30,1.0043290645555603,6.850831503324442,40,10.540727823820868,8,0.14659958635213818,0.09528080805633636,,,,,
NVDA,last5,10:30,11:00,0.8805525393607224,7.773096790874549,40,13.06338487334915,8,0.11328207573517834,0.06740615452256588,,,,,
NVDA,last5,11:00,11:30,0.7534172252133173,5.547731614816781,40,10.404924051974463,8,0.13580635789970522,0.0724096804022656,,,,,
NVDA,last5,11:30,12:00,0.7259751210034137,4.1392016045708715,40,7.73208080707615,8,0.1753901332570339,0.09389130030030529,,,,,
NVDA,last5,12:00,12:30,0.7623008341253628,6.828995915679188,40,18.29574769264576,8,0.11162707424895962,0.0416654649447194,,,,,
NVDA,last5,12:30,13:00,0.7532483519707148,5.859177885231217,40,16.618755601924203,8,0.12855871023635765,0.04532519582173168,,,,,
NVDA,last5,13:00,13:30,0.7214783641187348,4.376718309379813,40,10.004831172613986,8,0.1648445965947873,0.07211299737806894,,,,,
NVDA,last5,13:30,14:00,0.7415395023864263,4.184644110812932,40,13.212997036411135,8,0.1772049146235212,0.05612197598644437,,,,,
NVDA,last5,14:00,14:30,0.7198894671072938,3.6282536765704787,40,7.944049701648695,8,0.19841210986872132,0.09061996011403216,,,,,
NVDA,last5,14:30,15:00,0.6631463554949161,4.218678760302229,40,7.78601250092043,8,0.15719290165800817,0.08517149894333224,,,,,
NVDA,last5,15:00,15:30,0.5892847080317919,3.1522395673124897,40,7.828955230943633,8,0.18694159991596052,0.0752699039205982,,,,,
NVDA,last5,15:30,16:00,0.5753076964476564,6.17115925436494,40,18.16050699405222,8,0.093225222804084,0.0316790548103132,,,,,
NVDA,last5,09:30,16:00,0.8204531511984563,6.624354561090818,520,13.38958514681676,104,0.12385405153545316,0.06127547210777556,,,,,
NVDA,normal18m,09:30,10:00,1.5605962178376827,18.281887706117857,90,51.37409438829459,18,0.08536296923623725,0.030377104188784674,,,,,
NVDA,normal18m,10:00,10:30,1.0322497967874318,10.6762666635028,90,19.09024585129763,18,0.09668640071685496,0.05407210597642807,,,,,
NVDA,normal18m,10:30,11:00,0.9430157921923678,7.913560293714176,90,13.938276899164435,18,0.11916454253105459,0.06765655460962317,,,,,
NVDA,normal18m,11:00,11:30,0.8145319061009415,6.792961937061373,90,18.35159135729903,18,0.1199082099454994,0.0443848105726796,,,,,
NVDA,normal18m,11:30,12:00,0.8024918190156937,7.314310846460194,90,11.926424248995103,18,0.10971530139494474,0.06728687511542364,,,,,
NVDA,normal18m,12:00,12:30,0.7903036522300729,7.488120119081408,90,15.795072842708523,18,0.10554099555857846,0.05003482162444731,,,,,
NVDA,normal18m,12:30,13:00,0.7594514359314977,5.5182225128556235,90,13.488746121613719,18,0.13762609865082975,0.056302596926677204,,,,,
NVDA,normal18m,13:00,13:30,0.7429851300275925,5.501557468414881,90,12.355766794394471,18,0.13504996254118248,0.06013266051320003,,,,,
NVDA,normal18m,13:30,14:00,0.7399788875128888,5.285444089731057,90,13.538928171977489,18,0.14000316244959873,0.05465564763424015,,,,,
NVDA,normal18m,14:00,14:30,0.7090003015569531,5.186784210899544,90,10.118365452048206,18,0.1366936183824758,0.07007063590626034,,,,,
NVDA,normal18m,14:30,15:00,0.6782773463418086,4.202123185983932,90,9.137696466736882,18,0.16141300869145966,0.07422848294544247,,,,,
NVDA,normal18m,15:00,15:30,0.640054485887192,4.575491540783935,90,9.522277221293432,18,0.1398875902582325,0.0672165356051514,,,,,
NVDA,normal18m,15:30,16:00,0.6131450107006099,6.726009081194052,90,14.764524937086907,18,0.09116030075174382,0.04152825866821189,,,,,
NVDA,normal18m,09:30,16:00,0.8327890027297711,8.134371676911277,1170,19.141646192168395,234,0.10237902026207776,0.043506655298565594,,,,,
NVDA,since_2026-07-15,09:30,10:00,1.7751695388472977,15.01222082808757,40,24.50421855262744,8,0.11824829644964924,0.07244342581399957,17.550296610548582,35.85530214231317,52.0,0.10114755198953927,0.04950926174883362
NVDA,since_2026-07-15,10:00,10:30,1.0043290645555603,6.850831503324442,40,10.540727823820868,8,0.14659958635213818,0.09528080805633636,11.605761858681396,24.90506261978718,52.0,0.08653710775603218,0.04032630151901792
NVDA,since_2026-07-15,10:30,11:00,0.8805525393607224,7.773096790874549,40,13.06338487334915,8,0.11328207573517834,0.06740615452256588,9.570508923586788,21.734294195028237,52.0,0.09200686676030112,0.04051442993544049
NVDA,since_2026-07-15,11:00,11:30,0.7534172252133173,5.547731614816781,40,10.404924051974463,8,0.13580635789970522,0.0724096804022656,8.407051400961947,18.428047205794893,52.0,0.08961729734721381,0.040884268246089435
NVDA,since_2026-07-15,11:30,12:00,0.7259751210034137,4.1392016045708715,40,7.73208080707615,8,0.1753901332570339,0.09389130030030529,7.080043908387367,15.823334759712749,52.0,0.10253822298240099,0.0458800330036494
NVDA,since_2026-07-15,12:00,12:30,0.7623008341253628,6.828995915679188,40,18.29574769264576,8,0.11162707424895962,0.0416654649447194,6.565547875415147,15.81203366030972,52.0,0.11610620295372709,0.048210170209720585
NVDA,since_2026-07-15,12:30,13:00,0.7532483519707148,5.859177885231217,40,16.618755601924203,8,0.12855871023635765,0.04532519582173168,5.942081234398347,13.303346947652845,52.0,0.1267650714046462,0.05662096575656196
NVDA,since_2026-07-15,13:00,13:30,0.7214783641187348,4.376718309379813,40,10.004831172613986,8,0.1648445965947873,0.07211299737806894,5.493146485732591,13.128843927437504,52.0,0.13134154823517602,0.054953685800997513
NVDA,since_2026-07-15,13:30,14:00,0.7415395023864263,4.184644110812932,40,13.212997036411135,8,0.1772049146235212,0.05612197598644437,5.179843138927317,11.026564333791184,52.0,0.14315867922980968,0.06725027668989876
NVDA,since_2026-07-15,14:00,14:30,0.7198894671072938,3.6282536765704787,40,7.944049701648695,8,0.19841210986872132,0.09061996011403216,5.160892109012234,11.655993002221614,52.0,0.13948934639617502,0.06176131600028278
NVDA,since_2026-07-15,14:30,15:00,0.6631463554949161,4.218678760302229,40,7.78601250092043,8,0.15719290165800817,0.08517149894333224,5.418015190288144,12.777732727223984,52.0,0.12239654785088343,0.051898593408674885
NVDA,since_2026-07-15,15:00,15:30,0.5892847080317919,3.1522395673124897,40,7.828955230943633,8,0.18694159991596052,0.0752699039205982,6.023964239079753,14.133999777876676,52.0,0.09782340741813793,0.041692706756241295
NVDA,since_2026-07-15,15:30,16:00,0.5753076964476564,6.17115925436494,40,18.16050699405222,8,0.093225222804084,0.0316790548103132,8.10450114001409,18.599685933442164,52.0,0.07098619477110175,0.030931043594303678
NVDA,since_2026-07-15,09:30,16:00,0.8204531511984563,6.624354561090818,520,13.38958514681676,104,0.12385405153545316,0.06127547210777556,8.504304243730118,18.32626430895805,52.0,0.09647504695088295,0.044769252334607615
NVDA,y2022,09:30,10:00,4.158355440046545,31.961035067720218,50,45.69728449146532,10,0.13010703286785513,0.09099786751712091,,,,,
NVDA,y2022,10:00,10:30,2.8270205172926213,18.18571614282672,50,50.96687302236814,10,0.15545280125840563,0.055467803882178715,,,,,
NVDA,y2022,10:30,11:00,2.2313463239819282,14.302002642521654,50,43.95977446404921,10,0.1560163551744743,0.05075882101730863,,,,,
NVDA,y2022,11:00,11:30,2.1720836561667487,14.125650054644472,50,14.545855031443754,10,0.15376875738561666,0.14932663988960143,,,,,
NVDA,y2022,11:30,12:00,1.9053806850642536,10.009983523126735,50,19.71153541417113,10,0.19034803410636242,0.0966632301862404,,,,,
NVDA,y2022,12:00,12:30,2.23007437078931,10.136929272831702,50,32.217281306366985,10,0.2199950607099727,0.06921981869241675,,,,,
NVDA,y2022,12:30,13:00,2.0416045955572577,12.74333623136473,50,31.971589414878956,10,0.16020958393394089,0.0638568376774892,,,,,
NVDA,y2022,13:00,13:30,2.090353471510174,9.102303939523575,50,19.032654284314713,10,0.22965102960730022,0.10982984508014138,,,,,
NVDA,y2022,13:30,14:00,2.155107327840935,9.681080528609877,50,22.012710227390215,10,0.22261020569677983,0.09790286182749794,,,,,
NVDA,y2022,14:00,14:30,2.3734759131518763,14.503590750559407,50,31.022845779868884,10,0.1636474686835969,0.07650735622365291,,,,,
NVDA,y2022,14:30,15:00,2.099210834388767,9.773697137126437,50,17.469501396464487,10,0.2147816537525692,0.12016432448459059,,,,,
NVDA,y2022,15:00,15:30,1.876590883080975,11.668568666714023,50,30.927929133878365,10,0.16082442814380252,0.06067625397606601,,,,,
NVDA,y2022,15:30,16:00,1.688536515294291,11.140512419870884,50,25.994454746680578,10,0.1515672216551293,0.06495756620976682,,,,,
NVDA,y2022,09:30,16:00,2.296091183390042,14.888156913345533,650,32.31766833530469,130,0.15422266145864288,0.07104755081856355,,,,,
NVDA,y2023,09:30,10:00,4.185161405644203,25.02265492469368,50,44.27777033987176,10,0.1672548903479488,0.09452059969414268,,,,,
NVDA,y2023,10:00,10:30,2.9102621262663733,13.209967187867935,50,32.750387356343275,10,0.22030805110092663,0.08886191465771161,,,,,
NVDA,y2023,10:30,11:00,2.7243343813480414,10.828094112425955,50,18.111961140293285,10,0.25159869807759494,0.15041631109108744,,,,,
NVDA,y2023,11:00,11:30,2.3666057107383356,9.416566365966105,50,19.814377926074958,10,0.25132363738144065,0.11943880951336724,,,,,
NVDA,y2023,11:30,12:00,2.265796437965907,8.387554390838563,50,20.16915146215425,10,0.27013791295836587,0.1123397006670056,,,,,
NVDA,y2023,12:00,12:30,2.3091705308247215,7.7601928773163396,50,11.862318172095796,10,0.29756612591094356,0.19466435626863182,,,,,
NVDA,y2023,12:30,13:00,2.30753676575561,17.3841046232198,50,21.997369672917394,10,0.1327383155916729,0.1049005767538012,,,,,
NVDA,y2023,13:00,13:30,2.6081779638685547,12.705264396946445,50,19.74280280077634,10,0.20528324971304007,0.13210778581883997,,,,,
NVDA,y2023,13:30,14:00,2.2898192121012935,9.80328036709909,50,15.109627508807337,10,0.23357683615641392,0.15154703256361335,,,,,
NVDA,y2023,14:00,14:30,2.2381713283706963,7.581614935395443,50,17.052904636266863,10,0.29521036711078463,0.131248686139411,,,,,
NVDA,y2023,14:30,15:00,2.545564430660535,12.03949166981661,50,22.444002122223193,10,0.21143454395523578,0.11341847219574153,,,,,
NVDA,y2023,15:00,15:30,2.2715342125920976,9.866129334228992,50,16.287288956366993,10,0.2302356005724925,0.1394666858724892,,,,,
NVDA,y2023,15:30,16:00,1.911375689454921,9.114892763504336,50,22.117952886260202,10,0.20969809947825083,0.08641738678457347,,,,,
NVDA,y2023,09:30,16:00,2.533345175863272,12.596298556796034,650,22.944778162004567,130,0.20111822250326591,0.11041053253931075,,,,,
NVDA,y2024,09:30,10:00,3.686537933404327,29.838999000737186,20,114.2115180435195,4,0.12354764090153458,0.03227816245292876,,,,,
NVDA,y2024,10:00,10:30,3.241115604389231,18.423921394953013,20,17.386571274060433,4,0.17591887931507846,0.1864148803867242,,,,,
NVDA,y2024,10:30,11:00,2.485928079866891,23.002121155172848,20,15.062618754272085,4,0.1080738625406223,0.16503956718428048,,,,,
NVDA,y2024,11:00,11:30,2.4321937116375225,13.483123388635642,20,15.815969498781607,4,0.180388003694123,0.15378088025681183,,,,,
NVDA,y2024,11:30,12:00,2.5189526145162375,11.727581825129262,20,8.016427626043523,4,0.21478874776373377,0.3142238328620023,,,,,
NVDA,y2024,12:00,12:30,2.3828093378368105,8.109861107818421,20,12.263733449139126,4,0.2938162942814928,0.1942972217815184,,,,,
NVDA,y2024,12:30,13:00,2.289027486217933,10.377637687979451,20,24.33779046898836,4,0.22057307790474728,0.09405239514797582,,,,,
NVDA,y2024,13:00,13:30,2.575587538283942,10.441455385601175,20,42.310938179069495,4,0.24666940030560217,0.06087285343055904,,,,,
NVDA,y2024,13:30,14:00,2.51736248699313,9.19834444447908,20,24.95653870467273,4,0.2736756056688083,0.10086985686527886,,,,,
NVDA,y2024,14:00,14:30,2.64098402648251,8.056190818031432,20,12.179743721609498,4,0.3278204409671427,0.21683412121363715,,,,,
NVDA,y2024,14:30,15:00,2.5053897317474294,13.186076347848562,20,12.600409989722882,4,0.19000267142819996,0.19883398506801522,,,,,
NVDA,y2024,15:00,15:30,2.3013554028591092,7.314424244498797,20,16.909465778269805,4,0.3146324749470153,0.13609864634615243,,,,,
NVDA,y2024,15:30,16:00,2.0905076925385093,11.699011774905573,20,26.68840629483006,4,0.17869096405413118,0.07833018088245575,,,,,
NVDA,y2024,09:30,16:00,2.5898348867647916,14.869983961201946,260,36.59994220793968,52,0.1741652777516146,0.07076062776413278,,,,,
NVDA,y2025,09:30,10:00,1.3093587339504733,18.537954057599798,30,48.12688977848342,6,0.07063124279422249,0.027206385868215024,,,,,
NVDA,y2025,10:00,10:30,0.935808483870361,12.524952117416207,30,24.659573820635558,6,0.07471553384775817,0.03794909395746573,,,,,
NVDA,y2025,10:30,11:00,0.8894573810040138,9.102407864074959,30,19.423965509748868,6,0.09771671345496293,0.04579175043106394,,,,,
NVDA,y2025,11:00,11:30,0.7973507703494109,8.29788154298418,30,25.217765372008316,6,0.09609088370556064,0.03161861325089769,,,,,
NVDA,y2025,11:30,12:00,0.8177765684398177,10.630884032822744,30,15.112294285899926,6,0.07692460626180674,0.054113330045644996,,,,,
NVDA,y2025,12:00,12:30,0.7721535356406458,8.320916699353468,30,16.07896598454681,6,0.09279669098245412,0.04802258655082348,,,,,
NVDA,y2025,12:30,13:00,0.7454517886139498,4.922269746357812,30,12.32800996884582,6,0.15144472510177645,0.060468136422487086,,,,,
NVDA,y2025,13:00,13:30,0.7474021274628981,6.907173499874987,30,16.0693560368082,6,0.10820665319561255,0.04651101921887295,,,,,
NVDA,y2025,13:30,14:00,0.7803109685739446,6.940910537623821,30,16.178269562339466,6,0.11242198906673696,0.04823204147805702,,,,,
NVDA,y2025,14:00,14:30,0.7442859509092284,7.019027942668165,30,13.515497114833433,6,0.10603832282598104,0.055069076970344286,,,,,
NVDA,y2025,14:30,15:00,0.7081862363823687,4.68694369836414,30,9.214636325295245,6,0.15109766234860966,0.07685449662710131,,,,,
NVDA,y2025,15:00,15:30,0.6924926699225792,5.916687648789518,30,6.149152104913855,6,0.11704059957673357,0.11261596039707664,,,,,
NVDA,y2025,15:30,16:00,0.6748361070985361,6.004188221234602,30,12.301638629284076,6,0.1123942292001922,0.05485741594555439,,,,,
NVDA,y2025,09:30,16:00,0.8165377360623037,9.125647235857913,390,19.96421919557707,78,0.089477240896825,0.04090005865309282,,,,,
NVDA,y2026,09:30,10:00,1.6861411111001923,17.999106988619967,60,52.1853941219403,12,0.09367915375836501,0.032310594553721844,,,,,
NVDA,y2026,10:00,10:30,1.0804517661211637,9.718910156094555,60,16.636067862883426,12,0.11117005392252048,0.06494634279124031,,,,,
NVDA,y2026,10:30,11:00,0.9697923491544514,7.304781690404473,60,10.884997248824137,12,0.132761304889969,0.08909440461817428,,,,,
NVDA,y2026,11:00,11:30,0.8231208105569379,5.975479124347348,60,15.161836821254326,12,0.1377497592122942,0.05428899019695701,,,,,
NVDA,y2026,11:30,12:00,0.7948537767304632,4.855485408516052,60,8.587336961312113,12,0.16370222745111468,0.09256114908631843,,,,,
NVDA,y2026,12:00,12:30,0.7993756288003484,7.103917282775891,60,16.302194966921046,12,0.11252603274794726,0.049034846560378514,,,,,
NVDA,y2026,12:30,13:00,0.7664510797219702,5.825854366631646,60,14.485819281287206,12,0.13156028824062624,0.05291044053766931,,,,,
NVDA,y2026,13:00,13:30,0.7407786954400617,4.711392611269046,60,10.876581482438898,12,0.1572313658743307,0.06810767672141357,,,,,
NVDA,y2026,13:30,14:00,0.7198115714863125,4.284052851513342,60,12.705401434148715,12,0.1680211697743269,0.05665398100304425,,,,,
NVDA,y2026,14:00,14:30,0.6913608066466858,3.936831561485325,60,7.206076352880403,12,0.17561350945526422,0.09594136570178527,,,,,
NVDA,y2026,14:30,15:00,0.6633356921223481,3.969374187493385,60,9.392695950615051,12,0.16711341909068975,0.07062250237951241,,,,,
NVDA,y2026,15:00,15:30,0.613863880339557,3.732315104221461,60,10.538711473344545,12,0.1644726833608561,0.05824847581150661,,,,,
NVDA,y2026,15:30,16:00,0.5823060353352907,7.100508462481598,60,16.28754591248751,12,0.08200906152174026,0.03575161282516122,,,,,
NVDA,y2026,09:30,16:00,0.8409112511456263,7.59510344234884,780,18.76681266292398,156,0.11071755079158849,0.04480842145384358,,,,,
TQQQ,last12m,09:30,10:00,1.5546858869532658,19.306474551116295,70,52.89020205968298,14,0.08052665870389963,0.029394591557788133,23.473831855818627,51.18381943022063,249.0,0.06623059654267288,0.03037455790247899
TQQQ,last12m,10:00,10:30,1.5665706897717473,16.66469129690916,70,33.177507813460316,14,0.09400538310975509,0.04721785308829556,19.47583222675545,42.12955186548852,249.0,0.08043664946033108,0.03718460369038586
TQQQ,last12m,10:30,11:00,1.6067497663971773,12.774898163068293,70,32.028575534247565,14,0.125773978460527,0.050166132573679696,17.28159692629616,38.173404516311976,249.0,0.09297461185154145,0.04209081654507899
TQQQ,last12m,11:00,11:30,1.5147843159289014,10.815866895583936,70,34.73653984871267,14,0.14005204858312192,0.04360780672243724,14.783968130315111,33.20630653467902,249.0,0.10246128120519796,0.045617368325710526
TQQQ,last12m,11:30,12:00,1.5160786297476665,8.712661754743744,70,18.915589878009417,14,0.17400866376136018,0.08014968814217129,13.648546298829338,29.107680361721844,249.0,0.11107986129465697,0.05208517514646722
TQQQ,last12m,12:00,12:30,1.5358701145478206,13.844796423961032,69,24.953183092640188,13,0.11093482832941536,0.06155006793505305,12.484127446988294,26.651395600220017,249.0,0.1230258278818147,0.05762813090865461
TQQQ,last12m,12:30,13:00,1.5057790256813854,9.387413737037427,70,21.31011032782578,14,0.1604040333005067,0.07066031111604369,12.543940534035212,26.370245310028345,249.0,0.1200403510839187,0.057101441718813005
TQQQ,last12m,13:00,13:30,1.4990318577931259,8.545958381170266,70,19.19539167095563,14,0.17540827967241418,0.07809331966178618,11.711734638852064,26.399728059698845,249.0,0.1279940080626737,0.056782094664130645
TQQQ,last12m,13:30,14:00,1.4910510190562292,8.295046538097145,70,21.107585538807204,14,0.17975197754565836,0.07064052950608055,10.745044917061072,23.892706868435884,249.0,0.13876638306916017,0.06240611527470012
TQQQ,last12m,14:00,14:30,1.4909778180905044,7.180559688064804,70,25.958184588732518,14,0.2076408919166481,0.05743767685270573,10.660638045241438,23.77542389531777,249.0,0.13985821596822984,0.06271088265997778
TQQQ,last12m,14:30,15:00,1.4904154381721004,7.19347218212521,70,14.7052895856658,14,0.20718999120835943,0.10135233512333583,10.726872350513831,23.6777905778749,249.0,0.13894221814811727,0.06294571418182829
TQQQ,last12m,15:00,15:30,1.4905775792240097,6.07319970996466,70,12.150753102798744,14,0.24543529776870837,0.12267367846365651,10.858551069335991,24.1842332902592,249.0,0.13727223546733844,0.061634270614829734
TQQQ,last12m,15:30,16:00,1.4904950598323636,10.305018161625986,70,23.44399680076742,14,0.14463779068169877,0.06357683258955119,12.362905690192733,27.353765967098177,249.0,0.12056187252279585,0.05448957418240581
TQQQ,last12m,09:30,16:00,1.5194537990821317,11.33135159239637,909,27.341266047808134,181,0.13409290027693824,0.05557364448395548,14.377931160597685,31.199600465084583,249.0,0.10567958506062068,0.04870106592494829
TQQQ,last5,09:30,10:00,1.3050566403482566,16.179077467700324,40,42.471471080745026,8,0.08066322959103527,0.030727841705015028,,,,,
TQQQ,last5,10:00,10:30,1.2820587768665521,11.415914054139318,40,15.218357660155315,8,0.11230452251010842,0.08424422697222032,,,,,
TQQQ,last5,10:30,11:00,1.277858185566683,12.912056704347922,40,32.04714424031956,8,0.09896627739687554,0.03987432315291819,,,,,
TQQQ,last5,11:00,11:30,1.277428050013319,7.835232154483313,40,15.14376627707267,8,0.16303640081454074,0.08435339179443868,,,,,
TQQQ,last5,11:30,12:00,1.2794538817281325,6.741394370422674,40,15.041304572471073,8,0.18979068890282305,0.08506269356913476,,,,,
TQQQ,last5,12:00,12:30,1.2909171587216801,14.288184473725476,39,9.123943718088587,7,0.09034857865221058,0.1414867516293842,,,,,
TQQQ,last5,12:30,13:00,1.2714406047112423,9.756121538878213,40,24.602992814299856,8,0.1303223416851197,0.051678290292075775,,,,,
TQQQ,last5,13:00,13:30,1.2715270196303128,9.070897402438549,40,16.985853949844163,8,0.1401765407784775,0.07485799791902593,,,,,
TQQQ,last5,13:30,14:00,1.269341480212045,8.513935362100431,40,22.772974535329585,8,0.14908986575849362,0.05573894083281968,,,,,
TQQQ,last5,14:00,14:30,1.2687343872221795,7.838179331820736,40,34.44499197020009,8,0.16186595553784866,0.03683363864099078,,,,,
TQQQ,last5,14:30,15:00,1.265843750835322,8.182962569578901,40,16.832624202250816,8,0.15469259941885116,0.07520180665983481,,,,,
TQQQ,last5,15:00,15:30,1.2627713296164227,4.998997239412694,40,13.092227996354714,8,0.2526049263761504,0.09645198127988741,,,,,
TQQQ,last5,15:30,16:00,1.2626800442276194,9.493264328683077,40,28.61529376645915,8,0.1330079939323443,0.04412605561672216,,,,,
TQQQ,last5,09:30,16:00,1.275767311306309,10.16907230579922,519,23.241858419728853,103,0.12545562396864504,0.054890933774184504,,,,,
TQQQ,normal18m,09:30,10:00,1.5609190416208236,21.09633448497636,90,50.77575962750139,18,0.07399005939787424,0.03074142175463175,,,,,
TQQQ,normal18m,10:00,10:30,1.5599555674622638,17.31225966922696,90,30.74686315346321,18,0.09010698760688818,0.05073543794292903,,,,,
TQQQ,normal18m,10:30,11:00,1.5933682317669193,14.77653542828144,90,30.898576425715053,18,0.10783097563704304,0.05156769068625613,,,,,
TQQQ,normal18m,11:00,11:30,1.5202204652597715,10.249077080895795,90,30.713033553924042,18,0.1483275472767642,0.0494975679491465,,,,,
TQQQ,normal18m,11:30,12:00,1.5247276858341723,13.728502443118565,90,22.808264029369944,18,0.111062928542395,0.06684979110513617,,,,,
TQQQ,normal18m,12:00,12:30,1.5387048108775279,13.541707616191983,89,23.21254258833418,17,0.11362708858354613,0.0662876462163532,,,,,
TQQQ,normal18m,12:30,13:00,1.5151121920294714,9.996591582760255,90,21.498754646524592,18,0.15156287815562824,0.07047441663205356,,,,,
TQQQ,normal18m,13:00,13:30,1.5128750880412105,10.409600074434811,90,21.501404577604447,18,0.14533460240770604,0.07036168649265823,,,,,
TQQQ,normal18m,13:30,14:00,1.5091183794564362,9.79336130180871,90,30.075834105624867,18,0.15409605884526298,0.05017710811133237,,,,,
TQQQ,normal18m,14:00,14:30,1.5104463293247115,8.672261361845614,90,26.655285057251415,18,0.17416983486799126,0.05666592295225908,,,,,
TQQQ,normal18m,14:30,15:00,1.5072836621627008,8.09902464667893,90,17.492717325065247,18,0.1861068126000548,0.08616635335454258,,,,,
TQQQ,normal18m,15:00,15:30,1.507138250067054,7.138411877231553,90,13.177290051478353,18,0.21113074952625996,0.1143739148322055,,,,,
TQQQ,normal18m,15:30,16:00,1.50881367334607,10.856135180566653,90,25.013548077092693,18,0.13898257973491032,0.06031985821027268,,,,,
TQQQ,normal18m,09:30,16:00,1.5283540575000547,12.541430306787442,1169,27.60771329864149,233,0.12186441419467978,0.0553596757894201,,,,,
TQQQ,since_2026-07-15,09:30,10:00,1.3050566403482566,16.179077467700324,40,42.471471080745026,8,0.08066322959103527,0.030727841705015028,21.45784859854752,48.664390884258665,52.0,0.06081954741896146,0.026817486392712656
TQQQ,since_2026-07-15,10:00,10:30,1.2820587768665521,11.415914054139318,40,15.218357660155315,8,0.11230452251010842,0.08424422697222032,17.56398383609548,38.713569510128096,52.0,0.07299362085677921,0.03311652201255027
TQQQ,since_2026-07-15,10:30,11:00,1.277858185566683,12.912056704347922,40,32.04714424031956,8,0.09896627739687554,0.03987432315291819,14.940869481443524,33.80645811751733,52.0,0.08552769885004187,0.03779923294906015
TQQQ,since_2026-07-15,11:00,11:30,1.277428050013319,7.835232154483313,40,15.14376627707267,8,0.16303640081454074,0.08435339179443868,12.876974020334073,29.201316043204955,52.0,0.09920250269947956,0.043745564347966163
TQQQ,since_2026-07-15,11:30,12:00,1.2794538817281325,6.741394370422674,40,15.041304572471073,8,0.18979068890282305,0.08506269356913476,11.289977126157492,26.255644434366964,52.0,0.11332652559266881,0.04873062190213884
TQQQ,since_2026-07-15,12:00,12:30,1.2909171587216801,14.288184473725476,39,9.123943718088587,7,0.09034857865221058,0.1414867516293842,10.562769213098694,24.10437501327213,52.0,0.12221389416715057,0.05355530512659578
TQQQ,since_2026-07-15,12:30,13:00,1.2714406047112423,9.756121538878213,40,24.602992814299856,8,0.1303223416851197,0.051678290292075775,10.001706300193904,21.48235168871937,52.0,0.12712236957873807,0.059185354710438454
TQQQ,since_2026-07-15,13:00,13:30,1.2715270196303128,9.070897402438549,40,16.985853949844163,8,0.1401765407784775,0.07485799791902593,8.753811309036774,19.13118180974999,52.0,0.14525410415434525,0.06646358977061696
TQQQ,since_2026-07-15,13:30,14:00,1.269341480212045,8.513935362100431,40,22.772974535329585,8,0.14908986575849362,0.05573894083281968,7.54551055548346,17.24402845199938,52.0,0.1682247305703643,0.07361049558375495
TQQQ,since_2026-07-15,14:00,14:30,1.2687343872221795,7.838179331820736,40,34.44499197020009,8,0.16186595553784866,0.03683363864099078,8.796374633919124,17.474394068316016,52.0,0.1442337826688163,0.07260534369672972
TQQQ,since_2026-07-15,14:30,15:00,1.265843750835322,8.182962569578901,40,16.832624202250816,8,0.15469259941885116,0.07520180665983481,8.88202509462724,21.73671303416872,52.0,0.14251747066117096,0.05823528832742544
TQQQ,since_2026-07-15,15:00,15:30,1.2627713296164227,4.998997239412694,40,13.092227996354714,8,0.2526049263761504,0.09645198127988741,9.04864186901606,21.592606107088884,52.0,0.1395536863869423,0.058481654477170915
TQQQ,since_2026-07-15,15:30,16:00,1.2626800442276194,9.493264328683077,40,28.61529376645915,8,0.1330079939323443,0.04412605561672216,10.74277197481828,25.78477057793919,52.0,0.11753763806840722,0.04896999336918425
TQQQ,since_2026-07-15,09:30,16:00,1.275767311306309,10.16907230579922,519,23.241858419728853,103,0.12545562396864504,0.054890933774184504,12.319974960183783,27.568292133956195,52.0,0.10355275196819701,0.046276617539718075
TQQQ,y2022,09:30,10:00,3.346783525832276,31.195520711307257,50,61.28874862932006,10,0.10728410520229549,0.054606817738667296,,,,,
TQQQ,y2022,10:00,10:30,3.26146870361874,23.413534440836727,50,64.72035181808502,10,0.13929843492276192,0.050393247440712725,,,,,
TQQQ,y2022,10:30,11:00,3.2455872791364584,21.902377799816616,50,62.15539834834786,10,0.14818424322694465,0.052217303168852244,,,,,
TQQQ,y2022,11:00,11:30,3.232934664295841,21.66511869029511,50,27.09893383981993,10,0.14922303037019752,0.11930117558888152,,,,,
TQQQ,y2022,11:30,12:00,3.242759507125663,15.792308228442392,50,26.569989088309907,10,0.2053379062906942,0.12204594801856324,,,,,
TQQQ,y2022,12:00,12:30,3.242516310249656,18.677322765577433,50,46.975935427764675,10,0.17360712511889867,0.06902505039491343,,,,,
TQQQ,y2022,12:30,13:00,3.231739349275485,15.031095715216171,50,29.606107463209796,10,0.21500357728438613,0.10915786052899475,,,,,
TQQQ,y2022,13:00,13:30,3.2366418032733186,12.523147357511768,50,11.206274322164045,10,0.2584527444158741,0.2888240739272114,,,,,
TQQQ,y2022,13:30,14:00,3.2342765437950445,12.325611644681622,50,28.371579319793447,10,0.2624029246605869,0.11399705696110649,,,,,
TQQQ,y2022,14:00,14:30,3.241236132533729,20.90607006344927,50,34.617948539200746,10,0.15503804027713858,0.09362877551404905,,,,,
TQQQ,y2022,14:30,15:00,3.2285515433380967,15.723787973250417,50,28.000842409906813,10,0.20532911972805568,0.11530194327995724,,,,,
TQQQ,y2022,15:00,15:30,3.240311411400728,19.795146840886524,50,50.12385952129598,10,0.1636922139273007,0.06464608755884065,,,,,
TQQQ,y2022,15:30,16:00,3.2295079716703046,18.966410827774205,50,48.918792371945536,10,0.17027512485077295,0.06601773705113777,,,,,
TQQQ,y2022,09:30,16:00,3.247254764622352,19.761355134254984,650,44.01789975700126,130,0.16432348604440863,0.07377123357880927,,,,,
TQQQ,y2023,09:30,10:00,2.9611340868597877,19.934178865304617,50,51.27536971491156,10,0.14854557626216716,0.05774963892651661,,,,,
TQQQ,y2023,10:00,10:30,2.9654290176003686,13.01710623753089,50,33.65570659452131,10,0.22781015714924802,0.08811073418625237,,,,,
TQQQ,y2023,10:30,11:00,2.953371538118854,11.411407734131974,50,8.32737976850853,10,0.25880869450358895,0.3546579620744036,,,,,
TQQQ,y2023,11:00,11:30,2.9531211592162845,9.532905396325113,50,18.91512437273833,10,0.30978185940612585,0.15612486077397983,,,,,
TQQQ,y2023,11:30,12:00,2.9481926505609763,7.802179838019973,50,19.1566497692918,10,0.37786781537570463,0.15389917788688412,,,,,
TQQQ,y2023,12:00,12:30,2.9481626893508146,7.589844421362164,50,11.102575500360226,10,0.3884351938826306,0.26553863013632834,,,,,
TQQQ,y2023,12:30,13:00,2.949571182395869,31.391294605496352,50,43.154900402166184,10,0.09396143801853345,0.0683484645986534,,,,,
TQQQ,y2023,13:00,13:30,2.9185297302161617,20.79532560285742,50,31.42392742879398,10,0.14034546926330096,0.09287603329754036,,,,,
TQQQ,y2023,13:30,14:00,2.9477888869178095,14.741807879117419,50,22.519836267043047,10,0.199961152057443,0.1308974386830596,,,,,
TQQQ,y2023,14:00,14:30,2.927488856712501,13.280108501989844,50,27.39397201560626,10,0.22044163692441643,0.10686616950052806,,,,,
TQQQ,y2023,14:30,15:00,2.9408309411281603,12.083806314840219,50,36.66872910544963,10,0.24336958608120873,0.08019996909822272,,,,,
TQQQ,y2023,15:00,15:30,2.9380506728541462,15.795402761841679,50,20.772675197275415,10,0.18600669556536092,0.1414382425446823,,,,,
TQQQ,y2023,15:30,16:00,2.930042472991233,13.413049346886963,50,38.811938285797034,10,0.21844715524522149,0.07549333020720231,,,,,
TQQQ,y2023,09:30,16:00,2.9447484482125317,15.90009758962999,650,30.768940544405066,130,0.18520316819521224,0.09570522728797681,,,,,
TQQQ,y2024,09:30,10:00,1.6577479762931928,20.070170469654542,40,56.42176711745627,8,0.08259760318427065,0.029381355122078477,,,,,
TQQQ,y2024,10:00,10:30,1.6625574556134872,18.16444325693906,40,59.69355693559816,8,0.09152812624622382,0.02785153944515616,,,,,
TQQQ,y2024,10:30,11:00,1.6685248776401105,24.715117560602323,40,47.501027496043335,8,0.06751029500664238,0.03512607969962529,,,,,
TQQQ,y2024,11:00,11:30,1.6435170321182941,14.393118153395536,40,27.910823824751244,8,0.11418769821816309,0.058884576193011816,,,,,
TQQQ,y2024,11:30,12:00,1.6291510067531507,10.853963460127344,40,13.990393488561812,8,0.15009733658473517,0.11644783315673736,,,,,
TQQQ,y2024,12:00,12:30,1.6319603132950116,11.29500508362776,40,13.422732470001547,8,0.14448513313735084,0.12158182523135869,,,,,
TQQQ,y2024,12:30,13:00,1.6292563768188035,14.013116852893065,40,35.48433366231955,8,0.11626652328118116,0.045914808273514074,,,,,
TQQQ,y2024,13:00,13:30,1.6762782106509717,11.133597278466976,40,39.45821960143632,8,0.15056034170492147,0.04248235798733183,,,,,
TQQQ,y2024,13:30,14:00,1.6318614850685473,8.419164759855498,40,22.028789090185953,8,0.19382700441374373,0.07407858318438203,,,,,
TQQQ,y2024,14:00,14:30,1.633814543522511,11.274876575527864,40,31.492156504634696,8,0.14490753247522975,0.05188004648973667,,,,,
TQQQ,y2024,14:30,15:00,1.636449155991419,19.640963964929565,40,28.19840632893547,8,0.08331816905287456,0.05803339156483448,,,,,
TQQQ,y2024,15:00,15:30,1.642149611342628,8.790871987285549,40,14.4408693556216,8,0.18680167493255603,0.11371542605247413,,,,,
TQQQ,y2024,15:30,16:00,1.6308426611232194,10.035217426708764,40,21.262515426937153,8,0.16251194087561335,0.07670036345074817,,,,,
TQQQ,y2024,09:30,16:00,1.644165927231495,14.77847967575543,520,33.682022178927,104,0.11125406424104653,0.04881434726505702,,,,,
TQQQ,y2025,09:30,10:00,1.6845684082544496,25.21218679015961,30,35.94769170751547,6,0.06681564047875219,0.046861657264693365,,,,,
TQQQ,y2025,10:00,10:30,1.6531155693738244,19.7137223744398,30,50.863903712558766,6,0.08385608450675976,0.03250076082865922,,,,,
TQQQ,y2025,10:30,11:00,1.634391041692743,17.47843346698843,30,26.92031115224066,6,0.09350901182189023,0.06071218985731179,,,,,
TQQQ,y2025,11:00,11:30,1.6316439659180153,10.137955848058033,30,25.61832431286103,6,0.1609440789023128,0.06369050317232848,,,,,
TQQQ,y2025,11:30,12:00,1.6385367167594054,20.092034904440112,30,27.005276662289504,6,0.08155155635317493,0.06067468729351986,,,,,
TQQQ,y2025,12:00,12:30,1.6368351207149663,12.025455373516829,30,24.682493073089905,6,0.13611419026340588,0.0663156317260158,,,,,
TQQQ,y2025,12:30,13:00,1.633610949183959,10.306564891605005,30,22.10249822857032,6,0.15850198066618515,0.07391069246065166,,,,,
TQQQ,y2025,13:00,13:30,1.6417112714507192,12.783183069994251,30,25.558500956477513,6,0.12842742394140316,0.06423347262213537,,,,,
TQQQ,y2025,13:30,14:00,1.6484747188409716,11.176027433484272,30,40.45909862156336,6,0.14750095493699394,0.040744227503931314,,,,,
TQQQ,y2025,14:00,14:30,1.651909969095753,10.271375171396013,30,22.465706225756833,6,0.16082656329174247,0.07353029335004148,,,,,
TQQQ,y2025,14:30,15:00,1.6428347050413428,9.02881420675503,30,21.80517527394833,6,0.18195464735692907,0.07534150422556404,,,,,
TQQQ,y2025,15:00,15:30,1.640915066935455,8.845383542991028,30,14.674733698999047,6,0.1855109005686583,0.11181906946954552,,,,,
TQQQ,y2025,15:30,16:00,1.6461286439437393,10.519065468638306,30,26.318589853685793,6,0.15649000843768213,0.06254623264753703,,,,,
TQQQ,y2025,09:30,16:00,1.6449800264530092,14.438928039188934,390,28.578318599389874,78,0.11392674179054994,0.057560420174199066,,,,,
TQQQ,y2026,09:30,10:00,1.4987975809744987,18.772188889849755,60,56.764784204578774,12,0.07984138609349431,0.026403651524030673,,,,,
TQQQ,y2026,10:00,10:30,1.513257326519566,16.076431266447432,60,14.639387334327685,12,0.09412893330859028,0.1033688973425241,,,,,
TQQQ,y2026,10:30,11:00,1.5728489575719886,13.386764467852474,60,33.851638660378725,12,0.11749283864290679,0.046463007990597285,,,,,
TQQQ,y2026,11:00,11:30,1.4643547575274636,10.244231463220416,60,32.851518190831705,12,0.14294432557336256,0.04457494929218035,,,,,
TQQQ,y2026,11:30,12:00,1.467770518988043,9.16641242846988,60,20.558499485714844,12,0.1601248613284416,0.07139482723473711,,,,,
TQQQ,y2026,12:00,12:30,1.4895580292536361,14.276603153290386,59,23.067688979257618,11,0.10433560513379765,0.06457335325584809,,,,,
TQQQ,y2026,12:30,13:00,1.4556522246637873,9.923161551809136,60,22.148522906765272,12,0.14669238398103082,0.06572231614683244,,,,,
TQQQ,y2026,13:00,13:30,1.4483939347643247,9.101388883488843,60,20.23457138594115,12,0.1591398800013818,0.0715801638264826,,,,,
TQQQ,y2026,13:30,14:00,1.4393122415370259,8.860143528139506,60,22.92674317122926,12,0.16244796000943104,0.06277874841565884,,,,,
TQQQ,y2026,14:00,14:30,1.4396306191133632,7.651062312872178,60,28.048689632837277,12,0.18816088018147792,0.05132612745758907,,,,,
TQQQ,y2026,14:30,15:00,1.439534451242904,7.65483189922076,60,15.786786468015837,12,0.18805565820321207,0.09118603422928491,,,,,
TQQQ,y2026,15:00,15:30,1.4401635746851928,6.19728037482135,60,13.052681737440155,12,0.23238638363633962,0.11033468858389806,,,,,
TQQQ,y2026,15:30,16:00,1.4401381393404373,11.10265820532998,60,25.470343244402756,12,0.1297111117632244,0.05654176410272427,,,,,
TQQQ,y2026,09:30,16:00,1.4699433914753155,11.480863883306567,779,27.172356263549997,155,0.1280342147085853,0.05409701599736317,,,,,
SQQQ,last12m,09:30,10:00,2.416231837617458,19.86122377638474,70,55.83542807746583,14,0.12165573807644169,0.04327417055467343,23.581613993562488,51.18864199941538,249.0,0.10246253026943201,0.04720249928968722
SQQQ,last12m,10:00,10:30,2.4289257959474635,17.049986675747803,70,33.11497443627483,14,0.14245910229375192,0.07334826124119752,19.51005344580457,41.945918218537855,249.0,0.12449611184790364,0.05790613006235272
SQQQ,last12m,10:30,11:00,2.4190936469476436,12.758422535116251,70,32.73407826084781,14,0.1896075819945088,0.07390138276296128,17.19995432738252,37.85012763998514,249.0,0.14064535294122377,0.06391243036105633
SQQQ,last12m,11:00,11:30,2.420720892941934,11.010540653367675,70,34.97374970789361,14,0.2198548617321107,0.06921536618635933,14.69299608996212,32.65495139761247,249.0,0.16475338849342705,0.0741302861996886
SQQQ,last12m,11:30,12:00,2.4172945398015067,8.948959282501367,70,19.947086720916314,14,0.27012018531900583,0.12118534268298718,13.543241310648236,28.76092684995074,249.0,0.17848714974168947,0.08404786648263551
SQQQ,last12m,12:00,12:30,2.4225462977447694,15.760921082671784,70,38.98695760875691,14,0.15370588337049781,0.06213735172812351,12.333486012032353,26.12972060406081,249.0,0.19642024123442242,0.09271229242949816
SQQQ,last12m,12:30,13:00,2.4286345292247793,9.587550311250435,70,21.242784406270566,14,0.2533112682991522,0.11432750447290145,12.292204814150956,25.53321658080709,249.0,0.19757517597078286,0.09511666975207288
SQQQ,last12m,13:00,13:30,2.4305510753048365,8.725525606906228,70,20.428161055334428,14,0.278556408496591,0.11898041476768875,11.614823483993188,26.34635900386744,249.0,0.20926285092963037,0.0922537749883409
SQQQ,last12m,13:30,14:00,2.4353473541597093,8.234903476682097,70,21.70226331659746,14,0.29573477831957884,0.11221628447836608,10.772507466622796,23.63428579129616,249.0,0.22607061185200514,0.10304298491036183
SQQQ,last12m,14:00,14:30,2.435120858772214,7.245168286780939,70,24.789986589777126,14,0.33610273252246975,0.0982300192036573,10.737435215149256,23.664024176758005,249.0,0.22678794423239412,0.10290392033844804
SQQQ,last12m,14:30,15:00,2.43796418142361,6.909688781552,70,14.97585943852653,14,0.35283270469904054,0.16279293962600655,10.691124678112814,23.38553252192575,249.0,0.2280362688515533,0.10425095854190318
SQQQ,last12m,15:00,15:30,2.4410329636429555,6.392654367014102,70,12.64118229640964,14,0.38184967049659524,0.19310163451533008,10.72081887609033,23.770205418791484,249.0,0.22769090606380543,0.10269296880847324
SQQQ,last12m,15:30,16:00,2.4434612430534646,10.465101023862612,70,24.096982622925985,14,0.23348663691653462,0.10140112898320904,12.188711128852349,26.80174254259191,249.0,0.20046920607294214,0.0911679992138737
SQQQ,last12m,09:30,16:00,2.42899347854323,11.70986058003756,910,29.279706163637744,182,0.20743146017332334,0.08295826006477414,14.323784942113798,30.8849854099235,249.0,0.16957762828466322,0.07864641819655133
SQQQ,last5,09:30,10:00,2.882775303341711,16.643265308331042,40,42.50681886998745,8,0.17320971876226077,0.06781912596562563,,,,,
SQQQ,last5,10:00,10:30,2.8792009211928935,11.474018005994358,40,15.664886069136104,8,0.2509322296416753,0.1837996719852095,,,,,
SQQQ,last5,10:30,11:00,2.890809384100204,12.35230347459325,40,32.052911514809345,8,0.23402998396583646,0.09018866765861719,,,,,
SQQQ,last5,11:00,11:30,2.889738696314609,7.582504303050788,40,13.123298133634549,8,0.38110610700899106,0.2201991196792452,,,,,
SQQQ,last5,11:30,12:00,2.8850706699003688,6.68775053539385,40,15.413494368977842,8,0.4313962751199516,0.18717823491777708,,,,,
SQQQ,last5,12:00,12:30,2.9001765999509233,16.826357393645328,40,42.120385008624034,8,0.1723591465521949,0.0688544655837576,,,,,
SQQQ,last5,12:30,13:00,2.9043729364246187,9.892717712142272,40,24.14284626568789,8,0.2935869617364909,0.12029952493846383,,,,,
SQQQ,last5,13:00,13:30,2.90594118377795,9.19387785082333,40,17.92801471121554,8,0.3160735035780051,0.16208940201058794,,,,,
SQQQ,last5,13:30,14:00,2.9093334154725157,8.147027001875399,40,22.719188102560967,8,0.35710369129779534,0.12805622288696875,,,,,
SQQQ,last5,14:00,14:30,2.9105495991220023,7.535261571708998,40,32.75226913510557,8,0.38625727473743016,0.08886558629314405,,,,,
SQQQ,last5,14:30,15:00,2.9178141493738234,7.752927110997289,40,16.767565734385467,8,0.3763500040178365,0.17401536964845313,,,,,
SQQQ,last5,15:00,15:30,2.9250372442836965,5.172784377284486,40,12.563080072291557,8,0.5654666869797556,0.23282803480135408,,,,,
SQQQ,last5,15:30,16:00,2.928945476704054,9.299699644916817,40,29.131230480639807,8,0.3149505455592865,0.10054314316213278,,,,,
SQQQ,last5,09:30,16:00,2.9022877779861513,10.422930832220008,520,25.553448255791828,104,0.2784521767154417,0.11357714813805342,,,,,
SQQQ,normal18m,09:30,10:00,2.862830056191792,21.590670842902302,90,53.480565976486695,18,0.13259569732790014,0.05353028719723097,,,,,
SQQQ,normal18m,10:00,10:30,2.835343504494329,17.820444528607133,90,30.395017295562937,18,0.1591062164550809,0.09328316799175608,,,,,
SQQQ,normal18m,10:30,11:00,2.824855614643939,14.870155270167732,90,31.57077155675526,18,0.18996813169201532,0.08947692676961197,,,,,
SQQQ,normal18m,11:00,11:30,2.8295212120324646,10.412555093737152,90,30.89477262994668,18,0.27174129563399274,0.09158575937502693,,,,,
SQQQ,normal18m,11:30,12:00,2.8253854946571457,14.134301561490402,90,23.92965271310092,18,0.19989565684342317,0.118070476347127,,,,,
SQQQ,normal18m,12:00,12:30,2.8325645647311246,15.34630970451604,90,35.58240838503192,18,0.18457626747214484,0.07960575726298139,,,,,
SQQQ,normal18m,12:30,13:00,2.8364573445902406,10.243640042739747,90,21.907580036997793,18,0.2768993573334901,0.12947378668935575,,,,,
SQQQ,normal18m,13:00,13:30,2.833464132437863,10.736422950971258,90,21.916917782092852,18,0.26391137396292097,0.12928205327999798,,,,,
SQQQ,normal18m,13:30,14:00,2.835016715281929,9.499046810699161,90,30.034351464881894,18,0.29845275760602996,0.09439247318513981,,,,,
SQQQ,normal18m,14:00,14:30,2.832960788345583,8.921003605623579,90,25.507167947867934,18,0.3175607715884965,0.11106528149795561,,,,,
SQQQ,normal18m,14:30,15:00,2.834741503382066,8.051202433925877,90,18.386914769810822,18,0.3520892098597758,0.15417167800420667,,,,,
SQQQ,normal18m,15:00,15:30,2.8392624796198005,7.550643851746764,90,13.629518456271258,18,0.3760291884198678,0.20831715285681204,,,,,
SQQQ,normal18m,15:30,16:00,2.83927669723406,11.061490699010893,90,25.62566365328653,18,0.2566811991703745,0.11079817231855062,,,,,
SQQQ,normal18m,09:30,16:00,2.8355139728862184,12.936204616924062,1170,29.176817722769282,234,0.21919210903456163,0.09718379844671728,,,,,
SQQQ,since_2026-07-15,09:30,10:00,2.882775303341711,16.643265308331042,40,42.50681886998745,8,0.17320971876226077,0.06781912596562563,21.653783666222907,48.98275731008471,52.0,0.1331303271417857,0.05885285887628455
SQQQ,since_2026-07-15,10:00,10:30,2.8792009211928935,11.474018005994358,40,15.664886069136104,8,0.2509322296416753,0.1837996719852095,17.398455832614935,38.54681648051437,52.0,0.16548600340701375,0.07469361114810467
SQQQ,since_2026-07-15,10:30,11:00,2.890809384100204,12.35230347459325,40,32.052911514809345,8,0.23402998396583646,0.09018866765861719,14.755036922262107,33.21081061939742,52.0,0.19592017284203525,0.08704422837579792
SQQQ,since_2026-07-15,11:00,11:30,2.889738696314609,7.582504303050788,40,13.123298133634549,8,0.38110610700899106,0.2201991196792452,12.88488711384833,28.9923946758979,52.0,0.22427349737575858,0.09967230125757501
SQQQ,since_2026-07-15,11:30,12:00,2.8850706699003688,6.68775053539385,40,15.413494368977842,8,0.4313962751199516,0.18717823491777708,11.344720710952846,26.054003037670743,52.0,0.25430953686810076,0.11073425706325922
SQQQ,since_2026-07-15,12:00,12:30,2.9001765999509233,16.826357393645328,40,42.120385008624034,8,0.1723591465521949,0.0688544655837576,10.431005397530472,23.970547705373438,52.0,0.2780342344216922,0.12098916702269576
SQQQ,since_2026-07-15,12:30,13:00,2.9043729364246187,9.892717712142272,40,24.14284626568789,8,0.2935869617364909,0.12029952493846383,9.999554523368124,21.53183451466016,52.0,0.290450232521593,0.13488738892392785
SQQQ,since_2026-07-15,13:00,13:30,2.90594118377795,9.19387785082333,40,17.92801471121554,8,0.3160735035780051,0.16208940201058794,8.753914003996215,19.140783033427496,52.0,0.3319590736728017,0.15181934713449338
SQQQ,since_2026-07-15,13:30,14:00,2.9093334154725157,8.147027001875399,40,22.719188102560967,8,0.35710369129779534,0.12805622288696875,7.531772598365669,17.117108742581195,52.0,0.38627472848872474,0.16996640374405889
SQQQ,since_2026-07-15,14:00,14:30,2.9105495991220023,7.535261571708998,40,32.75226913510557,8,0.38625727473743016,0.08886558629314405,8.723660920055124,17.271233574248217,52.0,0.33363855218522304,0.1685200762649458
SQQQ,since_2026-07-15,14:30,15:00,2.9178141493738234,7.752927110997289,40,16.767565734385467,8,0.3763500040178365,0.17401536964845313,8.869501130050098,21.685196577444,52.0,0.3289716193268406,0.13455327181164717
SQQQ,since_2026-07-15,15:00,15:30,2.9250372442836965,5.172784377284486,40,12.563080072291557,8,0.5654666869797556,0.23282803480135408,9.101278238637292,21.59084583668083,52.0,0.32138752025689676,0.13547580610826887
SQQQ,since_2026-07-15,15:30,16:00,2.928945476704054,9.299699644916817,40,29.131230480639807,8,0.3149505455592865,0.10054314316213278,10.543526368172635,25.13032207771439,52.0,0.27779562306075856,0.11655025620628427
SQQQ,since_2026-07-15,09:30,16:00,2.9022877779861513,10.422930832220008,520,25.553448255791828,104,0.2784521767154417,0.11357714813805342,12.29019243514918,27.42561980893921,52.0,0.23614665053459946,0.10582396307558266
SQQQ,y2022,09:30,10:00,2.3244886199071186,30.525124256360705,50,59.4963181060503,10,0.0761500133590038,0.03906945326875171,,,,,
SQQQ,y2022,10:00,10:30,2.3449421537873945,23.30791484809937,50,62.5720298346819,10,0.10060711861484303,0.037475884352526787,,,,,
SQQQ,y2022,10:30,11:00,2.2819325146386453,21.941154926498864,50,64.41872095370819,10,0.1040023883101386,0.035423437175638124,,,,,
SQQQ,y2022,11:00,11:30,2.298758402334291,21.016148537612157,50,27.91700870376302,10,0.10938057457198934,0.08234257569380757,,,,,
SQQQ,y2022,11:30,12:00,2.281881190290742,15.481027241294345,50,26.23853842058517,10,0.1473985643668409,0.08696677969305319,,,,,
SQQQ,y2022,12:00,12:30,2.271224006417709,18.639967505456912,50,47.29937093734301,10,0.12184699387232305,0.04801805946692983,,,,,
SQQQ,y2022,12:30,13:00,2.2634562217246983,14.73187255686723,50,29.649647206154032,10,0.1536434837450174,0.07634007264865192,,,,,
SQQQ,y2022,13:00,13:30,2.2532623927993227,12.656417746309305,50,12.17482521204139,10,0.17803318742828228,0.1850755434723413,,,,,
SQQQ,y2022,13:30,14:00,2.252153569818299,12.212833532975834,50,28.565317836642286,10,0.1844087667073547,0.07884223738373179,,,,,
SQQQ,y2022,14:00,14:30,2.24422947684256,21.04610981029478,50,36.10924937446285,10,0.10663393363769237,0.062151097453433134,,,,,
SQQQ,y2022,14:30,15:00,2.2439192012926625,15.906368334562965,50,29.385141887926792,10,0.141070491648106,0.0763623742179241,,,,,
SQQQ,y2022,15:00,15:30,2.2366031451515886,20.356785728046734,50,52.355845405228344,10,0.109870152146372,0.04271926329983849,,,,,
SQQQ,y2022,15:30,16:00,2.2465032881994675,19.06508778280809,50,46.672943114341976,10,0.11783335664602856,0.04813288252887457,,,,,
SQQQ,y2022,09:30,16:00,2.2725658207689903,19.64638504548035,650,43.95509114070118,130,0.11567348474073574,0.05170199314328479,,,,,
SQQQ,y2023,09:30,10:00,4.653400557451903,19.711235650020487,50,51.80774810064657,10,0.23607858178323113,0.0898205524859288,,,,,
SQQQ,y2023,10:00,10:30,4.638694191869602,13.484598986217378,50,34.2854801778671,10,0.3439994171581087,0.13529617108481096,,,,,
SQQQ,y2023,10:30,11:00,4.662589246032318,12.102984095315371,50,7.860287790478537,10,0.38524294581507695,0.5931830195429089,,,,,
SQQQ,y2023,11:00,11:30,4.661730075719419,10.437413955436927,50,19.720104409060752,10,0.4466365036035663,0.2363947968539915,,,,,
SQQQ,y2023,11:30,12:00,4.664723305067332,8.451436826805796,50,19.83395088369744,10,0.5519444090585902,0.2351888099562408,,,,,
SQQQ,y2023,12:00,12:30,4.663816762411671,7.722453955998484,50,11.36510932557688,10,0.603929371283465,0.4103626836141272,,,,,
SQQQ,y2023,12:30,13:00,4.671887261239963,32.47219190938498,50,44.061637398730944,10,0.14387348024663876,0.10603072280229245,,,,,
SQQQ,y2023,13:00,13:30,4.696864679614375,22.2878465557802,50,32.86164731432874,10,0.2107365854237845,0.142928461092892,,,,,
SQQQ,y2023,13:30,14:00,4.6745063185206615,14.820859902851462,50,22.313882989321968,10,0.31540047940277127,0.2094886990649538,,,,,
SQQQ,y2023,14:00,14:30,4.686146825165369,14.12336050239928,50,26.934357925598924,10,0.3318011194551952,0.17398398128182466,,,,,
SQQQ,y2023,14:30,15:00,4.655756914051445,12.592744457166408,50,36.5759662940281,10,0.36971741385587314,0.12729005917778333,,,,,
SQQQ,y2023,15:00,15:30,4.660092460562141,16.567304621168805,50,21.861763805510066,10,0.2812824757629993,0.21316177880339213,,,,,
SQQQ,y2023,15:30,16:00,4.671646481747142,14.595052947480644,50,42.119779597170655,10,0.3200842435144127,0.1109133648472594,,,,,
SQQQ,y2023,09:30,16:00,4.666296822701688,16.561038459505262,650,31.568966842349333,130,0.2817635400166257,0.14781278228091757,,,,,
SQQQ,y2024,09:30,10:00,8.69461386888447,21.03693090982358,50,58.03851586499321,10,0.4133023921671179,0.14980765340570598,,,,,
SQQQ,y2024,10:00,10:30,8.694310646034506,21.857945501100616,50,72.4008302972183,10,0.39776431163654974,0.12008578645221073,,,,,
SQQQ,y2024,10:30,11:00,8.73237063512263,25.31478726954867,50,49.02735224712588,10,0.34495137336693554,0.17811222174729097,,,,,
SQQQ,y2024,11:00,11:30,8.759017392919738,13.94741183929866,50,27.228390999822118,10,0.6280030656469223,0.32168692571577073,,,,,
SQQQ,y2024,11:30,12:00,8.749812039130846,12.622360716865991,50,24.1851176626991,10,0.693199333737892,0.36178496880442107,,,,,
SQQQ,y2024,12:00,12:30,8.754591124594798,11.293652858015435,50,15.509103352702802,10,0.7751779902090234,0.564480803660975,,,,,
SQQQ,y2024,12:30,13:00,8.770626438230595,13.616546380191393,50,31.125007400208613,10,0.6441153427119833,0.28178712780552817,,,,,
SQQQ,y2024,13:00,13:30,8.764705955858155,12.160636458297535,50,35.670662876435266,10,0.7207440158181652,0.2457118889609503,,,,,
SQQQ,y2024,13:30,14:00,8.782498033286222,9.13691866595084,50,19.404423377912128,10,0.9612100484175936,0.45260288658117287,,,,,
SQQQ,y2024,14:00,14:30,8.781737294455143,11.77017095162774,50,29.526705830415633,10,0.7461010830297825,0.2974167638236509,,,,,
SQQQ,y2024,14:30,15:00,8.7861053276868,18.132918447235628,50,25.264100532149396,10,0.4845389534648376,0.34777035962575403,,,,,
SQQQ,y2024,15:00,15:30,8.813836501272721,9.817743269401852,50,15.93002948663368,10,0.8977456691846971,0.5532843808398533,,,,,
SQQQ,y2024,15:30,16:00,8.796362537963017,11.19102533010329,50,19.353053152953535,10,0.7860193573417484,0.4545206623700392,,,,,
SQQQ,y2024,09:30,16:00,8.760048716640627,15.50728098851332,650,35.76867227531007,130,0.5648990769645202,0.24490841173009933,,,,,
SQQQ,y2025,09:30,10:00,3.438721645205025,25.123670725396018,30,36.88689901999371,6,0.13687178449322004,0.09322338652921579,,,,,
SQQQ,y2025,10:00,10:30,3.380064638704975,20.317030021109108,30,49.9017562359704,6,0.16636607984499385,0.06773438238769926,,,,,
SQQQ,y2025,10:30,11:00,3.3236186114000796,17.701043024417974,30,26.852147640658107,6,0.18776399824661538,0.12377477793871622,,,,,
SQQQ,y2025,11:00,11:30,3.332292996668129,10.020576493210418,30,24.65196569598318,6,0.33254503859393425,0.13517352075542993,,,,,
SQQQ,y2025,11:30,12:00,3.3318162506144207,20.676902334494983,30,28.3931867589859,6,0.16113710829189337,0.11734562516340172,,,,,
SQQQ,y2025,12:00,12:30,3.3382304039788253,12.975984522604273,30,25.000205828870854,6,0.257262206051772,0.13352811680149268,,,,,
SQQQ,y2025,12:30,13:00,3.3369138641473475,10.620260635104334,30,23.522405674702465,6,0.31420263388993236,0.14186107961466216,,,,,
SQQQ,y2025,13:00,13:30,3.3255325105741833,13.33816036070551,30,24.3688066343038,6,0.24932467601538735,0.136466777404391,,,,,
SQQQ,y2025,13:30,14:00,3.3190501632066924,10.577295132479538,30,39.87828102712445,6,0.3137900684093551,0.08322951937043468,,,,,
SQQQ,y2025,14:00,14:30,3.3126712426166893,10.780460253577777,30,21.02148670184436,6,0.3072847693601294,0.1575850124019081,,,,,
SQQQ,y2025,14:30,15:00,3.313603625034674,9.391907300959513,30,23.695627904058206,6,0.3528147711483634,0.13984029621207772,,,,,
SQQQ,y2025,15:00,15:30,3.3210842592242864,9.364651855836781,30,15.074545302517999,6,0.3546404404937198,0.2203107418881513,,,,,
SQQQ,y2025,15:30,16:00,3.3139715923741755,10.778644032409236,30,26.797281266840546,6,0.30745718871592037,0.12366820198565985,,,,,
SQQQ,y2025,09:30,16:00,3.337508879485688,14.73264307595551,390,28.670700616773203,78,0.22653836533464164,0.11640834746581488,,,,,
SQQQ,y2026,09:30,10:00,2.574796372817995,19.641381694314326,60,60.083175575713334,12,0.13109038930613176,0.04285386629695339,,,,,
SQQQ,y2026,10:00,10:30,2.5631217471359506,16.543487973682854,60,15.159116114775173,12,0.15493236681486566,0.16908121342495336,,,,,
SQQQ,y2026,10:30,11:00,2.575687377003283,13.39915957595305,60,34.81878637949804,12,0.19222753206296378,0.07397407103539647,,,,,
SQQQ,y2026,11:00,11:30,2.57837679377048,10.522841945965418,60,33.25568225953295,12,0.24502665791336534,0.07753191691117303,,,,,
SQQQ,y2026,11:30,12:00,2.5728503131302936,9.455090000068461,60,21.67421614400035,12,0.2721127258557734,0.11870557606497273,,,,,
SQQQ,y2026,12:00,12:30,2.5798680888575563,16.388413360183154,60,39.59206747828887,12,0.15742024759550757,0.06516123691373987,,,,,
SQQQ,y2026,12:30,13:00,2.5861514841834943,10.137837453321183,60,22.097041925951967,12,0.2550989297363674,0.11703609437180718,,,,,
SQQQ,y2026,13:00,13:30,2.5878011369121365,9.28476444449059,60,21.592820133058925,12,0.2787147861836916,0.11984544496576317,,,,,
SQQQ,y2026,13:30,14:00,2.593072267057671,8.763836988860715,60,23.568832076793786,12,0.2958832153488932,0.11002124579651308,,,,,
SQQQ,y2026,14:00,14:30,2.5929266091194294,7.7243952637523146,60,26.78049700407046,12,0.3356802080399821,0.09682145214576568,,,,,
SQQQ,y2026,14:30,15:00,2.5956712064668666,7.3567093687219804,60,16.096554279731297,12,0.3528304675868677,0.16125632612784235,,,,,
SQQQ,y2026,15:00,15:30,2.5983633627311797,6.549524990072124,60,13.557150230912452,12,0.39672546736898034,0.1916599962731474,,,,,
SQQQ,y2026,15:30,16:00,2.6017466479201214,11.285980626484566,60,26.190631472232546,12,0.23052907266335892,0.09933882849210825,,,,,
SQQQ,y2026,09:30,16:00,2.5846475767651116,11.943274720946931,780,29.476606619790292,156,0.21641029258348884,0.08768470570929986,,,,,
QQQ,last12m,09:30,10:00,0.40096976551753327,6.30393952029942,80,16.975671040995763,16,0.06360622024154322,0.023620260109258873,7.822871023861859,17.020617175302288,249.0,0.051256087987960906,0.023557886379076732
QQQ,last12m,10:00,10:30,0.38066218270013624,5.989508726612793,80,13.591689306072148,16,0.06355482562514098,0.028006980893101618,6.480133245507517,13.973050352482328,249.0,0.05874295609029922,0.027242597220907543
QQQ,last12m,10:30,11:00,0.3408618789474378,4.338159662378223,80,10.274187435908917,16,0.07857292157858799,0.0331765291487777,5.731022559207438,12.649839649648465,249.0,0.05947662488255442,0.026945944643409787
QQQ,last12m,11:00,11:30,0.29715709189166795,3.4844755065668553,80,11.038950684299353,16,0.08528029292547604,0.026918961809867768,4.896999638352555,10.97194790909604,249.0,0.060681460861131964,0.02708334876848228
QQQ,last12m,11:30,12:00,0.3005232544331961,3.030329259157873,80,7.034753131484655,16,0.09917181557911346,0.04271980108131697,4.527958305127869,9.669402408063588,249.0,0.06637058784151269,0.031079816699176907
QQQ,last12m,12:00,12:30,0.34676936848366613,5.104807465917449,80,12.578423825782066,16,0.06792996029701266,0.027568586755114022,4.130386028433475,8.792884730094759,249.0,0.08395568019466326,0.03943749737748798
QQQ,last12m,12:30,13:00,0.294322214208001,3.1690778947693765,80,7.028453338568461,16,0.09287313975266603,0.0418758153508561,4.140611663751616,8.660979362200845,249.0,0.07108182029833951,0.03398255577106128
QQQ,last12m,13:00,13:30,0.27439850287952855,2.7310008964819903,80,6.189257438106791,16,0.1004754349341306,0.044334640402914516,3.873234053312309,8.7725457735856,249.0,0.0708448028450201,0.03127923295718225
QQQ,last12m,13:30,14:00,0.2706997914626463,2.6986946428425367,80,6.720066118290914,16,0.10030767733600197,0.04028231072397428,3.564065959706755,7.930995448738508,249.0,0.07595252010569382,0.034131880822816936
QQQ,last12m,14:00,14:30,0.23508522705574425,2.28013447969053,80,7.993932764375699,16,0.10310147456199649,0.029407956507137782,3.5379080796480604,7.900470746053386,249.0,0.06644752259338794,0.029755850583103434
QQQ,last12m,14:30,15:00,0.26507729291445226,2.426992034651278,80,5.362164870977184,16,0.10922050387056166,0.049434752435380716,3.5488316078539084,7.850938162731401,249.0,0.07469424368510766,0.033763772866379306
QQQ,last12m,15:00,15:30,0.24336643146492942,2.0213797982599444,80,3.9355190112064204,16,0.12039619257817136,0.06183845911350997,3.5847668426867183,8.005258637059168,249.0,0.0678890544754455,0.030400820572904455
QQQ,last12m,15:30,16:00,0.23046252897301556,3.3521598043376724,80,7.893924389055927,16,0.06875046012866051,0.02919492480730205,4.080690464170617,9.056963691287644,249.0,0.056476356390304176,0.025445892997750366
QQQ,last12m,09:30,16:00,0.2984988063117208,3.844688968330258,1040,9.509843443671889,208,0.07763925996889115,0.031388403823866325,4.769570184940217,10.340881455261902,249.0,0.06258400542133176,0.0288658957752418
QQQ,last5,09:30,10:00,0.34843187557663335,5.351833482819608,50,12.878749673589107,10,0.06510514138662296,0.027054790597504548,,,,,
QQQ,last5,10:00,10:30,0.3272003180645426,4.969313489244507,50,11.710098469649148,10,0.06584416917401752,0.027941722173609185,,,,,
QQQ,last5,10:30,11:00,0.31305631005150236,4.3669065455995515,50,9.585703295530838,10,0.07168834660933224,0.032658668894692294,,,,,
QQQ,last5,11:00,11:30,0.2858970382145935,2.6009670434999963,50,5.8102877639153245,10,0.10991951586971113,0.04920531475052773,,,,,
QQQ,last5,11:30,12:00,0.2778996345897078,2.628472956074075,50,6.810321032329748,10,0.10572664784224475,0.04080565853951248,,,,,
QQQ,last5,12:00,12:30,0.33201800396441794,5.413565638648933,50,13.24990170160486,10,0.06133074319706224,0.0250581484634111,,,,,
QQQ,last5,12:30,13:00,0.2969582406789487,3.2598627802590143,50,7.798110345437926,10,0.09109531925001878,0.038080794900866737,,,,,
QQQ,last5,13:00,13:30,0.2905794545195319,2.8148990019235782,50,5.264138369808654,10,0.10322908719672097,0.05519981317096233,,,,,
QQQ,last5,13:30,14:00,0.2942486958855909,2.6534590687688517,50,6.747807798241275,10,0.11089249476236164,0.04360656152095542,,,,,
QQQ,last5,14:00,14:30,0.241584378010879,2.379728467790453,50,10.06973440900938,10,0.10151762324177555,0.023991137024898468,,,,,
QQQ,last5,14:30,15:00,0.26304519546720706,2.726271481435991,50,6.131925703698445,10,0.09648532703304184,0.04289764882646123,,,,,
QQQ,last5,15:00,15:30,0.23405331946378757,1.6059407860663388,50,3.92941116290171,10,0.14574218520041946,0.059564476650732764,,,,,
QQQ,last5,15:30,16:00,0.22643147592430263,3.1178641932010427,50,9.219921667923982,10,0.07262390594756163,0.024558937058224206,,,,,
QQQ,last5,09:30,16:00,0.28703964394535686,3.5595399377114916,650,8.613285771650467,130,0.08063953459387257,0.03332522007920732,,,,,
QQQ,normal18m,09:30,10:00,0.41784932663635593,6.848245803947368,100,16.408813901678762,20,0.061015526982910746,0.025464931782400578,,,,,
QQQ,normal18m,10:00,10:30,0.39102520844843774,6.1247879271980885,100,12.36701192076404,20,0.06384306086942676,0.03161840636636825,,,,,
QQQ,normal18m,10:30,11:00,0.3967651608117897,4.94546425497565,100,9.954188782348012,20,0.08022809191525403,0.03985911554293428,,,,,
QQQ,normal18m,11:00,11:30,0.34576636763563917,3.3367612611970325,100,9.891339610378807,20,0.10362334628387487,0.034956475184901414,,,,,
QQQ,normal18m,11:30,12:00,0.35202850180093614,4.502691526541957,100,8.20162465225029,20,0.07818179409489598,0.04292180107319952,,,,,
QQQ,normal18m,12:00,12:30,0.38147306072886766,4.9451596166511465,100,11.599368749610258,20,0.07714069722732238,0.03288739835447384,,,,,
QQQ,normal18m,12:30,13:00,0.3389489849488257,3.34127621539602,100,7.152429634384496,20,0.10144297061913281,0.047389349112833885,,,,,
QQQ,normal18m,13:00,13:30,0.32326638201308605,3.3406685648457435,100,6.972867239444767,20,0.09676697216085936,0.04636061047948863,,,,,
QQQ,normal18m,13:30,14:00,0.3258502932215563,3.1580679772505076,100,9.701841089013461,20,0.10318026577288866,0.03358643892761293,,,,,
QQQ,normal18m,14:00,14:30,0.29557018957172493,2.8229082690332943,100,8.388122124285596,20,0.10470414246685494,0.035236753255651745,,,,,
QQQ,normal18m,14:30,15:00,0.31036158069939246,2.7177216853313872,100,6.192600140276452,20,0.11419917733833305,0.050118136754997586,,,,,
QQQ,normal18m,15:00,15:30,0.28519524645820604,2.3607853602597686,100,4.256681742740472,20,0.12080524187375706,0.06699942906104979,,,,,
QQQ,normal18m,15:30,16:00,0.2721050969694722,3.5394383416406927,100,8.277349972869757,20,0.07687804411457524,0.03287345561820354,,,,,
QQQ,normal18m,09:30,16:00,0.3412584555824256,4.200368267179514,1300,9.524408007640643,260,0.08124488946574575,0.03582988625735713,,,,,
QQQ,since_2026-07-15,09:30,10:00,0.34843187557663335,5.351833482819608,50,12.878749673589107,10,0.06510514138662296,0.027054790597504548,7.16332121128948,16.204592882596025,52.0,0.04864110728798543,0.021502044395749948
QQQ,since_2026-07-15,10:00,10:30,0.3272003180645426,4.969313489244507,50,11.710098469649148,10,0.06584416917401752,0.027941722173609185,5.807124539073314,12.82061170138194,52.0,0.056344635948991785,0.025521427969717972
QQQ,since_2026-07-15,10:30,11:00,0.31305631005150236,4.3669065455995515,50,9.585703295530838,10,0.07168834660933224,0.032658668894692294,4.959081457703422,11.210449416309237,52.0,0.06312788219382878,0.027925402312244534
QQQ,since_2026-07-15,11:00,11:30,0.2858970382145935,2.6009670434999963,50,5.8102877639153245,10,0.10991951586971113,0.04920531475052773,4.300000547207777,9.70568356581588,52.0,0.066487674844656,0.02945666178748538
QQQ,since_2026-07-15,11:30,12:00,0.2778996345897078,2.628472956074075,50,6.810321032329748,10,0.10572664784224475,0.04080565853951248,3.77749078225262,8.736887031344025,52.0,0.07356725684026388,0.03180762594190915
QQQ,since_2026-07-15,12:00,12:30,0.33201800396441794,5.413565638648933,50,13.24990170160486,10,0.06133074319706224,0.0250581484634111,3.504212498647107,7.997340090464375,52.0,0.09474825059627583,0.04151605411407969
QQQ,since_2026-07-15,12:30,13:00,0.2969582406789487,3.2598627802590143,50,7.798110345437926,10,0.09109531925001878,0.038080794900866737,3.3428382125084624,7.1579245481276965,52.0,0.08883416480276249,0.0414866402519742
QQQ,since_2026-07-15,13:00,13:30,0.2905794545195319,2.8148990019235782,50,5.264138369808654,10,0.10322908719672097,0.05519981317096233,2.909947512241014,6.357355345947283,52.0,0.09985728378164124,0.04570759989132459
QQQ,since_2026-07-15,13:30,14:00,0.2942486958855909,2.6534590687688517,50,6.747807798241275,10,0.11089249476236164,0.04360656152095542,2.501503384304901,5.760748195257017,52.0,0.11762874187250182,0.05107820823132904
QQQ,since_2026-07-15,14:00,14:30,0.241584378010879,2.379728467790453,50,10.06973440900938,10,0.10151762324177555,0.023991137024898468,2.908505627062905,5.808157506679518,52.0,0.08306134111036191,0.0415939784231146
QQQ,since_2026-07-15,14:30,15:00,0.26304519546720706,2.726271481435991,50,6.131925703698445,10,0.09648532703304184,0.04289764882646123,2.977912855410457,7.252364372552178,52.0,0.08833206619505007,0.03627026745412116
QQQ,since_2026-07-15,15:00,15:30,0.23405331946378757,1.6059407860663388,50,3.92941116290171,10,0.14574218520041946,0.059564476650732764,3.0381274040340926,7.249918867526125,52.0,0.0770386782177095,0.032283577753147066
QQQ,since_2026-07-15,15:30,16:00,0.22643147592430263,3.1178641932010427,50,9.219921667923982,10,0.07262390594756163,0.024558937058224206,3.568380381719912,8.600829119081569,52.0,0.06345497164042967,0.026326703250265468
QQQ,since_2026-07-15,09:30,16:00,0.28703964394535686,3.5595399377114916,650,8.613285771650467,130,0.08063953459387257,0.03332522007920732,4.1009197679889295,9.169319568580043,52.0,0.06999396725240485,0.03130435598830456
QQQ,y2022,09:30,10:00,0.5973312265604437,10.249456027574261,50,20.044831427220053,10,0.05827931013640478,0.029799763032643544,,,,,
QQQ,y2022,10:00,10:30,0.5214234747343489,7.784218687875818,50,21.561891706561685,10,0.06698468987600303,0.02418264045801093,,,,,
QQQ,y2022,10:30,11:00,0.5152318284180217,7.181603089738108,50,20.988553563191505,10,0.07174328934360681,0.024548229436906273,,,,,
QQQ,y2022,11:00,11:30,0.5042640473615856,6.989277285069367,50,9.294775120878505,10,0.0721482389085928,0.05425242039787236,,,,,
QQQ,y2022,11:30,12:00,0.5026980779764328,5.213862795606054,50,8.842758182162372,10,0.09641567062333864,0.056848561005600755,,,,,
QQQ,y2022,12:00,12:30,0.47580721726804825,6.170141136313813,50,15.704535537525652,10,0.07711447870579938,0.03029743962380276,,,,,
QQQ,y2022,12:30,13:00,0.4541930919792134,4.834083056530288,50,9.925164807941874,10,0.09395641048526276,0.04576176826965928,,,,,
QQQ,y2022,13:00,13:30,0.4678773254004388,4.138599982666967,50,3.914527652005576,10,0.11305207735948733,0.11952331596399011,,,,,
QQQ,y2022,13:30,14:00,0.4554989675220056,4.016396975977,50,9.467422070675138,10,0.11340984724529232,0.048112248943975006,,,,,
QQQ,y2022,14:00,14:30,0.5191776695824889,6.8836875189981175,50,11.564435354054591,10,0.0754214464485239,0.044894338001592156,,,,,
QQQ,y2022,14:30,15:00,0.48503671369944285,5.3267624915004195,50,9.257837506836104,10,0.0910565685016716,0.052392009833968856,,,,,
QQQ,y2022,15:00,15:30,0.46302182920525087,6.691750848408405,50,17.014636452336827,10,0.06919292718666864,0.027213148544332162,,,,,
QQQ,y2022,15:30,16:00,0.4482223804722663,6.353849146845466,50,16.144047520387034,10,0.07054344069449588,0.027763940852270283,,,,,
QQQ,y2022,09:30,16:00,0.49305914164973197,6.521758065135997,650,14.67273762893358,130,0.0756021822222334,0.03360375917016705,,,,,
QQQ,y2023,09:30,10:00,0.3945274883399459,6.713301392206387,50,17.097997377197157,10,0.05876802861822369,0.023074485253232625,,,,,
QQQ,y2023,10:00,10:30,0.36983603630228107,4.283623260581907,50,11.341667506730662,10,0.08633719956316627,0.03260861210071654,,,,,
QQQ,y2023,10:30,11:00,0.350868719745542,3.8456847513640575,50,2.4772973483720704,10,0.09123699482155669,0.1416336718626497,,,,,
QQQ,y2023,11:00,11:30,0.34629940979222557,3.2617918145728155,50,6.181178217877521,10,0.10616845877319706,0.05602482206234413,,,,,
QQQ,y2023,11:30,12:00,0.3389481963788698,2.637345484557762,50,6.453111805210226,10,0.12851869364991655,0.05252476736962838,,,,,
QQQ,y2023,12:00,12:30,0.3456950654953783,2.4367996312109184,50,3.4875679670503836,10,0.14186437861679754,0.09912210135011376,,,,,
QQQ,y2023,12:30,13:00,0.3953849304866445,10.520638465363662,50,14.343311459027538,10,0.037581838002355254,0.02756580526164292,,,,,
QQQ,y2023,13:00,13:30,0.4027980263128359,7.076536159850158,50,10.658710516384765,10,0.05692022441687982,0.037790502490301,,,,,
QQQ,y2023,13:30,14:00,0.3720278190676919,4.883121071235648,50,7.654530640030526,10,0.07618648271064724,0.048602303206171274,,,,,
QQQ,y2023,14:00,14:30,0.3692965096215235,4.519008779168725,50,8.9892064545491,10,0.08172068868816314,0.041082214708133266,,,,,
QQQ,y2023,14:30,15:00,0.3614155714766869,4.100839253381058,50,12.043315897822568,10,0.08813209910110648,0.03000963974896904,,,,,
QQQ,y2023,15:00,15:30,0.35590304563239983,5.305979182652266,50,6.931222883793055,10,0.06707584658379621,0.051347799890347025,,,,,
QQQ,y2023,15:30,16:00,0.3321970390401069,4.635052232038324,50,13.343167665822692,10,0.07167061392402453,0.024896414956322502,,,,,
QQQ,y2023,09:30,16:00,0.36424750830314406,5.352470797556694,650,10.29314885971802,130,0.06805221776631018,0.03538737399675794,,,,,
QQQ,y2024,09:30,10:00,0.4750794157388137,7.03427648737872,50,19.49396601425603,10,0.0675377796979159,0.02437058807794093,,,,,
QQQ,y2024,10:00,10:30,0.4813788901143438,7.2653959516279025,50,25.133876759664684,10,0.06625638758290728,0.01915259212565527,,,,,
QQQ,y2024,10:30,11:00,0.45386789673572037,8.115510975247892,50,15.85959771011133,10,0.055925979044327126,0.028617869446105535,,,,,
QQQ,y2024,11:00,11:30,0.4401199663420638,4.628349363859816,50,9.221806599431847,10,0.09509220928279825,0.04772600266515885,,,,,
QQQ,y2024,11:30,12:00,0.42302614984004583,3.994897636649818,50,7.886435718600416,10,0.10589161182983452,0.0536397131650138,,,,,
QQQ,y2024,12:00,12:30,0.3939572549604552,3.59713771134402,50,5.255909874695087,10,0.10951964772381721,0.07495510089645706,,,,,
QQQ,y2024,12:30,13:00,0.3768742804102414,4.669643882535726,50,11.37353151225486,10,0.08070728515716917,0.033136082667389925,,,,,
QQQ,y2024,13:00,13:30,0.42827406173633037,3.6216933056140945,50,11.83597279101674,10,0.11825243762978219,0.03618410326706577,,,,,
QQQ,y2024,13:30,14:00,0.4059251676063214,2.650504745633973,50,6.41909376433296,10,0.15315013801615676,0.06323714569520751,,,,,
QQQ,y2024,14:00,14:30,0.39541385823268893,3.536050302627124,50,10.453258018159369,10,0.11182359536540373,0.0378268533643556,,,,,
QQQ,y2024,14:30,15:00,0.3889715830326981,5.929281633119697,50,8.463291090656,10,0.06560180593547559,0.04595984929103371,,,,,
QQQ,y2024,15:00,15:30,0.37950396462902414,2.676516181797953,50,5.088123080770355,10,0.14179027468987387,0.07458623909144238,,,,,
QQQ,y2024,15:30,16:00,0.34693564962324114,3.2236621478802405,50,6.069304160682064,10,0.10762159113087363,0.05716234356332749,,,,,
QQQ,y2024,09:30,16:00,0.41456366162266167,4.9879082938301424,650,12.100897203070227,130,0.08311372968413665,0.03425891937314193,,,,,
QQQ,y2025,09:30,10:00,0.4392263983860278,8.268294587168038,30,11.819929362520218,6,0.05312176456166478,0.03715981584278918,,,,,
QQQ,y2025,10:00,10:30,0.40679793034285894,6.6967823089780545,30,16.809427323245952,6,0.06074528207337492,0.024200582358941722,,,,,
QQQ,y2025,10:30,11:00,0.4752411330805669,5.8887740672661195,30,8.751314226070845,6,0.08070289803140622,0.05430511587217229,,,,,
QQQ,y2025,11:00,11:30,0.4244312705029236,3.3232077153298594,30,8.279365972015274,6,0.12771734626909859,0.05126374071849528,,,,,
QQQ,y2025,11:30,12:00,0.43436116196276275,6.661402257097903,30,9.144388263527798,6,0.06520566469318667,0.04750029738951519,,,,,
QQQ,y2025,12:00,12:30,0.40879407320622385,4.072053828570959,30,8.578505835568569,6,0.1003901447318749,0.047653295462161294,,,,,
QQQ,y2025,12:30,13:00,0.4032321346286393,3.4337904384405364,30,7.437701413859991,6,0.11743061839608596,0.054214617150027726,,,,,
QQQ,y2025,13:00,13:30,0.4052455552225511,4.266318560078389,30,8.557395191499417,6,0.09498717676982499,0.047356180958559244,,,,,
QQQ,y2025,13:30,14:00,0.4209124557023788,3.6879244962262487,30,13.77636277512573,6,0.11413261202421222,0.030553235463744336,,,,,
QQQ,y2025,14:00,14:30,0.4164308537457289,3.5439033032576823,30,7.401182744270272,6,0.1175062686848512,0.05626544677174937,,,,,
QQQ,y2025,14:30,15:00,0.3843989569297666,3.0691364500052107,30,7.610694063280185,6,0.1252466168224987,0.05050773999501589,,,,,
QQQ,y2025,15:00,15:30,0.35720951860660854,3.001697574342715,30,4.840033895990811,6,0.119002501004728,0.0738031026812641,,,,,
QQQ,y2025,15:30,16:00,0.34976138965694714,3.509918137362266,30,8.545167307571113,6,0.09964944365334853,0.040930900129603626,,,,,
QQQ,y2025,09:30,16:00,0.4097110020822486,4.822629539756905,390,9.542909468145284,78,0.08495593507746418,0.04293355223057336,,,,,
QQQ,y2026,09:30,10:00,0.40869573931742004,6.167070639625573,70,18.052531957259017,14,0.06627064342208241,0.022639247518577654,,,,,
QQQ,y2026,10:00,10:30,0.3842688024491212,5.910424495731888,70,10.665938447479856,14,0.06501543209402545,0.036027659857714264,,,,,
QQQ,y2026,10:30,11:00,0.36314465558214565,4.528781521687305,70,10.732219500182197,14,0.08018595152871218,0.03383686436677713,,,,,
QQQ,y2026,11:00,11:30,0.3120679172538438,3.3176021527101067,70,10.390271999060154,14,0.09406429791435948,0.030034624433515476,,,,,
QQQ,y2026,11:30,12:00,0.3167692323850675,3.1746502598639337,70,7.521982400390262,14,0.09978082826630619,0.04211246657113058,,,,,
QQQ,y2026,12:00,12:30,0.3697777764767682,5.279211776554489,70,12.718523577324577,14,0.07004412630669384,0.029073954553658445,,,,,
QQQ,y2026,12:30,13:00,0.31144349549858846,3.325936986144092,70,7.312642019185596,14,0.09364082867356392,0.04258973633352747,,,,,
QQQ,y2026,13:00,13:30,0.28822391748495935,2.8857871675750233,70,6.479032840841312,14,0.09987705286220358,0.044485639225056474,,,,,
QQQ,y2026,13:30,14:00,0.285126092515359,2.8500102560534017,70,7.2165137658573855,14,0.10004388296840447,0.0395102263733413,,,,,
QQQ,y2026,14:00,14:30,0.24379121062803702,2.413462946590012,70,8.544232205776494,14,0.10101303232042168,0.02853284002080576,,,,,
QQQ,y2026,14:30,15:00,0.2786861469406749,2.5671195665946636,70,5.699905995178213,14,0.10855986241044384,0.048893112829654924,,,,,
QQQ,y2026,15:00,15:30,0.25439739265655026,2.051718764138187,70,4.179828913640995,14,0.12399233126057042,0.06086311136475391,,,,,
QQQ,y2026,15:30,16:00,0.23885763762760087,3.576253041249723,70,8.477304625335831,14,0.06678991527515961,0.028176130053618128,,,,,
QQQ,y2026,09:30,16:00,0.31195309720651415,3.9058527708788606,910,9.537475383101116,182,0.07986811472576863,0.03270814179601923,,,,,
SPY,last12m,09:30,10:00,0.2608312002321726,3.7614071718925217,130,8.186256840296673,26,0.06934404820123143,0.03186208365076412,4.746327053535376,10.40966009540791,249.0,0.05495432516347317,0.025056649097239495
SPY,last12m,10:00,10:30,0.2366812830059702,3.273808166581258,130,6.5803012220765495,26,0.07229540368980432,0.03596815328330525,4.360569617241688,9.285427741834484,249.0,0.054277606776447884,0.025489540125289912
SPY,last12m,10:30,11:00,0.2529404359565852,3.155919843877614,130,8.33270230088252,26,0.08014792785288313,0.03035515092502419,3.925826381023233,8.661677633869344,249.0,0.0644298579222086,0.029202245413466364
SPY,last12m,11:00,11:30,0.2558394382155153,2.817095778305886,130,7.4097833325831495,26,0.09081673409392178,0.03452724954729901,3.468315894036001,7.74922287882064,249.0,0.07376474520543189,0.033014850936182095
SPY,last12m,11:30,12:00,0.24098350003528327,2.3837875194458387,130,5.659284188990118,26,0.10109269306490241,0.042581975385527694,3.261711584465408,6.831363480583311,249.0,0.07388252878734533,0.035276047120055505
SPY,last12m,12:00,12:30,0.25771623562268164,3.4664064371941636,130,7.357312980812436,26,0.07434680274575263,0.035028581262587954,3.028856391733108,6.28749757554696,249.0,0.08508697748961835,0.0409886815105869
SPY,last12m,12:30,13:00,0.24051791260547292,2.273499853934726,130,5.434745572058093,26,0.10579191909302774,0.04425559750985561,3.0887273420340096,6.405233883278234,249.0,0.07786958380310949,0.03755021549382902
SPY,last12m,13:00,13:30,0.2429318657657128,2.170070858547362,130,5.352315563960651,26,0.11194651308682636,0.045388180659876126,2.90314495209625,6.52329321965731,249.0,0.08367886198389818,0.037240678532380125
SPY,last12m,13:30,14:00,0.23476169730161234,2.3536805267292586,130,5.325418797888097,26,0.09974237991756844,0.04408323668266463,2.670298789338685,5.949078584307398,249.0,0.08791589100025486,0.03946185850038552
SPY,last12m,14:00,14:30,0.23975970927833531,2.0154381566612805,130,6.21803711293462,26,0.11896158087803332,0.038558745295937946,2.708385059052602,6.055946473566559,249.0,0.08852497117311808,0.039590790692232196
SPY,last12m,14:30,15:00,0.24130796430981943,2.5129112720024187,130,5.7809212938509,26,0.0960272521351431,0.04174212933265429,2.745491987586852,6.131120793087577,249.0,0.08789243071946345,0.03935788780770358
SPY,last12m,15:00,15:30,0.21301462723094677,1.7376787403820446,130,2.8740058872519625,26,0.12258573594801163,0.07411767254054755,2.667335047899475,5.870966841238983,249.0,0.07986046874714733,0.036282716797970044
SPY,last12m,15:30,16:00,0.20699833330976888,2.8699045138120995,130,6.535622597770398,26,0.07212725451789077,0.03167232045809768,3.2079698906455114,7.064471017396114,249.0,0.06452627062161,0.029301321047257432
SPY,last12m,09:30,16:00,0.24033241422340745,2.7406446310675032,1690,6.398589781147963,338,0.08769192893490757,0.037560215991888406,3.3487964211815884,7.253213545773321,249.0,0.07176680335157806,0.033134611673395
SPY,last5,09:30,10:00,0.2588062808258769,2.7799246856211215,40,3.6965772056105695,8,0.09309830664281164,0.07001241051669838,,,,,
SPY,last5,10:00,10:30,0.2042704454506095,2.2108034958909535,40,4.946790015550864,8,0.09239647297024403,0.04129353475859281,,,,,
SPY,last5,10:30,11:00,0.22259694281376669,2.7867556178510022,40,5.89978960901512,8,0.07987673601082453,0.03772964081187394,,,,,
SPY,last5,11:00,11:30,0.2334675639312936,1.7000545340241493,40,2.3028733079598775,8,0.13732945576672728,0.10138098484372256,,,,,
SPY,last5,11:30,12:00,0.20615228767758403,1.6188457280865212,40,4.402595251404509,8,0.12734523376804807,0.046825173768090006,,,,,
SPY,last5,12:00,12:30,0.24546257291790505,4.48706171104201,40,10.050725616843161,8,0.054704523522343625,0.02442237329676527,,,,,
SPY,last5,12:30,13:00,0.22985331178632373,2.4519195396090745,40,7.117454579871282,8,0.09374423102928196,0.03229431381780319,,,,,
SPY,last5,13:00,13:30,0.23754611480290666,2.3211364804731924,40,5.268147164925424,8,0.10234043400777534,0.04509101727158553,,,,,
SPY,last5,13:30,14:00,0.22365349346685914,2.1204564629657754,40,5.6703080084990045,8,0.1054742209392247,0.03944291793878456,,,,,
SPY,last5,14:00,14:30,0.21505713293675122,1.976045740466778,40,8.114516441724419,8,0.10883206220011427,0.026502766305449663,,,,,
SPY,last5,14:30,15:00,0.2455039434897024,2.2894417737405193,40,4.64583717611855,8,0.10723310210619373,0.05284385444063564,,,,,
SPY,last5,15:00,15:30,0.18603653371030238,1.2410336326077847,40,2.5290002217029257,8,0.14990450606836794,0.07356129592785601,,,,,
SPY,last5,15:30,16:00,0.20041005429516912,2.8872269090966016,40,7.9275878691611705,8,0.0694126442448115,0.02528007984304749,,,,,
SPY,last5,09:30,16:00,0.22375785662388256,2.4859885433280193,520,5.841283646849177,104,0.09000759767152247,0.03830628165858353,,,,,
SPY,normal18m,09:30,10:00,0.27575269056114843,4.475239650650799,150,8.977671513129373,30,0.06161741316379512,0.030715390973915076,,,,,
SPY,normal18m,10:00,10:30,0.2522095006891315,3.702486362877143,150,6.285899032523314,30,0.0681189546619001,0.0401230594675792,,,,,
SPY,normal18m,10:30,11:00,0.28018667472660225,3.637692401209699,150,8.076745568368912,30,0.07702319048015917,0.03469054117835553,,,,,
SPY,normal18m,11:00,11:30,0.27943063204034124,2.715047983979217,150,6.886261569997657,30,0.10291922414969747,0.0405779869381924,,,,,
SPY,normal18m,11:30,12:00,0.2673649097384424,3.1951433242936775,150,6.064362584201351,30,0.08367853413822882,0.044087883273168954,,,,,
SPY,normal18m,12:00,12:30,0.2805482968912316,3.5128818330296516,150,7.25239060891963,30,0.07986271962051038,0.03868356132751435,,,,,
SPY,normal18m,12:30,13:00,0.26481485777617925,2.411623815240676,150,5.53615377651776,30,0.10980769724640954,0.04783372508535118,,,,,
SPY,normal18m,13:00,13:30,0.26887416105387846,2.557385248879091,150,5.6458431692838245,30,0.10513635408342437,0.0476233846729372,,,,,
SPY,normal18m,13:30,14:00,0.2639918455585724,2.6174926104860874,150,7.2632770654600565,30,0.10085676822963302,0.03634610702295316,,,,,
SPY,normal18m,14:00,14:30,0.2647473594388531,2.2918986195640167,150,6.336457352845813,30,0.11551442859598014,0.041781605192994856,,,,,
SPY,normal18m,14:30,15:00,0.2634120615267727,2.5837951615341184,150,6.057558263412174,30,0.10194773387932689,0.043484858101619776,,,,,
SPY,normal18m,15:00,15:30,0.22950231010576383,1.939020416780303,150,3.5225185348674994,30,0.11835992448539914,0.06515290347915703,,,,,
SPY,normal18m,15:30,16:00,0.21855025106104398,2.926283805985837,150,6.528375087897717,30,0.0746852545928697,0.03347697522254685,,,,,
SPY,normal18m,09:30,16:00,0.2622628476802115,3.0394697434958395,1950,6.586872797831163,390,0.08628572409428575,0.03981598790955336,,,,,
SPY,since_2026-07-15,09:30,10:00,0.25187872870027056,2.548198035520311,60,3.636634470470147,12,0.09884582170978717,0.06926149183965345,3.5692224029849307,7.781443165964567,52.0,0.07056963681770716,0.032369153552642874
SPY,since_2026-07-15,10:00,10:30,0.205735744301073,2.0390949681763164,60,4.002227559965577,12,0.10089561668874829,0.05140530897319654,3.2881845054964938,7.130595861024955,52.0,0.06256818738643387,0.028852531865618935
SPY,since_2026-07-15,10:30,11:00,0.22455848630467626,2.5342024432961816,60,5.1699064722831505,12,0.08861110796365501,0.04343569608242952,2.8173760774447225,6.185016257565038,52.0,0.07970483177678722,0.03630685465539618
SPY,since_2026-07-15,11:00,11:30,0.25185793020159,1.6724351896057332,60,2.0804688881242694,12,0.1505935367581951,0.12105825356930122,2.6615179504720063,5.946190118760107,52.0,0.0946294313577424,0.04235618524994406
SPY,since_2026-07-15,11:30,12:00,0.21590480240923487,1.5172762514087954,60,4.242971630786942,12,0.14229762194509182,0.05088528069399114,2.3752779032599696,5.470787150275194,52.0,0.09089664923540718,0.03946503427726563
SPY,since_2026-07-15,12:00,12:30,0.24565124115132636,3.751102133898152,60,8.240293426208076,12,0.06548775063505007,0.029810982260660507,2.295887625371932,5.197670126284788,52.0,0.10699619547430203,0.04726179907206115
SPY,since_2026-07-15,12:30,13:00,0.24131731488303299,2.1878264368856524,60,6.028174071001976,12,0.11030002691920371,0.04003157706474828,2.199737669723864,4.672118388953171,52.0,0.10970276965494974,0.05165051370564739
SPY,since_2026-07-15,13:00,13:30,0.24793738427121986,2.0228931461366324,60,4.357191017017358,12,0.12256573449998402,0.0569030330097718,1.923037862833882,4.15114602908658,52.0,0.12893005856153414,0.059727454185892884
SPY,since_2026-07-15,13:30,14:00,0.23526440286616013,1.9484441340914518,60,5.3859746304984775,12,0.1207447515429343,0.043680934093888624,1.6710398438098744,3.806593651824709,52.0,0.1407892239898786,0.06180444365354967
SPY,since_2026-07-15,14:00,14:30,0.2375121847744235,1.684311156212155,60,6.501281414582299,12,0.14101443423824628,0.03653313395136018,1.9706224029926132,3.8885531071094537,52.0,0.1205264815896411,0.061079835669514006
SPY,since_2026-07-15,14:30,15:00,0.24611226440817724,1.9489575976902294,60,3.9394080821558246,12,0.12627892197339366,0.06247442744583428,2.096399381053524,5.34499793901016,52.0,0.11739760402166119,0.046045343181882456
SPY,since_2026-07-15,15:00,15:30,0.2019684782464815,1.1140680841349344,60,2.047676817982351,12,0.1812891699552712,0.09863298567079949,1.980041643036898,4.946877620317224,52.0,0.1020021366503744,0.040827466080216084
SPY,since_2026-07-15,15:30,16:00,0.21264113748142754,2.421833643744553,60,6.5040105391030565,12,0.08780171091877698,0.03269384884956722,2.508279508754329,5.807457516097537,52.0,0.08477569455049697,0.036615186058961816
SPY,since_2026-07-15,09:30,16:00,0.23218167635751735,2.1924555715897283,780,5.029562763396512,156,0.10590028795391492,0.04616339178571516,2.466088614555952,5.489495180709938,52.0,0.09414977020171855,0.04229563351715887
SPY,stress,09:30,10:00,0.2512069812435833,5.254363356915774,40,16.204146656195874,8,0.04780921382472447,0.015502635626142703,,,,,
SPY,stress,10:00,10:30,0.2792230075586013,6.505734362746228,40,14.267497106896393,8,0.04291952176183451,0.019570566965360376,,,,,
SPY,stress,10:30,11:00,0.28636962373528435,4.451859176015891,40,3.5873381747314825,8,0.06432584958618694,0.07982788624513203,,,,,
SPY,stress,11:00,11:30,0.240773664318342,3.6177729924483373,40,11.470631490139246,8,0.06655300507271403,0.020990445427989175,,,,,
SPY,stress,11:30,12:00,0.2565713048660418,3.6517966556429147,40,7.906089902112226,8,0.07025892432142318,0.032452363689602755,,,,,
SPY,stress,12:00,12:30,0.23705310573721397,4.117294614518594,40,8.79129733109517,8,0.057574968014507975,0.026964519206823738,,,,,
SPY,stress,12:30,13:00,0.26550064421085573,8.737158892665052,40,21.96709022424399,8,0.030387526136642272,0.012086290969836133,,,,,
SPY,stress,13:00,13:30,0.24347089369310482,4.298773524291363,40,5.475033143295599,8,0.056637292548050694,0.044469300426289625,,,,,
SPY,stress,13:30,14:00,0.20915994763357948,2.932865682260972,40,4.440372992040158,8,0.07131589724638744,0.047104139226258925,,,,,
SPY,stress,14:00,14:30,0.25429955005861693,3.689704565392769,40,6.487363937366711,8,0.06892138531734905,0.03919921134590143,,,,,
SPY,stress,14:30,15:00,0.24572458044965922,3.1430610866053943,40,7.458706540309923,8,0.07818002058466181,0.03294466394698094,,,,,
SPY,stress,15:00,15:30,0.2537088962078267,3.801297744566582,40,7.523116999681144,8,0.06674270558534062,0.03372390675548177,,,,,
SPY,stress,15:30,16:00,0.2705840232402857,4.702420386673137,40,8.370649680823623,8,0.05754143632226768,0.03232533119384609,,,,,
SPY,stress,09:30,16:00,0.2533632601023532,4.77038656475127,520,10.687478114427135,104,0.053111683228037034,0.023706552414861613,,,,,
SPY,y2022,09:30,10:00,0.38143623159075307,6.758541921346899,50,11.203245042528954,10,0.056437651201952925,0.034046941769350955,,,,,
SPY,y2022,10:00,10:30,0.3671491140334848,5.780911157531965,50,12.585762405746383,10,0.0635105961722185,0.029171781748068962,,,,,
SPY,y2022,10:30,11:00,0.36936933253077325,5.169292390065186,50,15.414827564383302,10,0.07145452504111795,0.023961950335676722,,,,,
SPY,y2022,11:00,11:30,0.338397098232265,5.266374645393354,50,6.41631207985954,10,0.06425617640557921,0.05274012454825497,,,,,
SPY,y2022,11:30,12:00,0.3441110246697275,4.032698106215076,50,6.6094021666704315,10,0.08533022200183885,0.05206386538331616,,,,,
SPY,y2022,12:00,12:30,0.3402738403395891,4.904543179086835,50,12.096761264410505,10,0.06937931381469535,0.02812933419961737,,,,,
SPY,y2022,12:30,13:00,0.3384166346905756,3.856391988469504,50,9.444234137276597,10,0.08775472921384318,0.035833147481471025,,,,,
SPY,y2022,13:00,13:30,0.3403935404096846,3.2945491339021657,50,3.493656335290666,10,0.10332021972503169,0.09743189018657855,,,,,
SPY,y2022,13:30,14:00,0.33267740279664976,3.3919325106162797,50,7.031026719714387,10,0.09807901594604712,0.04731562203623139,,,,,
SPY,y2022,14:00,14:30,0.3817685585869565,5.274811364563152,50,8.301724494956304,10,0.07237577463939769,0.045986657208258265,,,,,
SPY,y2022,14:30,15:00,0.3542286531287804,4.146870702955727,50,8.344791285305108,10,0.0854207132323417,0.042449072842908,,,,,
SPY,y2022,15:00,15:30,0.3342315475949161,5.458920186529221,50,14.059058478847705,10,0.061226677836339706,0.023773394790111865,,,,,
SPY,y2022,15:30,16:00,0.3294811014292395,5.473400776368962,50,13.674761179865001,10,0.06019677982503161,0.02409410278509099,,,,,
SPY,y2022,09:30,16:00,0.35014798256978197,4.91459883538868,650,10.353364461486137,130,0.07124650338669807,0.03381972921674982,,,,,
SPY,y2023,09:30,10:00,0.2577169486337017,3.4201317016543022,50,8.346877268242528,10,0.07535293114854179,0.030875852172193873,,,,,
SPY,y2023,10:00,10:30,0.24837712056763378,2.6586264221564737,50,7.069147015058778,10,0.09342309942371269,0.03513537348120473,,,,,
SPY,y2023,10:30,11:00,0.26060053160545693,2.372637332859056,50,2.925304481915609,10,0.10983580507495017,0.0890849254210984,,,,,
SPY,y2023,11:00,11:30,0.2510492485319618,2.3667341838130826,50,3.265018457875208,10,0.10607412114506769,0.0768906062158492,,,,,
SPY,y2023,11:30,12:00,0.2538028675996938,1.901511967816307,50,4.218065486431251,10,0.13347424149591894,0.06017044268661343,,,,,
SPY,y2023,12:00,12:30,0.25536837504024584,1.6373444599941018,50,2.887132683377114,10,0.15596496722575148,0.08845051580433026,,,,,
SPY,y2023,12:30,13:00,0.2895390583737818,7.510060739047027,50,11.682801891748166,10,0.03855349090166243,0.024783357713040563,,,,,
SPY,y2023,13:00,13:30,0.28685258506704436,5.10098452419078,50,7.697398706386745,10,0.05623474913650138,0.0372661721198143,,,,,
SPY,y2023,13:30,14:00,0.26713240624395973,3.702335566676672,50,6.173452732219139,10,0.07215240256672516,0.043271151142018224,,,,,
SPY,y2023,14:00,14:30,0.2596621464799209,3.300688807867938,50,5.547940040364268,10,0.0786690783635699,0.046803344050357104,,,,,
SPY,y2023,14:30,15:00,0.26597956225595903,3.2550734759860207,50,9.197413597820873,10,0.08171230671694409,0.028918951988739214,,,,,
SPY,y2023,15:00,15:30,0.2593525366848305,4.335390325295113,50,4.554784368079636,10,0.059822188367128444,0.056940683844969225,,,,,
SPY,y2023,15:30,16:00,0.2518736561960936,3.7262055574624218,50,9.465873058340359,10,0.06759521242505519,0.02660860278219855,,,,,
SPY,y2023,09:30,16:00,0.26209876679768424,3.772662208741733,650,6.872078885910997,130,0.0694731604092114,0.03813966212393662,,,,,
SPY,y2024,09:30,10:00,0.30986461225700807,4.299235355868203,50,12.521177547659743,10,0.07207435429978523,0.02474724210862444,,,,,
SPY,y2024,10:00,10:30,0.3167629287561766,5.055926235740915,50,15.702611755340012,10,0.06265180977462519,0.020172626929303945,,,,,
SPY,y2024,10:30,11:00,0.311145360349927,5.521835624379621,50,9.351266367677692,10,0.05634817504819953,0.033273072129074356,,,,,
SPY,y2024,11:00,11:30,0.3126791658210111,3.363289217384619,50,7.266752737626925,10,0.09296826576935256,0.043028733343570665,,,,,
SPY,y2024,11:30,12:00,0.2938939118472565,2.959955309857995,50,5.958130791707345,10,0.09928998281442167,0.049326529094712794,,,,,
SPY,y2024,12:00,12:30,0.2849471094126804,2.65571469374398,50,4.211430160180858,10,0.10729582890960586,0.06766041429509151,,,,,
SPY,y2024,12:30,13:00,0.2807990041763318,3.508854365461727,50,8.84207966867139,10,0.08002583605073096,0.03175712215885571,,,,,
SPY,y2024,13:00,13:30,0.296494406090069,3.1564976422551285,50,10.671199955080409,10,0.09393145178408607,0.02778454225749112,,,,,
SPY,y2024,13:30,14:00,0.2907799403595845,2.2573999412087518,50,4.8413949159258225,10,0.12881188443899882,0.06006119009276864,,,,,
SPY,y2024,14:00,14:30,0.29156845994145797,2.9732883577030615,50,8.504543334287685,10,0.09806262456383537,0.034283846701791056,,,,,
SPY,y2024,14:30,15:00,0.30328555685018516,4.78932288221496,50,7.681882662089957,10,0.06332535189398673,0.03948062866761783,,,,,
SPY,y2024,15:00,15:30,0.2920298113916228,2.1836686491644555,50,3.588426510611005,10,0.1337335733163377,0.08138102049131796,,,,,
SPY,y2024,15:30,16:00,0.2635559930240282,2.280447008770977,50,5.9724832940621475,10,0.11557207512840606,0.044128376765165005,,,,,
SPY,y2024,09:30,16:00,0.2959839598505965,3.616951271432915,650,8.600033102964819,130,0.08183244330337289,0.03441660704172842,,,,,
SPY,y2025,09:30,10:00,0.3051683391828138,6.753549364267986,30,10.163881442253716,6,0.045186363898872726,0.03002478343698059,,,,,
SPY,y2025,10:00,10:30,0.29518008589498773,5.411118113089537,30,11.080983119110371,6,0.05455066397108294,0.02663843836977942,,,,,
SPY,y2025,10:30,11:00,0.36640756496713306,4.9838047091569875,30,5.869652550072164,6,0.073519647407916,0.062424063748480016,,,,,
SPY,y2025,11:00,11:30,0.34560545299604284,2.215164313184617,30,4.928350509061396,6,0.1560179761559924,0.07012598888017471,,,,,
SPY,y2025,11:30,12:00,0.34650695420866967,5.283330101448932,30,7.314448561154235,6,0.06558495258769494,0.04737294292407877,,,,,
SPY,y2025,12:00,12:30,0.3459614326578357,3.531001517499252,30,6.8140212808549245,6,0.09797827357005914,0.050771991808987935,,,,,
SPY,y2025,12:30,13:00,0.3390167840541055,2.68517943644066,30,5.575245548397642,6,0.1262547967757005,0.0608075072409216,,,,,
SPY,y2025,13:00,13:30,0.3462076043148215,3.612329686776695,30,6.70292320452087,6,0.09584053348789014,0.05165024180514518,,,,,
SPY,y2025,13:30,14:00,0.35797317685890573,3.1276214288631548,30,11.490733749079848,6,0.1144554048502679,0.031153204371093483,,,,,
SPY,y2025,14:00,14:30,0.3358613811603414,2.9546656338913966,30,5.367550382528163,6,0.11367153606413338,0.06257256238406239,,,,,
SPY,y2025,14:30,15:00,0.32234543952919803,2.523001873307959,30,6.680526511056992,6,0.12776266357129745,0.04825150218260216,,,,,
SPY,y2025,15:00,15:30,0.2753443919580078,2.524203993568245,30,4.996546729847098,6,0.10908167194869924,0.05510693822059656,,,,,
SPY,y2025,15:30,16:00,0.24625413114740743,2.749257592525219,30,5.820496090679725,6,0.08957113797445974,0.04230810008475575,,,,,
SPY,y2025,09:30,16:00,0.32521564575490647,3.930281198305001,390,7.277362394521356,78,0.08274615208071145,0.04468866989498005,,,,,
SPY,y2026,09:30,10:00,0.2684049440675414,3.6858257062057036,120,8.332545655578995,24,0.07282084543922866,0.03221163797498461,,,,,
SPY,y2026,10:00,10:30,0.24147576447330435,3.1563190292795227,120,4.626894172812427,24,0.07650549967644583,0.05218960180507542,,,,,
SPY,y2026,10:30,11:00,0.25864999524358484,3.2427637733818004,120,8.646093815588086,24,0.07976220696885514,0.029915242739705583,,,,,
SPY,y2026,11:00,11:30,0.2628972796213964,2.8138099991763776,120,7.176150082971113,24,0.09343107022092761,0.036634863622103914,,,,,
SPY,y2026,11:30,12:00,0.24758916884716714,2.441756298397917,120,5.854443367039811,24,0.10139798513455874,0.042290812862086996,,,,,
SPY,y2026,12:00,12:30,0.26421754230245376,3.5105572629513455,120,7.343303119602854,24,0.07526370388282018,0.03598074844508711,,,,,
SPY,y2026,12:30,13:00,0.24627503175059148,2.350152612943853,120,5.64272662706239,24,0.10479108054268099,0.04364468598734909,,,,,
SPY,y2026,13:00,13:30,0.24957861248749247,2.237464836202541,120,5.509256443778851,24,0.11154526696879001,0.045301687266585865,,,,,
SPY,y2026,13:30,14:00,0.24051443755015522,2.43380533354753,120,5.5495466377772145,24,0.09882238083502753,0.0433394749605149,,,,,
SPY,y2026,14:00,14:30,0.24697259142837497,2.0857880731663645,120,6.4652693857163035,24,0.11840732747764456,0.038199891867461956,,,,,
SPY,y2026,14:30,15:00,0.24868812843999427,2.6038098620282035,120,5.986798933527384,24,0.095509327338626,0.04153941550421651,,,,,
SPY,y2026,15:00,15:30,0.21804147392358647,1.7619163090256906,120,2.9849476293284694,24,0.12375245793834536,0.07304700148881331,,,,,
SPY,y2026,15:30,16:00,0.2116260378125029,2.979316457174276,120,6.802901208879731,24,0.07103174196312767,0.031108203884582422,,,,,
SPY,y2026,09:30,16:00,0.24653602116464704,2.773787225441437,1560,6.412946479187781,312,0.0888806534630326,0.038443486463631237,,,,,
