ticker,minute,share_of_minutebar_day_volume,share_of_rth_volume
SOXL,240,0.002148433053366188,
SOXL,241,0.0052437629446254064,
SOXL,242,0.0035115610742580683,
SOXL,243,0.001963973955403428,
SOXL,244,0.0012590283650247222,
SOXL,245,0.0009774770586544797,
SOXL,246,0.0007564783982570811,
SOXL,247,0.0005435236272901132,
SOXL,248,0.00044205572166364844,
SOXL,249,0.00035783067849469083,
SOXL,250,0.0003009697702475584,
SOXL,251,0.0002878560417696287,
SOXL,252,0.0002691513098531375,
SOXL,253,0.00024191229126452397,
SOXL,254,0.0002455380477001695,
SOXL,255,0.0002616479830598968,
SOXL,256,0.00024643867640880616,
SOXL,257,0.000246432191202478,
SOXL,258,0.00022158638225962927,
SOXL,259,0.00022308895696210483,
SOXL,260,0.0002245400335000718,
SOXL,261,0.00023328294546642926,
SOXL,262,0.0002059953910623004,
SOXL,263,0.00021554519885641656,
SOXL,264,0.0002306742759620231,
SOXL,265,0.00021745355410081422,
SOXL,266,0.00022655067275651454,
SOXL,267,0.00021784235810890773,
SOXL,268,0.00020936585961189768,
SOXL,269,0.00020615399776791776,
SOXL,270,0.00023904459003847508,
SOXL,271,0.00020250151476664416,
SOXL,272,0.0001929615204427182,
SOXL,273,0.00020563907417116986,
SOXL,274,0.00019559092678887003,
SOXL,275,0.0001984666242943442,
SOXL,276,0.00019948624226633803,
SOXL,277,0.00017763842309228927,
SOXL,278,0.00018213645665577646,
SOXL,279,0.00017639842464824916,
SOXL,280,0.00018880575560560215,
SOXL,281,0.00017063640242938587,
SOXL,282,0.00016746927637690604,
SOXL,283,0.0001580129379652069,
SOXL,284,0.00017469726402584654,
SOXL,285,0.0001699949896538918,
SOXL,286,0.0001742266559249733,
SOXL,287,0.00016612250361134763,
SOXL,288,0.0001722778218255981,
SOXL,289,0.00015573685899946123,
SOXL,290,0.00016444392906487748,
SOXL,291,0.0001709329473968577,
SOXL,292,0.00015621464772657697,
SOXL,293,0.00016185172553843336,
SOXL,294,0.00015517355262526365,
SOXL,295,0.00015376570118168025,
SOXL,296,0.00015426224790623022,
SOXL,297,0.00014512952735241266,
SOXL,298,0.00015129430824426454,
SOXL,299,0.00015145445266983326,
SOXL,300,0.00018000041772230462,
SOXL,301,0.0001724693453265707,
SOXL,302,0.00016582617160835065,
SOXL,303,0.000158836246900856,
SOXL,304,0.00015805008732780004,
SOXL,305,0.00017359768230309003,
SOXL,306,0.00015807633744172275,
SOXL,307,0.00016638955168143434,
SOXL,308,0.00015303302752119483,
SOXL,309,0.00014650663478859324,
SOXL,310,0.00016196337765906864,
SOXL,311,0.00016069176290464245,
SOXL,312,0.000151645812278452,
SOXL,313,0.00014880003740604838,
SOXL,314,0.000146127371043776,
SOXL,315,0.000159918752491069,
SOXL,316,0.00014412483164048947,
SOXL,317,0.00014003062278470236,
SOXL,318,0.00014193557484032832,
SOXL,319,0.0001418534879323106,
SOXL,320,0.00014214368704494566,
SOXL,321,0.0001354834124119732,
SOXL,322,0.00013128921130891382,
SOXL,323,0.00013566099263722286,
SOXL,324,0.00012559930694739822,
SOXL,325,0.00013823262410385035,
SOXL,326,0.00013566277890942602,
SOXL,327,0.00012592967924833327,
SOXL,328,0.0001286858735269001,
SOXL,329,0.00013498090496836943,
SOXL,330,0.0001612408559611287,
SOXL,331,0.00015703568391941785,
SOXL,332,0.00014361172355039484,
SOXL,333,0.00014872211274311194,
SOXL,334,0.00013685949089634782,
SOXL,335,0.00014698877354095026,
SOXL,336,0.00013714685771690127,
SOXL,337,0.00013569742406629808,
SOXL,338,0.00013511866211588124,
SOXL,339,0.00013836755942316857,
SOXL,340,0.00014165650086454544,
SOXL,341,0.0001473897712355868,
SOXL,342,0.00013055559180237617,
SOXL,343,0.00013257094474712646,
SOXL,344,0.00011832405839558364,
SOXL,345,0.00012777570983527056,
SOXL,346,0.00014319494920805195,
SOXL,347,0.00013508334098737195,
SOXL,348,0.0001350662137124114,
SOXL,349,0.00013415514563924874,
SOXL,350,0.00013771473944253025,
SOXL,351,0.00013987843178064947,
SOXL,352,0.00014015738470714209,
SOXL,353,0.00012785011279255244,
SOXL,354,0.0001347313539517076,
SOXL,355,0.00013893493744969576,
SOXL,356,0.00013028979642875735,
SOXL,357,0.00012645511116620735,
SOXL,358,0.0001171061507501071,
SOXL,359,0.00011789645618468036,
SOXL,360,0.00016910397225868492,
SOXL,361,0.00015826592213034533,
SOXL,362,0.00014742218622349035,
SOXL,363,0.00014094550604365824,
SOXL,364,0.00014100281752069729,
SOXL,365,0.0001441035922675079,
SOXL,366,0.000135515214021897,
SOXL,367,0.00014672746641456193,
SOXL,368,0.00014721406792546178,
SOXL,369,0.00015901530760322366,
SOXL,370,0.000151001080181387,
SOXL,371,0.00015755886599946926,
SOXL,372,0.00014005102983872332,
SOXL,373,0.0001295231001064194,
SOXL,374,0.00012363513131997224,
SOXL,375,0.00012100897224293104,
SOXL,376,0.0001262580991800086,
SOXL,377,0.00013398704913536094,
SOXL,378,0.00012943083989420373,
SOXL,379,0.00012791016532856677,
SOXL,380,0.0001479252581559762,
SOXL,381,0.00013745219381333104,
SOXL,382,0.00013451766525056583,
SOXL,383,0.00012855443381461202,
SOXL,384,0.00012217881350092105,
SOXL,385,0.00012852423904167855,
SOXL,386,0.0001383987856804659,
SOXL,387,0.00012218815698274233,
SOXL,388,0.0001321726660745434,
SOXL,389,0.00012372750919666217,
SOXL,390,0.00015129721036829356,
SOXL,391,0.0001380614764587723,
SOXL,392,0.00014062077323190406,
SOXL,393,0.0001388275503222086,
SOXL,394,0.00014043198948107943,
SOXL,395,0.00013914653777156468,
SOXL,396,0.00014275760494234546,
SOXL,397,0.00013866961039254048,
SOXL,398,0.00012995125181688777,
SOXL,399,0.00013309168634498866,
SOXL,400,0.000131472539102895,
SOXL,401,0.00013334316788841556,
SOXL,402,0.0001268297960430922,
SOXL,403,0.00012255700030820813,
SOXL,404,0.00011354682811548518,
SOXL,405,0.00013054959681465104,
SOXL,406,0.00014517097606537,
SOXL,407,0.0001219557558943865,
SOXL,408,0.0001225620874416376,
SOXL,409,0.0001261584210249975,
SOXL,410,0.00015653600197385956,
SOXL,411,0.00013398471232413544,
SOXL,412,0.0001352048071202413,
SOXL,413,0.00012489815709758805,
SOXL,414,0.00012946807578838066,
SOXL,415,0.00014008946415754834,
SOXL,416,0.00013009007154575334,
SOXL,417,0.00013348686610218584,
SOXL,418,0.00013173181158002576,
SOXL,419,0.00014557999600005295,
SOXL,420,0.0007918510939973773,
SOXL,421,0.00041310679869551933,
SOXL,422,0.00037990437079075474,
SOXL,423,0.0003417728614680119,
SOXL,424,0.0002960055129006702,
SOXL,425,0.0003617268195694277,
SOXL,426,0.0003214700667541555,
SOXL,427,0.00029681644049045426,
SOXL,428,0.0002837179582920436,
SOXL,429,0.00029221418950767274,
SOXL,430,0.00026570396112156146,
SOXL,431,0.0002546921379525785,
SOXL,432,0.0002811930709355092,
SOXL,433,0.00027554297293053777,
SOXL,434,0.00026393216250135594,
SOXL,435,0.0002606137242586406,
SOXL,436,0.0002539230483039608,
SOXL,437,0.00024326078267804515,
SOXL,438,0.000237688183329839,
SOXL,439,0.00023759643159527674,
SOXL,440,0.000251857280302929,
SOXL,441,0.00024653834658447616,
SOXL,442,0.00023106527303928142,
SOXL,443,0.0002453093570929625,
SOXL,444,0.0002247597135984097,
SOXL,445,0.00025081027143938726,
SOXL,446,0.00023904673171135107,
SOXL,447,0.0002434421785527255,
SOXL,448,0.0002268433545858531,
SOXL,449,0.00023679690240405009,
SOXL,450,0.0002909894553747456,
SOXL,451,0.0002909153803303415,
SOXL,452,0.0002761534129564862,
SOXL,453,0.00023529037389332988,
SOXL,454,0.00024699721512872727,
SOXL,455,0.0002571859210190116,
SOXL,456,0.00023832854389386893,
SOXL,457,0.0002437504903369036,
SOXL,458,0.00024385210224493663,
SOXL,459,0.00021968267875514501,
SOXL,460,0.0002457386768854684,
SOXL,461,0.00022971834152396963,
SOXL,462,0.00021986884050673394,
SOXL,463,0.00024257642084095748,
SOXL,464,0.00021915149809274777,
SOXL,465,0.0002434480687975256,
SOXL,466,0.00025171210018104523,
SOXL,467,0.00023368278785194205,
SOXL,468,0.0002456015212570338,
SOXL,469,0.00023935486974636458,
SOXL,470,0.0002594192109577716,
SOXL,471,0.0002509745367468731,
SOXL,472,0.0002316081292582316,
SOXL,473,0.00021528352452995173,
SOXL,474,0.00023291625038556848,
SOXL,475,0.0002339410261531717,
SOXL,476,0.00022910996443075292,
SOXL,477,0.0002248243568158487,
SOXL,478,0.00024528485579927787,
SOXL,479,0.00023934713811259384,
SOXL,480,0.004259479581733203,
SOXL,481,0.0021747067997467074,
SOXL,482,0.0021744390582698744,
SOXL,483,0.0008724567469432387,
SOXL,484,0.0005521633833400455,
SOXL,485,0.000636987733469361,
SOXL,486,0.0004952004930883936,
SOXL,487,0.0005421597488801934,
SOXL,488,0.0003739707989489355,
SOXL,489,0.0003554597751901032,
SOXL,490,0.0003827027425307573,
SOXL,491,0.00039487916391509113,
SOXL,492,0.0003551525881262061,
SOXL,493,0.00036422570268123186,
SOXL,494,0.0003597940734875135,
SOXL,495,0.0003750356468826277,
SOXL,496,0.0003536723209657989,
SOXL,497,0.000350703026542364,
SOXL,498,0.000335497870277478,
SOXL,499,0.00033706592646646046,
SOXL,500,0.0003632017347460651,
SOXL,501,0.0003777842699088152,
SOXL,502,0.00035571845749465174,
SOXL,503,0.00036055981329030304,
SOXL,504,0.00033922294888263227,
SOXL,505,0.0003633736697592639,
SOXL,506,0.00033503086481029244,
SOXL,507,0.00030593566449561626,
SOXL,508,0.0002893243224915351,
SOXL,509,0.00032605537209238214,
SOXL,510,0.0008745192692841296,
SOXL,511,0.0006336788425757851,
SOXL,512,0.0005758980079922612,
SOXL,513,0.0005229244626150107,
SOXL,514,0.0005175310992734228,
SOXL,515,0.0005050440447065291,
SOXL,516,0.0004886487464350788,
SOXL,517,0.0004905366847877555,
SOXL,518,0.0004670681689229829,
SOXL,519,0.00047626602436890044,
SOXL,520,0.0004890252544293887,
SOXL,521,0.0004445969432937323,
SOXL,522,0.0004273704037756913,
SOXL,523,0.00042461666641439134,
SOXL,524,0.0004506360741673315,
SOXL,525,0.00044924654228612284,
SOXL,526,0.0004400887763949821,
SOXL,527,0.00041343743556646387,
SOXL,528,0.00042583033812395243,
SOXL,529,0.0003846849159065239,
SOXL,530,0.0004174278755895488,
SOXL,531,0.0004117862747854084,
SOXL,532,0.0004271049475328584,
SOXL,533,0.00038747834719271286,
SOXL,534,0.00039703041802558283,
SOXL,535,0.0003955004577503471,
SOXL,536,0.00039193321197912177,
SOXL,537,0.00035331735846161024,
SOXL,538,0.0003702291061888083,
SOXL,539,0.00038209241217173836,
SOXL,540,0.0006671802086587778,
SOXL,541,0.0005073548556631737,
SOXL,542,0.00042972670177549363,
SOXL,543,0.000450015088406196,
SOXL,544,0.000407332170224797,
SOXL,545,0.0004187973607412018,
SOXL,546,0.00043135727110734046,
SOXL,547,0.00039070918022615235,
SOXL,548,0.00042254605828207626,
SOXL,549,0.0004141935293548933,
SOXL,550,0.00041707647392740996,
SOXL,551,0.0004106595026959804,
SOXL,552,0.0004108965997793331,
SOXL,553,0.0003627223468178717,
SOXL,554,0.000383729519943007,
SOXL,555,0.00037156588384722265,
SOXL,556,0.0003658729536083412,
SOXL,557,0.00038065570180504293,
SOXL,558,0.00037473015034480815,
SOXL,559,0.00037747587969938815,
SOXL,560,0.00041566242781397117,
SOXL,561,0.00040916384567621887,
SOXL,562,0.00038508016425163166,
SOXL,563,0.00039499489661071234,
SOXL,564,0.0003769332183973224,
SOXL,565,0.0005526661555039387,
SOXL,566,0.0004360246865449709,
SOXL,567,0.0006527278754895969,
SOXL,568,0.0007754653315399621,
SOXL,569,0.00076606852133205,
SOXL,570,0.015742794947165812,0.018408622523331288
SOXL,571,0.00859917950453169,0.010049988766204367
SOXL,572,0.007531759780924319,0.008797189117834727
SOXL,573,0.0069583052056570015,0.008142823775561745
SOXL,574,0.006261310050068253,0.007335845169781974
SOXL,575,0.007100110673286969,0.008322678069749083
SOXL,576,0.007005912311431731,0.00821274307051742
SOXL,577,0.006104502560301034,0.007130851519639389
SOXL,578,0.0059665312447025505,0.006974162577337345
SOXL,579,0.005645595540962375,0.006595732334410219
SOXL,580,0.006262060349085458,0.007315701573451692
SOXL,581,0.0057976615357899055,0.006758558766889705
SOXL,582,0.0055655045595920105,0.006505811372166672
SOXL,583,0.005254013767763032,0.006133471215758534
SOXL,584,0.004889347106596531,0.005723667464249826
SOXL,585,0.006105384048197641,0.0071258179310055856
SOXL,586,0.005482026463457477,0.006418188888645008
SOXL,587,0.0050819627180017524,0.005946082348289547
SOXL,588,0.004934274891497728,0.0057782028677583015
SOXL,589,0.0048324023801171135,0.005661343629374025
SOXL,590,0.005315016036372518,0.006211461931673532
SOXL,591,0.004987869903620848,0.005836494585969112
SOXL,592,0.004590651437432446,0.0053701057647455195
SOXL,593,0.00441544272076485,0.005157721794906544
SOXL,594,0.004270199895773528,0.004994352733994161
SOXL,595,0.004497021213049361,0.0052528389540578415
SOXL,596,0.004252384931590611,0.004966730350142931
SOXL,597,0.003940181762014649,0.004602988046950772
SOXL,598,0.0037625255452850884,0.004393302917021953
SOXL,599,0.003951225232546109,0.0046174022596996355
SOXL,600,0.005303759051969732,0.006161677727555599
SOXL,601,0.0043529743977433685,0.005065245639803102
SOXL,602,0.004281873833925032,0.004989849793350514
SOXL,603,0.0039224693126594795,0.004567614854145621
SOXL,604,0.003725637111309621,0.004334626160158248
SOXL,605,0.0040406232985780955,0.004707219727881108
SOXL,606,0.0039296607043658675,0.004580856827394685
SOXL,607,0.00369326816794807,0.0043111172069711864
SOXL,608,0.003815767267726003,0.004450715716898428
SOXL,609,0.0034510144880963677,0.004024355742593416
SOXL,610,0.0038170878568340636,0.004464412466027663
SOXL,611,0.0038014020833993757,0.004438094445254915
SOXL,612,0.003605137442226272,0.00420750739052531
SOXL,613,0.0033509349064808187,0.003917824076789174
SOXL,614,0.0032186157892758744,0.0037565603648406156
SOXL,615,0.0036345810791149785,0.004249585859580458
SOXL,616,0.003605080748752474,0.00420269986623304
SOXL,617,0.0032073268226900744,0.003746039732337131
SOXL,618,0.003191612476307481,0.00372529693861425
SOXL,619,0.0031003284112440703,0.003620781596017361
SOXL,620,0.003450206170980579,0.004040444400080184
SOXL,621,0.0033799096098509275,0.003960169371968859
SOXL,622,0.003345882563064591,0.003922287602489041
SOXL,623,0.003210895037238652,0.0037626137628975933
SOXL,624,0.0031138552633758173,0.0036472765038736967
SOXL,625,0.003190532225998428,0.0037281069358388002
SOXL,626,0.003146163126570842,0.0036681201005129005
SOXL,627,0.003011996005570839,0.0035154524043166584
SOXL,628,0.0030399914792334473,0.0035419423872165147
SOXL,629,0.002910961275457552,0.0033863423741930737
SOXL,630,0.003342045947184191,0.0038997126373880777
SOXL,631,0.00314905685847275,0.0036629102979467225
SOXL,632,0.003019790961642914,0.0035174858062112704
SOXL,633,0.0029633666092324304,0.0034499436341006067
SOXL,634,0.0028910270524104423,0.003362332506373405
SOXL,635,0.003136230358607949,0.0036486719038417294
SOXL,636,0.003150738795700372,0.0036584600804433006
SOXL,637,0.0028783457971700405,0.0033456602337871575
SOXL,638,0.0028494681440308345,0.0033114457034838524
SOXL,639,0.0027359139302391574,0.0031855858691820812
SOXL,640,0.0028545205484752784,0.0033179153359580212
SOXL,641,0.0027651403163577275,0.0032083005182042446
SOXL,642,0.002617896676605305,0.0030418222730663473
SOXL,643,0.0025707343248842474,0.0029872697578642994
SOXL,644,0.002502706366574967,0.002910534185184422
SOXL,645,0.002704684567443156,0.003141777588852705
SOXL,646,0.0027824627552364145,0.003233184934589382
SOXL,647,0.002578612891242191,0.003008929335608966
SOXL,648,0.0024025511907837882,0.0027985456248471037
SOXL,649,0.0023915864619394166,0.0027840795846138877
SOXL,650,0.0025663848454657657,0.00298022547751645
SOXL,651,0.0027340893625538657,0.003181989649119861
SOXL,652,0.002585548271904181,0.0030079716727688965
SOXL,653,0.0024038589007943003,0.002801290205138054
SOXL,654,0.002408790167786109,0.002805702742774998
SOXL,655,0.0025857260758046885,0.0030122007960687
SOXL,656,0.0024409864681666435,0.0028381116564216696
SOXL,657,0.002439317334439108,0.00283909557210147
SOXL,658,0.002580783074697971,0.0030005482478535953
SOXL,659,0.0023241361425347653,0.0027000170046241685
SOXL,660,0.002884601714128433,0.0033513985597720267
SOXL,661,0.0025158984157566387,0.002926180342372836
SOXL,662,0.0023536927320039563,0.0027371632958442206
SOXL,663,0.002259443503745889,0.0026235972003097923
SOXL,664,0.0023407258188509286,0.0027165352322078163
SOXL,665,0.0023268485088562027,0.0027049837851855336
SOXL,666,0.00247692435816231,0.0028882440999643978
SOXL,667,0.0022766493369975388,0.002654789182601253
SOXL,668,0.002129705885766829,0.002483285495351805
SOXL,669,0.00208526819907722,0.002428138645582177
SOXL,670,0.0022829338000747122,0.002658437619269331
SOXL,671,0.0022224408204242737,0.0025902707166321347
SOXL,672,0.0022278361746369897,0.0025942396085654393
SOXL,673,0.0021425125165063052,0.0024949402734536414
SOXL,674,0.0020779828085035926,0.002423163935468496
SOXL,675,0.002328779592489453,0.0027085491115507896
SOXL,676,0.0021478689866871337,0.0024984781138203483
SOXL,677,0.0020011713069804835,0.0023287477532472427
SOXL,678,0.0019496869139583217,0.002258803541935063
SOXL,679,0.0018555261434020152,0.002158478490397732
SOXL,680,0.0020395850350513685,0.00236191163039563
SOXL,681,0.0019336748816720622,0.002244127182363737
SOXL,682,0.002014973450309586,0.002332384563651567
SOXL,683,0.0020770894496454323,0.0024051834898064874
SOXL,684,0.0019825731159731435,0.0023058443014696258
SOXL,685,0.002003427622111754,0.002331071742430569
SOXL,686,0.0019847677833842252,0.002307856907725705
SOXL,687,0.0017688320015759567,0.002055702432970566
SOXL,688,0.0018307656564898144,0.002130200723784723
SOXL,689,0.0017516330635422162,0.0020345477213966467
SOXL,690,0.002122266843681655,0.002461984397451475
SOXL,691,0.001999747676759546,0.00231942960039738
SOXL,692,0.0018242826432375294,0.002114321100199058
SOXL,693,0.0017254923696473057,0.002000104265240041
SOXL,694,0.0017656891125034813,0.0020540568491071273
SOXL,695,0.001862304592028714,0.002159494359131693
SOXL,696,0.0017964874878112832,0.0020833843069648483
SOXL,697,0.001821443060660418,0.002117221159746441
SOXL,698,0.0017698717788085638,0.0020542648533704356
SOXL,699,0.0016931109268605257,0.001963451106907841
SOXL,700,0.0018557289531973163,0.002151641303984672
SOXL,701,0.0016482289018097983,0.001912765559948468
SOXL,702,0.0016030736487911382,0.0018572819161928836
SOXL,703,0.0016746345159823887,0.001939700903524115
SOXL,704,0.0016023728494524762,0.0018564537539844637
SOXL,705,0.0017917943338516386,0.002076245868386454
SOXL,706,0.0017147940605422311,0.001984887738716041
SOXL,707,0.0017385756462426334,0.0020089858197447413
SOXL,708,0.001618001572164301,0.001874210370477914
SOXL,709,0.001557885764147362,0.0018095274516572695
SOXL,710,0.0017885341923609224,0.0020714509039249256
SOXL,711,0.0016764593846022335,0.0019475587469201506
SOXL,712,0.0016637328084413328,0.0019377288065205614
SOXL,713,0.0015591763898531216,0.0018132916338045495
SOXL,714,0.001519405308211801,0.0017705247806590076
SOXL,715,0.0016425040431219682,0.0019115471335861055
SOXL,716,0.0015975840311929783,0.0018527043858927164
SOXL,717,0.0015853889364062642,0.0018368761309884326
SOXL,718,0.001534314777613067,0.0017818895371277345
SOXL,719,0.0014542682749389363,0.0016874265656498337
SOXL,720,0.0018756200813152641,0.00217154561031819
SOXL,721,0.0017256738787233045,0.0020029305811894663
SOXL,722,0.001590210581370823,0.0018478772463680646
SOXL,723,0.00158799101770224,0.0018511569007866747
SOXL,724,0.001477449688301407,0.001718520917282111
SOXL,725,0.0015647785189442113,0.0018149306404235963
SOXL,726,0.0015841625444034987,0.0018364089403687018
SOXL,727,0.0014511522590375469,0.001686249174127116
SOXL,728,0.0015193125378846085,0.0017657712989430964
SOXL,729,0.0013863417741133686,0.0016129259412555792
SOXL,730,0.0015205964647547437,0.0017675096635203322
SOXL,731,0.0014843334777706687,0.001728737383076278
SOXL,732,0.0014096580338025897,0.0016384193476583608
SOXL,733,0.0013392035997382584,0.0015564303520144008
SOXL,734,0.0013083816150756,0.0015175879412633903
SOXL,735,0.001535493755120055,0.0017818279356867019
SOXL,736,0.0015206380262603172,0.0017655283781544385
SOXL,737,0.0014747073237558691,0.0017123910045928334
SOXL,738,0.0014503631180035937,0.0016804293021245795
SOXL,739,0.0014072869135730592,0.0016334940217072908
SOXL,740,0.0015507390605553001,0.0018002805357728066
SOXL,741,0.0015156621177629434,0.0017606919978925826
SOXL,742,0.0014379362698883362,0.001672685432635365
SOXL,743,0.001414266679634753,0.0016500413920730382
SOXL,744,0.0013962566942776044,0.0016229213166293562
SOXL,745,0.0015189786219154983,0.001765267429731029
SOXL,746,0.0014311230865270248,0.0016571068256944286
SOXL,747,0.0013315526635019415,0.0015465928564711504
SOXL,748,0.0012393008347476107,0.0014419806933016607
SOXL,749,0.0012336471053271737,0.0014375985634552829
SOXL,750,0.0017448669270511742,0.002024390976819019
SOXL,751,0.0014885878508606606,0.0017279679083893815
SOXL,752,0.001440411446270282,0.001669715658476913
SOXL,753,0.0014115375814643817,0.0016303127519575191
SOXL,754,0.0012789546645853881,0.001486187449350893
SOXL,755,0.0014699989997385642,0.0017104202011467148
SOXL,756,0.0012805701762680232,0.0014883318240759573
SOXL,757,0.0012835218241255052,0.001491028204121176
SOXL,758,0.001265887656657932,0.0014649204126662597
SOXL,759,0.0012723196041994514,0.0014766312599465477
SOXL,760,0.0013854387423271036,0.0016098615558060734
SOXL,761,0.0015158230139260553,0.0017586979377017225
SOXL,762,0.0013631921562973666,0.0015829816024548072
SOXL,763,0.0013145817048922901,0.0015227846093558094
SOXL,764,0.0013177300504297498,0.0015333722038786692
SOXL,765,0.00149940079093632,0.0017388769836204664
SOXL,766,0.0014554040367865289,0.0016863880966706591
SOXL,767,0.0012767361440962734,0.0014860796555730901
SOXL,768,0.001306830207412134,0.0015170296361830056
SOXL,769,0.0011846088629501282,0.0013681585218626078
SOXL,770,0.0013809135785257812,0.001599683250872594
SOXL,771,0.0013619031513144465,0.001576092031218158
SOXL,772,0.0013425138552648893,0.001551822654284021
SOXL,773,0.0012180093251088933,0.0014116030330942582
SOXL,774,0.001167937283302989,0.00135060668672998
SOXL,775,0.0012820167576179848,0.0014860860715353729
SOXL,776,0.0012927311575500666,0.0014945542348478635
SOXL,777,0.0011885491783626546,0.0013774124023448516
SOXL,778,0.0011643474112513388,0.0013431837225809668
SOXL,779,0.0011196187310501266,0.00129255135042037
SOXL,780,0.001485044755864315,0.0017290100357573092
SOXL,781,0.0012522170374952711,0.0014502511896067071
SOXL,782,0.0014315801254187112,0.0016573989783490216
SOXL,783,0.0013348471376473238,0.001544793581885656
SOXL,784,0.0011870518880929529,0.0013771827535540497
SOXL,785,0.0013157469081816972,0.0015255099620711564
SOXL,786,0.0013335414228602036,0.0015459784448343837
SOXL,787,0.001300234039557433,0.0015067399010974443
SOXL,788,0.001236856139204133,0.001436642292794165
SOXL,789,0.0012056354766493069,0.0013961939728279864
SOXL,790,0.0013381150408462194,0.0015508439470696353
SOXL,791,0.0011743994883112027,0.0013595792229790186
SOXL,792,0.0012303104565177616,0.0014197171283070432
SOXL,793,0.0011923556816512528,0.0013763955592383786
SOXL,794,0.0011019951058400587,0.0012748072960849502
SOXL,795,0.0012195063899092453,0.00140861873997302
SOXL,796,0.0011591269088606494,0.0013461672211093807
SOXL,797,0.0012213611460508882,0.0014145857624533098
SOXL,798,0.001192284585701411,0.0013800635481634707
SOXL,799,0.0012088474428187653,0.0013982639315713297
SOXL,800,0.001380054317580581,0.00159901239966566
SOXL,801,0.0013152113266250084,0.0015268377378939767
SOXL,802,0.001322054475951865,0.001529058165727878
SOXL,803,0.001136203023825132,0.0013165676196903577
SOXL,804,0.0011410781009914975,0.0013224134541042591
SOXL,805,0.0013238664961402315,0.0015334146080177374
SOXL,806,0.0011762364796176926,0.0013624321848137299
SOXL,807,0.0011090986003427599,0.001280650162474177
SOXL,808,0.0011323453271778346,0.0013093281310932667
SOXL,809,0.001065963368204743,0.0012301819305957386
SOXL,810,0.0013387001814397445,0.0015486943070603298
SOXL,811,0.0011263084146610253,0.0013064063433962324
SOXL,812,0.0011082911524569429,0.0012828047856471498
SOXL,813,0.0011448495132023505,0.001328839042005553
SOXL,814,0.001114495662855497,0.0012917655124432565
SOXL,815,0.0011889029116195426,0.0013816881215791596
SOXL,816,0.0011867294185188013,0.0013791874156610922
SOXL,817,0.0011583028162389134,0.00134131499529533
SOXL,818,0.0011216948039459178,0.001305482668628737
SOXL,819,0.0010955899253324542,0.0012655891451576042
SOXL,820,0.0013661573405046405,0.0015744919108718568
SOXL,821,0.001124984638824072,0.001303013619893385
SOXL,822,0.0011222695179733356,0.0012956031885537544
SOXL,823,0.001129069021183674,0.0013101223586892135
SOXL,824,0.0009717820247206504,0.001123280881731568
SOXL,825,0.0011992421045628713,0.001390547711724716
SOXL,826,0.0011946218884364842,0.0013833759531228776
SOXL,827,0.0011397788583003283,0.0013197738080889298
SOXL,828,0.00114234461300317,0.0013194113270434626
SOXL,829,0.0010368236854473162,0.0011977994718279893
SOXL,830,0.001225306430565524,0.0014178536734378853
SOXL,831,0.001118235867418317,0.001293363861065294
SOXL,832,0.0011236050764929237,0.001302516243609998
SOXL,833,0.0011179413918674746,0.0012932585090912859
SOXL,834,0.0010194891541030688,0.0011805707857256305
SOXL,835,0.0011700330831500572,0.0013496302511213673
SOXL,836,0.0010158425558086312,0.001177867719453768
SOXL,837,0.000991548168663516,0.0011482725699587908
SOXL,838,0.0011189766372750464,0.0012905644720109892
SOXL,839,0.0010409469053512003,0.0011999747372457622
SOXL,840,0.0016097623845524646,0.0018653095306547579
SOXL,841,0.0013277392684176686,0.0015436286778384395
SOXL,842,0.001266738277490476,0.0014687923626470329
SOXL,843,0.0011746246668014693,0.0013605359344300734
SOXL,844,0.0011651961791561349,0.001350790288537024
SOXL,845,0.0012379610828983888,0.0014385485922133012
SOXL,846,0.0011923754215557518,0.001382941768186934
SOXL,847,0.0011475538274592777,0.00133640489400358
SOXL,848,0.0010851082539940114,0.0012605934153998926
SOXL,849,0.00105586691938908,0.0012257093572163287
SOXL,850,0.001133908205775744,0.0013134552668638986
SOXL,851,0.0010951630394655592,0.0012690170142486705
SOXL,852,0.001048724108575092,0.0012165854806132498
SOXL,853,0.0009918119128247008,0.0011477813782105105
SOXL,854,0.0010050031414668566,0.001163520865725677
SOXL,855,0.0010980813706608368,0.001275444672653714
SOXL,856,0.0011461411378940608,0.001326355530245451
SOXL,857,0.001137897409789905,0.0013162271794536612
SOXL,858,0.00110136965004813,0.0012756819703597547
SOXL,859,0.0011004474868996346,0.001274544997465573
SOXL,860,0.0011268842629129523,0.0013047999502582967
SOXL,861,0.0010912569027760625,0.001262052862842525
SOXL,862,0.0010346377457638545,0.001197402206561062
SOXL,863,0.0009896449981501333,0.0011448201731701225
SOXL,864,0.0009600116726862807,0.001112172105355569
SOXL,865,0.001091740827004757,0.0012624366055043834
SOXL,866,0.0010051599237098931,0.0011634770172131998
SOXL,867,0.0010467882244585768,0.0012089480274353076
SOXL,868,0.0009951291294830393,0.0011516634414312
SOXL,869,0.0010061056951872845,0.0011608614005449236
SOXL,870,0.0013082994092278157,0.00151416182527451
SOXL,871,0.0012636627156380892,0.001460272502528605
SOXL,872,0.0011634288828279837,0.0013485513551271678
SOXL,873,0.001062260157536604,0.0012321665135680135
SOXL,874,0.0011178618551314417,0.001301702538726733
SOXL,875,0.0012983471275177605,0.0014997229522507305
SOXL,876,0.001204691984066028,0.0013942176918263316
SOXL,877,0.0010800125841754914,0.0012514099441372003
SOXL,878,0.0010907675460678967,0.0012666226218327533
SOXL,879,0.0011015014157655357,0.0012785259126283275
SOXL,880,0.0011997399290941927,0.001392201768330318
SOXL,881,0.0011579754083953758,0.001340269776140126
SOXL,882,0.001074783258646285,0.0012471119733422943
SOXL,883,0.0010832614441939749,0.0012563874643570629
SOXL,884,0.0010345487637061974,0.0011993145147955837
SOXL,885,0.0011569395893761155,0.0013434208519756462
SOXL,886,0.0011019242273899112,0.0012805452119629107
SOXL,887,0.0010759306844137862,0.0012500511732943223
SOXL,888,0.001085815248685794,0.0012632718651756677
SOXL,889,0.0010366764061294001,0.0012071488762163008
SOXL,890,0.0011628521776102813,0.001344704055923101
SOXL,891,0.0010890926147302785,0.0012630969820414172
SOXL,892,0.0011325593576752163,0.0013151197760825563
SOXL,893,0.0010615381281034,0.0012362253393044932
SOXL,894,0.0011055145876543344,0.001286317917424776
SOXL,895,0.0011783419776306694,0.0013695580870630184
SOXL,896,0.0011994290321817095,0.0013892273803940889
SOXL,897,0.0012148267400325062,0.0014132087988691221
SOXL,898,0.0011230503672866464,0.0013011979531178598
SOXL,899,0.0012309244637765072,0.0014249032485941328
SOXL,900,0.0017761880199221754,0.002074052990745576
SOXL,901,0.0014800087667509914,0.0017242338859818393
SOXL,902,0.001368211151581418,0.0015950609760794856
SOXL,903,0.0012921394167136429,0.0015052509982811692
SOXL,904,0.0012714432969335894,0.0014847323620554393
SOXL,905,0.0014595477002420237,0.001704178378673386
SOXL,906,0.0015018537175673066,0.0017527999439602017
SOXL,907,0.0014975987856615221,0.001745508911170778
SOXL,908,0.0014377508627770716,0.0016747882692216979
SOXL,909,0.0014021437908753721,0.0016267790606758932
SOXL,910,0.0016195601936980508,0.0018783139108684102
SOXL,911,0.001453070214339676,0.001686095270627893
SOXL,912,0.0014417408064602984,0.0016706449078871756
SOXL,913,0.001397006786323841,0.0016251425923303885
SOXL,914,0.0013707318052895918,0.0015993679844374296
SOXL,915,0.0014937081130398208,0.001740036992449391
SOXL,916,0.0013762328739915898,0.001604915576250235
SOXL,917,0.0013058540968544842,0.0015218636316153772
SOXL,918,0.0013548272320243286,0.001577667175756336
SOXL,919,0.0013702808869288797,0.0015997498101660596
SOXL,920,0.001648296085110193,0.001916542196823422
SOXL,921,0.0014814648140251618,0.0017247420254833763
SOXL,922,0.001387655995276359,0.0016174334361215052
SOXL,923,0.0013880764636314295,0.0016215051234730429
SOXL,924,0.001386317636024936,0.0016188788967477648
SOXL,925,0.0016464634508767768,0.001915394025762209
SOXL,926,0.0015311715234787777,0.001786545038727432
SOXL,927,0.0015112995387895746,0.0017682644435663374
SOXL,928,0.001553813186340097,0.001813398998256519
SOXL,929,0.0017400391959279673,0.0020405710483265443
SOXL,930,0.006870043045262234,0.008213829699909104
SOXL,931,0.0032556684639793027,0.0038567023984694216
SOXL,932,0.0020841834816195514,0.002438194690976549
SOXL,933,0.0022127601675938574,0.0025758804558544497
SOXL,934,0.0017606116582129898,0.002055140239479937
SOXL,935,0.0021660032171241773,0.0025283516254539173
SOXL,936,0.0021502734988316802,0.0025004324802405035
SOXL,937,0.0020673069191389478,0.0024143433152982088
SOXL,938,0.002080015389622665,0.0024306493147304028
SOXL,939,0.0021068769412884245,0.0024531958566286673
SOXL,940,0.0022764345923509486,0.002655652582309625
SOXL,941,0.00216271355358004,0.0025224875314009557
SOXL,942,0.0021398647500773796,0.0024909561985992324
SOXL,943,0.0020435081400359536,0.0023849153243169626
SOXL,944,0.0020526577687497508,0.002404394437976486
SOXL,945,0.0024089824618929757,0.002818883281990864
SOXL,946,0.0024508023255033367,0.0028608598513208184
SOXL,947,0.0022651353325505454,0.0026482413309513123
SOXL,948,0.002325074191348045,0.002715841579247362
SOXL,949,0.002718611071053188,0.0031675281500344616
SOXL,950,0.006126022962978233,0.007128362711337409
SOXL,951,0.004249125005162212,0.0049414482215879366
SOXL,952,0.00425523276111817,0.0049566725946413115
SOXL,953,0.004750258566847184,0.005529795135805353
SOXL,954,0.005634125696100409,0.006547675962555105
SOXL,955,0.007231549878772596,0.00843182146623853
SOXL,956,0.004646202176342482,0.005426342253875564
SOXL,957,0.005172403934937333,0.006043969233354947
SOXL,958,0.006562027048043185,0.007630851741694194
SOXL,959,0.014687643920824339,0.01702059572101026
SOXL,960,0.000508539673494565,
SOXL,961,0.0005944502665652821,
SOXL,962,0.0005263203663288452,
SOXL,963,0.0004501487898100927,
SOXL,964,0.00038142566811429557,
SOXL,965,0.0005141830534729471,
SOXL,966,0.0004333992612830181,
SOXL,967,0.00041953462503792105,
SOXL,968,0.00035030003935331396,
SOXL,969,0.000339843537987535,
SOXL,970,0.0003437890784187964,
SOXL,971,0.0003483413677932289,
SOXL,972,0.0003249642698683249,
SOXL,973,0.0003067667373831278,
SOXL,974,0.00029674021850167816,
SOXL,975,0.0003426465956746047,
SOXL,976,0.0003325560486323785,
SOXL,977,0.00030308469922142925,
SOXL,978,0.00026559319964332466,
SOXL,979,0.0002472161387615981,
SOXL,980,0.00029631074289334237,
SOXL,981,0.0002863134007819055,
SOXL,982,0.0002874042230126052,
SOXL,983,0.00024865869781201874,
SOXL,984,0.00024108534852869802,
SOXL,985,0.0002388357643415311,
SOXL,986,0.00023142489407796256,
SOXL,987,0.0002321907323502312,
SOXL,988,0.0002022390428460906,
SOXL,989,0.0001991203404848752,
SOXL,990,0.00023966938185830062,
SOXL,991,0.0002578025285772819,
SOXL,992,0.0002125974325060941,
SOXL,993,0.00021872091175987958,
SOXL,994,0.00021255633363933825,
SOXL,995,0.00021534884705026185,
SOXL,996,0.00019261214389637102,
SOXL,997,0.00019726724101462345,
SOXL,998,0.00018926553471302452,
SOXL,999,0.00018982287646743094,
SOXL,1000,0.00017862118092751373,
SOXL,1001,0.00019102430886507488,
SOXL,1002,0.0001868191879291494,
SOXL,1003,0.00017601230837329104,
SOXL,1004,0.00017351369724331018,
SOXL,1005,0.00016635745081386335,
SOXL,1006,0.00014856252997455147,
SOXL,1007,0.0001649683156169693,
SOXL,1008,0.00017277738484910638,
SOXL,1009,0.00017053776606541267,
SOXL,1010,0.0001551276640957923,
SOXL,1011,0.00014418676676443526,
SOXL,1012,0.00013170462113446785,
SOXL,1013,0.00013688324909243832,
SOXL,1014,0.0001410002743691048,
SOXL,1015,0.0001349776849036598,
SOXL,1016,0.00013782447033871818,
SOXL,1017,0.00015234627402339513,
SOXL,1018,0.0001521132456953165,
SOXL,1019,0.0001681293729472002,
SOXL,1020,0.0001483289861789707,
SOXL,1021,0.00013676455438378543,
SOXL,1022,0.00013801545318289953,
SOXL,1023,0.00015434061923150474,
SOXL,1024,0.0001585508927236268,
SOXL,1025,0.00014736875346838205,
SOXL,1026,0.0001354135297610948,
SOXL,1027,0.00014517413911669053,
SOXL,1028,0.00014377205751742463,
SOXL,1029,0.00013364604161337582,
SOXL,1030,0.00014521691345589958,
SOXL,1031,0.00014614950841332754,
SOXL,1032,0.0001385011179628004,
SOXL,1033,0.00015397015701589436,
SOXL,1034,0.0001343894771082529,
SOXL,1035,0.0001421032763418194,
SOXL,1036,0.0001323872194938496,
SOXL,1037,0.00015907451757648025,
SOXL,1038,0.00013291990603481893,
SOXL,1039,0.00013175955167861827,
SOXL,1040,0.00012163344528873436,
SOXL,1041,0.00011371773746101865,
SOXL,1042,0.0001097818810544109,
SOXL,1043,0.00011681417794534907,
SOXL,1044,0.00013028090034456228,
SOXL,1045,0.00011165494907119824,
SOXL,1046,0.00010892435170843458,
SOXL,1047,0.00010375416401117978,
SOXL,1048,0.00011576834279973014,
SOXL,1049,0.0001141759650404237,
SOXL,1050,0.00010017362279040703,
SOXL,1051,0.00010430636861919562,
SOXL,1052,0.00012443277190677673,
SOXL,1053,9.742950364451683e-05,
SOXL,1054,9.918610729898068e-05,
SOXL,1055,0.00010835358592848178,
SOXL,1056,0.00010438074767679149,
SOXL,1057,0.00010943597454990676,
SOXL,1058,0.00011149684753577731,
SOXL,1059,9.88295171682723e-05,
SOXL,1060,9.15792937242098e-05,
SOXL,1061,9.45082340034649e-05,
SOXL,1062,9.785772133151463e-05,
SOXL,1063,9.830512753350437e-05,
SOXL,1064,9.756846864517765e-05,
SOXL,1065,9.549541528957864e-05,
SOXL,1066,8.643190686404085e-05,
SOXL,1067,9.141226903238111e-05,
SOXL,1068,9.558933809498585e-05,
SOXL,1069,9.002578054567217e-05,
SOXL,1070,9.729240064636933e-05,
SOXL,1071,8.627346764982748e-05,
SOXL,1072,9.42249581431699e-05,
SOXL,1073,9.802101976924093e-05,
SOXL,1074,9.277456932548692e-05,
SOXL,1075,9.491732421503865e-05,
SOXL,1076,9.197504279250192e-05,
SOXL,1077,0.00010342089964516218,
SOXL,1078,0.00010138352876326026,
SOXL,1079,9.91864044769715e-05,
SOXL,1080,0.00023817570349982816,
SOXL,1081,0.00013568688351207604,
SOXL,1082,0.00013962901484602315,
SOXL,1083,0.00013217372663186887,
SOXL,1084,0.00013289562432059374,
SOXL,1085,0.00012775715017629394,
SOXL,1086,0.00011401083786496837,
SOXL,1087,0.00012546569644034109,
SOXL,1088,0.0001232818043055566,
SOXL,1089,0.00010834011505772002,
SOXL,1090,0.00010089348232885417,
SOXL,1091,0.00010881568539426393,
SOXL,1092,0.00011716133724340131,
SOXL,1093,0.00010904149305267005,
SOXL,1094,0.00011371952788449137,
SOXL,1095,0.00011004996989618676,
SOXL,1096,0.0001194388856695167,
SOXL,1097,0.000117584686258721,
SOXL,1098,9.627380162607236e-05,
SOXL,1099,0.00010256586693705738,
SOXL,1100,0.00010578420401098577,
SOXL,1101,0.00010077616461831376,
SOXL,1102,0.00011111546139693013,
SOXL,1103,9.972127435985489e-05,
SOXL,1104,0.00010477800955843101,
SOXL,1105,0.00010185520273533372,
SOXL,1106,9.935632289470101e-05,
SOXL,1107,8.956594648809551e-05,
SOXL,1108,8.525324161306364e-05,
SOXL,1109,9.77521173928228e-05,
SOXL,1110,9.57584514642291e-05,
SOXL,1111,9.242277509929766e-05,
SOXL,1112,0.0001105368345481588,
SOXL,1113,9.725072068766129e-05,
SOXL,1114,0.00010189081354626832,
SOXL,1115,9.519793012595766e-05,
SOXL,1116,9.903416644166182e-05,
SOXL,1117,0.0001174207720482809,
SOXL,1118,9.830111510949093e-05,
SOXL,1119,0.0001025228004475867,
SOXL,1120,0.0001069719605742042,
SOXL,1121,9.265316696281432e-05,
SOXL,1122,9.846025570526781e-05,
SOXL,1123,8.60454475700174e-05,
SOXL,1124,0.00010009740119351331,
SOXL,1125,0.00010766823729710383,
SOXL,1126,9.588396596333351e-05,
SOXL,1127,0.00010951598806806835,
SOXL,1128,0.00010093793553942799,
SOXL,1129,9.946341178147322e-05,
SOXL,1130,9.827745130950601e-05,
SOXL,1131,9.800652158415916e-05,
SOXL,1132,0.00010541055540785588,
SOXL,1133,9.15814114587874e-05,
SOXL,1134,0.00010494723621832479,
SOXL,1135,9.657212448338825e-05,
SOXL,1136,9.148381107943435e-05,
SOXL,1137,9.054812652407537e-05,
SOXL,1138,9.908095194024513e-05,
SOXL,1139,0.0001020615557864711,
SOXL,1140,0.00010504326016947916,
SOXL,1141,9.890852335750369e-05,
SOXL,1142,9.926944458077554e-05,
SOXL,1143,0.00010092025808587082,
SOXL,1144,9.669906384390005e-05,
SOXL,1145,9.223720349572097e-05,
SOXL,1146,8.302979658946649e-05,
SOXL,1147,8.115973493272968e-05,
SOXL,1148,8.122879037219195e-05,
SOXL,1149,9.000373229531926e-05,
SOXL,1150,0.00010403417385631085,
SOXL,1151,9.166146243476159e-05,
SOXL,1152,9.663302338379034e-05,
SOXL,1153,8.072933611890564e-05,
SOXL,1154,8.372222626823941e-05,
SOXL,1155,8.767004229676133e-05,
SOXL,1156,9.04691001448317e-05,
SOXL,1157,7.718021481808524e-05,
SOXL,1158,8.561749824732617e-05,
SOXL,1159,8.267397687163838e-05,
SOXL,1160,9.138117747452207e-05,
SOXL,1161,8.544496415197377e-05,
SOXL,1162,9.095465441140225e-05,
SOXL,1163,8.615303302720615e-05,
SOXL,1164,9.493776807524295e-05,
SOXL,1165,9.876911401677217e-05,
SOXL,1166,8.793579376284754e-05,
SOXL,1167,8.472973051352625e-05,
SOXL,1168,8.184796136333695e-05,
SOXL,1169,7.629673074243735e-05,
SOXL,1170,8.684708856732855e-05,
SOXL,1171,8.461825994122398e-05,
SOXL,1172,7.988956883396311e-05,
SOXL,1173,8.838493525548169e-05,
SOXL,1174,8.628599969836956e-05,
SOXL,1175,8.763299441453546e-05,
SOXL,1176,7.411260780229623e-05,
SOXL,1177,8.070019621904947e-05,
SOXL,1178,7.953702753157506e-05,
SOXL,1179,8.76608016985663e-05,
SOXL,1180,9.393005497501947e-05,
SOXL,1181,8.758988203204986e-05,
SOXL,1182,7.801469278902876e-05,
SOXL,1183,8.924496061419319e-05,
SOXL,1184,8.81618350254815e-05,
SOXL,1185,0.00010478577608510923,
SOXL,1186,0.00010326562127544646,
SOXL,1187,0.00010359424406804312,
SOXL,1188,9.985045711356784e-05,
SOXL,1189,9.612537846932223e-05,
SOXL,1190,0.0001052106439168,
SOXL,1191,8.927930307264578e-05,
SOXL,1192,8.950141320359507e-05,
SOXL,1193,9.25133857906121e-05,
SOXL,1194,8.957858884553805e-05,
SOXL,1195,9.21830942755109e-05,
SOXL,1196,0.0001087662931577699,
SOXL,1197,0.00011109466237255983,
SOXL,1198,0.0001341193607366051,
SOXL,1199,0.00017023995837513924,
SOXS,240,0.0036424630543161938,
SOXS,241,0.00485743617623437,
SOXS,242,0.0025894107014388297,
SOXS,243,0.001616288275316612,
SOXS,244,0.0009706480998993238,
SOXS,245,0.0007589396940703341,
SOXS,246,0.0005914735573570373,
SOXS,247,0.0004543133810745862,
SOXS,248,0.0003600122204346647,
SOXS,249,0.00032397676956997823,
SOXS,250,0.00030136868149221085,
SOXS,251,0.0002870166768030287,
SOXS,252,0.0002678134390570341,
SOXS,253,0.00023498149418318078,
SOXS,254,0.00022643780340583924,
SOXS,255,0.0002256932823751925,
SOXS,256,0.00021597770036117157,
SOXS,257,0.0002007954690640321,
SOXS,258,0.0002073830553192419,
SOXS,259,0.0001967600802376441,
SOXS,260,0.00018726547140811035,
SOXS,261,0.0001973919472354377,
SOXS,262,0.0001711295904905595,
SOXS,263,0.00022779050183711268,
SOXS,264,0.00021387909622912015,
SOXS,265,0.00020744942620503864,
SOXS,266,0.00020150419610448356,
SOXS,267,0.00019649232945043486,
SOXS,268,0.0001837890902663823,
SOXS,269,0.00019420224155588967,
SOXS,270,0.00021754651184021983,
SOXS,271,0.00021146112597483598,
SOXS,272,0.00020606660665769977,
SOXS,273,0.0002020984414727229,
SOXS,274,0.00016926137895145632,
SOXS,275,0.0001790284156188404,
SOXS,276,0.0001832286005615257,
SOXS,277,0.00015593565731765086,
SOXS,278,0.0001633350841002233,
SOXS,279,0.00016680880022846268,
SOXS,280,0.00017687805950087704,
SOXS,281,0.00016882507956385702,
SOXS,282,0.00016409237322386527,
SOXS,283,0.00017396538471100187,
SOXS,284,0.0001741236197644698,
SOXS,285,0.00017595131817437596,
SOXS,286,0.00015640462233925935,
SOXS,287,0.0001532665430559583,
SOXS,288,0.00015039856185782198,
SOXS,289,0.00014361924019660625,
SOXS,290,0.00014630029790060144,
SOXS,291,0.00015179860094921297,
SOXS,292,0.0001498956400134365,
SOXS,293,0.00014335084862295732,
SOXS,294,0.00014880025543655666,
SOXS,295,0.00014753715789831405,
SOXS,296,0.00014355372956654358,
SOXS,297,0.0001288356292687914,
SOXS,298,0.00011830825636956987,
SOXS,299,0.0001233726070111011,
SOXS,300,0.00016900774201041689,
SOXS,301,0.00015846544102027688,
SOXS,302,0.0001526655491639293,
SOXS,303,0.000160989030777593,
SOXS,304,0.00013900452683795236,
SOXS,305,0.00014501393339155395,
SOXS,306,0.00014935925468660677,
SOXS,307,0.00014205498144698818,
SOXS,308,0.00012775858412208697,
SOXS,309,0.0001292264285312628,
SOXS,310,0.00014737378842559942,
SOXS,311,0.00018062435083508147,
SOXS,312,0.0001524526944308873,
SOXS,313,0.00014582425762811062,
SOXS,314,0.00014522563769095694,
SOXS,315,0.00015031926348252055,
SOXS,316,0.00014071115950116977,
SOXS,317,0.0001421995800134161,
SOXS,318,0.00012728781071359832,
SOXS,319,0.00013037236774725647,
SOXS,320,0.00011149156443121583,
SOXS,321,0.00012178466904717917,
SOXS,322,0.00011680297703333856,
SOXS,323,0.00011195310115076351,
SOXS,324,0.00011004872856543784,
SOXS,325,0.0001203381757890028,
SOXS,326,0.00012602001266119616,
SOXS,327,0.00012099423692046963,
SOXS,328,0.00010744040229765205,
SOXS,329,0.0001209927472877122,
SOXS,330,0.00013435599923004139,
SOXS,331,0.00011451013790599828,
SOXS,332,0.0001224847035296023,
SOXS,333,0.00014165004113610925,
SOXS,334,0.0001134587868611119,
SOXS,335,0.00012611103439705816,
SOXS,336,0.00011578488840842558,
SOXS,337,0.00012459042143023595,
SOXS,338,0.00010890568094553294,
SOXS,339,0.00011731876829817813,
SOXS,340,0.00011746236258861748,
SOXS,341,0.00013300268744246952,
SOXS,342,0.00010499680966085123,
SOXS,343,0.00011982251417027826,
SOXS,344,0.00011607411259400453,
SOXS,345,0.00012869957387994955,
SOXS,346,0.00012616190520247985,
SOXS,347,0.00010492182319485448,
SOXS,348,0.00012084154637039918,
SOXS,349,0.0001242675818164755,
SOXS,350,0.00013544311056193703,
SOXS,351,0.00012434984664664315,
SOXS,352,0.0001249251869383334,
SOXS,353,0.00010829961262852204,
SOXS,354,0.0001319002495153505,
SOXS,355,0.00012631828774746162,
SOXS,356,0.00011403077079937797,
SOXS,357,0.0001237744283226948,
SOXS,358,0.00012225872055296986,
SOXS,359,0.00010873028805030398,
SOXS,360,0.00014272546302493278,
SOXS,361,0.00013749411480934052,
SOXS,362,0.00013310003101023768,
SOXS,363,0.0001299534732798688,
SOXS,364,0.00012205481589110876,
SOXS,365,0.00012900982731839407,
SOXS,366,0.00011371281114420302,
SOXS,367,0.00012579456055346138,
SOXS,368,0.0001303319920350224,
SOXS,369,0.00013946857030661653,
SOXS,370,0.00015971568149860546,
SOXS,371,0.0001551425933271359,
SOXS,372,0.00012404317385325748,
SOXS,373,0.00011522071000892978,
SOXS,374,0.00010683929773698643,
SOXS,375,0.00011692565642039414,
SOXS,376,0.00010529315083622991,
SOXS,377,0.00012497358547003385,
SOXS,378,0.00011679093744765429,
SOXS,379,0.00010483918569106954,
SOXS,380,0.00012068739244730807,
SOXS,381,0.00015357589711278963,
SOXS,382,0.00013176680040508727,
SOXS,383,0.00010624145623043851,
SOXS,384,0.00011550283153254882,
SOXS,385,0.00011930543726974367,
SOXS,386,0.00012403744541751932,
SOXS,387,0.00012070007071139933,
SOXS,388,0.00010971434189503445,
SOXS,389,0.00010907657429776075,
SOXS,390,0.00013073259845776113,
SOXS,391,0.00012923597805122942,
SOXS,392,0.0001198755677062334,
SOXS,393,0.00011020985046230983,
SOXS,394,0.0001142777345873228,
SOXS,395,0.00011639406125576554,
SOXS,396,0.0001166567863215544,
SOXS,397,0.00011127589447174204,
SOXS,398,0.00011182270365773176,
SOXS,399,0.0001296320374643956,
SOXS,400,0.00012385209696382367,
SOXS,401,0.00010853776224464268,
SOXS,402,0.0001095862568335806,
SOXS,403,0.00011004542097738446,
SOXS,404,0.00010482968180881852,
SOXS,405,0.0001168846449111739,
SOXS,406,0.00012424018100588296,
SOXS,407,0.00013077840612630626,
SOXS,408,0.00010760198299974877,
SOXS,409,0.00011995631509054842,
SOXS,410,0.00012040209505254062,
SOXS,411,0.00012208458293939766,
SOXS,412,0.0001229349155592527,
SOXS,413,0.00011176533528042277,
SOXS,414,0.00010958741242306104,
SOXS,415,0.00010780128562861982,
SOXS,416,0.0001135129218933593,
SOXS,417,9.951648905978067e-05,
SOXS,418,0.00010812270358023707,
SOXS,419,0.00011699572492938951,
SOXS,420,0.0007415124639305902,
SOXS,421,0.00039375820759615806,
SOXS,422,0.00035195310632544515,
SOXS,423,0.00034582811417991407,
SOXS,424,0.00029185879637168055,
SOXS,425,0.0003577910147971689,
SOXS,426,0.00028716199409920733,
SOXS,427,0.00028751814904634667,
SOXS,428,0.00025584388980034176,
SOXS,429,0.0002612129496033701,
SOXS,430,0.0002500052705348751,
SOXS,431,0.0002302379696649072,
SOXS,432,0.0002490976642383861,
SOXS,433,0.00026702855470785733,
SOXS,434,0.0002510404213298319,
SOXS,435,0.0002649200043120943,
SOXS,436,0.00021000557258741103,
SOXS,437,0.00024520162311609834,
SOXS,438,0.00022798852273593889,
SOXS,439,0.0002119734729723204,
SOXS,440,0.00022936788881846651,
SOXS,441,0.0002267137456584333,
SOXS,442,0.00022097238777046108,
SOXS,443,0.00020639524206349908,
SOXS,444,0.00022415925630179184,
SOXS,445,0.00022300678076466512,
SOXS,446,0.00022196059585667376,
SOXS,447,0.0002192577592841077,
SOXS,448,0.0002114145543079433,
SOXS,449,0.00022216210236396022,
SOXS,450,0.0002708886261012903,
SOXS,451,0.000247396067702989,
SOXS,452,0.0002503240492212282,
SOXS,453,0.00023300842710621424,
SOXS,454,0.00022258574954552143,
SOXS,455,0.0002390261494836578,
SOXS,456,0.00021633465409586096,
SOXS,457,0.0002367634877053533,
SOXS,458,0.00022144923069476787,
SOXS,459,0.00021810288043592135,
SOXS,460,0.00024313788486070062,
SOXS,461,0.00021544497874919215,
SOXS,462,0.00018854591465666557,
SOXS,463,0.00024879245148913087,
SOXS,464,0.00024096100486169185,
SOXS,465,0.00024000402866080129,
SOXS,466,0.00021624811446363382,
SOXS,467,0.0002316654537403608,
SOXS,468,0.00021467041934857564,
SOXS,469,0.0002606281345390652,
SOXS,470,0.0002560512986070705,
SOXS,471,0.0002210894062362082,
SOXS,472,0.00020917136062036554,
SOXS,473,0.00023051263303746407,
SOXS,474,0.0002021121137991294,
SOXS,475,0.0002110192223201166,
SOXS,476,0.0002031395287034355,
SOXS,477,0.00019973702095191936,
SOXS,478,0.0002312357019459231,
SOXS,479,0.00022479026902242092,
SOXS,480,0.005347565285054247,
SOXS,481,0.001645777342089682,
SOXS,482,0.0018516927017629625,
SOXS,483,0.0007599195835221778,
SOXS,484,0.0004578298781868125,
SOXS,485,0.0005200143120325041,
SOXS,486,0.0004454957213453133,
SOXS,487,0.0004337611761176208,
SOXS,488,0.0003802931894887673,
SOXS,489,0.00035472637811155946,
SOXS,490,0.00036660253593156963,
SOXS,491,0.00035652560219249265,
SOXS,492,0.00032531079022037746,
SOXS,493,0.0003528483294236738,
SOXS,494,0.0003196513368498778,
SOXS,495,0.00033160263683340173,
SOXS,496,0.00034086852568153793,
SOXS,497,0.00035342530609505006,
SOXS,498,0.0003116753848035277,
SOXS,499,0.00032934359295270474,
SOXS,500,0.0003817039755368184,
SOXS,501,0.00037234498534306835,
SOXS,502,0.00035399817271845917,
SOXS,503,0.00030459500366571574,
SOXS,504,0.00032825812518656207,
SOXS,505,0.0003816147016351478,
SOXS,506,0.00033382940551638225,
SOXS,507,0.00029910085706268266,
SOXS,508,0.00028068217757875485,
SOXS,509,0.0003181118024375162,
SOXS,510,0.000881726319233815,
SOXS,511,0.0006162228166974976,
SOXS,512,0.0005572278331867033,
SOXS,513,0.0005339003510851566,
SOXS,514,0.0005401737191039025,
SOXS,515,0.0004697376799556839,
SOXS,516,0.00045696831967117205,
SOXS,517,0.000468814753506247,
SOXS,518,0.00044917181111706083,
SOXS,519,0.00042612360639964793,
SOXS,520,0.0004590749809161647,
SOXS,521,0.0004040176344403676,
SOXS,522,0.00039029118105320625,
SOXS,523,0.0003638416050409142,
SOXS,524,0.00041979586781409623,
SOXS,525,0.00044705472224920614,
SOXS,526,0.0004149007402609591,
SOXS,527,0.0004023891935153345,
SOXS,528,0.0004299915936313784,
SOXS,529,0.0004127109902257908,
SOXS,530,0.00042427597980255447,
SOXS,531,0.00036966571467969897,
SOXS,532,0.00038945828744799035,
SOXS,533,0.0004397674139170163,
SOXS,534,0.0003855501252298446,
SOXS,535,0.00039844596254245745,
SOXS,536,0.00037745830382835056,
SOXS,537,0.0003445577551301721,
SOXS,538,0.00033592646731234334,
SOXS,539,0.0003414500734781327,
SOXS,540,0.0005886178045022656,
SOXS,541,0.00047270263464822837,
SOXS,542,0.00042635070474583936,
SOXS,543,0.0003947479154164461,
SOXS,544,0.00038863599935510845,
SOXS,545,0.0003808382645130172,
SOXS,546,0.0004004879058058904,
SOXS,547,0.00037228901656042777,
SOXS,548,0.00042186193023657163,
SOXS,549,0.0004244668443189666,
SOXS,550,0.0003753077997276724,
SOXS,551,0.00037750353967100933,
SOXS,552,0.000363351082047868,
SOXS,553,0.00034894094929496783,
SOXS,554,0.0003465751965536871,
SOXS,555,0.000349094890229305,
SOXS,556,0.00034395886168922605,
SOXS,557,0.0003571140727270999,
SOXS,558,0.00035852661421589507,
SOXS,559,0.000340180778234179,
SOXS,560,0.00039473367572172746,
SOXS,561,0.00036435625720863723,
SOXS,562,0.00033413512192601757,
SOXS,563,0.00032653951114928104,
SOXS,564,0.0003363611442330885,
SOXS,565,0.0005705457506352217,
SOXS,566,0.0004065521470780535,
SOXS,567,0.000705600777946583,
SOXS,568,0.0007408126543782358,
SOXS,569,0.0007071841483104153,
SOXS,570,0.011045808582238527,0.012917763792181573
SOXS,571,0.00767524628375461,0.008933807110025897
SOXS,572,0.006489822830431881,0.007557512787958387
SOXS,573,0.006117047517107202,0.007113198416821098
SOXS,574,0.005624981550940578,0.006570414245852188
SOXS,575,0.006488627838001374,0.007580432892259199
SOXS,576,0.0065945677959014255,0.007699198868483796
SOXS,577,0.006059332876481922,0.007057681047457692
SOXS,578,0.005852556044384405,0.006810775386684807
SOXS,579,0.005424449993924387,0.006316995677455886
SOXS,580,0.00600677552618934,0.006971948867141092
SOXS,581,0.005575101805300688,0.006452299432018501
SOXS,582,0.00553071843510848,0.006410901901718266
SOXS,583,0.004953592344378455,0.0057484073027496314
SOXS,584,0.004632910639478529,0.005379534548310795
SOXS,585,0.005914460746008481,0.006861818796101803
SOXS,586,0.0052971685591548705,0.0061658386880552385
SOXS,587,0.005056867148010172,0.0058749907875387105
SOXS,588,0.005017233756637577,0.005834500328616466
SOXS,589,0.004954246984431527,0.005761884540873379
SOXS,590,0.005394262421385684,0.006258372143570969
SOXS,591,0.0051027604370118,0.005929551828627552
SOXS,592,0.004703637286063091,0.005467406209935676
SOXS,593,0.004671517826390492,0.005420754120761499
SOXS,594,0.00438770479476506,0.005087256478413608
SOXS,595,0.004512743540284635,0.00523852494500225
SOXS,596,0.004445493366670339,0.0051410608121356186
SOXS,597,0.004162531931728722,0.00480819006637506
SOXS,598,0.004059667363488258,0.0047020910532015485
SOXS,599,0.0041691016056967095,0.004814251348016109
SOXS,600,0.005371748031864063,0.006206686978856427
SOXS,601,0.004640790164562717,0.005343452143204946
SOXS,602,0.004548084375190348,0.005260505710053629
SOXS,603,0.004005293217980106,0.004610373465684462
SOXS,604,0.0040727259617178236,0.00467482270944855
SOXS,605,0.004302470853191631,0.004923836611176454
SOXS,606,0.004170335915290347,0.004787316126184773
SOXS,607,0.004104473815863249,0.004714580508745743
SOXS,608,0.004038491902108641,0.004645850033919613
SOXS,609,0.003952181209176694,0.0045286459054512335
SOXS,610,0.004241133595138575,0.004879695297934377
SOXS,611,0.004148205213851121,0.004774922858080258
SOXS,612,0.004012523058283551,0.004614385438029957
SOXS,613,0.003796858763964389,0.004371439255827908
SOXS,614,0.003670046474077206,0.004228901157391676
SOXS,615,0.004131541593798092,0.004744914165625287
SOXS,616,0.003958557645024693,0.004557554995302379
SOXS,617,0.003666503630576193,0.0042146541381865325
SOXS,618,0.0036246485780145705,0.004160645265018425
SOXS,619,0.0036392645054399617,0.004163846325660255
SOXS,620,0.004068517533442131,0.004683017540024276
SOXS,621,0.0037058359936335294,0.004265071592556145
SOXS,622,0.0036753935448588537,0.004232280541036112
SOXS,623,0.0035166703912241507,0.004053004492952883
SOXS,624,0.0035546367553021783,0.0040880229681872085
SOXS,625,0.0035546101088594897,0.0040794119018876165
SOXS,626,0.0035426354032360367,0.00406621575590845
SOXS,627,0.003596712801463658,0.004118526877765356
SOXS,628,0.0032703867769827387,0.003767036104254017
SOXS,629,0.0032208554004376114,0.0036865508302720415
SOXS,630,0.0037822293887895,0.004355406393728753
SOXS,631,0.0035000528310894403,0.004016401502753184
SOXS,632,0.003576328705662812,0.004088108774326802
SOXS,633,0.0034828225074634944,0.003992911073592187
SOXS,634,0.0032253540885305706,0.00369756471387926
SOXS,635,0.003581071655449898,0.004094686091851282
SOXS,636,0.003729055435833349,0.004253491510367163
SOXS,637,0.0033592429274258186,0.003844961522794107
SOXS,638,0.0031552979994862135,0.0036226038436990167
SOXS,639,0.0029493283574979676,0.0033865407037431267
SOXS,640,0.0032777792209662936,0.0037419431460397634
SOXS,641,0.003200905064046912,0.003648959502167638
SOXS,642,0.0031281261391005464,0.0035724634023486268
SOXS,643,0.002881157767909818,0.0032959257110674657
SOXS,644,0.0030166727762856154,0.003446324593202075
SOXS,645,0.003016516517429339,0.0034556984896895043
SOXS,646,0.003348831889545961,0.0038306176126103766
SOXS,647,0.0030569397499584684,0.003497700285985745
SOXS,648,0.0027450727738410423,0.0031505928205883206
SOXS,649,0.002828113452790621,0.0032453016604256373
SOXS,650,0.003200932658206834,0.0036635084121674722
SOXS,651,0.0030940010273368414,0.003551186180109069
SOXS,652,0.0030204890912332804,0.0034641541155809585
SOXS,653,0.002712534685509165,0.0031288127322850055
SOXS,654,0.002933578633435791,0.0033592906869758586
SOXS,655,0.0028615632306000483,0.003293211104556187
SOXS,656,0.002614699630196158,0.0030040722789503745
SOXS,657,0.002741481363257707,0.003135224812205432
SOXS,658,0.0028480998244310132,0.0032569900503895957
SOXS,659,0.002760266967057889,0.0031632881530952364
SOXS,660,0.003346146158373793,0.0038262190478124706
SOXS,661,0.0029203934779537793,0.003348776168968366
SOXS,662,0.002909393776796006,0.0033289745063436174
SOXS,663,0.002655793899479815,0.0030440201763710516
SOXS,664,0.002611765826031398,0.0029926336879794947
SOXS,665,0.002737031353539652,0.003124032559462891
SOXS,666,0.003110564568330326,0.003547366903860217
SOXS,667,0.0027145607167951124,0.0031152403220925636
SOXS,668,0.0026040584001120436,0.002986524603442591
SOXS,669,0.0025057069251063877,0.002874685469112525
SOXS,670,0.0026627091290107956,0.0030527044707385114
SOXS,671,0.0025100707234115096,0.0028873549451262173
SOXS,672,0.002585291952821442,0.002962520047865764
SOXS,673,0.0023689062912168927,0.002722240270339654
SOXS,674,0.0022547277479433407,0.002589487820991573
SOXS,675,0.0026699443995044044,0.0030596029465435595
SOXS,676,0.0024263335881157594,0.0027844305505519648
SOXS,677,0.0022642801468353425,0.002581364435339428
SOXS,678,0.002256934579164001,0.0025740047772202512
SOXS,679,0.002255091269544621,0.002575200244980526
SOXS,680,0.002532109577465863,0.00288473348093756
SOXS,681,0.002327168251464731,0.0026669586135330005
SOXS,682,0.0024145685769623457,0.002753448119684758
SOXS,683,0.002242247079749896,0.0025643680652825862
SOXS,684,0.002196286967248144,0.002521233916477429
SOXS,685,0.002367246933116507,0.0027046756022015067
SOXS,686,0.0022497794432751396,0.0025760837001903947
SOXS,687,0.002201177880319197,0.0025255626773415724
SOXS,688,0.0021229248723103416,0.0024349067762418617
SOXS,689,0.0022152990976924635,0.002527860663066914
SOXS,690,0.002582472848828154,0.0029436401124238475
SOXS,691,0.0024804996940272664,0.0028246161441772707
SOXS,692,0.002144406210755858,0.002460354363812655
SOXS,693,0.0020190369793353607,0.002302716213198694
SOXS,694,0.0019880716528157616,0.002281851345840483
SOXS,695,0.0023612217077651266,0.0026980436786321195
SOXS,696,0.002289809453337073,0.002615166058577915
SOXS,697,0.002259585242347211,0.002573764751959653
SOXS,698,0.0021066110253791575,0.002408812434292209
SOXS,699,0.002134275192790624,0.002440678297612351
SOXS,700,0.0023887454886190158,0.002727284320726169
SOXS,701,0.001972992371329079,0.0022635565600993956
SOXS,702,0.0019188397482751251,0.002194592113460943
SOXS,703,0.0019078115623676539,0.0021782719779796893
SOXS,704,0.0020461005561905983,0.0023352460790421197
SOXS,705,0.0020654481660902016,0.0023622435011763634
SOXS,706,0.0020293083990894226,0.0023075822663251168
SOXS,707,0.002145113012855097,0.0024327506831240105
SOXS,708,0.001867436571719382,0.002125329228285626
SOXS,709,0.0018627853907067558,0.0021371702289894757
SOXS,710,0.0020365273349714228,0.0023288425844802886
SOXS,711,0.001965176059412137,0.002249325324421839
SOXS,712,0.0018399737357443905,0.002119067735345391
SOXS,713,0.0018671276541645063,0.0021446648999516736
SOXS,714,0.0016530984281374972,0.0019018750863737627
SOXS,715,0.0020630039270222813,0.002365774194133184
SOXS,716,0.0018696690554823757,0.002137727569563153
SOXS,717,0.001869511778907918,0.00213648927135227
SOXS,718,0.0016167102937145533,0.0018560293427520142
SOXS,719,0.0017323606130475594,0.0019814037757008474
SOXS,720,0.002008918150804795,0.0023041214945974746
SOXS,721,0.0018391845929653968,0.0021011567589090977
SOXS,722,0.0018747952123716832,0.002151423306738928
SOXS,723,0.0017025368971345857,0.0019492758873897614
SOXS,724,0.0017363039434411189,0.001983396654507063
SOXS,725,0.00186631595359263,0.002126293273981041
SOXS,726,0.0018728052650714793,0.002129706270860916
SOXS,727,0.0018439945499334142,0.0020986447816883666
SOXS,728,0.001804057970772643,0.0020577539174672986
SOXS,729,0.0016618551547499531,0.0018993433380472603
SOXS,730,0.001783613813993679,0.0020281670079225667
SOXS,731,0.001668784937761915,0.0019141813439613733
SOXS,732,0.0017041653391348891,0.0019398079261250367
SOXS,733,0.0014882058679085554,0.0017107027819945756
SOXS,734,0.0014565049650958376,0.0016621168568346973
SOXS,735,0.0018243510495666241,0.0020923291633858777
SOXS,736,0.001808940597808778,0.002079168807362893
SOXS,737,0.0016653738983400045,0.001912188865386552
SOXS,738,0.0015428750077751024,0.001775281967030486
SOXS,739,0.0015095577350308354,0.0017334277573779742
SOXS,740,0.001892321408149099,0.002160963385062707
SOXS,741,0.0017185220173901086,0.0019650304352167784
SOXS,742,0.0018210383967704415,0.0020781793273599108
SOXS,743,0.0015323673619509542,0.0017735172374373214
SOXS,744,0.0015320303554454756,0.0017604138164611497
SOXS,745,0.0017069627924057647,0.001962654563843716
SOXS,746,0.0017883825720627219,0.0020307839846532088
SOXS,747,0.0015047849944467046,0.0017209807706639333
SOXS,748,0.0014408332792831635,0.0016519605173526436
SOXS,749,0.0015006141882339986,0.0017140483878840182
SOXS,750,0.00198270640533795,0.0022548946994900383
SOXS,751,0.0017103651080064796,0.001961065615632136
SOXS,752,0.0016887230816142347,0.001923597151066479
SOXS,753,0.0016140003280067372,0.0018405226084846858
SOXS,754,0.0015025262716156812,0.001728786647778856
SOXS,755,0.0015714271771855878,0.0018004738671937937
SOXS,756,0.0015406067988130844,0.0017542683542250486
SOXS,757,0.0014181343503929054,0.001627944507929771
SOXS,758,0.0014888057975865866,0.001704331019030986
SOXS,759,0.0014208376919853508,0.0016308451224051408
SOXS,760,0.0015549626232967974,0.00178572161026395
SOXS,761,0.0016051993867225972,0.0018342800600987317
SOXS,762,0.0015016188304156502,0.001716426688815047
SOXS,763,0.0013561161007252043,0.0015546875665846088
SOXS,764,0.0014136363941792429,0.0016109373471445516
SOXS,765,0.0016163928665142028,0.0018561099759412908
SOXS,766,0.0016795387747939568,0.0019019634276885463
SOXS,767,0.0015313725278867187,0.001750819673328105
SOXS,768,0.00147628280455841,0.0016799701600095389
SOXS,769,0.0013233424681465974,0.0015028581201929566
SOXS,770,0.0015280167123796309,0.0017529783426440792
SOXS,771,0.0015177177420593125,0.0017259616767676986
SOXS,772,0.001574121412798552,0.0017858535540644803
SOXS,773,0.001457373798231485,0.0016591271473645368
SOXS,774,0.0014383144977780878,0.001631890862588975
SOXS,775,0.0014512194489601526,0.0016544709768239168
SOXS,776,0.001333369410549719,0.0015216455013291256
SOXS,777,0.0012294629741043046,0.0014082251524889402
SOXS,778,0.001514808948055144,0.0017127850850410511
SOXS,779,0.0013345605800366882,0.001531592422332884
SOXS,780,0.0017220120559098002,0.0019700941542435155
SOXS,781,0.001485158796213579,0.0017002555472338454
SOXS,782,0.001644089113444861,0.0018774568895036337
SOXS,783,0.0013652969484597652,0.0015595122958809286
SOXS,784,0.0013435882525346713,0.0015343666376328223
SOXS,785,0.0015191349211549764,0.0017366036759596333
SOXS,786,0.0014394654528103459,0.0016432219800561838
SOXS,787,0.0013821580924931979,0.0015839183504901243
SOXS,788,0.0013894314848075925,0.0015847651151587932
SOXS,789,0.0013263292376111385,0.0015116290138655912
SOXS,790,0.001524837486059038,0.0017375915665305132
SOXS,791,0.001321789399088477,0.0015116984479382302
SOXS,792,0.001418749411879112,0.001606759788548142
SOXS,793,0.0013118611170177814,0.0014911795186557093
SOXS,794,0.0012959719622182026,0.0014748336125684468
SOXS,795,0.0012780617295094624,0.0014567781765963848
SOXS,796,0.0013176788697740749,0.0015050331973276941
SOXS,797,0.001498048446166971,0.0017155079272195542
SOXS,798,0.0013562464618787045,0.0015496492453599437
SOXS,799,0.0013844032957541143,0.0015716089393858982
SOXS,800,0.0013861012553443588,0.001573098152216409
SOXS,801,0.0013121617895009746,0.0015020807141244144
SOXS,802,0.0013089180143679737,0.0014974421974564365
SOXS,803,0.0013417293775671417,0.0015294299917710799
SOXS,804,0.0012290315509574479,0.0014075721574532826
SOXS,805,0.0014995729807681035,0.0017112311764841332
SOXS,806,0.0013126984572687497,0.001503715765820815
SOXS,807,0.001280421842344031,0.0014559413636150839
SOXS,808,0.0012524782456567228,0.0014296412232916705
SOXS,809,0.0013912485763896258,0.0015779960924852659
SOXS,810,0.00146293000943326,0.0016658549598059086
SOXS,811,0.0011692987380687197,0.0013363756822406929
SOXS,812,0.0012405781692309819,0.0014083302157854168
SOXS,813,0.0012071488460964031,0.0013788332444538284
SOXS,814,0.0012482019191226885,0.0014279523065868225
SOXS,815,0.0012849441395214566,0.0014683983438876346
SOXS,816,0.0012894443473068183,0.001471918664874534
SOXS,817,0.0013388655962180574,0.001525652418543834
SOXS,818,0.0012483520235771878,0.0014225123257249467
SOXS,819,0.0010686833899800413,0.0012207567110456312
SOXS,820,0.0013096551343995282,0.0014949658405729613
SOXS,821,0.001228108268241933,0.0014004504486715913
SOXS,822,0.0012590422710855782,0.0014319741582844929
SOXS,823,0.0014008209528934112,0.0015985384752270084
SOXS,824,0.0010898045131894766,0.0012414059221967776
SOXS,825,0.001251398725030177,0.0014392285233085292
SOXS,826,0.001351766901837493,0.0015362664953306813
SOXS,827,0.0013594805640409374,0.001538093620809733
SOXS,828,0.0011723716487307204,0.0013333705084035848
SOXS,829,0.0011382764773035154,0.001300635944212868
SOXS,830,0.00123758151592728,0.0014136621967519216
SOXS,831,0.0012121968354240399,0.001381394623967392
SOXS,832,0.0011325471736387427,0.0013011201235495619
SOXS,833,0.0012951030846361396,0.0014718446965141705
SOXS,834,0.0010970277332276153,0.0012486698962828973
SOXS,835,0.0012514722031988325,0.001429610248623925
SOXS,836,0.0012213947409042904,0.00139062868087741
SOXS,837,0.0010844709804766737,0.0012396178488753452
SOXS,838,0.0012403655690752748,0.001399750863070772
SOXS,839,0.0011026782731095041,0.0012463948469174986
SOXS,840,0.0016349944442139764,0.0018759777437689733
SOXS,841,0.001470271336877922,0.0016858509265746402
SOXS,842,0.001612204444368729,0.0018344462570467723
SOXS,843,0.0012585555943436487,0.0014439714003932924
SOXS,844,0.001323888417467225,0.0015139670602039035
SOXS,845,0.0015003770196751658,0.0017155925126986695
SOXS,846,0.0014469193782624828,0.0016569995657373055
SOXS,847,0.001308293727981314,0.0015020956804958012
SOXS,848,0.001219099860736984,0.001393819396141614
SOXS,849,0.001114494622732442,0.001275486667417201
SOXS,850,0.001282224548456408,0.0014692400550496082
SOXS,851,0.0012871047896898325,0.0014708147306849333
SOXS,852,0.001069822448775171,0.0012267463360728429
SOXS,853,0.001152496366432051,0.0013125552088768424
SOXS,854,0.0010509640167843423,0.0011997927928633061
SOXS,855,0.0012551533958411805,0.0014334810364897133
SOXS,856,0.0011638246625907958,0.0013245572416014219
SOXS,857,0.001118967678456671,0.0012813717919233673
SOXS,858,0.0012027036232071105,0.0013750153645944838
SOXS,859,0.0011855521800712518,0.0013482593386715596
SOXS,860,0.0011781088839453962,0.001346409102762681
SOXS,861,0.0011685903812127714,0.0013319172852198336
SOXS,862,0.0012443046160398098,0.0014195419027523133
SOXS,863,0.0011431182446142855,0.0012978065523037395
SOXS,864,0.001061011655831429,0.001212320622400864
SOXS,865,0.0012993778745438512,0.0014826752776884284
SOXS,866,0.0010762703280125857,0.0012362873367743254
SOXS,867,0.0011835871209151957,0.0013449025243835364
SOXS,868,0.0011941001678613301,0.001360743029914903
SOXS,869,0.0011411425052464067,0.0012904141333597696
SOXS,870,0.0013271817981123438,0.0015172635028532597
SOXS,871,0.001321667844004982,0.0015068664732134503
SOXS,872,0.0012819414993190989,0.0014597633999109284
SOXS,873,0.0012295520607555946,0.001398291954410548
SOXS,874,0.0011937356413271056,0.0013644589304436722
SOXS,875,0.001391913889247992,0.001576356128597401
SOXS,876,0.0012493509701804577,0.0014258890348817859
SOXS,877,0.0011990841678915034,0.001367761164039918
SOXS,878,0.0011588557440439114,0.0013267588764190772
SOXS,879,0.0012104494970120007,0.0013780566191611138
SOXS,880,0.0012336879394134932,0.001408658573133084
SOXS,881,0.0012915897576794328,0.0014712028999700716
SOXS,882,0.0010312108897874035,0.0011822472181795848
SOXS,883,0.0011406950625605574,0.0013065498281262555
SOXS,884,0.0011158603097235532,0.0012716412252402355
SOXS,885,0.0014168682439216706,0.0016236627138935633
SOXS,886,0.0011812849193313683,0.0013554330072464622
SOXS,887,0.0011519783698720509,0.001320752020202421
SOXS,888,0.00113215728697255,0.0012954664114535632
SOXS,889,0.0010295317702875841,0.0011830310485824499
SOXS,890,0.00114031165449633,0.0013065162399933283
SOXS,891,0.001187062136220232,0.0013581889117800436
SOXS,892,0.0012331766611112394,0.0014104991253487127
SOXS,893,0.0010737518727356385,0.0012398961352831687
SOXS,894,0.0011413163345239178,0.0013060892100947
SOXS,895,0.0012489252947582641,0.0014386912942453796
SOXS,896,0.0012757774663681672,0.001461952033280681
SOXS,897,0.0012847329701238647,0.0014692226149491912
SOXS,898,0.0013250763848200843,0.001510188726275733
SOXS,899,0.0011673150816645988,0.0013422778458152215
SOXS,900,0.001941712677695162,0.0022159065904724454
SOXS,901,0.0015991207360834157,0.001837336173965685
SOXS,902,0.0015194738765359158,0.001740214667472357
SOXS,903,0.0013607551688706696,0.0015589533774727834
SOXS,904,0.0013391076155426626,0.0015511870762219826
SOXS,905,0.0014181765682173308,0.0016360054421919875
SOXS,906,0.001623060723967358,0.0018622576038106837
SOXS,907,0.001470275959991748,0.0016946450289201732
SOXS,908,0.001490846279734296,0.001715716750552448
SOXS,909,0.0012744927611401929,0.0014641468343822993
SOXS,910,0.001646458990724507,0.0018778228928695978
SOXS,911,0.0015432326597774558,0.001766249327848437
SOXS,912,0.0014033951507531003,0.0016009955861963857
SOXS,913,0.001468755596931952,0.0016785097732533007
SOXS,914,0.001321806183670996,0.001529376216247445
SOXS,915,0.0015488663208439609,0.0017746393865453536
SOXS,916,0.0014572721822375873,0.001667187058831691
SOXS,917,0.0013368080986041575,0.0015274477152540753
SOXS,918,0.00138992578058481,0.0015989545084297094
SOXS,919,0.0013474994146225661,0.0015492077143848327
SOXS,920,0.001384500551523393,0.0015898597939871446
SOXS,921,0.0013017685091131312,0.0014928052867030184
SOXS,922,0.001362140341491531,0.0015562989572781153
SOXS,923,0.0012978248009810336,0.0015001587934759693
SOXS,924,0.0012356311272860598,0.001421138634037981
SOXS,925,0.0015754224568068297,0.0018064583303226383
SOXS,926,0.001461543724205179,0.0016925033047416878
SOXS,927,0.001429075880661582,0.001642747609864925
SOXS,928,0.0013598576505325906,0.0015666431819436626
SOXS,929,0.001491426570209373,0.0017196184249118382
SOXS,930,0.00279899817321524,0.003271256255993205
SOXS,931,0.0019901523840811374,0.0023041945027442354
SOXS,932,0.0015878717131505523,0.0018296364931765553
SOXS,933,0.00148702660170972,0.001710517748912858
SOXS,934,0.0012415257830397848,0.0014345846984331193
SOXS,935,0.0014883502496312161,0.0017255287879809455
SOXS,936,0.00154958230583472,0.001779490989952233
SOXS,937,0.0014562957175706483,0.0016786091019318874
SOXS,938,0.0013835060145638452,0.0015991817423111694
SOXS,939,0.0013570769566334897,0.001557827774868034
SOXS,940,0.0016222286552419747,0.0018609942664289995
SOXS,941,0.0016061060613113444,0.0018397059726105106
SOXS,942,0.0014390867075882794,0.0016501824636624644
SOXS,943,0.0013807303086168987,0.0015901889544381908
SOXS,944,0.0014832546999027727,0.001716743667276713
SOXS,945,0.0017101419514274523,0.0019819629404733046
SOXS,946,0.0018361385239768306,0.0021133380670459194
SOXS,947,0.0015159329441334869,0.001745216140672403
SOXS,948,0.001523221526709741,0.0017552051623428505
SOXS,949,0.0015346549722759755,0.0017679781772146049
SOXS,950,0.0041958838030247535,0.004864821931493797
SOXS,951,0.002442273165332342,0.0028071254853235237
SOXS,952,0.0027407051240963816,0.0031532500728802784
SOXS,953,0.0028271041098043687,0.0032582092227392
SOXS,954,0.003254974667211274,0.0037723965864076324
SOXS,955,0.004246914472162578,0.004940324087920805
SOXS,956,0.0022282921036296736,0.0025817767665265476
SOXS,957,0.002458758867805176,0.00286707046914681
SOXS,958,0.0025338570089633375,0.0029514189653009797
SOXS,959,0.0054230911658724144,0.006299141422722937
SOXS,960,0.0004438618436916754,
SOXS,961,0.0004318097782903647,
SOXS,962,0.00038408927621037467,
SOXS,963,0.0003777099855216766,
SOXS,964,0.0003222301774956383,
SOXS,965,0.00041077818537539113,
SOXS,966,0.0003657377437802708,
SOXS,967,0.0003223526706273145,
SOXS,968,0.00029337722239202227,
SOXS,969,0.00033997102651604766,
SOXS,970,0.00027092761846734235,
SOXS,971,0.0002883286451841724,
SOXS,972,0.00025500920153541796,
SOXS,973,0.0002484769159291733,
SOXS,974,0.00024549092097153835,
SOXS,975,0.00032746609083272936,
SOXS,976,0.0002645334030622059,
SOXS,977,0.00025068699989539415,
SOXS,978,0.00023091334749169177,
SOXS,979,0.0002316875760502811,
SOXS,980,0.00024221631385673922,
SOXS,981,0.00022389084405954415,
SOXS,982,0.00022048244216256455,
SOXS,983,0.00020879013060407515,
SOXS,984,0.0001828422559776045,
SOXS,985,0.00019629427313978855,
SOXS,986,0.00018958879220727726,
SOXS,987,0.0001923338875213779,
SOXS,988,0.00017544704146239994,
SOXS,989,0.00017175333657563715,
SOXS,990,0.00019209949998212956,
SOXS,991,0.00019092671168187503,
SOXS,992,0.000176082572497718,
SOXS,993,0.00018714082027685162,
SOXS,994,0.00018482585432795138,
SOXS,995,0.00016299571511799329,
SOXS,996,0.00015179971089525162,
SOXS,997,0.00014886575289251852,
SOXS,998,0.00015949300761988237,
SOXS,999,0.0001387919740051094,
SOXS,1000,0.00014890842488239763,
SOXS,1001,0.00015210707537676848,
SOXS,1002,0.00014440803662094708,
SOXS,1003,0.0001453215366296636,
SOXS,1004,0.0001196866544102144,
SOXS,1005,0.00013613363425681136,
SOXS,1006,0.00012638231443819092,
SOXS,1007,0.00011982970667984598,
SOXS,1008,0.00012731118074251808,
SOXS,1009,0.0001264032688827664,
SOXS,1010,0.00014049021804101556,
SOXS,1011,0.00011372768212519779,
SOXS,1012,0.0001041527423016888,
SOXS,1013,0.00011428141918300567,
SOXS,1014,0.00011890682598579981,
SOXS,1015,0.00013716309908478664,
SOXS,1016,0.00011179679293241278,
SOXS,1017,0.0001183638709741755,
SOXS,1018,0.00011288452576904652,
SOXS,1019,0.00013424246146938809,
SOXS,1020,0.0001229382943759021,
SOXS,1021,0.000124417460595982,
SOXS,1022,0.00011478672921836602,
SOXS,1023,0.00010107356864244906,
SOXS,1024,0.00010901650794896383,
SOXS,1025,0.00011689502216650053,
SOXS,1026,0.00010812946959888074,
SOXS,1027,0.00012198090968145647,
SOXS,1028,0.00012240403453521838,
SOXS,1029,0.00010465101534186651,
SOXS,1030,0.0001001904093987457,
SOXS,1031,0.00012385317912616073,
SOXS,1032,0.0001202361014423872,
SOXS,1033,0.00011888929604728321,
SOXS,1034,0.0001096878495075972,
SOXS,1035,0.00010413759179192022,
SOXS,1036,0.0001437002566692359,
SOXS,1037,0.00012108362099297112,
SOXS,1038,0.00012433620137181965,
SOXS,1039,0.00012447047441524272,
SOXS,1040,9.841774602221644e-05,
SOXS,1041,0.00011558188615291083,
SOXS,1042,9.566819902869406e-05,
SOXS,1043,0.00010854754796068658,
SOXS,1044,9.902004788495322e-05,
SOXS,1045,8.89957240266472e-05,
SOXS,1046,7.181149731563153e-05,
SOXS,1047,8.674093423361587e-05,
SOXS,1048,9.182511670609571e-05,
SOXS,1049,9.500412401511845e-05,
SOXS,1050,9.420046795407118e-05,
SOXS,1051,9.530811133160807e-05,
SOXS,1052,8.105543450429587e-05,
SOXS,1053,7.396875704208398e-05,
SOXS,1054,7.902185675742904e-05,
SOXS,1055,9.002850688802919e-05,
SOXS,1056,8.932419746258617e-05,
SOXS,1057,8.963542080160326e-05,
SOXS,1058,8.15956990764029e-05,
SOXS,1059,9.344083179759027e-05,
SOXS,1060,9.69728303228673e-05,
SOXS,1061,8.594575419553616e-05,
SOXS,1062,8.675043820504962e-05,
SOXS,1063,8.595081311990239e-05,
SOXS,1064,8.123381436706224e-05,
SOXS,1065,9.592741311231591e-05,
SOXS,1066,7.985778351257327e-05,
SOXS,1067,7.633944502777397e-05,
SOXS,1068,7.151369948983017e-05,
SOXS,1069,7.99327730247932e-05,
SOXS,1070,7.503784842181133e-05,
SOXS,1071,7.271057284507925e-05,
SOXS,1072,7.621844555248218e-05,
SOXS,1073,8.563863704047046e-05,
SOXS,1074,7.344041732498131e-05,
SOXS,1075,7.444071936988358e-05,
SOXS,1076,7.664812452170581e-05,
SOXS,1077,8.015339641407544e-05,
SOXS,1078,8.254245136062326e-05,
SOXS,1079,8.67466081289947e-05,
SOXS,1080,0.00018269012153294964,
SOXS,1081,0.00011898704954362679,
SOXS,1082,0.00011218484940530527,
SOXS,1083,0.00010865654859151469,
SOXS,1084,0.00010918389789291002,
SOXS,1085,9.921687839209121e-05,
SOXS,1086,0.00010357108696985473,
SOXS,1087,0.00010576648052296069,
SOXS,1088,0.00012521858433297946,
SOXS,1089,0.00011345270277926802,
SOXS,1090,9.279540896640749e-05,
SOXS,1091,0.00010364473973457878,
SOXS,1092,0.00011559131588299405,
SOXS,1093,0.00011055620380589209,
SOXS,1094,0.00010109441257670056,
SOXS,1095,0.00010193838970392753,
SOXS,1096,8.901309347339917e-05,
SOXS,1097,8.980481230127531e-05,
SOXS,1098,7.884494824131706e-05,
SOXS,1099,8.470953062399572e-05,
SOXS,1100,8.911713180786242e-05,
SOXS,1101,9.139746894346756e-05,
SOXS,1102,9.079474252542809e-05,
SOXS,1103,8.739721511846012e-05,
SOXS,1104,8.948939495525757e-05,
SOXS,1105,9.371979561553766e-05,
SOXS,1106,9.831632153809536e-05,
SOXS,1107,8.061949880610288e-05,
SOXS,1108,7.955317478745341e-05,
SOXS,1109,8.502497289339542e-05,
SOXS,1110,8.886044727784269e-05,
SOXS,1111,9.293485104683081e-05,
SOXS,1112,0.00010376841316975457,
SOXS,1113,9.476160018658245e-05,
SOXS,1114,9.07436810295662e-05,
SOXS,1115,8.558687877325271e-05,
SOXS,1116,8.766795386415918e-05,
SOXS,1117,9.772388212048903e-05,
SOXS,1118,0.00010138223156061664,
SOXS,1119,9.216561690204225e-05,
SOXS,1120,7.947053338903609e-05,
SOXS,1121,7.702013853745084e-05,
SOXS,1122,8.299665423096635e-05,
SOXS,1123,9.911003973386296e-05,
SOXS,1124,9.622596625421607e-05,
SOXS,1125,9.271851131201191e-05,
SOXS,1126,7.733400783518845e-05,
SOXS,1127,8.503242059773284e-05,
SOXS,1128,9.073897102832867e-05,
SOXS,1129,8.614699512012909e-05,
SOXS,1130,7.938406299188239e-05,
SOXS,1131,8.328566051495688e-05,
SOXS,1132,9.193210642159292e-05,
SOXS,1133,9.1718007897324e-05,
SOXS,1134,9.575248473868909e-05,
SOXS,1135,9.158667963332958e-05,
SOXS,1136,8.839494342101287e-05,
SOXS,1137,8.754435807864393e-05,
SOXS,1138,0.00010378357805135856,
SOXS,1139,0.00010266013873792604,
SOXS,1140,8.589182769231052e-05,
SOXS,1141,8.060714151444141e-05,
SOXS,1142,8.755437709699454e-05,
SOXS,1143,8.318318951485695e-05,
SOXS,1144,7.51134678977322e-05,
SOXS,1145,8.301703118644642e-05,
SOXS,1146,7.847049628528743e-05,
SOXS,1147,7.381795650066848e-05,
SOXS,1148,7.473106803026225e-05,
SOXS,1149,8.694452368104556e-05,
SOXS,1150,7.426171202578551e-05,
SOXS,1151,7.672432465718744e-05,
SOXS,1152,8.25286994874002e-05,
SOXS,1153,9.321299528597583e-05,
SOXS,1154,7.870419217968139e-05,
SOXS,1155,7.953490351410044e-05,
SOXS,1156,6.812281995224794e-05,
SOXS,1157,7.785282873573526e-05,
SOXS,1158,7.477383758467178e-05,
SOXS,1159,7.547975043895292e-05,
SOXS,1160,8.406431037647533e-05,
SOXS,1161,7.375028597971379e-05,
SOXS,1162,8.010675817077168e-05,
SOXS,1163,9.08470344022829e-05,
SOXS,1164,8.261337325772027e-05,
SOXS,1165,9.455889211747093e-05,
SOXS,1166,8.146749475541766e-05,
SOXS,1167,7.106637562835595e-05,
SOXS,1168,7.3778025111476e-05,
SOXS,1169,7.21503375138875e-05,
SOXS,1170,8.590210370428216e-05,
SOXS,1171,7.490146738550761e-05,
SOXS,1172,7.741297739163677e-05,
SOXS,1173,8.128619483290578e-05,
SOXS,1174,8.390273370828323e-05,
SOXS,1175,8.50094871135679e-05,
SOXS,1176,7.141591725099733e-05,
SOXS,1177,8.427947761027492e-05,
SOXS,1178,8.173535688865482e-05,
SOXS,1179,7.568503772945821e-05,
SOXS,1180,8.220912865712706e-05,
SOXS,1181,8.763924661911884e-05,
SOXS,1182,9.721857885283745e-05,
SOXS,1183,7.64661250411358e-05,
SOXS,1184,8.798892329384538e-05,
SOXS,1185,9.900497098395939e-05,
SOXS,1186,9.886812436812008e-05,
SOXS,1187,9.024665536075574e-05,
SOXS,1188,9.592600842951806e-05,
SOXS,1189,9.031462415854865e-05,
SOXS,1190,0.0001150537476069755,
SOXS,1191,9.450305652483238e-05,
SOXS,1192,8.111132316364622e-05,
SOXS,1193,8.885518719098828e-05,
SOXS,1194,0.00010004304943071891,
SOXS,1195,0.00010138581501795813,
SOXS,1196,0.00010442837229846626,
SOXS,1197,0.00012395877760588563,
SOXS,1198,0.00014667781377308476,
SOXS,1199,0.00020854581912369826,
SOXX,240,0.0007654529032433731,
SOXX,241,0.0012363244865067399,
SOXX,242,0.0007785968139573797,
SOXX,243,0.0004784589999620897,
SOXX,244,0.000281807222378262,
SOXX,245,0.0002638842564893086,
SOXX,246,0.0001985932788641978,
SOXX,247,0.00014279213173970458,
SOXX,248,0.0001228157328940383,
SOXX,249,9.328858631191774e-05,
SOXX,250,8.409867625318872e-05,
SOXX,251,8.749112423374798e-05,
SOXX,252,7.470831402290912e-05,
SOXX,253,6.955926711618548e-05,
SOXX,254,6.570816866524311e-05,
SOXX,255,4.4604316108546947e-05,
SOXX,256,5.481234643657044e-05,
SOXX,257,5.5823320732457246e-05,
SOXX,258,4.993805827497803e-05,
SOXX,259,4.907349570779349e-05,
SOXX,260,5.337289423614645e-05,
SOXX,261,4.8828651907705194e-05,
SOXX,262,4.3946512418192285e-05,
SOXX,263,4.4695427493997204e-05,
SOXX,264,6.192870894195956e-05,
SOXX,265,6.268602641299666e-05,
SOXX,266,3.8582580565455774e-05,
SOXX,267,4.551199122683525e-05,
SOXX,268,6.097816133061116e-05,
SOXX,269,4.723892348956823e-05,
SOXX,270,6.873879466856272e-05,
SOXX,271,4.727747241808094e-05,
SOXX,272,4.3483742927904414e-05,
SOXX,273,3.466461283633968e-05,
SOXX,274,4.134169099773735e-05,
SOXX,275,5.490871067010348e-05,
SOXX,276,5.746450917839077e-05,
SOXX,277,3.1457564637736375e-05,
SOXX,278,4.989304394464302e-05,
SOXX,279,3.557902792684023e-05,
SOXX,280,3.8487702441693e-05,
SOXX,281,4.48189186904263e-05,
SOXX,282,3.701517204848938e-05,
SOXX,283,5.783938253468089e-05,
SOXX,284,4.162432871600637e-05,
SOXX,285,4.798045717121675e-05,
SOXX,286,4.3272673693790284e-05,
SOXX,287,5.5572977230219315e-05,
SOXX,288,4.557497834970062e-05,
SOXX,289,3.919684282603473e-05,
SOXX,290,2.6843384794328163e-05,
SOXX,291,5.35789538176551e-05,
SOXX,292,3.498714722615558e-05,
SOXX,293,3.959007036696084e-05,
SOXX,294,4.662925820589198e-05,
SOXX,295,3.864602598546831e-05,
SOXX,296,2.909814060452583e-05,
SOXX,297,3.367906292532836e-05,
SOXX,298,3.2751917946014826e-05,
SOXX,299,3.011985409378708e-05,
SOXX,300,4.727367605948002e-05,
SOXX,301,3.094527088981802e-05,
SOXX,302,5.089534845825461e-05,
SOXX,303,4.283356355845661e-05,
SOXX,304,3.8067892816849436e-05,
SOXX,305,3.318244815776379e-05,
SOXX,306,3.8232869994938e-05,
SOXX,307,4.1734889601624317e-05,
SOXX,308,3.335954945149701e-05,
SOXX,309,2.6195287385312253e-05,
SOXX,310,3.411129424809231e-05,
SOXX,311,3.433792697893708e-05,
SOXX,312,3.47750521939949e-05,
SOXX,313,3.4810271792832415e-05,
SOXX,314,3.505459751350683e-05,
SOXX,315,4.182974267960292e-05,
SOXX,316,4.342608437857476e-05,
SOXX,317,3.0359754847844318e-05,
SOXX,318,3.272420195045501e-05,
SOXX,319,2.9799310321803804e-05,
SOXX,320,3.335613162954974e-05,
SOXX,321,2.584052434483674e-05,
SOXX,322,2.1378343098667804e-05,
SOXX,323,3.3106793311521364e-05,
SOXX,324,2.068614305365475e-05,
SOXX,325,3.839776660185565e-05,
SOXX,326,3.4733200605035094e-05,
SOXX,327,2.0897836634805526e-05,
SOXX,328,3.348977059912572e-05,
SOXX,329,3.076899105136009e-05,
SOXX,330,3.39665948994087e-05,
SOXX,331,3.091651220214342e-05,
SOXX,332,1.829665505996433e-05,
SOXX,333,3.2934178980219785e-05,
SOXX,334,3.532864639678972e-05,
SOXX,335,2.9622636562729576e-05,
SOXX,336,2.9627892844118754e-05,
SOXX,337,3.87845837312143e-05,
SOXX,338,2.8056983617189862e-05,
SOXX,339,4.053413089100099e-05,
SOXX,340,2.075872764121989e-05,
SOXX,341,3.094699418608023e-05,
SOXX,342,3.2095367878456346e-05,
SOXX,343,3.558096815122649e-05,
SOXX,344,3.0915874708751866e-05,
SOXX,345,3.499193227080067e-05,
SOXX,346,2.6646224154089335e-05,
SOXX,347,2.969782656902132e-05,
SOXX,348,2.974183654440445e-05,
SOXX,349,2.4457751753149947e-05,
SOXX,350,2.4095685037355016e-05,
SOXX,351,4.829652703389579e-05,
SOXX,352,4.117654891881299e-05,
SOXX,353,4.214473993518667e-05,
SOXX,354,3.722274797643179e-05,
SOXX,355,3.2257284010820104e-05,
SOXX,356,2.725605226073548e-05,
SOXX,357,3.003124369445914e-05,
SOXX,358,2.5033276057555757e-05,
SOXX,359,2.517682016101928e-05,
SOXX,360,3.9131110799851866e-05,
SOXX,361,3.3192468312544746e-05,
SOXX,362,3.679064352719797e-05,
SOXX,363,2.432717947390195e-05,
SOXX,364,3.410560521940012e-05,
SOXX,365,3.166596744170416e-05,
SOXX,366,2.6928932644842154e-05,
SOXX,367,3.2021949217114236e-05,
SOXX,368,3.619694581558629e-05,
SOXX,369,3.284678379825051e-05,
SOXX,370,2.4112953698691822e-05,
SOXX,371,3.925427478362248e-05,
SOXX,372,3.471095705072157e-05,
SOXX,373,3.678475431696529e-05,
SOXX,374,3.640853014214706e-05,
SOXX,375,2.302410911631756e-05,
SOXX,376,4.0925405597522825e-05,
SOXX,377,3.605696410793351e-05,
SOXX,378,3.8423605218028133e-05,
SOXX,379,3.431917839545417e-05,
SOXX,380,3.9369349563850626e-05,
SOXX,381,2.6798467854011348e-05,
SOXX,382,6.672713692253737e-05,
SOXX,383,3.042171073750483e-05,
SOXX,384,3.829165075440035e-05,
SOXX,385,4.583862353028089e-05,
SOXX,386,4.373464223338569e-05,
SOXX,387,3.004145690907842e-05,
SOXX,388,3.987775816373182e-05,
SOXX,389,3.568747454889772e-05,
SOXX,390,4.322479799658298e-05,
SOXX,391,5.248522722538243e-05,
SOXX,392,4.02331618468983e-05,
SOXX,393,2.8013286023930985e-05,
SOXX,394,2.5203656521221348e-05,
SOXX,395,2.9302361044875917e-05,
SOXX,396,3.2914643762807294e-05,
SOXX,397,2.5516480611155028e-05,
SOXX,398,2.1818635273380846e-05,
SOXX,399,3.193130777952384e-05,
SOXX,400,5.083136453833176e-05,
SOXX,401,3.3572339867220565e-05,
SOXX,402,2.920665610264437e-05,
SOXX,403,1.9940814959113593e-05,
SOXX,404,2.8825015631312477e-05,
SOXX,405,3.62566033482643e-05,
SOXX,406,3.126931068726583e-05,
SOXX,407,2.9035591539519444e-05,
SOXX,408,2.8560053722908284e-05,
SOXX,409,2.9856613565477515e-05,
SOXX,410,2.8010519618276993e-05,
SOXX,411,2.480197418035245e-05,
SOXX,412,2.6134558193200847e-05,
SOXX,413,2.2766491113808467e-05,
SOXX,414,1.8680614467852377e-05,
SOXX,415,2.8754978272555397e-05,
SOXX,416,2.8171244119540604e-05,
SOXX,417,3.779436439270926e-05,
SOXX,418,3.803085133262552e-05,
SOXX,419,3.974269411256767e-05,
SOXX,420,0.00020431457866574809,
SOXX,421,0.00010424416153941752,
SOXX,422,9.515199066629906e-05,
SOXX,423,7.063985722262852e-05,
SOXX,424,9.555352933313678e-05,
SOXX,425,0.0001291862296325418,
SOXX,426,7.70482338439135e-05,
SOXX,427,8.451173155813614e-05,
SOXX,428,7.196871173694922e-05,
SOXX,429,7.858121768119071e-05,
SOXX,430,6.387174098512292e-05,
SOXX,431,6.089752085747953e-05,
SOXX,432,6.403426002320875e-05,
SOXX,433,5.570082681233691e-05,
SOXX,434,7.736630149049205e-05,
SOXX,435,6.778793156706854e-05,
SOXX,436,6.762615987320082e-05,
SOXX,437,8.084901726704338e-05,
SOXX,438,6.667940463269595e-05,
SOXX,439,6.698818490353652e-05,
SOXX,440,7.983507877188718e-05,
SOXX,441,5.6499781693912916e-05,
SOXX,442,6.66908060378193e-05,
SOXX,443,7.361462206957294e-05,
SOXX,444,5.0241946337687794e-05,
SOXX,445,5.670637463318079e-05,
SOXX,446,7.468443490787804e-05,
SOXX,447,5.643564152725055e-05,
SOXX,448,6.344274190067556e-05,
SOXX,449,6.735819852621347e-05,
SOXX,450,6.921769954013668e-05,
SOXX,451,7.549964557238742e-05,
SOXX,452,8.621157838028493e-05,
SOXX,453,8.758709857670896e-05,
SOXX,454,8.864012581572267e-05,
SOXX,455,5.7587406891217886e-05,
SOXX,456,7.612869961990778e-05,
SOXX,457,8.503620145488223e-05,
SOXX,458,6.855561811547987e-05,
SOXX,459,6.221835517532148e-05,
SOXX,460,6.0345847886756315e-05,
SOXX,461,7.300169230836202e-05,
SOXX,462,5.7902144503037285e-05,
SOXX,463,8.668523802665832e-05,
SOXX,464,5.921822684326544e-05,
SOXX,465,7.225381023000473e-05,
SOXX,466,9.52975214729054e-05,
SOXX,467,8.392858100768586e-05,
SOXX,468,7.087467259949173e-05,
SOXX,469,9.233153354555074e-05,
SOXX,470,7.047518260338514e-05,
SOXX,471,7.91627708910565e-05,
SOXX,472,6.148662372902148e-05,
SOXX,473,5.5844952182024196e-05,
SOXX,474,5.9989419871955994e-05,
SOXX,475,5.071233143703273e-05,
SOXX,476,6.046613559216748e-05,
SOXX,477,5.4135034105998376e-05,
SOXX,478,8.004505486334012e-05,
SOXX,479,4.8418659372692795e-05,
SOXX,480,0.0007751195054989582,
SOXX,481,0.00045424989241976406,
SOXX,482,0.0003557663146064522,
SOXX,483,0.00021562728963121834,
SOXX,484,0.00011365749626537882,
SOXX,485,0.000145414022533264,
SOXX,486,0.00012524248079176606,
SOXX,487,9.411608565830366e-05,
SOXX,488,0.00012517338257005933,
SOXX,489,9.82206392830389e-05,
SOXX,490,8.151860523282225e-05,
SOXX,491,9.404584012719856e-05,
SOXX,492,8.269109390681101e-05,
SOXX,493,8.161704155866355e-05,
SOXX,494,0.000109926828051405,
SOXX,495,8.257064001916901e-05,
SOXX,496,0.00010302050728652825,
SOXX,497,9.063941850166416e-05,
SOXX,498,9.485110965237349e-05,
SOXX,499,8.530885574758543e-05,
SOXX,500,0.00010393039892520148,
SOXX,501,9.254161701302216e-05,
SOXX,502,8.580035002752736e-05,
SOXX,503,8.529635665884236e-05,
SOXX,504,7.843622004075049e-05,
SOXX,505,9.230142446985195e-05,
SOXX,506,7.76874704056701e-05,
SOXX,507,8.066950275584907e-05,
SOXX,508,5.89652088310042e-05,
SOXX,509,9.859886095210009e-05,
SOXX,510,0.00026440307503674106,
SOXX,511,0.00014997991755178434,
SOXX,512,0.0001573031442984443,
SOXX,513,0.0001569343678717059,
SOXX,514,0.000145124086134977,
SOXX,515,0.0001572905809713028,
SOXX,516,0.0001390937570115249,
SOXX,517,0.00011962226516364723,
SOXX,518,0.0001263915678773216,
SOXX,519,0.00013647444080740992,
SOXX,520,0.00014429250487650694,
SOXX,521,0.00014061382514789903,
SOXX,522,0.0001306156441805974,
SOXX,523,0.00011143342900956857,
SOXX,524,0.00015328108861656367,
SOXX,525,0.00011218899761314315,
SOXX,526,0.00011349852426127797,
SOXX,527,9.934110017293731e-05,
SOXX,528,0.00016059278936841277,
SOXX,529,9.338326891949812e-05,
SOXX,530,0.00013894343014974632,
SOXX,531,0.00010677354510217222,
SOXX,532,0.00010814307247379147,
SOXX,533,0.00011515878209509383,
SOXX,534,9.03997919072863e-05,
SOXX,535,0.0001323271700962439,
SOXX,536,0.00020319474975958522,
SOXX,537,0.00013224726345925655,
SOXX,538,0.00011127062850667438,
SOXX,539,8.714426531751591e-05,
SOXX,540,0.0001773820121149941,
SOXX,541,0.00010380656591409773,
SOXX,542,8.91926992692736e-05,
SOXX,543,0.0001506401404211381,
SOXX,544,0.00011617153587237056,
SOXX,545,0.0001350691039445905,
SOXX,546,9.89862223500107e-05,
SOXX,547,0.00011044491316039294,
SOXX,548,0.00014066796075445264,
SOXX,549,0.00010783171587340143,
SOXX,550,0.00011788305803734692,
SOXX,551,0.0001072168271892416,
SOXX,552,0.00013953611781329233,
SOXX,553,0.00010463441918381144,
SOXX,554,0.00010405622910114625,
SOXX,555,0.0001027781528348944,
SOXX,556,9.613122191499807e-05,
SOXX,557,0.00011739275188684902,
SOXX,558,0.00011154687552098569,
SOXX,559,9.739388177815832e-05,
SOXX,560,0.00012202637752507771,
SOXX,561,0.00011191655505761453,
SOXX,562,0.00011254570868495108,
SOXX,563,8.875923740161159e-05,
SOXX,564,0.00013176384040656193,
SOXX,565,0.00026803422231219226,
SOXX,566,0.00014587902067863027,
SOXX,567,0.00025205134946416875,
SOXX,568,0.0002669397042197506,
SOXX,569,0.00043457780167853406,
SOXX,570,0.017684416033508173,0.018781228499451227
SOXX,571,0.008048337263437738,0.008517143894512804
SOXX,572,0.00689716852708196,0.0072967468495175975
SOXX,573,0.006116520303642665,0.0064640765622691
SOXX,574,0.00554833949849418,0.005861180020149573
SOXX,575,0.006791230667580034,0.007175004832484308
SOXX,576,0.006587547912024529,0.006946923191069938
SOXX,577,0.006117506877221163,0.006444644294738772
SOXX,578,0.0059226820465248945,0.0062422649913441534
SOXX,579,0.005602901828001285,0.005912264246676025
SOXX,580,0.006128279825470761,0.006458748415287679
SOXX,581,0.005858415228638226,0.006166816042448569
SOXX,582,0.0052276839746361985,0.005520476411800633
SOXX,583,0.004987513515075164,0.005272196968891512
SOXX,584,0.004459296197917177,0.004704976782333567
SOXX,585,0.006423482909805251,0.006775906002300762
SOXX,586,0.0052380185149424555,0.005527976560780742
SOXX,587,0.004657317071260852,0.00490789663468358
SOXX,588,0.004430257298373674,0.004683588142332076
SOXX,589,0.004670606198465711,0.004934254773324787
SOXX,590,0.004786015956524954,0.005046298735725019
SOXX,591,0.004577303266999476,0.0048403684104373
SOXX,592,0.004191820285740612,0.004439616679472529
SOXX,593,0.003931828187734028,0.004151852277954167
SOXX,594,0.0038706049490139583,0.0040821324071544885
SOXX,595,0.003995769457315661,0.004221700710910226
SOXX,596,0.003937983507947035,0.00416039783897729
SOXX,597,0.0038089849269035913,0.004028680848760311
SOXX,598,0.003782964336436593,0.004009392628887652
SOXX,599,0.003637064761955502,0.00385200094125235
SOXX,600,0.005081142979235235,0.0053599210062100005
SOXX,601,0.004001844047542696,0.0042186109021624
SOXX,602,0.004197607672319155,0.004426940634659766
SOXX,603,0.0038497178991849035,0.004059959125260955
SOXX,604,0.0036386699335801817,0.003837643664624245
SOXX,605,0.003756873459733982,0.003960801748313475
SOXX,606,0.004028816833976785,0.004251170216897764
SOXX,607,0.0036873024556965343,0.0038955533269960955
SOXX,608,0.003599648416682424,0.00379745844713328
SOXX,609,0.0033880572449914363,0.003573389882768939
SOXX,610,0.003519570835359157,0.0037119332698825006
SOXX,611,0.0035647256714174936,0.0037606695386005005
SOXX,612,0.0034503480486231257,0.0036407830349200775
SOXX,613,0.0033725887562654484,0.0035652901137757016
SOXX,614,0.003292780999232991,0.003471899692190701
SOXX,615,0.003559641371321231,0.00375567215161448
SOXX,616,0.0035702391386117226,0.003764783850186606
SOXX,617,0.0030517938032397223,0.0032200761678169315
SOXX,618,0.00297001192447072,0.0031382235179000005
SOXX,619,0.002881275528871206,0.003045930292664569
SOXX,620,0.0031893934393821097,0.0033750511325969573
SOXX,621,0.003209026283674798,0.0033949793911795608
SOXX,622,0.003181009000298316,0.003353377073941286
SOXX,623,0.0031537180390447035,0.0033256863434333135
SOXX,624,0.0031578096127438935,0.003320805833872994
SOXX,625,0.003178418890679934,0.0033481837676127666
SOXX,626,0.0030456114937359065,0.003209772035223191
SOXX,627,0.002960415391314109,0.0031134187123921715
SOXX,628,0.00284859210457909,0.0029975524254722582
SOXX,629,0.0027057771010686863,0.0028487531386972805
SOXX,630,0.00308580642701344,0.0032475768247096043
SOXX,631,0.00285229535944674,0.0030000201259420133
SOXX,632,0.0028328629680902926,0.0029859506956760404
SOXX,633,0.002996814741541245,0.003165275741875726
SOXX,634,0.002879687132938939,0.0030378987477564148
SOXX,635,0.0028626888030924007,0.0030085068093462304
SOXX,636,0.0030458807642115217,0.003200686124402475
SOXX,637,0.002952107291807301,0.0031055783802847476
SOXX,638,0.0027544436764840126,0.002888802220258016
SOXX,639,0.002477169219220978,0.0026068883720540333
SOXX,640,0.002826776935377086,0.0029718749213055035
SOXX,641,0.0027756462385426523,0.0029178875707421936
SOXX,642,0.002461654207034173,0.0025904693589500873
SOXX,643,0.0024104986706789287,0.0025349609155632335
SOXX,644,0.002319894423981566,0.002446227562481221
SOXX,645,0.0025095856516013297,0.0026411553111731355
SOXX,646,0.002631753999759155,0.0027740555169338955
SOXX,647,0.002639473341182953,0.0027743766424358504
SOXX,648,0.0022448625240389384,0.0023679345142169996
SOXX,649,0.002269383959218194,0.0023904191307159528
SOXX,650,0.0023618374310851085,0.0024892916528812077
SOXX,651,0.002614642793889464,0.002747311250325918
SOXX,652,0.002341316656203723,0.0024635220635576506
SOXX,653,0.002239981707527534,0.0023589487385212936
SOXX,654,0.002244693126530659,0.0023614826587105386
SOXX,655,0.002443488737688773,0.002571247184237586
SOXX,656,0.002422826857484965,0.0025463211612719943
SOXX,657,0.0023035488106243024,0.0024218526566031117
SOXX,658,0.0024133670994140165,0.0025425235647808
SOXX,659,0.002407312417488291,0.002537952470058136
SOXX,660,0.0027703645351029125,0.0029167589816059816
SOXX,661,0.0030582736431036517,0.003225722284616682
SOXX,662,0.0030134021894775865,0.0031787342550497187
SOXX,663,0.0026503081831384667,0.0028038999738206356
SOXX,664,0.0027228482393894834,0.0028750683699449524
SOXX,665,0.0026969117026403224,0.002839867463930145
SOXX,666,0.00285740135630627,0.0030134525502415453
SOXX,667,0.0026733103434542593,0.0028162725605372016
SOXX,668,0.0026091556289422812,0.0027518986932794248
SOXX,669,0.002557441552558057,0.0026991519414209094
SOXX,670,0.0027992127843259875,0.002944509058137621
SOXX,671,0.002694676062501675,0.0028352110508479155
SOXX,672,0.0026765624897748764,0.0028172366857842496
SOXX,673,0.002582818796868774,0.0027149034535237492
SOXX,674,0.002433451242245252,0.0025629087253205966
SOXX,675,0.0028926427377568256,0.0030481668081895163
SOXX,676,0.002150525188677379,0.0022664389565031505
SOXX,677,0.0020356962724866296,0.002141889491998261
SOXX,678,0.0021124742139336018,0.0022311103181036455
SOXX,679,0.001964418975871764,0.0020712861442853774
SOXX,680,0.0021534537254946813,0.0022862250642661595
SOXX,681,0.0020247206004783873,0.002138335146111323
SOXX,682,0.0019641561222151897,0.0020708177492691437
SOXX,683,0.002245547137719036,0.0023628395706357893
SOXX,684,0.0020599693757100412,0.0021738977285119085
SOXX,685,0.002061761880872859,0.002175144492125371
SOXX,686,0.00191614657989709,0.0020217714640234797
SOXX,687,0.0019463306151754924,0.0020541419188495644
SOXX,688,0.001754036550727391,0.001854027289683497
SOXX,689,0.0016769226277768454,0.0017704537865752532
SOXX,690,0.0023150062084417726,0.0024481125479816792
SOXX,691,0.0016342407145390205,0.0017261962579036608
SOXX,692,0.0019810905537332667,0.0020965139500874795
SOXX,693,0.0017410539171051824,0.001833366052292933
SOXX,694,0.0018686251710691877,0.0019691174091722484
SOXX,695,0.0021582344977895854,0.002273813233155359
SOXX,696,0.002032364932402698,0.0021421161660328558
SOXX,697,0.001832425420045429,0.0019360722011941777
SOXX,698,0.0017065943092388627,0.0018022774092075213
SOXX,699,0.0016293790595126529,0.0017172395560793277
SOXX,700,0.0017598950905632833,0.0018545717155663557
SOXX,701,0.0016611031081415458,0.0017520636652885574
SOXX,702,0.0016022750603629202,0.0016881890296154757
SOXX,703,0.0016504222982145712,0.0017455298338200933
SOXX,704,0.0016263777604437002,0.0017163389727217976
SOXX,705,0.0018627020694431304,0.001964030788434903
SOXX,706,0.0017239817488753071,0.0018161309343461861
SOXX,707,0.0017665748747955029,0.0018604636470888026
SOXX,708,0.0017218981569059643,0.0018196841122278507
SOXX,709,0.0016326561767117252,0.0017299533747662848
SOXX,710,0.0018912975280515592,0.001988975529572768
SOXX,711,0.0017302156819701466,0.0018285654159515747
SOXX,712,0.0017251340240934377,0.0018183565739588127
SOXX,713,0.0017383818166430548,0.0018228416344149105
SOXX,714,0.001665279331605249,0.0017558784267894597
SOXX,715,0.0018753899291638872,0.0019745537720403205
SOXX,716,0.0016362803059536716,0.001723156666369577
SOXX,717,0.0016803568580393998,0.0017635452134200974
SOXX,718,0.0015588384662053886,0.0016419024457386027
SOXX,719,0.0015767710885967994,0.0016576930672616845
SOXX,720,0.0021986794088767036,0.002311084644682536
SOXX,721,0.0019070332756523742,0.0020083680598310654
SOXX,722,0.001826989645737795,0.001920776864407013
SOXX,723,0.0017742174626937657,0.0018753807709936065
SOXX,724,0.0017172906951361492,0.0018183662934613577
SOXX,725,0.0016096948866203995,0.0016970990101022577
SOXX,726,0.0017249799873729876,0.001816076734705271
SOXX,727,0.0016121052940953418,0.0016983181996848788
SOXX,728,0.0016537481899776935,0.0017450964757323687
SOXX,729,0.00147897966626424,0.0015596111759354368
SOXX,730,0.0016071412654716762,0.0016928566292532738
SOXX,731,0.0017141344001972729,0.001803801303470206
SOXX,732,0.0015151596517096533,0.0015970667464318008
SOXX,733,0.0015285107806130868,0.0016123254637013995
SOXX,734,0.0015035311866839459,0.0015863371197425821
SOXX,735,0.001692181562179264,0.0017883231088426897
SOXX,736,0.0016911947198218736,0.0017901706146943998
SOXX,737,0.0014295306299644723,0.0015065488000359738
SOXX,738,0.001481245295051191,0.0015617774884011991
SOXX,739,0.0013928565900659412,0.001467124487137053
SOXX,740,0.0014293395813472281,0.0015062149993247697
SOXX,741,0.0015021062457832445,0.0015829306829348564
SOXX,742,0.0014389945641112626,0.0015141692658854123
SOXX,743,0.0015724624331598955,0.0016637054918708226
SOXX,744,0.0014797469958874822,0.0015605561208972953
SOXX,745,0.001555780304826323,0.001638896472735413
SOXX,746,0.001486306319747405,0.0015667161516667715
SOXX,747,0.0013475737724419322,0.00141994347326773
SOXX,748,0.0012935612003705827,0.0013628561220380992
SOXX,749,0.0016919527946098903,0.0017950267378792268
SOXX,750,0.001804449751976062,0.001892466416691466
SOXX,751,0.0017068817728832055,0.0017903661703735114
SOXX,752,0.0015354462163090748,0.001611913586398239
SOXX,753,0.0014463511279543876,0.0015199500787360766
SOXX,754,0.001374736420744687,0.001452036824313145
SOXX,755,0.0016323713012945463,0.0017206494769872141
SOXX,756,0.001345084114254648,0.0014178730106276579
SOXX,757,0.0013441715390893588,0.001412805061264596
SOXX,758,0.0015551092904458727,0.001635518331255515
SOXX,759,0.00139920802231171,0.0014724081929030058
SOXX,760,0.001428392691024113,0.0015075421242223142
SOXX,761,0.0014889056193803669,0.001574237394298813
SOXX,762,0.001622911703928876,0.001715662905099579
SOXX,763,0.0013105012811554853,0.0013807536841517105
SOXX,764,0.0014198368348852931,0.0014993809111711804
SOXX,765,0.0015579048871953206,0.0016428595912403225
SOXX,766,0.001468338804499454,0.0015408357165210675
SOXX,767,0.0014002932044863204,0.0014812242233475702
SOXX,768,0.0014146875536974494,0.0014928579067061299
SOXX,769,0.0012964956235845429,0.0013678189471589784
SOXX,770,0.001706224150228406,0.0017998109790405745
SOXX,771,0.0013874630852250336,0.0014642877303736878
SOXX,772,0.0012841592031946558,0.0013541546441747808
SOXX,773,0.0015577680808875492,0.0016454950181914877
SOXX,774,0.0013061215059346509,0.0013825544013547752
SOXX,775,0.0014782244062436836,0.001562986084992549
SOXX,776,0.001435867285510504,0.001522868020524333
SOXX,777,0.0013312662178906543,0.001403853711996038
SOXX,778,0.0014156351791747538,0.00149570287020579
SOXX,779,0.0012807746143568982,0.0013514127678425235
SOXX,780,0.0016580116824262213,0.0017559958659193417
SOXX,781,0.001521654437026057,0.00160735581266169
SOXX,782,0.0017664273555100837,0.0018611826643635044
SOXX,783,0.0014932153363441804,0.0015789569635665185
SOXX,784,0.0013235236791259513,0.001400150974101003
SOXX,785,0.0014614998057469982,0.0015411177419857322
SOXX,786,0.0015019390199281048,0.0015876108497493368
SOXX,787,0.0015531687684749238,0.0016425793704975705
SOXX,788,0.0014205239114944267,0.0014963002069867863
SOXX,789,0.0013152806041121412,0.001384749614226667
SOXX,790,0.00148172213443213,0.0015751306601766225
SOXX,791,0.0013452223303134152,0.001419271745008435
SOXX,792,0.0015480087688196336,0.001636783458172315
SOXX,793,0.0013578496044417613,0.0014323034747136146
SOXX,794,0.001317764313066953,0.0013882605573606337
SOXX,795,0.0013715179960111636,0.0014484448013571303
SOXX,796,0.0012184752261011006,0.001286598162393627
SOXX,797,0.0011872189111534124,0.0012514647588798557
SOXX,798,0.0012315178165296294,0.0012997283860253217
SOXX,799,0.0012772277398382782,0.0013449730231292571
SOXX,800,0.0014313799559850162,0.0015079119639041655
SOXX,801,0.0014508194018863253,0.001528395932786196
SOXX,802,0.0012866478090418202,0.0013533588146464569
SOXX,803,0.0012480787064929496,0.0013155260329356902
SOXX,804,0.0012525998739017527,0.0013507302908668524
SOXX,805,0.0015811715269266812,0.001666666617448317
SOXX,806,0.0012559077944908571,0.001323531293867063
SOXX,807,0.0013691932712880108,0.0014643726959154785
SOXX,808,0.0012544276859202774,0.0013252433442884023
SOXX,809,0.0012327204067383824,0.0012969190117927286
SOXX,810,0.0016193917467564978,0.0017032681809305982
SOXX,811,0.0012591055161565736,0.0013274692215295475
SOXX,812,0.0012239105121588673,0.0012869372243705223
SOXX,813,0.0012478906536508732,0.0013142091098810472
SOXX,814,0.0013132130181130787,0.0013890093983332152
SOXX,815,0.0014399802439236757,0.0015326749000890562
SOXX,816,0.0013943268160725405,0.0014756807697044179
SOXX,817,0.0012721843692581412,0.0013393873010074282
SOXX,818,0.0011811848438445785,0.0012459714621545854
SOXX,819,0.0012020285118731998,0.00126384044032551
SOXX,820,0.0014144255669726916,0.001486172403853697
SOXX,821,0.0011491784954938864,0.0012098035493230018
SOXX,822,0.001114065489065179,0.0011724549752384096
SOXX,823,0.0011728867016126527,0.0012331928244236868
SOXX,824,0.0010423516396095474,0.0010980762019433333
SOXX,825,0.0012333097262055392,0.001298015791970452
SOXX,826,0.0012846382479234717,0.001351867598510858
SOXX,827,0.001389745686929883,0.0014788647821946158
SOXX,828,0.0012229492495266503,0.0012840999322250696
SOXX,829,0.0011876644707602049,0.0012451000780861403
SOXX,830,0.001357633582092713,0.0014304688620086431
SOXX,831,0.0011827803831061183,0.0012476258223850377
SOXX,832,0.0013892949125928237,0.0014776054798281472
SOXX,833,0.001246596117371999,0.001313152268560398
SOXX,834,0.0012056389032068257,0.001270628467463818
SOXX,835,0.0014274678941067877,0.0015010739631157724
SOXX,836,0.0012541822708910207,0.0013233709531962979
SOXX,837,0.0011200354980218635,0.001180280276589763
SOXX,838,0.0012657783506653114,0.0013355751389042814
SOXX,839,0.0012096006350014387,0.0012773766977624025
SOXX,840,0.0020468306990028273,0.0021592082655523975
SOXX,841,0.0015843946514421943,0.001670316331501848
SOXX,842,0.001462964569976363,0.0015477707787323852
SOXX,843,0.0013526920365312324,0.001427170042999054
SOXX,844,0.0013127976201179864,0.0013812881796215872
SOXX,845,0.001373190304574494,0.0014480093335232861
SOXX,846,0.001389243599547087,0.0014672057922312136
SOXX,847,0.0014829988152248981,0.001555855537537714
SOXX,848,0.0012097902244868276,0.0012770559602865755
SOXX,849,0.0012411075779816428,0.0013066453608074715
SOXX,850,0.0013175181435592586,0.0013863838762711782
SOXX,851,0.00132323028564997,0.001391301847074349
SOXX,852,0.001158462413752928,0.0012199758357780348
SOXX,853,0.0012299614335850467,0.0012939981380002807
SOXX,854,0.00108961769962445,0.001147536055536295
SOXX,855,0.0013486042111708417,0.0014223175115089042
SOXX,856,0.0015288677627440818,0.0016042680463461913
SOXX,857,0.001235075630413565,0.0013032738308849784
SOXX,858,0.001191132853663808,0.0012541551453374717
SOXX,859,0.0012579496394416326,0.0013255251916445608
SOXX,860,0.00134341025581024,0.0014167863954251156
SOXX,861,0.0011928375294152143,0.001258643015025248
SOXX,862,0.001206975435709484,0.001270969323529101
SOXX,863,0.0012734035390358487,0.001345298291615905
SOXX,864,0.001162620331191865,0.0012228730577793514
SOXX,865,0.001275987842601308,0.0013449045956699566
SOXX,866,0.0013211002129678634,0.0013906654956720073
SOXX,867,0.0013494651657197756,0.0014196494764903453
SOXX,868,0.0012666496612367694,0.0013354579274687355
SOXX,869,0.0012563576154004618,0.001318189916704572
SOXX,870,0.0016981318559350428,0.001790474643288793
SOXX,871,0.0014763650342083546,0.0015542119797274218
SOXX,872,0.0012693145805049613,0.0013350879633612543
SOXX,873,0.001145290785913034,0.0012113228433862171
SOXX,874,0.0011344626397948694,0.0011965791076162617
SOXX,875,0.0014563561048423876,0.001530525743617488
SOXX,876,0.0013602704801293315,0.0014347753765734342
SOXX,877,0.0012423873939997002,0.0013101691164676386
SOXX,878,0.0012819816168089138,0.0013482054406748062
SOXX,879,0.0011785463534959232,0.001241517215651467
SOXX,880,0.0013208868717221487,0.0013884133111808001
SOXX,881,0.0013951389351094514,0.0014667341404287935
SOXX,882,0.001233309512518546,0.0012994265699093944
SOXX,883,0.0012452717684304758,0.0013112580836345052
SOXX,884,0.0011948645370667287,0.0012595955086059324
SOXX,885,0.0013845825966378009,0.0014585267394377948
SOXX,886,0.0012893493898935527,0.0013662208094707116
SOXX,887,0.0012286366336858902,0.0012941507749215546
SOXX,888,0.0012507470869440357,0.0013175802567099394
SOXX,889,0.0012796722776508235,0.001354787962847579
SOXX,890,0.0013350340433769161,0.0014063895891209119
SOXX,891,0.0012636925159625679,0.001330589473953974
SOXX,892,0.0013822892660498316,0.0014646172350986073
SOXX,893,0.001352385331332096,0.0014239490174372132
SOXX,894,0.001264843928503853,0.0013371759714075066
SOXX,895,0.0014765379718073076,0.0015574784872835442
SOXX,896,0.0015603365864987912,0.0016439401254242907
SOXX,897,0.0013965857163887613,0.0014786978912672923
SOXX,898,0.0013545242016002475,0.0014328336025917782
SOXX,899,0.0015047210661494356,0.001587166485767401
SOXX,900,0.002050010782575961,0.002179198953529351
SOXX,901,0.0021697452757364643,0.002297836386458773
SOXX,902,0.002027649716814935,0.0021458098387043714
SOXX,903,0.0019300679361453506,0.002047536373794285
SOXX,904,0.0018382269441826655,0.0019528886782384678
SOXX,905,0.0020682535290804218,0.002194271338998608
SOXX,906,0.002169775046434156,0.0023032401328382432
SOXX,907,0.002174758434924953,0.002316284997181115
SOXX,908,0.0020837406205373474,0.002212638619396088
SOXX,909,0.0020378307393082015,0.0021635078576173372
SOXX,910,0.002595656727696053,0.0027560808787184046
SOXX,911,0.002134824786056917,0.0022648955879215234
SOXX,912,0.002172496877588397,0.002302935481759346
SOXX,913,0.002065548091135016,0.0021931196128880392
SOXX,914,0.002091169314454623,0.0022244171947013746
SOXX,915,0.002202215968762835,0.002332920263243034
SOXX,916,0.0018573826712706143,0.0019676470293224315
SOXX,917,0.001771415610684178,0.0018718565993798477
SOXX,918,0.0018367851123712467,0.0019383833965812987
SOXX,919,0.001950327655152397,0.002068021789685878
SOXX,920,0.0021922204421030464,0.002320907172537896
SOXX,921,0.0018920770887579778,0.00201014387878568
SOXX,922,0.0019521956321696431,0.002069539624928116
SOXX,923,0.001959652816436571,0.0020758274382364716
SOXX,924,0.001990661266014199,0.002104174777976547
SOXX,925,0.0021601738092360437,0.0022770378775683765
SOXX,926,0.0020974802758311328,0.002213695351083761
SOXX,927,0.0019492892664651263,0.0020602800296108245
SOXX,928,0.001953680762320311,0.00206311537605871
SOXX,929,0.0023456042202511713,0.0024820016183270724
SOXX,930,0.004994031753679896,0.0053068139661286646
SOXX,931,0.003021883549570748,0.0031974450198471393
SOXX,932,0.002410298255409827,0.002544571623030873
SOXX,933,0.002550282332482782,0.002682046095558015
SOXX,934,0.002216004261524293,0.0023423425937358694
SOXX,935,0.002432003906239458,0.0025709379668237427
SOXX,936,0.0024023984250332543,0.002536873362067293
SOXX,937,0.002316626308653305,0.002440353362039597
SOXX,938,0.002340451031720525,0.0024676763223356224
SOXX,939,0.0023427717136280048,0.002466585936081324
SOXX,940,0.002965392453396044,0.003129563726237028
SOXX,941,0.0026305250351801985,0.002767861761013894
SOXX,942,0.00268071558487586,0.0028212527140164777
SOXX,943,0.0024610687109784097,0.0025920605773576337
SOXX,944,0.002643063515864181,0.0027861717994834374
SOXX,945,0.0032924360746841015,0.0034750756521667674
SOXX,946,0.0031028895857430927,0.003272821460072802
SOXX,947,0.002764816005731969,0.002913546558586201
SOXX,948,0.003002818912969804,0.0031750204907061126
SOXX,949,0.0033400729766091906,0.003530042382748301
SOXX,950,0.01047963628914781,0.01103879235144024
SOXX,951,0.00618207707147823,0.006517101383176925
SOXX,952,0.0062742231900010026,0.006612572802251183
SOXX,953,0.006734624122169713,0.007095382799749429
SOXX,954,0.009887510324859836,0.01041224407999416
SOXX,955,0.012932614262750807,0.013602993327700824
SOXX,956,0.00812706292112478,0.008561182386842725
SOXX,957,0.009406761170761654,0.009911173345453909
SOXX,958,0.011192191189925328,0.011784538345854427
SOXX,959,0.024549614294874712,0.025847523668064976
SOXX,960,0.001024935468157812,
SOXX,961,0.0011265426053705323,
SOXX,962,0.0014644853489409995,
SOXX,963,0.0025954852353693714,
SOXX,964,0.0012586377033881756,
SOXX,965,0.0007164142042866802,
SOXX,966,0.0019152223159469418,
SOXX,967,0.000582659255449223,
SOXX,968,0.00045900827727012847,
SOXX,969,0.001196959144687324,
SOXX,970,0.0003601920489947125,
SOXX,971,0.0003402875777885143,
SOXX,972,0.00026637085894140085,
SOXX,973,0.00038807513432797896,
SOXX,974,0.0003107735460451595,
SOXX,975,0.000334312940206777,
SOXX,976,0.00023792370630586204,
SOXX,977,0.0002558062095731252,
SOXX,978,0.00022747755594834264,
SOXX,979,0.00011839094731844904,
SOXX,980,0.00016062776095625766,
SOXX,981,0.0001329700629985553,
SOXX,982,9.944091781798013e-05,
SOXX,983,0.0001621528167592604,
SOXX,984,0.00012113870413215152,
SOXX,985,9.601231477426698e-05,
SOXX,986,0.00013487355830231254,
SOXX,987,9.890902185651745e-05,
SOXX,988,8.823592631377172e-05,
SOXX,989,7.025022371625783e-05,
SOXX,990,7.780221003417375e-05,
SOXX,991,8.992617319841287e-05,
SOXX,992,8.120087045012204e-05,
SOXX,993,9.822747404704806e-05,
SOXX,994,0.00010020529780549055,
SOXX,995,7.191651905001988e-05,
SOXX,996,0.00011395160196700185,
SOXX,997,7.628589217718634e-05,
SOXX,998,6.541774753570844e-05,
SOXX,999,6.58940159107029e-05,
SOXX,1000,0.00013523533222976197,
SOXX,1001,5.660103108150012e-05,
SOXX,1002,4.573752330082136e-05,
SOXX,1003,0.0001172850155410655,
SOXX,1004,0.00010607352025192875,
SOXX,1005,9.952471998456642e-05,
SOXX,1006,4.741061085005473e-05,
SOXX,1007,6.009998193104753e-05,
SOXX,1008,6.079802814632981e-05,
SOXX,1009,0.00013722163520348308,
SOXX,1010,4.5301032815199755e-05,
SOXX,1011,5.583739157343426e-05,
SOXX,1012,2.3403645357955436e-05,
SOXX,1013,7.400314806412445e-05,
SOXX,1014,6.385061091667213e-05,
SOXX,1015,0.00013001695557040267,
SOXX,1016,8.404930822162952e-05,
SOXX,1017,4.5462761735395565e-05,
SOXX,1018,8.349348064885333e-05,
SOXX,1019,9.223553540965343e-05,
SOXX,1020,4.857898747891442e-05,
SOXX,1021,5.9031713426868754e-05,
SOXX,1022,5.127231968370968e-05,
SOXX,1023,4.4654520972636616e-05,
SOXX,1024,5.4428211403709894e-05,
SOXX,1025,7.6995711197483e-05,
SOXX,1026,4.927143282502361e-05,
SOXX,1027,3.197717491136443e-05,
SOXX,1028,8.443517154261418e-05,
SOXX,1029,8.774255659258563e-05,
SOXX,1030,9.762890144721145e-05,
SOXX,1031,5.192588680164183e-05,
SOXX,1032,2.3859981877728063e-05,
SOXX,1033,4.0654545085940456e-05,
SOXX,1034,3.4025755083185404e-05,
SOXX,1035,0.0001710795555498179,
SOXX,1036,3.55472299313004e-05,
SOXX,1037,4.26833775014407e-05,
SOXX,1038,7.854811330046465e-05,
SOXX,1039,4.9778354904937385e-05,
SOXX,1040,4.638778798562727e-05,
SOXX,1041,6.056081585045918e-05,
SOXX,1042,0.00013364561834043192,
SOXX,1043,4.435981872972499e-05,
SOXX,1044,6.97855374593739e-05,
SOXX,1045,2.9038068565057253e-05,
SOXX,1046,6.076284276591775e-05,
SOXX,1047,2.5409330537783515e-05,
SOXX,1048,3.4508153668103655e-05,
SOXX,1049,2.534387626515887e-05,
SOXX,1050,2.0860384868518677e-05,
SOXX,1051,6.419253970937331e-05,
SOXX,1052,6.0914564959185235e-05,
SOXX,1053,2.7643239122619545e-05,
SOXX,1054,2.050653548628099e-05,
SOXX,1055,1.806180648903574e-05,
SOXX,1056,1.701827579321887e-05,
SOXX,1057,2.6237266763323287e-05,
SOXX,1058,2.3464314213147286e-05,
SOXX,1059,2.6394779646696793e-05,
SOXX,1060,2.183369206425091e-05,
SOXX,1061,1.5640722933371217e-05,
SOXX,1062,1.9611490846268652e-05,
SOXX,1063,5.245143493188637e-05,
SOXX,1064,2.2409934882109923e-05,
SOXX,1065,3.260701351495886e-05,
SOXX,1066,1.9568976684176324e-05,
SOXX,1067,2.7645297073919033e-05,
SOXX,1068,2.9175913038039994e-05,
SOXX,1069,1.3564931041631403e-05,
SOXX,1070,1.7752281732708417e-05,
SOXX,1071,1.6125263795437885e-05,
SOXX,1072,1.698911351068969e-05,
SOXX,1073,7.098414195195523e-05,
SOXX,1074,2.6737406180478793e-05,
SOXX,1075,3.5876050707347135e-05,
SOXX,1076,0.00012671509424912663,
SOXX,1077,2.806538187154553e-05,
SOXX,1078,2.242281891246131e-05,
SOXX,1079,2.5823458183925933e-05,
SOXX,1080,6.434619274334346e-05,
SOXX,1081,0.00012189100255253707,
SOXX,1082,2.7874757791176652e-05,
SOXX,1083,5.252422171528807e-05,
SOXX,1084,2.057450461631083e-05,
SOXX,1085,2.9590007067371573e-05,
SOXX,1086,4.481705207363591e-05,
SOXX,1087,2.9271477161200117e-05,
SOXX,1088,2.9948756200618903e-05,
SOXX,1089,1.9044173853936384e-05,
SOXX,1090,2.2596535206140913e-05,
SOXX,1091,2.5443208842182073e-05,
SOXX,1092,2.5150246213866672e-05,
SOXX,1093,3.546265963605655e-05,
SOXX,1094,1.8901785767304343e-05,
SOXX,1095,4.28577782907772e-05,
SOXX,1096,2.9205861297027395e-05,
SOXX,1097,3.48491779228531e-05,
SOXX,1098,2.4370324046679584e-05,
SOXX,1099,1.5273747464650854e-05,
SOXX,1100,2.054157406472262e-05,
SOXX,1101,3.210388810349297e-05,
SOXX,1102,3.269803582717334e-05,
SOXX,1103,2.142401366202122e-05,
SOXX,1104,1.9510456600065023e-05,
SOXX,1105,2.6310280703202287e-05,
SOXX,1106,1.459966284324819e-05,
SOXX,1107,1.2634843731471946e-05,
SOXX,1108,1.7460085741555547e-05,
SOXX,1109,1.6073848398127427e-05,
SOXX,1110,1.313076994031331e-05,
SOXX,1111,1.7712369564730576e-05,
SOXX,1112,6.548828209165733e-05,
SOXX,1113,1.6355308256384985e-05,
SOXX,1114,1.3191994965550138e-05,
SOXX,1115,2.620724326037176e-05,
SOXX,1116,1.809915248478534e-05,
SOXX,1117,3.388080288283554e-05,
SOXX,1118,2.3657365334934218e-05,
SOXX,1119,1.9810298916474318e-05,
SOXX,1120,2.031778611377206e-05,
SOXX,1121,1.6183809626014476e-05,
SOXX,1122,3.0009787365989838e-05,
SOXX,1123,3.9012522780292314e-05,
SOXX,1124,1.9418844113711715e-05,
SOXX,1125,2.55674101142494e-05,
SOXX,1126,4.3866580490957945e-05,
SOXX,1127,2.8612553293057864e-05,
SOXX,1128,2.013394683692682e-05,
SOXX,1129,1.855653478744086e-05,
SOXX,1130,2.1282982924974422e-05,
SOXX,1131,1.656724372793872e-05,
SOXX,1132,2.5276740946420467e-05,
SOXX,1133,3.040971858686641e-05,
SOXX,1134,2.9598137562723782e-05,
SOXX,1135,2.4622477374025847e-05,
SOXX,1136,2.5821261972169434e-05,
SOXX,1137,2.3845261574867987e-05,
SOXX,1138,2.6656141436528298e-05,
SOXX,1139,1.9972508412519097e-05,
SOXX,1140,1.699950776630075e-05,
SOXX,1141,2.004120694075821e-05,
SOXX,1142,1.500305519654227e-05,
SOXX,1143,1.564276670231452e-05,
SOXX,1144,3.12656408848389e-05,
SOXX,1145,2.126639817299101e-05,
SOXX,1146,1.7956744734600593e-05,
SOXX,1147,1.480947485434827e-05,
SOXX,1148,1.7475710910221866e-05,
SOXX,1149,1.8227973399794894e-05,
SOXX,1150,1.2480780697340954e-05,
SOXX,1151,1.2306277893036089e-05,
SOXX,1152,2.2858720251555826e-05,
SOXX,1153,1.9863845986208386e-05,
SOXX,1154,1.528717509640254e-05,
SOXX,1155,1.7203002333668074e-05,
SOXX,1156,1.806484399943549e-05,
SOXX,1157,2.5070813093703605e-05,
SOXX,1158,1.677519430075848e-05,
SOXX,1159,1.6964763037953896e-05,
SOXX,1160,2.7638877387031635e-05,
SOXX,1161,3.0369822121892197e-05,
SOXX,1162,1.9264373446669175e-05,
SOXX,1163,1.2914266583527274e-05,
SOXX,1164,2.340282533841617e-05,
SOXX,1165,1.731724117728107e-05,
SOXX,1166,1.669419995384462e-05,
SOXX,1167,2.100121797073315e-05,
SOXX,1168,2.9572306360317537e-05,
SOXX,1169,1.7513758171875687e-05,
SOXX,1170,2.9085134597708488e-05,
SOXX,1171,2.3035111785642878e-05,
SOXX,1172,2.2783058495750363e-05,
SOXX,1173,1.696633894660956e-05,
SOXX,1174,2.2718783374869393e-05,
SOXX,1175,2.137780440605783e-05,
SOXX,1176,1.659798958184328e-05,
SOXX,1177,2.258620371508433e-05,
SOXX,1178,1.6782349749886164e-05,
SOXX,1179,1.5088961544409325e-05,
SOXX,1180,1.3312879491118346e-05,
SOXX,1181,1.8921036502116072e-05,
SOXX,1182,3.204722526081722e-05,
SOXX,1183,1.741405180862924e-05,
SOXX,1184,2.2122084280971243e-05,
SOXX,1185,2.6969250012001494e-05,
SOXX,1186,2.069724458754117e-05,
SOXX,1187,1.565603879870022e-05,
SOXX,1188,2.004421191284073e-05,
SOXX,1189,1.6583770530100293e-05,
SOXX,1190,1.6424657923087024e-05,
SOXX,1191,2.1134255433351382e-05,
SOXX,1192,3.973105670170204e-05,
SOXX,1193,2.4478013472201048e-05,
SOXX,1194,1.980745152127303e-05,
SOXX,1195,2.937060691461165e-05,
SOXX,1196,2.8286470963548193e-05,
SOXX,1197,2.3039346088248884e-05,
SOXX,1198,2.202198158739508e-05,
SOXX,1199,2.8799784340244984e-05,
SMH,240,0.00026381834791501833,
SMH,241,0.0004347758774020023,
SMH,242,0.00030962154316266604,
SMH,243,0.00019019832122989981,
SMH,244,0.00011585407479046448,
SMH,245,9.310328407319592e-05,
SMH,246,8.13789087298366e-05,
SMH,247,4.9021784347324635e-05,
SMH,248,3.7729031369222335e-05,
SMH,249,3.3877880518877884e-05,
SMH,250,4.712237789438171e-05,
SMH,251,3.6872586952376204e-05,
SMH,252,3.0848836501916536e-05,
SMH,253,3.000601942467537e-05,
SMH,254,3.656497779044226e-05,
SMH,255,2.7574353988464562e-05,
SMH,256,3.37395217718187e-05,
SMH,257,2.7608400843175215e-05,
SMH,258,2.180006918905621e-05,
SMH,259,3.201528857126895e-05,
SMH,260,2.9044380050352254e-05,
SMH,261,3.226717922302306e-05,
SMH,262,2.08978552167456e-05,
SMH,263,2.0270441863418438e-05,
SMH,264,2.4878771853720737e-05,
SMH,265,3.096609114994473e-05,
SMH,266,2.505643937828203e-05,
SMH,267,2.7593131167818782e-05,
SMH,268,2.453324674276849e-05,
SMH,269,2.2436279878123664e-05,
SMH,270,1.739835591338809e-05,
SMH,271,2.510562280857829e-05,
SMH,272,2.5155792805396604e-05,
SMH,273,2.648837943934032e-05,
SMH,274,2.0358103579513507e-05,
SMH,275,1.7953386872829165e-05,
SMH,276,3.098638070992943e-05,
SMH,277,1.802798986283586e-05,
SMH,278,1.796844315723342e-05,
SMH,279,2.872130919407881e-05,
SMH,280,2.1260016679082367e-05,
SMH,281,2.56279927680099e-05,
SMH,282,1.8772718996539348e-05,
SMH,283,2.9222286426716223e-05,
SMH,284,2.0521740069896325e-05,
SMH,285,2.5818480123138176e-05,
SMH,286,2.2855627117152208e-05,
SMH,287,2.5595791623287627e-05,
SMH,288,2.452031587138429e-05,
SMH,289,1.7971519149235853e-05,
SMH,290,2.1861840937373034e-05,
SMH,291,2.8610188412187374e-05,
SMH,292,3.573427012857518e-05,
SMH,293,1.4382246566585566e-05,
SMH,294,1.8072988349164567e-05,
SMH,295,2.8592955756004765e-05,
SMH,296,2.0730569768387286e-05,
SMH,297,1.5040561865939012e-05,
SMH,298,2.7085265245202978e-05,
SMH,299,1.853796176546133e-05,
SMH,300,2.6156205608883474e-05,
SMH,301,1.651809524772126e-05,
SMH,302,1.867052315554765e-05,
SMH,303,1.8212512501581387e-05,
SMH,304,1.3516602764232594e-05,
SMH,305,1.90488618165181e-05,
SMH,306,3.3334153801357944e-05,
SMH,307,1.9500531898012857e-05,
SMH,308,1.2707172910507593e-05,
SMH,309,2.30138642528808e-05,
SMH,310,3.470035876785447e-05,
SMH,311,2.089648215252145e-05,
SMH,312,2.0679755531294462e-05,
SMH,313,1.6498326067318488e-05,
SMH,314,1.913307743766698e-05,
SMH,315,2.827851010524518e-05,
SMH,316,1.9891109698078722e-05,
SMH,317,1.9164312742046932e-05,
SMH,318,2.06532752398538e-05,
SMH,319,1.6525885851227013e-05,
SMH,320,1.4816276241070632e-05,
SMH,321,1.537275516222091e-05,
SMH,322,1.2395048895652868e-05,
SMH,323,1.2601419429892505e-05,
SMH,324,1.054092944607457e-05,
SMH,325,1.9246863548845273e-05,
SMH,326,1.7241629955335373e-05,
SMH,327,1.4089208967107078e-05,
SMH,328,1.6056990631081536e-05,
SMH,329,1.3651582190799366e-05,
SMH,330,1.7652717520041595e-05,
SMH,331,2.0224143168443926e-05,
SMH,332,1.5239067490624523e-05,
SMH,333,1.6208468356346037e-05,
SMH,334,2.0434723513130407e-05,
SMH,335,1.5402056125225174e-05,
SMH,336,1.8489049063782258e-05,
SMH,337,1.7505969881361048e-05,
SMH,338,1.4780602867091329e-05,
SMH,339,1.7692158803305937e-05,
SMH,340,2.1618960230088594e-05,
SMH,341,1.7288219024743222e-05,
SMH,342,1.9976816154166853e-05,
SMH,343,1.6498404890789967e-05,
SMH,344,1.6314852459164923e-05,
SMH,345,2.017490338784955e-05,
SMH,346,1.6391682979303358e-05,
SMH,347,1.941386909519909e-05,
SMH,348,1.9827223286554135e-05,
SMH,349,1.844061627590869e-05,
SMH,350,2.167687230011721e-05,
SMH,351,2.190712751785005e-05,
SMH,352,1.5189594306275265e-05,
SMH,353,2.1391216366803023e-05,
SMH,354,1.4978385112632007e-05,
SMH,355,2.679966131974933e-05,
SMH,356,2.742998654182199e-05,
SMH,357,1.8006454984698046e-05,
SMH,358,2.115395519725481e-05,
SMH,359,2.0250305479470483e-05,
SMH,360,2.4885194481391962e-05,
SMH,361,3.0973594104228815e-05,
SMH,362,2.0421962292432885e-05,
SMH,363,2.9988388623868402e-05,
SMH,364,2.5200380202123764e-05,
SMH,365,1.638563811821635e-05,
SMH,366,1.7178490398277417e-05,
SMH,367,1.8783937285487995e-05,
SMH,368,2.5029545388321267e-05,
SMH,369,2.4312703429857047e-05,
SMH,370,1.689165712299076e-05,
SMH,371,2.53816299499142e-05,
SMH,372,2.294288448593616e-05,
SMH,373,1.957233969751958e-05,
SMH,374,2.1212791177265703e-05,
SMH,375,1.6547899915061675e-05,
SMH,376,2.2577281931060123e-05,
SMH,377,1.718424576041849e-05,
SMH,378,2.190106986725757e-05,
SMH,379,2.533013449956925e-05,
SMH,380,2.585718290300359e-05,
SMH,381,3.224879818281134e-05,
SMH,382,2.0789289500688278e-05,
SMH,383,2.3052617260831003e-05,
SMH,384,2.1696742209175254e-05,
SMH,385,2.7667563838789028e-05,
SMH,386,2.607342790957921e-05,
SMH,387,1.955778714171246e-05,
SMH,388,2.1884849640043497e-05,
SMH,389,1.9281281651440178e-05,
SMH,390,2.332934639195136e-05,
SMH,391,3.1000986079829344e-05,
SMH,392,2.5941485200026798e-05,
SMH,393,1.9811713504140906e-05,
SMH,394,2.7034828457399764e-05,
SMH,395,2.169813312792332e-05,
SMH,396,3.0756374617700665e-05,
SMH,397,2.5502946083760268e-05,
SMH,398,2.0047888324259915e-05,
SMH,399,2.394824133943594e-05,
SMH,400,1.890348668672359e-05,
SMH,401,2.4833058702704624e-05,
SMH,402,2.269748406665848e-05,
SMH,403,2.674758775600797e-05,
SMH,404,2.212610511215202e-05,
SMH,405,2.51653998409188e-05,
SMH,406,2.2489281174534296e-05,
SMH,407,3.628945424669819e-05,
SMH,408,2.0215254705792402e-05,
SMH,409,1.5045349016987693e-05,
SMH,410,2.6753875048037986e-05,
SMH,411,1.845813290889192e-05,
SMH,412,2.3316137989134908e-05,
SMH,413,2.2694384352174833e-05,
SMH,414,2.4956924464712684e-05,
SMH,415,2.8998596850303473e-05,
SMH,416,2.6373141024650446e-05,
SMH,417,2.4271127379400476e-05,
SMH,418,1.7714102154798143e-05,
SMH,419,2.354336568836109e-05,
SMH,420,0.0002056133408569599,
SMH,421,8.833834334361447e-05,
SMH,422,9.047919222726838e-05,
SMH,423,7.093182087019719e-05,
SMH,424,8.144836764851528e-05,
SMH,425,8.081301873381601e-05,
SMH,426,8.179025249508631e-05,
SMH,427,8.207585838861568e-05,
SMH,428,5.119846447614358e-05,
SMH,429,8.693262989565744e-05,
SMH,430,6.959441315965295e-05,
SMH,431,6.205465058510795e-05,
SMH,432,5.635676546377927e-05,
SMH,433,5.3364650490673045e-05,
SMH,434,6.908079926879843e-05,
SMH,435,6.683751309379871e-05,
SMH,436,5.543856669360314e-05,
SMH,437,5.393651743074766e-05,
SMH,438,5.003557955187362e-05,
SMH,439,5.2455441216171514e-05,
SMH,440,5.213314204545025e-05,
SMH,441,4.941173423303425e-05,
SMH,442,5.196301863546991e-05,
SMH,443,5.638937597150752e-05,
SMH,444,4.402139795311476e-05,
SMH,445,6.028128618482278e-05,
SMH,446,6.0736962775537445e-05,
SMH,447,7.465421908781154e-05,
SMH,448,4.2983741040069495e-05,
SMH,449,3.9579216288482236e-05,
SMH,450,7.516523341025274e-05,
SMH,451,4.9702277447254386e-05,
SMH,452,5.985113574999294e-05,
SMH,453,6.223236224674601e-05,
SMH,454,5.54302240105481e-05,
SMH,455,6.128511153901103e-05,
SMH,456,5.428623599667002e-05,
SMH,457,4.733321102058047e-05,
SMH,458,6.523500703200992e-05,
SMH,459,5.215577721663153e-05,
SMH,460,5.706974373913881e-05,
SMH,461,6.17663824157542e-05,
SMH,462,5.454457298485459e-05,
SMH,463,5.549329180181482e-05,
SMH,464,6.034509473495562e-05,
SMH,465,5.493290953010201e-05,
SMH,466,7.073379699899488e-05,
SMH,467,6.16411581083538e-05,
SMH,468,7.270152972502782e-05,
SMH,469,5.458439269104111e-05,
SMH,470,6.331356015366921e-05,
SMH,471,5.590239308986254e-05,
SMH,472,5.733536916092094e-05,
SMH,473,4.743211454862882e-05,
SMH,474,5.063726607882179e-05,
SMH,475,5.065840389133935e-05,
SMH,476,4.923884149147032e-05,
SMH,477,6.106635118936729e-05,
SMH,478,6.280734200422942e-05,
SMH,479,6.57594870962469e-05,
SMH,480,0.0008638978754279472,
SMH,481,0.0003137775696045395,
SMH,482,0.0002595481371552276,
SMH,483,0.00013508881620915824,
SMH,484,0.00010339436019020913,
SMH,485,0.00010077395231025003,
SMH,486,9.500810412019414e-05,
SMH,487,8.058398125100692e-05,
SMH,488,7.975215649106137e-05,
SMH,489,0.0001082526375782934,
SMH,490,8.916537305600852e-05,
SMH,491,7.801016888510094e-05,
SMH,492,7.205513389854815e-05,
SMH,493,9.353957716608329e-05,
SMH,494,8.191523248132818e-05,
SMH,495,8.244462669847392e-05,
SMH,496,9.50987747845939e-05,
SMH,497,7.367547615647254e-05,
SMH,498,6.828024942523832e-05,
SMH,499,7.42906714666633e-05,
SMH,500,8.306552179318676e-05,
SMH,501,9.620688335724015e-05,
SMH,502,0.00010748172933870713,
SMH,503,7.460231235247455e-05,
SMH,504,9.100935987333536e-05,
SMH,505,9.439857042086067e-05,
SMH,506,8.376322235158363e-05,
SMH,507,9.17534165114537e-05,
SMH,508,0.00010370761534021756,
SMH,509,0.00011815651914221322,
SMH,510,0.00017318529015992966,
SMH,511,0.0001174725041192014,
SMH,512,0.0001185151440939151,
SMH,513,0.0001115371493084295,
SMH,514,0.0001157737660821334,
SMH,515,0.00011599369029462649,
SMH,516,0.00011676506825822398,
SMH,517,9.819006277008475e-05,
SMH,518,0.00011252711494189826,
SMH,519,0.00015062917459481996,
SMH,520,0.00010223331323903348,
SMH,521,0.00013512249763824037,
SMH,522,9.419122345398457e-05,
SMH,523,9.362074732881693e-05,
SMH,524,0.000138502451393538,
SMH,525,0.000101900302145638,
SMH,526,9.281696731564463e-05,
SMH,527,0.00012018482783474151,
SMH,528,0.0001264869213519638,
SMH,529,9.675434547238963e-05,
SMH,530,0.00010846250204593588,
SMH,531,8.768239472777784e-05,
SMH,532,0.00010178676858471186,
SMH,533,0.00011651489276175293,
SMH,534,0.00012324700186793958,
SMH,535,0.00012184914858189897,
SMH,536,0.00013346066570851087,
SMH,537,9.245357479380734e-05,
SMH,538,0.00010416347998983987,
SMH,539,9.08936805252278e-05,
SMH,540,0.00015708567959983106,
SMH,541,0.00015557895401473095,
SMH,542,0.00010004378716131517,
SMH,543,0.00012297441283723554,
SMH,544,0.00012070694405809611,
SMH,545,0.00011259503260806949,
SMH,546,0.00012139659855067418,
SMH,547,9.810119594094227e-05,
SMH,548,0.00011340999479838032,
SMH,549,0.00011087663899235335,
SMH,550,0.00010987364417084443,
SMH,551,0.00011951050304637302,
SMH,552,0.00010144878629146891,
SMH,553,9.840729671084323e-05,
SMH,554,0.00014640417422574645,
SMH,555,0.00011471502863493721,
SMH,556,0.00010630194155613594,
SMH,557,0.00011926982644802202,
SMH,558,0.00011602455851793263,
SMH,559,0.00011345434046243315,
SMH,560,0.00011738997070046709,
SMH,561,0.00011418800128130906,
SMH,562,0.00010632770951435242,
SMH,563,0.00011029083292226472,
SMH,564,0.00011559324796222197,
SMH,565,0.0002159291275514392,
SMH,566,0.0001656869769374659,
SMH,567,0.00028771000865041767,
SMH,568,0.00023797935679678467,
SMH,569,0.0002558260258722469,
SMH,570,0.0141191307278158,0.0147485950692034
SMH,571,0.006011383637397952,0.00627980525397536
SMH,572,0.0059724681836759354,0.006237353564931867
SMH,573,0.005457995734629104,0.005699657413950429
SMH,574,0.0048433886506883544,0.005052928546524985
SMH,575,0.005459487139802492,0.005709799140141869
SMH,576,0.005163959402583209,0.00540879238331541
SMH,577,0.004940784131659384,0.005164228000475172
SMH,578,0.0046428160234287304,0.004850614591258537
SMH,579,0.0043273989367854674,0.00452659404064209
SMH,580,0.004977645321457279,0.005198892605382025
SMH,581,0.004638938452215098,0.004835959820907839
SMH,582,0.004539312116609942,0.004738110912069126
SMH,583,0.0039819411881597145,0.004155629693977141
SMH,584,0.004246067853888806,0.004422871349705219
SMH,585,0.0049665271771945785,0.005179179250645028
SMH,586,0.0046603237326245436,0.004868547367873484
SMH,587,0.004374771164224445,0.004572138580885347
SMH,588,0.004267971119173035,0.004459789706498083
SMH,589,0.004282529067480112,0.004478168779217734
SMH,590,0.004329596679494791,0.004526321213167582
SMH,591,0.004144254331130837,0.00432358860863121
SMH,592,0.0037854986776717755,0.0039538682828245625
SMH,593,0.004027798077262052,0.0042123771540009455
SMH,594,0.0036644268274751237,0.0038296145198199786
SMH,595,0.0039374375136596255,0.004102227452731866
SMH,596,0.003894935805331219,0.004063184425269593
SMH,597,0.0034793983825783113,0.003628394972427781
SMH,598,0.003824440136673297,0.0039929527647130135
SMH,599,0.003473856231645967,0.0036274273172271065
SMH,600,0.0044169218958694,0.0046015624878895595
SMH,601,0.003767038179215367,0.0039301700179269665
SMH,602,0.003942401467039057,0.004108560698874671
SMH,603,0.0034788650545095963,0.0036259252293564625
SMH,604,0.003621340551150508,0.0037732057438052296
SMH,605,0.003585415037179925,0.003746918100220432
SMH,606,0.003350267420226907,0.003497966145288489
SMH,607,0.003386543239662661,0.0035276555458027916
SMH,608,0.003334361164052768,0.0034723874179863105
SMH,609,0.0031649741128178845,0.0032989321830999858
SMH,610,0.0032859844060240187,0.003429395069962426
SMH,611,0.003241206919784628,0.003377872691235542
SMH,612,0.0029432835150778776,0.0030710439741922346
SMH,613,0.0029315987843139446,0.0030557425641544803
SMH,614,0.0031097344304512656,0.0032447347265400317
SMH,615,0.0032390033493325684,0.003376167990587274
SMH,616,0.0031146153894883945,0.003246461059219074
SMH,617,0.0029453228288889256,0.0030715100618275313
SMH,618,0.0029073186074548693,0.0030368724025716027
SMH,619,0.003002639926553899,0.0031301373803033945
SMH,620,0.0032680245065229846,0.003408087916449422
SMH,621,0.00315125022201818,0.003285789702296621
SMH,622,0.003104734561842403,0.003232399585400767
SMH,623,0.002977062989414559,0.003105441736287765
SMH,624,0.0027484295597612445,0.002861792958180228
SMH,625,0.0031031362717693365,0.003232339632989317
SMH,626,0.0029158565098306955,0.0030375090722569937
SMH,627,0.0028820917220994924,0.0030051631279138583
SMH,628,0.002843522659885934,0.002964252423356696
SMH,629,0.002800885159817456,0.0029223171086439396
SMH,630,0.0030248483055324298,0.0031558348500144466
SMH,631,0.003465566303433807,0.0036026934446547992
SMH,632,0.002885832385282994,0.0030059079133668266
SMH,633,0.0027588270352860386,0.0028801325657654047
SMH,634,0.002782040795127372,0.002903664075523526
SMH,635,0.0027425684721625178,0.002858474543396735
SMH,636,0.0026349385189002217,0.0027485633107578425
SMH,637,0.0028595546814302675,0.002988395570043641
SMH,638,0.0025748019340379198,0.002685487401562926
SMH,639,0.0024552464733635093,0.00256169717207076
SMH,640,0.0025364706052977944,0.0026425156804083653
SMH,641,0.0025546185769486363,0.0026527038407936727
SMH,642,0.0024520784923490776,0.0025579476495832362
SMH,643,0.002431071620706099,0.0025313432656379215
SMH,644,0.002304995465522799,0.002402489084183316
SMH,645,0.00262664050549129,0.002734845426365249
SMH,646,0.0025154331913398043,0.0026131827171326457
SMH,647,0.002249378931017478,0.0023431285987681317
SMH,648,0.0029053204495629787,0.0030097112027501244
SMH,649,0.002476872292782295,0.002583601021518038
SMH,650,0.0024419296080083813,0.0025454634186712803
SMH,651,0.0023670245217830756,0.00246866489099779
SMH,652,0.0029139015548818206,0.003026053595097178
SMH,653,0.002547067427136144,0.0026561349087197922
SMH,654,0.00235921800050879,0.002458080705643863
SMH,655,0.0025935541280544937,0.002701431134295783
SMH,656,0.002413838726206528,0.002509799863906087
SMH,657,0.0021387360014303433,0.002229968505934067
SMH,658,0.0025086209670821427,0.002614254814683457
SMH,659,0.002683052534656753,0.0027881439046883397
SMH,660,0.002710393591873228,0.0028211367232667916
SMH,661,0.0027857332812505414,0.002905912714643302
SMH,662,0.0026891827509630886,0.002801174219482761
SMH,663,0.002606085132774573,0.0027210032814144348
SMH,664,0.002456238678187949,0.002561072950352466
SMH,665,0.002585858305678762,0.002698806948662417
SMH,666,0.002583359026223259,0.0026961697140565734
SMH,667,0.0025871164814348486,0.0026964311270236117
SMH,668,0.002593238831239121,0.002699060814491345
SMH,669,0.0024291414849526524,0.00253169096681154
SMH,670,0.0024483406248923933,0.002553393955264691
SMH,671,0.0023945593684311793,0.0024963298493979468
SMH,672,0.0024030356396423365,0.002504762659859162
SMH,673,0.0024330890260370235,0.002535875711470215
SMH,674,0.0022095122299560666,0.002309001535387576
SMH,675,0.002468918078838526,0.002576438410614184
SMH,676,0.0021329488410382815,0.0022244108845141464
SMH,677,0.001903148780749716,0.0019837354712232344
SMH,678,0.0020139984956194694,0.0020970430071419175
SMH,679,0.0022268165859507453,0.0023238908727013885
SMH,680,0.001968983556037654,0.002050466555120633
SMH,681,0.0019012257684867069,0.001980059930330292
SMH,682,0.002001165431867981,0.0020854426883722592
SMH,683,0.002038267051847626,0.002121912721347775
SMH,684,0.0020067460939526766,0.002088945154414961
SMH,685,0.002150235280970161,0.002241758877081496
SMH,686,0.001962993280703878,0.002045229821403585
SMH,687,0.002040644461105649,0.0021297661982941896
SMH,688,0.0019369958535819171,0.00201890437310182
SMH,689,0.0018783964617063915,0.001957139783695636
SMH,690,0.0022070370559687863,0.0023006332297252157
SMH,691,0.002027528432893061,0.002111263492002244
SMH,692,0.0018460045904305123,0.0019255687720509131
SMH,693,0.0018617554159514977,0.0019420308727159698
SMH,694,0.002042588906706038,0.002129726618200927
SMH,695,0.001889319752402747,0.00196576021726765
SMH,696,0.0018440037347214361,0.0019191956995349506
SMH,697,0.0019542265714561965,0.002041502061834485
SMH,698,0.0021748632178000223,0.002273434726413064
SMH,699,0.001785733091216539,0.0018572708945378661
SMH,700,0.0018606691759461666,0.001933808537633689
SMH,701,0.0017011252598600729,0.0017702848750123163
SMH,702,0.0017314712619543634,0.0018061570761495275
SMH,703,0.0021580829298499084,0.0022333753129750254
SMH,704,0.0017893967784943857,0.0018619239037948351
SMH,705,0.0022660549391375373,0.002347543207133493
SMH,706,0.0017170744827258763,0.0017856628053767494
SMH,707,0.0017610162513325737,0.00183180746352785
SMH,708,0.001557105860458267,0.001620702445036786
SMH,709,0.0016162889582473391,0.0016824351069063131
SMH,710,0.0019669635282585545,0.0020511307442685465
SMH,711,0.0017514958535586093,0.0018266217265785149
SMH,712,0.0018578906205947998,0.0019316374674219765
SMH,713,0.0016801238431838287,0.001769890924742798
SMH,714,0.0017434229246835048,0.001817260344851633
SMH,715,0.0016732969659545977,0.0017416532681074628
SMH,716,0.0020017547287927476,0.002077730304523647
SMH,717,0.001683541998932982,0.0017547078380598985
SMH,718,0.0016414682812120904,0.0017113057531282156
SMH,719,0.001728671589951007,0.0018096463082435902
SMH,720,0.0018790230859807976,0.0019624744368921952
SMH,721,0.0018267881021578627,0.0019042941932984692
SMH,722,0.0019838686161913347,0.0020672595125516744
SMH,723,0.0018353773184676893,0.0019085084959311206
SMH,724,0.001813631184173124,0.0018929330477683189
SMH,725,0.0018422746426533419,0.0019221561335117934
SMH,726,0.0016608357175857816,0.0017334315483383995
SMH,727,0.0016041916985941262,0.0016721415688362637
SMH,728,0.0017206435056917556,0.0017928558627036105
SMH,729,0.0017969532222829223,0.0018885249974835486
SMH,730,0.0016953113786845764,0.0017695385342343269
SMH,731,0.001596713617052197,0.001666374331039686
SMH,732,0.0015821401871118955,0.0016465920340894638
SMH,733,0.0016315097045276593,0.00170089582758922
SMH,734,0.001372255758207398,0.0014294792354409985
SMH,735,0.0016526890447121543,0.0017203759098511086
SMH,736,0.0015653635552135324,0.0016347717014295912
SMH,737,0.0018765787264550429,0.001953752317976714
SMH,738,0.0017127566041055336,0.001783057057052589
SMH,739,0.0015392239921178722,0.0016070679125460175
SMH,740,0.0016026000002160054,0.001677623528136553
SMH,741,0.001483546979745515,0.0015546159724562458
SMH,742,0.001805957303778038,0.0018791048542871388
SMH,743,0.0015014701366752939,0.0015664898048971653
SMH,744,0.001696937101340744,0.001765286899000295
SMH,745,0.0015664706387092122,0.0016348276978860965
SMH,746,0.001570146619828068,0.0016324362794661682
SMH,747,0.001535727677876739,0.0016024277708602068
SMH,748,0.0015302285919624912,0.001592265575141496
SMH,749,0.0013775340247673788,0.001433363556203545
SMH,750,0.0017125803139960223,0.001782231809005881
SMH,751,0.0016299151874855312,0.001695550701858922
SMH,752,0.0015273513083050717,0.0015905825142502833
SMH,753,0.0016552546665245067,0.00172179845409782
SMH,754,0.0016221001859512071,0.0016965713772238466
SMH,755,0.0014771583705145144,0.0015420752152916649
SMH,756,0.0018424184879197833,0.001928118094972873
SMH,757,0.0014016806814540921,0.0014652269108970124
SMH,758,0.0015216658629106938,0.0015818345816270122
SMH,759,0.0015841462311744921,0.001650797092564961
SMH,760,0.0014563712158773578,0.0015183859498721156
SMH,761,0.0017995110008302481,0.001879094766590761
SMH,762,0.0016414349078275607,0.0017073118799240993
SMH,763,0.00162331576702668,0.0016876601709321561
SMH,764,0.0014859792516077048,0.0015484773493591624
SMH,765,0.0017912648548961904,0.0018602730990306786
SMH,766,0.0016598360209395752,0.0017251426991900809
SMH,767,0.0016420208378975522,0.001707308618964583
SMH,768,0.0016975090080110125,0.001798577718007604
SMH,769,0.0015470792244401794,0.0016089050863805246
SMH,770,0.001544547563388329,0.0016070680343662905
SMH,771,0.001569017152524817,0.001629811355811891
SMH,772,0.0015796906153391528,0.0016399121537032906
SMH,773,0.0015389243378851995,0.0016020051602301914
SMH,774,0.0014277454329944953,0.0014877577071398672
SMH,775,0.0021332090649219984,0.0022377338828276612
SMH,776,0.0014433439134021219,0.0015030661660370881
SMH,777,0.0015133285462139345,0.00157859900444777
SMH,778,0.0019273964324523537,0.0020031226032271596
SMH,779,0.001451396481669072,0.0015131623430509715
SMH,780,0.0018130026995334014,0.0018899501902571248
SMH,781,0.0017278423723621262,0.0018006315227324337
SMH,782,0.0017530682523380036,0.0018263137399220609
SMH,783,0.0016389541324451668,0.001709760640657054
SMH,784,0.0015844873406547218,0.0016486048465562265
SMH,785,0.001663823472989054,0.0017327262450953509
SMH,786,0.001584757624740979,0.0016518051772292045
SMH,787,0.001611605652398051,0.0016779047985677235
SMH,788,0.0016469338082632766,0.0017170671326133071
SMH,789,0.0017273904451141154,0.0017916562534991474
SMH,790,0.0015322383826615227,0.0015952419492447217
SMH,791,0.0017390836782787465,0.001816485737417401
SMH,792,0.0016486126067083837,0.0017177659165875402
SMH,793,0.001585009657963649,0.0016593898848448103
SMH,794,0.0016930022179854028,0.0017599260351051833
SMH,795,0.0014599768758804508,0.001522799544472071
SMH,796,0.0014451762286372225,0.00151010902822474
SMH,797,0.0012949615944447867,0.0013497580656725299
SMH,798,0.0014870781135614267,0.0015448472489928992
SMH,799,0.0014402217150958812,0.0014992296821430377
SMH,800,0.00152766539218432,0.0015911525036596248
SMH,801,0.0013562281605920576,0.0014139959625026055
SMH,802,0.0014069083998039097,0.0014713403647727105
SMH,803,0.0013578666641913084,0.0014138183819566825
SMH,804,0.001381472510565742,0.0014424282606985978
SMH,805,0.0016917111393887302,0.0017622067327017527
SMH,806,0.0014711376979793832,0.0015344962553608171
SMH,807,0.0014201503828361135,0.0014767576469298619
SMH,808,0.0014082034899932894,0.00146504921570338
SMH,809,0.0013533268942375863,0.0014064170832136888
SMH,810,0.0017363169694837553,0.0018016201322109346
SMH,811,0.001422517637935492,0.0014834772312341293
SMH,812,0.0013496375076910158,0.0014080335801557127
SMH,813,0.0014769815571770404,0.0015369239858379568
SMH,814,0.0016056817621115736,0.0016698768335015326
SMH,815,0.0013174258285345193,0.0013708284796517367
SMH,816,0.0015628307080856072,0.0016236117500296036
SMH,817,0.0014794844361232565,0.0015385656231632573
SMH,818,0.001346457623565981,0.00140252139544743
SMH,819,0.0014291760582695256,0.0014886099356136973
SMH,820,0.00149859683963997,0.0015600090918372347
SMH,821,0.0013523661856866757,0.0014079976014143858
SMH,822,0.0015161563977962472,0.001588249356157016
SMH,823,0.0014303398210012402,0.0014891896016924822
SMH,824,0.001472332540993995,0.0015329598387862884
SMH,825,0.0013932678087394234,0.0014492209112061548
SMH,826,0.0014323417694651424,0.0014934840906387793
SMH,827,0.0012786429657151118,0.001332006309619245
SMH,828,0.00131976742655596,0.001374492781432868
SMH,829,0.0012513354389572732,0.0013016409875590738
SMH,830,0.0015690084850274039,0.001638443944909044
SMH,831,0.001365671493636709,0.0014209458504995211
SMH,832,0.00147207487710469,0.00153301117661237
SMH,833,0.001493771580644609,0.0015548343841196445
SMH,834,0.0012699110980643586,0.0013223113774779162
SMH,835,0.0014242152387283775,0.0014859496992371533
SMH,836,0.0014962958579922934,0.001559724624230841
SMH,837,0.0012796699115498976,0.00133030660754939
SMH,838,0.0015233242077162335,0.001581278437612531
SMH,839,0.001759262763074551,0.001829447548668828
SMH,840,0.0017957068341153404,0.0018694317288716349
SMH,841,0.0016429730434924382,0.0017054934858854141
SMH,842,0.001404250780334941,0.0014598241423899943
SMH,843,0.0014743049904237088,0.0015345969491544513
SMH,844,0.001528975828089447,0.0015968117845474186
SMH,845,0.001693326177310457,0.0017576780670898922
SMH,846,0.0019530227695042516,0.0020413505570882756
SMH,847,0.0013928776800301325,0.0014510812101747922
SMH,848,0.0013230307305451044,0.0013771603760575615
SMH,849,0.0013902019045290153,0.0014491899732733706
SMH,850,0.0016719199088797774,0.0017369277792751508
SMH,851,0.001817585691499814,0.0018849245720854143
SMH,852,0.0013853791924794427,0.0014396226135277785
SMH,853,0.0016082084792590418,0.0016753225661299271
SMH,854,0.001398930253619055,0.0014553790637466106
SMH,855,0.001596120429649779,0.0016605502302595653
SMH,856,0.0016579840806373643,0.0017251660749764532
SMH,857,0.0014047323585830345,0.0014618657658172093
SMH,858,0.0014681401686964337,0.0015291918218854328
SMH,859,0.0013651555303716295,0.0014198652365288863
SMH,860,0.0015205913760762382,0.001581102620313478
SMH,861,0.0017974387209032513,0.00185738481831344
SMH,862,0.0014674294993857265,0.001524638137749511
SMH,863,0.0015069523369748768,0.001570613679440356
SMH,864,0.00136605091572649,0.001422286402622094
SMH,865,0.0013761689900720219,0.0014366564596714007
SMH,866,0.001377275992937163,0.001432243953371814
SMH,867,0.0014712940172546837,0.0015321577072057585
SMH,868,0.0014308418291733142,0.0014915998550372542
SMH,869,0.0013026866007266257,0.0013578370475290362
SMH,870,0.0016722961659762713,0.0017409089616464827
SMH,871,0.001987400951774209,0.0020720622770553196
SMH,872,0.0016263086410413874,0.001692864692325161
SMH,873,0.0014935806045727204,0.001555928658085416
SMH,874,0.0014684550415337049,0.0015288936181556076
SMH,875,0.0016479447646033422,0.0017142399983062911
SMH,876,0.0016851835333386853,0.001751739938723208
SMH,877,0.0015263379707000588,0.0015893390659826835
SMH,878,0.001419953927744382,0.0014792052016338192
SMH,879,0.0014965135277340942,0.0015545789582432517
SMH,880,0.0015555097346453036,0.0016167669039048756
SMH,881,0.0020615828840590054,0.00216173478578274
SMH,882,0.0013507245169392058,0.0014042849184344676
SMH,883,0.002028343158308165,0.0021248822900287864
SMH,884,0.0014317808474960097,0.0014924913159071638
SMH,885,0.0014814816315340186,0.0015430616982011732
SMH,886,0.0015774568084089588,0.001640126719373544
SMH,887,0.00131880100955187,0.0013708153070075887
SMH,888,0.0015398744044539943,0.0016060397546469685
SMH,889,0.0015634151818588488,0.0016306220874942883
SMH,890,0.0016979395670902958,0.0017624064663767328
SMH,891,0.0014643432724059581,0.001524089975315225
SMH,892,0.0016939587520027727,0.0017626607823468183
SMH,893,0.0014796583665444684,0.0015390609429845764
SMH,894,0.0015872554834303867,0.0016523989565282399
SMH,895,0.00186322279007449,0.0019325412591559008
SMH,896,0.0017000468316430227,0.0017717665808410585
SMH,897,0.0016052005304635585,0.0016738454297285388
SMH,898,0.001594655597727096,0.001661838372780785
SMH,899,0.0017993979857806304,0.0018740468432859837
SMH,900,0.002304685058138158,0.002405606183477207
SMH,901,0.0026167703440435532,0.002723506662854181
SMH,902,0.002078077603758244,0.002167043532001165
SMH,903,0.0020595452248277648,0.0021458281665873965
SMH,904,0.0020870706539809704,0.0021783379340526658
SMH,905,0.0025589065764747318,0.002679796901755502
SMH,906,0.00222095118836747,0.0023113492787078097
SMH,907,0.0020866127265288773,0.002177051224013289
SMH,908,0.0021155178386465675,0.0022062628132978566
SMH,909,0.0022838289323950274,0.0023813504084977378
SMH,910,0.0023495653620254544,0.0024528456185640302
SMH,911,0.0022621608024456174,0.0023571616092467325
SMH,912,0.002309603300291382,0.002400134513692434
SMH,913,0.00235707340259837,0.002454962280531531
SMH,914,0.0028023915035612686,0.0030124009340829457
SMH,915,0.0025985800462251865,0.002704281062922024
SMH,916,0.0021302118660262823,0.0022217690273037094
SMH,917,0.002121358448219586,0.002213158532779587
SMH,918,0.0021483820263973256,0.002241401961494362
SMH,919,0.0021174906013068946,0.002205576180756282
SMH,920,0.002226980130830683,0.0023201910013378644
SMH,921,0.0021690600342848076,0.002256473679514999
SMH,922,0.0021745955806087517,0.0022646036651634287
SMH,923,0.002299729154496151,0.0023923784368925297
SMH,924,0.00198160136399227,0.0020639153482627666
SMH,925,0.002086390365581495,0.002172728505393928
SMH,926,0.0020341500965184254,0.0021162919250589337
SMH,927,0.002720264205320402,0.002837066263096027
SMH,928,0.0020500238487762435,0.0021367843156641156
SMH,929,0.0022523008257599804,0.0023400495491916903
SMH,930,0.003476632015474321,0.003617332955982253
SMH,931,0.0026086309454837675,0.002714716000041702
SMH,932,0.00255451717103051,0.0026594285674450702
SMH,933,0.002423417449623654,0.0025227480548452087
SMH,934,0.002643289034208301,0.002752865793454443
SMH,935,0.0029766211345602575,0.0030967144162811224
SMH,936,0.0028116498105387813,0.0029239260058836667
SMH,937,0.00303219263794426,0.0031775721343500546
SMH,938,0.0029634535997927767,0.0030822493292635067
SMH,939,0.002858488892900698,0.002980033783411362
SMH,940,0.003591677654576477,0.003740955778079962
SMH,941,0.0031089741304309703,0.0032327098147424548
SMH,942,0.0031468950196340477,0.003275471506972495
SMH,943,0.002913815569397074,0.003037762569897386
SMH,944,0.0032726051337747747,0.003408783088921955
SMH,945,0.004066413838666527,0.004254645361955875
SMH,946,0.004391227681093413,0.004631737633060059
SMH,947,0.003963452967198435,0.004165268705791897
SMH,948,0.0037350081640274003,0.0038893191191310262
SMH,949,0.0037895841285871495,0.003949830765961005
SMH,950,0.00822263542273889,0.008550655242478826
SMH,951,0.00629959067527184,0.006556428537865831
SMH,952,0.006372325134819021,0.006635681910539771
SMH,953,0.006435100455762134,0.006699552481508577
SMH,954,0.010041774687120414,0.010457350330383627
SMH,955,0.012311264906378173,0.012833404640854668
SMH,956,0.009273850567841363,0.009675175865289648
SMH,957,0.010523465765667372,0.01097509415730564
SMH,958,0.012152052300903686,0.012688126883056254
SMH,959,0.020234075428714478,0.02113377276287494
SMH,960,0.0007049767097589224,
SMH,961,0.0011358784045433523,
SMH,962,0.0013142422011052015,
SMH,963,0.0008551014126003514,
SMH,964,0.0009543631712791855,
SMH,965,0.0008693232535681802,
SMH,966,0.0013885242360104169,
SMH,967,0.0007785409663664893,
SMH,968,0.0002920073746462905,
SMH,969,0.00022576960600145934,
SMH,970,0.00039449530829960353,
SMH,971,0.0007033927369266738,
SMH,972,0.0001677661234051555,
SMH,973,0.00022595073009075008,
SMH,974,0.00024712086482994,
SMH,975,0.00014485513185375645,
SMH,976,0.0001607148632343435,
SMH,977,0.00016799290683989948,
SMH,978,9.988237297134653e-05,
SMH,979,8.224630566724062e-05,
SMH,980,0.00015403243162822553,
SMH,981,0.0002527405459639009,
SMH,982,0.00011853327219812568,
SMH,983,0.0005457809449714849,
SMH,984,9.113984099971363e-05,
SMH,985,0.0001722905750692217,
SMH,986,7.815381700925155e-05,
SMH,987,7.694983726265328e-05,
SMH,988,7.439933353333691e-05,
SMH,989,0.00020441986233541,
SMH,990,5.8556479432052286e-05,
SMH,991,8.724055231088149e-05,
SMH,992,7.507996030577455e-05,
SMH,993,9.02901080343856e-05,
SMH,994,6.242823817016697e-05,
SMH,995,8.095086288660478e-05,
SMH,996,8.243329669146525e-05,
SMH,997,7.382387445684373e-05,
SMH,998,5.1937818199880164e-05,
SMH,999,4.285411256538207e-05,
SMH,1000,5.292793778360537e-05,
SMH,1001,6.002963343134869e-05,
SMH,1002,5.500480391321398e-05,
SMH,1003,5.080770944052156e-05,
SMH,1004,5.748214225492757e-05,
SMH,1005,9.971800476651696e-05,
SMH,1006,5.1823079706253196e-05,
SMH,1007,4.978838862369897e-05,
SMH,1008,0.00012030628725773675,
SMH,1009,0.00015362676895816005,
SMH,1010,4.1557598280083795e-05,
SMH,1011,0.0002270661444445341,
SMH,1012,4.272437646097162e-05,
SMH,1013,0.0001073386917143841,
SMH,1014,3.9676336659922546e-05,
SMH,1015,6.122220420042463e-05,
SMH,1016,0.00013609883651531234,
SMH,1017,4.569081027916861e-05,
SMH,1018,0.0001770069393438997,
SMH,1019,8.45583682240127e-05,
SMH,1020,6.822344540069652e-05,
SMH,1021,2.984549197158431e-05,
SMH,1022,3.0065606288557585e-05,
SMH,1023,4.708376888233155e-05,
SMH,1024,4.631799015208832e-05,
SMH,1025,4.930127856416381e-05,
SMH,1026,6.622087107161195e-05,
SMH,1027,4.166279670149643e-05,
SMH,1028,3.762407247256808e-05,
SMH,1029,5.86551011398484e-05,
SMH,1030,0.0001720153497590747,
SMH,1031,0.00016232181587554949,
SMH,1032,3.630778101629155e-05,
SMH,1033,4.780142349666656e-05,
SMH,1034,3.2472058778185535e-05,
SMH,1035,4.3351816926880484e-05,
SMH,1036,4.9952291236848527e-05,
SMH,1037,7.869504904789796e-05,
SMH,1038,4.6944594546854555e-05,
SMH,1039,4.524831848048669e-05,
SMH,1040,0.00019648818113342573,
SMH,1041,8.740495269263093e-05,
SMH,1042,3.551188460478703e-05,
SMH,1043,2.6801089375421875e-05,
SMH,1044,3.7855724520545083e-05,
SMH,1045,3.139126554688797e-05,
SMH,1046,3.0278351871847937e-05,
SMH,1047,3.602308117179329e-05,
SMH,1048,4.949275225451082e-05,
SMH,1049,2.420690605523316e-05,
SMH,1050,1.5927436302307303e-05,
SMH,1051,2.512843934285849e-05,
SMH,1052,1.1967248236243395e-05,
SMH,1053,2.562859561853877e-05,
SMH,1054,1.850774538562413e-05,
SMH,1055,1.4508674786207553e-05,
SMH,1056,3.2369910432301354e-05,
SMH,1057,2.3443441309587786e-05,
SMH,1058,1.970939946840371e-05,
SMH,1059,2.35291501854561e-05,
SMH,1060,2.215168112093497e-05,
SMH,1061,2.06563831783355e-05,
SMH,1062,1.708031194449117e-05,
SMH,1063,0.0001685390004282679,
SMH,1064,8.649114462934705e-05,
SMH,1065,1.7586745983109832e-05,
SMH,1066,2.2282161000017918e-05,
SMH,1067,1.800498034635171e-05,
SMH,1068,2.065848296356363e-05,
SMH,1069,1.8102745799164064e-05,
SMH,1070,2.212238703775324e-05,
SMH,1071,2.1489376389076357e-05,
SMH,1072,2.031464721178161e-05,
SMH,1073,2.0914633061033428e-05,
SMH,1074,1.7878873834753994e-05,
SMH,1075,3.027027096581414e-05,
SMH,1076,1.8241686105901545e-05,
SMH,1077,2.2009284711782574e-05,
SMH,1078,2.3801059671275897e-05,
SMH,1079,1.6748688681315066e-05,
SMH,1080,2.713643159455042e-05,
SMH,1081,4.7877363065682806e-05,
SMH,1082,0.00019126788095063548,
SMH,1083,2.8619529453793922e-05,
SMH,1084,1.3216131563571347e-05,
SMH,1085,1.6763238379124398e-05,
SMH,1086,2.561843248911966e-05,
SMH,1087,0.00011145135628223927,
SMH,1088,3.174497222096159e-05,
SMH,1089,2.5518333217006713e-05,
SMH,1090,2.6669693743751066e-05,
SMH,1091,1.6508931780717205e-05,
SMH,1092,2.2587297108587162e-05,
SMH,1093,2.9462644132525232e-05,
SMH,1094,1.7628925405456306e-05,
SMH,1095,2.9642102919298282e-05,
SMH,1096,3.5441025311634904e-05,
SMH,1097,1.668329271709227e-05,
SMH,1098,1.440971725741249e-05,
SMH,1099,2.000708030544647e-05,
SMH,1100,2.491280635157706e-05,
SMH,1101,1.5735577073677812e-05,
SMH,1102,1.810769952110714e-05,
SMH,1103,1.4307220815933793e-05,
SMH,1104,1.4537323333704066e-05,
SMH,1105,5.881366825085511e-05,
SMH,1106,2.314741329173737e-05,
SMH,1107,1.6060377773212518e-05,
SMH,1108,1.6041215167627288e-05,
SMH,1109,1.6024621011255523e-05,
SMH,1110,1.0419297255175654e-05,
SMH,1111,1.5201853002381918e-05,
SMH,1112,1.991123218917504e-05,
SMH,1113,1.5470437480886552e-05,
SMH,1114,1.8886449216267586e-05,
SMH,1115,1.715187863429021e-05,
SMH,1116,1.712648318747587e-05,
SMH,1117,1.6530578397129345e-05,
SMH,1118,1.8577899996562277e-05,
SMH,1119,1.4119341769604084e-05,
SMH,1120,2.1206415089777356e-05,
SMH,1121,2.010204635527683e-05,
SMH,1122,1.754524917662241e-05,
SMH,1123,1.3528944934972845e-05,
SMH,1124,1.9856319578667187e-05,
SMH,1125,1.558760418885382e-05,
SMH,1126,1.572388726171814e-05,
SMH,1127,1.6084437301720426e-05,
SMH,1128,2.480556629573725e-05,
SMH,1129,2.3471773804013845e-05,
SMH,1130,1.205287647330321e-05,
SMH,1131,1.39222813644113e-05,
SMH,1132,1.3026053507974829e-05,
SMH,1133,1.525812903463925e-05,
SMH,1134,1.7800144182972835e-05,
SMH,1135,1.62281447747635e-05,
SMH,1136,1.6890108976144538e-05,
SMH,1137,1.9636485065531903e-05,
SMH,1138,1.3134886747868644e-05,
SMH,1139,1.484903658778646e-05,
SMH,1140,1.693109024148453e-05,
SMH,1141,1.4277155236987182e-05,
SMH,1142,1.702618951219636e-05,
SMH,1143,1.0573165653553949e-05,
SMH,1144,1.60651668659733e-05,
SMH,1145,1.2616823969479761e-05,
SMH,1146,2.7065128186983942e-05,
SMH,1147,1.4508937721648685e-05,
SMH,1148,1.4528457769295171e-05,
SMH,1149,1.7593803971736234e-05,
SMH,1150,1.392802024653384e-05,
SMH,1151,1.3732237095513244e-05,
SMH,1152,1.78333152868585e-05,
SMH,1153,2.216167644488101e-05,
SMH,1154,1.552971048926187e-05,
SMH,1155,2.023391045492319e-05,
SMH,1156,1.780334370487986e-05,
SMH,1157,1.2805878983115296e-05,
SMH,1158,2.1718197061222437e-05,
SMH,1159,2.0635503354802546e-05,
SMH,1160,1.6593835291917328e-05,
SMH,1161,2.3604240406736483e-05,
SMH,1162,1.131473775842479e-05,
SMH,1163,1.323745877893186e-05,
SMH,1164,1.6306977972700353e-05,
SMH,1165,1.7966874557508583e-05,
SMH,1166,1.4579777091469261e-05,
SMH,1167,1.3847247206090902e-05,
SMH,1168,1.7532860519558805e-05,
SMH,1169,1.399691878465297e-05,
SMH,1170,1.9335351534130527e-05,
SMH,1171,1.1991033609378409e-05,
SMH,1172,1.642592713983589e-05,
SMH,1173,1.5455404528573915e-05,
SMH,1174,2.475139805743004e-05,
SMH,1175,1.794478510918452e-05,
SMH,1176,1.2267922402135478e-05,
SMH,1177,1.4179452999902308e-05,
SMH,1178,1.5969252317671055e-05,
SMH,1179,1.4221791376994018e-05,
SMH,1180,1.6409794545968463e-05,
SMH,1181,1.8652344131801865e-05,
SMH,1182,1.3722856691914088e-05,
SMH,1183,1.3160909158651791e-05,
SMH,1184,1.084918958577915e-05,
SMH,1185,2.812247610144964e-05,
SMH,1186,1.6939387736204236e-05,
SMH,1187,2.5689414897316292e-05,
SMH,1188,2.6514061618582907e-05,
SMH,1189,2.013727876073983e-05,
SMH,1190,1.6836373893320648e-05,
SMH,1191,1.9685764676968937e-05,
SMH,1192,1.8995776505068965e-05,
SMH,1193,1.261955804668586e-05,
SMH,1194,2.0197020996019122e-05,
SMH,1195,1.9191899541820538e-05,
SMH,1196,2.556464611908342e-05,
SMH,1197,2.2480508988541983e-05,
SMH,1198,3.5185769108107614e-05,
SMH,1199,5.0802273327726615e-05,
NVDA,240,0.0005969265928677618,
NVDA,241,0.0008875733260809462,
NVDA,242,0.0003259943658843276,
NVDA,243,0.00015842186077226475,
NVDA,244,0.00013477018727610962,
NVDA,245,0.00012786766587735655,
NVDA,246,0.00010777998985250354,
NVDA,247,8.056972556412933e-05,
NVDA,248,7.148259704919672e-05,
NVDA,249,5.980060203895323e-05,
NVDA,250,6.209398595360504e-05,
NVDA,251,5.949489011989264e-05,
NVDA,252,4.8252018520309565e-05,
NVDA,253,4.9390337413674806e-05,
NVDA,254,4.768782531006747e-05,
NVDA,255,4.482949209110395e-05,
NVDA,256,4.579354630902466e-05,
NVDA,257,4.4368614178023394e-05,
NVDA,258,4.347710688749271e-05,
NVDA,259,4.351132255553353e-05,
NVDA,260,4.2925545858149696e-05,
NVDA,261,4.087086758754345e-05,
NVDA,262,3.791820325655116e-05,
NVDA,263,4.213106377789808e-05,
NVDA,264,4.1766203802724635e-05,
NVDA,265,4.163909414803465e-05,
NVDA,266,3.532692262430411e-05,
NVDA,267,4.094236592764669e-05,
NVDA,268,3.884411284668541e-05,
NVDA,269,3.935529284008866e-05,
NVDA,270,4.3010410220193816e-05,
NVDA,271,3.499824251524031e-05,
NVDA,272,3.9778970638034436e-05,
NVDA,273,3.9492266405215244e-05,
NVDA,274,3.7867306512222086e-05,
NVDA,275,3.6673350833645615e-05,
NVDA,276,3.646899049982173e-05,
NVDA,277,3.7820005500875404e-05,
NVDA,278,3.525043973837305e-05,
NVDA,279,3.195909442555496e-05,
NVDA,280,3.215743433144466e-05,
NVDA,281,2.9574499133493077e-05,
NVDA,282,3.1964057423202424e-05,
NVDA,283,3.5690400174131725e-05,
NVDA,284,3.112754301052761e-05,
NVDA,285,3.747651102016549e-05,
NVDA,286,3.4184954075576054e-05,
NVDA,287,3.518667372200604e-05,
NVDA,288,3.4727000113807416e-05,
NVDA,289,3.517616463947988e-05,
NVDA,290,3.371681085813997e-05,
NVDA,291,3.547529287566872e-05,
NVDA,292,3.270493149043067e-05,
NVDA,293,3.170591114483161e-05,
NVDA,294,3.254490141381394e-05,
NVDA,295,3.354164704873768e-05,
NVDA,296,3.436861839427732e-05,
NVDA,297,3.192785770434977e-05,
NVDA,298,3.1898804995394486e-05,
NVDA,299,3.208471701468934e-05,
NVDA,300,4.49325306814341e-05,
NVDA,301,4.458035173988082e-05,
NVDA,302,4.491148665257071e-05,
NVDA,303,3.6528638240920075e-05,
NVDA,304,3.224406290230171e-05,
NVDA,305,3.500373805667799e-05,
NVDA,306,3.422028811968629e-05,
NVDA,307,3.390892851869947e-05,
NVDA,308,3.205534231349203e-05,
NVDA,309,3.168085221924329e-05,
NVDA,310,3.5714417354990774e-05,
NVDA,311,3.121491871246891e-05,
NVDA,312,3.0601422521942456e-05,
NVDA,313,3.383112522984555e-05,
NVDA,314,3.251930869603564e-05,
NVDA,315,3.089907932040298e-05,
NVDA,316,3.037258888014502e-05,
NVDA,317,3.1215978536012844e-05,
NVDA,318,3.235467801915101e-05,
NVDA,319,3.044740289676954e-05,
NVDA,320,3.239597465640883e-05,
NVDA,321,2.781279962109576e-05,
NVDA,322,3.1824209533476506e-05,
NVDA,323,3.119523102125511e-05,
NVDA,324,3.337449171864813e-05,
NVDA,325,3.0269707076229514e-05,
NVDA,326,2.9807637192918395e-05,
NVDA,327,3.0043093470368286e-05,
NVDA,328,2.6743953498056672e-05,
NVDA,329,2.957589815314789e-05,
NVDA,330,3.574939283554093e-05,
NVDA,331,3.3498813965173377e-05,
NVDA,332,3.2009109147138855e-05,
NVDA,333,3.0424034730022195e-05,
NVDA,334,2.8108302329308096e-05,
NVDA,335,2.8215076323848456e-05,
NVDA,336,3.203745890996912e-05,
NVDA,337,3.2134787677821406e-05,
NVDA,338,2.8849581361829013e-05,
NVDA,339,3.716447370558694e-05,
NVDA,340,3.42618134778471e-05,
NVDA,341,3.180677189539046e-05,
NVDA,342,2.636793701279363e-05,
NVDA,343,3.002173119525644e-05,
NVDA,344,2.7761153018821945e-05,
NVDA,345,3.508598004028606e-05,
NVDA,346,3.2703555723136266e-05,
NVDA,347,2.7995040369628564e-05,
NVDA,348,3.3805252993030014e-05,
NVDA,349,3.25055221924427e-05,
NVDA,350,3.257776558187441e-05,
NVDA,351,3.019266112283773e-05,
NVDA,352,3.06682938887016e-05,
NVDA,353,3.269845306583527e-05,
NVDA,354,3.300943047138619e-05,
NVDA,355,3.3289695369526675e-05,
NVDA,356,2.9125062683002062e-05,
NVDA,357,3.120207002815335e-05,
NVDA,358,2.7432349134460042e-05,
NVDA,359,3.3329864158196185e-05,
NVDA,360,4.96973880195667e-05,
NVDA,361,4.304179081114436e-05,
NVDA,362,3.935712678742466e-05,
NVDA,363,4.468361102518859e-05,
NVDA,364,4.0441945389298734e-05,
NVDA,365,3.7551863938592805e-05,
NVDA,366,3.9161791547033465e-05,
NVDA,367,3.680316275259258e-05,
NVDA,368,3.4408760512445025e-05,
NVDA,369,3.699994771835847e-05,
NVDA,370,3.71751608349492e-05,
NVDA,371,3.802583102663548e-05,
NVDA,372,3.3310578072047124e-05,
NVDA,373,3.606349616520287e-05,
NVDA,374,3.547284158393397e-05,
NVDA,375,3.2378603936017374e-05,
NVDA,376,3.128834151808138e-05,
NVDA,377,3.6800769916943276e-05,
NVDA,378,3.037679939436498e-05,
NVDA,379,2.9936015942214507e-05,
NVDA,380,3.4851838686406384e-05,
NVDA,381,3.3597138941344524e-05,
NVDA,382,3.1777884670984856e-05,
NVDA,383,3.314923026407995e-05,
NVDA,384,3.1316305889848285e-05,
NVDA,385,3.54645085257229e-05,
NVDA,386,3.711071200808503e-05,
NVDA,387,3.513977809681819e-05,
NVDA,388,3.457296759622833e-05,
NVDA,389,3.1368661754446354e-05,
NVDA,390,4.3767447169864406e-05,
NVDA,391,4.056893072210714e-05,
NVDA,392,3.768580630650538e-05,
NVDA,393,3.731220075649578e-05,
NVDA,394,3.9420424682527926e-05,
NVDA,395,3.8302241272634426e-05,
NVDA,396,3.784958970257138e-05,
NVDA,397,3.410059529695607e-05,
NVDA,398,3.869454438581951e-05,
NVDA,399,3.351426936042885e-05,
NVDA,400,3.3201211741095634e-05,
NVDA,401,3.79299505220253e-05,
NVDA,402,3.84197471548342e-05,
NVDA,403,3.2670541751689405e-05,
NVDA,404,3.4183797488438244e-05,
NVDA,405,3.2656286488431354e-05,
NVDA,406,3.936903214585137e-05,
NVDA,407,3.7040875698976675e-05,
NVDA,408,3.8732640718328085e-05,
NVDA,409,3.555036876812251e-05,
NVDA,410,4.361617910734624e-05,
NVDA,411,4.0996013696264593e-05,
NVDA,412,3.5854257648445316e-05,
NVDA,413,3.385211412089435e-05,
NVDA,414,3.633650167297889e-05,
NVDA,415,3.764697175642108e-05,
NVDA,416,3.945439594695414e-05,
NVDA,417,4.32501664824173e-05,
NVDA,418,4.280456287852159e-05,
NVDA,419,4.7886203257152105e-05,
NVDA,420,0.00046155616905594547,
NVDA,421,0.0001760175239374878,
NVDA,422,0.00014062811342882697,
NVDA,423,0.0001270126070820919,
NVDA,424,0.00012038833504475271,
NVDA,425,0.00013262490265856624,
NVDA,426,0.00011434277692053937,
NVDA,427,0.0001002497855016301,
NVDA,428,0.00010305036721525992,
NVDA,429,9.656657811005433e-05,
NVDA,430,9.3941869632175e-05,
NVDA,431,9.402023347558129e-05,
NVDA,432,9.084941653322902e-05,
NVDA,433,9.688362031004161e-05,
NVDA,434,8.965979577064548e-05,
NVDA,435,8.476710177636766e-05,
NVDA,436,8.543713088169684e-05,
NVDA,437,8.464609534081268e-05,
NVDA,438,7.970414325006362e-05,
NVDA,439,8.478697812758474e-05,
NVDA,440,9.539655127031536e-05,
NVDA,441,0.00011678151137405343,
NVDA,442,8.636185217373252e-05,
NVDA,443,7.802665022976202e-05,
NVDA,444,8.491573569572427e-05,
NVDA,445,8.516724965214338e-05,
NVDA,446,8.022669721866136e-05,
NVDA,447,7.354622934413738e-05,
NVDA,448,9.330821364204524e-05,
NVDA,449,7.443358754216963e-05,
NVDA,450,8.640335895693245e-05,
NVDA,451,8.922982516492819e-05,
NVDA,452,9.218780138438105e-05,
NVDA,453,7.39596436729385e-05,
NVDA,454,8.889988583795155e-05,
NVDA,455,8.394903483730995e-05,
NVDA,456,8.3761827237519e-05,
NVDA,457,0.00010157938088681566,
NVDA,458,7.804720921747193e-05,
NVDA,459,7.724886951390263e-05,
NVDA,460,8.111174955959727e-05,
NVDA,461,0.00015243381986769524,
NVDA,462,8.780740439548583e-05,
NVDA,463,0.00016229364439115834,
NVDA,464,7.336747169435146e-05,
NVDA,465,8.675038259025017e-05,
NVDA,466,0.00011089317499228918,
NVDA,467,7.75732159931637e-05,
NVDA,468,9.77505531227264e-05,
NVDA,469,8.471214620370105e-05,
NVDA,470,0.00018613257745077316,
NVDA,471,9.302606423501283e-05,
NVDA,472,7.818498757600944e-05,
NVDA,473,0.00011573161241959328,
NVDA,474,0.00010169719777083951,
NVDA,475,7.568058523607798e-05,
NVDA,476,7.459513520032297e-05,
NVDA,477,9.173198436533055e-05,
NVDA,478,9.788691437777749e-05,
NVDA,479,6.728959303961949e-05,
NVDA,480,0.00251622869840252,
NVDA,481,0.0010111709674976532,
NVDA,482,0.00033977851415703075,
NVDA,483,0.0001803293103851239,
NVDA,484,0.00021184852744121448,
NVDA,485,0.00013647321805407476,
NVDA,486,0.00014456559355660101,
NVDA,487,0.00013613378109836164,
NVDA,488,0.00016858076297145806,
NVDA,489,0.00013429879535838596,
NVDA,490,0.00011905647227108534,
NVDA,491,0.0001457578144771979,
NVDA,492,0.00012277351923502296,
NVDA,493,0.00013208372573613258,
NVDA,494,0.00013326191410403714,
NVDA,495,0.00012440972085261137,
NVDA,496,0.00013891062126533536,
NVDA,497,0.00011834774554369385,
NVDA,498,0.00015265084012021078,
NVDA,499,0.000292416106851023,
NVDA,500,0.00023852219480065745,
NVDA,501,0.0001279643641321679,
NVDA,502,0.00013048306813223445,
NVDA,503,0.0001263632692384679,
NVDA,504,0.00017726100055487966,
NVDA,505,0.00013219180398306793,
NVDA,506,0.0001297863109850977,
NVDA,507,0.00012432084721325135,
NVDA,508,0.00014483115324550954,
NVDA,509,0.00013176602088497668,
NVDA,510,0.00020523627050038286,
NVDA,511,0.00021212383241797837,
NVDA,512,0.0001714665254787218,
NVDA,513,0.00017273308947394746,
NVDA,514,0.00017872243155590112,
NVDA,515,0.00020934901262268087,
NVDA,516,0.00029799884167897755,
NVDA,517,0.00017309591632175145,
NVDA,518,0.00017256780223035944,
NVDA,519,0.0001624139535303963,
NVDA,520,0.00018693820722451865,
NVDA,521,0.0002384083676821488,
NVDA,522,0.00017461649582666835,
NVDA,523,0.0001543846273015574,
NVDA,524,0.0001560751558943326,
NVDA,525,0.0002274221594132725,
NVDA,526,0.00016988935105354422,
NVDA,527,0.0002668954549164641,
NVDA,528,0.000160982187511806,
NVDA,529,0.00016865702264072847,
NVDA,530,0.00016200839068258665,
NVDA,531,0.0001543539763527508,
NVDA,532,0.00014347917157529565,
NVDA,533,0.00015052527913446062,
NVDA,534,0.00018250630344750037,
NVDA,535,0.0001628936802345162,
NVDA,536,0.00017372558620832495,
NVDA,537,0.0001601081278037836,
NVDA,538,0.00016521583528330668,
NVDA,539,0.00014263858320611768,
NVDA,540,0.00026491143514216324,
NVDA,541,0.00020657083294781098,
NVDA,542,0.0002245405516258335,
NVDA,543,0.00019756496472930185,
NVDA,544,0.00017465852706593938,
NVDA,545,0.00019194684725256948,
NVDA,546,0.0001852528274783329,
NVDA,547,0.0001821271614657723,
NVDA,548,0.00021273620826954838,
NVDA,549,0.00019924221019652382,
NVDA,550,0.0001649061010882566,
NVDA,551,0.00015130714594310303,
NVDA,552,0.00017537730096086598,
NVDA,553,0.0002147491704574736,
NVDA,554,0.00016874990989162786,
NVDA,555,0.00016018733863245173,
NVDA,556,0.00019943648911660097,
NVDA,557,0.00016626809921793442,
NVDA,558,0.00015830248559081854,
NVDA,559,0.0001466472747612486,
NVDA,560,0.00019781275862047312,
NVDA,561,0.00015669757275056762,
NVDA,562,0.00017288681878410147,
NVDA,563,0.00018733901556091114,
NVDA,564,0.00018267239901976356,
NVDA,565,0.00042143774752701526,
NVDA,566,0.0002140199642220751,
NVDA,567,0.000447059255310537,
NVDA,568,0.0005278953974909281,
NVDA,569,0.0003985000033389576,
NVDA,570,0.023986214439288358,0.026025961932172038
NVDA,571,0.0076410476794675905,0.008255234600137827
NVDA,572,0.006922267411441688,0.007484187773599746
NVDA,573,0.006543980794544068,0.0070702070600370944
NVDA,574,0.00594853890411989,0.006420553686521879
NVDA,575,0.006254661465981168,0.0067549033195207515
NVDA,576,0.005964695954430314,0.00643945933535196
NVDA,577,0.005343466270944878,0.005767445584288659
NVDA,578,0.005197625763330641,0.005608933891484227
NVDA,579,0.005062921171171794,0.0054628669405735845
NVDA,580,0.005351159566573776,0.005779415955148647
NVDA,581,0.005011151768872546,0.005404676912909671
NVDA,582,0.00490274323956194,0.0052886455380178705
NVDA,583,0.0047552789824487655,0.005133173744199887
NVDA,584,0.0044965756626243894,0.004855412778241648
NVDA,585,0.005095696761903442,0.005502310144822694
NVDA,586,0.004752174511165404,0.005132032854026555
NVDA,587,0.004562170190015561,0.004920788379463689
NVDA,588,0.004467514250428979,0.004822150926084189
NVDA,589,0.004455484429368789,0.004811505625178802
NVDA,590,0.004579111334517934,0.004940773034552263
NVDA,591,0.004290044498563473,0.004639161103564065
NVDA,592,0.004016445742285205,0.004335964415297822
NVDA,593,0.004042889778822352,0.004362515032840959
NVDA,594,0.003827716991713091,0.004128739343911862
NVDA,595,0.004021226574242271,0.004341622453604947
NVDA,596,0.003801019661284903,0.004102806690564192
NVDA,597,0.003589947416661304,0.0038693972621970793
NVDA,598,0.0037739355354064565,0.004069138256690065
NVDA,599,0.004033367980257933,0.004347061349614323
NVDA,600,0.004593864913362597,0.004959725934773848
NVDA,601,0.003966567303388536,0.0042772851400343405
NVDA,602,0.003847935606391194,0.004150416231685744
NVDA,603,0.0035963374656532653,0.0038738303719674226
NVDA,604,0.003585827731561454,0.00386333362246786
NVDA,605,0.0036770611742773683,0.003966952302806172
NVDA,606,0.0036483876473646457,0.003938042219831721
NVDA,607,0.0034309265978709354,0.0036994335199370594
NVDA,608,0.0032692589024700485,0.003523300416869824
NVDA,609,0.0032655275612956647,0.0035209000310723036
NVDA,610,0.003535095730683816,0.0038184648847933936
NVDA,611,0.0034823398466079223,0.0037578567018220735
NVDA,612,0.003410388463544663,0.003683336642297231
NVDA,613,0.0032793347122627597,0.0035367300495397678
NVDA,614,0.0031899346592555258,0.003446869132446205
NVDA,615,0.003264258084778856,0.003523161654412333
NVDA,616,0.0032115803268450978,0.0034639293057654678
NVDA,617,0.00326020203256259,0.003520624932829466
NVDA,618,0.0031063426800916898,0.003353967488512264
NVDA,619,0.00303560365161436,0.003278886546666481
NVDA,620,0.003178494224402245,0.0034409153342662775
NVDA,621,0.0031601311105893784,0.0034122779753494397
NVDA,622,0.0032788752509434996,0.003537510277211235
NVDA,623,0.003131065043338899,0.0033811586328295774
NVDA,624,0.0028803823105339062,0.0031135573111906022
NVDA,625,0.0030625776217139,0.0033071210667726014
NVDA,626,0.003019236537549656,0.0032590301760013064
NVDA,627,0.0029805413593889042,0.0032143277732557306
NVDA,628,0.002855447889935458,0.0030813108551935634
NVDA,629,0.002759254783194253,0.002981914881025321
NVDA,630,0.003305363621030367,0.0035677215454241796
NVDA,631,0.0030178732056489826,0.003251776003462465
NVDA,632,0.0029867818001619024,0.00321668444318897
NVDA,633,0.002971456238655351,0.0032001859246195167
NVDA,634,0.0030035402915498735,0.0032380258003517045
NVDA,635,0.003177562207821356,0.003427906625470325
NVDA,636,0.003009566209255276,0.0032446535365255715
NVDA,637,0.0028827412147956763,0.003103357849490208
NVDA,638,0.00282771482771973,0.003047282096801331
NVDA,639,0.0028397838411615187,0.003062969608986358
NVDA,640,0.0028251202225349986,0.0030450041731853255
NVDA,641,0.0028650930023441943,0.0030852960347205545
NVDA,642,0.002695209385870297,0.0029040514522569363
NVDA,643,0.0025979476922075714,0.0027978947092787126
NVDA,644,0.002569278306780597,0.0027706648449251072
NVDA,645,0.002756121663275307,0.0029645481217165713
NVDA,646,0.0028234766888785394,0.0030378229197382508
NVDA,647,0.002686809514069907,0.00289485533513213
NVDA,648,0.0027667921363455825,0.00297948870927645
NVDA,649,0.0025891060818797103,0.0027842454818495363
NVDA,650,0.0026991735211862483,0.002913000349733171
NVDA,651,0.002649977461620505,0.0028586881782342553
NVDA,652,0.0025883062389113753,0.0027886656896104404
NVDA,653,0.002476716885343394,0.002667387882659129
NVDA,654,0.002527411920837187,0.0027249196232850396
NVDA,655,0.0026597580567746305,0.0028656605953126155
NVDA,656,0.0026783023761854786,0.0028857144683437476
NVDA,657,0.0024855119826173414,0.0026752339020996237
NVDA,658,0.002750569071141697,0.0029585855533906693
NVDA,659,0.002502107946150337,0.0026922745541451258
NVDA,660,0.0031156844046800196,0.003351154208525124
NVDA,661,0.002689645258870844,0.002895928088717221
NVDA,662,0.0025165161552452684,0.0027127076309782488
NVDA,663,0.002455581483149976,0.002645456400681051
NVDA,664,0.002519106891232533,0.00271114091655567
NVDA,665,0.0024813682739275953,0.0026723534117009825
NVDA,666,0.002496607072924534,0.0026913031848711778
NVDA,667,0.0024937058667234085,0.0026857469885502197
NVDA,668,0.002364642605274485,0.00255171455937685
NVDA,669,0.002419372685233632,0.0026071170497891107
NVDA,670,0.0024790497939345545,0.0026727135681821603
NVDA,671,0.002374783863883303,0.002557697288816687
NVDA,672,0.0024886631910114414,0.002683030344614317
NVDA,673,0.0022632071900478344,0.0024402358275799167
NVDA,674,0.0022122972825176497,0.0023827665065543264
NVDA,675,0.0025699802799850242,0.002771010107457823
NVDA,676,0.0024253044336292134,0.0026142073636829487
NVDA,677,0.0023197641913904,0.0025007206566998847
NVDA,678,0.002279892064696047,0.002454111211668105
NVDA,679,0.002239870172938065,0.0024126202324221257
NVDA,680,0.0023580828837693087,0.0025439328401338996
NVDA,681,0.002354995844815864,0.002537851760258042
NVDA,682,0.0022854443042204524,0.0024598799428559416
NVDA,683,0.002200719665839931,0.0023703302100714168
NVDA,684,0.0023958206779832463,0.0025763298300780437
NVDA,685,0.0022572295248282216,0.0024361727533456137
NVDA,686,0.0021933054205151327,0.0023615807909242404
NVDA,687,0.002267764653956936,0.002445521141697871
NVDA,688,0.0020982513035741573,0.0022600786750539784
NVDA,689,0.0022493348428882427,0.0024235469028847205
NVDA,690,0.0024165171894712355,0.0025991940871539303
NVDA,691,0.0021599811335328133,0.002325227538417474
NVDA,692,0.002083660969587591,0.0022424287547023933
NVDA,693,0.0020631438781751076,0.0022225998834855217
NVDA,694,0.0021582717588657764,0.0023203426567868007
NVDA,695,0.002220734040721973,0.0023881524461138387
NVDA,696,0.0022539703087382378,0.0024358555626234017
NVDA,697,0.002107735341605351,0.0022716699422425895
NVDA,698,0.002024696102183629,0.002181574902100445
NVDA,699,0.001970165012571296,0.002124400300807245
NVDA,700,0.0020588903227234476,0.0022179212394868044
NVDA,701,0.001987494853983279,0.002144671193076871
NVDA,702,0.0019490979672553367,0.0021007075810005383
NVDA,703,0.0019803693848195188,0.0021318315461681804
NVDA,704,0.001955746378817106,0.0021086981985523174
NVDA,705,0.002060515518821918,0.0022225856531653604
NVDA,706,0.0020512958004639554,0.002209857388388944
NVDA,707,0.001981603719630672,0.002136389588722241
NVDA,708,0.002003768040795187,0.0021606260667734107
NVDA,709,0.0019153302777620966,0.0020651029184122916
NVDA,710,0.0020113914838468874,0.0021681723304955002
NVDA,711,0.002019889358263996,0.002180129157106505
NVDA,712,0.0020227724127767537,0.0021796765633373474
NVDA,713,0.0018913143434066235,0.002036793575768133
NVDA,714,0.0019920102361915965,0.002147134980247005
NVDA,715,0.0019422546506978457,0.0020947473177319775
NVDA,716,0.0019339195827220794,0.002078320344104501
NVDA,717,0.0017860539814813679,0.001925053911420512
NVDA,718,0.0018783620948688616,0.0020295757758974713
NVDA,719,0.0018343493374333095,0.001974883681600295
NVDA,720,0.0021107071922281304,0.002277764179670186
NVDA,721,0.0019356248672754916,0.002085594346829151
NVDA,722,0.001882379657295487,0.002024451470549322
NVDA,723,0.0018284988620193372,0.0019738015913628336
NVDA,724,0.0018599488993922965,0.002006515926893878
NVDA,725,0.0018439507402533022,0.0019874578769716023
NVDA,726,0.0018958712895900433,0.002042604214726399
NVDA,727,0.0017551735650253566,0.0018922278889626633
NVDA,728,0.0017279258434905553,0.001863724734720048
NVDA,729,0.001650495513041748,0.0017804653935648254
NVDA,730,0.0017670667905318512,0.0019047447817542456
NVDA,731,0.0018148843581143785,0.0019581567033378107
NVDA,732,0.0017498454570695375,0.001886288202228537
NVDA,733,0.0017763676484344824,0.0019127372987311523
NVDA,734,0.001645572022012138,0.0017875561780341257
NVDA,735,0.0018152398858030233,0.001961831582041201
NVDA,736,0.0017403906064450195,0.0018761047678495187
NVDA,737,0.001791649008892886,0.0019335948258123986
NVDA,738,0.001714204760300632,0.0018471594969858656
NVDA,739,0.0017636366766030913,0.0019035678565419974
NVDA,740,0.00194084588299855,0.0020919538299444002
NVDA,741,0.0018526891307165372,0.002001009084734223
NVDA,742,0.0016881778231629349,0.0018229372370429941
NVDA,743,0.0016504631714188646,0.001776718297947081
NVDA,744,0.001762676236117842,0.0018999401748829444
NVDA,745,0.0018724242100511084,0.002015468490145103
NVDA,746,0.0019398167912774034,0.002090827019084314
NVDA,747,0.00162263437567108,0.0017506172999714209
NVDA,748,0.0015647303017531286,0.00168904904351127
NVDA,749,0.0016405888853718881,0.0017670281095546862
NVDA,750,0.001853961603541409,0.0019936349464076968
NVDA,751,0.0017879887127766527,0.0019228704076906314
NVDA,752,0.001806731965768759,0.001946036117995678
NVDA,753,0.0018114627183077648,0.0019512693282514489
NVDA,754,0.00172490075016295,0.001853758320400023
NVDA,755,0.001788725251732884,0.00192680137159727
NVDA,756,0.0016386503626982984,0.0017661203311652488
NVDA,757,0.0016246842113287101,0.0017553150868233735
NVDA,758,0.0016651132893055996,0.001794267820578723
NVDA,759,0.001616420215871684,0.0017477746480938884
NVDA,760,0.0017789114540307134,0.0019172356274364689
NVDA,761,0.0016640156729852186,0.0017969947922807188
NVDA,762,0.0016483774123654527,0.0017748891922851726
NVDA,763,0.001572758701959971,0.0016970996503766587
NVDA,764,0.0016235732738265475,0.0017529720330719807
NVDA,765,0.001735081076435668,0.001870553601438282
NVDA,766,0.0016929661123549762,0.001823433147089237
NVDA,767,0.001570828688309572,0.001696309198930092
NVDA,768,0.0015469497318370872,0.0016656325276751124
NVDA,769,0.0014447450483248022,0.001555686389675611
NVDA,770,0.001666492881090191,0.00180087152325532
NVDA,771,0.0015114232724975764,0.0016271043980072078
NVDA,772,0.0015547341183282733,0.001674321276991649
NVDA,773,0.0015270077580270087,0.0016439351632928775
NVDA,774,0.0014798010294357613,0.0015922495974679393
NVDA,775,0.0015965280896866388,0.0017237325097174125
NVDA,776,0.001508003441254452,0.001626807147021538
NVDA,777,0.001577361125416173,0.0017118474876422142
NVDA,778,0.001561909195825102,0.0016859235644881292
NVDA,779,0.0014704047494947439,0.0015866844930636026
NVDA,780,0.0018087198183943552,0.0019497784953997237
NVDA,781,0.0016794588661487257,0.0018125587815141114
NVDA,782,0.0016005757600610919,0.0017284537375779048
NVDA,783,0.0017882977852348779,0.0019372627371644594
NVDA,784,0.001571042632294335,0.0016936543312437414
NVDA,785,0.0016104664873704958,0.0017383891530824414
NVDA,786,0.0016014445149781175,0.0017252916201736614
NVDA,787,0.001521390474079235,0.0016399484825598831
NVDA,788,0.0015632911386001703,0.001686211795520346
NVDA,789,0.0015530856058662162,0.0016731256437080583
NVDA,790,0.0016603005139807767,0.001790834642594715
NVDA,791,0.0015697710241055962,0.0016907678053354898
NVDA,792,0.0016896906278117277,0.0018192784290532217
NVDA,793,0.001629760965019637,0.0017552114764458073
NVDA,794,0.0015362495781551218,0.0016534232134305222
NVDA,795,0.001596245264855954,0.0017214373716641367
NVDA,796,0.001503518246192304,0.0016206022591139907
NVDA,797,0.0014539908252658574,0.001566856242266645
NVDA,798,0.0014649693735863832,0.0015792600570046008
NVDA,799,0.0015092490754279283,0.001625958233700854
NVDA,800,0.0015728525632807638,0.00169661652472072
NVDA,801,0.0015553386136386955,0.0016738182267931174
NVDA,802,0.0014973178829561745,0.001609806344030478
NVDA,803,0.0015029595990627871,0.0016215825477263561
NVDA,804,0.0014218525131023988,0.0015307689262163181
NVDA,805,0.0015034829150613047,0.0016246719847375689
NVDA,806,0.0013917275364500456,0.0014976748494348303
NVDA,807,0.0013561211505688094,0.0014608030519194747
NVDA,808,0.0013998749644063217,0.0015116414221822668
NVDA,809,0.0014065182565519963,0.0015166628377230652
NVDA,810,0.0015662798546074669,0.001690531216639149
NVDA,811,0.0014565005566325169,0.0015696043865309945
NVDA,812,0.0014960331361140412,0.0016187200437295087
NVDA,813,0.001432477613250029,0.0015430979246114983
NVDA,814,0.0014165471935123238,0.0015265239017555124
NVDA,815,0.0015673787842211738,0.0016884738722048882
NVDA,816,0.0015313184313374571,0.0016524303649519522
NVDA,817,0.0014701469682611218,0.0015887067073816626
NVDA,818,0.0014384179435690126,0.0015521636218693551
NVDA,819,0.001450231561685412,0.001561030864459465
NVDA,820,0.001640007734322935,0.0017659962825529063
NVDA,821,0.0014435352836598663,0.0015578880712501172
NVDA,822,0.0014737169318945987,0.001587979016515495
NVDA,823,0.001496611806343373,0.001612679833901652
NVDA,824,0.0014029057638208907,0.0015157136924482588
NVDA,825,0.0016171226906018697,0.0017444684020001856
NVDA,826,0.0015082385211651682,0.0016273558012105302
NVDA,827,0.001498294230770898,0.001614281756201478
NVDA,828,0.0014672974878060098,0.0015891734884490585
NVDA,829,0.0015121200493868388,0.0016289601430875106
NVDA,830,0.0016072215066754924,0.0017328864847562765
NVDA,831,0.001409436711860258,0.0015197241498698063
NVDA,832,0.001446470766258958,0.0015607717513251146
NVDA,833,0.001473920110257347,0.0015895835948792768
NVDA,834,0.001427706772852507,0.001538318200361199
NVDA,835,0.0014805640542599184,0.001594995692975907
NVDA,836,0.0013880539590396784,0.0014950327674091949
NVDA,837,0.0013746509473514666,0.001479865948149445
NVDA,838,0.0014290648857945311,0.0015384635108843297
NVDA,839,0.0013537406854829005,0.0014593851433003504
NVDA,840,0.0017407689159760794,0.0018796841026193644
NVDA,841,0.001693921670562604,0.0018288236399330718
NVDA,842,0.001692726791876474,0.0018235631928275491
NVDA,843,0.001614129650397813,0.0017381622367389467
NVDA,844,0.0016218623827568258,0.0017482031845091016
NVDA,845,0.0016802915891502065,0.001809911657548977
NVDA,846,0.0017306370851576365,0.0018665116090796718
NVDA,847,0.0015049037355224543,0.0016247875879018727
NVDA,848,0.0014498975853274164,0.0015656644746739855
NVDA,849,0.00142084971876866,0.0015330600170965958
NVDA,850,0.0015186009699039644,0.0016366848709133419
NVDA,851,0.0014932716093233145,0.0016112393231730994
NVDA,852,0.0014626831792013035,0.0015787176200361608
NVDA,853,0.0013735184679763495,0.0014808067445939356
NVDA,854,0.0013812951917048044,0.0014919211005797357
NVDA,855,0.001428255861209437,0.0015419486102345992
NVDA,856,0.0014855862055688568,0.0016011886993828823
NVDA,857,0.0014701990694994515,0.001584313123835435
NVDA,858,0.0015082346524733013,0.0016249644178483861
NVDA,859,0.0014029693057893795,0.001513151292393424
NVDA,860,0.0015658037843735274,0.0016873607615642279
NVDA,861,0.0015119755307541076,0.0016278140447018136
NVDA,862,0.0014444693839863916,0.0015555357126859726
NVDA,863,0.0013998839656069507,0.0015081485561225425
NVDA,864,0.0014036790410952233,0.0015156505440959741
NVDA,865,0.001544654866451227,0.0016647724000379493
NVDA,866,0.001435979613218574,0.0015458618409965714
NVDA,867,0.0014518721075157943,0.0015647243811376989
NVDA,868,0.0014707694579208638,0.0015871189680325473
NVDA,869,0.0014733655836029508,0.0015894867578516464
NVDA,870,0.0016534100823402836,0.0017831181543644546
NVDA,871,0.0016177691355976646,0.0017496305341500934
NVDA,872,0.001552596691169025,0.0016753639346047445
NVDA,873,0.001544815371786629,0.0016701582579766437
NVDA,874,0.0015488279213827626,0.0016673713998491932
NVDA,875,0.0015854874930184342,0.0017111065760481003
NVDA,876,0.0015575161417417211,0.0016792167288826624
NVDA,877,0.0015239329769397914,0.0016438576106665766
NVDA,878,0.0015046351096983993,0.0016254729609052265
NVDA,879,0.0014443091359998554,0.0015611048340442265
NVDA,880,0.001543553422718313,0.0016684458906516375
NVDA,881,0.0015833025031004794,0.0017077508329170744
NVDA,882,0.001493990137713443,0.001613419961770803
NVDA,883,0.001468479418305082,0.00158487291901015
NVDA,884,0.0014509962085014652,0.0015683190244373142
NVDA,885,0.0016701162872727728,0.0018022273988068792
NVDA,886,0.0015084928295236624,0.0016317102744952976
NVDA,887,0.0014361866525061206,0.0015554259135446876
NVDA,888,0.001402002035195648,0.001517479265702315
NVDA,889,0.0014296720491932488,0.0015459195294711527
NVDA,890,0.0016253350219203864,0.0017521027718956916
NVDA,891,0.0014889009134922174,0.0016087202151794724
NVDA,892,0.0015537011900331452,0.0016770308337555706
NVDA,893,0.0014807216210839555,0.0015993868809212673
NVDA,894,0.0015072766269125285,0.0016283374866670134
NVDA,895,0.0016750871047037045,0.001807680096763652
NVDA,896,0.0016590887846720547,0.0017920367764288937
NVDA,897,0.0015403568317151229,0.0016633674308938235
NVDA,898,0.0015308384081540397,0.0016528953672334129
NVDA,899,0.001702902873195622,0.0018318376050547583
NVDA,900,0.001962931535778986,0.0021173122505451876
NVDA,901,0.0017848624935504044,0.0019248659862369595
NVDA,902,0.0017803417995832789,0.0019206077235401993
NVDA,903,0.0016696634283090437,0.0017987648070949454
NVDA,904,0.0016280392780119194,0.001757684031793758
NVDA,905,0.0017452943758179793,0.0018824098268423644
NVDA,906,0.001854540632988305,0.0020029658365040733
NVDA,907,0.0017659649190226426,0.001904769610779101
NVDA,908,0.0017697056213322319,0.0019096823530233118
NVDA,909,0.001769808591573037,0.0019040316275326591
NVDA,910,0.0019747081386642775,0.0021279081091301615
NVDA,911,0.001804144516945491,0.0019428506792275888
NVDA,912,0.0019571432520271003,0.0021133022139983968
NVDA,913,0.0017358937550148142,0.0018756588393901855
NVDA,914,0.001806188224500898,0.0019529410431761859
NVDA,915,0.0019819225584542686,0.0021382310907513075
NVDA,916,0.001957919482537177,0.002114981426113736
NVDA,917,0.0018674558322390104,0.0020173792157510643
NVDA,918,0.0018800550255272238,0.0020318615244421133
NVDA,919,0.001907047406622053,0.002059594183824881
NVDA,920,0.001973922367227743,0.0021281328886203587
NVDA,921,0.0018859303078626636,0.002032774910163791
NVDA,922,0.0017991677425291883,0.0019395401008667796
NVDA,923,0.0019538123373672896,0.002111692252265523
NVDA,924,0.0017429871638857486,0.0018815735183040172
NVDA,925,0.0018232939234027739,0.001963850482223719
NVDA,926,0.0018681846539418331,0.002014799465993686
NVDA,927,0.0018564118508510058,0.0020038179911405544
NVDA,928,0.0018352204205151,0.001980141950598972
NVDA,929,0.0018609715303050539,0.0020082252731056342
NVDA,930,0.0024047326361104878,0.002598009047559901
NVDA,931,0.0021083107717019558,0.002273786618619988
NVDA,932,0.0019670580195487166,0.0021218170563237215
NVDA,933,0.0020157092949759474,0.0021740670195410463
NVDA,934,0.002015608467536744,0.0021758492758370226
NVDA,935,0.0021770550550209294,0.0023516330185717263
NVDA,936,0.002009997167644479,0.002169637020228828
NVDA,937,0.0020336855608717253,0.002196493381327636
NVDA,938,0.001999852982756046,0.0021623348901459376
NVDA,939,0.0021410745878445744,0.002322913351693437
NVDA,940,0.0022987203571851657,0.002485944251460877
NVDA,941,0.0021686955201994955,0.002345892162282728
NVDA,942,0.002076058070952866,0.002245069309338531
NVDA,943,0.002064218765224893,0.002234114521361311
NVDA,944,0.002154647495960812,0.002331535496170396
NVDA,945,0.0023947787317307725,0.002593518590984989
NVDA,946,0.002304879940506971,0.0024986318025645563
NVDA,947,0.0022831992068078253,0.0024693558421262545
NVDA,948,0.002240938475888969,0.002423102569109051
NVDA,949,0.0024281562809269812,0.002627962197189225
NVDA,950,0.005051260220061799,0.005469172522642289
NVDA,951,0.003455878670666359,0.003740561790482098
NVDA,952,0.0033850884604214953,0.00367534990627257
NVDA,953,0.0035186413333876364,0.003818922108079573
NVDA,954,0.005049999178532024,0.005477826168094521
NVDA,955,0.006474706322257656,0.007024939118977947
NVDA,956,0.004788419662331674,0.0051959890978019365
NVDA,957,0.00542191388905008,0.005888531121004788
NVDA,958,0.006833772262923587,0.007420560782041567
NVDA,959,0.016573485955330106,0.01795672351256926
NVDA,960,0.012603355571808044,
NVDA,961,0.0005042789703703595,
NVDA,962,0.0006068871182650623,
NVDA,963,0.0004784493293281585,
NVDA,964,0.00035637680107628554,
NVDA,965,0.00039089180590624504,
NVDA,966,0.00038841283345463363,
NVDA,967,0.00031712036231698913,
NVDA,968,0.000307684059684913,
NVDA,969,0.000258053970235568,
NVDA,970,0.00030692572425866784,
NVDA,971,0.00022008818170737558,
NVDA,972,0.00030287371458352565,
NVDA,973,0.00018709534301124077,
NVDA,974,0.00019672790869359674,
NVDA,975,0.0002871944532032845,
NVDA,976,0.0005171280019062504,
NVDA,977,0.00023061433973648837,
NVDA,978,0.00014390110474886067,
NVDA,979,0.00021651958737200269,
NVDA,980,0.0002507743049732398,
NVDA,981,0.0002694444701073175,
NVDA,982,0.00020480644765998404,
NVDA,983,0.00020306197271304952,
NVDA,984,0.0001924236231652312,
NVDA,985,0.00021548566095807556,
NVDA,986,0.00016722879260698174,
NVDA,987,0.00019310495327800304,
NVDA,988,0.00023139857151765474,
NVDA,989,0.00014749780831231908,
NVDA,990,0.00015959855682874574,
NVDA,991,0.00017590971000119336,
NVDA,992,0.00016259210935848787,
NVDA,993,0.0001520984652449975,
NVDA,994,0.00016757248604693122,
NVDA,995,0.00015667638550315163,
NVDA,996,0.0002260528877054998,
NVDA,997,0.00012143273178895304,
NVDA,998,0.0001405818136823857,
NVDA,999,0.00011709935987468886,
NVDA,1000,0.00011619789999875374,
NVDA,1001,0.00011319150949611292,
NVDA,1002,0.00011346698297402913,
NVDA,1003,0.00010616853150080684,
NVDA,1004,0.00015587014294167074,
NVDA,1005,0.00014025386240320892,
NVDA,1006,0.00012790793231556852,
NVDA,1007,0.00012159644446362848,
NVDA,1008,0.0001335672774607926,
NVDA,1009,0.00014599581493827165,
NVDA,1010,0.0003089828410026847,
NVDA,1011,0.0001863879888099765,
NVDA,1012,0.00012438486301299048,
NVDA,1013,0.00015742902241485846,
NVDA,1014,8.772997654737675e-05,
NVDA,1015,0.00035495864035384666,
NVDA,1016,0.0001269697455837011,
NVDA,1017,0.00017924170813746342,
NVDA,1018,0.00018335799519040343,
NVDA,1019,0.0002590091587115694,
NVDA,1020,0.00034345404961874627,
NVDA,1021,8.138517692094303e-05,
NVDA,1022,0.00013253169894591348,
NVDA,1023,0.0001262468911100196,
NVDA,1024,0.0001378315996043948,
NVDA,1025,0.0002253318507583526,
NVDA,1026,0.00018034072341955296,
NVDA,1027,0.00022112513215619324,
NVDA,1028,0.00024562121919364973,
NVDA,1029,0.0001500693242022467,
NVDA,1030,0.0003190766834116851,
NVDA,1031,0.00014034571676438702,
NVDA,1032,0.0001447665280477436,
NVDA,1033,8.992168407267619e-05,
NVDA,1034,8.946454110365861e-05,
NVDA,1035,0.00014283817336189993,
NVDA,1036,9.257437671117111e-05,
NVDA,1037,0.0002948132105358457,
NVDA,1038,9.914496202129024e-05,
NVDA,1039,0.00010266140913973613,
NVDA,1040,8.872754087478403e-05,
NVDA,1041,7.133348905361445e-05,
NVDA,1042,0.00013908885766954622,
NVDA,1043,6.646851032583919e-05,
NVDA,1044,0.00011749208419738139,
NVDA,1045,8.465371616029413e-05,
NVDA,1046,7.818366474227802e-05,
NVDA,1047,6.400839632186546e-05,
NVDA,1048,8.520707517827426e-05,
NVDA,1049,6.820185155702962e-05,
NVDA,1050,0.00010116543955154158,
NVDA,1051,0.00010210590465120375,
NVDA,1052,0.00018711862358936857,
NVDA,1053,5.452055855437856e-05,
NVDA,1054,0.0001875253733058278,
NVDA,1055,5.310995144611009e-05,
NVDA,1056,5.557376537281935e-05,
NVDA,1057,5.082271982515245e-05,
NVDA,1058,6.125670239520176e-05,
NVDA,1059,0.00017584934542012282,
NVDA,1060,5.39063430458987e-05,
NVDA,1061,5.952269177715787e-05,
NVDA,1062,4.836322161716144e-05,
NVDA,1063,0.0001253705898279481,
NVDA,1064,4.7464465754998356e-05,
NVDA,1065,7.733490549106752e-05,
NVDA,1066,5.83282314824652e-05,
NVDA,1067,0.00018263820439964125,
NVDA,1068,0.00011349162549420447,
NVDA,1069,5.0986560225118265e-05,
NVDA,1070,4.493296680696516e-05,
NVDA,1071,5.64355446828164e-05,
NVDA,1072,7.454585733147254e-05,
NVDA,1073,0.0003478113297785998,
NVDA,1074,6.75248621124135e-05,
NVDA,1075,0.00015731403372395807,
NVDA,1076,0.0002473991773488598,
NVDA,1077,7.423123871325933e-05,
NVDA,1078,4.654801655265806e-05,
NVDA,1079,0.00011393331418992012,
NVDA,1080,9.195458808903509e-05,
NVDA,1081,8.07013991914042e-05,
NVDA,1082,5.4284401984872246e-05,
NVDA,1083,0.00017003931660085816,
NVDA,1084,5.512454343111853e-05,
NVDA,1085,9.039984023030306e-05,
NVDA,1086,5.927265497835384e-05,
NVDA,1087,5.376760599255106e-05,
NVDA,1088,5.2787267509113664e-05,
NVDA,1089,5.706582499314371e-05,
NVDA,1090,5.471995064451228e-05,
NVDA,1091,4.68389287980153e-05,
NVDA,1092,4.788316938017217e-05,
NVDA,1093,4.2968203582207034e-05,
NVDA,1094,5.837468918815308e-05,
NVDA,1095,0.00011488800825543911,
NVDA,1096,5.724923692302172e-05,
NVDA,1097,5.1027397864677555e-05,
NVDA,1098,4.490136911506758e-05,
NVDA,1099,4.4443719801222446e-05,
NVDA,1100,4.6650787562727736e-05,
NVDA,1101,4.669529570548372e-05,
NVDA,1102,4.1109274808929656e-05,
NVDA,1103,4.6045621420911606e-05,
NVDA,1104,4.468920329716734e-05,
NVDA,1105,4.1874134681184424e-05,
NVDA,1106,4.785719268678493e-05,
NVDA,1107,3.8975649522586275e-05,
NVDA,1108,3.63760471729559e-05,
NVDA,1109,3.731423732079664e-05,
NVDA,1110,4.825259638922295e-05,
NVDA,1111,3.734249162708268e-05,
NVDA,1112,5.049514300170072e-05,
NVDA,1113,4.456635495609036e-05,
NVDA,1114,4.458645835730184e-05,
NVDA,1115,4.439926225930071e-05,
NVDA,1116,4.564446598341536e-05,
NVDA,1117,3.892735554487027e-05,
NVDA,1118,4.309565811946325e-05,
NVDA,1119,4.2940678121298506e-05,
NVDA,1120,4.37722263630896e-05,
NVDA,1121,3.8837757433830975e-05,
NVDA,1122,4.1263175376346076e-05,
NVDA,1123,3.970625211410988e-05,
NVDA,1124,4.128125865348842e-05,
NVDA,1125,4.405370230159737e-05,
NVDA,1126,4.109267671768486e-05,
NVDA,1127,3.9835477340912986e-05,
NVDA,1128,3.880425409988668e-05,
NVDA,1129,3.797212659152597e-05,
NVDA,1130,3.917525829141356e-05,
NVDA,1131,3.7106447755168324e-05,
NVDA,1132,3.7750370943731816e-05,
NVDA,1133,3.3574987803209035e-05,
NVDA,1134,3.6406606946807595e-05,
NVDA,1135,3.4785283176277586e-05,
NVDA,1136,3.9744779514503135e-05,
NVDA,1137,4.2302423780641305e-05,
NVDA,1138,4.5641070135673404e-05,
NVDA,1139,4.234449996478887e-05,
NVDA,1140,4.476784892284279e-05,
NVDA,1141,4.5188158754481385e-05,
NVDA,1142,4.0555322212133555e-05,
NVDA,1143,3.7461665320043815e-05,
NVDA,1144,3.809711868408858e-05,
NVDA,1145,4.3045863948325944e-05,
NVDA,1146,3.864264604055316e-05,
NVDA,1147,3.69862651879214e-05,
NVDA,1148,3.350076246854258e-05,
NVDA,1149,3.627161899616947e-05,
NVDA,1150,3.7153379079217155e-05,
NVDA,1151,3.823827062640192e-05,
NVDA,1152,3.612941671307836e-05,
NVDA,1153,3.814337039815734e-05,
NVDA,1154,3.527500771343944e-05,
NVDA,1155,3.5421113000364395e-05,
NVDA,1156,3.265227172936409e-05,
NVDA,1157,3.57850137041955e-05,
NVDA,1158,3.562709609049071e-05,
NVDA,1159,3.777640143741166e-05,
NVDA,1160,3.085992264315759e-05,
NVDA,1161,3.3340188522288176e-05,
NVDA,1162,3.452937706491086e-05,
NVDA,1163,3.6019485447984445e-05,
NVDA,1164,3.790402984638689e-05,
NVDA,1165,3.716979732307585e-05,
NVDA,1166,3.842149982956599e-05,
NVDA,1167,3.5849665114380965e-05,
NVDA,1168,3.544642855224661e-05,
NVDA,1169,3.498624276003391e-05,
NVDA,1170,3.5630934692122755e-05,
NVDA,1171,3.631587128798249e-05,
NVDA,1172,3.7385549382038866e-05,
NVDA,1173,3.70732002620261e-05,
NVDA,1174,3.750774989230562e-05,
NVDA,1175,3.9807763116806955e-05,
NVDA,1176,3.441296345779743e-05,
NVDA,1177,3.46264637167631e-05,
NVDA,1178,3.659012292296201e-05,
NVDA,1179,3.4317810970793954e-05,
NVDA,1180,3.8705202448210204e-05,
NVDA,1181,3.9408677591247454e-05,
NVDA,1182,3.866804862242623e-05,
NVDA,1183,3.89590217708362e-05,
NVDA,1184,4.157439986497712e-05,
NVDA,1185,4.271581706309249e-05,
NVDA,1186,4.617291706263787e-05,
NVDA,1187,4.436281792205987e-05,
NVDA,1188,4.711208753884202e-05,
NVDA,1189,4.605718917982127e-05,
NVDA,1190,4.944263689329365e-05,
NVDA,1191,5.0246745444787576e-05,
NVDA,1192,5.07111346133595e-05,
NVDA,1193,5.8434794598414495e-05,
NVDA,1194,5.444294263349188e-05,
NVDA,1195,6.20889976375787e-05,
NVDA,1196,6.222082792279559e-05,
NVDA,1197,7.259317414278049e-05,
NVDA,1198,7.362891248236864e-05,
NVDA,1199,9.941646947960401e-05,
TQQQ,240,0.0019698003838913127,
TQQQ,241,0.0035281008064764986,
TQQQ,242,0.0011612908983294162,
TQQQ,243,0.0006403717924009088,
TQQQ,244,0.0004902834340365539,
TQQQ,245,0.00047254833814842933,
TQQQ,246,0.00035382579163814235,
TQQQ,247,0.0002426585530097163,
TQQQ,248,0.00018951694988908957,
TQQQ,249,0.00016267977183716272,
TQQQ,250,0.00015720451885804364,
TQQQ,251,0.00017466887759417938,
TQQQ,252,0.0001311086545176538,
TQQQ,253,0.0001179491526209642,
TQQQ,254,0.00011886109393750078,
TQQQ,255,0.00013651335652793594,
TQQQ,256,0.00013181080997272696,
TQQQ,257,0.0001198512437875887,
TQQQ,258,0.00012253356203750573,
TQQQ,259,0.00012290442814215366,
TQQQ,260,0.00013025301653095625,
TQQQ,261,0.0001461652430016003,
TQQQ,262,0.0001226067335746491,
TQQQ,263,0.0001385743493587771,
TQQQ,264,0.00012701901300348959,
TQQQ,265,0.00011681578058291666,
TQQQ,266,0.0001044717189452446,
TQQQ,267,0.00010756956841311921,
TQQQ,268,0.0001189978134099129,
TQQQ,269,0.00012439566104867917,
TQQQ,270,0.00013409979958983162,
TQQQ,271,0.00012831137297686964,
TQQQ,272,0.00010560276257160408,
TQQQ,273,0.00012991670614225642,
TQQQ,274,0.00012136325680439738,
TQQQ,275,0.00011424569778115178,
TQQQ,276,0.0001107380805011435,
TQQQ,277,0.00010122973375722217,
TQQQ,278,0.00011003674374454349,
TQQQ,279,0.00011056549079612059,
TQQQ,280,0.00010627462923044881,
TQQQ,281,0.0001045876972001324,
TQQQ,282,9.713550783550199e-05,
TQQQ,283,0.0001002415992933902,
TQQQ,284,9.537185772282486e-05,
TQQQ,285,0.0001066515686100251,
TQQQ,286,0.00010533075222741761,
TQQQ,287,9.717517356732364e-05,
TQQQ,288,9.015017246911388e-05,
TQQQ,289,8.961966760579699e-05,
TQQQ,290,0.0001146261194044771,
TQQQ,291,0.0001017347014308433,
TQQQ,292,9.297381953231733e-05,
TQQQ,293,9.027147310448963e-05,
TQQQ,294,0.00012361077168785927,
TQQQ,295,8.145274317829006e-05,
TQQQ,296,8.443774079127326e-05,
TQQQ,297,8.716429469933071e-05,
TQQQ,298,8.293721341129898e-05,
TQQQ,299,9.270621957683968e-05,
TQQQ,300,0.0001437219250106547,
TQQQ,301,0.00010904344959819471,
TQQQ,302,0.00010732551602185364,
TQQQ,303,0.0001014035427926884,
TQQQ,304,0.00010317395219206396,
TQQQ,305,9.650488692337926e-05,
TQQQ,306,9.715816153536315e-05,
TQQQ,307,9.011268411543553e-05,
TQQQ,308,0.00011165415477126563,
TQQQ,309,9.662864825563622e-05,
TQQQ,310,0.00010258537639084588,
TQQQ,311,9.401173283559375e-05,
TQQQ,312,8.960065120069669e-05,
TQQQ,313,9.928560821164132e-05,
TQQQ,314,9.030787325751446e-05,
TQQQ,315,0.00010159415746226988,
TQQQ,316,9.188093811033255e-05,
TQQQ,317,8.618281058394946e-05,
TQQQ,318,9.622149509416899e-05,
TQQQ,319,9.640863491694713e-05,
TQQQ,320,9.466065988362824e-05,
TQQQ,321,9.649330690468058e-05,
TQQQ,322,0.00010110310529713693,
TQQQ,323,7.687116923329622e-05,
TQQQ,324,7.882496909376941e-05,
TQQQ,325,8.992549582218222e-05,
TQQQ,326,8.917798792925775e-05,
TQQQ,327,8.669420005969116e-05,
TQQQ,328,8.3237925723754e-05,
TQQQ,329,9.550041029500898e-05,
TQQQ,330,0.00010999265819113056,
TQQQ,331,9.407532268233212e-05,
TQQQ,332,9.232627412716127e-05,
TQQQ,333,0.00010582260248288482,
TQQQ,334,8.423690772499868e-05,
TQQQ,335,9.63950811189064e-05,
TQQQ,336,8.824699187869701e-05,
TQQQ,337,8.273416156341618e-05,
TQQQ,338,7.237374116616285e-05,
TQQQ,339,9.913601827126315e-05,
TQQQ,340,9.616566811074217e-05,
TQQQ,341,9.511549007427654e-05,
TQQQ,342,7.460615503199218e-05,
TQQQ,343,8.012937465560795e-05,
TQQQ,344,7.646489162564377e-05,
TQQQ,345,7.860432272655739e-05,
TQQQ,346,9.062063370858888e-05,
TQQQ,347,9.89155492670626e-05,
TQQQ,348,0.00010037285414947117,
TQQQ,349,7.506409886196679e-05,
TQQQ,350,7.535885791943426e-05,
TQQQ,351,7.888740128066865e-05,
TQQQ,352,9.211658732163991e-05,
TQQQ,353,7.700012680059822e-05,
TQQQ,354,8.999652205768689e-05,
TQQQ,355,9.309124598057903e-05,
TQQQ,356,8.032105277524085e-05,
TQQQ,357,7.771527491234847e-05,
TQQQ,358,8.078536038274371e-05,
TQQQ,359,8.115978097486398e-05,
TQQQ,360,0.0001629715267735978,
TQQQ,361,0.0001154347699523466,
TQQQ,362,9.494675613642067e-05,
TQQQ,363,0.00011081442710556622,
TQQQ,364,9.132031594199824e-05,
TQQQ,365,9.846709249382593e-05,
TQQQ,366,9.344153220668892e-05,
TQQQ,367,9.053535901634997e-05,
TQQQ,368,7.884161105806976e-05,
TQQQ,369,9.141444863248988e-05,
TQQQ,370,9.309686074309588e-05,
TQQQ,371,9.459233514253234e-05,
TQQQ,372,9.020719148202236e-05,
TQQQ,373,7.73113419139993e-05,
TQQQ,374,7.077295914402465e-05,
TQQQ,375,8.53132713377514e-05,
TQQQ,376,8.86799596996638e-05,
TQQQ,377,8.413414131007962e-05,
TQQQ,378,7.815411845160346e-05,
TQQQ,379,8.781569240494435e-05,
TQQQ,380,9.944491426005e-05,
TQQQ,381,8.477711738646191e-05,
TQQQ,382,9.72344323019951e-05,
TQQQ,383,8.063287525798165e-05,
TQQQ,384,8.514481095079488e-05,
TQQQ,385,0.00011650987740883803,
TQQQ,386,0.00012511872236241033,
TQQQ,387,7.628605743926826e-05,
TQQQ,388,8.760919175538038e-05,
TQQQ,389,8.912488613077715e-05,
TQQQ,390,0.00017891619694870658,
TQQQ,391,0.00011298141944005228,
TQQQ,392,0.00010433215808739092,
TQQQ,393,8.515761940650972e-05,
TQQQ,394,0.00011140450971309484,
TQQQ,395,9.273687433797583e-05,
TQQQ,396,9.740821277640118e-05,
TQQQ,397,8.106852848114019e-05,
TQQQ,398,8.488089302809589e-05,
TQQQ,399,9.207082583370656e-05,
TQQQ,400,9.426550301044968e-05,
TQQQ,401,7.933236139870695e-05,
TQQQ,402,8.953990897589378e-05,
TQQQ,403,9.276452491133628e-05,
TQQQ,404,7.745391894301984e-05,
TQQQ,405,9.240679149545014e-05,
TQQQ,406,0.00011995050576836686,
TQQQ,407,9.959740873561159e-05,
TQQQ,408,0.00010343857634329677,
TQQQ,409,0.00010177664152826394,
TQQQ,410,0.0001036061024664915,
TQQQ,411,9.857795859471936e-05,
TQQQ,412,9.232412551105042e-05,
TQQQ,413,9.872947367257376e-05,
TQQQ,414,8.486120863293977e-05,
TQQQ,415,9.848871150037235e-05,
TQQQ,416,8.196613560487998e-05,
TQQQ,417,8.238474223544257e-05,
TQQQ,418,7.638840521800871e-05,
TQQQ,419,0.00010098261057682604,
TQQQ,420,0.0009010202486691462,
TQQQ,421,0.0004325034718829574,
TQQQ,422,0.0003344008999810236,
TQQQ,423,0.00032923523876083385,
TQQQ,424,0.00033455532097002486,
TQQQ,425,0.00034843423920919456,
TQQQ,426,0.0003092572611567815,
TQQQ,427,0.0002724412236396914,
TQQQ,428,0.00025165921353340287,
TQQQ,429,0.00031140683919909695,
TQQQ,430,0.00025052871997573075,
TQQQ,431,0.0002266157357626704,
TQQQ,432,0.0002491798516583172,
TQQQ,433,0.00021080319455226188,
TQQQ,434,0.0002188677077040598,
TQQQ,435,0.00021250227113854049,
TQQQ,436,0.00019792272570878306,
TQQQ,437,0.00020090202298551376,
TQQQ,438,0.00019292463205787454,
TQQQ,439,0.0002099586572624657,
TQQQ,440,0.00023435779814863912,
TQQQ,441,0.00022755683802238091,
TQQQ,442,0.00020341112330714915,
TQQQ,443,0.00020248170063762177,
TQQQ,444,0.00020918428865871472,
TQQQ,445,0.00020517083301771797,
TQQQ,446,0.00021719755852291282,
TQQQ,447,0.0001868616006752933,
TQQQ,448,0.0002223116577785477,
TQQQ,449,0.00018368010933682562,
TQQQ,450,0.0002699187229096643,
TQQQ,451,0.0002504326481291576,
TQQQ,452,0.00023918512954078434,
TQQQ,453,0.00021184221018841334,
TQQQ,454,0.00019887304957890946,
TQQQ,455,0.00018697057350305384,
TQQQ,456,0.00024190451177828298,
TQQQ,457,0.00024247858870201855,
TQQQ,458,0.00018115672887735048,
TQQQ,459,0.00018978410699769377,
TQQQ,460,0.00022477961078220325,
TQQQ,461,0.00018694196222697313,
TQQQ,462,0.00017902126871547627,
TQQQ,463,0.00022001037746141513,
TQQQ,464,0.00018423986690363587,
TQQQ,465,0.00020290120508267124,
TQQQ,466,0.00018942299406911567,
TQQQ,467,0.00022384068246187377,
TQQQ,468,0.00022546708807795845,
TQQQ,469,0.00024518068721795296,
TQQQ,470,0.00025353471895026806,
TQQQ,471,0.00020229042315870747,
TQQQ,472,0.00018148128253991423,
TQQQ,473,0.00017793535499008967,
TQQQ,474,0.00017740698004406285,
TQQQ,475,0.00020866877604044172,
TQQQ,476,0.0001822671690640768,
TQQQ,477,0.00019053164988045218,
TQQQ,478,0.00020191326144646662,
TQQQ,479,0.00019447248295357828,
TQQQ,480,0.005182339440765475,
TQQQ,481,0.0025333612160832538,
TQQQ,482,0.0009095962559781298,
TQQQ,483,0.000554484672365642,
TQQQ,484,0.0003409930995635155,
TQQQ,485,0.00032781152822084576,
TQQQ,486,0.00031522058452090516,
TQQQ,487,0.00028821231991784215,
TQQQ,488,0.0002888949205574445,
TQQQ,489,0.00033817106590663693,
TQQQ,490,0.0003146180336236707,
TQQQ,491,0.0002965320060442839,
TQQQ,492,0.00031823081269173603,
TQQQ,493,0.0003204339942552415,
TQQQ,494,0.00028542607176523083,
TQQQ,495,0.00032456168730364,
TQQQ,496,0.0003360240428695125,
TQQQ,497,0.0002770502813086352,
TQQQ,498,0.0003290834503889668,
TQQQ,499,0.0002808904033966877,
TQQQ,500,0.0003267069325409352,
TQQQ,501,0.00034076778162903115,
TQQQ,502,0.0003486733454095869,
TQQQ,503,0.0003144173287274304,
TQQQ,504,0.00027630061830650213,
TQQQ,505,0.0003458923944406898,
TQQQ,506,0.000332435764732196,
TQQQ,507,0.00027603654540096263,
TQQQ,508,0.0002788153313927203,
TQQQ,509,0.00034265639512589326,
TQQQ,510,0.0010451975372791139,
TQQQ,511,0.0005443554543652993,
TQQQ,512,0.0005735871912226306,
TQQQ,513,0.0005787123712031808,
TQQQ,514,0.0004687596230549797,
TQQQ,515,0.0004645755082873673,
TQQQ,516,0.0004518653260237542,
TQQQ,517,0.0004506434381032265,
TQQQ,518,0.0004376240082830801,
TQQQ,519,0.0004035303752357804,
TQQQ,520,0.00042416873295475835,
TQQQ,521,0.0004433878456183932,
TQQQ,522,0.00041274463582098044,
TQQQ,523,0.0003707540126390418,
TQQQ,524,0.00039380665747801356,
TQQQ,525,0.00042930330419936494,
TQQQ,526,0.0004510678989387873,
TQQQ,527,0.00041552861365851823,
TQQQ,528,0.0003802859887700515,
TQQQ,529,0.000392245863825116,
TQQQ,530,0.00043398868910373713,
TQQQ,531,0.00035218055503095713,
TQQQ,532,0.00036199409796758557,
TQQQ,533,0.0003573903452731918,
TQQQ,534,0.00032396073099369617,
TQQQ,535,0.0003588103612526522,
TQQQ,536,0.0004313146397632797,
TQQQ,537,0.0003404632206972992,
TQQQ,538,0.00032520288585009057,
TQQQ,539,0.00033692168152643404,
TQQQ,540,0.0006827404554611249,
TQQQ,541,0.0004690900731576954,
TQQQ,542,0.00036869602015462434,
TQQQ,543,0.00037865904727258867,
TQQQ,544,0.0003943888884299661,
TQQQ,545,0.0003757340692548031,
TQQQ,546,0.00036285869161798947,
TQQQ,547,0.0003793007588189973,
TQQQ,548,0.000372584993393868,
TQQQ,549,0.00037279295505193846,
TQQQ,550,0.00038999529072050786,
TQQQ,551,0.0003662834760890173,
TQQQ,552,0.0003614004877352514,
TQQQ,553,0.0003283224466438606,
TQQQ,554,0.00033212433843553176,
TQQQ,555,0.0003673808586724591,
TQQQ,556,0.00040435315745111143,
TQQQ,557,0.0003569729989320393,
TQQQ,558,0.0003667214882939573,
TQQQ,559,0.00038375933682538546,
TQQQ,560,0.0004045595922793805,
TQQQ,561,0.00035000996599519554,
TQQQ,562,0.0003481644605145036,
TQQQ,563,0.00035698122964396024,
TQQQ,564,0.0003532352643771201,
TQQQ,565,0.0007857833910895029,
TQQQ,566,0.00043079773433094665,
TQQQ,567,0.000798226888968236,
TQQQ,568,0.0008867724398676795,
TQQQ,569,0.0006414473002373596,
TQQQ,570,0.01801208963286778,0.020515572105676314
TQQQ,571,0.008287266791796737,0.00940761389054199
TQQQ,572,0.007172133572605171,0.008140759817879229
TQQQ,573,0.006431084974401188,0.007291704356974319
TQQQ,574,0.0058732651055451775,0.006658605752604894
TQQQ,575,0.007269589121296054,0.008244177738476906
TQQQ,576,0.006482710418300573,0.0073455620305019126
TQQQ,577,0.005939820204607024,0.006729322663753942
TQQQ,578,0.005376975155527926,0.006086215756650345
TQQQ,579,0.005156335555418222,0.005836268399565951
TQQQ,580,0.006081732958393098,0.006887292478210594
TQQQ,581,0.005566247149963758,0.00628943780943886
TQQQ,582,0.005130333398728065,0.0058009326898048425
TQQQ,583,0.00514501841534302,0.005826355099722569
TQQQ,584,0.004660913871925113,0.005285649138482891
TQQQ,585,0.0066499714845448185,0.007542219097707618
TQQQ,586,0.005246557276699827,0.0059409528688597005
TQQQ,587,0.00500710359823813,0.0056585964197672835
TQQQ,588,0.0047761960030445385,0.005408423092236025
TQQQ,589,0.004896512860925621,0.005538147245938609
TQQQ,590,0.005425162699064986,0.0061336497733787505
TQQQ,591,0.004914303416005998,0.005562752583866198
TQQQ,592,0.0044494842974994306,0.005040371506942544
TQQQ,593,0.004227101499408862,0.004783271313557629
TQQQ,594,0.004206900318310668,0.004763941209003931
TQQQ,595,0.004450901574228463,0.005034135148610589
TQQQ,596,0.0042364577224649055,0.00479381253511248
TQQQ,597,0.003936218759352337,0.0044492728142727905
TQQQ,598,0.0037325877619331866,0.004218484436386762
TQQQ,599,0.0038317073106769756,0.004336654706960538
TQQQ,600,0.006129693864164777,0.006921617320785134
TQQQ,601,0.004328755351465684,0.004892534102264508
TQQQ,602,0.004246662337009953,0.004802684635972873
TQQQ,603,0.0039238125762551855,0.0044305522613770874
TQQQ,604,0.0036601188686845947,0.004125774810658993
TQQQ,605,0.003865307838488697,0.004371803157191083
TQQQ,606,0.004008860664183536,0.004528462262299035
TQQQ,607,0.0035998005346499174,0.004069491350735135
TQQQ,608,0.003588799619282918,0.00405502596568424
TQQQ,609,0.0032059426410483323,0.0036253860670858663
TQQQ,610,0.0037822403341875874,0.004278299065154358
TQQQ,611,0.0037108817747489907,0.00418992688050073
TQQQ,612,0.003724201553278721,0.004215049662113871
TQQQ,613,0.0035296740407030373,0.003990089567609161
TQQQ,614,0.003347981106022778,0.0037806140920517545
TQQQ,615,0.0037682572213568553,0.004262287684898619
TQQQ,616,0.0038557317698704003,0.004362712439065017
TQQQ,617,0.003214646128032796,0.0036323381851581654
TQQQ,618,0.003207957304300368,0.0036232782970314777
TQQQ,619,0.003031148258844257,0.0034207910527228125
TQQQ,620,0.0033855722017726805,0.003826956654450469
TQQQ,621,0.0033071477222757738,0.003739946566732991
TQQQ,622,0.0035455930172786226,0.004018843856355801
TQQQ,623,0.0031685034540506214,0.0035798557239415953
TQQQ,624,0.0034314747168502314,0.0038798123613630942
TQQQ,625,0.003358761820781699,0.003796011197543393
TQQQ,626,0.003155722186113312,0.00356079832953699
TQQQ,627,0.0030857473771258373,0.00349038584173566
TQQQ,628,0.002970129335568643,0.0033524687927917914
TQQQ,629,0.002885138902488786,0.003253066831896123
TQQQ,630,0.003970158090076158,0.004487796576947547
TQQQ,631,0.0033985577861254924,0.003847571841764777
TQQQ,632,0.003158023548884768,0.0035639032354917144
TQQQ,633,0.003250146745580568,0.0036645868501775196
TQQQ,634,0.0030937661458298343,0.003501097425364054
TQQQ,635,0.0034129982650007054,0.0038527968158010794
TQQQ,636,0.003182901848345805,0.0035901155807298735
TQQQ,637,0.0029877434972808204,0.0033657071282419604
TQQQ,638,0.002985464240303975,0.0033736958712690395
TQQQ,639,0.002788384363419333,0.0031513640465225495
TQQQ,640,0.0030836359850953624,0.003476999284658874
TQQQ,641,0.002773209717756442,0.003129888142990894
TQQQ,642,0.0026208197920531916,0.0029609928230519443
TQQQ,643,0.0026360413915000524,0.0029753387387892057
TQQQ,644,0.0025858522964977457,0.002912933279642919
TQQQ,645,0.002860016344813815,0.0032259558990062336
TQQQ,646,0.002974661524760466,0.0033599107192354796
TQQQ,647,0.0026911786473814807,0.003036740558853546
TQQQ,648,0.0026283951829010614,0.002967488228018062
TQQQ,649,0.0025972035163885055,0.0029299807350055503
TQQQ,650,0.0029699213965928626,0.0033488452141314465
TQQQ,651,0.0029041839221536523,0.0032829620384507248
TQQQ,652,0.0027968445227277857,0.0031616554698775832
TQQQ,653,0.0025793739979339605,0.0029118230106110286
TQQQ,654,0.002409552452965255,0.002720709070787106
TQQQ,655,0.002909309559518438,0.003283057552890058
TQQQ,656,0.0028463787228658723,0.0032117961104273568
TQQQ,657,0.0024995698649197,0.0028201705119705192
TQQQ,658,0.002636880476077623,0.002973604727640885
TQQQ,659,0.0024674520448068893,0.0027872736478153364
TQQQ,660,0.0033952925523373137,0.003832729719419439
TQQQ,661,0.0026932582223290363,0.0030420902255087396
TQQQ,662,0.0024531589426563874,0.00276860451506981
TQQQ,663,0.0023953214027963945,0.0027059321224809935
TQQQ,664,0.0024233289306214677,0.002732024957676183
TQQQ,665,0.0026115144080831897,0.0029467000837658315
TQQQ,666,0.0025941648319209054,0.0029281063341329698
TQQQ,667,0.0023203651017452923,0.0026193065394965933
TQQQ,668,0.002106531425182999,0.0023771945314234153
TQQQ,669,0.002164626106489541,0.002443342404671138
TQQQ,670,0.002407693114564856,0.002711356286549489
TQQQ,671,0.002318837357482689,0.0026110877381585154
TQQQ,672,0.0023423480696637073,0.002639762179531052
TQQQ,673,0.0022158329303141426,0.002500280320334193
TQQQ,674,0.002088696309489837,0.00235348536779519
TQQQ,675,0.0026573964845926523,0.0029985253764439183
TQQQ,676,0.002268683735664646,0.002563135449044337
TQQQ,677,0.0021113551960523034,0.0023813078197879906
TQQQ,678,0.0020341137051042386,0.0022920121110405756
TQQQ,679,0.002007404602717694,0.002260925232939293
TQQQ,680,0.002309064106256551,0.002599812236068832
TQQQ,681,0.002195840694909686,0.00247674098806706
TQQQ,682,0.0021212998101672316,0.0023864881730971273
TQQQ,683,0.002234456430109886,0.0025190315584743997
TQQQ,684,0.0019932437028787353,0.002252020127334869
TQQQ,685,0.0022710883837434763,0.002560001294391889
TQQQ,686,0.002225004963098404,0.0025038553325209163
TQQQ,687,0.0020722757671555268,0.0023364210863960778
TQQQ,688,0.001990662715819187,0.0022398580974208075
TQQQ,689,0.0021338201034833033,0.0024055348057718494
TQQQ,690,0.0027402609992246358,0.0030882547161778214
TQQQ,691,0.0022922271358369302,0.002574897990652766
TQQQ,692,0.0021991116988070805,0.0024810703123537246
TQQQ,693,0.001902540447444368,0.002141146490803478
TQQQ,694,0.0019268159124094337,0.0021730496760409695
TQQQ,695,0.0021728160931273393,0.002445182581631821
TQQQ,696,0.0020498182351830463,0.0023056347910006235
TQQQ,697,0.0020636766422536955,0.0023215946882448615
TQQQ,698,0.001916678761347969,0.002157507664671089
TQQQ,699,0.0018565003428653456,0.0020934504393546973
TQQQ,700,0.0022113189996685553,0.002489313674552394
TQQQ,701,0.002093955471488284,0.00235724449978
TQQQ,702,0.0018227074775224894,0.0020492438975156075
TQQQ,703,0.0018745678550902236,0.002104174491368999
TQQQ,704,0.0019283944682230885,0.0021763854516453998
TQQQ,705,0.0022349851243702716,0.0025215244409492474
TQQQ,706,0.0019723759769385792,0.0022174523888637545
TQQQ,707,0.001955871903302278,0.002199316187315528
TQQQ,708,0.001801917107332721,0.0020251107329331834
TQQQ,709,0.0018033538624383611,0.002031884386823077
TQQQ,710,0.0022599832306284986,0.00254348503097393
TQQQ,711,0.002158545400699786,0.0024390458413142448
TQQQ,712,0.001963310718834189,0.002216675907393198
TQQQ,713,0.0017702257879166489,0.0019955463466982347
TQQQ,714,0.0016971362156777343,0.001914897496110118
TQQQ,715,0.0019471351010797986,0.0021964459069944214
TQQQ,716,0.0017559613675405927,0.001974858883768823
TQQQ,717,0.0018347740728746453,0.0020619486655478175
TQQQ,718,0.0016396247764884186,0.001844013222183752
TQQQ,719,0.0016261243846465762,0.0018297069367870617
TQQQ,720,0.0023032541082158033,0.0025907841735188296
TQQQ,721,0.00222028883975056,0.0025109080726393863
TQQQ,722,0.0018390395100704579,0.0020746807284625544
TQQQ,723,0.0018089350937415631,0.002044067800053422
TQQQ,724,0.0016820378691785964,0.0018968388052265051
TQQQ,725,0.0017944554355094268,0.002020217010502424
TQQQ,726,0.001771543356443336,0.001989576050890983
TQQQ,727,0.0017591109503759994,0.001984252448282776
TQQQ,728,0.0016811340442780694,0.0018966750589236975
TQQQ,729,0.0015191908117547933,0.0017097070549839065
TQQQ,730,0.0018038497084245748,0.0020285926434487197
TQQQ,731,0.001614911412138421,0.0018207216824581872
TQQQ,732,0.0015310251455763325,0.0017196816975470414
TQQQ,733,0.0014631626914460955,0.0016450127731340181
TQQQ,734,0.0013947929218697784,0.0015715029749209727
TQQQ,735,0.001834489676265585,0.002068287595397851
TQQQ,736,0.001641115017893083,0.0018530644472540664
TQQQ,737,0.0015911275090022164,0.0017951200842940725
TQQQ,738,0.00152701180740811,0.0017190567421792114
TQQQ,739,0.0015197003184658961,0.001711012226479843
TQQQ,740,0.0018483423433307221,0.0020853140918749595
TQQQ,741,0.0017984609546392244,0.0020223796123541487
TQQQ,742,0.0016370813858131972,0.0018450709636153723
TQQQ,743,0.0017669411603255308,0.0019998037356115236
TQQQ,744,0.0016523452955606425,0.0018632749896706929
TQQQ,745,0.0018795176940737941,0.0021201056894453634
TQQQ,746,0.0016521029105221595,0.0018599274907528194
TQQQ,747,0.00159044215882033,0.0017903322261054696
TQQQ,748,0.0015014335860646288,0.0016966150226983485
TQQQ,749,0.0014971952930497281,0.0016977606435062955
TQQQ,750,0.002110171907134692,0.0023694975009450866
TQQQ,751,0.001868809550215325,0.0021044443725321558
TQQQ,752,0.0017217686938107953,0.0019360129922625304
TQQQ,753,0.0015810176254386341,0.0017766923192556227
TQQQ,754,0.0015774753163765264,0.0017834270024197896
TQQQ,755,0.0016561226119134833,0.0018690088564518122
TQQQ,756,0.0014744216830311747,0.0016599771154075758
TQQQ,757,0.0014598609479928627,0.0016461580584054307
TQQQ,758,0.0014730275866691683,0.0016563262528637636
TQQQ,759,0.0013725201072530343,0.0015437816281064392
TQQQ,760,0.0016400566611529189,0.0018505616861442596
TQQQ,761,0.001689616131922578,0.001905565284182256
TQQQ,762,0.001495710932744249,0.0016834155426216743
TQQQ,763,0.0014059717079807953,0.0015813442973840457
TQQQ,764,0.001390836274887477,0.001564694928512553
TQQQ,765,0.0016861326866187082,0.0018990724831503484
TQQQ,766,0.001532005798620101,0.001720352152618793
TQQQ,767,0.0014048431127380444,0.0015834791500301912
TQQQ,768,0.001421397823732209,0.0016023657177751264
TQQQ,769,0.001311833344537816,0.0014764422167607137
TQQQ,770,0.001763818393160882,0.001982298900295077
TQQQ,771,0.0015262274910970508,0.0017176559158173048
TQQQ,772,0.0015022722558466779,0.001692068770960724
TQQQ,773,0.0014151814480113459,0.0015873931139593776
TQQQ,774,0.0012970417343577145,0.0014556839831062981
TQQQ,775,0.0015097381388130147,0.0017034166729985
TQQQ,776,0.0013700684912367278,0.0015405001864115767
TQQQ,777,0.0013348994730296036,0.0015021370138978618
TQQQ,778,0.001439001962859627,0.0016131864572218279
TQQQ,779,0.0012598998071657495,0.00141306331681608
TQQQ,780,0.0019473095839207006,0.0021972089598962688
TQQQ,781,0.0015994068340496647,0.0018008180479452856
TQQQ,782,0.0016693377774396841,0.0018819803566367482
TQQQ,783,0.0015381571538086091,0.0017261821803256597
TQQQ,784,0.001336669852234701,0.0015059483336326044
TQQQ,785,0.0016668527454455316,0.0018748329603766017
TQQQ,786,0.0016178178035856062,0.0018176050095896291
TQQQ,787,0.0014328143379623685,0.0016173528453393721
TQQQ,788,0.0014459630958270383,0.0016232510652058984
TQQQ,789,0.0013687604720592473,0.0015354531048269527
TQQQ,790,0.001631875977389308,0.0018406766787221127
TQQQ,791,0.0014889375494847043,0.0016714344888247945
TQQQ,792,0.0014291412624589518,0.0016052653014653772
TQQQ,793,0.001319214278557812,0.0014832943046448656
TQQQ,794,0.0011853004629330049,0.001330109794894579
TQQQ,795,0.0014797239658917566,0.0016628560113705025
TQQQ,796,0.0014896672380372233,0.001678206143447014
TQQQ,797,0.001413106996803792,0.0015877706869728097
TQQQ,798,0.0013427310074922917,0.0015093816767713217
TQQQ,799,0.0013732808224777974,0.00154968799783165
TQQQ,800,0.0015812473639369893,0.001785751280593227
TQQQ,801,0.0015098226439274516,0.0016992444879199015
TQQQ,802,0.0014137741410221653,0.0015925451276326062
TQQQ,803,0.001503767113403855,0.0016933713295486832
TQQQ,804,0.001326804342293382,0.0014943515483106166
TQQQ,805,0.0015043866630781188,0.0016960849849659548
TQQQ,806,0.0013412786290159474,0.0015093277012177692
TQQQ,807,0.0012948559313713153,0.0014547562612604384
TQQQ,808,0.0015083651525303276,0.0016958850453879792
TQQQ,809,0.0013518678889081694,0.0015186323005620308
TQQQ,810,0.0018355208717153156,0.0020618685882485546
TQQQ,811,0.0013532909277076488,0.0015266332607654649
TQQQ,812,0.0013390397251720068,0.0015111668014674488
TQQQ,813,0.0013840717423760072,0.0015629679800289245
TQQQ,814,0.0012869870199201567,0.0014492696030745963
TQQQ,815,0.001420009275940589,0.001604161985908076
TQQQ,816,0.001349351298285897,0.0015198198519513863
TQQQ,817,0.0013316956113419746,0.0014994904647790866
TQQQ,818,0.001281306578400054,0.0014439829251379143
TQQQ,819,0.0012391005007256221,0.0013908595094456713
TQQQ,820,0.0015496323562777714,0.0017402726953108624
TQQQ,821,0.0013766003849778957,0.001547126269158774
TQQQ,822,0.0014598649955211915,0.0016467543556658345
TQQQ,823,0.001377944164426053,0.0015582204582420647
TQQQ,824,0.001233645805436392,0.0013894388188832546
TQQQ,825,0.0015517673966985396,0.001750779076073563
TQQQ,826,0.0013413136069512215,0.001507586133674342
TQQQ,827,0.0013294729007842763,0.0014983097669735185
TQQQ,828,0.001296346739706787,0.0014589103668947953
TQQQ,829,0.001186911722067222,0.0013348741033279593
TQQQ,830,0.0014636164704735096,0.0016470567560664948
TQQQ,831,0.0013021854760833962,0.0014681292778329377
TQQQ,832,0.0013213062535488642,0.0014900020779095174
TQQQ,833,0.0013442424115243773,0.001513644284566993
TQQQ,834,0.0012867396862627967,0.0014520335042829983
TQQQ,835,0.001542276785210414,0.0017443083459076642
TQQQ,836,0.0012779830853872326,0.0014378936949542072
TQQQ,837,0.0011494402773434375,0.001296466881183248
TQQQ,838,0.001191921308874095,0.0013428980642040253
TQQQ,839,0.001119064976928218,0.001260374587578466
TQQQ,840,0.0021666532922705243,0.002439662059693714
TQQQ,841,0.0015342750414308094,0.0017286305188986156
TQQQ,842,0.0015404449062000538,0.0017408488103546741
TQQQ,843,0.0014581055739067165,0.0016399858583870794
TQQQ,844,0.0015042035914550793,0.0016907959819953342
TQQQ,845,0.0016161632599268516,0.0018181050801873676
TQQQ,846,0.0014638108565639975,0.0016455521280019177
TQQQ,847,0.0014188455850443074,0.0016020773718952667
TQQQ,848,0.0012903587480018774,0.0014520119349742937
TQQQ,849,0.0012470599868990536,0.0014017502495616099
TQQQ,850,0.0014146292621242604,0.0015935959325455503
TQQQ,851,0.001304590032781575,0.0014655783326941191
TQQQ,852,0.0011980497582843909,0.001344470862001605
TQQQ,853,0.001224124613319934,0.00137542761589019
TQQQ,854,0.0012386148338650058,0.0013916979238190032
TQQQ,855,0.0015170513980617675,0.0017087628339947914
TQQQ,856,0.001514082720895297,0.0016997060074820957
TQQQ,857,0.0012057841672357076,0.0013590073813461753
TQQQ,858,0.0013695868440355562,0.0015465621026564372
TQQQ,859,0.0012911128706619803,0.001455910221331967
TQQQ,860,0.0014319140483084875,0.0016190562671644618
TQQQ,861,0.0013154840002170469,0.001479821233981784
TQQQ,862,0.0012575470415334105,0.001411419146755809
TQQQ,863,0.0011690857964824874,0.0013183823244006427
TQQQ,864,0.001136959764805337,0.0012798154109781596
TQQQ,865,0.0013796663552343939,0.0015536455432686544
TQQQ,866,0.001277275411932398,0.0014336393795358082
TQQQ,867,0.0012657779506330077,0.001424868064480696
TQQQ,868,0.001252056291354577,0.0014105987806070184
TQQQ,869,0.001173464527866272,0.0013185588205380581
TQQQ,870,0.0017719645582826439,0.0019967264378190556
TQQQ,871,0.0015102348232445622,0.001702255038403609
TQQQ,872,0.0013729482157754786,0.0015448294737258545
TQQQ,873,0.0013020927299159648,0.001468351694344049
TQQQ,874,0.001207207771186486,0.001358722417759165
TQQQ,875,0.0015178316014304975,0.0017080535514623126
TQQQ,876,0.0014557749886264305,0.0016424285871392242
TQQQ,877,0.0012541289756745557,0.001416883888844574
TQQQ,878,0.0012756487431176413,0.0014388412164556895
TQQQ,879,0.001351464210025057,0.001527618581095088
TQQQ,880,0.0014091718459288958,0.001588055799916786
TQQQ,881,0.0014293613768998677,0.001613093520586091
TQQQ,882,0.0013551495994279447,0.0015282148592622228
TQQQ,883,0.0013251043074368827,0.0014950258271960652
TQQQ,884,0.0012413214715773443,0.0013999257195792018
TQQQ,885,0.0014912669452888507,0.0016864910768250542
TQQQ,886,0.0012442199798519558,0.001407163804689531
TQQQ,887,0.0012572787394776925,0.0014194401768405508
TQQQ,888,0.001255120183547548,0.001414474514030829
TQQQ,889,0.0012070567866540654,0.0013646926756028762
TQQQ,890,0.001416437195115989,0.0015929506508138359
TQQQ,891,0.0013949404889616593,0.0015710152205320243
TQQQ,892,0.0012920308065800918,0.001458052693568558
TQQQ,893,0.0012422100663887902,0.0014038327479011417
TQQQ,894,0.0013177769221901054,0.001488313354084263
TQQQ,895,0.0015230430629847459,0.0017184968279834903
TQQQ,896,0.00136561246912675,0.0015371761781869837
TQQQ,897,0.0013309611706767389,0.001501911789871376
TQQQ,898,0.0012627195680890446,0.0014215118062225827
TQQQ,899,0.0013051799270500277,0.0014702276401188342
TQQQ,900,0.0019856914147001106,0.00224479219816478
TQQQ,901,0.0016390894642480183,0.001851823131710888
TQQQ,902,0.001553786061231973,0.0017550399159708117
TQQQ,903,0.001385681170252794,0.0015644989026353748
TQQQ,904,0.0012875023479281401,0.0014524886612830598
TQQQ,905,0.0014608118412790944,0.0016482790807168417
TQQQ,906,0.0016076803985544277,0.0018115915424475944
TQQQ,907,0.0014750212554160637,0.0016656233301889914
TQQQ,908,0.0015252919536203023,0.0017280984134069946
TQQQ,909,0.0013756202443030723,0.001559294259617051
TQQQ,910,0.0015989890850861032,0.001805238781883119
TQQQ,911,0.0014860280671880244,0.0016810186952108664
TQQQ,912,0.0014112887343293514,0.001590383104097224
TQQQ,913,0.0015141802745877709,0.0017045106212614412
TQQQ,914,0.0012839944691836883,0.0014512122880572305
TQQQ,915,0.0016601901527087777,0.0018721066390388467
TQQQ,916,0.0015351176481868403,0.001731048046769275
TQQQ,917,0.001347546787246356,0.0015213815693711666
TQQQ,918,0.0014614114406904602,0.0016550863987268337
TQQQ,919,0.0014443608246161254,0.001633081706971348
TQQQ,920,0.00152293341860838,0.0017195718990778042
TQQQ,921,0.0014968276984581792,0.0016907561578828557
TQQQ,922,0.001338171544469299,0.0015167711566454426
TQQQ,923,0.001360336637845906,0.0015389011317999237
TQQQ,924,0.0012722391954212045,0.001433889275959463
TQQQ,925,0.0014824781487102125,0.0016741764009524202
TQQQ,926,0.0014174368895976828,0.0015980678040386658
TQQQ,927,0.0013291324502842012,0.0015006850580970396
TQQQ,928,0.001546019972990048,0.0017437559403800777
TQQQ,929,0.00138300149453169,0.0015616007163527915
TQQQ,930,0.0021572735402904204,0.0024376496265186808
TQQQ,931,0.0016427056429726462,0.0018511916149322424
TQQQ,932,0.0015456793479996442,0.0017419402175694665
TQQQ,933,0.0014611909043203727,0.0016448915424907634
TQQQ,934,0.00142238875306009,0.0016022736884086666
TQQQ,935,0.0017042342369463183,0.0019218428105424452
TQQQ,936,0.001668122396937677,0.0018818093317017044
TQQQ,937,0.001662864699288569,0.0018754970331734645
TQQQ,938,0.0014994405423689396,0.0016879670775500504
TQQQ,939,0.001543327186772015,0.00174105061055501
TQQQ,940,0.00188528592543377,0.0021215279314213405
TQQQ,941,0.0016584698714255414,0.0018708247032513414
TQQQ,942,0.0016288343173938805,0.0018358008431361267
TQQQ,943,0.0016058679213727931,0.0018126290107132888
TQQQ,944,0.0016386689052295031,0.0018557336488044677
TQQQ,945,0.0021098755865709413,0.0023914883291859365
TQQQ,946,0.0019588705815485772,0.002216611943304436
TQQQ,947,0.0017213138936281055,0.0019445586156720829
TQQQ,948,0.0016419638726665737,0.0018543827277603191
TQQQ,949,0.0018265812402747609,0.0020644829541835523
TQQQ,950,0.006270237637708258,0.007086695671419535
TQQQ,951,0.0031007524984848103,0.003504086895707566
TQQQ,952,0.0034085831134266515,0.0038568864157963643
TQQQ,953,0.0038178231504611185,0.004323951093359377
TQQQ,954,0.004765142512776887,0.005387243362136755
TQQQ,955,0.005622167735167136,0.006375815098142825
TQQQ,956,0.002903680693083202,0.003284625495176074
TQQQ,957,0.0034201579718911553,0.003870208466169602
TQQQ,958,0.004486332888980562,0.005084319125985374
TQQQ,959,0.010525468045167408,0.011926067016041115
TQQQ,960,0.0009996072748104012,
TQQQ,961,0.0007012616547507755,
TQQQ,962,0.0005903010181104338,
TQQQ,963,0.00046080450328397254,
TQQQ,964,0.00037922044593172714,
TQQQ,965,0.0005754907175500696,
TQQQ,966,0.00047252170576861645,
TQQQ,967,0.00038347851743720276,
TQQQ,968,0.0003483651338501801,
TQQQ,969,0.0003208082859502557,
TQQQ,970,0.00034249975519290595,
TQQQ,971,0.00033334918028540426,
TQQQ,972,0.00027397910475860423,
TQQQ,973,0.00026045915186932516,
TQQQ,974,0.0003677495429072294,
TQQQ,975,0.00031105037684129547,
TQQQ,976,0.00031890946479353236,
TQQQ,977,0.00024409835533174555,
TQQQ,978,0.00023623102191369213,
TQQQ,979,0.0002523635614988768,
TQQQ,980,0.0002735183695061917,
TQQQ,981,0.00027081133947825766,
TQQQ,982,0.00022826375228363212,
TQQQ,983,0.00018586588938524466,
TQQQ,984,0.00022267581671386101,
TQQQ,985,0.0002338697497419768,
TQQQ,986,0.00021117837295184385,
TQQQ,987,0.00017390425359577544,
TQQQ,988,0.00017619111286383207,
TQQQ,989,0.00016652745246934706,
TQQQ,990,0.00021393294215960203,
TQQQ,991,0.0002168287166217068,
TQQQ,992,0.00020877094246663988,
TQQQ,993,0.00017766583268053035,
TQQQ,994,0.00017357407011741826,
TQQQ,995,0.00017194957042272296,
TQQQ,996,0.0001765351320896329,
TQQQ,997,0.0001514734277578424,
TQQQ,998,0.00013355504471528125,
TQQQ,999,0.00014536303657054013,
TQQQ,1000,0.00015169352583664332,
TQQQ,1001,0.0001511687256897186,
TQQQ,1002,0.00013730173940960415,
TQQQ,1003,0.00013571514643242108,
TQQQ,1004,0.0001607863369767068,
TQQQ,1005,0.00015743310822221812,
TQQQ,1006,0.00012974347764956477,
TQQQ,1007,0.00013390396954591376,
TQQQ,1008,0.00013712005399628952,
TQQQ,1009,0.00012762235509206603,
TQQQ,1010,0.00014001846855711387,
TQQQ,1011,0.00012015252497236797,
TQQQ,1012,0.00011275787744778505,
TQQQ,1013,0.00013034529322788517,
TQQQ,1014,0.00014255841934397834,
TQQQ,1015,0.00012466587664598897,
TQQQ,1016,0.00010689375648702189,
TQQQ,1017,0.00012503230434315259,
TQQQ,1018,0.0001273661044228895,
TQQQ,1019,0.00012741563216924593,
TQQQ,1020,6.958317494951057e-05,
TQQQ,1021,6.34253666240146e-05,
TQQQ,1022,6.780873702809638e-05,
TQQQ,1023,6.351790024339662e-05,
TQQQ,1024,6.407547506837415e-05,
TQQQ,1025,6.781112489809189e-05,
TQQQ,1026,5.8947834073329734e-05,
TQQQ,1027,6.702202198698975e-05,
TQQQ,1028,6.671964000795978e-05,
TQQQ,1029,7.082201287407523e-05,
TQQQ,1030,6.750605699588218e-05,
TQQQ,1031,7.633632401841598e-05,
TQQQ,1032,6.542084219071466e-05,
TQQQ,1033,9.26013249955434e-05,
TQQQ,1034,7.91086187219913e-05,
TQQQ,1035,7.197715237597991e-05,
TQQQ,1036,6.459385540412063e-05,
TQQQ,1037,7.13606759831802e-05,
TQQQ,1038,7.03883571214891e-05,
TQQQ,1039,7.590746612861706e-05,
TQQQ,1040,7.110365307295246e-05,
TQQQ,1041,6.176826816904824e-05,
TQQQ,1042,6.545332876725242e-05,
TQQQ,1043,5.274415670416118e-05,
TQQQ,1044,5.515723867991118e-05,
TQQQ,1045,5.282028785554991e-05,
TQQQ,1046,4.773312237350591e-05,
TQQQ,1047,5.309032812164418e-05,
TQQQ,1048,6.462417851321367e-05,
TQQQ,1049,4.899478224024059e-05,
TQQQ,1050,5.077027458533389e-05,
TQQQ,1051,5.320279935065527e-05,
TQQQ,1052,6.467015128334347e-05,
TQQQ,1053,5.590772309208767e-05,
TQQQ,1054,4.5372509501544957e-05,
TQQQ,1055,5.150731023420467e-05,
TQQQ,1056,5.3404880309978706e-05,
TQQQ,1057,5.466524541800056e-05,
TQQQ,1058,5.051843934971986e-05,
TQQQ,1059,6.0089155929218336e-05,
TQQQ,1060,5.4364750192662924e-05,
TQQQ,1061,5.465052501798968e-05,
TQQQ,1062,5.17698522968622e-05,
TQQQ,1063,5.118252247021665e-05,
TQQQ,1064,5.3965650788693344e-05,
TQQQ,1065,5.530362600275156e-05,
TQQQ,1066,5.161792228347357e-05,
TQQQ,1067,5.559684537389138e-05,
TQQQ,1068,5.383320677136274e-05,
TQQQ,1069,5.1748741267453926e-05,
TQQQ,1070,5.3435321437346e-05,
TQQQ,1071,5.1100080891123026e-05,
TQQQ,1072,4.74060522651337e-05,
TQQQ,1073,5.463377656696025e-05,
TQQQ,1074,5.354012519931825e-05,
TQQQ,1075,4.995040894847161e-05,
TQQQ,1076,5.859413678009554e-05,
TQQQ,1077,6.237542387548396e-05,
TQQQ,1078,5.8127613498869674e-05,
TQQQ,1079,6.476148733111977e-05,
TQQQ,1080,0.0004060400405122477,
TQQQ,1081,0.0001779891816962878,
TQQQ,1082,0.00014594718331447382,
TQQQ,1083,0.00015573325365062478,
TQQQ,1084,0.0001234821053180942,
TQQQ,1085,0.00017384521242530217,
TQQQ,1086,0.00011852324840617501,
TQQQ,1087,0.00011334883702800668,
TQQQ,1088,0.00011429233584838221,
TQQQ,1089,0.00010064417085715028,
TQQQ,1090,9.168866082604362e-05,
TQQQ,1091,0.00010125847240314239,
TQQQ,1092,0.0001038746854646751,
TQQQ,1093,0.0001013517017746266,
TQQQ,1094,8.784509549344534e-05,
TQQQ,1095,8.372935090234535e-05,
TQQQ,1096,9.910370003587374e-05,
TQQQ,1097,8.578699112854963e-05,
TQQQ,1098,8.729622796603967e-05,
TQQQ,1099,8.047496462334541e-05,
TQQQ,1100,9.824118545658277e-05,
TQQQ,1101,8.645606164410998e-05,
TQQQ,1102,8.809488055413429e-05,
TQQQ,1103,8.811993722253186e-05,
TQQQ,1104,7.873143886490071e-05,
TQQQ,1105,8.661221033891903e-05,
TQQQ,1106,7.933989375232664e-05,
TQQQ,1107,6.691292089455569e-05,
TQQQ,1108,8.744233480230606e-05,
TQQQ,1109,9.915321747596733e-05,
TQQQ,1110,9.017923212423564e-05,
TQQQ,1111,8.000022877250465e-05,
TQQQ,1112,0.00010637884152060357,
TQQQ,1113,9.100597917730335e-05,
TQQQ,1114,9.896331874711369e-05,
TQQQ,1115,9.500368301226046e-05,
TQQQ,1116,7.467075269940117e-05,
TQQQ,1117,0.00010601856390705724,
TQQQ,1118,8.542365394150206e-05,
TQQQ,1119,8.922603310349335e-05,
TQQQ,1120,8.43962597856189e-05,
TQQQ,1121,8.414166735186842e-05,
TQQQ,1122,7.311776924054809e-05,
TQQQ,1123,7.673853941523733e-05,
TQQQ,1124,9.634348157230716e-05,
TQQQ,1125,8.662160433522665e-05,
TQQQ,1126,8.71176310752089e-05,
TQQQ,1127,8.313043763131758e-05,
TQQQ,1128,7.967441403450821e-05,
TQQQ,1129,7.763105937349188e-05,
TQQQ,1130,7.596878798743892e-05,
TQQQ,1131,8.808503511103336e-05,
TQQQ,1132,0.00011273138811896367,
TQQQ,1133,8.971707703736888e-05,
TQQQ,1134,7.977831270067392e-05,
TQQQ,1135,8.478451758766729e-05,
TQQQ,1136,6.984304797535984e-05,
TQQQ,1137,7.903835558582033e-05,
TQQQ,1138,7.822698533786144e-05,
TQQQ,1139,8.766423026178545e-05,
TQQQ,1140,0.0001251839519463131,
TQQQ,1141,9.776726613386365e-05,
TQQQ,1142,9.033768892018387e-05,
TQQQ,1143,8.932992514035462e-05,
TQQQ,1144,0.00010450530148757567,
TQQQ,1145,8.102938054692016e-05,
TQQQ,1146,8.404029770938156e-05,
TQQQ,1147,8.121216889810329e-05,
TQQQ,1148,6.870425915373348e-05,
TQQQ,1149,8.531546607580061e-05,
TQQQ,1150,7.919541931974187e-05,
TQQQ,1151,7.836117075211425e-05,
TQQQ,1152,7.258854490180168e-05,
TQQQ,1153,6.844133485812135e-05,
TQQQ,1154,7.629188938815797e-05,
TQQQ,1155,8.266002454780137e-05,
TQQQ,1156,8.068419067600164e-05,
TQQQ,1157,8.101554341964424e-05,
TQQQ,1158,8.243373106632475e-05,
TQQQ,1159,8.30098409129918e-05,
TQQQ,1160,8.108653937710024e-05,
TQQQ,1161,9.040240749561636e-05,
TQQQ,1162,9.957075001421736e-05,
TQQQ,1163,8.15454365286008e-05,
TQQQ,1164,7.465424390195589e-05,
TQQQ,1165,9.330253134129465e-05,
TQQQ,1166,8.356474697780193e-05,
TQQQ,1167,9.356165565495014e-05,
TQQQ,1168,8.549190064876458e-05,
TQQQ,1169,8.238332400941057e-05,
TQQQ,1170,9.397085497375195e-05,
TQQQ,1171,8.188027217010389e-05,
TQQQ,1172,7.929415521002867e-05,
TQQQ,1173,7.353577281689538e-05,
TQQQ,1174,8.781879308516348e-05,
TQQQ,1175,9.746284614633085e-05,
TQQQ,1176,8.357583250841317e-05,
TQQQ,1177,9.240257269362705e-05,
TQQQ,1178,9.459552352004181e-05,
TQQQ,1179,7.9464692065031e-05,
TQQQ,1180,8.85560733476495e-05,
TQQQ,1181,8.194305961168459e-05,
TQQQ,1182,7.987274637698142e-05,
TQQQ,1183,9.4256385751914e-05,
TQQQ,1184,8.968254272488161e-05,
TQQQ,1185,0.0001176211581887559,
TQQQ,1186,0.00010937890358183756,
TQQQ,1187,0.00012209636385865686,
TQQQ,1188,9.573734862059483e-05,
TQQQ,1189,0.00010100458246220748,
TQQQ,1190,0.00010829192135240738,
TQQQ,1191,0.00010993176260071087,
TQQQ,1192,0.00015260163901157294,
TQQQ,1193,0.00010954926529455823,
TQQQ,1194,0.00012060963511179819,
TQQQ,1195,0.00010910300269109527,
TQQQ,1196,0.00012644726097724287,
TQQQ,1197,0.00013822772380087478,
TQQQ,1198,0.00015663666039657072,
TQQQ,1199,0.00021544156977437576,
SQQQ,240,0.0015481858832256845,
SQQQ,241,0.002816614786952348,
SQQQ,242,0.0018520902103740767,
SQQQ,243,0.0009472860048177477,
SQQQ,244,0.0006872470384008075,
SQQQ,245,0.0005183960129709109,
SQQQ,246,0.00039645973633568534,
SQQQ,247,0.0002513346618272136,
SQQQ,248,0.00019793461972056518,
SQQQ,249,0.00016679646809134106,
SQQQ,250,0.00017244979225959604,
SQQQ,251,0.00017385318016035575,
SQQQ,252,0.00014604717140651635,
SQQQ,253,0.00012827349435520937,
SQQQ,254,0.00012384030463162272,
SQQQ,255,0.00013454590313786844,
SQQQ,256,0.00016476447761936045,
SQQQ,257,0.000130748609180891,
SQQQ,258,0.00014209318560578103,
SQQQ,259,0.00013437472832133853,
SQQQ,260,0.0001258170476444774,
SQQQ,261,0.0001471285452511551,
SQQQ,262,0.00013486365607278894,
SQQQ,263,0.0001653942340812537,
SQQQ,264,0.00013984107248476377,
SQQQ,265,0.00013336092380864233,
SQQQ,266,0.00011308984860048177,
SQQQ,267,0.00012925972734693027,
SQQQ,268,0.00011907537782876511,
SQQQ,269,0.00013012534544526054,
SQQQ,270,0.00013057366298625797,
SQQQ,271,0.00010290151711239825,
SQQQ,272,0.0001059462322964668,
SQQQ,273,0.00010627363991270018,
SQQQ,274,0.00011951240754886543,
SQQQ,275,0.00011130353940608364,
SQQQ,276,0.00010657317038322409,
SQQQ,277,9.836716964708187e-05,
SQQQ,278,0.00010602988362507157,
SQQQ,279,8.849704095753088e-05,
SQQQ,280,8.918101847762438e-05,
SQQQ,281,9.241164545891188e-05,
SQQQ,282,8.387251945676773e-05,
SQQQ,283,0.00011622178631818623,
SQQQ,284,7.961081136125083e-05,
SQQQ,285,9.839989809924104e-05,
SQQQ,286,9.307890876216729e-05,
SQQQ,287,9.896568843660396e-05,
SQQQ,288,0.00010098672560081137,
SQQQ,289,9.704728908075455e-05,
SQQQ,290,0.00012571900950021723,
SQQQ,291,0.00010848083819487349,
SQQQ,292,0.00010057542314870643,
SQQQ,293,9.915509466129243e-05,
SQQQ,294,9.33738322657769e-05,
SQQQ,295,7.943614529375424e-05,
SQQQ,296,0.00010493257402247162,
SQQQ,297,0.00010021016900415674,
SQQQ,298,8.354853707516236e-05,
SQQQ,299,9.556072732753815e-05,
SQQQ,300,0.0001255274395134864,
SQQQ,301,0.00012263065663067167,
SQQQ,302,0.00010283503424502171,
SQQQ,303,9.966326964816809e-05,
SQQQ,304,0.0001195007798317406,
SQQQ,305,0.00010937498451705931,
SQQQ,306,0.0001006194241556102,
SQQQ,307,9.765976135787553e-05,
SQQQ,308,0.00011323416149072647,
SQQQ,309,8.856784231890608e-05,
SQQQ,310,9.867671945805947e-05,
SQQQ,311,0.00010509613809462333,
SQQQ,312,8.691873128847175e-05,
SQQQ,313,0.00010841588356783217,
SQQQ,314,9.393211290854184e-05,
SQQQ,315,0.00011087017496074962,
SQQQ,316,7.497534940616891e-05,
SQQQ,317,8.882663694385913e-05,
SQQQ,318,8.109140251413007e-05,
SQQQ,319,9.943961108971249e-05,
SQQQ,320,9.58941981675906e-05,
SQQQ,321,8.938820177411575e-05,
SQQQ,322,9.21153564719202e-05,
SQQQ,323,8.249587067753886e-05,
SQQQ,324,7.33913578282232e-05,
SQQQ,325,6.567750541227022e-05,
SQQQ,326,8.430726845824742e-05,
SQQQ,327,7.493178421772681e-05,
SQQQ,328,8.946228348007038e-05,
SQQQ,329,8.386141779243796e-05,
SQQQ,330,0.00011540477160367995,
SQQQ,331,8.190480996027055e-05,
SQQQ,332,8.386976238977568e-05,
SQQQ,333,0.00011995057686755052,
SQQQ,334,8.946420079286807e-05,
SQQQ,335,9.110789847235041e-05,
SQQQ,336,0.0001006298207117025,
SQQQ,337,0.00010060127152791317,
SQQQ,338,8.005018999255804e-05,
SQQQ,339,7.678345228733404e-05,
SQQQ,340,8.867866767479557e-05,
SQQQ,341,9.477523383642064e-05,
SQQQ,342,8.621473349779019e-05,
SQQQ,343,7.983110892794134e-05,
SQQQ,344,7.419073706144702e-05,
SQQQ,345,7.872298474465768e-05,
SQQQ,346,7.5110241690558e-05,
SQQQ,347,8.088665012295113e-05,
SQQQ,348,7.029247609990554e-05,
SQQQ,349,7.326571749332946e-05,
SQQQ,350,9.436941269944404e-05,
SQQQ,351,9.130375999707623e-05,
SQQQ,352,0.00010061723798715711,
SQQQ,353,0.00010418541469920978,
SQQQ,354,8.86823667160889e-05,
SQQQ,355,9.607481580946899e-05,
SQQQ,356,8.404443106078168e-05,
SQQQ,357,8.626259691244838e-05,
SQQQ,358,7.152163643858785e-05,
SQQQ,359,7.789023727693305e-05,
SQQQ,360,0.00014249533292630783,
SQQQ,361,0.00012343704739992844,
SQQQ,362,0.0001032221269490912,
SQQQ,363,9.867225385162125e-05,
SQQQ,364,8.666997088131827e-05,
SQQQ,365,9.310146250091805e-05,
SQQQ,366,8.769037737385955e-05,
SQQQ,367,7.736885590622092e-05,
SQQQ,368,7.541814735774362e-05,
SQQQ,369,9.00885344590415e-05,
SQQQ,370,9.124239149430734e-05,
SQQQ,371,9.81823876112993e-05,
SQQQ,372,8.017634928675452e-05,
SQQQ,373,6.682000588811344e-05,
SQQQ,374,9.739334017003719e-05,
SQQQ,375,9.437438913884441e-05,
SQQQ,376,7.686340937792964e-05,
SQQQ,377,8.629774115948234e-05,
SQQQ,378,8.774477307346022e-05,
SQQQ,379,7.601215838030317e-05,
SQQQ,380,0.00011036885073447208,
SQQQ,381,8.111006343286855e-05,
SQQQ,382,0.0001116664295124982,
SQQQ,383,6.93965294793675e-05,
SQQQ,384,7.314048409909022e-05,
SQQQ,385,0.0001265004136640008,
SQQQ,386,0.00013536746109393187,
SQQQ,387,6.678274088748828e-05,
SQQQ,388,9.121873582338075e-05,
SQQQ,389,8.008878725830257e-05,
SQQQ,390,0.00019128632872694555,
SQQQ,391,0.00011721070717039432,
SQQQ,392,0.0001244851238656682,
SQQQ,393,7.927408351758396e-05,
SQQQ,394,0.00010053994736304459,
SQQQ,395,9.502050846561122e-05,
SQQQ,396,9.794874055841814e-05,
SQQQ,397,9.244837339451106e-05,
SQQQ,398,9.416133594078159e-05,
SQQQ,399,0.00010047459948471998,
SQQQ,400,0.00012206153113640609,
SQQQ,401,9.144201072563981e-05,
SQQQ,402,8.153274327098559e-05,
SQQQ,403,8.907033615027485e-05,
SQQQ,404,8.067081921142668e-05,
SQQQ,405,9.183624088600493e-05,
SQQQ,406,0.00012161795291619712,
SQQQ,407,0.00010190202016951757,
SQQQ,408,0.00010208613347714542,
SQQQ,409,8.80977639731284e-05,
SQQQ,410,0.00010600724715209008,
SQQQ,411,0.00010100311392778457,
SQQQ,412,9.85644752077379e-05,
SQQQ,413,9.576085323987428e-05,
SQQQ,414,7.950425132622271e-05,
SQQQ,415,0.00010437258801806436,
SQQQ,416,8.881964479433668e-05,
SQQQ,417,8.2498973067702e-05,
SQQQ,418,9.346251212542404e-05,
SQQQ,419,9.170426147953276e-05,
SQQQ,420,0.0008006141193139917,
SQQQ,421,0.0004094726542202873,
SQQQ,422,0.0003615085483100061,
SQQQ,423,0.00035430804628245547,
SQQQ,424,0.0003814019790621061,
SQQQ,425,0.00035129790589323714,
SQQQ,426,0.00028570106736390213,
SQQQ,427,0.00027957706868144983,
SQQQ,428,0.00027819832391036506,
SQQQ,429,0.0003679656135018972,
SQQQ,430,0.0002469822355859916,
SQQQ,431,0.000221164715953443,
SQQQ,432,0.0002501428661123566,
SQQQ,433,0.00021130428326771595,
SQQQ,434,0.000216609131527763,
SQQQ,435,0.00022148147857416157,
SQQQ,436,0.00021159225632119867,
SQQQ,437,0.00017734643774873244,
SQQQ,438,0.00022249727786084902,
SQQQ,439,0.00020348628100324418,
SQQQ,440,0.00022940064130303703,
SQQQ,441,0.00020513763732066218,
SQQQ,442,0.00022660915562176904,
SQQQ,443,0.00019933815885960282,
SQQQ,444,0.00018794866249682623,
SQQQ,445,0.00020450298659141275,
SQQQ,446,0.00021091925573885173,
SQQQ,447,0.00018283437790258687,
SQQQ,448,0.00018526315525711214,
SQQQ,449,0.0001716351753932846,
SQQQ,450,0.0002391403306197292,
SQQQ,451,0.0002500817559742131,
SQQQ,452,0.00019779457077805855,
SQQQ,453,0.00018257892887520898,
SQQQ,454,0.00023399492300224135,
SQQQ,455,0.0001912954633923328,
SQQQ,456,0.00019606972711358987,
SQQQ,457,0.0001934167159341441,
SQQQ,458,0.00017503664064168323,
SQQQ,459,0.0001897942890678541,
SQQQ,460,0.00020973055995665313,
SQQQ,461,0.0002081810590700963,
SQQQ,462,0.0001758264530154447,
SQQQ,463,0.00021532768745110057,
SQQQ,464,0.000188230157936014,
SQQQ,465,0.0002049485494305567,
SQQQ,466,0.00018712223597283818,
SQQQ,467,0.00021564571632742203,
SQQQ,468,0.00020716497202253643,
SQQQ,469,0.0002672656970333776,
SQQQ,470,0.0003016020566196145,
SQQQ,471,0.00021565131242967778,
SQQQ,472,0.00021872806603909432,
SQQQ,473,0.00017615676857801033,
SQQQ,474,0.00017681578606062984,
SQQQ,475,0.0001851231644772431,
SQQQ,476,0.00017146376554175172,
SQQQ,477,0.00017588020214959,
SQQQ,478,0.00018617061160612869,
SQQQ,479,0.00017364354364678933,
SQQQ,480,0.004585752401761771,
SQQQ,481,0.001635683941703743,
SQQQ,482,0.0014712895806679631,
SQQQ,483,0.0005704150182963909,
SQQQ,484,0.00038685332869700954,
SQQQ,485,0.000451414107670468,
SQQQ,486,0.00040283851663250217,
SQQQ,487,0.0003665414799630874,
SQQQ,488,0.00028528957957209457,
SQQQ,489,0.00037652838797501713,
SQQQ,490,0.0003046310703613706,
SQQQ,491,0.0002822017359348838,
SQQQ,492,0.00029125826218796006,
SQQQ,493,0.00033970029199104985,
SQQQ,494,0.0003264993708498231,
SQQQ,495,0.00028550856796191667,
SQQQ,496,0.0003618679612419761,
SQQQ,497,0.00032703791543662984,
SQQQ,498,0.00030846558414231244,
SQQQ,499,0.00032468542598882577,
SQQQ,500,0.0003666555701892559,
SQQQ,501,0.00034583013123680293,
SQQQ,502,0.000346631048460862,
SQQQ,503,0.0002913903052073868,
SQQQ,504,0.0002764091981701294,
SQQQ,505,0.0003647324938294134,
SQQQ,506,0.00037780237687891154,
SQQQ,507,0.0003000430792352638,
SQQQ,508,0.0004304216347214823,
SQQQ,509,0.00043199136312293255,
SQQQ,510,0.0009967042291836841,
SQQQ,511,0.0005067791137685082,
SQQQ,512,0.000598992403581545,
SQQQ,513,0.0006040252752834525,
SQQQ,514,0.0005384674943440462,
SQQQ,515,0.0005356610460853561,
SQQQ,516,0.0005110354947470986,
SQQQ,517,0.0004660501379283248,
SQQQ,518,0.0005329734216954851,
SQQQ,519,0.00045160868163488633,
SQQQ,520,0.0003969324132100722,
SQQQ,521,0.00045823687344030006,
SQQQ,522,0.0003996958110198897,
SQQQ,523,0.00036681487494905513,
SQQQ,524,0.0004343479514460607,
SQQQ,525,0.00044618158749237493,
SQQQ,526,0.0004489928117060297,
SQQQ,527,0.0004090484915616095,
SQQQ,528,0.0004552886608943549,
SQQQ,529,0.00042105651260624836,
SQQQ,530,0.00045349231175930636,
SQQQ,531,0.00033751264673332834,
SQQQ,532,0.0003770504331434069,
SQQQ,533,0.0004256388232602645,
SQQQ,534,0.0003768365889076623,
SQQQ,535,0.00041181630806829523,
SQQQ,536,0.0004408551928726761,
SQQQ,537,0.00041685866574141993,
SQQQ,538,0.0004223780633240581,
SQQQ,539,0.00035595791256740625,
SQQQ,540,0.0007700201749805921,
SQQQ,541,0.0004413891271695414,
SQQQ,542,0.00034373177228093647,
SQQQ,543,0.000363331933523879,
SQQQ,544,0.00035418095109303853,
SQQQ,545,0.00036547939684909844,
SQQQ,546,0.0004231700700108362,
SQQQ,547,0.0003943662369862127,
SQQQ,548,0.0004313921572946294,
SQQQ,549,0.00037984323109319627,
SQQQ,550,0.0003829513981190435,
SQQQ,551,0.0003754338360354672,
SQQQ,552,0.00035460150305358795,
SQQQ,553,0.0003470704511186468,
SQQQ,554,0.0003265784523027925,
SQQQ,555,0.00037243114134529154,
SQQQ,556,0.00035350698848030684,
SQQQ,557,0.0003407931039153346,
SQQQ,558,0.00035218187443381054,
SQQQ,559,0.0003732394954923572,
SQQQ,560,0.0003888399639026101,
SQQQ,561,0.00034605311201485255,
SQQQ,562,0.000330866008621182,
SQQQ,563,0.00033789978617173677,
SQQQ,564,0.0003587817039595485,
SQQQ,565,0.0008835679262745534,
SQQQ,566,0.0004261154757923012,
SQQQ,567,0.0010422619548254386,
SQQQ,568,0.0008207146822594966,
SQQQ,569,0.0006264795554636945,
SQQQ,570,0.013869417306689074,0.015711363465752633
SQQQ,571,0.007947064850103255,0.00897344925023278
SQQQ,572,0.006715542486924122,0.007568763413009677
SQQQ,573,0.0062319342820010264,0.00702797060125763
SQQQ,574,0.0057717152156173505,0.006501298998412719
SQQQ,575,0.006925448610845742,0.007796067018721205
SQQQ,576,0.006554910469267125,0.007375975218794912
SQQQ,577,0.005980236779072704,0.006736863223166382
SQQQ,578,0.005562853371972146,0.00625923575820623
SQQQ,579,0.005138156556359126,0.00577844130738998
SQQQ,580,0.006123593991057845,0.0068905076226438025
SQQQ,581,0.005607810141901494,0.006317274989744898
SQQQ,582,0.005405952151781084,0.006101191207819686
SQQQ,583,0.005072300467025117,0.005710084183515816
SQQQ,584,0.004907454989785131,0.0055353486435805776
SQQQ,585,0.006294837541590649,0.007107545115659116
SQQQ,586,0.005169636720694995,0.0058350675283950024
SQQQ,587,0.005036735382026029,0.005676549030760267
SQQQ,588,0.005086617098006809,0.005753756502376439
SQQQ,589,0.004875877185148614,0.005499515165748939
SQQQ,590,0.005549945084013778,0.006259073044845799
SQQQ,591,0.005079418113864042,0.005723443499617538
SQQQ,592,0.004652950148475897,0.005259590216620921
SQQQ,593,0.004374024120477171,0.004928265415858831
SQQQ,594,0.004340231167590452,0.004891258188420209
SQQQ,595,0.004448265952326204,0.005009592601028747
SQQQ,596,0.004286966070723847,0.004833695470187466
SQQQ,597,0.0040383501624518025,0.004548260601939914
SQQQ,598,0.003736201403570377,0.004214892383604136
SQQQ,599,0.003838872570602488,0.004326855999595892
SQQQ,600,0.005725548702339127,0.006432215347067461
SQQQ,601,0.004306822236922179,0.004844701011329997
SQQQ,602,0.004144262647638802,0.004665270414904269
SQQQ,603,0.003903831096070659,0.004389815948874249
SQQQ,604,0.0036288317189006178,0.004076059748238845
SQQQ,605,0.003872030690375655,0.00435433083157298
SQQQ,606,0.004007691428957356,0.004507946548630135
SQQQ,607,0.0036329271134764277,0.004094790905056213
SQQQ,608,0.0035660193067426978,0.004013581469955733
SQQQ,609,0.0034049734538244797,0.003832254975011318
SQQQ,610,0.003894009217546017,0.004389985832347006
SQQQ,611,0.0039044958624156554,0.004399351187946472
SQQQ,612,0.0037039609671791563,0.004171158091348542
SQQQ,613,0.0037137086263645974,0.004191347395822672
SQQQ,614,0.003320239455662202,0.0037488849043297912
SQQQ,615,0.0038427058050302183,0.004339037256125453
SQQQ,616,0.003742964444987535,0.004227315127406582
SQQQ,617,0.003300737384404558,0.003719131267008816
SQQQ,618,0.003277906240599876,0.0036912773607861663
SQQQ,619,0.0031240053790870283,0.003512626911854664
SQQQ,620,0.0034030938405763826,0.003837947590446504
SQQQ,621,0.0034435368444092557,0.0038899147022485735
SQQQ,622,0.0034690950509390947,0.00391854079091575
SQQQ,623,0.0031733256582858406,0.0035764728458431245
SQQQ,624,0.003336879038209191,0.003764037059436298
SQQQ,625,0.0034013743028446395,0.00383252495778117
SQQQ,626,0.003166456550206169,0.0035654820736292048
SQQQ,627,0.003234721406478966,0.0036530361311499803
SQQQ,628,0.0031755901518739824,0.003575426732753877
SQQQ,629,0.0029509861515856985,0.003318851936428151
SQQQ,630,0.003979217857863578,0.0044912037321062
SQQQ,631,0.003340011024113441,0.0037776541591700713
SQQQ,632,0.003263642020807437,0.003676214814120683
SQQQ,633,0.003158363112034882,0.0035574372219481323
SQQQ,634,0.0029623714175943095,0.003338101143421613
SQQQ,635,0.0032600184245003914,0.0036688391771703952
SQQQ,636,0.0031322483931594492,0.003522255277938589
SQQQ,637,0.0031257591279338784,0.0035170738940180964
SQQQ,638,0.0029099004904294054,0.0032743390314016376
SQQQ,639,0.0028564244124845172,0.003221027576434813
SQQQ,640,0.0029392461584063245,0.0033063483880072845
SQQQ,641,0.0028374658204835426,0.0031962270366496528
SQQQ,642,0.0026760278424200344,0.0030174784847969796
SQQQ,643,0.002584073669799549,0.0029110150373821424
SQQQ,644,0.00252833446129153,0.0028389140514727806
SQQQ,645,0.0029117876204147763,0.0032763385513014747
SQQQ,646,0.0028705591992455154,0.003230186750734908
SQQQ,647,0.002781457447556763,0.0031292063680754814
SQQQ,648,0.0027515919281904185,0.0030963631069472735
SQQQ,649,0.0026114948466436326,0.0029374784590932112
SQQQ,650,0.0028079958380193603,0.0031544560132105498
SQQQ,651,0.003003943661702241,0.003383973714953983
SQQQ,652,0.0026352088850847603,0.002969189713802537
SQQQ,653,0.0027705838977051048,0.003125771122564274
SQQQ,654,0.002456791835059787,0.002770541599882908
SQQQ,655,0.002796319398428903,0.0031499035558362207
SQQQ,656,0.0029040380786303256,0.0032706163811967986
SQQQ,657,0.002475034959788245,0.00278442240212273
SQQQ,658,0.0025970974436982527,0.002920403364876941
SQQQ,659,0.0024362900953782507,0.002742863693640379
SQQQ,660,0.0035549664078314966,0.00400568188560199
SQQQ,661,0.0027082378660988004,0.0030527191393362515
SQQQ,662,0.0024767765384062987,0.0027894909598097017
SQQQ,663,0.0023274840559514218,0.0026272589390257156
SQQQ,664,0.002482168350921916,0.0027975573691632156
SQQQ,665,0.0026759966880753453,0.0030131643568261026
SQQQ,666,0.0025459956456618115,0.0028647472168482307
SQQQ,667,0.002433247476731257,0.002736787111833656
SQQQ,668,0.0021639368453069442,0.0024336330582076303
SQQQ,669,0.002236072916521679,0.002518505507501437
SQQQ,670,0.002404831519287418,0.00270485400018668
SQQQ,671,0.0022758956973275633,0.0025563509859951165
SQQQ,672,0.0023454071020719606,0.0026387225571533495
SQQQ,673,0.002139259700489719,0.002408649231165524
SQQQ,674,0.0019236488070181585,0.002167323958648435
SQQQ,675,0.0024949260737644604,0.0028077435586852583
SQQQ,676,0.002274755357995169,0.0025586834792137706
SQQQ,677,0.0021974929476578477,0.002464806384154807
SQQQ,678,0.0020118902599016017,0.0022630876386464834
SQQQ,679,0.001960548769714121,0.0022042363551338434
SQQQ,680,0.002283300275808163,0.0025614138412053114
SQQQ,681,0.002104996696437295,0.0023670223139274195
SQQQ,682,0.0021982391361633114,0.0024707636548509182
SQQQ,683,0.002170850638511954,0.0024395107428036088
SQQQ,684,0.002000320458845857,0.002257005627197541
SQQQ,685,0.0024279677363143798,0.0027359403185138152
SQQQ,686,0.002143191079362213,0.00240833500609844
SQQQ,687,0.0021673173323393025,0.0024345172844665573
SQQQ,688,0.0020604016069117087,0.002313170296043893
SQQQ,689,0.0021885669427384228,0.002465786041990833
SQQQ,690,0.0029192985824681985,0.0033037936284643103
SQQQ,691,0.002222632558376579,0.0024959467982876727
SQQQ,692,0.002191978587421155,0.0024721669563687034
SQQQ,693,0.0019196563380197047,0.0021603667305481796
SQQQ,694,0.001988833258920193,0.0022447551044368938
SQQQ,695,0.002372735737641478,0.002676064365070025
SQQQ,696,0.002060145471922312,0.002313150705058562
SQQQ,697,0.0021100877559185522,0.002364208303037342
SQQQ,698,0.001953377279043545,0.0022004218177007332
SQQQ,699,0.0018556205796035655,0.002088694305625971
SQQQ,700,0.00217230724805497,0.002437981473178323
SQQQ,701,0.0020446346065596537,0.002301411195685595
SQQQ,702,0.0018377486704934983,0.0020616386121754537
SQQQ,703,0.0019170699709624647,0.0021503275740425492
SQQQ,704,0.0019310353442544516,0.002175174281050954
SQQQ,705,0.0021785921549102695,0.0024460695159781915
SQQQ,706,0.0019230973440252533,0.0021599705859258545
SQQQ,707,0.0020337265560653028,0.0022852876269123454
SQQQ,708,0.0018858802592170382,0.002118331592321384
SQQQ,709,0.001863920819526752,0.0020947196618649353
SQQQ,710,0.0023695733119486824,0.0026613946509266447
SQQQ,711,0.0021683539497462504,0.002448269455438546
SQQQ,712,0.0018559645387034279,0.0020850831053863916
SQQQ,713,0.0018278382663079794,0.0020588749269554994
SQQQ,714,0.0017428076815942909,0.001965633113087518
SQQQ,715,0.0018871055850519234,0.002128981038647947
SQQQ,716,0.0018493478620208528,0.0020787606522262468
SQQQ,717,0.0018285218084413868,0.0020569843456134424
SQQQ,718,0.0016359112437950897,0.0018411341905023612
SQQQ,719,0.0016022103985271691,0.0018009080144352563
SQQQ,720,0.002247363884178964,0.002525617024572692
SQQQ,721,0.0019623771273706327,0.0022110456873877535
SQQQ,722,0.001706277447602028,0.0019253629835613393
SQQQ,723,0.0016958044186937476,0.0019129212515397113
SQQQ,724,0.0017070234181158215,0.0019172593944835241
SQQQ,725,0.0018235117419947667,0.0020526014702805188
SQQQ,726,0.0019045773413001858,0.0021454826293058997
SQQQ,727,0.0018453548138383819,0.002076944237940439
SQQQ,728,0.001790490384693626,0.0020141561824815442
SQQQ,729,0.0015635627466509452,0.0017575496706492303
SQQQ,730,0.0017293349594452918,0.001943549021267118
SQQQ,731,0.0016484326096214876,0.00185174126373311
SQQQ,732,0.0015761438763999013,0.0017629724527536358
SQQQ,733,0.0015841676953093685,0.0017814034534247964
SQQQ,734,0.001468087093471117,0.0016507279313072959
SQQQ,735,0.0018636752694154986,0.0021014086807588047
SQQQ,736,0.0018366848734555805,0.002067955550506369
SQQQ,737,0.0016666993562689824,0.0018766145585918772
SQQQ,738,0.0015767134687259283,0.00177662201975098
SQQQ,739,0.0015443868324610084,0.0017349899262890287
SQQQ,740,0.0018379883540839493,0.0020696352448724732
SQQQ,741,0.0017996658528849467,0.0020261490686118004
SQQQ,742,0.0017269472114735597,0.0019441595779231546
SQQQ,743,0.001670970434307255,0.0018884298585707209
SQQQ,744,0.0016344186975629886,0.001838642725445021
SQQQ,745,0.0018255523667949033,0.002057677103958526
SQQQ,746,0.001778475306106262,0.001999590059749017
SQQQ,747,0.001755397274845611,0.0019692732199360348
SQQQ,748,0.0015174082377047559,0.0017164168968556975
SQQQ,749,0.001512206172810475,0.001712985968462256
SQQQ,750,0.0021815617116632754,0.0024524820782114596
SQQQ,751,0.00193313143294289,0.0021682866294218954
SQQQ,752,0.001796103412434253,0.002018738604932206
SQQQ,753,0.001719758548325843,0.0019336567285280911
SQQQ,754,0.00168668815423513,0.0019104748338795178
SQQQ,755,0.001614778266455312,0.0018188588912140629
SQQQ,756,0.0015289940241218424,0.0017174092130479602
SQQQ,757,0.0015851402073144192,0.0017806980437074281
SQQQ,758,0.0016346384170244734,0.0018347982379534908
SQQQ,759,0.0014694943498657332,0.0016513330130131254
SQQQ,760,0.0015847820245896973,0.001784008131608755
SQQQ,761,0.0018634760114160278,0.002105584916785552
SQQQ,762,0.00150677081585637,0.001692048142987178
SQQQ,763,0.001516131113396833,0.0017043569235357014
SQQQ,764,0.00141160531404323,0.0015864755823863839
SQQQ,765,0.0017598185223149396,0.001975535264400695
SQQQ,766,0.0016369938553169399,0.0018374634393003072
SQQQ,767,0.0015595492301645297,0.0017585297771196774
SQQQ,768,0.001456590622531375,0.001636828596014718
SQQQ,769,0.0014062724800126096,0.0015857288515804412
SQQQ,770,0.0017007779868070622,0.0019178970425547074
SQQQ,771,0.001641321366387519,0.001844872850382982
SQQQ,772,0.0014952509077587025,0.0016836012622782367
SQQQ,773,0.0013962259630213674,0.0015655694359780264
SQQQ,774,0.0012989937846880704,0.0014587007148044989
SQQQ,775,0.0015400063189704811,0.001742978048098985
SQQQ,776,0.001497509879772994,0.0016918254360277956
SQQQ,777,0.0014078473141826366,0.0015831174520441215
SQQQ,778,0.0014284902609712072,0.0016055926101393098
SQQQ,779,0.0013141712912761736,0.0014777702020449305
SQQQ,780,0.0018249056705239937,0.0020541275161439186
SQQQ,781,0.0015901741578982673,0.0017908920055251052
SQQQ,782,0.001714213561645679,0.0019317723172408191
SQQQ,783,0.0015927824064469046,0.0017859010958411472
SQQQ,784,0.00126892137080041,0.001426479821766114
SQQQ,785,0.0015736790040055291,0.001771428211687809
SQQQ,786,0.0017632341868073604,0.0019839701620809748
SQQQ,787,0.0014895241010583567,0.0016768925554386217
SQQQ,788,0.0015931965468549511,0.0017928262935802664
SQQQ,789,0.0014150083713970545,0.0015864310976315993
SQQQ,790,0.0015307051037202317,0.0017252216272499988
SQQQ,791,0.0014038734891874604,0.0015756219928808534
SQQQ,792,0.0016301964870188371,0.0018239767332146187
SQQQ,793,0.0013315338811555357,0.0014941626771500722
SQQQ,794,0.0012841369022485922,0.001438263419240496
SQQQ,795,0.0014422173689104232,0.0016116907428487543
SQQQ,796,0.0014593965591236996,0.0016400596027446028
SQQQ,797,0.0014330101197792874,0.001605652321465044
SQQQ,798,0.0014066064768095627,0.0015742986242822186
SQQQ,799,0.0014446119083087968,0.0016275809483560669
SQQQ,800,0.0015886745102623883,0.0017845108755748147
SQQQ,801,0.0015604747825070876,0.0017501675518769018
SQQQ,802,0.001466157943414613,0.0016425257506148077
SQQQ,803,0.0015156316467889097,0.001700833901298864
SQQQ,804,0.0013720751033040677,0.0015399758791664667
SQQQ,805,0.0015843895577777123,0.0017806121963331123
SQQQ,806,0.0015101902421611677,0.0016962278896454721
SQQQ,807,0.0013214814260247934,0.0014787421267954393
SQQQ,808,0.0015329832749963052,0.0017189585386277464
SQQQ,809,0.0014525425395608305,0.0016279589882881719
SQQQ,810,0.0017918867106109287,0.002010074038486468
SQQQ,811,0.001447662044130166,0.0016286945873404297
SQQQ,812,0.0012951919080501013,0.001455949298170109
SQQQ,813,0.0014591191379450864,0.0016477179118025763
SQQQ,814,0.0013390414902933697,0.0015054590357521168
SQQQ,815,0.001425542575702394,0.0016096768290424586
SQQQ,816,0.0014234204710133502,0.00160109021892123
SQQQ,817,0.0015111286069569335,0.001693605107299479
SQQQ,818,0.001288540926264568,0.0014481303604144985
SQQQ,819,0.0012858512276723813,0.0014441907935023055
SQQQ,820,0.0015981887733058087,0.0017971409614730414
SQQQ,821,0.0013438643619168372,0.0015110820308864097
SQQQ,822,0.0013792271409256685,0.0015487981753663149
SQQQ,823,0.001471508067542217,0.001654811308034552
SQQQ,824,0.0012638764923910185,0.001419741426988246
SQQQ,825,0.0014169340326360702,0.0015931737782374643
SQQQ,826,0.0012840913015627902,0.001442017398383757
SQQQ,827,0.0012960051979983697,0.001452425156421171
SQQQ,828,0.0012288945320720005,0.0013767002102474406
SQQQ,829,0.0011138600418122053,0.001246854249962001
SQQQ,830,0.0014618208836241029,0.0016403074046230151
SQQQ,831,0.0012648997030823312,0.0014178468005969077
SQQQ,832,0.0015150223709566486,0.0017139776617880556
SQQQ,833,0.0013161842184578056,0.0014773992023858994
SQQQ,834,0.0012469511999479333,0.0014028531306442965
SQQQ,835,0.0014686747673604069,0.0016466340675111986
SQQQ,836,0.0013226070224322032,0.0014815064073486612
SQQQ,837,0.0011596617240968495,0.001302394972316631
SQQQ,838,0.0012326696656978207,0.001386203303650482
SQQQ,839,0.0010633023074246046,0.001192514307087522
SQQQ,840,0.0020293515084690602,0.0022789353530874024
SQQQ,841,0.001528651151122061,0.001719835186477064
SQQQ,842,0.0015849561317730586,0.0017888373165389642
SQQQ,843,0.001423103039599709,0.0015949368776728792
SQQQ,844,0.0015785921514786918,0.0017692701368219256
SQQQ,845,0.001554932584754897,0.001749187204231407
SQQQ,846,0.0014072650749755097,0.0015811536722084194
SQQQ,847,0.0013785055496501966,0.001556112060802247
SQQQ,848,0.0011740070642712389,0.0013218694038139495
SQQQ,849,0.0012639424520242877,0.0014227496585735475
SQQQ,850,0.00139324194409682,0.0015674529310671982
SQQQ,851,0.00125051877506186,0.0014036591556299456
SQQQ,852,0.001246356073929942,0.0014017282839946807
SQQQ,853,0.0012568138613005156,0.0014074506944200531
SQQQ,854,0.001274165326954628,0.0014320164003982564
SQQQ,855,0.0014758997906066343,0.0016629999586176463
SQQQ,856,0.001534010013692772,0.0017230134284243334
SQQQ,857,0.0012836278754897704,0.001445153412187705
SQQQ,858,0.0014789842599524782,0.0016719114955790011
SQQQ,859,0.001325143834288749,0.0014873516995762106
SQQQ,860,0.0015348579118305819,0.0017345049799131226
SQQQ,861,0.001297843984375083,0.0014590749326338953
SQQQ,862,0.0013960392716393663,0.0015727217877600252
SQQQ,863,0.0013209319543821879,0.0014931460682670223
SQQQ,864,0.0011620822826492318,0.00130915466999681
SQQQ,865,0.0013487045831151988,0.001524686120173786
SQQQ,866,0.0012686247770440624,0.0014253897635450746
SQQQ,867,0.0013192520997568648,0.0014774868522191465
SQQQ,868,0.0013654144429609638,0.0015343477279095312
SQQQ,869,0.0012509336794957208,0.001398888946933231
SQQQ,870,0.0018045250177309096,0.002031782493198239
SQQQ,871,0.001445923453661232,0.0016267749130836828
SQQQ,872,0.0015491069464589821,0.001740694986809426
SQQQ,873,0.0013447456474991427,0.0015121695107019656
SQQQ,874,0.0012456621407656145,0.001400272804456982
SQQQ,875,0.0015521673914050571,0.0017480468755683828
SQQQ,876,0.001416855874787617,0.001592457493322969
SQQQ,877,0.0012816059485743353,0.0014457505451122607
SQQQ,878,0.0013185919858995827,0.001493237198431829
SQQQ,879,0.0013620736664732675,0.0015352780995430318
SQQQ,880,0.0015925833561748304,0.0017812194022880838
SQQQ,881,0.0015503187695900707,0.001750916138892529
SQQQ,882,0.0013658156673379033,0.0015366082899888457
SQQQ,883,0.0013840273453394974,0.0015551426302114527
SQQQ,884,0.0011895958547348481,0.0013378702825039073
SQQQ,885,0.0014263836283791309,0.0016079919491901028
SQQQ,886,0.0013570386398980322,0.0015355502037547061
SQQQ,887,0.0013482530531055154,0.001528745361157732
SQQQ,888,0.0013633087488393277,0.0015362347335557303
SQQQ,889,0.0012927700444996405,0.0014585251589428459
SQQQ,890,0.001456841086424016,0.001641906962916384
SQQQ,891,0.0013271675940691931,0.0014900660670406506
SQQQ,892,0.0012827930032203337,0.0014434224322899313
SQQQ,893,0.0013026409709109292,0.0014688335320761816
SQQQ,894,0.001282953649513878,0.0014435097748958282
SQQQ,895,0.001463109160942315,0.0016454456632642035
SQQQ,896,0.0013935186371983295,0.0015644407445848947
SQQQ,897,0.0013451179278803416,0.0015119264531589204
SQQQ,898,0.0012992157545940982,0.0014587786643995308
SQQQ,899,0.00136168972750125,0.0015285065400269524
SQQQ,900,0.001962166296028084,0.002209754961706659
SQQQ,901,0.001737966222511297,0.001962623133566317
SQQQ,902,0.0016128634330421904,0.0018147306549214882
SQQQ,903,0.0013668902067128193,0.001543286724159256
SQQQ,904,0.0014198390233482732,0.0016039611847786562
SQQQ,905,0.001503740973119654,0.0016952198308057844
SQQQ,906,0.001577499499967666,0.0017792935397719536
SQQQ,907,0.0015521907322432703,0.0017494927879182394
SQQQ,908,0.0015493471742501286,0.0017435868308090915
SQQQ,909,0.0014096313195652906,0.0015876352744430573
SQQQ,910,0.0015839963360049735,0.0017869608477963366
SQQQ,911,0.0016531126209285898,0.0018642038686516216
SQQQ,912,0.0015442734500385896,0.0017427206326164977
SQQQ,913,0.0014188972827509179,0.0015919502990923028
SQQQ,914,0.0013677801011551533,0.0015462607683098008
SQQQ,915,0.0016278301051675303,0.0018324899920111914
SQQQ,916,0.0015213204201097812,0.0017122016029104232
SQQQ,917,0.0014267418282021159,0.0016141131568969728
SQQQ,918,0.0015754918364590692,0.0017727882173750402
SQQQ,919,0.0014155459858741799,0.0015958290879350813
SQQQ,920,0.0015906976208426495,0.0017929425886319265
SQQQ,921,0.0014703190251023446,0.0016571156839284178
SQQQ,922,0.0013576148467993332,0.0015318184790775525
SQQQ,923,0.001406759334985833,0.0015888366367584647
SQQQ,924,0.0011952588318875962,0.0013480681218618978
SQQQ,925,0.0014282838290171217,0.0016091401393028715
SQQQ,926,0.0013494579015248143,0.0015215466961609895
SQQQ,927,0.0013729118427394677,0.0015466917441354334
SQQQ,928,0.001348135140549607,0.0015203383619511262
SQQQ,929,0.0014572395269639579,0.0016456370422383727
SQQQ,930,0.002132007392625534,0.002410378644022727
SQQQ,931,0.0016740606648194772,0.0018918244091528998
SQQQ,932,0.0016454338652601695,0.0018520257456470296
SQQQ,933,0.0015118512110519236,0.0017046277816168025
SQQQ,934,0.0015180040310923035,0.001709802164560791
SQQQ,935,0.001683970255554962,0.0019030559782373378
SQQQ,936,0.001684913828932668,0.001902522476499287
SQQQ,937,0.0016048616736858122,0.0018142513179003903
SQQQ,938,0.0015627884633860783,0.001763934121541606
SQQQ,939,0.0016219542216445533,0.0018313981225268861
SQQQ,940,0.0019335406912846377,0.0021731068350266582
SQQQ,941,0.00173505123349059,0.0019591496382489436
SQQQ,942,0.0016287354662026952,0.0018379347999229743
SQQQ,943,0.0015923832180797304,0.0017950405989527996
SQQQ,944,0.001543722345433188,0.0017472876531990766
SQQQ,945,0.0019366381284300447,0.0021915304068229413
SQQQ,946,0.0018500227128121782,0.0020884384378305446
SQQQ,947,0.0017117589598382972,0.001930073600031921
SQQQ,948,0.0017671815961275488,0.001994358441931936
SQQQ,949,0.001769991614472477,0.0020019898878925113
SQQQ,950,0.006265028099965841,0.007090599815473007
SQQQ,951,0.002833604894885165,0.003204457699095028
SQQQ,952,0.0033850674398130907,0.0038326474519832306
SQQQ,953,0.0035469557019419105,0.004014908868245733
SQQQ,954,0.005423905921616842,0.006138779730840833
SQQQ,955,0.005723498176283171,0.006508463768857405
SQQQ,956,0.0026929832380409155,0.0030408546997025255
SQQQ,957,0.0032132672691249906,0.0036231102128953495
SQQQ,958,0.004109224582005108,0.004642875364473651
SQQQ,959,0.00983230192639343,0.011116030688647189
SQQQ,960,0.0009037556692411595,
SQQQ,961,0.0005749960968550009,
SQQQ,962,0.0004623486911166579,
SQQQ,963,0.00035842093746389094,
SQQQ,964,0.00033266874702722864,
SQQQ,965,0.0005089253695365586,
SQQQ,966,0.0003935961502470196,
SQQQ,967,0.00037794053522782403,
SQQQ,968,0.00035049108481450896,
SQQQ,969,0.000291213087709614,
SQQQ,970,0.000295875799842546,
SQQQ,971,0.0002895927383270309,
SQQQ,972,0.0002512064329905269,
SQQQ,973,0.0002487824324180271,
SQQQ,974,0.0002305947422840621,
SQQQ,975,0.00033047282766329766,
SQQQ,976,0.00026722465402676557,
SQQQ,977,0.00024011387091293037,
SQQQ,978,0.0002187709340126326,
SQQQ,979,0.00020728835380323597,
SQQQ,980,0.0002586955158338543,
SQQQ,981,0.00022328726101695254,
SQQQ,982,0.00020116643159775742,
SQQQ,983,0.00018836583543386983,
SQQQ,984,0.00018821894016689177,
SQQQ,985,0.00017063615890101498,
SQQQ,986,0.00016732056607009224,
SQQQ,987,0.00019118548449749,
SQQQ,988,0.00018898451135466107,
SQQQ,989,0.00017554540579942253,
SQQQ,990,0.0001979060252261689,
SQQQ,991,0.00019144657986295958,
SQQQ,992,0.00017000090319550793,
SQQQ,993,0.000135134798854458,
SQQQ,994,0.00015532739527333747,
SQQQ,995,0.0001417787552213026,
SQQQ,996,0.0001625213766695199,
SQQQ,997,0.0001521075294406954,
SQQQ,998,0.00015890128920993278,
SQQQ,999,0.00013420757281064748,
SQQQ,1000,0.00014186295026476057,
SQQQ,1001,0.00013153068884293114,
SQQQ,1002,0.00013033304356589782,
SQQQ,1003,0.00013447035252471412,
SQQQ,1004,0.00013280613089967368,
SQQQ,1005,0.00013879531104014963,
SQQQ,1006,0.00012110090373072971,
SQQQ,1007,0.00012842479182376013,
SQQQ,1008,0.00012470114572914637,
SQQQ,1009,0.00013422448551230916,
SQQQ,1010,0.00012532061064328363,
SQQQ,1011,0.00011042656223258275,
SQQQ,1012,0.00010180764084572404,
SQQQ,1013,0.0001226257583880475,
SQQQ,1014,0.00012743405838990885,
SQQQ,1015,0.00010189470720112531,
SQQQ,1016,0.00010058113310843738,
SQQQ,1017,9.749454755054715e-05,
SQQQ,1018,0.00011121661751300999,
SQQQ,1019,0.00011248072454833795,
SQQQ,1020,7.15990461448613e-05,
SQQQ,1021,5.905547908408612e-05,
SQQQ,1022,7.356344189177195e-05,
SQQQ,1023,7.059721204712057e-05,
SQQQ,1024,5.6135016305260504e-05,
SQQQ,1025,5.614477958171294e-05,
SQQQ,1026,6.0436873440335075e-05,
SQQQ,1027,6.580482331228092e-05,
SQQQ,1028,5.728912531336225e-05,
SQQQ,1029,5.9926883995600674e-05,
SQQQ,1030,5.683437644434079e-05,
SQQQ,1031,7.013173730034087e-05,
SQQQ,1032,7.117197201099754e-05,
SQQQ,1033,7.883530924219138e-05,
SQQQ,1034,7.000998709581191e-05,
SQQQ,1035,7.510634013792978e-05,
SQQQ,1036,5.497037677311549e-05,
SQQQ,1037,6.580000579857797e-05,
SQQQ,1038,7.845976947510381e-05,
SQQQ,1039,6.613171995600423e-05,
SQQQ,1040,6.0874156268091505e-05,
SQQQ,1041,5.473961677777902e-05,
SQQQ,1042,5.2832068193305933e-05,
SQQQ,1043,4.919779893897191e-05,
SQQQ,1044,4.685110553800158e-05,
SQQQ,1045,5.145712973936045e-05,
SQQQ,1046,4.279092422999819e-05,
SQQQ,1047,5.361766364852137e-05,
SQQQ,1048,6.176091821104315e-05,
SQQQ,1049,5.288479663475321e-05,
SQQQ,1050,4.282017863023104e-05,
SQQQ,1051,3.9727173255941204e-05,
SQQQ,1052,4.2698126441564985e-05,
SQQQ,1053,3.67135136627305e-05,
SQQQ,1054,4.072508651434096e-05,
SQQQ,1055,4.505524823740247e-05,
SQQQ,1056,6.0607839339450425e-05,
SQQQ,1057,4.494910245934233e-05,
SQQQ,1058,4.8972070089250326e-05,
SQQQ,1059,4.657291122930753e-05,
SQQQ,1060,5.4539044625374164e-05,
SQQQ,1061,5.322997246258496e-05,
SQQQ,1062,5.403515183728236e-05,
SQQQ,1063,4.105693646615331e-05,
SQQQ,1064,4.2396557574195675e-05,
SQQQ,1065,4.0225892796065344e-05,
SQQQ,1066,4.5879314826257904e-05,
SQQQ,1067,4.321914911940448e-05,
SQQQ,1068,5.251631391181032e-05,
SQQQ,1069,4.933450590377295e-05,
SQQQ,1070,5.013917861347951e-05,
SQQQ,1071,4.2605372649762254e-05,
SQQQ,1072,4.7409200314650195e-05,
SQQQ,1073,4.763036449142166e-05,
SQQQ,1074,3.97952392069544e-05,
SQQQ,1075,4.4649729532491416e-05,
SQQQ,1076,4.776662395074569e-05,
SQQQ,1077,4.994861256767348e-05,
SQQQ,1078,4.5536704870597964e-05,
SQQQ,1079,5.06638277695021e-05,
SQQQ,1080,0.0003575485561146387,
SQQQ,1081,0.00016455500392581864,
SQQQ,1082,0.00013078042285476056,
SQQQ,1083,0.00014680326875565088,
SQQQ,1084,0.0001389502890363895,
SQQQ,1085,0.00012303451986725022,
SQQQ,1086,9.611593030316776e-05,
SQQQ,1087,9.938324390767064e-05,
SQQQ,1088,0.00010596223742323084,
SQQQ,1089,8.215369553074912e-05,
SQQQ,1090,0.00010376246599786845,
SQQQ,1091,9.80548981873364e-05,
SQQQ,1092,8.01533694434926e-05,
SQQQ,1093,8.99632989956651e-05,
SQQQ,1094,7.926043918974228e-05,
SQQQ,1095,8.633666551356236e-05,
SQQQ,1096,9.475060084352385e-05,
SQQQ,1097,7.392258041753279e-05,
SQQQ,1098,7.500216261977555e-05,
SQQQ,1099,8.101406305382022e-05,
SQQQ,1100,7.99041650017763e-05,
SQQQ,1101,7.700855865719954e-05,
SQQQ,1102,8.152984074561454e-05,
SQQQ,1103,9.023101307901443e-05,
SQQQ,1104,7.683729790968612e-05,
SQQQ,1105,7.078386041669884e-05,
SQQQ,1106,7.668049233969643e-05,
SQQQ,1107,6.714480062136984e-05,
SQQQ,1108,7.607853295470322e-05,
SQQQ,1109,7.092091268617899e-05,
SQQQ,1110,7.137123655390131e-05,
SQQQ,1111,7.138736515742192e-05,
SQQQ,1112,9.877234106576192e-05,
SQQQ,1113,7.354021326607681e-05,
SQQQ,1114,7.090584006895003e-05,
SQQQ,1115,6.333862224964564e-05,
SQQQ,1116,6.543699114023987e-05,
SQQQ,1117,7.386305533454224e-05,
SQQQ,1118,8.141540603926016e-05,
SQQQ,1119,8.378184619417163e-05,
SQQQ,1120,8.186423922736767e-05,
SQQQ,1121,7.7060232431855e-05,
SQQQ,1122,6.68469818116754e-05,
SQQQ,1123,6.774855213123104e-05,
SQQQ,1124,5.550371711239176e-05,
SQQQ,1125,7.127523245096783e-05,
SQQQ,1126,7.905570381224859e-05,
SQQQ,1127,6.371234875933736e-05,
SQQQ,1128,7.03712142627622e-05,
SQQQ,1129,7.307936805970694e-05,
SQQQ,1130,9.328791231247402e-05,
SQQQ,1131,8.48100753594806e-05,
SQQQ,1132,9.362626467421686e-05,
SQQQ,1133,7.948620769824964e-05,
SQQQ,1134,8.239870454960416e-05,
SQQQ,1135,7.547149397873282e-05,
SQQQ,1136,7.785892374796737e-05,
SQQQ,1137,7.710485845620853e-05,
SQQQ,1138,7.160984374024138e-05,
SQQQ,1139,7.882555469469346e-05,
SQQQ,1140,7.988881034676101e-05,
SQQQ,1141,8.454169057473465e-05,
SQQQ,1142,8.997469989078102e-05,
SQQQ,1143,7.184721352537339e-05,
SQQQ,1144,8.61775523670268e-05,
SQQQ,1145,7.060956904218287e-05,
SQQQ,1146,7.071516660752491e-05,
SQQQ,1147,8.167412984068287e-05,
SQQQ,1148,6.485042824160777e-05,
SQQQ,1149,7.104795852134598e-05,
SQQQ,1150,6.626584823916457e-05,
SQQQ,1151,7.09012185211635e-05,
SQQQ,1152,7.200417036278244e-05,
SQQQ,1153,5.6665650605574264e-05,
SQQQ,1154,7.460161405657497e-05,
SQQQ,1155,7.249911880203022e-05,
SQQQ,1156,6.993968361519353e-05,
SQQQ,1157,8.691821285126664e-05,
SQQQ,1158,6.684613719255249e-05,
SQQQ,1159,8.09646075049995e-05,
SQQQ,1160,6.996008444055764e-05,
SQQQ,1161,8.97264300362347e-05,
SQQQ,1162,7.870512503241671e-05,
SQQQ,1163,7.15692214564105e-05,
SQQQ,1164,7.649739343455076e-05,
SQQQ,1165,9.600653265073533e-05,
SQQQ,1166,7.348743584115311e-05,
SQQQ,1167,6.873397555280487e-05,
SQQQ,1168,6.693846777780991e-05,
SQQQ,1169,7.013483688756877e-05,
SQQQ,1170,9.245551807903945e-05,
SQQQ,1171,7.161599273390414e-05,
SQQQ,1172,8.701577437904798e-05,
SQQQ,1173,7.792988050100002e-05,
SQQQ,1174,9.853751381933817e-05,
SQQQ,1175,8.384006452399824e-05,
SQQQ,1176,7.133765227935965e-05,
SQQQ,1177,7.608981247902072e-05,
SQQQ,1178,6.944229072318589e-05,
SQQQ,1179,7.440629846230127e-05,
SQQQ,1180,7.844932797166016e-05,
SQQQ,1181,8.429080843916165e-05,
SQQQ,1182,7.542893970067766e-05,
SQQQ,1183,8.044733712178082e-05,
SQQQ,1184,9.974963988856092e-05,
SQQQ,1185,0.00011301458265441605,
SQQQ,1186,9.990048657857283e-05,
SQQQ,1187,0.00010016925298902842,
SQQQ,1188,9.02534126697668e-05,
SQQQ,1189,9.660168885881253e-05,
SQQQ,1190,0.00010050226941320444,
SQQQ,1191,9.093471829692635e-05,
SQQQ,1192,0.00011662479418197295,
SQQQ,1193,9.095749386099114e-05,
SQQQ,1194,0.00010819309246760983,
SQQQ,1195,0.00011612282032122502,
SQQQ,1196,0.00011707547212011277,
SQQQ,1197,0.00014391418327804425,
SQQQ,1198,0.00015237587650695288,
SQQQ,1199,0.00020982108978037848,
QQQ,240,0.0008032122093492826,
QQQ,241,0.0009221576881153038,
QQQ,242,0.0003559591057424925,
QQQ,243,0.00023846996653831872,
QQQ,244,0.00019174016424064908,
QQQ,245,0.00017239565306229922,
QQQ,246,0.00014124264645270205,
QQQ,247,0.00010848127757957064,
QQQ,248,9.282221132484284e-05,
QQQ,249,8.222729947600572e-05,
QQQ,250,7.605468470831186e-05,
QQQ,251,7.822193613576297e-05,
QQQ,252,7.655827370922302e-05,
QQQ,253,6.814520219300448e-05,
QQQ,254,6.129397633922667e-05,
QQQ,255,6.90260891207821e-05,
QQQ,256,6.674897492730935e-05,
QQQ,257,6.755949885121913e-05,
QQQ,258,6.216924611510343e-05,
QQQ,259,5.696192190045081e-05,
QQQ,260,5.7827472741632875e-05,
QQQ,261,6.37810080072596e-05,
QQQ,262,5.8673206504394096e-05,
QQQ,263,6.227438678605626e-05,
QQQ,264,6.455735809459294e-05,
QQQ,265,6.521483947635654e-05,
QQQ,266,5.302354494113627e-05,
QQQ,267,6.05452258392988e-05,
QQQ,268,5.564522806620437e-05,
QQQ,269,5.6212933173281056e-05,
QQQ,270,7.024872771019383e-05,
QQQ,271,5.762020571888793e-05,
QQQ,272,5.5252311474423624e-05,
QQQ,273,5.50369952071902e-05,
QQQ,274,5.58079120277235e-05,
QQQ,275,5.8674192672963956e-05,
QQQ,276,5.8098096144784054e-05,
QQQ,277,5.375532169092311e-05,
QQQ,278,5.527752865524308e-05,
QQQ,279,5.7632644188058134e-05,
QQQ,280,5.127293922403661e-05,
QQQ,281,4.993147395689929e-05,
QQQ,282,4.955152432109247e-05,
QQQ,283,4.747602037235957e-05,
QQQ,284,4.7849743899368634e-05,
QQQ,285,4.975125744801695e-05,
QQQ,286,5.480592612989336e-05,
QQQ,287,5.515721311610934e-05,
QQQ,288,4.717352305488003e-05,
QQQ,289,5.3312948651194356e-05,
QQQ,290,5.8327373703550126e-05,
QQQ,291,5.34928868082814e-05,
QQQ,292,4.684416073132862e-05,
QQQ,293,4.370241782721454e-05,
QQQ,294,5.484980423785127e-05,
QQQ,295,4.295394465515307e-05,
QQQ,296,5.0230938514619656e-05,
QQQ,297,4.796411811366787e-05,
QQQ,298,5.0924614625389425e-05,
QQQ,299,4.3355350157288236e-05,
QQQ,300,6.415254597266189e-05,
QQQ,301,6.453167740489052e-05,
QQQ,302,5.468663613754462e-05,
QQQ,303,5.255876490240614e-05,
QQQ,304,5.373030366818164e-05,
QQQ,305,5.12348201492362e-05,
QQQ,306,5.3510968560691984e-05,
QQQ,307,5.181051119667269e-05,
QQQ,308,4.6379287418258414e-05,
QQQ,309,4.222635860339409e-05,
QQQ,310,4.655790908669142e-05,
QQQ,311,4.584195143436054e-05,
QQQ,312,4.347125156459483e-05,
QQQ,313,4.899483500854171e-05,
QQQ,314,4.5728658364123045e-05,
QQQ,315,4.811314596599439e-05,
QQQ,316,5.285426911022737e-05,
QQQ,317,4.6625295244337e-05,
QQQ,318,4.732593412820697e-05,
QQQ,319,4.8945220154950544e-05,
QQQ,320,4.67858567117105e-05,
QQQ,321,5.010538979029511e-05,
QQQ,322,5.1406242040772464e-05,
QQQ,323,4.703285512713586e-05,
QQQ,324,4.158557236911479e-05,
QQQ,325,4.9868282274544584e-05,
QQQ,326,4.7699514399113066e-05,
QQQ,327,4.2158130524184545e-05,
QQQ,328,4.498051920384257e-05,
QQQ,329,4.192907798911416e-05,
QQQ,330,5.613084926230717e-05,
QQQ,331,4.582662876309985e-05,
QQQ,332,4.678057598496034e-05,
QQQ,333,4.3887981607111175e-05,
QQQ,334,4.978657172659298e-05,
QQQ,335,4.1822317979007566e-05,
QQQ,336,5.10358858050095e-05,
QQQ,337,4.616319402171641e-05,
QQQ,338,4.202353194946817e-05,
QQQ,339,5.062112325770547e-05,
QQQ,340,4.51019928766439e-05,
QQQ,341,4.653758054089765e-05,
QQQ,342,4.153946706460022e-05,
QQQ,343,4.44823040166571e-05,
QQQ,344,4.04179696983785e-05,
QQQ,345,5.010640218247124e-05,
QQQ,346,4.138602343897599e-05,
QQQ,347,4.600662896593638e-05,
QQQ,348,4.1333573571965286e-05,
QQQ,349,4.532272267523754e-05,
QQQ,350,4.5338384754775104e-05,
QQQ,351,4.427845075960001e-05,
QQQ,352,4.7755260612569705e-05,
QQQ,353,3.971847279588714e-05,
QQQ,354,5.1169103674734614e-05,
QQQ,355,5.070485108427899e-05,
QQQ,356,4.433460767751836e-05,
QQQ,357,4.688659998346042e-05,
QQQ,358,4.613051417490067e-05,
QQQ,359,4.311643886472356e-05,
QQQ,360,7.787407936026565e-05,
QQQ,361,6.167725714528201e-05,
QQQ,362,5.305410400526334e-05,
QQQ,363,5.8170440666443284e-05,
QQQ,364,4.4936236378914473e-05,
QQQ,365,5.057581711144555e-05,
QQQ,366,5.4230587527206574e-05,
QQQ,367,5.374324304944407e-05,
QQQ,368,5.7015001051177254e-05,
QQQ,369,5.524231292880677e-05,
QQQ,370,5.600657353291764e-05,
QQQ,371,5.668866511939622e-05,
QQQ,372,6.012682193606486e-05,
QQQ,373,4.787525798960476e-05,
QQQ,374,4.801076560737941e-05,
QQQ,375,4.58373998299812e-05,
QQQ,376,5.241622304380786e-05,
QQQ,377,5.3449398780530844e-05,
QQQ,378,4.727523662806148e-05,
QQQ,379,4.951585802408409e-05,
QQQ,380,5.448710140216135e-05,
QQQ,381,5.2169572939164876e-05,
QQQ,382,6.450145431153896e-05,
QQQ,383,4.303531667716993e-05,
QQQ,384,4.450217536747554e-05,
QQQ,385,6.077944415363394e-05,
QQQ,386,6.922059491620318e-05,
QQQ,387,4.107361847794672e-05,
QQQ,388,5.567273243705118e-05,
QQQ,389,5.014773342676329e-05,
QQQ,390,7.920589515481975e-05,
QQQ,391,6.013823823087691e-05,
QQQ,392,5.255334535801604e-05,
QQQ,393,5.8996206459916494e-05,
QQQ,394,6.78593494553616e-05,
QQQ,395,5.7983251720959415e-05,
QQQ,396,6.117591796849512e-05,
QQQ,397,4.960603120908165e-05,
QQQ,398,5.264521813941e-05,
QQQ,399,5.3307361720060015e-05,
QQQ,400,5.795636664166328e-05,
QQQ,401,5.026653393003934e-05,
QQQ,402,5.2195985540038715e-05,
QQQ,403,5.372526058793564e-05,
QQQ,404,5.16030540875828e-05,
QQQ,405,4.926181699190726e-05,
QQQ,406,6.266503362038956e-05,
QQQ,407,6.355799222647667e-05,
QQQ,408,5.4644833657021745e-05,
QQQ,409,6.393117088842054e-05,
QQQ,410,5.9259355218085465e-05,
QQQ,411,5.9380739806016114e-05,
QQQ,412,5.334621341874565e-05,
QQQ,413,5.042985713332078e-05,
QQQ,414,5.026079627907106e-05,
QQQ,415,5.751575360945726e-05,
QQQ,416,5.0120033998260256e-05,
QQQ,417,5.096709314096723e-05,
QQQ,418,5.804208201695262e-05,
QQQ,419,5.392311029289802e-05,
QQQ,420,0.0003028983982470062,
QQQ,421,0.00013914021619281487,
QQQ,422,0.00012294296172015186,
QQQ,423,0.00013554535798634607,
QQQ,424,0.0001317167731040244,
QQQ,425,0.00014950847826758563,
QQQ,426,0.00011294454047497893,
QQQ,427,0.00012068294842423809,
QQQ,428,0.00010512534325271044,
QQQ,429,0.00012818753399731955,
QQQ,430,0.00011547175669374922,
QQQ,431,0.00010168001313486611,
QQQ,432,0.00010491731191810117,
QQQ,433,9.284444036280265e-05,
QQQ,434,9.562412483428462e-05,
QQQ,435,9.722626572679972e-05,
QQQ,436,9.377463594758826e-05,
QQQ,437,0.0001000357922507831,
QQQ,438,9.738744719567622e-05,
QQQ,439,9.431666528655479e-05,
QQQ,440,0.00011534229447045129,
QQQ,441,9.733133565613094e-05,
QQQ,442,9.332585877618141e-05,
QQQ,443,9.13687063294934e-05,
QQQ,444,9.598039036673035e-05,
QQQ,445,9.289879752404851e-05,
QQQ,446,9.859992696678927e-05,
QQQ,447,0.00010265282396875678,
QQQ,448,9.975467287616621e-05,
QQQ,449,9.47445136143039e-05,
QQQ,450,0.00012847528965624118,
QQQ,451,0.00014255619147135457,
QQQ,452,0.0001311104262764324,
QQQ,453,0.00010833810408575989,
QQQ,454,0.00011091912268894098,
QQQ,455,0.00011297594521741213,
QQQ,456,0.00011191509778840613,
QQQ,457,9.58273247661813e-05,
QQQ,458,0.00011000798655402282,
QQQ,459,9.695963091654216e-05,
QQQ,460,0.00011078006925137672,
QQQ,461,0.0001107041978547824,
QQQ,462,0.00010289661106528385,
QQQ,463,0.00011675206206204284,
QQQ,464,0.00010470427075229238,
QQQ,465,0.0001210140785395048,
QQQ,466,0.00010120993315523162,
QQQ,467,0.00011832091273324054,
QQQ,468,0.0001148669966652551,
QQQ,469,0.0001395683348712526,
QQQ,470,0.00012022080747185087,
QQQ,471,0.00010427829953515278,
QQQ,472,9.879192232585615e-05,
QQQ,473,0.00010029495043596352,
QQQ,474,0.00011901021717700472,
QQQ,475,0.00010186540138071607,
QQQ,476,9.245903438118215e-05,
QQQ,477,0.00010758925601680131,
QQQ,478,0.00011268348998449818,
QQQ,479,0.00010564308924598863,
QQQ,480,0.0016137787592185044,
QQQ,481,0.00042174075144377795,
QQQ,482,0.00021869463550964693,
QQQ,483,0.00015616605319793015,
QQQ,484,0.00014484061418358382,
QQQ,485,0.00014797366792273237,
QQQ,486,0.00016281745353637303,
QQQ,487,0.00015200268090414707,
QQQ,488,0.00013996122624811342,
QQQ,489,0.0001456396153161194,
QQQ,490,0.00015161304204793684,
QQQ,491,0.00013655038994648443,
QQQ,492,0.00014821778152021155,
QQQ,493,0.00016256339666893263,
QQQ,494,0.00015692867550620745,
QQQ,495,0.00016730419145320183,
QQQ,496,0.00017138036001488873,
QQQ,497,0.00015975482307413537,
QQQ,498,0.00017531365042937547,
QQQ,499,0.00016300737284839214,
QQQ,500,0.00018931069385398118,
QQQ,501,0.00020161904770829675,
QQQ,502,0.0001731436188153374,
QQQ,503,0.00017294132795883565,
QQQ,504,0.00018117386052228247,
QQQ,505,0.0002056309037047476,
QQQ,506,0.00019353701507336145,
QQQ,507,0.00015862754998854619,
QQQ,508,0.00017188199032716088,
QQQ,509,0.00020073654086245923,
QQQ,510,0.000503071294040135,
QQQ,511,0.0003351800477286665,
QQQ,512,0.0003215380484057395,
QQQ,513,0.000331120403181635,
QQQ,514,0.0002748820867720559,
QQQ,515,0.00027101848641669917,
QQQ,516,0.0002582811000763118,
QQQ,517,0.0002469750918860034,
QQQ,518,0.00023291147643798895,
QQQ,519,0.00021803570510325836,
QQQ,520,0.00022778261458631936,
QQQ,521,0.00023508494081701074,
QQQ,522,0.000277745957264387,
QQQ,523,0.00021806931409816392,
QQQ,524,0.00022052157726203182,
QQQ,525,0.00023985407564231594,
QQQ,526,0.00023967723301934632,
QQQ,527,0.00022977871603644472,
QQQ,528,0.00022819709062083437,
QQQ,529,0.0002051886703155901,
QQQ,530,0.00021867963054980825,
QQQ,531,0.00020963703725488815,
QQQ,532,0.00021935661841657146,
QQQ,533,0.00019214588224545465,
QQQ,534,0.00018886885587646147,
QQQ,535,0.00021384096323825614,
QQQ,536,0.00021099017325147822,
QQQ,537,0.00021331656131373062,
QQQ,538,0.00019421021553202598,
QQQ,539,0.00020809917581829,
QQQ,540,0.0003562804675712462,
QQQ,541,0.00027495411446284805,
QQQ,542,0.00023482602351791344,
QQQ,543,0.00023400582396877352,
QQQ,544,0.00024611396777479276,
QQQ,545,0.0002571927975172616,
QQQ,546,0.0002476616764788377,
QQQ,547,0.00022167438397877035,
QQQ,548,0.00022102206030650168,
QQQ,549,0.00024609654068955146,
QQQ,550,0.00022250093328764312,
QQQ,551,0.00021241922716789177,
QQQ,552,0.00020332348098611876,
QQQ,553,0.0002124615074498089,
QQQ,554,0.00019378475139704123,
QQQ,555,0.0002096951354720643,
QQQ,556,0.0002039671235310368,
QQQ,557,0.00020119952547078488,
QQQ,558,0.0001990151887304885,
QQQ,559,0.00022605114900509335,
QQQ,560,0.00021315940810168356,
QQQ,561,0.00021391219570224363,
QQQ,562,0.00019239476650624333,
QQQ,563,0.00017793547513856323,
QQQ,564,0.00019175619802337034,
QQQ,565,0.00041826704205431906,
QQQ,566,0.00026654010624524053,
QQQ,567,0.0004921605794192328,
QQQ,568,0.0006169171808697593,
QQQ,569,0.000550462822449861,
QQQ,570,0.013969060213674432,0.015543641017685439
QQQ,571,0.006711863713031931,0.0074586399002629505
QQQ,572,0.005394823375689728,0.005989871275556406
QQQ,573,0.004874091293171788,0.005413594099370379
QQQ,574,0.0045301215658013665,0.005029760470656739
QQQ,575,0.005319775206648362,0.005908243759397848
QQQ,576,0.005066408031167348,0.00562581126057592
QQQ,577,0.0046464974132712335,0.005154744461140851
QQQ,578,0.004293685109615681,0.004767811534335667
QQQ,579,0.004134352222940631,0.004591407504628329
QQQ,580,0.004641078066532385,0.0051545104643755625
QQQ,581,0.004182821613702134,0.004647617076426804
QQQ,582,0.004069431760704126,0.0045153617452112615
QQQ,583,0.004024195603181782,0.004475721658645356
QQQ,584,0.0036374504116757386,0.004043159121871521
QQQ,585,0.005147572738934963,0.005721732569386502
QQQ,586,0.004117302353589437,0.004565584222192831
QQQ,587,0.003986108495997735,0.004420961381937872
QQQ,588,0.004042740790334431,0.004487785019076184
QQQ,589,0.003992663528182597,0.004433784603193567
QQQ,590,0.004175043808334616,0.0046328179854701855
QQQ,591,0.003772423787142393,0.004183427406853847
QQQ,592,0.0035927491803846735,0.003983250257729602
QQQ,593,0.0034252708776127305,0.003799786481769578
QQQ,594,0.0033948969759054247,0.003763931351969964
QQQ,595,0.003680230816770615,0.004079149937156831
QQQ,596,0.003343038355307808,0.003710486847167621
QQQ,597,0.0031955293327804225,0.0035509748846331386
QQQ,598,0.0030769205237303134,0.0034103095401926482
QQQ,599,0.003131218486846848,0.003477776951964953
QQQ,600,0.004467484550981429,0.004953697738831494
QQQ,601,0.0036437807765658404,0.00403625407859804
QQQ,602,0.003584619033606454,0.0039702137732577185
QQQ,603,0.003341144633388734,0.0036999370105848454
QQQ,604,0.0030927914817741506,0.0034234472148796727
QQQ,605,0.003268979051801931,0.003622250192739179
QQQ,606,0.003372134341310505,0.003738509594396143
QQQ,607,0.0032165670720236236,0.0035680722448179925
QQQ,608,0.0030524494162701083,0.003385838912363834
QQQ,609,0.0030241049438207435,0.0033561470110270784
QQQ,610,0.003442316416822196,0.0038216243223491713
QQQ,611,0.0032919128174518516,0.003650943632645694
QQQ,612,0.0032979394295060377,0.003657340584743004
QQQ,613,0.003144055384428947,0.003487982768175292
QQQ,614,0.002884160952786157,0.0031987312524999036
QQQ,615,0.003306795676874448,0.003669610965457782
QQQ,616,0.0031118737962905732,0.00344949753030342
QQQ,617,0.002896851283018122,0.003216221069145803
QQQ,618,0.002897958486904977,0.003212906424366699
QQQ,619,0.0026686030790398123,0.002958136554848454
QQQ,620,0.002999039336716515,0.003328626330196118
QQQ,621,0.0029212828082198074,0.003242766886126211
QQQ,622,0.003092053836654027,0.0034260915172490297
QQQ,623,0.0027847471151482756,0.003093235341035276
QQQ,624,0.0029247165310955637,0.003245418682549677
QQQ,625,0.0030022620787455148,0.0033253566197692817
QQQ,626,0.0028367725479903757,0.0031499130298846406
QQQ,627,0.0027107893509156836,0.0030098324640643304
QQQ,628,0.0026894446986075174,0.002982156388743502
QQQ,629,0.0025094797513802885,0.0027787644659457915
QQQ,630,0.003159927538386315,0.003503639735049294
QQQ,631,0.0028732266221008847,0.0031806091394257505
QQQ,632,0.0029210825871572826,0.0032346563498560103
QQQ,633,0.002960162189300439,0.003288460619971901
QQQ,634,0.0028673830080719388,0.0031797682010226325
QQQ,635,0.002856880287747199,0.0031690467063687938
QQQ,636,0.0031793675817795063,0.0035206039335944034
QQQ,637,0.00270443678918814,0.0029955359686180518
QQQ,638,0.00260524336451004,0.0028890027094861945
QQQ,639,0.0023968660683589306,0.0026600506357867563
QQQ,640,0.00261417919629824,0.0028994705709360514
QQQ,641,0.002571910566449315,0.0028519299916325083
QQQ,642,0.0025298151345616885,0.0028089586049209058
QQQ,643,0.002324453736048549,0.0025784224586817748
QQQ,644,0.0025532515491378874,0.002833165460784693
QQQ,645,0.0026861188423254858,0.0029801576945563853
QQQ,646,0.002606786761544993,0.002895626403301794
QQQ,647,0.0024410539269628423,0.0027075173327680358
QQQ,648,0.002576671760429439,0.0028601327184301127
QQQ,649,0.0025733114278832223,0.0028493621737519367
QQQ,650,0.0025883814894528154,0.00287352631424171
QQQ,651,0.002653649540260151,0.0029420214831361955
QQQ,652,0.0024631395788015605,0.0027321038356368094
QQQ,653,0.002341587531570823,0.0025931511182239074
QQQ,654,0.002298339152816796,0.0025486366575962734
QQQ,655,0.0024381471692968026,0.0027028235561141634
QQQ,656,0.002609299229954397,0.0028945002303155452
QQQ,657,0.002235018249298374,0.002475287142572612
QQQ,658,0.002393297660726545,0.002649928355416612
QQQ,659,0.0023771429273280608,0.002637689299589293
QQQ,660,0.003106553326354428,0.003439979729079246
QQQ,661,0.002659540794027652,0.0029501684967583033
QQQ,662,0.002741400855787548,0.003041553311165357
QQQ,663,0.0024516815030612366,0.002727974577334989
QQQ,664,0.002373034662261437,0.0026347536828152814
QQQ,665,0.0024950239668350607,0.002766742751383218
QQQ,666,0.002473094183830874,0.0027406787087280496
QQQ,667,0.0022022394337436525,0.0024457849034435456
QQQ,668,0.0021707918537907985,0.0024252710585298603
QQQ,669,0.0021291854707097954,0.0023648785760592983
QQQ,670,0.0022807123727373512,0.0025305035327820966
QQQ,671,0.002062160662652253,0.0022856349803191166
QQQ,672,0.002251149752693231,0.002491866245098232
QQQ,673,0.0020990928177217704,0.0023237972060253017
QQQ,674,0.001953250905329429,0.0021649438735614197
QQQ,675,0.002370474911657526,0.002626581905269366
QQQ,676,0.002407847056944275,0.0026883999395928924
QQQ,677,0.0020417790398795242,0.002263221448071642
QQQ,678,0.0019999549224187277,0.0022174645645040075
QQQ,679,0.002133982945509747,0.0023602782403718656
QQQ,680,0.0024073581946496446,0.002681166090465832
QQQ,681,0.0021541936683141423,0.00238492925229586
QQQ,682,0.002103700377662714,0.0023261263247953486
QQQ,683,0.002167566673640525,0.002402004559046151
QQQ,684,0.002105085026905148,0.0023288529003670394
QQQ,685,0.0022296826998476006,0.0024626085559582016
QQQ,686,0.002079589439670478,0.0023109609722381705
QQQ,687,0.0021595171959166567,0.002392136060064004
QQQ,688,0.001884012003668026,0.0020842774607587673
QQQ,689,0.002158281524596353,0.0023930107789638683
QQQ,690,0.0029159791106648436,0.0032449348647578874
QQQ,691,0.0020838841955197586,0.0023118221020586075
QQQ,692,0.0019769014895314315,0.0021935498776478757
QQQ,693,0.0020974285783238993,0.0023271915858058645
QQQ,694,0.0021747151642378874,0.002408264234512763
QQQ,695,0.00222752848305549,0.002465413693815941
QQQ,696,0.0019729124449026562,0.0021803555200944633
QQQ,697,0.0020825610422492194,0.002304007818449779
QQQ,698,0.001837318757049167,0.002035284767636339
QQQ,699,0.001849724218402365,0.0020497736927711906
QQQ,700,0.0020330747676685183,0.002250340041662965
QQQ,701,0.0019225137522413714,0.002129017326649023
QQQ,702,0.0018912506772524311,0.0020881689092344677
QQQ,703,0.0020669659070582463,0.0022864070131565985
QQQ,704,0.0022585012498290125,0.0025218106086533293
QQQ,705,0.001965788296098399,0.00217876817148783
QQQ,706,0.0019793664397098694,0.0021896503774305053
QQQ,707,0.0019407889501980946,0.0021455680931957034
QQQ,708,0.0018963703428058643,0.002097444753540012
QQQ,709,0.0018698626655341418,0.0020738252624178176
QQQ,710,0.0021172579196708304,0.002346308266252445
QQQ,711,0.0021660685048215784,0.002407305268851248
QQQ,712,0.0019130512622993858,0.002120927368606704
QQQ,713,0.0018131112807349614,0.002012934148296108
QQQ,714,0.0018923827845644117,0.0021051982190670097
QQQ,715,0.0019179059930076662,0.0021316152711298897
QQQ,716,0.002095703397385343,0.0023399793472069
QQQ,717,0.0017484602848259671,0.0019345345323393823
QQQ,718,0.0016452841222765364,0.0018233167513183653
QQQ,719,0.0016252609741067934,0.0017994834277563364
QQQ,720,0.002478254293800017,0.0027383591082562916
QQQ,721,0.0019693564808727954,0.002183215705822455
QQQ,722,0.002035746062215217,0.0022576073309675203
QQQ,723,0.0017196374105371112,0.0019071397660647554
QQQ,724,0.0018382177236849083,0.0020365700583383586
QQQ,725,0.0017235792370475214,0.0019088885019574269
QQQ,726,0.0017101573317809112,0.0018926649742848295
QQQ,727,0.0018489498690319182,0.0020693578111871313
QQQ,728,0.0017880844906243082,0.0019818258719482163
QQQ,729,0.0017556749108755966,0.0019522736209022307
QQQ,730,0.001846717839223721,0.002041425350207302
QQQ,731,0.0017546782777392487,0.001949720427340322
QQQ,732,0.0016394862820574396,0.0018162304416306707
QQQ,733,0.0018294086352049106,0.0020266832018303806
QQQ,734,0.0015485744963222466,0.0017172045349410968
QQQ,735,0.0018510139083074402,0.0020593241816733144
QQQ,736,0.0017147779698927816,0.0019099626311798576
QQQ,737,0.0017150053393397379,0.0019027857645410734
QQQ,738,0.0016485568291220902,0.0018295570758674468
QQQ,739,0.00159788724214793,0.0017687441171084762
QQQ,740,0.002008869213724855,0.002227181951669665
QQQ,741,0.001775958599938425,0.00197070714194463
QQQ,742,0.001628154658387281,0.0018085385954206108
QQQ,743,0.0017437677537106735,0.0019409917942594973
QQQ,744,0.0017527087784245487,0.0019437487589851633
QQQ,745,0.00201078628855538,0.002236683930194299
QQQ,746,0.0017564322035059784,0.0019463269993037302
QQQ,747,0.00157120956500277,0.0017407832891175453
QQQ,748,0.0014992176332277792,0.0016647857752297552
QQQ,749,0.0015201791842243465,0.0016893989342805775
QQQ,750,0.0019883544734081815,0.002203941832895524
QQQ,751,0.0018567578642994206,0.002057752534519417
QQQ,752,0.0017075095350186204,0.0018920773730362762
QQQ,753,0.0016903295803376345,0.0018641605651562034
QQQ,754,0.0019431085254067106,0.002139168513915759
QQQ,755,0.001750782910656817,0.0019338249810678739
QQQ,756,0.001693762637910984,0.001878469877207899
QQQ,757,0.0015440290098716531,0.0017131306005028137
QQQ,758,0.0016317038447103537,0.0018040886271970709
QQQ,759,0.0013883432959592656,0.0015441539094131894
QQQ,760,0.0016622680418564848,0.0018393695370781708
QQQ,761,0.0016803299667524458,0.0018676981588835657
QQQ,762,0.0015531373266288416,0.001724098205495518
QQQ,763,0.0016345425223672956,0.0018096326192894646
QQQ,764,0.0015405744832612,0.0017151699561807183
QQQ,765,0.0016488711844757345,0.001826243677887155
QQQ,766,0.0014144892624876424,0.0015664052780517464
QQQ,767,0.0014289119698904886,0.001584611508947302
QQQ,768,0.001872381999522294,0.0020805333394618756
QQQ,769,0.0014582955515993526,0.001614205236929361
QQQ,770,0.0017295351291546587,0.001918194972209541
QQQ,771,0.0015638618954728215,0.0017316976978265736
QQQ,772,0.001631776330482917,0.0018075829828574465
QQQ,773,0.0014607772650593314,0.0016186949764363332
QQQ,774,0.0014313381272482609,0.0015857010865989684
QQQ,775,0.0015563428928989846,0.001728321003762003
QQQ,776,0.0014882873473035987,0.0016479647259167423
QQQ,777,0.0014768042991248123,0.001637646618382854
QQQ,778,0.001422388151575519,0.0015769308031252003
QQQ,779,0.0014493511828007517,0.0016105228163445563
QQQ,780,0.0019299314039416817,0.0021427399672836298
QQQ,781,0.0017025032892643633,0.001892809820001004
QQQ,782,0.0018992815138498074,0.002101267505997759
QQQ,783,0.0015673319218544525,0.0017361602734821205
QQQ,784,0.0015197802856949708,0.0016866320674702529
QQQ,785,0.0015692536724774828,0.001741392964999474
QQQ,786,0.0015694335697950482,0.0017388201897665248
QQQ,787,0.0017332086054478596,0.0019169340627493787
QQQ,788,0.0015630184533206096,0.001733476559950737
QQQ,789,0.0014600969650401668,0.0016154617244532972
QQQ,790,0.001778539212293587,0.0019784391873460777
QQQ,791,0.0014106445270286136,0.0015603700722727721
QQQ,792,0.0014540347460196838,0.0016083879886212855
QQQ,793,0.0015370032611510653,0.0016977893033448433
QQQ,794,0.001450547660598125,0.0016056633035836005
QQQ,795,0.0014989539990415638,0.001658755008437404
QQQ,796,0.0015693396848727545,0.0017368180600397388
QQQ,797,0.0014569540820269376,0.0016168120915971125
QQQ,798,0.0014035656768402087,0.001557057125214308
QQQ,799,0.0014872637364715174,0.001648046707134817
QQQ,800,0.0016167602812006037,0.0017915986019728643
QQQ,801,0.0015020905926857546,0.001666568419298641
QQQ,802,0.00148468011203449,0.0016437300218488098
QQQ,803,0.0014808610570116727,0.001638492247019957
QQQ,804,0.0014988350836681842,0.0016637862537243896
QQQ,805,0.0015506238361208521,0.001718903352626021
QQQ,806,0.001438358823077188,0.0015954382370477935
QQQ,807,0.0014673453564755044,0.001625527283317648
QQQ,808,0.001372138113597514,0.0015190564392135704
QQQ,809,0.0014645802602489784,0.0016216315734628101
QQQ,810,0.001871368881654287,0.0020734730184019338
QQQ,811,0.0014719031143573603,0.001631142952843707
QQQ,812,0.0015113713684410347,0.0016776127401355895
QQQ,813,0.0015552573712752163,0.0017231402740873528
QQQ,814,0.0013915437293808865,0.0015410102203754453
QQQ,815,0.0016782693361652135,0.0018585702667095801
QQQ,816,0.0015321063005613942,0.0016964128738653436
QQQ,817,0.001405527831644785,0.0015534279680035768
QQQ,818,0.0013185487158596898,0.0014583866740588316
QQQ,819,0.001513313588204827,0.00167524137769309
QQQ,820,0.0017508326821609455,0.0019368933238851787
QQQ,821,0.001482756045744809,0.0016403023248422897
QQQ,822,0.0014699718922951326,0.0016266947691951526
QQQ,823,0.0015744087219600245,0.0017461226177215732
QQQ,824,0.0013801355987036322,0.0015319280231364544
QQQ,825,0.0014944487082294584,0.001655436734102139
QQQ,826,0.0016552370656089275,0.00183296095247299
QQQ,827,0.0016321786880339573,0.0018057206113662964
QQQ,828,0.0016406400308033448,0.001819861187294053
QQQ,829,0.0013153538789136146,0.0014555025617889602
QQQ,830,0.0016222116649297043,0.0017998045163579897
QQQ,831,0.001483752043520325,0.001646495089866326
QQQ,832,0.001529039701855974,0.0016983827460166452
QQQ,833,0.0016544157784016908,0.00183372276181744
QQQ,834,0.0013953482565075245,0.0015485342777787137
QQQ,835,0.0015615958226456606,0.0017339062792735016
QQQ,836,0.0015871901675397735,0.00176196044400103
QQQ,837,0.001356256323161211,0.0015024803262045348
QQQ,838,0.00141010264797477,0.0015648482110574044
QQQ,839,0.0014795699015445823,0.0016463563728092744
QQQ,840,0.0020757530221368094,0.0023050449627168347
QQQ,841,0.0017718701176970772,0.001969494474148294
QQQ,842,0.0017962062245934158,0.0019938554238327975
QQQ,843,0.001517125079803544,0.0016813494692386227
QQQ,844,0.0015835257368448667,0.0017573157595652455
QQQ,845,0.0017422146039564616,0.001937367296844845
QQQ,846,0.0016766817059009,0.0018531923375042724
QQQ,847,0.0015737892596605811,0.0017455900887474206
QQQ,848,0.0014643491243691883,0.001622664850793863
QQQ,849,0.0014072404926086482,0.001558461956409342
QQQ,850,0.0015770924418122645,0.0017498903154424253
QQQ,851,0.0014275819219873734,0.001579095091212602
QQQ,852,0.0014703806674145274,0.0016333826344029682
QQQ,853,0.001388534358798518,0.001538111246818132
QQQ,854,0.0016897651530684242,0.0018713843742385412
QQQ,855,0.0017089097084205553,0.0018894894912894402
QQQ,856,0.001550811476279902,0.0017196913387220573
QQQ,857,0.0015036736718354656,0.001668360005973377
QQQ,858,0.0015772472726668508,0.0017498089929570745
QQQ,859,0.0013307023079643977,0.0014736620733990446
QQQ,860,0.0017251688992255634,0.0019326697783775754
QQQ,861,0.0014557756444071646,0.0016131655545454629
QQQ,862,0.0015282069942595775,0.0016925636408468374
QQQ,863,0.0013656038597534962,0.0015142485477006062
QQQ,864,0.0013014226164826772,0.0014397278496642244
QQQ,865,0.0014859993676017657,0.001646712863547594
QQQ,866,0.0015519161047381012,0.001725496440760821
QQQ,867,0.0016011235981144476,0.0017739340632615323
QQQ,868,0.001412739420768248,0.001567674160626433
QQQ,869,0.0013828246464547096,0.0015304555060993968
QQQ,870,0.002015640983173904,0.002233547139664429
QQQ,871,0.001779349175292153,0.0019707829971800767
QQQ,872,0.0015818348135740487,0.001752756473663177
QQQ,873,0.0016101019367401278,0.0017852125643405333
QQQ,874,0.0013774382694607137,0.0015279664019301534
QQQ,875,0.0016375438304107438,0.0018236552509641145
QQQ,876,0.001657700774825845,0.001834589609542538
QQQ,877,0.0015064415342858062,0.0016689138404197446
QQQ,878,0.0014772390065682596,0.001641766403248697
QQQ,879,0.001482159979996144,0.0016494184397316787
QQQ,880,0.0018898451420766773,0.002090437597045707
QQQ,881,0.0016146188935226727,0.0017936746062827457
QQQ,882,0.001599208430536402,0.0017726671768611016
QQQ,883,0.0014959303230490848,0.001661505859199595
QQQ,884,0.0014973971044208014,0.001665808721138186
QQQ,885,0.001603365134591748,0.0017796727705934258
QQQ,886,0.0015679797881975653,0.0017445869773932176
QQQ,887,0.0014944570354981656,0.0016630633205268026
QQQ,888,0.0015304859679547164,0.0017000457647284655
QQQ,889,0.001418574932752628,0.0015770498002146032
QQQ,890,0.0017470984537096004,0.0019380217562233134
QQQ,891,0.001802627561250707,0.0020141037748950485
QQQ,892,0.0014968861888173426,0.001662751175301569
QQQ,893,0.0015037750236298717,0.0016649544845063302
QQQ,894,0.0015845095218127948,0.001764028776801532
QQQ,895,0.0016067138882615666,0.0017824711962141507
QQQ,896,0.0016300658903188412,0.0018081180307540118
QQQ,897,0.0017314169954864922,0.0019199820405635438
QQQ,898,0.0014931563338499321,0.001656450728166353
QQQ,899,0.0015891629884796671,0.0017632440605040202
QQQ,900,0.002188094275033718,0.002433468133166248
QQQ,901,0.0019156029671769609,0.0021281562608163975
QQQ,902,0.0018945125041048506,0.0021092872015811203
QQQ,903,0.0017074690389338547,0.0019043832730794728
QQQ,904,0.001675259268721433,0.0018615098330265537
QQQ,905,0.0017667130973169091,0.0019621072106596814
QQQ,906,0.0017557720180928376,0.001946010057305192
QQQ,907,0.0018406714509019877,0.002051669344024843
QQQ,908,0.001790461895208456,0.0019894309443216495
QQQ,909,0.0016844201169433559,0.0018735762259556633
QQQ,910,0.0019791457218761768,0.0021892564569864735
QQQ,911,0.0018571600641018257,0.0020608700931718576
QQQ,912,0.0017504946907893864,0.001945853097061427
QQQ,913,0.0017303272435450997,0.0019205841740174059
QQQ,914,0.0018244020716432082,0.002031248347878916
QQQ,915,0.0018929818812977606,0.002105941004872919
QQQ,916,0.001789285430777328,0.001986008811860797
QQQ,917,0.0020771778380353476,0.0023268291351199416
QQQ,918,0.001882216214433715,0.002088123279530207
QQQ,919,0.0018294738556896744,0.002037504471567129
QQQ,920,0.0018462843491363126,0.0020491011804863795
QQQ,921,0.0019736481965793597,0.002196698096428184
QQQ,922,0.0016809545723385653,0.0018683966399662773
QQQ,923,0.0018281679495930632,0.0020368390020222334
QQQ,924,0.0016817650269930727,0.0018719729172457437
QQQ,925,0.0018277094164799136,0.0020300421383650518
QQQ,926,0.0018473981795354023,0.002052056945791002
QQQ,927,0.0016951202970023414,0.0018871944059027312
QQQ,928,0.0017649656677040228,0.001965132363025345
QQQ,929,0.0018401251733345583,0.0020395990611749935
QQQ,930,0.002731919387343149,0.003036674890729882
QQQ,931,0.0021662988424928655,0.002405885746969273
QQQ,932,0.0023305419028165704,0.0025902754334468656
QQQ,933,0.002000053711478726,0.002227359062294218
QQQ,934,0.0019268289152811347,0.0021375683781637935
QQQ,935,0.002419717090778273,0.0026840888323452898
QQQ,936,0.002386853727142996,0.002648831566383024
QQQ,937,0.0022309605082777685,0.0024773250190812082
QQQ,938,0.0022241316147853874,0.002474769769690064
QQQ,939,0.002243301482815908,0.0024921049723675846
QQQ,940,0.002523145740519308,0.0028110415179860865
QQQ,941,0.0024081120383144276,0.0026955893422135695
QQQ,942,0.0022773798801178583,0.002531826759919596
QQQ,943,0.0023109595686338262,0.0025677726852011517
QQQ,944,0.0023822218039487087,0.0026445134772175817
QQQ,945,0.003316203768291469,0.0036860453093999963
QQQ,946,0.002999882644697433,0.003339025585010566
QQQ,947,0.002823719947085012,0.003145135324057442
QQQ,948,0.0027575071044268614,0.0030774290996119376
QQQ,949,0.002974329518874557,0.003310200124183428
QQQ,950,0.005982502146132581,0.006651010617493494
QQQ,951,0.00419370186340202,0.004662078802575948
QQQ,952,0.0038355164949044553,0.00426331036481134
QQQ,953,0.004276039964741674,0.004754700204581335
QQQ,954,0.005949466011483108,0.006602033595422654
QQQ,955,0.006919700599447792,0.007707088805727955
QQQ,956,0.0054012489131348125,0.0060121182109234474
QQQ,957,0.006180100683737154,0.006879690601145062
QQQ,958,0.008629990394343177,0.009610429810128784
QQQ,959,0.021720009156462876,0.024207820286878023
QQQ,960,0.0033750299112436026,
QQQ,961,0.001990065488286695,
QQQ,962,0.0013733861567446866,
QQQ,963,0.0011949363012953571,
QQQ,964,0.0014831082721886671,
QQQ,965,0.0013337742080293744,
QQQ,966,0.0012523897214685449,
QQQ,967,0.0015067885199647449,
QQQ,968,0.0009884586512566673,
QQQ,969,0.0009631482852269179,
QQQ,970,0.0024449317311366226,
QQQ,971,0.00530433522140024,
QQQ,972,0.00579188589586592,
QQQ,973,0.003270491683113153,
QQQ,974,0.002348476644948802,
QQQ,975,0.0008645870039048836,
QQQ,976,0.0007359265487721027,
QQQ,977,0.0005570151924059037,
QQQ,978,0.00044211202251853043,
QQQ,979,0.00047669826486504576,
QQQ,980,0.0005252729208702191,
QQQ,981,0.000658141299160846,
QQQ,982,0.0003601869235879245,
QQQ,983,0.00033930517354120173,
QQQ,984,0.00033618697963949364,
QQQ,985,0.0003284863972553325,
QQQ,986,0.0002865805212262409,
QQQ,987,0.0002961547835198982,
QQQ,988,0.00021321226391747197,
QQQ,989,0.00021164211482085305,
QQQ,990,0.0002561141703811931,
QQQ,991,0.00021684928797905694,
QQQ,992,0.00022705048549436345,
QQQ,993,0.00022289154907509422,
QQQ,994,0.0002724168914757386,
QQQ,995,0.0002465035318197782,
QQQ,996,0.00024352733708754505,
QQQ,997,0.0002545658242276656,
QQQ,998,0.0002045890501482132,
QQQ,999,0.0002572311428167548,
QQQ,1000,0.0002685790767551588,
QQQ,1001,0.00024773186442641565,
QQQ,1002,0.00023961778681495623,
QQQ,1003,0.0002616101925981208,
QQQ,1004,0.0002919807604162234,
QQQ,1005,0.00021505646727286768,
QQQ,1006,0.0001885823050309976,
QQQ,1007,0.00019909964742240174,
QQQ,1008,0.0002950226893041777,
QQQ,1009,0.0001719455881291342,
QQQ,1010,0.00020601925442434863,
QQQ,1011,0.0001968659675328653,
QQQ,1012,0.0001421156395722112,
QQQ,1013,0.00016437328908351312,
QQQ,1014,0.00017434431555892686,
QQQ,1015,0.0002155481594228462,
QQQ,1016,0.0002630152054537508,
QQQ,1017,0.00015665718352551503,
QQQ,1018,0.000190210482715933,
QQQ,1019,0.0002070469477687068,
QQQ,1020,6.741164255274862e-05,
QQQ,1021,6.76417206874867e-05,
QQQ,1022,7.486746508038233e-05,
QQQ,1023,7.539331657897593e-05,
QQQ,1024,7.049762465419066e-05,
QQQ,1025,0.00010184305111032034,
QQQ,1026,8.884542891309846e-05,
QQQ,1027,7.13426777346858e-05,
QQQ,1028,6.033226100864564e-05,
QQQ,1029,6.908755271058053e-05,
QQQ,1030,6.580580087747581e-05,
QQQ,1031,7.735847807281777e-05,
QQQ,1032,0.0001192263261895915,
QQQ,1033,7.105266707246253e-05,
QQQ,1034,0.00011919624522375289,
QQQ,1035,6.819958771022648e-05,
QQQ,1036,0.00010534404482258129,
QQQ,1037,7.643501878863991e-05,
QQQ,1038,0.0001243547177427932,
QQQ,1039,7.658833613247683e-05,
QQQ,1040,8.299772227789367e-05,
QQQ,1041,6.972975979196204e-05,
QQQ,1042,7.755047654594626e-05,
QQQ,1043,7.507339552480821e-05,
QQQ,1044,6.028356589982876e-05,
QQQ,1045,6.482250886505227e-05,
QQQ,1046,0.00011934504115043266,
QQQ,1047,7.392314958910285e-05,
QQQ,1048,6.780403428011486e-05,
QQQ,1049,4.988040542675852e-05,
QQQ,1050,5.019099511203673e-05,
QQQ,1051,5.078376280469336e-05,
QQQ,1052,3.710071948744681e-05,
QQQ,1053,4.612287733796729e-05,
QQQ,1054,4.699642991967007e-05,
QQQ,1055,8.038517678646826e-05,
QQQ,1056,4.5981098817646454e-05,
QQQ,1057,3.435828546240326e-05,
QQQ,1058,4.252614074471424e-05,
QQQ,1059,4.224620715196498e-05,
QQQ,1060,3.564769144976317e-05,
QQQ,1061,3.723035174755845e-05,
QQQ,1062,4.341878531126504e-05,
QQQ,1063,5.871450695166536e-05,
QQQ,1064,6.332950503486816e-05,
QQQ,1065,4.679998656429595e-05,
QQQ,1066,5.220371259236236e-05,
QQQ,1067,3.904967270263935e-05,
QQQ,1068,4.444401392340057e-05,
QQQ,1069,3.443813046137176e-05,
QQQ,1070,9.388364971153497e-05,
QQQ,1071,3.357637132588075e-05,
QQQ,1072,3.708082094749712e-05,
QQQ,1073,4.2089802529062203e-05,
QQQ,1074,3.0078554241613093e-05,
QQQ,1075,5.609154813311716e-05,
QQQ,1076,3.726960112816053e-05,
QQQ,1077,4.200761895426758e-05,
QQQ,1078,3.841331927087594e-05,
QQQ,1079,5.139313947970631e-05,
QQQ,1080,0.00036370675433397705,
QQQ,1081,0.00015408473879912813,
QQQ,1082,0.00011389225035949794,
QQQ,1083,9.967360287846927e-05,
QQQ,1084,0.00010244440685001365,
QQQ,1085,0.00011755867979503168,
QQQ,1086,0.0001420519036275542,
QQQ,1087,9.44032610449587e-05,
QQQ,1088,9.640289134646325e-05,
QQQ,1089,8.60871403474352e-05,
QQQ,1090,6.576112774073521e-05,
QQQ,1091,5.675070135664505e-05,
QQQ,1092,4.8918174776296566e-05,
QQQ,1093,5.924672835065826e-05,
QQQ,1094,9.026605925913778e-05,
QQQ,1095,5.0535979270486136e-05,
QQQ,1096,5.72177666348109e-05,
QQQ,1097,5.498724620417032e-05,
QQQ,1098,4.6903024369312776e-05,
QQQ,1099,6.352821825008392e-05,
QQQ,1100,5.0734054128023704e-05,
QQQ,1101,4.7660920498897315e-05,
QQQ,1102,4.133317699783981e-05,
QQQ,1103,4.674474969986955e-05,
QQQ,1104,4.180782940844814e-05,
QQQ,1105,5.516005882162203e-05,
QQQ,1106,4.3199151534256556e-05,
QQQ,1107,3.4126659526773924e-05,
QQQ,1108,4.188688701909247e-05,
QQQ,1109,4.214624221881917e-05,
QQQ,1110,5.478193292728479e-05,
QQQ,1111,4.47850122061865e-05,
QQQ,1112,5.466938269290555e-05,
QQQ,1113,4.22098232756804e-05,
QQQ,1114,5.561415786418181e-05,
QQQ,1115,4.171224913645488e-05,
QQQ,1116,4.18939252885565e-05,
QQQ,1117,3.867911107131972e-05,
QQQ,1118,3.848134536655023e-05,
QQQ,1119,5.11896189823375e-05,
QQQ,1120,4.04690659342366e-05,
QQQ,1121,4.2001513422286646e-05,
QQQ,1122,5.045868399660029e-05,
QQQ,1123,3.3804630197963696e-05,
QQQ,1124,4.2503714536910986e-05,
QQQ,1125,3.8918689907245355e-05,
QQQ,1126,4.1975187919302796e-05,
QQQ,1127,3.9951717587384754e-05,
QQQ,1128,4.264726712396166e-05,
QQQ,1129,4.0849888998938315e-05,
QQQ,1130,4.206925246753232e-05,
QQQ,1131,4.6198418680394784e-05,
QQQ,1132,6.049144691771835e-05,
QQQ,1133,4.363206786210556e-05,
QQQ,1134,4.451067095853549e-05,
QQQ,1135,3.969323864963394e-05,
QQQ,1136,3.9781779191639756e-05,
QQQ,1137,3.2745380748672586e-05,
QQQ,1138,3.4073841823390304e-05,
QQQ,1139,3.150748927866397e-05,
QQQ,1140,4.356850631417689e-05,
QQQ,1141,3.9845521537119415e-05,
QQQ,1142,4.060951836384787e-05,
QQQ,1143,4.3796673116139235e-05,
QQQ,1144,4.0988153475286016e-05,
QQQ,1145,3.9548428300084094e-05,
QQQ,1146,3.562452554937791e-05,
QQQ,1147,3.191691342285856e-05,
QQQ,1148,3.179461650846093e-05,
QQQ,1149,3.8288008968964524e-05,
QQQ,1150,4.0743591663698456e-05,
QQQ,1151,4.032292163220564e-05,
QQQ,1152,3.922183938821907e-05,
QQQ,1153,4.079781334237742e-05,
QQQ,1154,3.061687233316145e-05,
QQQ,1155,3.0140294907204992e-05,
QQQ,1156,3.767182257787679e-05,
QQQ,1157,3.584879495921698e-05,
QQQ,1158,3.905743063163807e-05,
QQQ,1159,3.8298325907032486e-05,
QQQ,1160,3.771177285290734e-05,
QQQ,1161,3.923302704793251e-05,
QQQ,1162,3.608421981288661e-05,
QQQ,1163,3.766326235065143e-05,
QQQ,1164,4.121159000755081e-05,
QQQ,1165,4.9451117626769624e-05,
QQQ,1166,4.801321570790926e-05,
QQQ,1167,3.854421511680233e-05,
QQQ,1168,3.588720082010055e-05,
QQQ,1169,3.733888256075861e-05,
QQQ,1170,4.0477247631005855e-05,
QQQ,1171,3.22227491325454e-05,
QQQ,1172,3.854606800710202e-05,
QQQ,1173,3.160654617259789e-05,
QQQ,1174,3.720597888599395e-05,
QQQ,1175,3.879035818237161e-05,
QQQ,1176,3.2445505822690386e-05,
QQQ,1177,3.909334923167718e-05,
QQQ,1178,3.346204352827655e-05,
QQQ,1179,3.53174823055073e-05,
QQQ,1180,3.3225561953839996e-05,
QQQ,1181,5.462297015110882e-05,
QQQ,1182,3.079257832976229e-05,
QQQ,1183,3.556430168134396e-05,
QQQ,1184,3.756176091328824e-05,
QQQ,1185,5.670327434927509e-05,
QQQ,1186,5.062474287519387e-05,
QQQ,1187,4.832168648140765e-05,
QQQ,1188,5.290506731533423e-05,
QQQ,1189,4.574209067711681e-05,
QQQ,1190,5.021550042824195e-05,
QQQ,1191,5.064347077607113e-05,
QQQ,1192,5.068918201216109e-05,
QQQ,1193,4.965779076309529e-05,
QQQ,1194,4.7716373723031636e-05,
QQQ,1195,5.087403652685668e-05,
QQQ,1196,4.979586335745744e-05,
QQQ,1197,5.712642720439191e-05,
QQQ,1198,6.96310698656195e-05,
QQQ,1199,0.00010260827399629789,
SPY,240,0.0001811496475550175,
SPY,241,0.0002912636903167158,
SPY,242,0.00015984210116689237,
SPY,243,0.00010560555466555897,
SPY,244,7.009677695058057e-05,
SPY,245,6.608162513002704e-05,
SPY,246,5.286202427154794e-05,
SPY,247,3.806135476638855e-05,
SPY,248,3.580523447331106e-05,
SPY,249,3.2433616438747e-05,
SPY,250,3.1041492483803585e-05,
SPY,251,2.543466350876374e-05,
SPY,252,2.7573217922428124e-05,
SPY,253,2.4765483149213475e-05,
SPY,254,2.2552501184825087e-05,
SPY,255,2.2435015045777176e-05,
SPY,256,2.45571310899053e-05,
SPY,257,2.2840646745101702e-05,
SPY,258,2.3436101473755645e-05,
SPY,259,2.0595536603959118e-05,
SPY,260,1.925318942462892e-05,
SPY,261,1.857582615738755e-05,
SPY,262,1.7893813008543608e-05,
SPY,263,2.1440136409215688e-05,
SPY,264,2.1786927720987157e-05,
SPY,265,5.004421244787527e-05,
SPY,266,1.6369957093900602e-05,
SPY,267,1.6254988087975047e-05,
SPY,268,1.825071140303279e-05,
SPY,269,1.9265928346890886e-05,
SPY,270,1.9678585256560595e-05,
SPY,271,1.8939717766636565e-05,
SPY,272,1.5698147950411475e-05,
SPY,273,1.7721916327464026e-05,
SPY,274,2.3539829159559622e-05,
SPY,275,1.727111945376073e-05,
SPY,276,2.141628003286965e-05,
SPY,277,1.4486025940649687e-05,
SPY,278,1.865966403064923e-05,
SPY,279,1.58577442199268e-05,
SPY,280,1.713713271327874e-05,
SPY,281,1.6965612737390497e-05,
SPY,282,1.5584567733767606e-05,
SPY,283,1.411315463092181e-05,
SPY,284,1.349127277782788e-05,
SPY,285,1.5777279658704443e-05,
SPY,286,1.6281527242138392e-05,
SPY,287,1.4487383971039999e-05,
SPY,288,2.748756895791567e-05,
SPY,289,1.7514095254882783e-05,
SPY,290,1.8971849839710508e-05,
SPY,291,1.4890098643861574e-05,
SPY,292,1.4947823204104644e-05,
SPY,293,1.6048267250127294e-05,
SPY,294,1.7015556474978445e-05,
SPY,295,1.618071490000878e-05,
SPY,296,1.6400838912175298e-05,
SPY,297,1.889411156419024e-05,
SPY,298,1.5541862804529004e-05,
SPY,299,1.2754862386334909e-05,
SPY,300,2.2986364896926883e-05,
SPY,301,1.9823745713213083e-05,
SPY,302,2.3895295835277374e-05,
SPY,303,1.8814209506082997e-05,
SPY,304,1.6859578537319497e-05,
SPY,305,2.138748040333466e-05,
SPY,306,1.9763136739786456e-05,
SPY,307,1.5143283244811226e-05,
SPY,308,1.783111816230733e-05,
SPY,309,1.4964866763291403e-05,
SPY,310,1.865619042777372e-05,
SPY,311,1.8088085863354926e-05,
SPY,312,1.3692800654798781e-05,
SPY,313,1.6013149893006075e-05,
SPY,314,1.4122512793526649e-05,
SPY,315,1.618617523658976e-05,
SPY,316,1.4115817832260646e-05,
SPY,317,1.5445197261280673e-05,
SPY,318,1.7198159588975563e-05,
SPY,319,1.4334299633023964e-05,
SPY,320,1.4130714746432476e-05,
SPY,321,1.545702214171782e-05,
SPY,322,1.638069441525443e-05,
SPY,323,1.45683468813367e-05,
SPY,324,1.468839043955188e-05,
SPY,325,1.596301598081147e-05,
SPY,326,1.4751001037348547e-05,
SPY,327,1.5299120287377237e-05,
SPY,328,1.5212922603438679e-05,
SPY,329,1.3850948883843674e-05,
SPY,330,2.1545273768300884e-05,
SPY,331,1.5583437126327912e-05,
SPY,332,1.4688195283550855e-05,
SPY,333,1.5735834676420707e-05,
SPY,334,1.707198029507137e-05,
SPY,335,1.3807950617764632e-05,
SPY,336,1.564562182312837e-05,
SPY,337,2.0680120123718693e-05,
SPY,338,1.3606842650163617e-05,
SPY,339,1.883320455058179e-05,
SPY,340,2.1266509665694725e-05,
SPY,341,2.117622097951855e-05,
SPY,342,1.1626006807566331e-05,
SPY,343,1.527434472245417e-05,
SPY,344,1.2489001350994297e-05,
SPY,345,1.3291175996099596e-05,
SPY,346,1.2796973898674592e-05,
SPY,347,1.2623008118792423e-05,
SPY,348,1.2914226709498175e-05,
SPY,349,1.3977994158822068e-05,
SPY,350,1.733192082676011e-05,
SPY,351,1.5600194019055226e-05,
SPY,352,1.9699839366497757e-05,
SPY,353,1.6868526727949806e-05,
SPY,354,1.7073373137363734e-05,
SPY,355,2.3953930771976856e-05,
SPY,356,1.8510948234093707e-05,
SPY,357,1.5431928425121273e-05,
SPY,358,1.6926867189981218e-05,
SPY,359,1.5667128241941227e-05,
SPY,360,2.7442761606072536e-05,
SPY,361,2.6050573119085724e-05,
SPY,362,1.9449275310966312e-05,
SPY,363,2.691250253899428e-05,
SPY,364,2.100954466335652e-05,
SPY,365,1.773314525762486e-05,
SPY,366,2.2073332310357034e-05,
SPY,367,1.67038094463632e-05,
SPY,368,2.1154384105152996e-05,
SPY,369,2.3921855099611606e-05,
SPY,370,1.965734674581098e-05,
SPY,371,1.6200012595061974e-05,
SPY,372,1.997434858927334e-05,
SPY,373,1.5428124168872374e-05,
SPY,374,1.7814506025484856e-05,
SPY,375,1.9499768667852992e-05,
SPY,376,2.442036243152037e-05,
SPY,377,1.7995275081730248e-05,
SPY,378,2.4391922882460686e-05,
SPY,379,1.9145634360006585e-05,
SPY,380,3.381231913542602e-05,
SPY,381,1.876834912256293e-05,
SPY,382,2.326313389338092e-05,
SPY,383,2.2167128595363412e-05,
SPY,384,1.859678675394508e-05,
SPY,385,3.1011433328318396e-05,
SPY,386,2.7869740678885172e-05,
SPY,387,2.235926222203961e-05,
SPY,388,2.0610572024184453e-05,
SPY,389,2.047981678338563e-05,
SPY,390,3.551689237361692e-05,
SPY,391,2.9439416783172808e-05,
SPY,392,2.991283130085105e-05,
SPY,393,2.1962626454278166e-05,
SPY,394,3.0330954812446277e-05,
SPY,395,3.197972921356675e-05,
SPY,396,2.9057299394781997e-05,
SPY,397,3.3286983241883447e-05,
SPY,398,2.5794095990299433e-05,
SPY,399,2.3260885781425277e-05,
SPY,400,2.970154085729029e-05,
SPY,401,2.6480848299200027e-05,
SPY,402,2.5961689981802915e-05,
SPY,403,3.3263245980821456e-05,
SPY,404,3.023233509100282e-05,
SPY,405,3.2610420571138646e-05,
SPY,406,3.74516037629454e-05,
SPY,407,2.7160736123190436e-05,
SPY,408,2.999524914314103e-05,
SPY,409,3.312943276770392e-05,
SPY,410,3.374984735683554e-05,
SPY,411,3.040068799564368e-05,
SPY,412,2.647807840908291e-05,
SPY,413,2.847623809278497e-05,
SPY,414,2.651388230631068e-05,
SPY,415,3.3855950826401656e-05,
SPY,416,3.449769101780376e-05,
SPY,417,2.5774247940318268e-05,
SPY,418,3.243200630207126e-05,
SPY,419,4.323909802427712e-05,
SPY,420,0.00014063254807073714,
SPY,421,9.141775701703904e-05,
SPY,422,8.125818924076434e-05,
SPY,423,7.70020001490955e-05,
SPY,424,7.156718598092203e-05,
SPY,425,0.0001045742883427529,
SPY,426,9.17993821488743e-05,
SPY,427,7.8146066739175e-05,
SPY,428,7.068447298595038e-05,
SPY,429,9.459003877158466e-05,
SPY,430,7.672304876813846e-05,
SPY,431,7.654676153952436e-05,
SPY,432,7.472348123205954e-05,
SPY,433,7.17122001556647e-05,
SPY,434,7.448971451143061e-05,
SPY,435,8.679369017368155e-05,
SPY,436,6.861999994952924e-05,
SPY,437,8.46499783957703e-05,
SPY,438,6.389849294913327e-05,
SPY,439,6.593926308309579e-05,
SPY,440,6.517009917206843e-05,
SPY,441,6.997383336703932e-05,
SPY,442,6.851895377358235e-05,
SPY,443,6.50035006611188e-05,
SPY,444,6.730678769942551e-05,
SPY,445,6.62241279229711e-05,
SPY,446,8.394984033979161e-05,
SPY,447,7.98973429010718e-05,
SPY,448,6.802580559659606e-05,
SPY,449,7.423840240683659e-05,
SPY,450,9.631787727179462e-05,
SPY,451,9.410060528270225e-05,
SPY,452,7.859198725207707e-05,
SPY,453,7.580181473825721e-05,
SPY,454,7.29160702593459e-05,
SPY,455,7.280846873494608e-05,
SPY,456,8.190066478424772e-05,
SPY,457,7.133484188250885e-05,
SPY,458,6.826935454873054e-05,
SPY,459,6.285400726524154e-05,
SPY,460,6.541547357495399e-05,
SPY,461,6.752977106928165e-05,
SPY,462,6.369859225383086e-05,
SPY,463,9.274723160620937e-05,
SPY,464,6.955827219874068e-05,
SPY,465,6.84052974588815e-05,
SPY,466,6.879349644990249e-05,
SPY,467,7.750238409082392e-05,
SPY,468,8.635609344220646e-05,
SPY,469,8.488710588308361e-05,
SPY,470,9.388737323611304e-05,
SPY,471,8.991919017669544e-05,
SPY,472,6.475338527218284e-05,
SPY,473,7.108676545630987e-05,
SPY,474,6.688236388352565e-05,
SPY,475,8.428602763262034e-05,
SPY,476,7.355091003400983e-05,
SPY,477,8.066951518289542e-05,
SPY,478,8.391358184062113e-05,
SPY,479,6.959707028431602e-05,
SPY,480,0.000559321588884281,
SPY,481,0.0002354352146791698,
SPY,482,0.0002223501624249034,
SPY,483,0.000120046950068359,
SPY,484,9.862286646331279e-05,
SPY,485,0.0001084551532428712,
SPY,486,0.00010716720935153719,
SPY,487,0.00010081873979947307,
SPY,488,8.818156508796573e-05,
SPY,489,0.00010200278229440379,
SPY,490,0.00010978387856242851,
SPY,491,9.69361755055076e-05,
SPY,492,9.484333940604149e-05,
SPY,493,0.00012831354876173063,
SPY,494,0.00011157375608085789,
SPY,495,0.00011964047185397279,
SPY,496,0.00011124590547533804,
SPY,497,9.985038495117758e-05,
SPY,498,0.00010364105250524555,
SPY,499,9.726571925219192e-05,
SPY,500,0.00012166337043055386,
SPY,501,0.00012885158175405953,
SPY,502,0.00014865573729965582,
SPY,503,0.00011622626008355603,
SPY,504,9.834294393266658e-05,
SPY,505,0.00012276617115947823,
SPY,506,0.00013002860341496963,
SPY,507,0.00012032501312517586,
SPY,508,0.00011794783420173079,
SPY,509,0.0001243904128282965,
SPY,510,0.00042313022491946844,
SPY,511,0.00026545491379431093,
SPY,512,0.00023274276741371878,
SPY,513,0.00021943008014652153,
SPY,514,0.00020527690003508474,
SPY,515,0.00019067669921659573,
SPY,516,0.00016723600096040273,
SPY,517,0.00017118092954635045,
SPY,518,0.00017686331306841042,
SPY,519,0.00016412230665132472,
SPY,520,0.00013928059784063115,
SPY,521,0.0001431108281621058,
SPY,522,0.00016371251102763605,
SPY,523,0.0001376525675539356,
SPY,524,0.000141695759490556,
SPY,525,0.00018503164269012315,
SPY,526,0.00017132934206750113,
SPY,527,0.0001412888730907731,
SPY,528,0.00014274318010695441,
SPY,529,0.00013327555919548346,
SPY,530,0.00014741283598090451,
SPY,531,0.00012842958859005595,
SPY,532,0.00014006228384482816,
SPY,533,0.0001222071367653778,
SPY,534,0.00012912908313542453,
SPY,535,0.0001424480105322065,
SPY,536,0.0001351015615260993,
SPY,537,0.00011412060637369047,
SPY,538,0.00012284266036319066,
SPY,539,0.00013741259551497526,
SPY,540,0.00018558132411410866,
SPY,541,0.0001592485606002704,
SPY,542,0.00012817047165793698,
SPY,543,0.0001435841133503295,
SPY,544,0.00014294006424828587,
SPY,545,0.00014693536755499797,
SPY,546,0.00013759745042476573,
SPY,547,0.0001196125046162874,
SPY,548,0.00013809734309637553,
SPY,549,0.00013807637064734132,
SPY,550,0.0001374393217468241,
SPY,551,0.00011983639370857005,
SPY,552,0.0001362716325282922,
SPY,553,0.00011352590718375984,
SPY,554,0.00013591210802330414,
SPY,555,0.0001183875730413006,
SPY,556,0.00011390739081639213,
SPY,557,0.00011246602598401608,
SPY,558,0.0001247446719411725,
SPY,559,0.00014223549181248266,
SPY,560,0.00016195121354886923,
SPY,561,0.00012798653073360522,
SPY,562,0.0001241926555416742,
SPY,563,0.00013884387549413114,
SPY,564,0.00014683704166550238,
SPY,565,0.00022101549023778813,
SPY,566,0.00017998062677619767,
SPY,567,0.0003054475666018096,
SPY,568,0.00032303986325921927,
SPY,569,0.000472392546688561,
SPY,570,0.011077642253588023,0.012826429023760683
SPY,571,0.00534631173810455,0.006168499170744562
SPY,572,0.004476480133240771,0.005163521322718476
SPY,573,0.0038240758491625516,0.00441093205589652
SPY,574,0.0037662576671165216,0.004347057638245492
SPY,575,0.004362614638485573,0.005032532436864811
SPY,576,0.003893923512335554,0.004489420860781179
SPY,577,0.0033643056885875235,0.0038753222925995575
SPY,578,0.003222044993145137,0.003707378744238494
SPY,579,0.0032151088206102832,0.003699375388681056
SPY,580,0.0037883740571498176,0.004377499352971887
SPY,581,0.003076087537040855,0.0035451711147857718
SPY,582,0.003181301636495376,0.0036637776561695068
SPY,583,0.0031707312417325216,0.0036493857764936578
SPY,584,0.002916022094122924,0.003357580668795391
SPY,585,0.003986916597228517,0.004597179491018796
SPY,586,0.0033544789531956207,0.003862767796095039
SPY,587,0.003163009833118772,0.003649190098571764
SPY,588,0.0030717033319055853,0.0035455235904858404
SPY,589,0.0033071820341484142,0.0038146464203505227
SPY,590,0.003476020347025287,0.004008641423072386
SPY,591,0.0031083853808362046,0.0035841772957483937
SPY,592,0.002949593733560708,0.003394638375880083
SPY,593,0.0027116800601447535,0.003122706093423541
SPY,594,0.002607126442123166,0.0030075477912757144
SPY,595,0.0027783606021692503,0.0031996750030584154
SPY,596,0.0026465253086351633,0.0030505150943591977
SPY,597,0.0024936476900262743,0.0028688525521029557
SPY,598,0.0024556806422381533,0.0028374065711246977
SPY,599,0.002568345658324916,0.0029579970162769047
SPY,600,0.0037577418987750667,0.004332326333694292
SPY,601,0.002953583629834435,0.0033960912370142662
SPY,602,0.0029329444087918773,0.003373367480315679
SPY,603,0.0027802909410629606,0.0032160725387203348
SPY,604,0.002429930510719762,0.002797941401683203
SPY,605,0.002760780772678085,0.003177598966299603
SPY,606,0.0026399696168343144,0.003040271059421854
SPY,607,0.0025355699015800377,0.0029239298215544217
SPY,608,0.0024958875233646164,0.0028872307179574888
SPY,609,0.0022873704109764178,0.0026331157709058766
SPY,610,0.0026971387037466334,0.0031106163034673013
SPY,611,0.0025172396090288665,0.0029023943613016826
SPY,612,0.0025588294373047387,0.002948429223263786
SPY,613,0.0024499985932164648,0.0028318593091995973
SPY,614,0.0023511732188331923,0.002709607489639809
SPY,615,0.0026396202046290837,0.003043910472128606
SPY,616,0.0026918445222199293,0.0031088964870136034
SPY,617,0.002454485204437892,0.002823873685684193
SPY,618,0.0023294895366517674,0.0026855953757006054
SPY,619,0.0023668165850537653,0.0027236230247600357
SPY,620,0.0025454574597333396,0.0029379827014147635
SPY,621,0.002390513982904378,0.002762258731704313
SPY,622,0.002348834254199281,0.0027135871066018558
SPY,623,0.002201633139947729,0.0025365557879751793
SPY,624,0.002326582779128805,0.0026760561721159955
SPY,625,0.002492421333828999,0.0028715072936282126
SPY,626,0.002331575190235531,0.0026762970841821597
SPY,627,0.0025204994951956387,0.002902804365974707
SPY,628,0.0024400893539190584,0.0028103398427284107
SPY,629,0.0021942388366848133,0.002534614470370262
SPY,630,0.00272410669355219,0.003132457740660996
SPY,631,0.0024359197826763867,0.0028103403947543626
SPY,632,0.002259815944166661,0.002608174106842707
SPY,633,0.002369953587998815,0.0027354534145883503
SPY,634,0.002232967022092928,0.0025708089064805264
SPY,635,0.0024654337368459653,0.0028347099488533535
SPY,636,0.0023496707439075795,0.0027013236167975512
SPY,637,0.002151125867067556,0.002478577330535099
SPY,638,0.002149708795765728,0.0024680614234479934
SPY,639,0.00213195853937428,0.0024526085606340737
SPY,640,0.002213592425995136,0.002539096925871802
SPY,641,0.0020239679581988326,0.002329678411168118
SPY,642,0.002008875494214497,0.002317815262068203
SPY,643,0.0019357419584958978,0.002226050809554154
SPY,644,0.0022593473513545102,0.0026062025496557018
SPY,645,0.0022492412552195724,0.0025971094678416584
SPY,646,0.0021366945796550364,0.0024604196310933383
SPY,647,0.002041870040808939,0.0023553805873619987
SPY,648,0.0019688236868459353,0.0022745493868591917
SPY,649,0.0021650095831038337,0.002492492062906226
SPY,650,0.002130887036158157,0.0024509607308588455
SPY,651,0.002418439000353545,0.0028171661223830996
SPY,652,0.0020349735204477867,0.0023502054301294734
SPY,653,0.001961480986603918,0.0022795674407985397
SPY,654,0.001911191019149949,0.0022095582380246078
SPY,655,0.002088464598630839,0.0024069360565652166
SPY,656,0.002182842365884159,0.0025207889599785727
SPY,657,0.0019634163343590126,0.0022637204309487024
SPY,658,0.0019927905824301206,0.0022953316219441453
SPY,659,0.002067433091806178,0.002381681106928261
SPY,660,0.0027125621495417526,0.0031151312918965175
SPY,661,0.0020453597867400412,0.002351833878321204
SPY,662,0.0024571526591528215,0.002827150095612058
SPY,663,0.00201122922552218,0.0023114557509025177
SPY,664,0.001966181647715175,0.0022615730575616553
SPY,665,0.0021744151827965998,0.0025069376251460503
SPY,666,0.002176470276872528,0.00250839777838519
SPY,667,0.00204796340161401,0.0023622733563169723
SPY,668,0.0018173279914023533,0.002096364460006116
SPY,669,0.0019043896376509193,0.0022033577509273893
SPY,670,0.0020099127987968294,0.0023170839691546903
SPY,671,0.0017996042723397105,0.0020723367179023627
SPY,672,0.0017988999317189423,0.0020729605409962578
SPY,673,0.0018622505287608914,0.002142658599136814
SPY,674,0.0016871502105642079,0.0019451034516622225
SPY,675,0.0021154407615790616,0.0024398373260938458
SPY,676,0.0025167716176864793,0.0028924373224212354
SPY,677,0.0020338232348860183,0.0023381168132147385
SPY,678,0.001836352433846336,0.0021184394807507567
SPY,679,0.0019608065198360126,0.002253179580770743
SPY,680,0.0019604364266841974,0.002262033610500561
SPY,681,0.0017914651390608652,0.002060275304772343
SPY,682,0.0018053193675110551,0.0020850845982455955
SPY,683,0.0021494441555562783,0.0024724609804129593
SPY,684,0.002028783792647193,0.002329891840264095
SPY,685,0.0021407610038406038,0.0024665644512617815
SPY,686,0.0019395092663140657,0.0022339082883307904
SPY,687,0.0017426379097013305,0.0020075674844690175
SPY,688,0.0017138381969929875,0.001976750886747139
SPY,689,0.0017871948712680104,0.002064372745174545
SPY,690,0.0021718663521192987,0.002499445723526077
SPY,691,0.0018837990419561532,0.002164680408953814
SPY,692,0.0018076425298873765,0.0020867834554064734
SPY,693,0.0018005068969383748,0.0020834051056335652
SPY,694,0.002069448948422466,0.0023645951845481677
SPY,695,0.0018733069487057142,0.0021643474550851263
SPY,696,0.0017034287046190262,0.0019674286383527403
SPY,697,0.00179610269352275,0.002066485031855966
SPY,698,0.001612816220040405,0.001851390447091065
SPY,699,0.0015924094342633021,0.0018320751172821012
SPY,700,0.0017052214605266496,0.0019610138265148537
SPY,701,0.001725606304485229,0.0019942459710400894
SPY,702,0.0017348025879297606,0.002011168093246289
SPY,703,0.0015467134095269134,0.0017806210146475187
SPY,704,0.00197899942211349,0.0023141295045319547
SPY,705,0.0019702332512084907,0.0022855756473418023
SPY,706,0.001714606259197186,0.0019743009367738486
SPY,707,0.001625947806763774,0.001870956347178564
SPY,708,0.0017034396652169741,0.0019661567975428813
SPY,709,0.0015269581347874845,0.0017611178756457716
SPY,710,0.0018705889193879278,0.0021677641710615065
SPY,711,0.0017951354611168958,0.002075915409336064
SPY,712,0.001588206588935514,0.0018290815357105345
SPY,713,0.0015757586596489345,0.001814767016074717
SPY,714,0.001499977201233514,0.0017328463461879387
SPY,715,0.0016779313552320414,0.0019348196028035989
SPY,716,0.0020235688332115604,0.0023281588885146424
SPY,717,0.0016203244750099455,0.001869271920104548
SPY,718,0.0014686926550791849,0.0016915781622403442
SPY,719,0.001454466833486319,0.0016748751876883294
SPY,720,0.0019238289817501873,0.0022191445485124977
SPY,721,0.001658820710600472,0.0019142657693703346
SPY,722,0.001695447911308722,0.0019612132290457818
SPY,723,0.0016160222326364639,0.001868675272898178
SPY,724,0.0015056940767010699,0.0017373396823204352
SPY,725,0.0015277759425659948,0.0017594225031160279
SPY,726,0.0016144085641834841,0.001863256254477613
SPY,727,0.001458002627637337,0.0016792539188154815
SPY,728,0.0013781976532948885,0.0015878917026755977
SPY,729,0.0015420322060615283,0.0017916367144778997
SPY,730,0.0014622980538115957,0.0016836338711272646
SPY,731,0.0014414479365307935,0.0016629692837598579
SPY,732,0.001422333651620514,0.001639510399669257
SPY,733,0.0013340776360035844,0.0015373979450420269
SPY,734,0.001303043072020809,0.0015031779667464276
SPY,735,0.0015334321557353735,0.0017787121683570221
SPY,736,0.0015772775328192757,0.0018151475324658742
SPY,737,0.0017781438274888997,0.002061645861871771
SPY,738,0.0015951489100497654,0.0018446171981744142
SPY,739,0.001428895260835004,0.0016482784405921793
SPY,740,0.001548933369343759,0.0017870093632002457
SPY,741,0.0017908677767860697,0.0020475234038179434
SPY,742,0.0015233148706488343,0.0017462007164157358
SPY,743,0.0014516452994059834,0.0016754624941853096
SPY,744,0.001423631115562954,0.001643686035701994
SPY,745,0.001947076669141034,0.002246178045927084
SPY,746,0.0014956703159245035,0.0017195085088766411
SPY,747,0.001427746131800721,0.0016432267208646824
SPY,748,0.0015461229540897252,0.001785385855251581
SPY,749,0.0013088824404104893,0.001514338056779908
SPY,750,0.001985792824932928,0.002288471905705594
SPY,751,0.001621100009401142,0.0018671686475016745
SPY,752,0.001506887409287841,0.0017384271106523925
SPY,753,0.0015120521005019228,0.0017425343174897001
SPY,754,0.0014935528085873182,0.0017247000867155135
SPY,755,0.001451945708192106,0.001674041005293449
SPY,756,0.001374531700288731,0.001581338439684366
SPY,757,0.0013377459052131468,0.001541242536055271
SPY,758,0.0014163133882458235,0.0016326670364561538
SPY,759,0.0012933956978558787,0.0014962188928341318
SPY,760,0.001399767091827274,0.001614438717849402
SPY,761,0.001400367825602972,0.0016202623597683693
SPY,762,0.001367163597380649,0.0015744163330845707
SPY,763,0.001300085647857378,0.0014970940185794989
SPY,764,0.0013298044207099217,0.0015385143661566752
SPY,765,0.001655059211273387,0.0019013425142202702
SPY,766,0.0013713386166801138,0.0015834990175698843
SPY,767,0.001279221451438375,0.0014751970071414154
SPY,768,0.001343334618187992,0.001543836500663392
SPY,769,0.0013441437204447947,0.0015515771049054686
SPY,770,0.0014483802488248609,0.0016663749947070827
SPY,771,0.001301988086721717,0.0015009125448952447
SPY,772,0.001406615932780137,0.0016173739218281755
SPY,773,0.001497378695232444,0.0017190823680518785
SPY,774,0.0014165045825690473,0.0016245974052189588
SPY,775,0.0013589855205966943,0.001573531097801406
SPY,776,0.0015264397722393594,0.0017821955440551528
SPY,777,0.0012561964600605827,0.0014503751830025823
SPY,778,0.001278413223813568,0.0014772038997572208
SPY,779,0.0013282711586771639,0.0015336776079747636
SPY,780,0.0016808280384958366,0.001937992503572654
SPY,781,0.0014422053939723855,0.0016607508397632376
SPY,782,0.001561404782184993,0.0018030415627066868
SPY,783,0.0015593380889380036,0.001807169081588076
SPY,784,0.0013606619436571348,0.00157962717511189
SPY,785,0.0015672771802423841,0.001811599762335371
SPY,786,0.001463342668504402,0.001686538772582908
SPY,787,0.0014805939362493082,0.0017225397830888576
SPY,788,0.0014188829401526935,0.001636788973692097
SPY,789,0.001371715353249676,0.0015788071825248787
SPY,790,0.0014770814717330696,0.0017059740096479262
SPY,791,0.0014416343924410322,0.001660434368700961
SPY,792,0.0014336269893381274,0.0016519912864418852
SPY,793,0.001420261212261914,0.0016334825030178534
SPY,794,0.0013183639905167458,0.0015246972286792708
SPY,795,0.001564510750827389,0.0018038071972016386
SPY,796,0.0013462075763439987,0.0015511393429092364
SPY,797,0.0014004274193763107,0.0016089783394422315
SPY,798,0.0013021340016966974,0.0015003340302911017
SPY,799,0.0013485427114095835,0.001560964505238393
SPY,800,0.0015760949403954645,0.0018182783751383253
SPY,801,0.0014310882646189748,0.001648757915991091
SPY,802,0.001692213564075609,0.0019430471386684967
SPY,803,0.0012785253036235176,0.0014723805552076747
SPY,804,0.0012619972824607368,0.0014567529027781012
SPY,805,0.001446070502908877,0.001670637628445591
SPY,806,0.0013158611715604822,0.001513450228599017
SPY,807,0.0013712828009781201,0.0015781060116670065
SPY,808,0.001344294484208111,0.001553967929010555
SPY,809,0.0014405598523970914,0.0016623676408081807
SPY,810,0.0017223804393342254,0.0019878078134075534
SPY,811,0.0013745675576994582,0.001589627739767503
SPY,812,0.001284806602962111,0.0014854464337481692
SPY,813,0.0014473411217980356,0.00167760175342251
SPY,814,0.0012959978440595396,0.001492024596035454
SPY,815,0.0015745748685136987,0.0018075453867287179
SPY,816,0.0013922237019138597,0.0016027097395215342
SPY,817,0.0013297744202205159,0.0015376957207628066
SPY,818,0.0013674305888637008,0.001579421226107981
SPY,819,0.0012425251868521492,0.0014327243866630176
SPY,820,0.0014899931130983612,0.0017154702254995424
SPY,821,0.0014578935968888771,0.0016876827747754274
SPY,822,0.0015784793463470641,0.0018206282851687878
SPY,823,0.001419997581732914,0.0016352683896506753
SPY,824,0.0012356434581661901,0.001428586105666124
SPY,825,0.0014426146646327857,0.0016590146716114324
SPY,826,0.0013333871872699063,0.0015390144096919436
SPY,827,0.0013617807359181109,0.0015656717573653259
SPY,828,0.0013362152377011396,0.0015368216170739408
SPY,829,0.0012251665180636772,0.0014093970017890034
SPY,830,0.0014107863441694115,0.0016200529555720957
SPY,831,0.001383400165888339,0.001594611265787831
SPY,832,0.001383920330641561,0.0015944486572756066
SPY,833,0.0013065096609993936,0.0015000403320686248
SPY,834,0.0013015265433049836,0.0015010580775533387
SPY,835,0.0014797178582525656,0.0017026104645359909
SPY,836,0.0013090934955847064,0.0015067579669245201
SPY,837,0.0013184164276269959,0.0015227545871723213
SPY,838,0.0012952015507914966,0.0014946137669111298
SPY,839,0.0012656921762702615,0.001452969393903903
SPY,840,0.0022398650329185257,0.002598941597546812
SPY,841,0.0018687752365646308,0.0021575790094311657
SPY,842,0.0018066077911286721,0.002084409370081721
SPY,843,0.0019882038899952797,0.00229881760083797
SPY,844,0.0019071611057728194,0.002203478754742742
SPY,845,0.002018960409105873,0.0023358442061946123
SPY,846,0.0016280719491378252,0.0018823859239822088
SPY,847,0.0016324849849694476,0.0018916962683273898
SPY,848,0.0014446981542848797,0.0016645523286205326
SPY,849,0.0013119368975036177,0.001512013659652729
SPY,850,0.0016409966753364491,0.0018875505730695458
SPY,851,0.001616155259565967,0.0018678917320488345
SPY,852,0.0014325321385642957,0.0016439773969032425
SPY,853,0.0015048405256753393,0.0017350979578163723
SPY,854,0.0014971813783180555,0.0017236426944353441
SPY,855,0.0017172586666369556,0.0019791468972329817
SPY,856,0.001772457277705563,0.0020481324156947393
SPY,857,0.0015028205406662461,0.001734848397356257
SPY,858,0.0016164445958131417,0.0018631056352261806
SPY,859,0.001498796963285746,0.001730278179716154
SPY,860,0.0015804663553305822,0.0018259214222971902
SPY,861,0.0015956081765077959,0.0018400918166914682
SPY,862,0.0015587525689215271,0.0017935677436382539
SPY,863,0.0014428125073262157,0.0016637305184521996
SPY,864,0.0014161722255146014,0.0016394655815425777
SPY,865,0.001619554446325635,0.0018763276214601155
SPY,866,0.0015547721133109252,0.0017995676550421685
SPY,867,0.001493282615536036,0.0017232876983571835
SPY,868,0.0015479188102229897,0.0017886097350834017
SPY,869,0.0014540352415570005,0.0016729952287675846
SPY,870,0.0019243551170187,0.0022162624048666134
SPY,871,0.0018193222338337642,0.002093539726538824
SPY,872,0.00165269819161109,0.0019142055528338251
SPY,873,0.00157053180225638,0.001813285575345713
SPY,874,0.001918950974542591,0.0022363164621167072
SPY,875,0.001826045108339265,0.0021037641836114123
SPY,876,0.0017826852391738357,0.002058995933642173
SPY,877,0.0016693536445077342,0.0019328682683585278
SPY,878,0.0015859885730094448,0.0018325618996078705
SPY,879,0.0016713111825370024,0.001936052853200319
SPY,880,0.0018195155658150114,0.0021025192930425613
SPY,881,0.0017857308665314641,0.0020555255599376326
SPY,882,0.001688068847751007,0.0019463596138826187
SPY,883,0.0016586148616536467,0.0019062102872237734
SPY,884,0.0016505907828324414,0.001908707850652499
SPY,885,0.0017221214646128435,0.001991921566849584
SPY,886,0.0017714169462171119,0.0020575215317322013
SPY,887,0.0016552538887544654,0.0019272658667101818
SPY,888,0.001587958946167244,0.001838751115502294
SPY,889,0.0016509201600056669,0.0019113781553887115
SPY,890,0.0018236178715261627,0.0021068022959665035
SPY,891,0.0016156214691743882,0.0018706744895543594
SPY,892,0.00165727006728206,0.001916272976266794
SPY,893,0.0017894874860280244,0.0020740783409262755
SPY,894,0.0020661124244107446,0.002366720010279151
SPY,895,0.0018186852609313928,0.0021021604950740565
SPY,896,0.0018512784594237875,0.0021405689685182515
SPY,897,0.0016829786588439249,0.0019391551034186917
SPY,898,0.0016885582309173076,0.0019475626654790847
SPY,899,0.0016970010895710284,0.0019540381891410396
SPY,900,0.0025397048719926277,0.002930746313302257
SPY,901,0.0020063104794804604,0.002317191096322693
SPY,902,0.0020091277677576516,0.002320953818896651
SPY,903,0.0019023119040359436,0.0021999518775955907
SPY,904,0.0019849769398133897,0.002300300948647376
SPY,905,0.0017964393956555092,0.0020726769655190977
SPY,906,0.002038713753806786,0.0023550539170597196
SPY,907,0.0019721361050581217,0.002278126941024667
SPY,908,0.001935036577463832,0.0022342026505013787
SPY,909,0.0019608554659176184,0.0022656249448889435
SPY,910,0.00205421486102523,0.002376085354896942
SPY,911,0.002046944765227145,0.0023687559441257664
SPY,912,0.002139698097587244,0.0024736675866322976
SPY,913,0.002069376428888779,0.0023846357407006848
SPY,914,0.0019480721213023687,0.002255253848322985
SPY,915,0.0022384745356993853,0.0025880505066719186
SPY,916,0.0022613897585918863,0.0026156581185834663
SPY,917,0.0021398221927183486,0.0024719837564157747
SPY,918,0.0021940451660579538,0.002538147208993446
SPY,919,0.0021738976994191933,0.002507352046229374
SPY,920,0.0024276459039294907,0.0028198810889763803
SPY,921,0.00231993546509242,0.0026896314051757532
SPY,922,0.002125138678032759,0.00245688098034562
SPY,923,0.0023547451491497447,0.00272425318192107
SPY,924,0.0020680288733000442,0.002396544564863049
SPY,925,0.0022525112138689165,0.0026050525488262727
SPY,926,0.0022101268241325493,0.0025594189138192958
SPY,927,0.0023179824185082265,0.0026924953114874817
SPY,928,0.0022480312486406816,0.0025978079490320896
SPY,929,0.0022948794528871276,0.0026567517334250565
SPY,930,0.002992872127818813,0.00346205971158192
SPY,931,0.0026317968089496443,0.003037624869095027
SPY,932,0.00262168091816346,0.003038476525748859
SPY,933,0.00246935247830432,0.0028589290234686112
SPY,934,0.002584774163521518,0.0029953367191468843
SPY,935,0.0031842455659587795,0.003695698205261518
SPY,936,0.0030004459874689213,0.0034749312135810414
SPY,937,0.0027954698220155096,0.003227304928431411
SPY,938,0.002806053779407366,0.0032518910460276234
SPY,939,0.002664335602556157,0.003088826892766938
SPY,940,0.0032109094992304006,0.0037217275957967286
SPY,941,0.00291091420999538,0.0033737214377052905
SPY,942,0.0029025417650214726,0.0033710117315294916
SPY,943,0.002953691020540736,0.0034191026053822854
SPY,944,0.0031755211280348563,0.0036754440793582547
SPY,945,0.004136026687100417,0.004784764009707679
SPY,946,0.0040059350907978965,0.004656097083336084
SPY,947,0.004045587811604096,0.004688943769748369
SPY,948,0.004188885417630722,0.004852306319599143
SPY,949,0.004548872069680789,0.005281867239014883
SPY,950,0.008216517684467057,0.0095247852567985
SPY,951,0.006062450919433013,0.007059999770086378
SPY,952,0.0055383485362868225,0.006459512130545382
SPY,953,0.005425157993766932,0.006315740471447664
SPY,954,0.006967513481663401,0.008111287029506038
SPY,955,0.009132804317927195,0.010627253789830263
SPY,956,0.0076879591036995735,0.00892143418715547
SPY,957,0.00910528388593176,0.010590200578100796
SPY,958,0.013434992849354207,0.01564762027031812
SPY,959,0.030957079866729603,0.03605558789480427
SPY,960,0.005369465410904598,
SPY,961,0.002846132810182554,
SPY,962,0.0027973423614074317,
SPY,963,0.0018677377520417995,
SPY,964,0.0017475081813769072,
SPY,965,0.0021596631080138275,
SPY,966,0.002607374300502764,
SPY,967,0.0028423509097714916,
SPY,968,0.002727387242830344,
SPY,969,0.0024231603300098738,
SPY,970,0.005721308758516103,
SPY,971,0.01426025693499231,
SPY,972,0.014081802958716862,
SPY,973,0.009120211759227915,
SPY,974,0.004500274900889531,
SPY,975,0.0034556658788398925,
SPY,976,0.0022924913158075227,
SPY,977,0.002051702630689847,
SPY,978,0.0015318093691219304,
SPY,979,0.0015547348209623468,
SPY,980,0.0017684581057152628,
SPY,981,0.0014132827354969137,
SPY,982,0.00034069256316677344,
SPY,983,0.0007599844313035694,
SPY,984,0.000851567042904222,
SPY,985,0.0005850961495750212,
SPY,986,0.0004995419154874321,
SPY,987,0.00039630292279859845,
SPY,988,0.0005441866710250569,
SPY,989,0.000293354925542138,
SPY,990,0.0003604605696118086,
SPY,991,0.00030063216318831383,
SPY,992,0.0003748422932782821,
SPY,993,0.0005098634146435187,
SPY,994,0.00041905694927357333,
SPY,995,0.000797332368704669,
SPY,996,0.0002971129030869472,
SPY,997,0.0001861401159801265,
SPY,998,0.0002124058849158279,
SPY,999,0.0001745585351636791,
SPY,1000,0.0002948862422922693,
SPY,1001,0.0002515406336470941,
SPY,1002,0.00032844722501412555,
SPY,1003,0.00024115792843243898,
SPY,1004,0.0003295215971123341,
SPY,1005,0.00014300105531276795,
SPY,1006,0.0001882610757621522,
SPY,1007,0.0001785645905392992,
SPY,1008,0.000187103725360349,
SPY,1009,0.0002625968944411487,
SPY,1010,0.0001342777975259975,
SPY,1011,0.0001798982057760859,
SPY,1012,0.00019318485050306538,
SPY,1013,0.00014252821523593834,
SPY,1014,0.00015889024453747197,
SPY,1015,0.00021642302521373915,
SPY,1016,0.00017027337389978415,
SPY,1017,0.000383921642548525,
SPY,1018,0.0002842760228151032,
SPY,1019,0.00037370777758094243,
SPY,1020,0.0002077667346908827,
SPY,1021,7.204799920608922e-05,
SPY,1022,0.00028039443004760603,
SPY,1023,7.386961880343079e-05,
SPY,1024,0.0001530980851132286,
SPY,1025,0.00016710370705251052,
SPY,1026,0.00011563475311717203,
SPY,1027,7.289414620712727e-05,
SPY,1028,5.141788343062877e-05,
SPY,1029,9.286306657629409e-05,
SPY,1030,0.0002699240114826231,
SPY,1031,9.120082097035604e-05,
SPY,1032,0.0001417987719840042,
SPY,1033,7.460500891232451e-05,
SPY,1034,8.328008871519109e-05,
SPY,1035,0.00010667784145797201,
SPY,1036,5.9207218151841187e-05,
SPY,1037,0.00012594949600024726,
SPY,1038,0.00011624025272181644,
SPY,1039,4.4787024783846386e-05,
SPY,1040,0.0001770092644360818,
SPY,1041,6.727843149330901e-05,
SPY,1042,5.4649322025392034e-05,
SPY,1043,5.9762434672198986e-05,
SPY,1044,4.870975579077065e-05,
SPY,1045,4.891700780286358e-05,
SPY,1046,8.736029653655913e-05,
SPY,1047,0.0003833076899119201,
SPY,1048,7.239273523357816e-05,
SPY,1049,5.620656072415858e-05,
SPY,1050,4.095492460158282e-05,
SPY,1051,9.812297575555301e-05,
SPY,1052,3.320468987733706e-05,
SPY,1053,3.2085905633037484e-05,
SPY,1054,6.207720181812529e-05,
SPY,1055,0.00011871663679963477,
SPY,1056,5.0636948788621136e-05,
SPY,1057,8.486496504004705e-05,
SPY,1058,2.811648241870018e-05,
SPY,1059,0.00012779697691417703,
SPY,1060,5.024985359557824e-05,
SPY,1061,0.00010474199872301888,
SPY,1062,3.296406589707919e-05,
SPY,1063,6.330585957551961e-05,
SPY,1064,4.8214871233158144e-05,
SPY,1065,4.520781699088963e-05,
SPY,1066,2.687650866144353e-05,
SPY,1067,9.761060430737456e-05,
SPY,1068,5.815585277225043e-05,
SPY,1069,8.123877730270386e-05,
SPY,1070,4.463953555781756e-05,
SPY,1071,2.8805281014242098e-05,
SPY,1072,3.578603434730862e-05,
SPY,1073,1.97338549671439e-05,
SPY,1074,6.91525793720943e-05,
SPY,1075,0.0001834989656552464,
SPY,1076,4.244763195323544e-05,
SPY,1077,9.194123999318053e-05,
SPY,1078,0.0001272378239217365,
SPY,1079,3.850429708494332e-05,
SPY,1080,0.00027128722829278273,
SPY,1081,0.00019164858361844035,
SPY,1082,9.399643850640815e-05,
SPY,1083,0.0001525053971352775,
SPY,1084,6.916737431411007e-05,
SPY,1085,6.600576850684971e-05,
SPY,1086,7.896160369575943e-05,
SPY,1087,5.4577147244036865e-05,
SPY,1088,0.00011574862549360971,
SPY,1089,8.280737260651142e-05,
SPY,1090,4.0857563398724435e-05,
SPY,1091,6.221128536005562e-05,
SPY,1092,3.2668691766520294e-05,
SPY,1093,5.033464515377908e-05,
SPY,1094,3.2499746248839085e-05,
SPY,1095,8.738475493616994e-05,
SPY,1096,5.632065476048027e-05,
SPY,1097,2.921968781372757e-05,
SPY,1098,3.2140730692232314e-05,
SPY,1099,2.3146011788424625e-05,
SPY,1100,2.8238680913750998e-05,
SPY,1101,3.5100668521974824e-05,
SPY,1102,2.5037777080592495e-05,
SPY,1103,2.2426142887405455e-05,
SPY,1104,2.616818497026841e-05,
SPY,1105,2.317943930003043e-05,
SPY,1106,2.1671602825488434e-05,
SPY,1107,2.42717083937005e-05,
SPY,1108,2.5108542596377355e-05,
SPY,1109,2.7932645150850778e-05,
SPY,1110,2.314363065502598e-05,
SPY,1111,2.4487583838368396e-05,
SPY,1112,5.502849588594031e-05,
SPY,1113,3.589534829640395e-05,
SPY,1114,3.576684249199349e-05,
SPY,1115,3.160289178457253e-05,
SPY,1116,2.634686757368405e-05,
SPY,1117,3.296001400128869e-05,
SPY,1118,2.6550543529640713e-05,
SPY,1119,2.556000321626551e-05,
SPY,1120,3.0190574584394726e-05,
SPY,1121,2.011009330742313e-05,
SPY,1122,2.6651157183267693e-05,
SPY,1123,2.2338801511858862e-05,
SPY,1124,2.9550109167049705e-05,
SPY,1125,2.333128436535224e-05,
SPY,1126,2.5207640596231586e-05,
SPY,1127,2.394446650401511e-05,
SPY,1128,2.09537453164783e-05,
SPY,1129,2.0068127017930884e-05,
SPY,1130,2.3250235234010333e-05,
SPY,1131,2.607798542685663e-05,
SPY,1132,5.803456179416611e-05,
SPY,1133,2.2505858414934704e-05,
SPY,1134,2.471926227723365e-05,
SPY,1135,2.317907304703152e-05,
SPY,1136,2.1933912423578063e-05,
SPY,1137,2.3775954728911487e-05,
SPY,1138,2.352571648764492e-05,
SPY,1139,2.3854250535094812e-05,
SPY,1140,3.0153620143861845e-05,
SPY,1141,2.8475619837450515e-05,
SPY,1142,2.770831394903614e-05,
SPY,1143,2.2695787895095384e-05,
SPY,1144,1.987829259292166e-05,
SPY,1145,2.0347720443475304e-05,
SPY,1146,2.5687899471417555e-05,
SPY,1147,2.3473731098213348e-05,
SPY,1148,1.9437002086340073e-05,
SPY,1149,1.9696701909377347e-05,
SPY,1150,1.8367429266218815e-05,
SPY,1151,2.0702571869501195e-05,
SPY,1152,1.9266637827291778e-05,
SPY,1153,2.2078472811738306e-05,
SPY,1154,1.6580670241836536e-05,
SPY,1155,1.8526346697560534e-05,
SPY,1156,1.728273352484466e-05,
SPY,1157,1.9401881905980744e-05,
SPY,1158,1.5090402086304647e-05,
SPY,1159,2.156729720174818e-05,
SPY,1160,2.5667297349029578e-05,
SPY,1161,2.7289776067041176e-05,
SPY,1162,2.093771525492237e-05,
SPY,1163,1.843873005459161e-05,
SPY,1164,2.2553351066751874e-05,
SPY,1165,2.4250409627703285e-05,
SPY,1166,1.705776356350071e-05,
SPY,1167,1.6274299355831197e-05,
SPY,1168,1.4366966542302856e-05,
SPY,1169,1.4068070509550587e-05,
SPY,1170,2.0426584948031626e-05,
SPY,1171,1.9285872209505357e-05,
SPY,1172,1.5312430529439517e-05,
SPY,1173,1.3642311159856515e-05,
SPY,1174,2.584596769339629e-05,
SPY,1175,1.6845907804110898e-05,
SPY,1176,1.6703571170978826e-05,
SPY,1177,1.7124439955468328e-05,
SPY,1178,1.6827732187255233e-05,
SPY,1179,1.980523444351912e-05,
SPY,1180,2.0035745937706417e-05,
SPY,1181,2.7791106747319567e-05,
SPY,1182,1.6591003672731103e-05,
SPY,1183,1.6793727986989782e-05,
SPY,1184,1.5284555021114037e-05,
SPY,1185,3.256214394246297e-05,
SPY,1186,2.1593085272026898e-05,
SPY,1187,2.80952378451371e-05,
SPY,1188,2.6825349701967635e-05,
SPY,1189,2.097978281857938e-05,
SPY,1190,2.9734313005587988e-05,
SPY,1191,2.6656926270852476e-05,
SPY,1192,2.3265471985896145e-05,
SPY,1193,1.983732394154693e-05,
SPY,1194,2.2745955563746646e-05,
SPY,1195,2.712626158328746e-05,
SPY,1196,2.2695704001526615e-05,
SPY,1197,2.2105843901524795e-05,
SPY,1198,3.099784842906801e-05,
SPY,1199,5.10980816477252e-05,
SPY,1200,8.959797229828588e-08,
