date,period,s,inst,entry_min,net_B,trigger time,direction,gap vs break,opening-range size,first-15-min volume vs normal,QQQ vs 50-day average,SOXL 20-day median range,trigger close beyond the range,trigger-bar volume vs normal,SOXX since its open,NVDA since its open,QQQ since its open,pre-market move,prior day (SOXX),event,weekday
2019-01-02,pre,1,SOXL,586,510.6975,09:51-10:00,bullish (SOXL),"with, >3%",3-4.5%,>=1.6x,below,>=7% (volatile),5-15%,>=3x,same direction,same direction,same direction,opposite,not a trend day,none,Wed
2019-01-03,pre,-1,SOXS,586,553.9439,09:51-10:00,bearish,"with, >3%",>=4.5%,>=1.6x,below,>=7% (volatile),5-15%,>=3x,same direction,same direction,same direction,same direction,trend day (>=2%),none,Thu
2019-01-04,pre,1,SOXL,623,477.8761,10:01-10:30,bullish (SOXL),"with, >3%",2-3%,>=1.6x,below,>=7% (volatile),<5% of range,>=3x,same direction,same direction,same direction,same direction,trend day (>=2%),none,Fri
2019-01-07,pre,1,SOXL,587,350.4397,09:51-10:00,bullish (SOXL),"with, 1-3%",2-3%,>=1.6x,below,>=7% (volatile),<5% of range,>=3x,same direction,same direction,same direction,same direction,trend day (>=2%),none,Mon
2019-01-08,pre,-1,SOXS,586,168.1200,09:51-10:00,bearish,"against, >1%",2-3%,>=1.6x,below,>=7% (volatile),5-15%,>=3x,same direction,same direction,opposite,opposite,not a trend day,none,Tue
2019-01-09,pre,1,SOXL,591,-171.0711,09:51-10:00,bullish (SOXL),"with, 1-3%",>=4.5%,>=1.6x,below,>=7% (volatile),5-15%,>=3x,same direction,same direction,same direction,same direction,not a trend day,none,Wed
2019-01-10,pre,1,SOXL,592,474.0348,09:51-10:00,bullish (SOXL),"against, >1%",<2%,>=1.6x,below,>=7% (volatile),5-15%,>=3x,same direction,opposite,opposite,opposite,not a trend day,none,Thu
2019-01-11,pre,1,SOXL,586,297.9277,09:51-10:00,bullish (SOXL),"against, >1%",<2%,>=1.6x,below,>=7% (volatile),>=15% of range,>=3x,same direction,same direction,opposite,opposite,not a trend day,none,Fri
2019-01-14,pre,1,SOXL,638,-138.3852,10:31-12:00,bullish (SOXL),"against, >1%",2-3%,>=1.6x,below,>=7% (volatile),<5% of range,>=3x,opposite,same direction,same direction,opposite,not a trend day,none,Mon
2019-01-15,pre,-1,SOXS,684,2.4865,10:31-12:00,bearish,"against, 0-1%",3-4.5%,>=1.6x,below,>=7% (volatile),<5% of range,>=3x,same direction,same direction,opposite,opposite,not a trend day,none,Tue
2019-01-16,pre,1,SOXL,587,-261.2617,09:51-10:00,bullish (SOXL),"with, 1-3%",<2%,<0.8x,above,>=7% (volatile),>=15% of range,<1.5x,same direction,opposite,same direction,same direction,not a trend day,none,Wed
2019-01-17,pre,1,SOXL,595,383.1287,09:51-10:00,bullish (SOXL),"against, >1%",2-3%,1.2-1.6x,above,>=7% (volatile),5-15%,<1.5x,same direction,same direction,same direction,opposite,not a trend day,none,Thu
2019-01-18,pre,1,SOXL,607,267.7500,10:01-10:30,bullish (SOXL),"with, 1-3%",<2%,<0.8x,above,>=7% (volatile),<5% of range,>=3x,same direction,opposite,opposite,same direction,not a trend day,none,Fri
2019-01-22,pre,-1,SOXS,586,387.4673,09:51-10:00,bearish,"with, 1-3%",2-3%,0.8-1.2x,above,>=7% (volatile),5-15%,>=3x,same direction,same direction,same direction,same direction,not a trend day,none,Tue
2019-01-23,pre,-1,SOXS,630,249.5896,10:01-10:30,bearish,"against, >1%",2-3%,1.2-1.6x,above,>=7% (volatile),<5% of range,1.5-3x,same direction,opposite,same direction,opposite,not a trend day,none,Wed
2019-01-24,pre,1,SOXL,586,269.3148,09:51-10:00,bullish (SOXL),"with, >3%",>=4.5%,>=1.6x,above,>=7% (volatile),5-15%,>=3x,same direction,same direction,same direction,same direction,not a trend day,none,Thu
2019-01-25,pre,1,SOXL,586,365.1868,09:51-10:00,bullish (SOXL),"with, 1-3%",2-3%,0.8-1.2x,above,>=7% (volatile),5-15%,1.5-3x,same direction,opposite,opposite,same direction,trend day (>=2%),none,Fri
2019-01-28,pre,1,SOXL,586,212.4090,09:51-10:00,bullish (SOXL),"against, >1%",3-4.5%,1.2-1.6x,above,>=7% (volatile),<5% of range,1.5-3x,same direction,opposite,opposite,opposite,not a trend day,none,Mon
2019-01-31,pre,1,SOXL,588,-20.7842,09:51-10:00,bullish (SOXL),"against, 0-1%",2-3%,<0.8x,above,>=7% (volatile),<5% of range,<1.5x,opposite,same direction,same direction,opposite,not a trend day,none,Thu
2019-02-01,pre,1,SOXL,608,-33.0682,10:01-10:30,bullish (SOXL),"with, 0-1%",2-3%,<0.8x,above,>=7% (volatile),<5% of range,<1.5x,same direction,same direction,same direction,opposite,not a trend day,none,Fri
2019-02-04,pre,1,SOXL,707,52.2790,10:31-12:00,bullish (SOXL),"with, 0-1%",2-3%,<0.8x,above,>=7% (volatile),<5% of range,<1.5x,same direction,same direction,same direction,same direction,not a trend day,none,Mon
2019-02-05,pre,1,SOXL,587,-121.0584,09:51-10:00,bullish (SOXL),"with, 0-1%",2-3%,<0.8x,above,>=7% (volatile),<5% of range,<1.5x,same direction,same direction,same direction,same direction,not a trend day,none,Tue
2019-02-06,pre,1,SOXL,587,11.2597,09:51-10:00,bullish (SOXL),"with, >3%",3-4.5%,>=1.6x,above,5-7%,5-15%,1.5-3x,same direction,same direction,same direction,same direction,not a trend day,none,Wed
2019-02-12,pre,1,SOXL,603,95.3610,10:01-10:30,bullish (SOXL),"with, >3%",2-3%,1.2-1.6x,above,5-7%,<5% of range,1.5-3x,same direction,same direction,same direction,same direction,not a trend day,none,Tue
2019-02-14,pre,1,SOXL,594,5.2567,09:51-10:00,bullish (SOXL),"against, >1%",2-3%,0.8-1.2x,above,5-7%,<5% of range,1.5-3x,same direction,same direction,same direction,opposite,not a trend day,none,Thu
2019-02-19,pre,1,SOXL,851,-91.3389,after 12:00,bullish (SOXL),"against, >1%",2-3%,<0.8x,above,5-7%,<5% of range,<1.5x,same direction,same direction,same direction,opposite,not a trend day,none,Tue
2019-02-20,pre,1,SOXL,594,-54.1359,09:51-10:00,bullish (SOXL),"with, 0-1%",<2%,<0.8x,above,5-7%,>=15% of range,1.5-3x,same direction,same direction,same direction,same direction,not a trend day,none,Wed
2019-02-25,pre,1,SOXL,618,-214.8819,10:01-10:30,bullish (SOXL),"with, >3%",<2%,1.2-1.6x,above,<5% (calm),<5% of range,1.5-3x,same direction,same direction,same direction,same direction,not a trend day,none,Mon
2019-02-26,pre,1,SOXL,591,-161.2565,09:51-10:00,bullish (SOXL),"against, >1%",<2%,<0.8x,above,<5% (calm),5-15%,<1.5x,same direction,same direction,same direction,opposite,not a trend day,none,Tue
2019-02-28,pre,1,SOXL,596,-195.4641,09:51-10:00,bullish (SOXL),"against, >1%",<2%,0.8-1.2x,above,<5% (calm),<5% of range,<1.5x,same direction,same direction,same direction,opposite,not a trend day,none,Thu
2019-03-08,pre,1,SOXL,586,240.6860,09:51-10:00,bullish (SOXL),"against, >1%",3-4.5%,1.2-1.6x,above,<5% (calm),5-15%,<1.5x,same direction,same direction,same direction,opposite,not a trend day,08:30 data (CPI/jobs),Fri
2019-03-11,pre,1,SOXL,588,230.2162,09:51-10:00,bullish (SOXL),"with, 1-3%",2-3%,1.2-1.6x,above,<5% (calm),5-15%,<1.5x,same direction,same direction,same direction,same direction,not a trend day,none,Mon
2019-03-12,pre,1,SOXL,654,-27.3207,10:31-12:00,bullish (SOXL),"with, 0-1%",3-4.5%,0.8-1.2x,above,<5% (calm),<5% of range,<1.5x,same direction,same direction,same direction,same direction,not a trend day,08:30 data (CPI/jobs),Tue
2019-03-13,pre,1,SOXL,611,-77.6493,10:01-10:30,bullish (SOXL),"with, 1-3%",<2%,<0.8x,above,<5% (calm),<5% of range,<1.5x,same direction,same direction,same direction,same direction,not a trend day,none,Wed
2019-03-14,pre,1,SOXL,594,-189.1535,09:51-10:00,bullish (SOXL),"with, 0-1%",<2%,<0.8x,above,<5% (calm),5-15%,<1.5x,same direction,opposite,opposite,opposite,not a trend day,none,Thu
2019-03-15,pre,1,SOXL,586,-19.1293,09:51-10:00,bullish (SOXL),"with, >3%",>=4.5%,>=1.6x,above,<5% (calm),<5% of range,>=3x,same direction,same direction,same direction,same direction,not a trend day,chip earnings reaction,Fri
2019-03-18,pre,1,SOXL,586,-216.1226,09:51-10:00,bullish (SOXL),"with, 0-1%",2-3%,0.8-1.2x,above,<5% (calm),<5% of range,1.5-3x,same direction,same direction,same direction,same direction,not a trend day,chip earnings reaction,Mon
2019-03-19,pre,1,SOXL,618,-54.4792,10:01-10:30,bullish (SOXL),"with, 1-3%",<2%,1.2-1.6x,above,<5% (calm),<5% of range,<1.5x,same direction,same direction,same direction,same direction,not a trend day,none,Tue
2019-03-21,pre,1,SOXL,586,554.8113,09:51-10:00,bullish (SOXL),"with, 0-1%",>=4.5%,0.8-1.2x,above,<5% (calm),<5% of range,>=3x,same direction,same direction,same direction,same direction,not a trend day,chip earnings reaction,Thu
2019-03-28,pre,1,SOXL,596,-232.0843,09:51-10:00,bullish (SOXL),"with, 0-1%",2-3%,<0.8x,above,5-7%,<5% of range,<1.5x,same direction,same direction,same direction,same direction,not a trend day,none,Thu
2019-04-03,pre,1,SOXL,588,-84.4143,09:51-10:00,bullish (SOXL),"with, >3%",3-4.5%,>=1.6x,above,5-7%,5-15%,1.5-3x,same direction,same direction,same direction,same direction,not a trend day,none,Wed
2019-04-04,pre,1,SOXL,587,-320.0013,09:51-10:00,bullish (SOXL),"against, >1%",3-4.5%,<0.8x,above,5-7%,<5% of range,<1.5x,same direction,same direction,same direction,opposite,not a trend day,none,Thu
2019-04-10,pre,1,SOXL,601,69.1515,10:01-10:30,bullish (SOXL),"against, 0-1%",<2%,<0.8x,above,<5% (calm),5-15%,1.5-3x,same direction,same direction,same direction,same direction,not a trend day,08:30 data (CPI/jobs),Wed
2019-04-16,pre,1,SOXL,599,545.2537,09:51-10:00,bullish (SOXL),"with, 1-3%",<2%,0.8-1.2x,above,<5% (calm),5-15%,<1.5x,same direction,same direction,same direction,same direction,not a trend day,none,Tue
2019-04-22,pre,1,SOXL,602,61.5106,10:01-10:30,bullish (SOXL),"against, >1%",<2%,<0.8x,above,<5% (calm),5-15%,<1.5x,same direction,same direction,same direction,opposite,not a trend day,none,Mon
2019-04-23,pre,1,SOXL,625,51.0442,10:01-10:30,bullish (SOXL),"with, 1-3%",<2%,1.2-1.6x,above,<5% (calm),<5% of range,<1.5x,same direction,same direction,same direction,same direction,not a trend day,none,Tue
2019-04-24,pre,1,SOXL,624,50.8503,10:01-10:30,bullish (SOXL),"against, 0-1%",2-3%,<0.8x,above,<5% (calm),<5% of range,>=3x,same direction,opposite,opposite,opposite,not a trend day,none,Wed
2019-04-30,pre,1,SOXL,591,-242.2535,09:51-10:00,bullish (SOXL),"against, 0-1%",2-3%,<0.8x,above,<5% (calm),5-15%,<1.5x,same direction,same direction,same direction,same direction,not a trend day,none,Tue
2019-05-02,pre,1,SOXL,590,-52.2444,09:51-10:00,bullish (SOXL),"against, 0-1%",3-4.5%,<0.8x,above,<5% (calm),<5% of range,<1.5x,same direction,same direction,same direction,opposite,not a trend day,none,Thu
2019-05-03,pre,1,SOXL,942,28.1166,after 12:00,bullish (SOXL),"with, 1-3%",3-4.5%,0.8-1.2x,above,<5% (calm),<5% of range,>=3x,same direction,opposite,same direction,same direction,not a trend day,08:30 data (CPI/jobs),Fri
2019-05-06,pre,1,SOXL,599,217.1450,09:51-10:00,bullish (SOXL),"against, >1%",3-4.5%,>=1.6x,above,<5% (calm),<5% of range,1.5-3x,same direction,same direction,same direction,opposite,not a trend day,none,Mon
2019-05-08,pre,1,SOXL,586,-183.5465,09:51-10:00,bullish (SOXL),"against, >1%",3-4.5%,0.8-1.2x,above,<5% (calm),<5% of range,<1.5x,same direction,same direction,same direction,opposite,not a trend day,none,Wed
2019-05-10,pre,1,SOXL,586,-418.4996,09:51-10:00,bullish (SOXL),"against, >1%",3-4.5%,0.8-1.2x,above,5-7%,5-15%,<1.5x,same direction,same direction,same direction,opposite,not a trend day,08:30 data (CPI/jobs),Fri
2019-05-14,pre,1,SOXL,586,-152.8604,09:51-10:00,bullish (SOXL),"with, >3%",<2%,1.2-1.6x,below,5-7%,<5% of range,1.5-3x,same direction,same direction,same direction,same direction,not a trend day,none,Tue
2019-05-15,pre,1,SOXL,588,407.2639,09:51-10:00,bullish (SOXL),"against, >1%",2-3%,<0.8x,below,5-7%,<5% of range,<1.5x,same direction,opposite,same direction,opposite,not a trend day,chip earnings reaction,Wed
2019-05-17,pre,1,SOXL,587,-479.8570,09:51-10:00,bullish (SOXL),"against, >1%",>=4.5%,>=1.6x,above,5-7%,<5% of range,1.5-3x,same direction,same direction,same direction,opposite,not a trend day,chip earnings reaction,Fri
2019-05-20,pre,1,SOXL,587,-311.5012,09:51-10:00,bullish (SOXL),"against, >1%",2-3%,>=1.6x,below,5-7%,<5% of range,1.5-3x,same direction,opposite,opposite,opposite,not a trend day,none,Mon
2019-05-22,pre,1,SOXL,598,-348.2126,09:51-10:00,bullish (SOXL),"against, >1%",3-4.5%,0.8-1.2x,below,>=7% (volatile),<5% of range,<1.5x,same direction,same direction,same direction,opposite,not a trend day,08:30 data (CPI/jobs),Wed
2019-05-29,pre,1,SOXL,603,216.1748,10:01-10:30,bullish (SOXL),"against, >1%",2-3%,0.8-1.2x,below,5-7%,>=15% of range,1.5-3x,same direction,opposite,opposite,opposite,not a trend day,none,Wed
2019-05-31,pre,1,SOXL,586,-125.6549,09:51-10:00,bullish (SOXL),"against, >1%",<2%,<0.8x,below,5-7%,>=15% of range,1.5-3x,same direction,same direction,opposite,opposite,not a trend day,none,Fri
2019-06-03,pre,1,SOXL,608,-291.5633,10:01-10:30,bullish (SOXL),"with, >3%",2-3%,0.8-1.2x,below,5-7%,<5% of range,1.5-3x,same direction,same direction,opposite,same direction,not a trend day,none,Mon
2019-06-07,pre,1,SOXL,637,94.0289,10:31-12:00,bullish (SOXL),"with, 0-1%",<2%,<0.8x,below,5-7%,5-15%,1.5-3x,same direction,same direction,same direction,same direction,not a trend day,08:30 data (CPI/jobs),Fri
2019-06-10,pre,1,SOXL,599,41.0889,09:51-10:00,bullish (SOXL),"with, >3%",3-4.5%,>=1.6x,below,5-7%,5-15%,<1.5x,same direction,same direction,same direction,same direction,not a trend day,none,Mon
2019-06-14,pre,1,SOXL,908,-10.5837,after 12:00,bullish (SOXL),"against, >1%",2-3%,0.8-1.2x,below,5-7%,<5% of range,<1.5x,same direction,same direction,same direction,opposite,not a trend day,chip earnings reaction,Fri
2019-06-17,pre,1,SOXL,596,-203.0219,09:51-10:00,bullish (SOXL),"with, 0-1%",<2%,<0.8x,below,5-7%,5-15%,<1.5x,same direction,same direction,same direction,same direction,not a trend day,chip earnings reaction,Mon
2019-06-18,pre,1,SOXL,586,300.4890,09:51-10:00,bullish (SOXL),"with, >3%",>=4.5%,1.2-1.6x,above,5-7%,5-15%,>=3x,same direction,same direction,same direction,same direction,not a trend day,none,Tue
2019-06-21,pre,1,SOXL,596,-166.9256,09:51-10:00,bullish (SOXL),"against, >1%",<2%,<0.8x,above,5-7%,>=15% of range,<1.5x,same direction,same direction,same direction,opposite,not a trend day,none,Fri
2019-06-25,pre,1,SOXL,601,-164.9981,10:01-10:30,bullish (SOXL),"with, 0-1%",<2%,<0.8x,above,5-7%,<5% of range,<1.5x,same direction,same direction,opposite,opposite,not a trend day,none,Tue
2019-06-26,pre,1,SOXL,595,-56.4176,09:51-10:00,bullish (SOXL),"with, >3%",3-4.5%,1.2-1.6x,above,5-7%,<5% of range,>=3x,same direction,same direction,same direction,same direction,not a trend day,chip earnings reaction,Wed
2019-06-27,pre,1,SOXL,589,-34.5728,09:51-10:00,bullish (SOXL),"with, 1-3%",2-3%,0.8-1.2x,above,5-7%,5-15%,<1.5x,same direction,same direction,same direction,same direction,not a trend day,chip earnings reaction,Thu
2019-07-01,pre,-1,SOXS,586,332.2925,09:51-10:00,bearish,"against, >1%",>=4.5%,>=1.6x,above,<5% (calm),<5% of range,1.5-3x,same direction,same direction,same direction,opposite,not a trend day,chip earnings reaction,Mon
2019-07-02,pre,-1,SOXS,610,63.8248,10:01-10:30,bearish,"with, 1-3%",2-3%,<0.8x,above,<5% (calm),>=15% of range,>=3x,same direction,same direction,same direction,same direction,not a trend day,chip earnings reaction,Tue
2019-07-03,pre,-1,SOXS,590,-91.7585,09:51-10:00,bearish,"against, 0-1%",2-3%,<0.8x,above,<5% (calm),5-15%,>=3x,same direction,same direction,opposite,opposite,not a trend day,none,Wed
2019-07-05,pre,1,SOXL,590,-114.3149,09:51-10:00,bullish (SOXL),"against, >1%",<2%,<0.8x,above,<5% (calm),5-15%,<1.5x,same direction,opposite,same direction,opposite,not a trend day,none,Fri
2019-07-08,pre,-1,SOXS,588,-250.3345,09:51-10:00,bearish,"with, 1-3%",2-3%,<0.8x,above,<5% (calm),5-15%,1.5-3x,same direction,same direction,same direction,same direction,not a trend day,none,Mon
2019-07-09,pre,1,SOXL,586,244.0064,09:51-10:00,bullish (SOXL),"against, >1%",<2%,<0.8x,above,<5% (calm),5-15%,<1.5x,same direction,same direction,same direction,opposite,not a trend day,none,Tue
2019-07-10,pre,1,SOXL,588,-257.9570,09:51-10:00,bullish (SOXL),"with, >3%",2-3%,0.8-1.2x,above,<5% (calm),<5% of range,>=3x,same direction,same direction,same direction,same direction,not a trend day,08:30 data (CPI/jobs),Wed
2019-07-11,pre,-1,SOXS,610,-185.6468,10:01-10:30,bearish,"against, >1%",<2%,<0.8x,above,<5% (calm),5-15%,<1.5x,same direction,opposite,same direction,opposite,not a trend day,none,Thu
2019-07-12,pre,1,SOXL,587,136.3562,09:51-10:00,bullish (SOXL),"with, 1-3%",2-3%,0.8-1.2x,above,<5% (calm),5-15%,<1.5x,same direction,same direction,same direction,same direction,not a trend day,none,Fri
2019-07-15,pre,-1,SOXS,591,-167.2095,09:51-10:00,bearish,"against, >1%",2-3%,0.8-1.2x,above,<5% (calm),5-15%,1.5-3x,same direction,same direction,same direction,opposite,not a trend day,none,Mon
2019-07-16,pre,-1,SOXS,738,-165.4443,after 12:00,bearish,"with, 1-3%",3-4.5%,0.8-1.2x,above,<5% (calm),<5% of range,>=3x,same direction,same direction,same direction,same direction,not a trend day,none,Tue
2019-07-17,pre,1,SOXL,594,-98.6834,09:51-10:00,bullish (SOXL),"with, 1-3%",2-3%,<0.8x,above,<5% (calm),<5% of range,1.5-3x,same direction,same direction,same direction,same direction,not a trend day,none,Wed
2019-07-18,pre,1,SOXL,817,36.7233,after 12:00,bullish (SOXL),"with, 0-1%",3-4.5%,0.8-1.2x,above,<5% (calm),<5% of range,>=3x,same direction,opposite,same direction,same direction,not a trend day,none,Thu
2019-07-19,pre,-1,SOXS,596,-163.2756,09:51-10:00,bearish,"against, >1%",<2%,<0.8x,above,<5% (calm),<5% of range,<1.5x,same direction,same direction,same direction,opposite,not a trend day,chip earnings reaction,Fri
2019-07-22,pre,1,SOXL,587,76.6187,09:51-10:00,bullish (SOXL),"with, 1-3%",3-4.5%,1.2-1.6x,above,<5% (calm),<5% of range,<1.5x,same direction,same direction,same direction,same direction,not a trend day,none,Mon
2019-07-23,pre,-1,SOXS,622,-184.5306,10:01-10:30,bearish,"against, >1%",<2%,0.8-1.2x,above,<5% (calm),<5% of range,<1.5x,same direction,same direction,same direction,opposite,not a trend day,none,Tue
2019-07-24,pre,1,SOXL,586,397.1643,09:51-10:00,bullish (SOXL),"with, 1-3%",2-3%,>=1.6x,above,<5% (calm),<5% of range,1.5-3x,same direction,opposite,same direction,same direction,not a trend day,none,Wed
2019-07-25,pre,-1,SOXS,625,39.7792,10:01-10:30,bearish,"with, 1-3%",2-3%,1.2-1.6x,above,<5% (calm),<5% of range,1.5-3x,same direction,same direction,same direction,same direction,trend day (>=2%),none,Thu
2019-07-26,pre,-1,SOXS,952,8.4498,after 12:00,bearish,"against, >1%",2-3%,0.8-1.2x,above,<5% (calm),<5% of range,1.5-3x,same direction,opposite,opposite,opposite,not a trend day,none,Fri
2019-07-29,pre,-1,SOXS,602,-221.2455,10:01-10:30,bearish,"with, 0-1%",2-3%,<0.8x,above,<5% (calm),<5% of range,<1.5x,same direction,same direction,same direction,same direction,not a trend day,none,Mon
2019-07-30,pre,1,SOXL,643,135.8112,10:31-12:00,bullish (SOXL),"against, >1%",<2%,<0.8x,above,<5% (calm),5-15%,<1.5x,same direction,same direction,same direction,opposite,not a trend day,none,Tue
2019-07-31,pre,-1,SOXS,629,463.3967,10:01-10:30,bearish,"with, 1-3%",2-3%,1.2-1.6x,above,<5% (calm),<5% of range,<1.5x,same direction,same direction,same direction,same direction,not a trend day,chip earnings reaction,Wed
2019-08-01,pre,1,SOXL,587,-540.7994,09:51-10:00,bullish (SOXL),"against, >1%",>=4.5%,1.2-1.6x,above,<5% (calm),<5% of range,<1.5x,same direction,same direction,same direction,opposite,trend day (>=2%),none,Thu
2019-08-02,pre,1,SOXL,592,-375.0572,09:51-10:00,bullish (SOXL),"against, >1%",3-4.5%,1.2-1.6x,above,<5% (calm),<5% of range,1.5-3x,same direction,same direction,opposite,opposite,not a trend day,08:30 data (CPI/jobs),Fri
2019-08-05,pre,-1,SOXS,591,207.4807,09:51-10:00,bearish,"with, >3%",2-3%,>=1.6x,above,<5% (calm),5-15%,>=3x,same direction,same direction,same direction,same direction,not a trend day,none,Mon
2019-08-06,pre,-1,SOXS,587,56.5486,09:51-10:00,bearish,"against, >1%",2-3%,>=1.6x,below,<5% (calm),5-15%,1.5-3x,same direction,same direction,opposite,opposite,not a trend day,none,Tue
2019-08-07,pre,1,SOXL,617,177.5167,10:01-10:30,bullish (SOXL),"against, >1%",3-4.5%,1.2-1.6x,below,<5% (calm),5-15%,>=3x,same direction,same direction,same direction,opposite,not a trend day,none,Wed
2019-08-08,pre,1,SOXL,602,390.8215,10:01-10:30,bullish (SOXL),"with, >3%",2-3%,0.8-1.2x,below,<5% (calm),5-15%,<1.5x,same direction,opposite,same direction,same direction,trend day (>=2%),none,Thu
2019-08-09,pre,-1,SOXS,590,106.6195,09:51-10:00,bearish,"with, >3%",<2%,0.8-1.2x,above,<5% (calm),<5% of range,1.5-3x,same direction,same direction,same direction,same direction,not a trend day,none,Fri
2019-08-12,pre,1,SOXL,586,-325.8217,09:51-10:00,bullish (SOXL),"against, >1%",2-3%,<0.8x,below,<5% (calm),5-15%,<1.5x,same direction,same direction,opposite,opposite,not a trend day,none,Mon
2019-08-13,pre,1,SOXL,586,529.7000,09:51-10:00,bullish (SOXL),"against, 0-1%",3-4.5%,0.8-1.2x,below,5-7%,>=15% of range,>=3x,same direction,same direction,same direction,opposite,not a trend day,none,Tue
2019-08-14,pre,1,SOXL,595,-252.2328,09:51-10:00,bullish (SOXL),"against, >1%",2-3%,1.2-1.6x,above,5-7%,5-15%,1.5-3x,same direction,opposite,same direction,opposite,trend day (>=2%),none,Wed
2019-08-15,pre,-1,SOXS,671,-107.0506,10:31-12:00,bearish,"against, >1%",3-4.5%,0.8-1.2x,below,5-7%,<5% of range,>=3x,same direction,same direction,same direction,opposite,not a trend day,none,Thu
2019-08-16,pre,1,SOXL,622,186.1602,10:01-10:30,bullish (SOXL),"with, >3%",3-4.5%,1.2-1.6x,below,5-7%,<5% of range,>=3x,same direction,opposite,same direction,same direction,not a trend day,chip earnings reaction,Fri
2019-08-19,pre,-1,SOXS,590,40.9420,09:51-10:00,bearish,"against, >1%",<2%,1.2-1.6x,below,5-7%,5-15%,1.5-3x,same direction,opposite,opposite,opposite,not a trend day,none,Mon
2019-08-20,pre,1,SOXL,657,-54.7728,10:31-12:00,bullish (SOXL),"against, 0-1%",2-3%,<0.8x,below,5-7%,<5% of range,1.5-3x,opposite,opposite,same direction,opposite,not a trend day,none,Tue
2019-08-21,pre,1,SOXL,586,-242.3486,09:51-10:00,bullish (SOXL),"with, >3%",2-3%,<0.8x,below,5-7%,5-15%,1.5-3x,same direction,same direction,same direction,same direction,not a trend day,08:30 data (CPI/jobs),Wed
2019-08-22,pre,-1,SOXS,620,-118.7140,10:01-10:30,bearish,"against, 0-1%",<2%,<0.8x,below,5-7%,5-15%,1.5-3x,same direction,opposite,same direction,opposite,not a trend day,none,Thu
2019-08-23,pre,-1,SOXS,589,-244.8113,09:51-10:00,bearish,"with, >3%",2-3%,0.8-1.2x,below,5-7%,5-15%,>=3x,same direction,same direction,same direction,same direction,not a trend day,none,Fri
2019-08-26,pre,-1,SOXS,588,20.4746,09:51-10:00,bearish,"against, >1%",2-3%,1.2-1.6x,below,5-7%,5-15%,<1.5x,same direction,same direction,same direction,opposite,trend day (>=2%),none,Mon
2019-08-27,pre,-1,SOXS,609,299.8259,10:01-10:30,bearish,"against, >1%",<2%,<0.8x,below,5-7%,<5% of range,<1.5x,same direction,same direction,same direction,opposite,not a trend day,none,Tue
2019-08-28,pre,1,SOXL,597,225.7212,09:51-10:00,bullish (SOXL),"against, >1%",2-3%,0.8-1.2x,below,5-7%,5-15%,<1.5x,same direction,same direction,same direction,opposite,not a trend day,none,Wed
2019-08-29,pre,1,SOXL,593,-50.4325,09:51-10:00,bullish (SOXL),"with, >3%",2-3%,>=1.6x,below,5-7%,<5% of range,<1.5x,same direction,same direction,same direction,same direction,not a trend day,none,Thu
2019-08-30,pre,1,SOXL,587,-231.1887,09:51-10:00,bullish (SOXL),"with, 1-3%",2-3%,<0.8x,below,5-7%,5-15%,1.5-3x,same direction,same direction,opposite,same direction,not a trend day,none,Fri
2019-09-03,pre,1,SOXL,592,-234.5999,09:51-10:00,bullish (SOXL),"against, >1%",2-3%,<0.8x,below,5-7%,5-15%,<1.5x,same direction,same direction,same direction,opposite,not a trend day,none,Tue
2019-09-04,pre,1,SOXL,587,65.8856,09:51-10:00,bullish (SOXL),"with, >3%",2-3%,>=1.6x,below,5-7%,<5% of range,1.5-3x,same direction,same direction,same direction,same direction,not a trend day,none,Wed
2019-09-05,pre,1,SOXL,586,-165.4880,09:51-10:00,bullish (SOXL),"with, >3%",>=4.5%,>=1.6x,below,5-7%,5-15%,>=3x,same direction,same direction,same direction,same direction,not a trend day,none,Thu
2019-09-06,pre,1,SOXL,625,-61.3441,10:01-10:30,bullish (SOXL),"with, 0-1%",2-3%,<0.8x,above,5-7%,<5% of range,1.5-3x,opposite,opposite,opposite,same direction,not a trend day,none,Fri
2019-09-09,pre,-1,SOXS,608,-99.0567,10:01-10:30,bearish,"against, >1%",<2%,<0.8x,above,5-7%,<5% of range,1.5-3x,opposite,opposite,same direction,opposite,not a trend day,none,Mon
2019-09-10,pre,1,SOXL,625,99.1154,10:01-10:30,bullish (SOXL),"against, >1%",2-3%,<0.8x,above,<5% (calm),<5% of range,1.5-3x,opposite,same direction,opposite,opposite,not a trend day,none,Tue
2019-09-11,pre,1,SOXL,589,222.1002,09:51-10:00,bullish (SOXL),"with, 1-3%",<2%,<0.8x,above,<5% (calm),5-15%,1.5-3x,same direction,same direction,same direction,same direction,not a trend day,08:30 data (CPI/jobs),Wed
2019-09-12,pre,-1,SOXS,586,-210.1225,09:51-10:00,bearish,"against, >1%",<2%,<0.8x,above,<5% (calm),5-15%,<1.5x,same direction,opposite,same direction,opposite,not a trend day,none,Thu
2019-09-13,pre,-1,SOXS,609,-148.1163,10:01-10:30,bearish,"against, 0-1%",2-3%,<0.8x,above,<5% (calm),5-15%,<1.5x,same direction,same direction,same direction,opposite,not a trend day,chip earnings reaction,Fri
2019-09-16,pre,1,SOXL,594,21.1340,09:51-10:00,bullish (SOXL),"against, >1%",2-3%,0.8-1.2x,above,<5% (calm),<5% of range,<1.5x,same direction,same direction,same direction,opposite,not a trend day,none,Mon
2019-09-17,pre,-1,SOXS,594,-171.7051,09:51-10:00,bearish,"with, 0-1%",<2%,<0.8x,above,<5% (calm),<5% of range,<1.5x,same direction,same direction,opposite,same direction,not a trend day,none,Tue
2019-09-18,pre,1,SOXL,596,-99.7503,09:51-10:00,bullish (SOXL),"against, 0-1%",<2%,<0.8x,above,<5% (calm),<5% of range,1.5-3x,opposite,opposite,opposite,opposite,not a trend day,FOMC day,Wed
2019-09-19,pre,-1,SOXS,743,170.4665,after 12:00,bearish,"against, 0-1%",<2%,<0.8x,above,<5% (calm),5-15%,>=3x,same direction,same direction,opposite,opposite,not a trend day,none,Thu
2019-09-20,pre,-1,SOXS,698,227.5626,10:31-12:00,bearish,"against, >1%",2-3%,<0.8x,above,<5% (calm),<5% of range,<1.5x,same direction,same direction,same direction,opposite,not a trend day,08:30 data (CPI/jobs),Fri
2019-09-23,pre,1,SOXL,587,98.1189,09:51-10:00,bullish (SOXL),"against, 0-1%",2-3%,0.8-1.2x,above,<5% (calm),<5% of range,1.5-3x,same direction,same direction,same direction,opposite,trend day (>=2%),chip earnings reaction,Mon
2019-09-24,pre,-1,SOXS,587,614.7856,09:51-10:00,bearish,"against, >1%",<2%,<0.8x,above,<5% (calm),5-15%,<1.5x,same direction,opposite,opposite,opposite,not a trend day,none,Tue
2019-09-25,pre,-1,SOXS,591,-205.3995,09:51-10:00,bearish,"with, 1-3%",<2%,<0.8x,below,<5% (calm),5-15%,>=3x,same direction,same direction,same direction,same direction,trend day (>=2%),none,Wed
2019-09-26,pre,-1,SOXS,596,-258.2723,09:51-10:00,bearish,"against, 0-1%",2-3%,<0.8x,above,<5% (calm),<5% of range,1.5-3x,same direction,same direction,same direction,opposite,trend day (>=2%),none,Thu
2019-09-27,pre,-1,SOXS,594,367.4638,09:51-10:00,bearish,"with, 1-3%",<2%,<0.8x,above,<5% (calm),>=15% of range,>=3x,same direction,same direction,same direction,same direction,not a trend day,chip earnings reaction,Fri
2019-09-30,pre,-1,SOXS,588,-185.7062,09:51-10:00,bearish,"against, >1%",<2%,<0.8x,below,<5% (calm),>=15% of range,<1.5x,same direction,same direction,same direction,opposite,not a trend day,none,Mon
2019-10-01,pre,1,SOXL,586,-337.1799,09:51-10:00,bullish (SOXL),"with, 1-3%",3-4.5%,0.8-1.2x,below,<5% (calm),<5% of range,1.5-3x,same direction,same direction,same direction,same direction,not a trend day,none,Tue
2019-10-02,pre,-1,SOXS,602,-225.1937,10:01-10:30,bearish,"with, 1-3%",2-3%,1.2-1.6x,below,<5% (calm),<5% of range,>=3x,same direction,same direction,same direction,same direction,not a trend day,none,Wed
2019-10-03,pre,-1,SOXS,601,-348.3318,10:01-10:30,bearish,"against, 0-1%",<2%,0.8-1.2x,below,<5% (calm),>=15% of range,>=3x,same direction,opposite,same direction,opposite,not a trend day,none,Thu
2019-10-04,pre,1,SOXL,600,208.9650,09:51-10:00,bullish (SOXL),"with, 0-1%",<2%,>=1.6x,below,<5% (calm),>=15% of range,>=3x,same direction,same direction,same direction,same direction,not a trend day,08:30 data (CPI/jobs),Fri
2019-10-07,pre,1,SOXL,611,-174.8547,10:01-10:30,bullish (SOXL),"against, 0-1%",<2%,0.8-1.2x,above,<5% (calm),<5% of range,<1.5x,same direction,same direction,same direction,opposite,not a trend day,none,Mon
2019-10-08,pre,-1,SOXS,587,273.5271,09:51-10:00,bearish,"with, >3%",2-3%,>=1.6x,below,<5% (calm),<5% of range,>=3x,same direction,same direction,same direction,same direction,not a trend day,none,Tue
2019-10-09,pre,1,SOXL,606,65.6307,10:01-10:30,bullish (SOXL),"with, >3%",<2%,1.2-1.6x,below,<5% (calm),<5% of range,<1.5x,same direction,same direction,opposite,same direction,not a trend day,chip earnings reaction,Wed
2019-10-10,pre,1,SOXL,588,54.4534,09:51-10:00,bullish (SOXL),"with, 0-1%",<2%,0.8-1.2x,below,<5% (calm),5-15%,>=3x,same direction,same direction,same direction,same direction,not a trend day,none,Thu
2019-10-11,pre,1,SOXL,586,-160.0117,09:51-10:00,bullish (SOXL),"with, >3%",<2%,>=1.6x,above,<5% (calm),5-15%,1.5-3x,same direction,same direction,same direction,same direction,not a trend day,none,Fri
2019-10-14,pre,-1,SOXS,625,-168.0339,10:01-10:30,bearish,"with, 0-1%",<2%,<0.8x,above,5-7%,5-15%,>=3x,same direction,same direction,opposite,same direction,not a trend day,none,Mon
2019-10-15,pre,-1,SOXS,586,-107.6082,09:51-10:00,bearish,"against, >1%",<2%,0.8-1.2x,above,5-7%,>=15% of range,<1.5x,same direction,opposite,opposite,opposite,not a trend day,none,Tue
2019-10-16,pre,1,SOXL,589,-190.3658,09:51-10:00,bullish (SOXL),"against, >1%",<2%,1.2-1.6x,above,5-7%,<5% of range,<1.5x,same direction,same direction,same direction,opposite,not a trend day,08:30 data (CPI/jobs),Wed
2019-10-17,pre,-1,SOXS,636,142.1300,10:31-12:00,bearish,"against, >1%",2-3%,1.2-1.6x,above,5-7%,5-15%,<1.5x,same direction,same direction,same direction,opposite,not a trend day,08:30 data (CPI/jobs),Thu
2019-10-18,pre,1,SOXL,589,-168.9773,09:51-10:00,bullish (SOXL),"against, 0-1%",<2%,<0.8x,above,5-7%,>=15% of range,1.5-3x,same direction,same direction,same direction,opposite,not a trend day,none,Fri
2019-10-21,pre,-1,SOXS,605,-227.1064,10:01-10:30,bearish,"against, >1%",2-3%,1.2-1.6x,above,5-7%,<5% of range,1.5-3x,same direction,same direction,same direction,opposite,not a trend day,none,Mon
2019-10-22,pre,-1,SOXS,591,159.2043,09:51-10:00,bearish,"against, 0-1%",<2%,<0.8x,above,5-7%,5-15%,<1.5x,same direction,same direction,same direction,opposite,not a trend day,none,Tue
2019-10-23,pre,1,SOXL,586,-202.1201,09:51-10:00,bullish (SOXL),"against, >1%",3-4.5%,>=1.6x,above,5-7%,<5% of range,<1.5x,same direction,same direction,same direction,opposite,not a trend day,none,Wed
2019-10-24,pre,-1,SOXS,596,-211.0571,09:51-10:00,bearish,"against, >1%",<2%,1.2-1.6x,above,<5% (calm),5-15%,<1.5x,opposite,same direction,same direction,opposite,not a trend day,none,Thu
2019-10-25,pre,1,SOXL,591,250.7364,09:51-10:00,bullish (SOXL),"with, 0-1%",2-3%,1.2-1.6x,above,<5% (calm),5-15%,1.5-3x,same direction,same direction,same direction,same direction,not a trend day,none,Fri
2019-10-28,pre,1,SOXL,634,96.5683,10:31-12:00,bullish (SOXL),"with, 1-3%",2-3%,>=1.6x,above,<5% (calm),5-15%,<1.5x,same direction,same direction,same direction,same direction,not a trend day,none,Mon
2019-10-29,pre,-1,SOXS,602,221.8525,10:01-10:30,bearish,"against, 0-1%",2-3%,0.8-1.2x,above,<5% (calm),<5% of range,1.5-3x,same direction,same direction,same direction,same direction,not a trend day,none,Tue
2019-10-30,pre,-1,SOXS,598,-18.5593,09:51-10:00,bearish,"against, >1%",2-3%,<0.8x,above,<5% (calm),<5% of range,<1.5x,same direction,same direction,same direction,opposite,not a trend day,chip earnings reaction,Wed
2019-10-31,pre,-1,SOXS,586,-125.2265,09:51-10:00,bearish,"with, 1-3%",2-3%,0.8-1.2x,above,<5% (calm),<5% of range,<1.5x,same direction,same direction,same direction,same direction,not a trend day,none,Thu
2019-11-01,pre,1,SOXL,586,270.8784,09:51-10:00,bullish (SOXL),"with, 1-3%",<2%,<0.8x,above,<5% (calm),<5% of range,<1.5x,same direction,same direction,same direction,same direction,not a trend day,08:30 data (CPI/jobs),Fri
2019-11-04,pre,1,SOXL,808,87.1890,after 12:00,bullish (SOXL),"with, >3%",<2%,1.2-1.6x,above,<5% (calm),<5% of range,>=3x,same direction,same direction,same direction,same direction,not a trend day,none,Mon
2019-11-05,pre,-1,SOXS,586,-167.0054,09:51-10:00,bearish,"against, >1%",<2%,<0.8x,above,<5% (calm),>=15% of range,1.5-3x,same direction,same direction,same direction,opposite,not a trend day,none,Tue
2019-11-06,pre,-1,SOXS,590,-55.7914,09:51-10:00,bearish,"with, 0-1%",2-3%,<0.8x,above,<5% (calm),5-15%,1.5-3x,same direction,same direction,same direction,same direction,not a trend day,none,Wed
2019-11-07,pre,1,SOXL,652,-136.3693,10:31-12:00,bullish (SOXL),"with, >3%",<2%,0.8-1.2x,above,<5% (calm),5-15%,1.5-3x,same direction,opposite,same direction,same direction,not a trend day,none,Thu
2019-11-08,pre,1,SOXL,593,-189.9400,09:51-10:00,bullish (SOXL),"against, >1%",<2%,<0.8x,above,<5% (calm),5-15%,<1.5x,same direction,same direction,same direction,opposite,not a trend day,none,Fri
2019-11-11,pre,1,SOXL,608,45.2356,10:01-10:30,bullish (SOXL),"against, >1%",<2%,<0.8x,above,<5% (calm),<5% of range,1.5-3x,same direction,opposite,same direction,opposite,not a trend day,none,Mon
2019-11-12,pre,1,SOXL,644,-128.7986,10:31-12:00,bullish (SOXL),"with, 1-3%",<2%,<0.8x,above,<5% (calm),<5% of range,<1.5x,same direction,same direction,same direction,same direction,not a trend day,none,Tue
2019-11-13,pre,-1,SOXS,590,-120.8148,09:51-10:00,bearish,"with, 1-3%",<2%,<0.8x,above,<5% (calm),>=15% of range,<1.5x,same direction,same direction,opposite,same direction,not a trend day,none,Wed
2019-11-14,pre,-1,SOXS,587,-149.0889,09:51-10:00,bearish,"with, 0-1%",<2%,<0.8x,above,<5% (calm),5-15%,<1.5x,same direction,same direction,opposite,same direction,not a trend day,none,Thu
2019-11-15,pre,-1,SOXS,599,57.5024,09:51-10:00,bearish,"against, >1%",<2%,1.2-1.6x,above,<5% (calm),5-15%,1.5-3x,same direction,same direction,same direction,opposite,not a trend day,chip earnings reaction,Fri
2019-11-18,pre,1,SOXL,651,-92.1918,10:31-12:00,bullish (SOXL),"with, 0-1%",2-3%,<0.8x,above,<5% (calm),<5% of range,<1.5x,opposite,same direction,opposite,opposite,not a trend day,none,Mon
2019-11-19,pre,-1,SOXS,592,145.2221,09:51-10:00,bearish,"against, >1%",<2%,<0.8x,above,<5% (calm),>=15% of range,>=3x,same direction,same direction,same direction,opposite,not a trend day,none,Tue
2019-11-20,pre,-1,SOXS,625,-135.8790,10:01-10:30,bearish,"with, 1-3%",<2%,<0.8x,above,<5% (calm),<5% of range,<1.5x,same direction,opposite,opposite,same direction,not a trend day,none,Wed
2019-11-21,pre,1,SOXL,607,-264.7720,10:01-10:30,bullish (SOXL),"against, >1%",2-3%,0.8-1.2x,above,<5% (calm),5-15%,1.5-3x,same direction,same direction,opposite,opposite,not a trend day,chip earnings reaction,Thu
2019-11-22,pre,-1,SOXS,618,79.1754,10:01-10:30,bearish,"against, >1%",<2%,1.2-1.6x,above,<5% (calm),5-15%,<1.5x,same direction,opposite,same direction,opposite,not a trend day,08:30 data (CPI/jobs),Fri
2019-11-25,pre,1,SOXL,586,217.6921,09:51-10:00,bullish (SOXL),"with, 1-3%",<2%,1.2-1.6x,above,<5% (calm),<5% of range,<1.5x,same direction,same direction,same direction,same direction,not a trend day,none,Mon
2019-11-29,pre,-1,SOXS,735,79.7032,after 12:00,bearish,"with, 1-3%",<2%,<0.8x,above,<5% (calm),<5% of range,1.5-3x,same direction,same direction,same direction,same direction,not a trend day,none,Fri
2019-12-02,pre,-1,SOXS,601,154.2041,10:01-10:30,bearish,"against, 0-1%",2-3%,0.8-1.2x,above,<5% (calm),>=15% of range,>=3x,same direction,same direction,same direction,opposite,not a trend day,none,Mon
2019-12-03,pre,-1,SOXS,589,-242.0460,09:51-10:00,bearish,"with, >3%",2-3%,>=1.6x,above,<5% (calm),<5% of range,>=3x,same direction,same direction,same direction,same direction,not a trend day,none,Tue
2019-12-04,pre,1,SOXL,590,-32.2180,09:51-10:00,bullish (SOXL),"with, >3%",<2%,1.2-1.6x,above,<5% (calm),5-15%,1.5-3x,same direction,opposite,same direction,same direction,not a trend day,none,Wed
2019-12-05,pre,-1,SOXS,614,-49.3209,10:01-10:30,bearish,"against, >1%",2-3%,0.8-1.2x,above,<5% (calm),<5% of range,<1.5x,same direction,same direction,same direction,opposite,not a trend day,none,Thu
2019-12-06,pre,1,SOXL,586,-78.3861,09:51-10:00,bullish (SOXL),"with, >3%",<2%,1.2-1.6x,above,<5% (calm),5-15%,>=3x,same direction,same direction,same direction,same direction,not a trend day,08:30 data (CPI/jobs),Fri
2019-12-09,pre,-1,SOXS,664,80.3357,10:31-12:00,bearish,"with, 0-1%",<2%,<0.8x,above,<5% (calm),5-15%,1.5-3x,same direction,opposite,opposite,same direction,not a trend day,none,Mon
2019-12-10,pre,1,SOXL,609,-122.4983,10:01-10:30,bullish (SOXL),"with, 1-3%",<2%,<0.8x,above,<5% (calm),5-15%,1.5-3x,same direction,same direction,same direction,same direction,not a trend day,none,Tue
2019-12-11,pre,1,SOXL,592,315.3675,09:51-10:00,bullish (SOXL),"with, 1-3%",2-3%,<0.8x,above,<5% (calm),5-15%,<1.5x,same direction,same direction,same direction,same direction,not a trend day,FOMC day,Wed
2019-12-12,pre,1,SOXL,593,330.9680,09:51-10:00,bullish (SOXL),"against, 0-1%",>=4.5%,>=1.6x,above,<5% (calm),<5% of range,1.5-3x,same direction,same direction,same direction,opposite,not a trend day,none,Thu
2019-12-13,pre,1,SOXL,593,-238.6220,09:51-10:00,bullish (SOXL),"against, 0-1%",2-3%,>=1.6x,above,<5% (calm),<5% of range,1.5-3x,same direction,same direction,same direction,opposite,trend day (>=2%),chip earnings reaction,Fri
2019-12-16,pre,1,SOXL,612,-169.3187,10:01-10:30,bullish (SOXL),"with, >3%",<2%,0.8-1.2x,above,<5% (calm),<5% of range,<1.5x,same direction,opposite,same direction,same direction,not a trend day,none,Mon
2019-12-17,pre,-1,SOXS,594,-147.8493,09:51-10:00,bearish,"against, >1%",<2%,0.8-1.2x,above,<5% (calm),5-15%,1.5-3x,same direction,opposite,same direction,opposite,not a trend day,none,Tue
2019-12-18,pre,-1,SOXS,589,-21.5659,09:51-10:00,bearish,"against, 0-1%",<2%,<0.8x,above,<5% (calm),5-15%,<1.5x,same direction,opposite,same direction,opposite,not a trend day,none,Wed
2019-12-19,pre,1,SOXL,630,52.2081,10:01-10:30,bullish (SOXL),"with, 0-1%",<2%,<0.8x,above,<5% (calm),5-15%,>=3x,same direction,same direction,same direction,same direction,not a trend day,chip earnings reaction,Thu
2019-12-20,pre,1,SOXL,793,21.0336,after 12:00,bullish (SOXL),"with, 1-3%",2-3%,0.8-1.2x,above,<5% (calm),<5% of range,1.5-3x,same direction,same direction,same direction,same direction,not a trend day,none,Fri
2019-12-23,pre,-1,SOXS,597,-39.5106,09:51-10:00,bearish,"against, >1%",2-3%,1.2-1.6x,above,<5% (calm),<5% of range,<1.5x,same direction,same direction,same direction,opposite,not a trend day,chip earnings reaction,Mon
2019-12-24,pre,-1,SOXS,588,-122.5987,09:51-10:00,bearish,"against, 0-1%",<2%,<0.8x,above,<5% (calm),5-15%,1.5-3x,same direction,same direction,same direction,opposite,not a trend day,none,Tue
2019-12-26,pre,1,SOXL,597,-154.5478,09:51-10:00,bullish (SOXL),"with, 0-1%",<2%,<0.8x,above,<5% (calm),<5% of range,1.5-3x,opposite,same direction,same direction,same direction,not a trend day,none,Thu
2019-12-27,pre,-1,SOXS,591,78.4508,09:51-10:00,bearish,"against, >1%",<2%,<0.8x,above,<5% (calm),<5% of range,<1.5x,same direction,same direction,same direction,opposite,not a trend day,none,Fri
2019-12-30,pre,-1,SOXS,587,-126.4351,09:51-10:00,bearish,"with, 0-1%",3-4.5%,0.8-1.2x,above,<5% (calm),<5% of range,1.5-3x,same direction,same direction,same direction,same direction,not a trend day,none,Mon
2019-12-31,pre,1,SOXL,590,-4.1278,09:51-10:00,bullish (SOXL),"against, >1%",2-3%,<0.8x,above,<5% (calm),<5% of range,<1.5x,same direction,same direction,same direction,opposite,not a trend day,none,Tue
2020-01-02,pre,-1,SOXS,616,-204.7628,10:01-10:30,bearish,"against, >1%",<2%,1.2-1.6x,above,<5% (calm),5-15%,>=3x,same direction,same direction,same direction,opposite,not a trend day,none,Thu
2020-01-03,pre,1,SOXL,731,-218.5843,after 12:00,bullish (SOXL),"against, >1%",3-4.5%,>=1.6x,above,<5% (calm),<5% of range,>=3x,same direction,same direction,same direction,opposite,not a trend day,08:30 data (CPI/jobs),Fri
2020-01-06,pre,1,SOXL,588,1.9597,09:51-10:00,bullish (SOXL),"against, >1%",<2%,1.2-1.6x,above,<5% (calm),<5% of range,>=3x,same direction,same direction,same direction,opposite,not a trend day,none,Mon
2020-01-07,pre,1,SOXL,604,119.1179,10:01-10:30,bullish (SOXL),"with, >3%",2-3%,0.8-1.2x,above,<5% (calm),<5% of range,>=3x,same direction,same direction,opposite,same direction,not a trend day,none,Tue
2020-01-08,pre,1,SOXL,596,-153.1978,09:51-10:00,bullish (SOXL),"with, 0-1%",<2%,<0.8x,above,<5% (calm),>=15% of range,1.5-3x,opposite,opposite,same direction,same direction,not a trend day,chip earnings reaction,Wed
2020-01-09,pre,1,SOXL,594,-165.5922,09:51-10:00,bullish (SOXL),"with, >3%",<2%,0.8-1.2x,above,<5% (calm),<5% of range,1.5-3x,opposite,same direction,same direction,same direction,not a trend day,chip earnings reaction,Thu
2020-01-10,pre,-1,SOXS,691,146.0844,10:31-12:00,bearish,"against, >1%",<2%,0.8-1.2x,above,<5% (calm),5-15%,>=3x,same direction,same direction,same direction,opposite,not a trend day,08:30 data (CPI/jobs),Fri
2020-01-13,pre,1,SOXL,590,96.7195,09:51-10:00,bullish (SOXL),"with, 1-3%",<2%,0.8-1.2x,above,<5% (calm),<5% of range,>=3x,same direction,same direction,same direction,same direction,not a trend day,none,Mon
2020-01-14,pre,-1,SOXS,590,-151.4027,09:51-10:00,bearish,"against, 0-1%",<2%,<0.8x,above,<5% (calm),>=15% of range,1.5-3x,same direction,same direction,same direction,same direction,not a trend day,none,Tue
2020-01-15,pre,-1,SOXS,588,137.1319,09:51-10:00,bearish,"with, 0-1%",2-3%,<0.8x,above,<5% (calm),<5% of range,1.5-3x,same direction,same direction,opposite,same direction,not a trend day,none,Wed
2020-01-16,pre,1,SOXL,586,48.8548,09:51-10:00,bullish (SOXL),"with, 1-3%",2-3%,1.2-1.6x,above,<5% (calm),<5% of range,1.5-3x,same direction,same direction,same direction,same direction,not a trend day,08:30 data (CPI/jobs),Thu
2020-01-17,pre,1,SOXL,630,-168.6169,10:01-10:30,bullish (SOXL),"with, 1-3%",<2%,0.8-1.2x,above,<5% (calm),5-15%,>=3x,same direction,opposite,opposite,same direction,not a trend day,none,Fri
2020-01-21,pre,1,SOXL,589,-36.2816,09:51-10:00,bullish (SOXL),"against, >1%",<2%,<0.8x,above,<5% (calm),<5% of range,<1.5x,same direction,same direction,same direction,opposite,not a trend day,none,Tue
2020-01-22,pre,1,SOXL,602,-171.3405,10:01-10:30,bullish (SOXL),"with, 1-3%",<2%,<0.8x,above,<5% (calm),<5% of range,1.5-3x,same direction,same direction,same direction,same direction,not a trend day,chip earnings reaction,Wed
2020-01-23,pre,-1,SOXS,586,-272.2414,09:51-10:00,bearish,"against, >1%",2-3%,0.8-1.2x,above,<5% (calm),5-15%,<1.5x,same direction,same direction,same direction,opposite,not a trend day,none,Thu
2020-01-24,pre,-1,SOXS,586,567.2926,09:51-10:00,bearish,"against, >1%",<2%,1.2-1.6x,above,<5% (calm),<5% of range,>=3x,same direction,same direction,same direction,opposite,not a trend day,chip earnings reaction,Fri
2020-01-27,pre,1,SOXL,593,-246.2944,09:51-10:00,bullish (SOXL),"against, >1%",2-3%,>=1.6x,above,<5% (calm),>=15% of range,<1.5x,same direction,same direction,same direction,opposite,trend day (>=2%),chip earnings reaction,Mon
2020-01-28,pre,-1,SOXS,587,-307.4453,09:51-10:00,bearish,"against, >1%",2-3%,1.2-1.6x,above,<5% (calm),5-15%,1.5-3x,same direction,same direction,same direction,opposite,not a trend day,08:30 data (CPI/jobs),Tue
2020-01-29,pre,-1,SOXS,596,255.3256,09:51-10:00,bearish,"with, 1-3%",<2%,0.8-1.2x,above,<5% (calm),>=15% of range,1.5-3x,same direction,same direction,same direction,same direction,not a trend day,chip earnings reaction,Wed
2020-01-30,pre,1,SOXL,586,-307.8667,09:51-10:00,bullish (SOXL),"against, >1%",2-3%,0.8-1.2x,above,<5% (calm),<5% of range,<1.5x,same direction,same direction,same direction,opposite,not a trend day,none,Thu
2020-01-31,pre,-1,SOXS,587,443.7306,09:51-10:00,bearish,"with, 1-3%",3-4.5%,0.8-1.2x,above,<5% (calm),<5% of range,<1.5x,same direction,same direction,same direction,same direction,not a trend day,none,Fri
2020-02-03,pre,1,SOXL,601,60.2939,10:01-10:30,bullish (SOXL),"with, 1-3%",<2%,1.2-1.6x,above,<5% (calm),<5% of range,1.5-3x,same direction,same direction,same direction,same direction,trend day (>=2%),none,Mon
2020-02-04,pre,1,SOXL,692,22.4519,10:31-12:00,bullish (SOXL),"with, >3%",2-3%,>=1.6x,above,<5% (calm),<5% of range,>=3x,same direction,same direction,same direction,same direction,not a trend day,none,Tue
2020-02-05,pre,-1,SOXS,617,-291.0071,10:01-10:30,bearish,"against, >1%",3-4.5%,>=1.6x,above,<5% (calm),<5% of range,<1.5x,same direction,same direction,same direction,opposite,not a trend day,08:30 data (CPI/jobs),Wed
2020-02-06,pre,-1,SOXS,586,-357.0119,09:51-10:00,bearish,"against, 0-1%",3-4.5%,0.8-1.2x,above,<5% (calm),5-15%,1.5-3x,same direction,same direction,same direction,opposite,not a trend day,08:30 data (CPI/jobs),Thu
2020-02-07,pre,-1,SOXS,603,193.1816,10:01-10:30,bearish,"with, 1-3%",2-3%,1.2-1.6x,above,<5% (calm),5-15%,1.5-3x,same direction,same direction,same direction,same direction,not a trend day,08:30 data (CPI/jobs),Fri
2020-02-10,pre,1,SOXL,599,358.3621,09:51-10:00,bullish (SOXL),"against, >1%",2-3%,<0.8x,above,<5% (calm),5-15%,<1.5x,same direction,same direction,same direction,opposite,not a trend day,none,Mon
2020-02-11,pre,1,SOXL,586,65.6547,09:51-10:00,bullish (SOXL),"with, 1-3%",2-3%,1.2-1.6x,above,<5% (calm),<5% of range,1.5-3x,same direction,same direction,opposite,same direction,trend day (>=2%),none,Tue
2020-02-12,pre,1,SOXL,601,-49.0268,10:01-10:30,bullish (SOXL),"with, >3%",<2%,0.8-1.2x,above,<5% (calm),>=15% of range,1.5-3x,same direction,same direction,same direction,same direction,not a trend day,none,Wed
2020-02-13,pre,1,SOXL,586,78.0457,09:51-10:00,bullish (SOXL),"against, >1%",2-3%,0.8-1.2x,above,<5% (calm),5-15%,<1.5x,same direction,same direction,same direction,opposite,not a trend day,08:30 data (CPI/jobs),Thu
2020-02-14,pre,-1,SOXS,611,116.5627,10:01-10:30,bearish,"against, >1%",2-3%,0.8-1.2x,above,<5% (calm),<5% of range,<1.5x,same direction,same direction,same direction,opposite,not a trend day,chip earnings reaction,Fri
2020-02-18,pre,1,SOXL,588,47.5749,09:51-10:00,bullish (SOXL),"against, >1%",<2%,1.2-1.6x,above,<5% (calm),<5% of range,1.5-3x,same direction,same direction,same direction,opposite,not a trend day,none,Tue
2020-02-19,pre,1,SOXL,593,63.4572,09:51-10:00,bullish (SOXL),"with, >3%",2-3%,0.8-1.2x,above,<5% (calm),<5% of range,1.5-3x,same direction,same direction,same direction,same direction,not a trend day,chip earnings reaction,Wed
2020-02-20,pre,-1,SOXS,587,-190.2717,09:51-10:00,bearish,"with, 1-3%",<2%,0.8-1.2x,above,<5% (calm),5-15%,<1.5x,same direction,same direction,same direction,same direction,not a trend day,none,Thu
2020-02-21,pre,-1,SOXS,586,196.0840,09:51-10:00,bearish,"with, 1-3%",>=4.5%,1.2-1.6x,above,<5% (calm),<5% of range,1.5-3x,same direction,same direction,same direction,same direction,not a trend day,none,Fri
2020-02-24,pre,1,SOXL,587,-269.3326,09:51-10:00,bullish (SOXL),"against, >1%",3-4.5%,>=1.6x,above,5-7%,5-15%,1.5-3x,same direction,same direction,same direction,opposite,trend day (>=2%),08:30 data (CPI/jobs),Mon
2020-02-25,pre,-1,SOXS,586,905.5772,09:51-10:00,bearish,"against, >1%",3-4.5%,1.2-1.6x,above,5-7%,5-15%,>=3x,same direction,same direction,same direction,opposite,not a trend day,none,Tue
2020-02-26,pre,1,SOXL,628,-449.4733,10:01-10:30,bullish (SOXL),"with, 1-3%",3-4.5%,>=1.6x,below,5-7%,<5% of range,>=3x,same direction,same direction,same direction,same direction,trend day (>=2%),none,Wed
2020-02-27,pre,-1,SOXS,588,-372.3206,09:51-10:00,bearish,"with, >3%",3-4.5%,>=1.6x,below,5-7%,5-15%,<1.5x,same direction,same direction,same direction,same direction,not a trend day,08:30 data (CPI/jobs),Thu
2020-02-28,pre,1,SOXL,618,668.9987,10:01-10:30,bullish (SOXL),"against, >1%",>=4.5%,1.2-1.6x,below,5-7%,<5% of range,>=3x,same direction,same direction,same direction,opposite,not a trend day,none,Fri
2020-03-02,pre,-1,SOXS,600,-708.2089,09:51-10:00,bearish,"against, >1%",>=4.5%,>=1.6x,below,5-7%,<5% of range,<1.5x,same direction,same direction,same direction,opposite,trend day (>=2%),none,Mon
2020-03-03,pre,-1,SOXS,597,-559.2816,09:51-10:00,bearish,"against, >1%",>=4.5%,0.8-1.2x,below,5-7%,5-15%,<1.5x,same direction,same direction,same direction,opposite,not a trend day,08:30 data (CPI/jobs),Tue
2020-03-04,pre,-1,SOXS,594,-372.4795,09:51-10:00,bearish,"against, >1%",3-4.5%,<0.8x,below,5-7%,<5% of range,<1.5x,same direction,same direction,same direction,opposite,trend day (>=2%),none,Wed
2020-03-05,pre,1,SOXL,649,-491.9828,10:31-12:00,bullish (SOXL),"against, >1%",>=4.5%,<0.8x,below,5-7%,<5% of range,<1.5x,same direction,same direction,same direction,opposite,trend day (>=2%),08:30 data (CPI/jobs),Thu
2020-03-06,pre,-1,SOXS,589,-254.2429,09:51-10:00,bearish,"with, >3%",2-3%,0.8-1.2x,below,>=7% (volatile),5-15%,<1.5x,opposite,same direction,opposite,same direction,not a trend day,08:30 data (CPI/jobs),Fri
2020-03-09,pre,1,SOXL,593,-444.7942,09:51-10:00,bullish (SOXL),"against, >1%",3-4.5%,<0.8x,below,>=7% (volatile),>=15% of range,1.5-3x,same direction,same direction,same direction,opposite,not a trend day,none,Mon
2020-03-10,pre,-1,SOXS,589,-516.7953,09:51-10:00,bearish,"against, >1%",3-4.5%,0.8-1.2x,below,>=7% (volatile),5-15%,1.5-3x,same direction,same direction,same direction,opposite,not a trend day,08:30 data (CPI/jobs),Tue
2020-03-11,pre,1,SOXL,609,-441.8806,10:01-10:30,bullish (SOXL),"against, >1%",>=4.5%,<0.8x,below,>=7% (volatile),<5% of range,<1.5x,same direction,same direction,same direction,opposite,trend day (>=2%),chip earnings reaction,Wed
2020-03-12,pre,-1,SOXS,591,-170.9889,09:51-10:00,bearish,"with, >3%",2-3%,0.8-1.2x,below,>=7% (volatile),<5% of range,>=3x,same direction,same direction,same direction,same direction,trend day (>=2%),none,Thu
2020-03-13,pre,-1,SOXS,593,-1373.7618,09:51-10:00,bearish,"against, >1%",>=4.5%,>=1.6x,below,>=7% (volatile),<5% of range,>=3x,same direction,same direction,same direction,opposite,trend day (>=2%),chip earnings reaction,Fri
2020-03-16,pre,-1,SOXS,586,-287.8861,09:51-10:00,bearish,"with, >3%",<2%,<0.8x,below,>=7% (volatile),>=15% of range,>=3x,same direction,same direction,same direction,same direction,trend day (>=2%),none,Mon
2020-03-17,pre,-1,SOXS,593,-1862.9818,09:51-10:00,bearish,"against, 0-1%",>=4.5%,>=1.6x,below,>=7% (volatile),<5% of range,<1.5x,same direction,same direction,same direction,same direction,trend day (>=2%),none,Tue
2020-03-18,pre,1,SOXL,602,-1139.1686,10:01-10:30,bullish (SOXL),"against, >1%",>=4.5%,1.2-1.6x,below,>=7% (volatile),<5% of range,<1.5x,same direction,same direction,same direction,opposite,trend day (>=2%),none,Wed
2020-03-19,pre,1,SOXL,595,1271.1936,09:51-10:00,bullish (SOXL),"against, >1%",>=4.5%,0.8-1.2x,below,>=7% (volatile),<5% of range,1.5-3x,same direction,opposite,opposite,opposite,trend day (>=2%),none,Thu
2020-03-20,pre,-1,SOXS,586,-859.5799,09:51-10:00,bearish,"against, >1%",>=4.5%,1.2-1.6x,below,>=7% (volatile),<5% of range,<1.5x,same direction,opposite,same direction,opposite,trend day (>=2%),none,Fri
2020-03-23,pre,1,SOXL,597,-1063.0072,09:51-10:00,bullish (SOXL),"with, >3%",>=4.5%,1.2-1.6x,below,>=7% (volatile),5-15%,1.5-3x,same direction,same direction,same direction,same direction,trend day (>=2%),08:30 data (CPI/jobs),Mon
2020-03-24,pre,1,SOXL,644,289.7082,10:31-12:00,bullish (SOXL),"with, >3%",>=4.5%,>=1.6x,below,>=7% (volatile),<5% of range,>=3x,same direction,same direction,same direction,same direction,trend day (>=2%),none,Tue
2020-03-25,pre,-1,SOXS,593,-834.2278,09:51-10:00,bearish,"against, >1%",>=4.5%,>=1.6x,below,>=7% (volatile),5-15%,1.5-3x,same direction,opposite,same direction,opposite,trend day (>=2%),none,Wed
2020-03-26,pre,1,SOXL,606,695.8955,10:01-10:30,bullish (SOXL),"with, >3%",>=4.5%,1.2-1.6x,below,>=7% (volatile),>=15% of range,1.5-3x,same direction,same direction,same direction,same direction,trend day (>=2%),chip earnings reaction,Thu
2020-03-27,pre,1,SOXL,677,-661.0972,10:31-12:00,bullish (SOXL),"against, >1%",>=4.5%,1.2-1.6x,below,>=7% (volatile),<5% of range,1.5-3x,same direction,same direction,same direction,opposite,trend day (>=2%),08:30 data (CPI/jobs),Fri
2020-03-30,pre,1,SOXL,613,447.4224,10:01-10:30,bullish (SOXL),"with, >3%",>=4.5%,1.2-1.6x,below,>=7% (volatile),<5% of range,<1.5x,same direction,same direction,same direction,same direction,trend day (>=2%),none,Mon
2020-03-31,pre,1,SOXL,612,-466.0828,10:01-10:30,bullish (SOXL),"with, 0-1%",3-4.5%,0.8-1.2x,below,>=7% (volatile),5-15%,1.5-3x,same direction,same direction,same direction,same direction,trend day (>=2%),none,Tue
2020-04-01,pre,1,SOXL,616,-559.4423,10:01-10:30,bullish (SOXL),"against, >1%",>=4.5%,0.8-1.2x,below,>=7% (volatile),5-15%,<1.5x,same direction,same direction,same direction,opposite,trend day (>=2%),none,Wed
2020-04-02,pre,1,SOXL,611,446.1448,10:01-10:30,bullish (SOXL),"against, >1%",>=4.5%,0.8-1.2x,below,>=7% (volatile),5-15%,<1.5x,same direction,same direction,same direction,opposite,trend day (>=2%),none,Thu
2020-04-03,pre,-1,SOXS,619,308.5313,10:01-10:30,bearish,"against, 0-1%",>=4.5%,0.8-1.2x,below,>=7% (volatile),<5% of range,<1.5x,same direction,same direction,same direction,same direction,trend day (>=2%),none,Fri
2020-04-06,pre,1,SOXL,586,1159.3369,09:51-10:00,bullish (SOXL),"with, >3%",3-4.5%,>=1.6x,below,>=7% (volatile),5-15%,1.5-3x,same direction,same direction,opposite,same direction,not a trend day,none,Mon
2020-04-07,pre,-1,SOXS,610,394.6221,10:01-10:30,bearish,"against, >1%",>=4.5%,>=1.6x,below,>=7% (volatile),<5% of range,>=3x,same direction,same direction,same direction,opposite,trend day (>=2%),none,Tue
2020-04-08,pre,-1,SOXS,590,-460.2954,09:51-10:00,bearish,"against, >1%",3-4.5%,0.8-1.2x,below,>=7% (volatile),>=15% of range,>=3x,same direction,same direction,same direction,opposite,trend day (>=2%),none,Wed
2020-04-09,pre,-1,SOXS,608,900.9925,10:01-10:30,bearish,"against, >1%",3-4.5%,1.2-1.6x,below,>=7% (volatile),5-15%,>=3x,same direction,same direction,same direction,opposite,not a trend day,none,Thu
2020-04-13,pre,1,SOXL,612,268.1086,10:01-10:30,bullish (SOXL),"against, 0-1%",3-4.5%,0.8-1.2x,below,>=7% (volatile),<5% of range,<1.5x,same direction,same direction,same direction,opposite,trend day (>=2%),none,Mon
2020-04-14,pre,1,SOXL,586,269.1189,09:51-10:00,bullish (SOXL),"with, >3%",2-3%,1.2-1.6x,below,>=7% (volatile),5-15%,1.5-3x,same direction,same direction,same direction,same direction,not a trend day,none,Tue
2020-04-15,pre,-1,SOXS,586,-239.8916,09:51-10:00,bearish,"with, >3%",>=4.5%,0.8-1.2x,above,>=7% (volatile),<5% of range,1.5-3x,same direction,same direction,same direction,same direction,trend day (>=2%),08:30 data (CPI/jobs),Wed
2020-04-16,pre,1,SOXL,587,-286.7716,09:51-10:00,bullish (SOXL),"with, >3%",2-3%,0.8-1.2x,above,>=7% (volatile),5-15%,<1.5x,same direction,same direction,same direction,same direction,not a trend day,none,Thu
2020-04-17,pre,-1,SOXS,619,-120.6396,10:01-10:30,bearish,"against, >1%",3-4.5%,0.8-1.2x,above,>=7% (volatile),5-15%,1.5-3x,same direction,same direction,same direction,opposite,not a trend day,none,Fri
2020-04-20,pre,1,SOXL,617,-271.1890,10:01-10:30,bullish (SOXL),"against, >1%",2-3%,<0.8x,above,>=7% (volatile),<5% of range,<1.5x,same direction,same direction,same direction,opposite,not a trend day,none,Mon
2020-04-21,pre,-1,SOXS,592,723.7234,09:51-10:00,bearish,"with, >3%",3-4.5%,<0.8x,above,>=7% (volatile),5-15%,<1.5x,same direction,same direction,same direction,same direction,not a trend day,none,Tue
2020-04-22,pre,1,SOXL,599,594.8184,09:51-10:00,bullish (SOXL),"with, >3%",2-3%,0.8-1.2x,above,>=7% (volatile),<5% of range,<1.5x,same direction,same direction,same direction,same direction,trend day (>=2%),none,Wed
2020-04-23,pre,-1,SOXS,594,-325.1384,09:51-10:00,bearish,"against, 0-1%",2-3%,<0.8x,above,>=7% (volatile),<5% of range,<1.5x,same direction,opposite,opposite,opposite,trend day (>=2%),none,Thu
2020-04-24,pre,-1,SOXS,588,-315.9616,09:51-10:00,bearish,"against, 0-1%",2-3%,<0.8x,above,>=7% (volatile),5-15%,<1.5x,same direction,same direction,same direction,opposite,not a trend day,none,Fri
2020-04-27,pre,1,SOXL,588,-303.3683,09:51-10:00,bullish (SOXL),"with, >3%",2-3%,0.8-1.2x,above,>=7% (volatile),5-15%,1.5-3x,same direction,same direction,opposite,same direction,trend day (>=2%),none,Mon
2020-04-29,pre,1,SOXL,592,605.3743,09:51-10:00,bullish (SOXL),"with, >3%",2-3%,0.8-1.2x,above,>=7% (volatile),5-15%,<1.5x,same direction,same direction,same direction,same direction,trend day (>=2%),chip earnings reaction,Wed
2020-05-04,pre,1,SOXL,586,332.7279,09:51-10:00,bullish (SOXL),"against, >1%",2-3%,<0.8x,above,>=7% (volatile),>=15% of range,<1.5x,same direction,same direction,same direction,opposite,trend day (>=2%),none,Mon
2020-05-05,pre,1,SOXL,589,-291.6710,09:51-10:00,bullish (SOXL),"with, >3%",2-3%,1.2-1.6x,above,>=7% (volatile),>=15% of range,<1.5x,same direction,same direction,same direction,same direction,not a trend day,none,Tue
2020-05-06,pre,1,SOXL,593,-388.3456,09:51-10:00,bullish (SOXL),"with, >3%",3-4.5%,0.8-1.2x,above,>=7% (volatile),5-15%,<1.5x,same direction,same direction,same direction,same direction,not a trend day,none,Wed
2020-05-08,pre,1,SOXL,586,363.4881,09:51-10:00,bullish (SOXL),"with, >3%",2-3%,0.8-1.2x,above,>=7% (volatile),5-15%,1.5-3x,same direction,same direction,opposite,same direction,not a trend day,08:30 data (CPI/jobs),Fri
2020-05-11,pre,1,SOXL,586,84.2591,09:51-10:00,bullish (SOXL),"against, >1%",2-3%,<0.8x,above,>=7% (volatile),>=15% of range,<1.5x,same direction,same direction,same direction,opposite,not a trend day,none,Mon
2020-05-13,pre,1,SOXL,629,-563.4493,10:01-10:30,bullish (SOXL),"with, 1-3%",>=4.5%,0.8-1.2x,above,>=7% (volatile),<5% of range,1.5-3x,same direction,same direction,same direction,same direction,trend day (>=2%),none,Wed
2020-05-15,pre,1,SOXL,611,-502.1183,10:01-10:30,bullish (SOXL),"against, >1%",>=4.5%,1.2-1.6x,above,>=7% (volatile),5-15%,1.5-3x,same direction,same direction,same direction,opposite,trend day (>=2%),none,Fri
2020-05-18,pre,1,SOXL,632,454.8915,10:31-12:00,bullish (SOXL),"with, >3%",2-3%,1.2-1.6x,above,>=7% (volatile),<5% of range,<1.5x,same direction,opposite,same direction,same direction,not a trend day,none,Mon
2020-05-19,pre,1,SOXL,597,-263.1045,09:51-10:00,bullish (SOXL),"against, 0-1%",3-4.5%,0.8-1.2x,above,>=7% (volatile),5-15%,<1.5x,same direction,same direction,same direction,opposite,trend day (>=2%),none,Tue
2020-05-20,pre,1,SOXL,594,179.2754,09:51-10:00,bullish (SOXL),"with, >3%",2-3%,0.8-1.2x,above,>=7% (volatile),>=15% of range,<1.5x,same direction,opposite,same direction,same direction,not a trend day,none,Wed
2020-05-22,pre,1,SOXL,785,9.7738,after 12:00,bullish (SOXL),"with, 0-1%",>=4.5%,<0.8x,above,>=7% (volatile),<5% of range,<1.5x,same direction,same direction,same direction,same direction,trend day (>=2%),chip earnings reaction,Fri
2020-05-29,pre,1,SOXL,587,-292.0610,09:51-10:00,bullish (SOXL),"with, 1-3%",2-3%,<0.8x,above,>=7% (volatile),>=15% of range,<1.5x,same direction,same direction,same direction,same direction,not a trend day,none,Fri
2020-06-01,pre,1,SOXL,587,-9.6526,09:51-10:00,bullish (SOXL),"against, >1%",2-3%,0.8-1.2x,above,>=7% (volatile),5-15%,<1.5x,same direction,opposite,same direction,opposite,trend day (>=2%),none,Mon
2020-06-02,pre,1,SOXL,593,406.7554,09:51-10:00,bullish (SOXL),"with, 0-1%",<2%,<0.8x,above,>=7% (volatile),<5% of range,<1.5x,same direction,opposite,opposite,same direction,not a trend day,none,Tue
2020-06-03,pre,1,SOXL,644,103.4635,10:31-12:00,bullish (SOXL),"with, >3%",3-4.5%,0.8-1.2x,above,>=7% (volatile),<5% of range,>=3x,same direction,opposite,opposite,same direction,not a trend day,none,Wed
2020-06-04,pre,1,SOXL,587,229.9455,09:51-10:00,bullish (SOXL),"against, 0-1%",<2%,<0.8x,above,>=7% (volatile),5-15%,<1.5x,same direction,same direction,same direction,opposite,not a trend day,none,Thu
2020-06-05,pre,1,SOXL,745,-301.0298,after 12:00,bullish (SOXL),"with, >3%",3-4.5%,0.8-1.2x,above,>=7% (volatile),<5% of range,<1.5x,same direction,same direction,same direction,same direction,not a trend day,08:30 data (CPI/jobs),Fri
2020-06-09,pre,1,SOXL,587,189.5131,09:51-10:00,bullish (SOXL),"against, >1%",2-3%,0.8-1.2x,above,>=7% (volatile),5-15%,<1.5x,same direction,same direction,same direction,opposite,not a trend day,none,Tue
2020-06-10,pre,1,SOXL,600,-209.9990,09:51-10:00,bullish (SOXL),"with, 1-3%",<2%,<0.8x,above,>=7% (volatile),<5% of range,<1.5x,same direction,same direction,same direction,same direction,not a trend day,FOMC day,Wed
2020-06-11,pre,1,SOXL,615,-488.5831,10:01-10:30,bullish (SOXL),"against, >1%",>=4.5%,1.2-1.6x,above,>=7% (volatile),<5% of range,>=3x,same direction,same direction,same direction,opposite,not a trend day,none,Thu
2020-06-15,pre,1,SOXL,596,777.8078,09:51-10:00,bullish (SOXL),"against, >1%",3-4.5%,<0.8x,above,>=7% (volatile),5-15%,<1.5x,same direction,same direction,same direction,opposite,not a trend day,chip earnings reaction,Mon
2020-06-16,pre,1,SOXL,586,-252.8049,09:51-10:00,bullish (SOXL),"with, >3%",2-3%,0.8-1.2x,above,>=7% (volatile),5-15%,<1.5x,same direction,opposite,same direction,same direction,trend day (>=2%),none,Tue
2020-06-17,pre,1,SOXL,586,-236.6582,09:51-10:00,bullish (SOXL),"with, 1-3%",2-3%,<0.8x,above,>=7% (volatile),<5% of range,<1.5x,same direction,same direction,same direction,same direction,not a trend day,none,Wed
2020-06-18,pre,1,SOXL,660,-259.1342,10:31-12:00,bullish (SOXL),"against, >1%",2-3%,<0.8x,above,5-7%,5-15%,<1.5x,same direction,opposite,same direction,opposite,not a trend day,08:30 data (CPI/jobs),Thu
2020-06-19,pre,1,SOXL,590,-207.7015,09:51-10:00,bullish (SOXL),"with, >3%",<2%,0.8-1.2x,above,5-7%,<5% of range,<1.5x,same direction,same direction,same direction,same direction,not a trend day,none,Fri
2020-06-22,pre,1,SOXL,624,136.2344,10:01-10:30,bullish (SOXL),"with, 0-1%",3-4.5%,<0.8x,above,5-7%,<5% of range,<1.5x,same direction,same direction,same direction,same direction,not a trend day,none,Mon
2020-06-30,pre,1,SOXL,587,261.7610,09:51-10:00,bullish (SOXL),"with, 1-3%",>=4.5%,1.2-1.6x,above,>=7% (volatile),<5% of range,1.5-3x,same direction,same direction,same direction,same direction,not a trend day,chip earnings reaction,Tue
2020-07-02,pre,1,SOXL,589,-152.9166,09:51-10:00,bullish (SOXL),"with, >3%",<2%,0.8-1.2x,above,>=7% (volatile),<5% of range,1.5-3x,same direction,same direction,same direction,same direction,not a trend day,08:30 data (CPI/jobs),Thu
2020-07-06,pre,1,SOXL,596,18.9751,09:51-10:00,bullish (SOXL),"with, >3%",2-3%,0.8-1.2x,above,5-7%,>=15% of range,1.5-3x,same direction,same direction,same direction,same direction,not a trend day,none,Mon
2020-07-07,pre,1,SOXL,587,-180.9609,09:51-10:00,bullish (SOXL),"against, >1%",<2%,<0.8x,above,5-7%,5-15%,<1.5x,same direction,same direction,same direction,opposite,not a trend day,none,Tue
2020-07-08,pre,1,SOXL,602,-172.4839,10:01-10:30,bullish (SOXL),"with, 1-3%",<2%,<0.8x,above,5-7%,5-15%,<1.5x,same direction,same direction,same direction,same direction,not a trend day,none,Wed
2020-07-09,pre,1,SOXL,601,-201.9709,10:01-10:30,bullish (SOXL),"with, 1-3%",<2%,<0.8x,above,5-7%,>=15% of range,<1.5x,same direction,same direction,opposite,same direction,not a trend day,none,Thu
2020-07-16,pre,1,SOXL,593,-212.7620,09:51-10:00,bullish (SOXL),"against, >1%",<2%,<0.8x,above,5-7%,>=15% of range,<1.5x,same direction,same direction,same direction,opposite,not a trend day,none,Thu
2020-07-20,pre,1,SOXL,609,504.6839,10:01-10:30,bullish (SOXL),"with, 0-1%",2-3%,<0.8x,above,5-7%,<5% of range,<1.5x,same direction,same direction,same direction,same direction,not a trend day,none,Mon
2020-07-22,pre,1,SOXL,586,-181.9334,09:51-10:00,bullish (SOXL),"with, 0-1%",<2%,<0.8x,above,5-7%,5-15%,<1.5x,opposite,same direction,same direction,same direction,not a trend day,none,Wed
2020-07-23,pre,1,SOXL,590,-137.5209,09:51-10:00,bullish (SOXL),"against, 0-1%",<2%,<0.8x,above,5-7%,>=15% of range,<1.5x,same direction,same direction,same direction,opposite,not a trend day,none,Thu
2020-07-24,pre,1,SOXL,604,-69.3869,10:01-10:30,bullish (SOXL),"against, >1%",>=4.5%,>=1.6x,above,5-7%,<5% of range,<1.5x,same direction,same direction,opposite,opposite,not a trend day,chip earnings reaction,Fri
2020-07-27,pre,1,SOXL,590,149.9516,09:51-10:00,bullish (SOXL),"with, >3%",3-4.5%,1.2-1.6x,above,5-7%,<5% of range,1.5-3x,same direction,same direction,same direction,same direction,not a trend day,none,Mon
2020-07-29,pre,1,SOXL,644,157.4530,10:31-12:00,bullish (SOXL),"with, >3%",<2%,0.8-1.2x,above,5-7%,<5% of range,1.5-3x,same direction,same direction,same direction,same direction,not a trend day,chip earnings reaction,Wed
2020-07-30,pre,1,SOXL,586,362.6052,09:51-10:00,bullish (SOXL),"against, >1%",2-3%,>=1.6x,above,5-7%,5-15%,1.5-3x,same direction,same direction,same direction,opposite,not a trend day,none,Thu
2020-08-03,pre,1,SOXL,591,27.7287,09:51-10:00,bullish (SOXL),"with, 1-3%",3-4.5%,1.2-1.6x,above,5-7%,<5% of range,>=3x,same direction,same direction,same direction,same direction,not a trend day,none,Mon
2020-08-04,pre,1,SOXL,587,226.1934,09:51-10:00,bullish (SOXL),"against, 0-1%",2-3%,<0.8x,above,5-7%,>=15% of range,<1.5x,same direction,same direction,same direction,opposite,not a trend day,none,Tue
2020-08-05,pre,1,SOXL,596,-43.9786,09:51-10:00,bullish (SOXL),"against, 0-1%",2-3%,0.8-1.2x,above,5-7%,<5% of range,<1.5x,same direction,same direction,same direction,opposite,not a trend day,chip earnings reaction,Wed
2020-08-07,pre,1,SOXL,591,-161.2964,09:51-10:00,bullish (SOXL),"against, 0-1%",<2%,<0.8x,above,5-7%,5-15%,<1.5x,same direction,same direction,same direction,opposite,not a trend day,08:30 data (CPI/jobs),Fri
2020-08-11,pre,1,SOXL,586,-355.4086,09:51-10:00,bullish (SOXL),"against, 0-1%",3-4.5%,<0.8x,above,5-7%,5-15%,1.5-3x,same direction,same direction,same direction,opposite,not a trend day,none,Tue
2020-08-12,pre,1,SOXL,592,604.7163,09:51-10:00,bullish (SOXL),"with, 1-3%",<2%,<0.8x,above,5-7%,<5% of range,<1.5x,same direction,same direction,same direction,same direction,not a trend day,none,Wed
2020-08-20,pre,1,SOXL,586,-309.0352,09:51-10:00,bullish (SOXL),"against, >1%",2-3%,1.2-1.6x,above,5-7%,>=15% of range,<1.5x,same direction,same direction,same direction,opposite,not a trend day,chip earnings reaction,Thu
2020-08-21,pre,1,SOXL,600,173.2695,09:51-10:00,bullish (SOXL),"with, 0-1%",<2%,<0.8x,above,5-7%,<5% of range,<1.5x,same direction,same direction,same direction,opposite,not a trend day,none,Fri
2020-08-24,pre,1,SOXL,586,-134.3314,09:51-10:00,bullish (SOXL),"with, >3%",<2%,0.8-1.2x,above,<5% (calm),5-15%,<1.5x,same direction,opposite,same direction,same direction,not a trend day,none,Mon
2020-08-25,pre,1,SOXL,824,45.4813,after 12:00,bullish (SOXL),"with, 0-1%",2-3%,1.2-1.6x,above,<5% (calm),<5% of range,>=3x,same direction,same direction,same direction,same direction,not a trend day,none,Tue
2020-08-28,pre,1,SOXL,597,318.0848,09:51-10:00,bullish (SOXL),"with, 0-1%",<2%,<0.8x,above,<5% (calm),5-15%,1.5-3x,same direction,same direction,same direction,same direction,not a trend day,none,Fri
2020-08-31,pre,-1,SOXS,586,-217.0363,09:51-10:00,bearish,"with, 0-1%",2-3%,0.8-1.2x,above,<5% (calm),<5% of range,<1.5x,same direction,same direction,opposite,same direction,not a trend day,08:30 data (CPI/jobs),Mon
2020-09-01,pre,1,SOXL,586,183.6964,09:51-10:00,bullish (SOXL),"with, 1-3%",2-3%,<0.8x,above,<5% (calm),>=15% of range,1.5-3x,same direction,same direction,opposite,same direction,not a trend day,none,Tue
2020-09-02,pre,-1,SOXS,591,-204.1645,09:51-10:00,bearish,"against, >1%",<2%,1.2-1.6x,above,<5% (calm),<5% of range,>=3x,same direction,same direction,same direction,opposite,not a trend day,none,Wed
2020-09-03,pre,-1,SOXS,617,768.2924,10:01-10:30,bearish,"with, >3%",>=4.5%,>=1.6x,above,<5% (calm),<5% of range,>=3x,same direction,same direction,same direction,same direction,not a trend day,none,Thu
2020-09-04,pre,-1,SOXS,588,-62.6813,09:51-10:00,bearish,"with, 1-3%",>=4.5%,>=1.6x,above,<5% (calm),5-15%,>=3x,same direction,same direction,same direction,same direction,trend day (>=2%),chip earnings reaction,Fri
2020-09-08,pre,1,SOXL,594,-476.5166,09:51-10:00,bullish (SOXL),"against, >1%",3-4.5%,>=1.6x,above,<5% (calm),5-15%,1.5-3x,same direction,same direction,same direction,opposite,not a trend day,none,Tue
2020-09-09,pre,-1,SOXS,586,-284.2346,09:51-10:00,bearish,"against, >1%",2-3%,0.8-1.2x,above,<5% (calm),5-15%,1.5-3x,same direction,same direction,same direction,opposite,not a trend day,none,Wed
2020-09-10,pre,-1,SOXS,591,645.3732,09:51-10:00,bearish,"against, >1%",2-3%,0.8-1.2x,above,<5% (calm),5-15%,<1.5x,same direction,same direction,same direction,opposite,not a trend day,none,Thu
2020-09-11,pre,1,SOXL,588,-303.9250,09:51-10:00,bullish (SOXL),"with, 1-3%",2-3%,0.8-1.2x,above,<5% (calm),>=15% of range,<1.5x,same direction,same direction,opposite,same direction,trend day (>=2%),none,Fri
2020-09-14,pre,1,SOXL,586,-188.7836,09:51-10:00,bullish (SOXL),"with, >3%",<2%,0.8-1.2x,below,5-7%,<5% of range,<1.5x,same direction,same direction,same direction,same direction,not a trend day,none,Mon
2020-09-15,pre,1,SOXL,603,22.9868,10:01-10:30,bullish (SOXL),"with, >3%",<2%,0.8-1.2x,above,5-7%,5-15%,1.5-3x,same direction,opposite,same direction,same direction,not a trend day,none,Tue
2020-09-16,pre,-1,SOXS,645,334.7827,10:31-12:00,bearish,"against, >1%",<2%,<0.8x,above,5-7%,5-15%,>=3x,same direction,same direction,same direction,opposite,not a trend day,FOMC day,Wed
2020-09-17,pre,1,SOXL,588,495.9431,09:51-10:00,bullish (SOXL),"against, >1%",3-4.5%,1.2-1.6x,above,5-7%,<5% of range,<1.5x,same direction,same direction,same direction,opposite,not a trend day,08:30 data (CPI/jobs),Thu
2020-09-18,pre,-1,SOXS,587,448.9619,09:51-10:00,bearish,"against, >1%",2-3%,<0.8x,below,5-7%,<5% of range,1.5-3x,same direction,same direction,same direction,opposite,trend day (>=2%),none,Fri
2020-09-21,pre,1,SOXL,718,138.0217,10:31-12:00,bullish (SOXL),"against, >1%",>=4.5%,>=1.6x,below,5-7%,<5% of range,>=3x,same direction,same direction,same direction,opposite,trend day (>=2%),none,Mon
2020-09-22,pre,-1,SOXS,587,-376.0867,09:51-10:00,bearish,"against, >1%",3-4.5%,0.8-1.2x,below,>=7% (volatile),<5% of range,<1.5x,same direction,same direction,same direction,opposite,not a trend day,none,Tue
2020-09-23,pre,1,SOXL,587,-182.1821,09:51-10:00,bullish (SOXL),"against, 0-1%",<2%,<0.8x,below,>=7% (volatile),<5% of range,<1.5x,same direction,same direction,opposite,opposite,not a trend day,none,Wed
2020-09-24,pre,1,SOXL,586,209.4647,09:51-10:00,bullish (SOXL),"against, >1%",2-3%,0.8-1.2x,below,>=7% (volatile),>=15% of range,1.5-3x,same direction,same direction,same direction,opposite,trend day (>=2%),none,Thu
2020-09-25,pre,-1,SOXS,588,-402.5785,09:51-10:00,bearish,"against, 0-1%",3-4.5%,1.2-1.6x,below,>=7% (volatile),>=15% of range,1.5-3x,same direction,same direction,same direction,opposite,not a trend day,none,Fri
2020-09-28,pre,-1,SOXS,589,-220.4219,09:51-10:00,bearish,"against, >1%",<2%,0.8-1.2x,below,>=7% (volatile),5-15%,<1.5x,same direction,same direction,same direction,opposite,not a trend day,none,Mon
2020-09-29,pre,1,SOXL,588,-75.1432,09:51-10:00,bullish (SOXL),"against, 0-1%",2-3%,<0.8x,above,>=7% (volatile),>=15% of range,1.5-3x,same direction,same direction,same direction,opposite,not a trend day,none,Tue
2020-09-30,pre,1,SOXL,589,58.6216,09:51-10:00,bullish (SOXL),"against, 0-1%",<2%,<0.8x,above,>=7% (volatile),5-15%,<1.5x,same direction,same direction,same direction,opposite,not a trend day,chip earnings reaction,Wed
2020-10-01,pre,-1,SOXS,612,-318.3171,10:01-10:30,bearish,"against, >1%",2-3%,>=1.6x,above,>=7% (volatile),5-15%,1.5-3x,same direction,same direction,same direction,opposite,not a trend day,08:30 data (CPI/jobs),Thu
2020-10-02,pre,1,SOXL,602,-356.0217,10:01-10:30,bullish (SOXL),"against, >1%",3-4.5%,1.2-1.6x,above,>=7% (volatile),<5% of range,<1.5x,same direction,same direction,same direction,opposite,not a trend day,none,Fri
2020-10-05,pre,1,SOXL,595,382.2250,09:51-10:00,bullish (SOXL),"with, 1-3%",2-3%,0.8-1.2x,below,>=7% (volatile),<5% of range,1.5-3x,same direction,same direction,same direction,same direction,not a trend day,none,Mon
2020-10-06,pre,1,SOXL,601,-156.6876,10:01-10:30,bullish (SOXL),"against, 0-1%",<2%,<0.8x,above,>=7% (volatile),5-15%,<1.5x,same direction,same direction,same direction,opposite,trend day (>=2%),none,Tue
2020-10-07,pre,1,SOXL,589,-177.9623,09:51-10:00,bullish (SOXL),"with, >3%",<2%,0.8-1.2x,below,>=7% (volatile),<5% of range,<1.5x,same direction,same direction,same direction,same direction,not a trend day,none,Wed
2020-10-08,pre,-1,SOXS,586,-124.8721,09:51-10:00,bearish,"against, >1%",<2%,0.8-1.2x,above,>=7% (volatile),>=15% of range,<1.5x,same direction,same direction,same direction,opposite,not a trend day,none,Thu
2020-10-09,pre,-1,SOXS,624,-258.1152,10:01-10:30,bearish,"against, >1%",2-3%,>=1.6x,above,5-7%,<5% of range,>=3x,same direction,same direction,opposite,opposite,not a trend day,none,Fri
2020-10-12,pre,1,SOXL,665,73.1874,10:31-12:00,bullish (SOXL),"with, >3%",<2%,0.8-1.2x,above,5-7%,<5% of range,<1.5x,opposite,same direction,same direction,same direction,not a trend day,none,Mon
2020-10-13,pre,1,SOXL,671,-96.6283,10:31-12:00,bullish (SOXL),"with, 0-1%",3-4.5%,1.2-1.6x,above,5-7%,<5% of range,>=3x,same direction,opposite,opposite,same direction,not a trend day,none,Tue
2020-10-14,pre,1,SOXL,588,-126.0044,09:51-10:00,bullish (SOXL),"with, 0-1%",<2%,<0.8x,above,5-7%,<5% of range,<1.5x,same direction,same direction,same direction,same direction,not a trend day,none,Wed
2020-10-15,pre,1,SOXL,590,256.4347,09:51-10:00,bullish (SOXL),"against, >1%",2-3%,0.8-1.2x,above,5-7%,<5% of range,<1.5x,same direction,same direction,same direction,opposite,not a trend day,08:30 data (CPI/jobs),Thu
2020-10-16,pre,-1,SOXS,669,122.5501,10:31-12:00,bearish,"against, >1%",2-3%,<0.8x,above,5-7%,5-15%,<1.5x,same direction,same direction,same direction,opposite,not a trend day,none,Fri
2020-10-19,pre,-1,SOXS,638,371.3361,10:31-12:00,bearish,"against, >1%",2-3%,<0.8x,above,5-7%,>=15% of range,>=3x,same direction,same direction,same direction,opposite,not a trend day,none,Mon
2020-10-20,pre,1,SOXL,606,-193.5703,10:01-10:30,bullish (SOXL),"with, 1-3%",<2%,<0.8x,above,5-7%,5-15%,<1.5x,same direction,same direction,same direction,same direction,not a trend day,none,Tue
2020-10-21,pre,1,SOXL,595,-193.9298,09:51-10:00,bullish (SOXL),"with, 0-1%",<2%,<0.8x,above,5-7%,>=15% of range,<1.5x,same direction,same direction,same direction,same direction,not a trend day,none,Wed
2020-10-22,pre,-1,SOXS,632,-269.9329,10:31-12:00,bearish,"against, 0-1%",2-3%,<0.8x,above,<5% (calm),5-15%,1.5-3x,same direction,same direction,same direction,opposite,not a trend day,none,Thu
2020-10-23,pre,-1,SOXS,605,-175.0448,10:01-10:30,bearish,"with, 0-1%",2-3%,<0.8x,above,<5% (calm),5-15%,1.5-3x,same direction,same direction,same direction,same direction,not a trend day,chip earnings reaction,Fri
2020-10-26,pre,1,SOXL,604,-167.8231,10:01-10:30,bullish (SOXL),"against, >1%",<2%,<0.8x,above,<5% (calm),>=15% of range,<1.5x,same direction,same direction,same direction,opposite,not a trend day,none,Mon
2020-10-27,pre,-1,SOXS,588,51.3792,09:51-10:00,bearish,"against, >1%",2-3%,<0.8x,below,<5% (calm),5-15%,<1.5x,same direction,opposite,opposite,opposite,not a trend day,none,Tue
2020-10-28,pre,-1,SOXS,591,214.3057,09:51-10:00,bearish,"with, >3%",<2%,<0.8x,above,<5% (calm),>=15% of range,>=3x,same direction,same direction,same direction,same direction,not a trend day,chip earnings reaction,Wed
2020-10-29,pre,1,SOXL,587,764.0238,09:51-10:00,bullish (SOXL),"with, 0-1%",<2%,<0.8x,below,<5% (calm),>=15% of range,<1.5x,same direction,same direction,same direction,same direction,not a trend day,none,Thu
2020-10-30,pre,-1,SOXS,590,215.5924,09:51-10:00,bearish,"with, >3%",2-3%,<0.8x,below,5-7%,5-15%,<1.5x,same direction,same direction,same direction,same direction,trend day (>=2%),none,Fri
2020-11-02,pre,1,SOXL,587,-174.9064,09:51-10:00,bullish (SOXL),"with, >3%",<2%,1.2-1.6x,below,5-7%,5-15%,<1.5x,same direction,same direction,same direction,same direction,not a trend day,none,Mon
2020-11-03,pre,1,SOXL,586,287.6631,09:51-10:00,bullish (SOXL),"with, 1-3%",<2%,0.8-1.2x,below,5-7%,<5% of range,1.5-3x,same direction,same direction,same direction,same direction,not a trend day,none,Tue
2020-11-04,pre,1,SOXL,605,429.1958,10:01-10:30,bullish (SOXL),"with, >3%",3-4.5%,1.2-1.6x,below,5-7%,5-15%,>=3x,same direction,same direction,same direction,same direction,not a trend day,08:30 data (CPI/jobs),Wed
2020-11-05,pre,1,SOXL,586,275.8733,09:51-10:00,bullish (SOXL),"with, >3%",<2%,>=1.6x,above,5-7%,<5% of range,>=3x,same direction,same direction,same direction,same direction,not a trend day,FOMC day,Thu
2020-11-06,pre,1,SOXL,612,418.0699,10:01-10:30,bullish (SOXL),"against, 0-1%",2-3%,1.2-1.6x,above,5-7%,<5% of range,1.5-3x,same direction,same direction,opposite,opposite,not a trend day,none,Fri
2020-11-09,pre,1,SOXL,626,-486.0458,10:01-10:30,bullish (SOXL),"with, >3%",>=4.5%,>=1.6x,above,5-7%,<5% of range,<1.5x,same direction,same direction,same direction,same direction,not a trend day,08:30 data (CPI/jobs),Mon
2020-11-10,pre,-1,SOXS,586,329.0577,09:51-10:00,bearish,"with, 1-3%",3-4.5%,>=1.6x,above,5-7%,<5% of range,>=3x,same direction,same direction,same direction,same direction,trend day (>=2%),none,Tue
2020-11-11,pre,1,SOXL,588,183.7617,09:51-10:00,bullish (SOXL),"with, >3%",3-4.5%,1.2-1.6x,above,5-7%,<5% of range,<1.5x,same direction,same direction,same direction,same direction,trend day (>=2%),none,Wed
2020-11-12,pre,-1,SOXS,587,-207.4095,09:51-10:00,bearish,"against, 0-1%",<2%,<0.8x,above,5-7%,>=15% of range,1.5-3x,same direction,opposite,same direction,opposite,trend day (>=2%),none,Thu
2020-11-13,pre,1,SOXL,596,-288.5269,09:51-10:00,bullish (SOXL),"with, >3%",2-3%,1.2-1.6x,above,5-7%,<5% of range,1.5-3x,same direction,opposite,same direction,same direction,not a trend day,none,Fri
2020-11-16,pre,1,SOXL,604,201.9965,10:01-10:30,bullish (SOXL),"with, 1-3%",3-4.5%,1.2-1.6x,above,5-7%,<5% of range,<1.5x,same direction,same direction,same direction,same direction,not a trend day,08:30 data (CPI/jobs),Mon
2020-11-17,pre,-1,SOXS,587,-92.0766,09:51-10:00,bearish,"with, 1-3%",3-4.5%,0.8-1.2x,above,5-7%,<5% of range,<1.5x,same direction,same direction,same direction,same direction,not a trend day,none,Tue
2020-11-18,pre,-1,SOXS,591,-142.3076,09:51-10:00,bearish,"against, 0-1%",<2%,<0.8x,above,5-7%,<5% of range,<1.5x,same direction,same direction,opposite,opposite,not a trend day,none,Wed
2020-11-19,pre,1,SOXL,595,393.0670,09:51-10:00,bullish (SOXL),"against, 0-1%",2-3%,<0.8x,above,5-7%,5-15%,<1.5x,same direction,opposite,same direction,opposite,not a trend day,chip earnings reaction,Thu
2020-11-20,pre,1,SOXL,601,-187.1060,10:01-10:30,bullish (SOXL),"against, 0-1%",<2%,<0.8x,above,5-7%,>=15% of range,1.5-3x,same direction,opposite,opposite,same direction,not a trend day,none,Fri
2020-11-23,pre,1,SOXL,586,-263.0335,09:51-10:00,bullish (SOXL),"with, 1-3%",2-3%,<0.8x,above,5-7%,>=15% of range,>=3x,same direction,same direction,same direction,same direction,not a trend day,none,Mon
2020-11-25,pre,-1,SOXS,605,-21.5635,10:01-10:30,bearish,"with, 0-1%",2-3%,<0.8x,above,5-7%,>=15% of range,<1.5x,same direction,opposite,same direction,same direction,not a trend day,chip earnings reaction,Wed
2020-11-27,pre,1,SOXL,588,-149.2264,09:51-10:00,bullish (SOXL),"with, 1-3%",2-3%,0.8-1.2x,above,5-7%,5-15%,<1.5x,same direction,opposite,same direction,same direction,not a trend day,none,Fri
2020-11-30,pre,-1,SOXS,589,-207.9545,09:51-10:00,bearish,"against, 0-1%",2-3%,<0.8x,above,5-7%,5-15%,<1.5x,same direction,same direction,same direction,opposite,not a trend day,none,Mon
2020-12-01,pre,1,SOXL,599,180.3489,09:51-10:00,bullish (SOXL),"with, 1-3%",<2%,<0.8x,above,5-7%,<5% of range,1.5-3x,same direction,opposite,same direction,same direction,not a trend day,chip earnings reaction,Tue
2020-12-02,pre,-1,SOXS,586,-136.2166,09:51-10:00,bearish,"with, 0-1%",<2%,<0.8x,above,5-7%,5-15%,<1.5x,same direction,same direction,same direction,same direction,not a trend day,none,Wed
2020-12-03,pre,1,SOXL,604,-125.7339,10:01-10:30,bullish (SOXL),"with, 1-3%",<2%,<0.8x,above,5-7%,5-15%,1.5-3x,same direction,opposite,same direction,same direction,not a trend day,none,Thu
2020-12-04,pre,1,SOXL,589,610.7834,09:51-10:00,bullish (SOXL),"with, 1-3%",<2%,<0.8x,above,5-7%,5-15%,<1.5x,same direction,same direction,same direction,same direction,not a trend day,none,Fri
2020-12-08,pre,1,SOXL,601,-109.9763,10:01-10:30,bullish (SOXL),"against, 0-1%",<2%,<0.8x,above,5-7%,5-15%,<1.5x,same direction,opposite,opposite,opposite,not a trend day,none,Tue
2020-12-09,pre,1,SOXL,591,-222.9048,09:51-10:00,bullish (SOXL),"against, >1%",<2%,1.2-1.6x,above,5-7%,<5% of range,<1.5x,same direction,same direction,opposite,opposite,not a trend day,none,Wed
2020-12-10,pre,1,SOXL,590,71.5596,09:51-10:00,bullish (SOXL),"against, >1%",3-4.5%,1.2-1.6x,above,5-7%,5-15%,<1.5x,same direction,same direction,same direction,opposite,trend day (>=2%),none,Thu
2020-12-11,pre,1,SOXL,611,-294.3046,10:01-10:30,bullish (SOXL),"against, >1%",2-3%,1.2-1.6x,above,5-7%,>=15% of range,1.5-3x,same direction,same direction,same direction,opposite,not a trend day,chip earnings reaction,Fri
2020-12-14,pre,1,SOXL,601,-85.8792,10:01-10:30,bullish (SOXL),"with, 1-3%",2-3%,1.2-1.6x,above,5-7%,<5% of range,>=3x,same direction,same direction,same direction,same direction,not a trend day,none,Mon
2020-12-15,pre,-1,SOXS,637,-28.1319,10:31-12:00,bearish,"against, >1%",<2%,0.8-1.2x,above,5-7%,5-15%,<1.5x,same direction,same direction,same direction,opposite,not a trend day,none,Tue
2020-12-16,pre,-1,SOXS,612,-226.8154,10:01-10:30,bearish,"against, 0-1%",2-3%,<0.8x,above,<5% (calm),<5% of range,>=3x,same direction,same direction,opposite,opposite,not a trend day,FOMC day,Wed
2020-12-17,pre,-1,SOXS,597,-31.0427,09:51-10:00,bearish,"against, >1%",<2%,<0.8x,above,<5% (calm),<5% of range,<1.5x,same direction,same direction,same direction,opposite,not a trend day,none,Thu
2020-12-18,pre,-1,SOXS,594,-193.7964,09:51-10:00,bearish,"against, 0-1%",<2%,<0.8x,above,<5% (calm),>=15% of range,<1.5x,same direction,same direction,same direction,opposite,not a trend day,none,Fri
2020-12-21,pre,-1,SOXS,605,-236.2033,10:01-10:30,bearish,"with, >3%",2-3%,>=1.6x,above,<5% (calm),>=15% of range,>=3x,same direction,same direction,same direction,same direction,not a trend day,chip earnings reaction,Mon
2020-12-22,pre,-1,SOXS,603,-3.7777,10:01-10:30,bearish,"against, 0-1%",<2%,<0.8x,above,<5% (calm),<5% of range,1.5-3x,same direction,same direction,same direction,opposite,not a trend day,none,Tue
2020-12-23,pre,-1,SOXS,586,100.6607,09:51-10:00,bearish,"against, 0-1%",<2%,<0.8x,above,<5% (calm),<5% of range,<1.5x,same direction,same direction,same direction,opposite,not a trend day,none,Wed
2020-12-24,pre,-1,SOXS,689,-164.1185,10:31-12:00,bearish,"against, >1%",<2%,<0.8x,above,<5% (calm),>=15% of range,<1.5x,same direction,same direction,opposite,opposite,not a trend day,none,Thu
2020-12-28,pre,-1,SOXS,586,277.3059,09:51-10:00,bearish,"against, >1%",<2%,1.2-1.6x,above,<5% (calm),5-15%,1.5-3x,same direction,same direction,same direction,opposite,not a trend day,none,Mon
2020-12-29,pre,-1,SOXS,595,43.5427,09:51-10:00,bearish,"against, >1%",<2%,<0.8x,above,<5% (calm),>=15% of range,>=3x,same direction,opposite,same direction,opposite,not a trend day,none,Tue
2020-12-30,pre,1,SOXL,589,163.8878,09:51-10:00,bullish (SOXL),"with, 1-3%",2-3%,1.2-1.6x,above,<5% (calm),<5% of range,<1.5x,same direction,opposite,opposite,same direction,not a trend day,none,Wed
2020-12-31,pre,1,SOXL,631,47.8959,10:31-12:00,bullish (SOXL),"with, 0-1%",2-3%,<0.8x,above,<5% (calm),<5% of range,<1.5x,same direction,opposite,same direction,opposite,not a trend day,none,Thu
2021-01-04,pre,1,SOXL,586,-467.6550,09:51-10:00,bullish (SOXL),"with, 1-3%",3-4.5%,1.2-1.6x,above,<5% (calm),>=15% of range,1.5-3x,same direction,same direction,opposite,same direction,not a trend day,none,Mon
2021-01-05,pre,1,SOXL,596,130.8395,09:51-10:00,bullish (SOXL),"against, 0-1%",>=4.5%,0.8-1.2x,above,<5% (calm),<5% of range,<1.5x,same direction,same direction,same direction,opposite,not a trend day,none,Tue
2021-01-06,pre,1,SOXL,621,-85.2451,10:01-10:30,bullish (SOXL),"against, >1%",3-4.5%,0.8-1.2x,above,<5% (calm),5-15%,<1.5x,same direction,opposite,same direction,opposite,trend day (>=2%),08:30 data (CPI/jobs),Wed
2021-01-07,pre,1,SOXL,600,444.3025,09:51-10:00,bullish (SOXL),"with, >3%",2-3%,1.2-1.6x,above,<5% (calm),<5% of range,1.5-3x,same direction,same direction,same direction,same direction,not a trend day,none,Thu
2021-01-08,pre,-1,SOXS,622,257.0602,10:01-10:30,bearish,"against, >1%",2-3%,1.2-1.6x,above,<5% (calm),5-15%,<1.5x,same direction,same direction,opposite,opposite,trend day (>=2%),chip earnings reaction,Fri
2021-01-11,pre,1,SOXL,586,249.2681,09:51-10:00,bullish (SOXL),"against, >1%",3-4.5%,<0.8x,above,<5% (calm),<5% of range,<1.5x,same direction,same direction,opposite,opposite,not a trend day,none,Mon
2021-01-12,pre,-1,SOXS,587,-192.1826,09:51-10:00,bearish,"against, >1%",<2%,<0.8x,above,<5% (calm),5-15%,<1.5x,same direction,same direction,opposite,opposite,not a trend day,none,Tue
2021-01-13,pre,-1,SOXS,586,-80.8159,09:51-10:00,bearish,"against, >1%",3-4.5%,<0.8x,above,<5% (calm),<5% of range,<1.5x,same direction,same direction,same direction,opposite,not a trend day,none,Wed
2021-01-14,pre,1,SOXL,587,62.6097,09:51-10:00,bullish (SOXL),"with, >3%",2-3%,0.8-1.2x,above,<5% (calm),<5% of range,1.5-3x,same direction,opposite,opposite,same direction,not a trend day,08:30 data (CPI/jobs),Thu
2021-01-15,pre,-1,SOXS,601,237.6937,10:01-10:30,bearish,"with, 0-1%",3-4.5%,1.2-1.6x,above,5-7%,5-15%,1.5-3x,same direction,same direction,opposite,opposite,not a trend day,chip earnings reaction,Fri
2021-01-19,pre,1,SOXL,587,378.6729,09:51-10:00,bullish (SOXL),"with, >3%",<2%,1.2-1.6x,above,5-7%,>=15% of range,1.5-3x,same direction,same direction,same direction,same direction,not a trend day,none,Tue
2021-01-20,pre,-1,SOXS,593,231.2640,09:51-10:00,bearish,"against, >1%",2-3%,1.2-1.6x,above,5-7%,<5% of range,>=3x,same direction,opposite,opposite,opposite,not a trend day,none,Wed
2021-01-21,pre,-1,SOXS,737,-289.8939,after 12:00,bearish,"against, >1%",2-3%,<0.8x,above,5-7%,<5% of range,<1.5x,same direction,opposite,same direction,opposite,not a trend day,none,Thu
2021-01-22,pre,-1,SOXS,628,91.4614,10:01-10:30,bearish,"with, 1-3%",2-3%,0.8-1.2x,above,5-7%,<5% of range,1.5-3x,same direction,same direction,opposite,same direction,not a trend day,chip earnings reaction,Fri
2021-01-25,pre,1,SOXL,606,-87.0364,10:01-10:30,bullish (SOXL),"with, 1-3%",<2%,0.8-1.2x,above,5-7%,<5% of range,<1.5x,same direction,opposite,same direction,same direction,not a trend day,none,Mon
2021-01-26,pre,-1,SOXS,591,158.6788,09:51-10:00,bearish,"against, 0-1%",3-4.5%,0.8-1.2x,above,5-7%,<5% of range,1.5-3x,same direction,same direction,same direction,opposite,not a trend day,none,Tue
2021-01-27,pre,-1,SOXS,590,276.1311,09:51-10:00,bearish,"with, >3%",>=4.5%,>=1.6x,above,5-7%,<5% of range,>=3x,same direction,same direction,same direction,same direction,not a trend day,chip earnings reaction,Wed
2021-01-28,pre,1,SOXL,664,7.0911,10:31-12:00,bullish (SOXL),"with, >3%",3-4.5%,0.8-1.2x,above,5-7%,<5% of range,1.5-3x,same direction,same direction,same direction,same direction,trend day (>=2%),none,Thu
2021-01-29,pre,1,SOXL,621,-404.0504,10:01-10:30,bullish (SOXL),"with, 0-1%",3-4.5%,0.8-1.2x,above,5-7%,5-15%,1.5-3x,same direction,same direction,same direction,same direction,not a trend day,none,Fri
2021-02-01,pre,-1,SOXS,589,-195.0891,09:51-10:00,bearish,"against, >1%",<2%,<0.8x,above,5-7%,<5% of range,<1.5x,opposite,same direction,same direction,opposite,not a trend day,none,Mon
2021-02-02,pre,-1,SOXS,605,-347.8404,10:01-10:30,bearish,"against, >1%",3-4.5%,1.2-1.6x,above,>=7% (volatile),<5% of range,<1.5x,same direction,same direction,opposite,opposite,trend day (>=2%),none,Tue
2021-02-03,pre,-1,SOXS,587,537.3017,09:51-10:00,bearish,"against, >1%",2-3%,1.2-1.6x,above,5-7%,<5% of range,<1.5x,same direction,opposite,same direction,opposite,not a trend day,none,Wed
2021-02-04,pre,1,SOXL,651,169.5315,10:31-12:00,bullish (SOXL),"against, 0-1%",2-3%,0.8-1.2x,above,>=7% (volatile),5-15%,<1.5x,same direction,opposite,opposite,opposite,trend day (>=2%),chip earnings reaction,Thu
2021-02-05,pre,-1,SOXS,593,105.0743,09:51-10:00,bearish,"against, >1%",3-4.5%,<0.8x,above,5-7%,<5% of range,<1.5x,same direction,same direction,same direction,opposite,not a trend day,08:30 data (CPI/jobs),Fri
2021-02-08,pre,1,SOXL,589,375.5356,09:51-10:00,bullish (SOXL),"with, 1-3%",2-3%,0.8-1.2x,above,5-7%,5-15%,>=3x,same direction,same direction,opposite,same direction,not a trend day,none,Mon
2021-02-09,pre,1,SOXL,602,-131.3808,10:01-10:30,bullish (SOXL),"against, >1%",2-3%,0.8-1.2x,above,5-7%,<5% of range,<1.5x,same direction,same direction,same direction,opposite,trend day (>=2%),none,Tue
2021-02-10,pre,1,SOXL,589,-249.0258,09:51-10:00,bullish (SOXL),"with, 1-3%",2-3%,0.8-1.2x,above,5-7%,5-15%,<1.5x,same direction,same direction,opposite,same direction,not a trend day,none,Wed
2021-02-11,pre,1,SOXL,621,480.8186,10:01-10:30,bullish (SOXL),"with, 1-3%",2-3%,1.2-1.6x,above,5-7%,<5% of range,1.5-3x,same direction,same direction,opposite,same direction,not a trend day,none,Thu
2021-02-12,pre,1,SOXL,586,326.9405,09:51-10:00,bullish (SOXL),"against, >1%",2-3%,0.8-1.2x,above,5-7%,5-15%,<1.5x,same direction,same direction,same direction,opposite,trend day (>=2%),none,Fri
2021-02-16,pre,1,SOXL,589,-230.4315,09:51-10:00,bullish (SOXL),"with, >3%",2-3%,1.2-1.6x,above,>=7% (volatile),5-15%,<1.5x,same direction,same direction,same direction,same direction,not a trend day,none,Tue
2021-02-17,pre,1,SOXL,589,-356.8777,09:51-10:00,bullish (SOXL),"against, >1%",3-4.5%,1.2-1.6x,above,5-7%,5-15%,1.5-3x,same direction,same direction,same direction,opposite,not a trend day,none,Wed
2021-02-18,pre,-1,SOXS,607,-177.0556,10:01-10:30,bearish,"with, >3%",2-3%,0.8-1.2x,above,>=7% (volatile),5-15%,>=3x,same direction,same direction,same direction,same direction,not a trend day,none,Thu
2021-02-19,pre,1,SOXL,608,-170.4498,10:01-10:30,bullish (SOXL),"with, >3%",<2%,1.2-1.6x,above,>=7% (volatile),5-15%,1.5-3x,same direction,opposite,opposite,same direction,not a trend day,none,Fri
2021-02-22,pre,1,SOXL,593,-229.5803,09:51-10:00,bullish (SOXL),"against, >1%",<2%,<0.8x,above,>=7% (volatile),>=15% of range,1.5-3x,same direction,same direction,same direction,opposite,not a trend day,none,Mon
2021-02-23,pre,-1,SOXS,586,-569.5915,09:51-10:00,bearish,"with, >3%",>=4.5%,>=1.6x,above,>=7% (volatile),<5% of range,1.5-3x,same direction,same direction,same direction,same direction,trend day (>=2%),none,Tue
2021-02-24,pre,1,SOXL,588,-345.5610,09:51-10:00,bullish (SOXL),"against, >1%",3-4.5%,<0.8x,above,>=7% (volatile),<5% of range,1.5-3x,same direction,opposite,same direction,opposite,not a trend day,none,Wed
2021-02-25,pre,-1,SOXS,590,1153.3927,09:51-10:00,bearish,"with, >3%",2-3%,0.8-1.2x,above,>=7% (volatile),<5% of range,1.5-3x,same direction,opposite,opposite,same direction,trend day (>=2%),chip earnings reaction,Thu
2021-02-26,pre,-1,SOXS,592,-356.2013,09:51-10:00,bearish,"against, >1%",3-4.5%,1.2-1.6x,below,>=7% (volatile),<5% of range,1.5-3x,same direction,same direction,same direction,opposite,trend day (>=2%),08:30 data (CPI/jobs),Fri
2021-03-01,pre,1,SOXL,669,320.8861,10:31-12:00,bullish (SOXL),"with, >3%",3-4.5%,1.2-1.6x,below,>=7% (volatile),<5% of range,1.5-3x,same direction,opposite,same direction,same direction,not a trend day,08:30 data (CPI/jobs),Mon
2021-03-02,pre,-1,SOXS,589,440.7409,09:51-10:00,bearish,"against, 0-1%",>=4.5%,0.8-1.2x,above,>=7% (volatile),<5% of range,<1.5x,same direction,same direction,same direction,opposite,not a trend day,none,Tue
2021-03-03,pre,-1,SOXS,586,726.1599,09:51-10:00,bearish,"against, 0-1%",2-3%,<0.8x,below,>=7% (volatile),5-15%,1.5-3x,same direction,same direction,same direction,opposite,trend day (>=2%),08:30 data (CPI/jobs),Wed
2021-03-04,pre,-1,SOXS,588,1085.4555,09:51-10:00,bearish,"with, 0-1%",3-4.5%,0.8-1.2x,below,>=7% (volatile),>=15% of range,>=3x,same direction,same direction,same direction,same direction,trend day (>=2%),none,Thu
2021-03-05,pre,-1,SOXS,594,-779.9239,09:51-10:00,bearish,"against, >1%",>=4.5%,1.2-1.6x,below,>=7% (volatile),>=15% of range,1.5-3x,same direction,same direction,same direction,opposite,trend day (>=2%),08:30 data (CPI/jobs),Fri
2021-03-08,pre,-1,SOXS,693,938.2481,10:31-12:00,bearish,"with, 0-1%",>=4.5%,1.2-1.6x,below,>=7% (volatile),<5% of range,1.5-3x,same direction,same direction,same direction,same direction,not a trend day,08:30 data (CPI/jobs),Mon
2021-03-09,pre,1,SOXL,590,530.5630,09:51-10:00,bullish (SOXL),"with, >3%",2-3%,1.2-1.6x,below,>=7% (volatile),>=15% of range,1.5-3x,same direction,same direction,same direction,same direction,trend day (>=2%),none,Tue
2021-03-10,pre,-1,SOXS,621,484.8271,10:01-10:30,bearish,"against, >1%",>=4.5%,1.2-1.6x,below,>=7% (volatile),<5% of range,<1.5x,same direction,same direction,same direction,opposite,trend day (>=2%),chip earnings reaction,Wed
2021-03-11,pre,-1,SOXS,588,-346.7070,09:51-10:00,bearish,"against, >1%",2-3%,0.8-1.2x,below,>=7% (volatile),>=15% of range,1.5-3x,same direction,same direction,same direction,opposite,trend day (>=2%),none,Thu
2021-03-12,pre,1,SOXL,586,85.5831,09:51-10:00,bullish (SOXL),"against, >1%",3-4.5%,0.8-1.2x,below,>=7% (volatile),5-15%,<1.5x,same direction,same direction,opposite,opposite,not a trend day,none,Fri
2021-03-15,pre,1,SOXL,596,349.0547,09:51-10:00,bullish (SOXL),"with, 1-3%",2-3%,<0.8x,below,>=7% (volatile),5-15%,<1.5x,same direction,same direction,same direction,same direction,not a trend day,chip earnings reaction,Mon
2021-03-16,pre,1,SOXL,587,-254.5778,09:51-10:00,bullish (SOXL),"with, >3%",2-3%,0.8-1.2x,below,>=7% (volatile),<5% of range,<1.5x,same direction,same direction,same direction,same direction,not a trend day,none,Tue
2021-03-17,pre,1,SOXL,589,602.3901,09:51-10:00,bullish (SOXL),"against, >1%",3-4.5%,0.8-1.2x,below,>=7% (volatile),5-15%,<1.5x,same direction,same direction,same direction,opposite,not a trend day,FOMC day,Wed
2021-03-18,pre,-1,SOXS,586,-273.4854,09:51-10:00,bearish,"with, >3%",2-3%,0.8-1.2x,above,>=7% (volatile),5-15%,<1.5x,same direction,same direction,same direction,same direction,trend day (>=2%),none,Thu
2021-03-19,pre,-1,SOXS,609,-498.4678,10:01-10:30,bearish,"against, 0-1%",>=4.5%,0.8-1.2x,below,>=7% (volatile),<5% of range,1.5-3x,same direction,same direction,same direction,opposite,trend day (>=2%),none,Fri
2021-03-22,pre,-1,SOXS,588,-274.7831,09:51-10:00,bearish,"against, >1%",2-3%,0.8-1.2x,below,>=7% (volatile),<5% of range,<1.5x,same direction,opposite,opposite,opposite,not a trend day,chip earnings reaction,Mon
2021-03-23,pre,-1,SOXS,589,567.7004,09:51-10:00,bearish,"against, >1%",3-4.5%,<0.8x,below,>=7% (volatile),5-15%,1.5-3x,same direction,same direction,same direction,opposite,not a trend day,chip earnings reaction,Tue
2021-03-24,pre,-1,SOXS,592,561.0112,09:51-10:00,bearish,"against, >1%",3-4.5%,1.2-1.6x,below,>=7% (volatile),>=15% of range,1.5-3x,same direction,same direction,same direction,opposite,trend day (>=2%),none,Wed
2021-03-25,pre,1,SOXL,587,-539.8504,09:51-10:00,bullish (SOXL),"against, >1%",>=4.5%,>=1.6x,below,>=7% (volatile),<5% of range,1.5-3x,same direction,same direction,same direction,opposite,trend day (>=2%),08:30 data (CPI/jobs),Thu
2021-03-26,pre,1,SOXL,587,842.4163,09:51-10:00,bullish (SOXL),"with, 0-1%",2-3%,<0.8x,below,>=7% (volatile),>=15% of range,<1.5x,same direction,same direction,same direction,same direction,not a trend day,none,Fri
2021-03-29,pre,-1,SOXS,595,7.4566,09:51-10:00,bearish,"with, >3%",3-4.5%,0.8-1.2x,below,>=7% (volatile),<5% of range,<1.5x,same direction,same direction,same direction,same direction,trend day (>=2%),none,Mon
2021-03-30,pre,1,SOXL,594,-247.6987,09:51-10:00,bullish (SOXL),"against, >1%",2-3%,<0.8x,below,>=7% (volatile),5-15%,<1.5x,same direction,opposite,opposite,opposite,not a trend day,chip earnings reaction,Tue
2021-03-31,pre,1,SOXL,588,264.4360,09:51-10:00,bullish (SOXL),"with, 1-3%",2-3%,0.8-1.2x,below,>=7% (volatile),5-15%,<1.5x,same direction,same direction,same direction,same direction,not a trend day,none,Wed
2021-04-01,pre,1,SOXL,586,231.1645,09:51-10:00,bullish (SOXL),"with, >3%",2-3%,>=1.6x,below,>=7% (volatile),<5% of range,<1.5x,same direction,same direction,same direction,same direction,not a trend day,chip earnings reaction,Thu
2021-04-05,pre,1,SOXL,627,57.6534,10:01-10:30,bullish (SOXL),"with, >3%",3-4.5%,>=1.6x,above,>=7% (volatile),<5% of range,1.5-3x,same direction,same direction,same direction,same direction,not a trend day,none,Mon
2021-04-06,pre,1,SOXL,587,-207.0689,09:51-10:00,bullish (SOXL),"against, >1%",2-3%,<0.8x,above,>=7% (volatile),<5% of range,<1.5x,same direction,same direction,same direction,opposite,not a trend day,none,Tue
2021-04-09,pre,1,SOXL,599,98.4605,09:51-10:00,bullish (SOXL),"against, >1%",<2%,<0.8x,above,>=7% (volatile),5-15%,<1.5x,same direction,same direction,same direction,opposite,not a trend day,none,Fri
2021-04-14,pre,1,SOXL,592,-190.6064,09:51-10:00,bullish (SOXL),"against, 0-1%",<2%,<0.8x,above,5-7%,<5% of range,<1.5x,same direction,opposite,opposite,opposite,not a trend day,none,Wed
2021-04-20,pre,1,SOXL,586,-234.3445,09:51-10:00,bullish (SOXL),"against, >1%",<2%,<0.8x,above,5-7%,>=15% of range,<1.5x,same direction,same direction,same direction,opposite,not a trend day,none,Tue
2021-04-21,pre,1,SOXL,586,569.7143,09:51-10:00,bullish (SOXL),"with, 0-1%",2-3%,<0.8x,above,5-7%,<5% of range,<1.5x,same direction,same direction,opposite,same direction,not a trend day,none,Wed
2021-04-23,pre,1,SOXL,591,178.1560,09:51-10:00,bullish (SOXL),"with, 0-1%",2-3%,0.8-1.2x,above,5-7%,<5% of range,<1.5x,same direction,same direction,same direction,same direction,trend day (>=2%),chip earnings reaction,Fri
2021-04-26,pre,1,SOXL,586,256.9887,09:51-10:00,bullish (SOXL),"against, 0-1%",2-3%,<0.8x,above,5-7%,<5% of range,<1.5x,same direction,opposite,opposite,opposite,not a trend day,chip earnings reaction,Mon
2021-04-30,pre,1,SOXL,626,-221.1522,10:01-10:30,bullish (SOXL),"against, >1%",2-3%,0.8-1.2x,above,5-7%,<5% of range,<1.5x,same direction,same direction,same direction,opposite,not a trend day,none,Fri
2021-05-05,pre,-1,SOXS,598,-306.9107,09:51-10:00,bearish,"against, >1%",2-3%,1.2-1.6x,above,5-7%,5-15%,1.5-3x,same direction,same direction,same direction,opposite,not a trend day,none,Wed
2021-05-06,pre,-1,SOXS,602,-313.8053,10:01-10:30,bearish,"with, 1-3%",3-4.5%,0.8-1.2x,above,5-7%,<5% of range,<1.5x,same direction,same direction,same direction,same direction,not a trend day,none,Thu
2021-05-07,pre,1,SOXL,611,-291.9561,10:01-10:30,bullish (SOXL),"with, >3%",2-3%,1.2-1.6x,above,5-7%,<5% of range,1.5-3x,same direction,same direction,same direction,same direction,not a trend day,08:30 data (CPI/jobs),Fri
2021-05-11,pre,1,SOXL,592,384.7284,09:51-10:00,bullish (SOXL),"against, >1%",>=4.5%,>=1.6x,below,5-7%,5-15%,1.5-3x,same direction,same direction,same direction,opposite,trend day (>=2%),08:30 data (CPI/jobs),Tue
2021-05-12,pre,-1,SOXS,601,504.3500,10:01-10:30,bearish,"with, >3%",3-4.5%,1.2-1.6x,below,5-7%,<5% of range,1.5-3x,same direction,opposite,opposite,same direction,trend day (>=2%),08:30 data (CPI/jobs),Wed
2021-05-13,pre,1,SOXL,594,-192.3788,09:51-10:00,bullish (SOXL),"with, >3%",<2%,1.2-1.6x,below,5-7%,<5% of range,1.5-3x,same direction,opposite,same direction,same direction,trend day (>=2%),08:30 data (CPI/jobs),Thu
2021-05-14,pre,1,SOXL,612,467.9822,10:01-10:30,bullish (SOXL),"with, >3%",3-4.5%,1.2-1.6x,below,>=7% (volatile),>=15% of range,1.5-3x,same direction,same direction,same direction,same direction,not a trend day,none,Fri
2021-05-17,pre,-1,SOXS,593,-306.2988,09:51-10:00,bearish,"with, 1-3%",3-4.5%,1.2-1.6x,below,>=7% (volatile),5-15%,>=3x,same direction,same direction,same direction,same direction,not a trend day,none,Mon
2021-05-18,pre,-1,SOXS,587,-245.8790,09:51-10:00,bearish,"against, >1%",2-3%,0.8-1.2x,below,>=7% (volatile),5-15%,<1.5x,same direction,same direction,same direction,opposite,not a trend day,none,Tue
2021-05-19,pre,1,SOXL,591,833.7807,09:51-10:00,bullish (SOXL),"against, >1%",3-4.5%,>=1.6x,below,>=7% (volatile),<5% of range,1.5-3x,same direction,same direction,same direction,opposite,not a trend day,none,Wed
2021-05-20,pre,1,SOXL,646,220.3392,10:31-12:00,bullish (SOXL),"with, 1-3%",3-4.5%,>=1.6x,below,>=7% (volatile),5-15%,1.5-3x,same direction,same direction,same direction,same direction,trend day (>=2%),none,Thu
2021-05-24,pre,1,SOXL,591,145.0252,09:51-10:00,bullish (SOXL),"with, 1-3%",3-4.5%,1.2-1.6x,below,>=7% (volatile),<5% of range,<1.5x,same direction,same direction,same direction,same direction,not a trend day,none,Mon
2021-05-27,pre,1,SOXL,616,36.6751,10:01-10:30,bullish (SOXL),"against, 0-1%",2-3%,<0.8x,above,>=7% (volatile),5-15%,1.5-3x,same direction,opposite,same direction,opposite,not a trend day,chip earnings reaction,Thu
2021-05-28,pre,1,SOXL,595,42.2090,09:51-10:00,bullish (SOXL),"with, 0-1%",<2%,<0.8x,above,5-7%,5-15%,<1.5x,same direction,same direction,same direction,same direction,not a trend day,chip earnings reaction,Fri
2021-06-02,pre,1,SOXL,586,-12.1399,09:51-10:00,bullish (SOXL),"against, 0-1%",2-3%,<0.8x,above,5-7%,>=15% of range,1.5-3x,same direction,same direction,same direction,opposite,not a trend day,none,Wed
2021-06-04,pre,1,SOXL,587,156.7689,09:51-10:00,bullish (SOXL),"with, 1-3%",2-3%,0.8-1.2x,below,5-7%,5-15%,<1.5x,same direction,same direction,same direction,same direction,not a trend day,08:30 data (CPI/jobs),Fri
2021-06-10,pre,1,SOXL,586,-392.8656,09:51-10:00,bullish (SOXL),"with, 0-1%",3-4.5%,0.8-1.2x,above,5-7%,5-15%,1.5-3x,same direction,same direction,same direction,same direction,not a trend day,08:30 data (CPI/jobs),Thu
2021-06-11,pre,1,SOXL,860,-4.3998,after 12:00,bullish (SOXL),"with, 0-1%",<2%,<0.8x,above,5-7%,<5% of range,<1.5x,same direction,same direction,same direction,same direction,not a trend day,none,Fri
2021-06-14,pre,1,SOXL,588,269.2343,09:51-10:00,bullish (SOXL),"with, 0-1%",<2%,<0.8x,above,<5% (calm),<5% of range,<1.5x,same direction,opposite,same direction,same direction,not a trend day,none,Mon
2021-06-15,pre,1,SOXL,591,-278.0992,09:51-10:00,bullish (SOXL),"against, 0-1%",2-3%,<0.8x,above,<5% (calm),<5% of range,<1.5x,same direction,same direction,same direction,opposite,not a trend day,none,Tue
2021-06-17,pre,1,SOXL,589,136.2079,09:51-10:00,bullish (SOXL),"against, >1%",3-4.5%,<0.8x,above,<5% (calm),<5% of range,<1.5x,same direction,same direction,same direction,opposite,not a trend day,none,Thu
2021-06-21,pre,1,SOXL,596,23.1283,09:51-10:00,bullish (SOXL),"with, 0-1%",3-4.5%,0.8-1.2x,above,<5% (calm),5-15%,<1.5x,same direction,opposite,same direction,same direction,not a trend day,none,Mon
2021-06-22,pre,1,SOXL,607,99.1250,10:01-10:30,bullish (SOXL),"against, 0-1%",<2%,<0.8x,above,<5% (calm),<5% of range,<1.5x,opposite,same direction,same direction,opposite,not a trend day,none,Tue
2021-06-23,pre,1,SOXL,599,-99.1572,09:51-10:00,bullish (SOXL),"against, 0-1%",<2%,<0.8x,above,<5% (calm),<5% of range,<1.5x,same direction,same direction,same direction,opposite,not a trend day,none,Wed
2021-06-24,pre,1,SOXL,607,78.0481,10:01-10:30,bullish (SOXL),"with, 1-3%",2-3%,0.8-1.2x,above,<5% (calm),<5% of range,1.5-3x,same direction,same direction,same direction,same direction,not a trend day,none,Thu
2021-06-28,pre,1,SOXL,628,276.7060,10:01-10:30,bullish (SOXL),"with, 1-3%",2-3%,1.2-1.6x,above,<5% (calm),<5% of range,<1.5x,same direction,same direction,same direction,same direction,not a trend day,chip earnings reaction,Mon
2021-06-30,pre,1,SOXL,589,-48.6451,09:51-10:00,bullish (SOXL),"against, 0-1%",2-3%,0.8-1.2x,above,<5% (calm),5-15%,<1.5x,same direction,same direction,same direction,opposite,not a trend day,none,Wed
2021-07-09,pre,1,SOXL,594,390.5150,09:51-10:00,bullish (SOXL),"with, 1-3%",2-3%,0.8-1.2x,above,<5% (calm),<5% of range,<1.5x,opposite,opposite,same direction,same direction,not a trend day,none,Fri
2021-07-13,pre,1,SOXL,604,-98.1940,10:01-10:30,bullish (SOXL),"against, >1%",2-3%,0.8-1.2x,above,<5% (calm),5-15%,<1.5x,same direction,opposite,same direction,opposite,not a trend day,08:30 data (CPI/jobs),Tue
2021-07-20,pre,1,SOXL,621,396.6427,10:01-10:30,bullish (SOXL),"with, 1-3%",3-4.5%,0.8-1.2x,above,<5% (calm),<5% of range,<1.5x,opposite,opposite,same direction,same direction,not a trend day,chip earnings reaction,Tue
2021-07-21,pre,1,SOXL,586,371.3204,09:51-10:00,bullish (SOXL),"with, 0-1%",3-4.5%,0.8-1.2x,above,5-7%,<5% of range,<1.5x,same direction,same direction,same direction,same direction,not a trend day,none,Wed
2021-07-26,pre,1,SOXL,593,-88.3417,09:51-10:00,bullish (SOXL),"against, >1%",2-3%,0.8-1.2x,above,5-7%,<5% of range,<1.5x,same direction,same direction,same direction,opposite,not a trend day,none,Mon
2021-07-28,pre,1,SOXL,656,229.4535,10:31-12:00,bullish (SOXL),"with, 0-1%",2-3%,0.8-1.2x,above,5-7%,5-15%,1.5-3x,same direction,same direction,same direction,same direction,not a trend day,chip earnings reaction,Wed
2021-07-29,pre,1,SOXL,629,122.9351,10:01-10:30,bullish (SOXL),"with, 0-1%",3-4.5%,1.2-1.6x,above,5-7%,<5% of range,1.5-3x,same direction,same direction,same direction,same direction,not a trend day,none,Thu
2021-07-30,pre,1,SOXL,586,58.6686,09:51-10:00,bullish (SOXL),"against, >1%",3-4.5%,0.8-1.2x,above,5-7%,5-15%,<1.5x,same direction,same direction,same direction,opposite,not a trend day,none,Fri
2021-08-02,pre,1,SOXL,627,-318.6432,10:01-10:30,bullish (SOXL),"with, 1-3%",3-4.5%,>=1.6x,above,5-7%,<5% of range,>=3x,same direction,opposite,opposite,same direction,not a trend day,none,Mon
2021-08-04,pre,1,SOXL,643,102.2064,10:31-12:00,bullish (SOXL),"with, 0-1%",2-3%,0.8-1.2x,above,5-7%,<5% of range,1.5-3x,same direction,same direction,opposite,same direction,not a trend day,none,Wed
2021-08-06,pre,1,SOXL,605,-214.4336,10:01-10:30,bullish (SOXL),"against, >1%",2-3%,<0.8x,above,5-7%,5-15%,1.5-3x,same direction,opposite,same direction,opposite,not a trend day,08:30 data (CPI/jobs),Fri
2021-08-13,pre,1,SOXL,610,38.9701,10:01-10:30,bullish (SOXL),"against, 0-1%",<2%,<0.8x,above,5-7%,<5% of range,<1.5x,same direction,same direction,same direction,same direction,not a trend day,none,Fri
2021-08-19,pre,1,SOXL,619,217.4964,10:01-10:30,bullish (SOXL),"against, >1%",2-3%,1.2-1.6x,above,<5% (calm),>=15% of range,1.5-3x,same direction,opposite,same direction,opposite,not a trend day,chip earnings reaction,Thu
2021-08-20,pre,1,SOXL,586,-197.2554,09:51-10:00,bullish (SOXL),"with, 0-1%",<2%,0.8-1.2x,above,5-7%,5-15%,<1.5x,same direction,same direction,same direction,same direction,not a trend day,none,Fri
2021-08-23,pre,1,SOXL,691,170.5373,10:31-12:00,bullish (SOXL),"with, 1-3%",3-4.5%,>=1.6x,above,5-7%,5-15%,1.5-3x,same direction,same direction,same direction,same direction,not a trend day,none,Mon
2021-08-25,pre,1,SOXL,849,-168.7199,after 12:00,bullish (SOXL),"with, 1-3%",2-3%,1.2-1.6x,above,5-7%,5-15%,>=3x,same direction,same direction,opposite,same direction,not a trend day,none,Wed
2021-08-26,pre,1,SOXL,593,-212.5963,09:51-10:00,bullish (SOXL),"against, 0-1%",2-3%,<0.8x,above,<5% (calm),<5% of range,1.5-3x,same direction,same direction,same direction,opposite,not a trend day,none,Thu
2021-08-27,pre,1,SOXL,586,369.6108,09:51-10:00,bullish (SOXL),"with, 0-1%",2-3%,0.8-1.2x,above,<5% (calm),<5% of range,<1.5x,same direction,same direction,same direction,same direction,not a trend day,none,Fri
2021-09-02,pre,1,SOXL,677,-87.5087,10:31-12:00,bullish (SOXL),"with, 0-1%",<2%,0.8-1.2x,above,<5% (calm),<5% of range,<1.5x,same direction,same direction,opposite,same direction,not a trend day,none,Thu
2021-09-03,pre,1,SOXL,598,-50.0443,09:51-10:00,bullish (SOXL),"against, 0-1%",2-3%,0.8-1.2x,above,<5% (calm),5-15%,1.5-3x,same direction,same direction,same direction,opposite,not a trend day,08:30 data (CPI/jobs),Fri
2021-09-09,pre,1,SOXL,648,-109.4318,10:31-12:00,bullish (SOXL),"against, 0-1%",2-3%,0.8-1.2x,above,<5% (calm),<5% of range,<1.5x,same direction,same direction,same direction,opposite,not a trend day,none,Thu
2021-09-10,pre,1,SOXL,586,-341.7197,09:51-10:00,bullish (SOXL),"with, 1-3%",3-4.5%,>=1.6x,above,<5% (calm),<5% of range,1.5-3x,same direction,same direction,same direction,same direction,not a trend day,none,Fri
2021-09-15,pre,1,SOXL,831,91.9431,after 12:00,bullish (SOXL),"with, 0-1%",2-3%,<0.8x,above,<5% (calm),<5% of range,>=3x,same direction,opposite,same direction,same direction,not a trend day,none,Wed
2021-09-16,pre,1,SOXL,610,252.5282,10:01-10:30,bullish (SOXL),"against, >1%",<2%,<0.8x,above,<5% (calm),5-15%,<1.5x,same direction,opposite,opposite,opposite,not a trend day,none,Thu
2021-09-20,pre,1,SOXL,586,-305.5138,09:51-10:00,bullish (SOXL),"against, >1%",2-3%,>=1.6x,above,<5% (calm),>=15% of range,1.5-3x,same direction,same direction,same direction,opposite,not a trend day,chip earnings reaction,Mon
2021-09-22,pre,1,SOXL,594,305.9733,09:51-10:00,bullish (SOXL),"with, 1-3%",<2%,<0.8x,below,<5% (calm),5-15%,1.5-3x,same direction,same direction,opposite,same direction,not a trend day,FOMC day,Wed
2021-09-23,pre,1,SOXL,586,116.2837,09:51-10:00,bullish (SOXL),"with, 1-3%",2-3%,0.8-1.2x,below,<5% (calm),5-15%,<1.5x,same direction,opposite,same direction,same direction,not a trend day,chip earnings reaction,Thu
2021-09-24,pre,1,SOXL,599,95.1479,09:51-10:00,bullish (SOXL),"against, >1%",<2%,0.8-1.2x,above,<5% (calm),<5% of range,<1.5x,same direction,opposite,same direction,opposite,not a trend day,chip earnings reaction,Fri
2021-09-27,pre,1,SOXL,620,26.9275,10:01-10:30,bullish (SOXL),"against, >1%",3-4.5%,1.2-1.6x,above,<5% (calm),<5% of range,<1.5x,same direction,opposite,opposite,opposite,not a trend day,08:30 data (CPI/jobs),Mon
2021-09-29,pre,1,SOXL,595,-383.2144,09:51-10:00,bullish (SOXL),"with, 0-1%",3-4.5%,1.2-1.6x,below,<5% (calm),<5% of range,1.5-3x,same direction,same direction,same direction,same direction,trend day (>=2%),chip earnings reaction,Wed
2021-09-30,pre,1,SOXL,588,-166.2423,09:51-10:00,bullish (SOXL),"with, 1-3%",<2%,0.8-1.2x,below,<5% (calm),5-15%,1.5-3x,same direction,same direction,same direction,same direction,not a trend day,none,Thu
2021-10-05,pre,1,SOXL,612,172.8168,10:01-10:30,bullish (SOXL),"with, 1-3%",<2%,1.2-1.6x,below,5-7%,5-15%,1.5-3x,same direction,same direction,same direction,same direction,trend day (>=2%),none,Tue
2021-10-07,pre,1,SOXL,615,-256.3483,10:01-10:30,bullish (SOXL),"with, >3%",2-3%,1.2-1.6x,below,5-7%,<5% of range,<1.5x,same direction,same direction,same direction,same direction,not a trend day,none,Thu
2021-10-11,pre,1,SOXL,586,-330.4795,09:51-10:00,bullish (SOXL),"against, >1%",3-4.5%,<0.8x,below,5-7%,<5% of range,<1.5x,same direction,same direction,same direction,opposite,not a trend day,none,Mon
2021-10-14,pre,1,SOXL,618,130.8006,10:01-10:30,bullish (SOXL),"with, >3%",2-3%,>=1.6x,below,5-7%,<5% of range,<1.5x,same direction,same direction,same direction,same direction,not a trend day,none,Thu
2021-10-15,pre,1,SOXL,652,-89.6695,10:31-12:00,bullish (SOXL),"with, 1-3%",<2%,0.8-1.2x,below,5-7%,<5% of range,1.5-3x,same direction,same direction,opposite,same direction,not a trend day,none,Fri
2021-10-18,pre,1,SOXL,586,304.5379,09:51-10:00,bullish (SOXL),"against, >1%",2-3%,0.8-1.2x,below,5-7%,5-15%,<1.5x,same direction,same direction,same direction,opposite,not a trend day,none,Mon
2021-10-19,pre,1,SOXL,589,198.7611,09:51-10:00,bullish (SOXL),"with, 0-1%",<2%,<0.8x,above,5-7%,>=15% of range,1.5-3x,same direction,opposite,same direction,same direction,not a trend day,none,Tue
2021-10-21,pre,1,SOXL,598,304.2376,09:51-10:00,bullish (SOXL),"against, >1%",<2%,<0.8x,above,5-7%,<5% of range,<1.5x,same direction,same direction,same direction,opposite,not a trend day,none,Thu
2021-10-22,pre,1,SOXL,610,-333.7644,10:01-10:30,bullish (SOXL),"against, >1%",3-4.5%,0.8-1.2x,above,5-7%,<5% of range,1.5-3x,same direction,same direction,same direction,opposite,not a trend day,none,Fri
2021-10-25,pre,1,SOXL,760,-148.9536,after 12:00,bullish (SOXL),"with, 1-3%",2-3%,0.8-1.2x,above,5-7%,<5% of range,1.5-3x,same direction,same direction,same direction,same direction,not a trend day,none,Mon
2021-10-27,pre,1,SOXL,586,-260.0101,09:51-10:00,bullish (SOXL),"against, >1%",3-4.5%,1.2-1.6x,above,5-7%,5-15%,1.5-3x,same direction,same direction,same direction,opposite,not a trend day,chip earnings reaction,Wed
2021-10-28,pre,1,SOXL,587,-16.4706,09:51-10:00,bullish (SOXL),"with, >3%",3-4.5%,>=1.6x,above,<5% (calm),<5% of range,1.5-3x,same direction,opposite,same direction,same direction,not a trend day,none,Thu
2021-10-29,pre,1,SOXL,648,85.4523,10:31-12:00,bullish (SOXL),"against, >1%",3-4.5%,0.8-1.2x,above,<5% (calm),<5% of range,1.5-3x,same direction,same direction,same direction,opposite,not a trend day,chip earnings reaction,Fri
2021-11-01,pre,1,SOXL,586,208.1386,09:51-10:00,bullish (SOXL),"with, 0-1%",2-3%,0.8-1.2x,above,<5% (calm),>=15% of range,1.5-3x,same direction,opposite,opposite,same direction,not a trend day,chip earnings reaction,Mon
2021-11-02,pre,1,SOXL,591,63.8542,09:51-10:00,bullish (SOXL),"against, 0-1%",2-3%,0.8-1.2x,above,<5% (calm),5-15%,1.5-3x,same direction,same direction,same direction,opposite,not a trend day,none,Tue
2021-11-03,pre,1,SOXL,651,297.5960,10:31-12:00,bullish (SOXL),"with, 0-1%",<2%,<0.8x,above,<5% (calm),<5% of range,>=3x,same direction,opposite,opposite,same direction,not a trend day,FOMC day,Wed
2021-11-04,pre,1,SOXL,597,613.0929,09:51-10:00,bullish (SOXL),"with, >3%",<2%,0.8-1.2x,above,<5% (calm),>=15% of range,>=3x,same direction,same direction,same direction,same direction,not a trend day,08:30 data (CPI/jobs),Thu
2021-11-10,pre,1,SOXL,588,-368.5034,09:51-10:00,bullish (SOXL),"against, >1%",3-4.5%,0.8-1.2x,above,<5% (calm),<5% of range,<1.5x,same direction,same direction,same direction,opposite,not a trend day,08:30 data (CPI/jobs),Wed
2021-11-11,pre,1,SOXL,641,123.6313,10:31-12:00,bullish (SOXL),"with, >3%",2-3%,0.8-1.2x,above,<5% (calm),<5% of range,1.5-3x,same direction,opposite,opposite,same direction,not a trend day,none,Thu
2021-11-16,pre,1,SOXL,662,358.3129,10:31-12:00,bullish (SOXL),"against, >1%",3-4.5%,<0.8x,above,<5% (calm),<5% of range,<1.5x,same direction,same direction,same direction,opposite,not a trend day,none,Tue
2021-11-19,pre,1,SOXL,586,53.3195,09:51-10:00,bullish (SOXL),"against, 0-1%",<2%,0.8-1.2x,above,<5% (calm),<5% of range,<1.5x,same direction,same direction,same direction,opposite,not a trend day,none,Fri
2021-11-22,pre,1,SOXL,588,-230.9135,09:51-10:00,bullish (SOXL),"with, 1-3%",2-3%,0.8-1.2x,above,<5% (calm),5-15%,<1.5x,same direction,same direction,same direction,same direction,not a trend day,none,Mon
2021-11-23,pre,1,SOXL,587,-304.1600,09:51-10:00,bullish (SOXL),"against, 0-1%",2-3%,<0.8x,above,<5% (calm),>=15% of range,<1.5x,same direction,same direction,same direction,opposite,trend day (>=2%),chip earnings reaction,Tue
2021-11-24,pre,1,SOXL,601,557.3521,10:01-10:30,bullish (SOXL),"against, >1%",2-3%,<0.8x,above,5-7%,<5% of range,<1.5x,opposite,same direction,same direction,opposite,not a trend day,none,Wed
2021-11-30,pre,1,SOXL,586,-226.2683,09:51-10:00,bullish (SOXL),"against, >1%",2-3%,<0.8x,above,5-7%,<5% of range,<1.5x,same direction,opposite,same direction,opposite,trend day (>=2%),none,Tue
2021-12-01,pre,1,SOXL,591,-261.8705,09:51-10:00,bullish (SOXL),"with, >3%",2-3%,0.8-1.2x,above,5-7%,<5% of range,1.5-3x,same direction,opposite,opposite,same direction,not a trend day,chip earnings reaction,Wed
2021-12-02,pre,1,SOXL,589,-491.0252,09:51-10:00,bullish (SOXL),"against, >1%",>=4.5%,1.2-1.6x,above,5-7%,5-15%,1.5-3x,same direction,same direction,same direction,opposite,trend day (>=2%),none,Thu
2021-12-07,pre,1,SOXL,588,362.0659,09:51-10:00,bullish (SOXL),"with, >3%",3-4.5%,>=1.6x,above,>=7% (volatile),<5% of range,1.5-3x,same direction,opposite,same direction,same direction,not a trend day,none,Tue
2021-12-08,pre,1,SOXL,589,-40.4565,09:51-10:00,bullish (SOXL),"against, >1%",3-4.5%,1.2-1.6x,above,>=7% (volatile),5-15%,<1.5x,opposite,same direction,same direction,opposite,trend day (>=2%),none,Wed
2021-12-14,pre,1,SOXL,625,-437.8369,10:01-10:30,bullish (SOXL),"against, >1%",3-4.5%,1.2-1.6x,above,>=7% (volatile),5-15%,>=3x,same direction,same direction,same direction,opposite,trend day (>=2%),08:30 data (CPI/jobs),Tue
2021-12-17,pre,1,SOXL,588,-45.5182,09:51-10:00,bullish (SOXL),"against, >1%",3-4.5%,0.8-1.2x,above,>=7% (volatile),5-15%,<1.5x,same direction,same direction,same direction,opposite,trend day (>=2%),none,Fri
2021-12-20,pre,1,SOXL,595,-260.3703,09:51-10:00,bullish (SOXL),"against, >1%",2-3%,0.8-1.2x,below,>=7% (volatile),<5% of range,<1.5x,same direction,same direction,same direction,opposite,not a trend day,chip earnings reaction,Mon
2021-12-22,pre,1,SOXL,586,-241.0487,09:51-10:00,bullish (SOXL),"against, >1%",<2%,<0.8x,above,>=7% (volatile),>=15% of range,<1.5x,same direction,same direction,same direction,opposite,not a trend day,chip earnings reaction,Wed
2021-12-23,pre,1,SOXL,600,115.4264,09:51-10:00,bullish (SOXL),"with, 0-1%",2-3%,0.8-1.2x,above,>=7% (volatile),5-15%,1.5-3x,same direction,opposite,same direction,same direction,not a trend day,none,Thu
2021-12-27,pre,1,SOXL,606,346.1804,10:01-10:30,bullish (SOXL),"with, 1-3%",3-4.5%,0.8-1.2x,above,>=7% (volatile),<5% of range,1.5-3x,same direction,same direction,same direction,same direction,not a trend day,chip earnings reaction,Mon
2021-12-30,pre,1,SOXL,608,-203.2965,10:01-10:30,bullish (SOXL),"against, 0-1%",<2%,<0.8x,above,>=7% (volatile),5-15%,<1.5x,same direction,same direction,same direction,opposite,not a trend day,none,Thu
2022-01-04,dev,1,SOXL,589,-197.2389,09:51-10:00,bullish (SOXL),"with, 0-1%",<2%,0.8-1.2x,above,5-7%,5-15%,1.5-3x,same direction,opposite,opposite,same direction,not a trend day,none,Tue
2022-01-05,dev,1,SOXL,601,-335.5637,10:01-10:30,bullish (SOXL),"against, >1%",2-3%,<0.8x,above,5-7%,>=15% of range,<1.5x,same direction,same direction,same direction,opposite,not a trend day,chip earnings reaction,Wed
2022-01-11,dev,1,SOXL,592,470.3914,09:51-10:00,bullish (SOXL),"against, >1%",3-4.5%,0.8-1.2x,below,>=7% (volatile),5-15%,<1.5x,same direction,opposite,same direction,opposite,not a trend day,none,Tue
2022-01-13,dev,1,SOXL,591,-224.6288,09:51-10:00,bullish (SOXL),"with, >3%",2-3%,>=1.6x,below,>=7% (volatile),<5% of range,1.5-3x,same direction,opposite,same direction,same direction,not a trend day,08:30 data (CPI/jobs),Thu
2022-01-14,dev,1,SOXL,595,301.3344,09:51-10:00,bullish (SOXL),"against, >1%",>=4.5%,0.8-1.2x,below,>=7% (volatile),5-15%,<1.5x,same direction,same direction,same direction,opposite,trend day (>=2%),08:30 data (CPI/jobs),Fri
2022-01-20,dev,1,SOXL,634,-430.7953,10:31-12:00,bullish (SOXL),"with, 1-3%",3-4.5%,1.2-1.6x,below,>=7% (volatile),<5% of range,1.5-3x,same direction,same direction,same direction,same direction,trend day (>=2%),none,Thu
2022-01-26,dev,1,SOXL,595,-324.3811,09:51-10:00,bullish (SOXL),"with, >3%",3-4.5%,0.8-1.2x,below,>=7% (volatile),5-15%,1.5-3x,same direction,opposite,opposite,same direction,not a trend day,FOMC day,Wed
2022-01-31,dev,1,SOXL,594,950.6401,09:51-10:00,bullish (SOXL),"with, 1-3%",>=4.5%,1.2-1.6x,below,>=7% (volatile),5-15%,1.5-3x,same direction,same direction,same direction,same direction,not a trend day,none,Mon
2022-02-04,dev,1,SOXL,602,-415.7470,10:01-10:30,bullish (SOXL),"against, >1%",3-4.5%,<0.8x,below,>=7% (volatile),5-15%,<1.5x,same direction,same direction,same direction,opposite,not a trend day,chip earnings reaction,Fri
2022-02-07,dev,1,SOXL,592,-377.7287,09:51-10:00,bullish (SOXL),"with, 0-1%",3-4.5%,<0.8x,below,>=7% (volatile),>=15% of range,<1.5x,same direction,same direction,same direction,same direction,not a trend day,none,Mon
2022-02-10,dev,1,SOXL,593,-524.5191,09:51-10:00,bullish (SOXL),"against, >1%",>=4.5%,1.2-1.6x,below,>=7% (volatile),5-15%,1.5-3x,same direction,same direction,same direction,opposite,not a trend day,08:30 data (CPI/jobs),Thu
2022-02-14,dev,1,SOXL,590,-516.0858,09:51-10:00,bullish (SOXL),"with, 0-1%",>=4.5%,0.8-1.2x,below,>=7% (volatile),5-15%,1.5-3x,same direction,same direction,same direction,same direction,trend day (>=2%),none,Mon
2022-02-15,dev,1,SOXL,588,748.8843,09:51-10:00,bullish (SOXL),"with, >3%",2-3%,0.8-1.2x,below,>=7% (volatile),5-15%,<1.5x,same direction,same direction,same direction,same direction,not a trend day,08:30 data (CPI/jobs),Tue
2022-02-22,dev,1,SOXL,586,-515.5361,09:51-10:00,bullish (SOXL),"against, >1%",>=4.5%,0.8-1.2x,below,>=7% (volatile),5-15%,<1.5x,same direction,same direction,same direction,opposite,not a trend day,none,Tue
2022-02-24,dev,1,SOXL,616,1700.5392,10:01-10:30,bullish (SOXL),"against, >1%",>=4.5%,>=1.6x,below,>=7% (volatile),<5% of range,1.5-3x,same direction,same direction,same direction,opposite,trend day (>=2%),none,Thu
2022-02-28,dev,1,SOXL,599,-368.7508,09:51-10:00,bullish (SOXL),"against, >1%",3-4.5%,1.2-1.6x,below,>=7% (volatile),5-15%,1.5-3x,same direction,same direction,same direction,opposite,not a trend day,none,Mon
2022-03-02,dev,1,SOXL,589,-397.9680,09:51-10:00,bullish (SOXL),"with, 1-3%",3-4.5%,0.8-1.2x,below,>=7% (volatile),5-15%,<1.5x,same direction,same direction,same direction,same direction,trend day (>=2%),none,Wed
2022-03-15,dev,1,SOXL,597,813.4204,09:51-10:00,bullish (SOXL),"with, 1-3%",3-4.5%,0.8-1.2x,below,>=7% (volatile),>=15% of range,1.5-3x,same direction,same direction,same direction,same direction,trend day (>=2%),08:30 data (CPI/jobs),Tue
2022-03-16,dev,1,SOXL,587,-448.3552,09:51-10:00,bullish (SOXL),"with, >3%",3-4.5%,1.2-1.6x,below,>=7% (volatile),>=15% of range,<1.5x,same direction,same direction,same direction,same direction,trend day (>=2%),FOMC day,Wed
2022-03-17,dev,1,SOXL,586,246.2029,09:51-10:00,bullish (SOXL),"against, >1%",3-4.5%,0.8-1.2x,below,>=7% (volatile),5-15%,<1.5x,same direction,same direction,same direction,opposite,trend day (>=2%),none,Thu
2022-03-18,dev,1,SOXL,591,678.6120,09:51-10:00,bullish (SOXL),"against, 0-1%",2-3%,<0.8x,below,>=7% (volatile),5-15%,<1.5x,same direction,same direction,same direction,opposite,not a trend day,none,Fri
2022-03-22,dev,1,SOXL,601,-39.6119,10:01-10:30,bullish (SOXL),"against, 0-1%",2-3%,<0.8x,below,>=7% (volatile),5-15%,1.5-3x,same direction,same direction,same direction,opposite,not a trend day,none,Tue
2022-03-24,dev,1,SOXL,606,856.6317,10:01-10:30,bullish (SOXL),"with, >3%",3-4.5%,<0.8x,above,>=7% (volatile),5-15%,1.5-3x,same direction,same direction,same direction,same direction,not a trend day,none,Thu
2022-03-25,dev,1,SOXL,636,-272.1361,10:31-12:00,bullish (SOXL),"against, 0-1%",2-3%,0.8-1.2x,above,>=7% (volatile),<5% of range,1.5-3x,same direction,same direction,same direction,opposite,trend day (>=2%),none,Fri
2022-03-29,dev,-1,SOXS,589,-310.5223,09:51-10:00,bearish,"against, >1%",2-3%,>=1.6x,above,>=7% (volatile),<5% of range,1.5-3x,same direction,same direction,same direction,opposite,not a trend day,none,Tue
2022-03-30,dev,-1,SOXS,658,668.7465,10:31-12:00,bearish,"with, 1-3%",2-3%,<0.8x,above,>=7% (volatile),5-15%,<1.5x,same direction,same direction,same direction,same direction,not a trend day,chip earnings reaction,Wed
2022-03-31,dev,-1,SOXS,601,-314.6233,10:01-10:30,bearish,"with, 0-1%",3-4.5%,0.8-1.2x,above,>=7% (volatile),5-15%,1.5-3x,same direction,same direction,same direction,same direction,trend day (>=2%),none,Thu
2022-04-01,dev,-1,SOXS,587,549.9825,09:51-10:00,bearish,"against, 0-1%",2-3%,0.8-1.2x,above,>=7% (volatile),5-15%,<1.5x,same direction,same direction,same direction,opposite,trend day (>=2%),none,Fri
2022-04-04,dev,1,SOXL,586,231.0124,09:51-10:00,bullish (SOXL),"with, 0-1%",2-3%,<0.8x,above,>=7% (volatile),>=15% of range,1.5-3x,same direction,same direction,same direction,same direction,trend day (>=2%),none,Mon
2022-04-05,dev,-1,SOXS,587,706.9636,09:51-10:00,bearish,"with, 1-3%",3-4.5%,0.8-1.2x,above,>=7% (volatile),<5% of range,<1.5x,same direction,same direction,same direction,same direction,not a trend day,none,Tue
2022-04-06,dev,-1,SOXS,588,-223.6454,09:51-10:00,bearish,"with, >3%",2-3%,1.2-1.6x,above,>=7% (volatile),<5% of range,<1.5x,same direction,same direction,same direction,same direction,trend day (>=2%),none,Wed
2022-04-07,dev,-1,SOXS,589,-158.2056,09:51-10:00,bearish,"with, 0-1%",3-4.5%,1.2-1.6x,above,>=7% (volatile),<5% of range,<1.5x,same direction,same direction,opposite,same direction,not a trend day,none,Thu
2022-04-08,dev,-1,SOXS,592,118.8106,09:51-10:00,bearish,"with, 1-3%",>=4.5%,>=1.6x,above,>=7% (volatile),<5% of range,>=3x,same direction,same direction,same direction,same direction,not a trend day,none,Fri
2022-04-11,dev,1,SOXL,587,-314.9317,09:51-10:00,bullish (SOXL),"against, >1%",3-4.5%,>=1.6x,below,>=7% (volatile),<5% of range,1.5-3x,same direction,opposite,same direction,opposite,not a trend day,none,Mon
2022-04-12,dev,1,SOXL,588,-352.4078,09:51-10:00,bullish (SOXL),"with, >3%",3-4.5%,>=1.6x,below,>=7% (volatile),5-15%,>=3x,same direction,opposite,same direction,same direction,not a trend day,08:30 data (CPI/jobs),Tue
2022-04-13,dev,1,SOXL,587,123.7187,09:51-10:00,bullish (SOXL),"with, 1-3%",>=4.5%,1.2-1.6x,below,>=7% (volatile),5-15%,>=3x,same direction,same direction,same direction,same direction,trend day (>=2%),none,Wed
2022-04-14,dev,-1,SOXS,598,476.2346,09:51-10:00,bearish,"against, >1%",>=4.5%,1.2-1.6x,below,>=7% (volatile),<5% of range,<1.5x,same direction,same direction,same direction,opposite,not a trend day,none,Thu
2022-04-18,dev,1,SOXL,602,95.9060,10:01-10:30,bullish (SOXL),"against, >1%",>=4.5%,0.8-1.2x,below,>=7% (volatile),<5% of range,>=3x,same direction,same direction,same direction,opposite,trend day (>=2%),none,Mon
2022-04-19,dev,1,SOXL,593,593.9639,09:51-10:00,bullish (SOXL),"against, >1%",3-4.5%,0.8-1.2x,below,>=7% (volatile),<5% of range,1.5-3x,same direction,opposite,same direction,opposite,trend day (>=2%),none,Tue
2022-04-20,dev,-1,SOXS,604,318.1232,10:01-10:30,bearish,"against, >1%",>=4.5%,>=1.6x,below,>=7% (volatile),<5% of range,<1.5x,same direction,same direction,same direction,opposite,trend day (>=2%),none,Wed
2022-04-21,dev,-1,SOXS,595,1163.4727,09:51-10:00,bearish,"against, >1%",3-4.5%,1.2-1.6x,below,>=7% (volatile),<5% of range,<1.5x,same direction,opposite,opposite,opposite,not a trend day,none,Thu
2022-04-22,dev,-1,SOXS,705,351.9183,10:31-12:00,bearish,"with, 0-1%",>=4.5%,0.8-1.2x,below,>=7% (volatile),<5% of range,>=3x,same direction,same direction,same direction,same direction,trend day (>=2%),none,Fri
2022-04-25,dev,1,SOXL,626,241.9493,10:01-10:30,bullish (SOXL),"against, >1%",>=4.5%,0.8-1.2x,below,>=7% (volatile),<5% of range,1.5-3x,same direction,same direction,same direction,opposite,trend day (>=2%),none,Mon
2022-04-26,dev,-1,SOXS,591,539.0110,09:51-10:00,bearish,"with, >3%",3-4.5%,0.8-1.2x,below,>=7% (volatile),<5% of range,<1.5x,same direction,same direction,same direction,same direction,trend day (>=2%),none,Tue
2022-04-27,dev,1,SOXL,589,-855.1321,09:51-10:00,bullish (SOXL),"against, >1%",>=4.5%,0.8-1.2x,below,>=7% (volatile),5-15%,1.5-3x,same direction,same direction,same direction,opposite,trend day (>=2%),none,Wed
2022-04-28,dev,-1,SOXS,601,-517.9898,10:01-10:30,bearish,"against, >1%",3-4.5%,1.2-1.6x,below,>=7% (volatile),5-15%,<1.5x,same direction,same direction,same direction,opposite,not a trend day,08:30 data (CPI/jobs),Thu
2022-04-29,dev,1,SOXL,591,-447.7045,09:51-10:00,bullish (SOXL),"against, >1%",3-4.5%,0.8-1.2x,below,>=7% (volatile),5-15%,<1.5x,same direction,same direction,same direction,opposite,trend day (>=2%),none,Fri
2022-05-02,dev,1,SOXL,631,-652.4655,10:31-12:00,bullish (SOXL),"with, 0-1%",>=4.5%,0.8-1.2x,below,>=7% (volatile),<5% of range,<1.5x,same direction,same direction,same direction,same direction,trend day (>=2%),none,Mon
2022-05-03,dev,1,SOXL,597,246.3005,09:51-10:00,bullish (SOXL),"against, 0-1%",3-4.5%,<0.8x,below,>=7% (volatile),<5% of range,<1.5x,same direction,same direction,same direction,opposite,trend day (>=2%),none,Tue
2022-05-04,dev,-1,SOXS,598,-273.6451,09:51-10:00,bearish,"against, >1%",2-3%,<0.8x,below,>=7% (volatile),<5% of range,<1.5x,same direction,same direction,same direction,opposite,not a trend day,chip earnings reaction,Wed
2022-05-05,dev,-1,SOXS,586,688.6541,09:51-10:00,bearish,"with, >3%",3-4.5%,0.8-1.2x,below,>=7% (volatile),<5% of range,<1.5x,same direction,same direction,same direction,same direction,trend day (>=2%),none,Thu
2022-05-06,dev,-1,SOXS,588,-584.9244,09:51-10:00,bearish,"with, >3%",>=4.5%,0.8-1.2x,below,>=7% (volatile),<5% of range,<1.5x,same direction,same direction,same direction,same direction,trend day (>=2%),08:30 data (CPI/jobs),Fri
2022-05-09,dev,1,SOXL,594,-455.5254,09:51-10:00,bullish (SOXL),"against, >1%",>=4.5%,0.8-1.2x,below,>=7% (volatile),<5% of range,<1.5x,same direction,same direction,same direction,opposite,not a trend day,none,Mon
2022-05-10,dev,-1,SOXS,586,-629.1812,09:51-10:00,bearish,"against, >1%",>=4.5%,0.8-1.2x,below,>=7% (volatile),5-15%,<1.5x,same direction,same direction,same direction,opposite,trend day (>=2%),none,Tue
2022-05-11,dev,1,SOXL,587,-607.0581,09:51-10:00,bullish (SOXL),"against, >1%",>=4.5%,1.2-1.6x,below,>=7% (volatile),<5% of range,1.5-3x,same direction,same direction,same direction,opposite,not a trend day,08:30 data (CPI/jobs),Wed
2022-05-12,dev,1,SOXL,610,-535.6433,10:01-10:30,bullish (SOXL),"against, >1%",>=4.5%,1.2-1.6x,below,>=7% (volatile),<5% of range,1.5-3x,same direction,opposite,same direction,opposite,trend day (>=2%),08:30 data (CPI/jobs),Thu
2022-05-13,dev,1,SOXL,587,567.2876,09:51-10:00,bullish (SOXL),"with, >3%",3-4.5%,0.8-1.2x,below,>=7% (volatile),>=15% of range,1.5-3x,same direction,same direction,same direction,same direction,not a trend day,none,Fri
2022-05-16,dev,1,SOXL,609,-287.0936,10:01-10:30,bullish (SOXL),"against, >1%",3-4.5%,0.8-1.2x,below,>=7% (volatile),<5% of range,1.5-3x,same direction,same direction,opposite,opposite,trend day (>=2%),none,Mon
2022-05-17,dev,-1,SOXS,644,-562.1482,10:31-12:00,bearish,"against, >1%",3-4.5%,1.2-1.6x,below,>=7% (volatile),5-15%,<1.5x,same direction,same direction,same direction,opposite,not a trend day,none,Tue
2022-05-18,dev,1,SOXL,588,-282.9239,09:51-10:00,bullish (SOXL),"against, >1%",2-3%,0.8-1.2x,below,>=7% (volatile),<5% of range,<1.5x,same direction,same direction,opposite,opposite,trend day (>=2%),none,Wed
2022-05-19,dev,-1,SOXS,586,-500.2558,09:51-10:00,bearish,"with, 1-3%",>=4.5%,0.8-1.2x,below,>=7% (volatile),<5% of range,<1.5x,same direction,same direction,same direction,same direction,trend day (>=2%),chip earnings reaction,Thu
2022-05-20,dev,-1,SOXS,586,398.7353,09:51-10:00,bearish,"against, >1%",3-4.5%,0.8-1.2x,below,>=7% (volatile),<5% of range,1.5-3x,same direction,same direction,same direction,opposite,not a trend day,none,Fri
2022-05-23,dev,1,SOXL,586,-434.0219,09:51-10:00,bullish (SOXL),"against, >1%",3-4.5%,0.8-1.2x,below,>=7% (volatile),5-15%,1.5-3x,same direction,same direction,same direction,opposite,trend day (>=2%),none,Mon
2022-05-24,dev,-1,SOXS,588,8.4384,09:51-10:00,bearish,"with, >3%",3-4.5%,0.8-1.2x,below,>=7% (volatile),5-15%,<1.5x,same direction,same direction,same direction,same direction,not a trend day,none,Tue
2022-05-25,dev,1,SOXL,635,99.2671,10:31-12:00,bullish (SOXL),"against, >1%",>=4.5%,<0.8x,below,>=7% (volatile),5-15%,1.5-3x,same direction,same direction,same direction,opposite,not a trend day,none,Wed
2022-05-26,dev,1,SOXL,589,774.1325,09:51-10:00,bullish (SOXL),"against, >1%",>=4.5%,0.8-1.2x,below,>=7% (volatile),5-15%,1.5-3x,same direction,same direction,same direction,opposite,trend day (>=2%),chip earnings reaction,Thu
2022-05-27,dev,1,SOXL,611,302.7116,10:01-10:30,bullish (SOXL),"with, >3%",3-4.5%,1.2-1.6x,below,>=7% (volatile),<5% of range,1.5-3x,same direction,same direction,same direction,same direction,trend day (>=2%),08:30 data (CPI/jobs),Fri
2022-05-31,dev,1,SOXL,714,-64.4265,10:31-12:00,bullish (SOXL),"against, 0-1%",>=4.5%,0.8-1.2x,below,>=7% (volatile),<5% of range,<1.5x,same direction,same direction,same direction,opposite,trend day (>=2%),none,Tue
2022-06-01,dev,-1,SOXS,601,357.8360,10:01-10:30,bearish,"against, >1%",3-4.5%,<0.8x,below,>=7% (volatile),>=15% of range,1.5-3x,same direction,opposite,opposite,opposite,not a trend day,chip earnings reaction,Wed
2022-06-02,dev,1,SOXL,586,689.9794,09:51-10:00,bullish (SOXL),"against, >1%",3-4.5%,<0.8x,below,>=7% (volatile),5-15%,<1.5x,same direction,same direction,same direction,opposite,trend day (>=2%),none,Thu
2022-06-03,dev,1,SOXL,597,-289.9691,09:51-10:00,bullish (SOXL),"against, >1%",2-3%,<0.8x,below,>=7% (volatile),5-15%,<1.5x,same direction,same direction,same direction,opposite,trend day (>=2%),08:30 data (CPI/jobs),Fri
2022-06-06,dev,-1,SOXS,588,341.2523,09:51-10:00,bearish,"against, >1%",3-4.5%,<0.8x,below,>=7% (volatile),5-15%,<1.5x,same direction,same direction,same direction,opposite,not a trend day,none,Mon
2022-06-07,dev,1,SOXL,591,566.5051,09:51-10:00,bullish (SOXL),"against, >1%",3-4.5%,<0.8x,below,>=7% (volatile),<5% of range,<1.5x,same direction,same direction,same direction,opposite,trend day (>=2%),none,Tue
2022-06-08,dev,1,SOXL,589,-324.5049,09:51-10:00,bullish (SOXL),"against, >1%",3-4.5%,<0.8x,below,>=7% (volatile),<5% of range,<1.5x,same direction,same direction,same direction,opposite,trend day (>=2%),none,Wed
2022-06-09,dev,1,SOXL,588,-369.1998,09:51-10:00,bullish (SOXL),"against, >1%",3-4.5%,<0.8x,below,>=7% (volatile),5-15%,<1.5x,same direction,same direction,same direction,opposite,not a trend day,none,Thu
2022-06-10,dev,-1,SOXS,599,392.3353,09:51-10:00,bearish,"with, >3%",3-4.5%,0.8-1.2x,below,>=7% (volatile),5-15%,<1.5x,same direction,same direction,same direction,same direction,not a trend day,08:30 data (CPI/jobs),Fri
2022-06-13,dev,-1,SOXS,600,535.8113,09:51-10:00,bearish,"with, >3%",3-4.5%,0.8-1.2x,below,>=7% (volatile),5-15%,1.5-3x,same direction,same direction,opposite,same direction,trend day (>=2%),none,Mon
2022-06-14,dev,-1,SOXS,909,-185.5042,after 12:00,bearish,"against, >1%",>=4.5%,0.8-1.2x,below,>=7% (volatile),<5% of range,1.5-3x,same direction,same direction,same direction,opposite,trend day (>=2%),08:30 data (CPI/jobs),Tue
2022-06-15,dev,1,SOXL,605,-282.6378,10:01-10:30,bullish (SOXL),"with, >3%",2-3%,0.8-1.2x,below,>=7% (volatile),5-15%,1.5-3x,same direction,same direction,same direction,same direction,not a trend day,FOMC day,Wed
2022-06-16,dev,-1,SOXS,593,603.6037,09:51-10:00,bearish,"with, >3%",3-4.5%,1.2-1.6x,below,>=7% (volatile),5-15%,>=3x,same direction,same direction,same direction,same direction,not a trend day,none,Thu
2022-06-17,dev,1,SOXL,592,-349.1524,09:51-10:00,bullish (SOXL),"with, 0-1%",3-4.5%,0.8-1.2x,below,>=7% (volatile),5-15%,<1.5x,same direction,same direction,same direction,same direction,trend day (>=2%),none,Fri
2022-06-21,dev,1,SOXL,595,-48.4595,09:51-10:00,bullish (SOXL),"with, >3%",3-4.5%,1.2-1.6x,below,>=7% (volatile),<5% of range,1.5-3x,same direction,same direction,same direction,same direction,not a trend day,chip earnings reaction,Tue
2022-06-22,dev,1,SOXL,595,-53.6415,09:51-10:00,bullish (SOXL),"against, >1%",3-4.5%,0.8-1.2x,below,>=7% (volatile),5-15%,1.5-3x,same direction,same direction,same direction,opposite,not a trend day,none,Wed
2022-06-23,dev,-1,SOXS,586,-59.7926,09:51-10:00,bearish,"against, >1%",>=4.5%,0.8-1.2x,below,>=7% (volatile),<5% of range,<1.5x,same direction,same direction,same direction,opposite,not a trend day,none,Thu
2022-06-24,dev,1,SOXL,589,473.2004,09:51-10:00,bullish (SOXL),"with, >3%",2-3%,1.2-1.6x,below,>=7% (volatile),>=15% of range,1.5-3x,same direction,same direction,same direction,same direction,not a trend day,none,Fri
2022-06-27,dev,-1,SOXS,587,-565.6854,09:51-10:00,bearish,"against, >1%",>=4.5%,0.8-1.2x,below,>=7% (volatile),5-15%,<1.5x,same direction,same direction,same direction,opposite,trend day (>=2%),none,Mon
2022-06-28,dev,1,SOXL,592,-416.9023,09:51-10:00,bullish (SOXL),"with, 1-3%",3-4.5%,0.8-1.2x,below,>=7% (volatile),5-15%,<1.5x,same direction,same direction,same direction,same direction,not a trend day,none,Tue
2022-06-29,dev,-1,SOXS,617,-130.3256,10:01-10:30,bearish,"with, >3%",>=4.5%,>=1.6x,below,>=7% (volatile),<5% of range,>=3x,same direction,same direction,same direction,same direction,trend day (>=2%),none,Wed
2022-06-30,dev,-1,SOXS,586,-242.1046,09:51-10:00,bearish,"with, >3%",2-3%,0.8-1.2x,below,>=7% (volatile),5-15%,1.5-3x,same direction,same direction,same direction,same direction,not a trend day,08:30 data (CPI/jobs),Thu
2022-07-01,dev,-1,SOXS,614,130.6826,10:01-10:30,bearish,"with, >3%",>=4.5%,>=1.6x,below,>=7% (volatile),5-15%,>=3x,same direction,same direction,opposite,same direction,not a trend day,chip earnings reaction,Fri
2022-07-05,dev,1,SOXL,589,830.2205,09:51-10:00,bullish (SOXL),"against, >1%",2-3%,1.2-1.6x,below,>=7% (volatile),5-15%,1.5-3x,same direction,same direction,same direction,opposite,trend day (>=2%),none,Tue
2022-07-06,dev,-1,SOXS,614,-417.5775,10:01-10:30,bearish,"against, 0-1%",3-4.5%,0.8-1.2x,below,>=7% (volatile),>=15% of range,1.5-3x,same direction,same direction,same direction,opposite,trend day (>=2%),none,Wed
2022-07-07,dev,1,SOXL,586,195.4789,09:51-10:00,bullish (SOXL),"with, >3%",3-4.5%,>=1.6x,below,>=7% (volatile),5-15%,1.5-3x,same direction,same direction,same direction,same direction,not a trend day,none,Thu
2022-07-08,dev,1,SOXL,638,229.9620,10:31-12:00,bullish (SOXL),"against, >1%",>=4.5%,0.8-1.2x,below,>=7% (volatile),<5% of range,<1.5x,same direction,same direction,same direction,opposite,trend day (>=2%),08:30 data (CPI/jobs),Fri
2022-07-11,dev,-1,SOXS,591,-481.4451,09:51-10:00,bearish,"with, >3%",>=4.5%,0.8-1.2x,below,>=7% (volatile),<5% of range,<1.5x,same direction,same direction,same direction,same direction,trend day (>=2%),none,Mon
2022-07-12,dev,-1,SOXS,590,76.6645,09:51-10:00,bearish,"against, >1%",2-3%,0.8-1.2x,below,>=7% (volatile),5-15%,1.5-3x,same direction,same direction,same direction,opposite,not a trend day,none,Tue
2022-07-13,dev,1,SOXL,588,473.2845,09:51-10:00,bullish (SOXL),"against, >1%",3-4.5%,0.8-1.2x,below,>=7% (volatile),>=15% of range,<1.5x,same direction,same direction,same direction,opposite,not a trend day,08:30 data (CPI/jobs),Wed
2022-07-14,dev,-1,SOXS,611,-426.7903,10:01-10:30,bearish,"with, 0-1%",3-4.5%,0.8-1.2x,below,>=7% (volatile),5-15%,1.5-3x,same direction,same direction,same direction,same direction,trend day (>=2%),08:30 data (CPI/jobs),Thu
2022-07-15,dev,-1,SOXS,587,-495.6801,09:51-10:00,bearish,"against, >1%",3-4.5%,1.2-1.6x,below,>=7% (volatile),5-15%,1.5-3x,same direction,same direction,same direction,opposite,trend day (>=2%),none,Fri
2022-07-18,dev,-1,SOXS,608,-299.2852,10:01-10:30,bearish,"against, >1%",2-3%,0.8-1.2x,below,>=7% (volatile),5-15%,>=3x,same direction,opposite,opposite,opposite,not a trend day,none,Mon
2022-07-19,dev,1,SOXL,593,693.9490,09:51-10:00,bullish (SOXL),"with, >3%",2-3%,<0.8x,below,>=7% (volatile),5-15%,<1.5x,same direction,opposite,opposite,same direction,trend day (>=2%),chip earnings reaction,Tue
2022-07-20,dev,1,SOXL,591,704.3561,09:51-10:00,bullish (SOXL),"against, 0-1%",3-4.5%,0.8-1.2x,above,>=7% (volatile),5-15%,<1.5x,same direction,same direction,same direction,opposite,trend day (>=2%),none,Wed
2022-07-21,dev,-1,SOXS,586,-329.0199,09:51-10:00,bearish,"against, >1%",2-3%,1.2-1.6x,above,>=7% (volatile),5-15%,1.5-3x,same direction,same direction,same direction,opposite,trend day (>=2%),none,Thu
2022-07-22,dev,-1,SOXS,597,392.9031,09:51-10:00,bearish,"with, 1-3%",3-4.5%,<0.8x,above,>=7% (volatile),<5% of range,<1.5x,same direction,same direction,same direction,same direction,not a trend day,none,Fri
2022-07-25,dev,-1,SOXS,607,-238.5947,10:01-10:30,bearish,"with, 1-3%",3-4.5%,0.8-1.2x,above,>=7% (volatile),<5% of range,<1.5x,same direction,same direction,same direction,same direction,trend day (>=2%),none,Mon
2022-07-26,dev,1,SOXL,592,-309.3318,09:51-10:00,bullish (SOXL),"against, >1%",2-3%,<0.8x,above,>=7% (volatile),>=15% of range,<1.5x,same direction,opposite,opposite,opposite,not a trend day,none,Tue
2022-07-27,dev,1,SOXL,586,665.3420,09:51-10:00,bullish (SOXL),"with, >3%",2-3%,0.8-1.2x,above,>=7% (volatile),<5% of range,<1.5x,same direction,same direction,same direction,same direction,not a trend day,FOMC day,Wed
2022-07-28,dev,-1,SOXS,586,-387.0930,09:51-10:00,bearish,"against, 0-1%",3-4.5%,0.8-1.2x,above,>=7% (volatile),5-15%,<1.5x,same direction,same direction,same direction,opposite,trend day (>=2%),08:30 data (CPI/jobs),Thu
2022-07-29,dev,1,SOXL,601,331.5307,10:01-10:30,bullish (SOXL),"against, >1%",>=4.5%,<0.8x,above,>=7% (volatile),5-15%,<1.5x,same direction,same direction,same direction,opposite,not a trend day,none,Fri
2022-08-01,dev,1,SOXL,592,72.4970,09:51-10:00,bullish (SOXL),"against, >1%",3-4.5%,<0.8x,above,>=7% (volatile),<5% of range,<1.5x,same direction,same direction,same direction,opposite,trend day (>=2%),none,Mon
2022-08-02,dev,1,SOXL,586,-266.3104,09:51-10:00,bullish (SOXL),"against, >1%",2-3%,<0.8x,above,>=7% (volatile),<5% of range,<1.5x,same direction,same direction,same direction,opposite,not a trend day,none,Tue
2022-08-03,dev,1,SOXL,606,577.5706,10:01-10:30,bullish (SOXL),"with, 0-1%",2-3%,<0.8x,above,>=7% (volatile),5-15%,<1.5x,same direction,same direction,same direction,same direction,not a trend day,chip earnings reaction,Wed
2022-08-04,dev,1,SOXL,587,32.9784,09:51-10:00,bullish (SOXL),"against, 0-1%",3-4.5%,<0.8x,above,>=7% (volatile),<5% of range,<1.5x,same direction,same direction,same direction,opposite,trend day (>=2%),none,Thu
2022-08-05,dev,1,SOXL,604,-362.2286,10:01-10:30,bullish (SOXL),"against, >1%",3-4.5%,0.8-1.2x,above,>=7% (volatile),<5% of range,<1.5x,same direction,same direction,same direction,opposite,not a trend day,08:30 data (CPI/jobs),Fri
2022-08-08,dev,-1,SOXS,675,-42.1246,10:31-12:00,bearish,"with, >3%",3-4.5%,0.8-1.2x,above,>=7% (volatile),<5% of range,<1.5x,same direction,opposite,opposite,same direction,not a trend day,none,Mon
2022-08-09,dev,-1,SOXS,592,361.0468,09:51-10:00,bearish,"with, >3%",3-4.5%,1.2-1.6x,above,>=7% (volatile),<5% of range,1.5-3x,same direction,opposite,same direction,same direction,not a trend day,none,Tue
2022-08-10,dev,1,SOXL,662,390.3966,10:31-12:00,bullish (SOXL),"with, >3%",3-4.5%,1.2-1.6x,above,>=7% (volatile),<5% of range,1.5-3x,same direction,opposite,same direction,same direction,trend day (>=2%),08:30 data (CPI/jobs),Wed
2022-08-11,dev,1,SOXL,588,-399.6075,09:51-10:00,bullish (SOXL),"with, 1-3%",3-4.5%,0.8-1.2x,above,>=7% (volatile),>=15% of range,<1.5x,same direction,same direction,same direction,same direction,not a trend day,08:30 data (CPI/jobs),Thu
2022-08-12,dev,1,SOXL,587,361.9681,09:51-10:00,bullish (SOXL),"with, 1-3%",3-4.5%,<0.8x,above,>=7% (volatile),<5% of range,<1.5x,same direction,same direction,same direction,same direction,not a trend day,none,Fri
2022-08-15,dev,-1,SOXS,621,-342.5693,10:01-10:30,bearish,"with, 1-3%",3-4.5%,0.8-1.2x,above,>=7% (volatile),5-15%,1.5-3x,same direction,same direction,opposite,same direction,trend day (>=2%),none,Mon
2022-08-16,dev,-1,SOXS,586,-280.0029,09:51-10:00,bearish,"with, 1-3%",2-3%,<0.8x,above,>=7% (volatile),5-15%,<1.5x,same direction,same direction,same direction,same direction,not a trend day,none,Tue
2022-08-17,dev,-1,SOXS,592,-37.1560,09:51-10:00,bearish,"with, >3%",3-4.5%,0.8-1.2x,above,>=7% (volatile),<5% of range,<1.5x,same direction,same direction,same direction,same direction,not a trend day,none,Wed
2022-08-18,dev,1,SOXL,622,188.8196,10:01-10:30,bullish (SOXL),"with, 0-1%",>=4.5%,<0.8x,above,>=7% (volatile),5-15%,1.5-3x,same direction,same direction,same direction,same direction,not a trend day,none,Thu
2022-08-19,dev,-1,SOXS,586,223.2004,09:51-10:00,bearish,"with, >3%",3-4.5%,<0.8x,above,>=7% (volatile),5-15%,<1.5x,same direction,same direction,same direction,same direction,not a trend day,none,Fri
2022-08-22,dev,-1,SOXS,625,273.1141,10:01-10:30,bearish,"with, >3%",3-4.5%,0.8-1.2x,above,>=7% (volatile),5-15%,1.5-3x,same direction,same direction,same direction,same direction,not a trend day,none,Mon
2022-08-23,dev,1,SOXL,589,-129.5685,09:51-10:00,bullish (SOXL),"with, 0-1%",2-3%,0.8-1.2x,above,>=7% (volatile),>=15% of range,1.5-3x,same direction,same direction,same direction,opposite,not a trend day,none,Tue
2022-08-24,dev,-1,SOXS,586,-267.4478,09:51-10:00,bearish,"with, 0-1%",2-3%,<0.8x,above,>=7% (volatile),5-15%,<1.5x,same direction,same direction,opposite,same direction,not a trend day,none,Wed
2022-08-25,dev,1,SOXL,596,532.0845,09:51-10:00,bullish (SOXL),"with, 0-1%",>=4.5%,0.8-1.2x,above,>=7% (volatile),<5% of range,<1.5x,same direction,same direction,same direction,same direction,not a trend day,chip earnings reaction,Thu
2022-08-26,dev,-1,SOXS,588,-321.4645,09:51-10:00,bearish,"with, 0-1%",3-4.5%,0.8-1.2x,above,>=7% (volatile),5-15%,<1.5x,same direction,same direction,same direction,same direction,trend day (>=2%),none,Fri
2022-08-29,dev,-1,SOXS,634,139.1958,10:31-12:00,bearish,"with, >3%",3-4.5%,0.8-1.2x,above,>=7% (volatile),<5% of range,1.5-3x,same direction,same direction,opposite,same direction,trend day (>=2%),none,Mon
2022-08-30,dev,-1,SOXS,586,508.8046,09:51-10:00,bearish,"against, >1%",3-4.5%,0.8-1.2x,above,>=7% (volatile),<5% of range,<1.5x,same direction,same direction,same direction,opposite,not a trend day,none,Tue
2022-08-31,dev,-1,SOXS,629,-21.2808,10:01-10:30,bearish,"against, >1%",3-4.5%,1.2-1.6x,below,>=7% (volatile),<5% of range,1.5-3x,same direction,same direction,same direction,opposite,trend day (>=2%),none,Wed
2022-09-01,dev,-1,SOXS,587,-246.0004,09:51-10:00,bearish,"with, >3%",2-3%,>=1.6x,below,>=7% (volatile),>=15% of range,>=3x,same direction,same direction,opposite,same direction,not a trend day,chip earnings reaction,Thu
2022-09-02,dev,1,SOXL,633,-564.1114,10:31-12:00,bullish (SOXL),"with, >3%",>=4.5%,1.2-1.6x,below,>=7% (volatile),<5% of range,1.5-3x,same direction,opposite,same direction,same direction,not a trend day,08:30 data (CPI/jobs),Fri
2022-09-06,dev,-1,SOXS,594,-332.8897,09:51-10:00,bearish,"against, 0-1%",3-4.5%,0.8-1.2x,below,>=7% (volatile),<5% of range,<1.5x,same direction,same direction,same direction,opposite,trend day (>=2%),none,Tue
2022-09-07,dev,-1,SOXS,593,-375.8365,09:51-10:00,bearish,"with, 0-1%",3-4.5%,1.2-1.6x,below,>=7% (volatile),5-15%,>=3x,same direction,same direction,opposite,opposite,not a trend day,none,Wed
2022-09-08,dev,1,SOXL,592,519.2362,09:51-10:00,bullish (SOXL),"against, >1%",3-4.5%,1.2-1.6x,below,>=7% (volatile),5-15%,<1.5x,same direction,same direction,same direction,opposite,not a trend day,none,Thu
2022-09-09,dev,1,SOXL,600,56.8354,09:51-10:00,bullish (SOXL),"with, >3%",2-3%,>=1.6x,below,>=7% (volatile),5-15%,>=3x,same direction,same direction,same direction,same direction,trend day (>=2%),none,Fri
2022-09-12,dev,1,SOXL,619,-368.6897,10:01-10:30,bullish (SOXL),"with, 1-3%",3-4.5%,0.8-1.2x,above,>=7% (volatile),5-15%,>=3x,same direction,same direction,same direction,same direction,not a trend day,none,Mon
2022-09-13,dev,-1,SOXS,638,500.4858,10:31-12:00,bearish,"with, >3%",3-4.5%,1.2-1.6x,above,>=7% (volatile),5-15%,1.5-3x,same direction,same direction,same direction,same direction,not a trend day,08:30 data (CPI/jobs),Tue
2022-09-14,dev,1,SOXL,652,-18.0476,10:31-12:00,bullish (SOXL),"with, 1-3%",3-4.5%,0.8-1.2x,below,>=7% (volatile),5-15%,<1.5x,same direction,opposite,same direction,same direction,trend day (>=2%),chip earnings reaction,Wed
2022-09-15,dev,1,SOXL,590,-356.4802,09:51-10:00,bullish (SOXL),"against, >1%",2-3%,<0.8x,below,>=7% (volatile),>=15% of range,1.5-3x,same direction,same direction,same direction,opposite,not a trend day,none,Thu
2022-09-16,dev,1,SOXL,606,285.9457,10:01-10:30,bullish (SOXL),"against, >1%",3-4.5%,0.8-1.2x,below,>=7% (volatile),5-15%,1.5-3x,same direction,same direction,opposite,opposite,not a trend day,none,Fri
2022-09-19,dev,1,SOXL,586,88.6862,09:51-10:00,bullish (SOXL),"against, >1%",>=4.5%,0.8-1.2x,below,>=7% (volatile),<5% of range,<1.5x,same direction,same direction,same direction,opposite,not a trend day,chip earnings reaction,Mon
2022-09-20,dev,-1,SOXS,637,4.2511,10:31-12:00,bearish,"with, >3%",2-3%,0.8-1.2x,below,>=7% (volatile),>=15% of range,1.5-3x,same direction,opposite,same direction,same direction,not a trend day,none,Tue
2022-09-21,dev,1,SOXL,586,-186.1728,09:51-10:00,bullish (SOXL),"with, 0-1%",<2%,<0.8x,below,>=7% (volatile),5-15%,1.5-3x,same direction,same direction,same direction,same direction,not a trend day,FOMC day,Wed
2022-09-22,dev,-1,SOXS,589,190.3808,09:51-10:00,bearish,"with, 1-3%",>=4.5%,1.2-1.6x,below,>=7% (volatile),<5% of range,1.5-3x,same direction,same direction,same direction,same direction,not a trend day,none,Thu
2022-09-23,dev,-1,SOXS,593,-237.1965,09:51-10:00,bearish,"with, >3%",3-4.5%,>=1.6x,below,>=7% (volatile),<5% of range,1.5-3x,same direction,same direction,same direction,same direction,trend day (>=2%),none,Fri
2022-09-26,dev,1,SOXL,594,-317.4080,09:51-10:00,bullish (SOXL),"against, >1%",3-4.5%,0.8-1.2x,below,>=7% (volatile),<5% of range,<1.5x,same direction,same direction,same direction,opposite,not a trend day,none,Mon
2022-09-27,dev,-1,SOXS,591,139.6993,09:51-10:00,bearish,"against, >1%",2-3%,1.2-1.6x,below,>=7% (volatile),>=15% of range,1.5-3x,same direction,opposite,opposite,opposite,not a trend day,none,Tue
2022-09-28,dev,1,SOXL,601,334.9310,10:01-10:30,bullish (SOXL),"against, >1%",>=4.5%,1.2-1.6x,below,>=7% (volatile),>=15% of range,1.5-3x,same direction,same direction,same direction,opposite,not a trend day,none,Wed
2022-09-29,dev,-1,SOXS,588,5.4231,09:51-10:00,bearish,"with, >3%",>=4.5%,1.2-1.6x,below,>=7% (volatile),<5% of range,<1.5x,same direction,same direction,same direction,same direction,trend day (>=2%),none,Thu
2022-09-30,dev,1,SOXL,612,-427.9102,10:01-10:30,bullish (SOXL),"against, >1%",3-4.5%,0.8-1.2x,below,>=7% (volatile),<5% of range,<1.5x,same direction,same direction,same direction,opposite,not a trend day,chip earnings reaction,Fri
2022-10-03,dev,1,SOXL,587,483.3394,09:51-10:00,bullish (SOXL),"with, 1-3%",3-4.5%,1.2-1.6x,below,>=7% (volatile),5-15%,>=3x,same direction,opposite,same direction,same direction,not a trend day,none,Mon
2022-10-04,dev,1,SOXL,592,197.5758,09:51-10:00,bullish (SOXL),"with, >3%",2-3%,>=1.6x,below,>=7% (volatile),<5% of range,<1.5x,same direction,same direction,same direction,same direction,trend day (>=2%),none,Tue
2022-10-05,dev,-1,SOXS,603,-303.9882,10:01-10:30,bearish,"with, >3%",2-3%,1.2-1.6x,below,>=7% (volatile),>=15% of range,1.5-3x,same direction,same direction,same direction,same direction,not a trend day,none,Wed
2022-10-06,dev,-1,SOXS,609,54.8032,10:01-10:30,bearish,"with, 1-3%",>=4.5%,1.2-1.6x,below,>=7% (volatile),5-15%,<1.5x,same direction,opposite,same direction,same direction,trend day (>=2%),none,Thu
2022-10-07,dev,-1,SOXS,588,657.9342,09:51-10:00,bearish,"with, >3%",3-4.5%,1.2-1.6x,below,>=7% (volatile),<5% of range,1.5-3x,same direction,opposite,same direction,same direction,not a trend day,chip earnings reaction,Fri
2022-10-10,dev,-1,SOXS,586,146.7389,09:51-10:00,bearish,"with, 1-3%",>=4.5%,1.2-1.6x,below,>=7% (volatile),<5% of range,1.5-3x,same direction,same direction,same direction,same direction,trend day (>=2%),none,Mon
2022-10-11,dev,-1,SOXS,589,-262.0672,09:51-10:00,bearish,"with, >3%",2-3%,1.2-1.6x,below,>=7% (volatile),>=15% of range,1.5-3x,same direction,same direction,same direction,same direction,trend day (>=2%),none,Tue
2022-10-12,dev,-1,SOXS,612,-61.4744,10:01-10:30,bearish,"with, 1-3%",3-4.5%,1.2-1.6x,below,>=7% (volatile),<5% of range,1.5-3x,same direction,same direction,same direction,same direction,not a trend day,08:30 data (CPI/jobs),Wed
2022-10-13,dev,1,SOXL,590,2238.2224,09:51-10:00,bullish (SOXL),"against, >1%",>=4.5%,>=1.6x,below,>=7% (volatile),<5% of range,1.5-3x,same direction,same direction,same direction,opposite,not a trend day,08:30 data (CPI/jobs),Thu
2022-10-14,dev,-1,SOXS,586,995.4965,09:51-10:00,bearish,"against, >1%",>=4.5%,>=1.6x,below,>=7% (volatile),5-15%,1.5-3x,same direction,same direction,same direction,opposite,trend day (>=2%),none,Fri
2022-10-17,dev,-1,SOXS,594,94.2373,09:51-10:00,bearish,"against, >1%",2-3%,1.2-1.6x,below,>=7% (volatile),5-15%,1.5-3x,same direction,opposite,opposite,opposite,trend day (>=2%),none,Mon
2022-10-18,dev,-1,SOXS,594,576.6303,09:51-10:00,bearish,"against, >1%",3-4.5%,>=1.6x,below,>=7% (volatile),>=15% of range,1.5-3x,same direction,same direction,same direction,opposite,not a trend day,none,Tue
2022-10-19,dev,1,SOXL,615,-62.6357,10:01-10:30,bullish (SOXL),"against, >1%",3-4.5%,0.8-1.2x,below,>=7% (volatile),5-15%,1.5-3x,same direction,same direction,same direction,opposite,trend day (>=2%),none,Wed
2022-10-20,dev,1,SOXL,586,-203.2650,09:51-10:00,bullish (SOXL),"with, 1-3%",3-4.5%,0.8-1.2x,below,>=7% (volatile),>=15% of range,1.5-3x,same direction,same direction,same direction,same direction,not a trend day,none,Thu
2022-10-21,dev,1,SOXL,586,892.6375,09:51-10:00,bullish (SOXL),"against, 0-1%",3-4.5%,0.8-1.2x,below,>=7% (volatile),>=15% of range,1.5-3x,same direction,opposite,same direction,opposite,not a trend day,none,Fri
2022-10-24,dev,-1,SOXS,601,-467.0190,10:01-10:30,bearish,"against, 0-1%",3-4.5%,0.8-1.2x,below,>=7% (volatile),>=15% of range,1.5-3x,same direction,same direction,same direction,opposite,trend day (>=2%),none,Mon
2022-10-25,dev,1,SOXL,586,13.7744,09:51-10:00,bullish (SOXL),"with, 1-3%",>=4.5%,0.8-1.2x,below,>=7% (volatile),5-15%,<1.5x,same direction,same direction,same direction,same direction,not a trend day,none,Tue
2022-10-26,dev,1,SOXL,591,70.0071,09:51-10:00,bullish (SOXL),"against, >1%",3-4.5%,0.8-1.2x,below,>=7% (volatile),5-15%,<1.5x,same direction,same direction,same direction,opposite,not a trend day,none,Wed
2022-10-27,dev,-1,SOXS,589,523.7418,09:51-10:00,bearish,"against, >1%",>=4.5%,0.8-1.2x,below,>=7% (volatile),5-15%,1.5-3x,same direction,same direction,same direction,opposite,not a trend day,none,Thu
2022-10-28,dev,1,SOXL,648,451.1827,10:31-12:00,bullish (SOXL),"with, 0-1%",>=4.5%,0.8-1.2x,below,>=7% (volatile),5-15%,1.5-3x,same direction,same direction,same direction,same direction,trend day (>=2%),08:30 data (CPI/jobs),Fri
2022-10-31,dev,-1,SOXS,586,-38.3129,09:51-10:00,bearish,"with, 1-3%",3-4.5%,0.8-1.2x,below,>=7% (volatile),>=15% of range,1.5-3x,same direction,same direction,same direction,same direction,trend day (>=2%),none,Mon
2022-11-01,dev,-1,SOXS,586,150.5468,09:51-10:00,bearish,"against, >1%",2-3%,0.8-1.2x,below,>=7% (volatile),5-15%,<1.5x,same direction,same direction,same direction,opposite,not a trend day,none,Tue
2022-11-02,dev,1,SOXL,588,-419.5391,09:51-10:00,bullish (SOXL),"with, 1-3%",3-4.5%,<0.8x,below,>=7% (volatile),5-15%,<1.5x,same direction,same direction,opposite,same direction,not a trend day,chip earnings reaction,Wed
2022-11-03,dev,-1,SOXS,586,-332.6832,09:51-10:00,bearish,"with, >3%",3-4.5%,0.8-1.2x,below,>=7% (volatile),5-15%,<1.5x,same direction,same direction,same direction,same direction,trend day (>=2%),none,Thu
2022-11-04,dev,1,SOXL,614,-558.7444,10:01-10:30,bullish (SOXL),"with, >3%",>=4.5%,1.2-1.6x,below,>=7% (volatile),<5% of range,1.5-3x,same direction,same direction,opposite,same direction,not a trend day,08:30 data (CPI/jobs),Fri
2022-11-07,dev,-1,SOXS,588,-388.4320,09:51-10:00,bearish,"against, >1%",3-4.5%,<0.8x,below,>=7% (volatile),>=15% of range,<1.5x,same direction,same direction,same direction,opposite,not a trend day,none,Mon
2022-11-08,dev,1,SOXL,622,-366.8512,10:01-10:30,bullish (SOXL),"with, >3%",3-4.5%,0.8-1.2x,below,>=7% (volatile),5-15%,<1.5x,same direction,opposite,same direction,same direction,not a trend day,none,Tue
2022-11-09,dev,1,SOXL,610,-457.3711,10:01-10:30,bullish (SOXL),"against, >1%",>=4.5%,0.8-1.2x,below,>=7% (volatile),<5% of range,1.5-3x,same direction,opposite,same direction,opposite,not a trend day,none,Wed
2022-11-10,dev,1,SOXL,599,1033.2033,09:51-10:00,bullish (SOXL),"with, >3%",3-4.5%,1.2-1.6x,below,>=7% (volatile),>=15% of range,1.5-3x,same direction,same direction,same direction,same direction,not a trend day,08:30 data (CPI/jobs),Thu
2022-11-11,dev,1,SOXL,586,753.9240,09:51-10:00,bullish (SOXL),"with, 1-3%",3-4.5%,1.2-1.6x,above,>=7% (volatile),<5% of range,1.5-3x,same direction,same direction,same direction,same direction,trend day (>=2%),none,Fri
2022-11-14,dev,-1,SOXS,589,-298.3378,09:51-10:00,bearish,"with, 1-3%",2-3%,<0.8x,above,>=7% (volatile),5-15%,<1.5x,same direction,same direction,same direction,same direction,trend day (>=2%),none,Mon
2022-11-15,dev,-1,SOXS,588,-379.6383,09:51-10:00,bearish,"against, >1%",2-3%,1.2-1.6x,above,>=7% (volatile),>=15% of range,1.5-3x,same direction,same direction,same direction,opposite,not a trend day,08:30 data (CPI/jobs),Tue
2022-11-16,dev,-1,SOXS,587,209.1518,09:51-10:00,bearish,"with, >3%",2-3%,0.8-1.2x,above,>=7% (volatile),>=15% of range,1.5-3x,same direction,same direction,same direction,same direction,not a trend day,none,Wed
2022-11-17,dev,1,SOXL,586,346.5827,09:51-10:00,bullish (SOXL),"against, >1%",>=4.5%,0.8-1.2x,above,>=7% (volatile),>=15% of range,<1.5x,same direction,same direction,same direction,opposite,not a trend day,chip earnings reaction,Thu
2022-11-18,dev,-1,SOXS,603,-27.8898,10:01-10:30,bearish,"against, >1%",3-4.5%,0.8-1.2x,above,>=7% (volatile),>=15% of range,1.5-3x,same direction,same direction,same direction,opposite,trend day (>=2%),none,Fri
2022-11-21,dev,-1,SOXS,623,-102.0454,10:01-10:30,bearish,"with, >3%",2-3%,<0.8x,above,>=7% (volatile),5-15%,<1.5x,same direction,opposite,same direction,same direction,not a trend day,none,Mon
2022-11-22,dev,1,SOXL,643,526.2014,10:31-12:00,bullish (SOXL),"with, 1-3%",3-4.5%,<0.8x,above,>=7% (volatile),<5% of range,<1.5x,same direction,same direction,opposite,same direction,not a trend day,none,Tue
2022-11-23,dev,1,SOXL,588,-139.4525,09:51-10:00,bullish (SOXL),"with, 0-1%",>=4.5%,<0.8x,above,>=7% (volatile),<5% of range,<1.5x,same direction,same direction,same direction,opposite,trend day (>=2%),none,Wed
2022-11-25,dev,1,SOXL,618,-247.1008,10:01-10:30,bullish (SOXL),"against, >1%",2-3%,<0.8x,above,>=7% (volatile),5-15%,<1.5x,same direction,same direction,same direction,opposite,not a trend day,none,Fri
2022-11-28,dev,1,SOXL,586,-403.2925,09:51-10:00,bullish (SOXL),"against, >1%",3-4.5%,0.8-1.2x,above,>=7% (volatile),>=15% of range,1.5-3x,same direction,same direction,same direction,opposite,not a trend day,none,Mon
2022-11-29,dev,1,SOXL,607,-237.9793,10:01-10:30,bullish (SOXL),"with, 0-1%",2-3%,<0.8x,above,>=7% (volatile),5-15%,<1.5x,same direction,same direction,opposite,same direction,not a trend day,none,Tue
2022-11-30,dev,-1,SOXS,586,-249.5154,09:51-10:00,bearish,"against, 0-1%",2-3%,<0.8x,above,>=7% (volatile),<5% of range,<1.5x,same direction,opposite,opposite,opposite,not a trend day,none,Wed
2022-12-01,dev,-1,SOXS,602,86.6219,10:01-10:30,bearish,"against, >1%",2-3%,0.8-1.2x,above,>=7% (volatile),<5% of range,1.5-3x,same direction,opposite,opposite,opposite,trend day (>=2%),08:30 data (CPI/jobs),Thu
2022-12-02,dev,-1,SOXS,594,-320.8001,09:51-10:00,bearish,"with, >3%",3-4.5%,0.8-1.2x,above,>=7% (volatile),5-15%,<1.5x,same direction,same direction,opposite,same direction,not a trend day,08:30 data (CPI/jobs),Fri
2022-12-05,dev,-1,SOXS,602,-261.2958,10:01-10:30,bearish,"with, 1-3%",2-3%,<0.8x,above,>=7% (volatile),5-15%,1.5-3x,same direction,opposite,same direction,same direction,not a trend day,none,Mon
2022-12-06,dev,-1,SOXS,586,368.8383,09:51-10:00,bearish,"with, 0-1%",3-4.5%,<0.8x,above,>=7% (volatile),5-15%,<1.5x,same direction,same direction,same direction,same direction,not a trend day,none,Tue
2022-12-07,dev,1,SOXL,666,-174.0529,10:31-12:00,bullish (SOXL),"against, >1%",>=4.5%,<0.8x,above,>=7% (volatile),5-15%,1.5-3x,same direction,same direction,same direction,opposite,trend day (>=2%),none,Wed
2022-12-08,dev,1,SOXL,597,511.6966,09:51-10:00,bullish (SOXL),"with, 1-3%",2-3%,<0.8x,above,>=7% (volatile),<5% of range,1.5-3x,same direction,opposite,same direction,same direction,not a trend day,none,Thu
2022-12-09,dev,1,SOXL,586,-335.4700,09:51-10:00,bullish (SOXL),"against, >1%",>=4.5%,0.8-1.2x,above,>=7% (volatile),<5% of range,<1.5x,same direction,same direction,same direction,opposite,trend day (>=2%),08:30 data (CPI/jobs),Fri
2022-12-12,dev,1,SOXL,645,407.5543,10:31-12:00,bullish (SOXL),"against, >1%",3-4.5%,<0.8x,above,>=7% (volatile),<5% of range,>=3x,same direction,same direction,opposite,opposite,not a trend day,none,Mon
2022-12-13,dev,-1,SOXS,623,276.2555,10:01-10:30,bearish,"against, >1%",>=4.5%,>=1.6x,above,>=7% (volatile),5-15%,>=3x,same direction,same direction,same direction,opposite,trend day (>=2%),08:30 data (CPI/jobs),Tue
2022-12-14,dev,1,SOXL,592,-273.4921,09:51-10:00,bullish (SOXL),"against, 0-1%",2-3%,<0.8x,above,>=7% (volatile),<5% of range,<1.5x,same direction,same direction,same direction,opposite,trend day (>=2%),FOMC day,Wed
2022-12-15,dev,-1,SOXS,587,312.0402,09:51-10:00,bearish,"with, >3%",3-4.5%,0.8-1.2x,above,>=7% (volatile),<5% of range,1.5-3x,same direction,same direction,same direction,same direction,not a trend day,none,Thu
2022-12-16,dev,1,SOXL,590,-390.3613,09:51-10:00,bullish (SOXL),"against, >1%",3-4.5%,0.8-1.2x,below,>=7% (volatile),5-15%,1.5-3x,same direction,same direction,same direction,opposite,trend day (>=2%),none,Fri
2022-12-19,dev,-1,SOXS,588,114.5528,09:51-10:00,bearish,"against, 0-1%",3-4.5%,<0.8x,below,>=7% (volatile),>=15% of range,1.5-3x,same direction,same direction,same direction,opposite,not a trend day,none,Mon
2022-12-20,dev,1,SOXL,597,16.7950,09:51-10:00,bullish (SOXL),"against, >1%",3-4.5%,0.8-1.2x,below,>=7% (volatile),<5% of range,1.5-3x,same direction,same direction,same direction,opposite,not a trend day,chip earnings reaction,Tue
2022-12-21,dev,1,SOXL,586,199.7136,09:51-10:00,bullish (SOXL),"with, 1-3%",2-3%,<0.8x,below,>=7% (volatile),>=15% of range,<1.5x,same direction,same direction,same direction,same direction,not a trend day,none,Wed
2022-12-22,dev,-1,SOXS,593,162.3295,09:51-10:00,bearish,"with, >3%",>=4.5%,1.2-1.6x,below,>=7% (volatile),<5% of range,<1.5x,same direction,same direction,same direction,same direction,not a trend day,chip earnings reaction,Thu
2022-12-23,dev,1,SOXL,631,7.3598,10:31-12:00,bullish (SOXL),"against, >1%",>=4.5%,0.8-1.2x,below,>=7% (volatile),<5% of range,<1.5x,same direction,same direction,same direction,opposite,trend day (>=2%),none,Fri
2022-12-27,dev,-1,SOXS,586,-162.9755,09:51-10:00,bearish,"with, 1-3%",>=4.5%,1.2-1.6x,below,>=7% (volatile),<5% of range,1.5-3x,same direction,same direction,same direction,same direction,not a trend day,none,Tue
2022-12-28,dev,1,SOXL,590,-497.1250,09:51-10:00,bullish (SOXL),"against, >1%",>=4.5%,0.8-1.2x,below,>=7% (volatile),<5% of range,<1.5x,same direction,same direction,same direction,opposite,not a trend day,none,Wed
2022-12-29,dev,1,SOXL,588,201.0643,09:51-10:00,bullish (SOXL),"with, >3%",3-4.5%,1.2-1.6x,below,>=7% (volatile),5-15%,1.5-3x,same direction,same direction,same direction,same direction,not a trend day,none,Thu
2022-12-30,dev,-1,SOXS,589,-328.9965,09:51-10:00,bearish,"with, >3%",3-4.5%,0.8-1.2x,below,>=7% (volatile),5-15%,1.5-3x,same direction,same direction,same direction,same direction,not a trend day,none,Fri
2023-01-03,dev,-1,SOXS,586,539.4863,09:51-10:00,bearish,"against, >1%",2-3%,0.8-1.2x,below,>=7% (volatile),5-15%,>=3x,same direction,same direction,same direction,opposite,not a trend day,none,Tue
2023-01-04,dev,-1,SOXS,601,-407.1177,10:01-10:30,bearish,"against, >1%",3-4.5%,1.2-1.6x,below,>=7% (volatile),<5% of range,>=3x,same direction,same direction,same direction,opposite,trend day (>=2%),none,Wed
2023-01-05,dev,1,SOXL,613,-310.7400,10:01-10:30,bullish (SOXL),"against, >1%",2-3%,<0.8x,below,>=7% (volatile),<5% of range,<1.5x,same direction,opposite,opposite,opposite,not a trend day,none,Thu
2023-01-06,dev,1,SOXL,640,714.6367,10:31-12:00,bullish (SOXL),"with, >3%",>=4.5%,0.8-1.2x,below,>=7% (volatile),<5% of range,<1.5x,same direction,opposite,same direction,same direction,not a trend day,08:30 data (CPI/jobs),Fri
2023-01-09,dev,1,SOXL,586,-96.7591,09:51-10:00,bullish (SOXL),"with, >3%",2-3%,1.2-1.6x,below,>=7% (volatile),>=15% of range,1.5-3x,same direction,same direction,same direction,same direction,trend day (>=2%),none,Mon
2023-01-10,dev,-1,SOXS,587,-455.3855,09:51-10:00,bearish,"with, 1-3%",3-4.5%,0.8-1.2x,below,>=7% (volatile),5-15%,1.5-3x,same direction,opposite,opposite,same direction,not a trend day,none,Tue
2023-01-11,dev,1,SOXL,630,195.4367,10:01-10:30,bullish (SOXL),"with, 0-1%",3-4.5%,0.8-1.2x,below,>=7% (volatile),5-15%,<1.5x,same direction,same direction,same direction,same direction,not a trend day,none,Wed
2023-01-12,dev,-1,SOXS,590,-690.9520,09:51-10:00,bearish,"against, >1%",>=4.5%,1.2-1.6x,above,>=7% (volatile),<5% of range,<1.5x,same direction,same direction,same direction,opposite,not a trend day,08:30 data (CPI/jobs),Thu
2023-01-13,dev,1,SOXL,601,288.5607,10:01-10:30,bullish (SOXL),"against, >1%",2-3%,<0.8x,above,>=7% (volatile),<5% of range,<1.5x,same direction,same direction,same direction,opposite,not a trend day,none,Fri
2023-01-17,dev,1,SOXL,601,-337.9158,10:01-10:30,bullish (SOXL),"against, 0-1%",3-4.5%,<0.8x,above,>=7% (volatile),5-15%,<1.5x,same direction,same direction,same direction,opposite,not a trend day,none,Tue
2023-01-18,dev,1,SOXL,592,-231.5479,09:51-10:00,bullish (SOXL),"with, 1-3%",2-3%,<0.8x,above,>=7% (volatile),<5% of range,<1.5x,same direction,same direction,same direction,same direction,not a trend day,08:30 data (CPI/jobs),Wed
2023-01-19,dev,-1,SOXS,586,246.5554,09:51-10:00,bearish,"with, 1-3%",2-3%,<0.8x,above,>=7% (volatile),>=15% of range,<1.5x,same direction,same direction,same direction,same direction,not a trend day,none,Thu
2023-01-20,dev,-1,SOXS,588,-241.6077,09:51-10:00,bearish,"against, >1%",2-3%,<0.8x,below,>=7% (volatile),5-15%,<1.5x,same direction,same direction,same direction,opposite,not a trend day,none,Fri
2023-01-23,dev,1,SOXL,587,778.3130,09:51-10:00,bullish (SOXL),"with, >3%",3-4.5%,0.8-1.2x,above,>=7% (volatile),<5% of range,<1.5x,same direction,same direction,same direction,same direction,trend day (>=2%),none,Mon
2023-01-24,dev,1,SOXL,587,-122.3641,09:51-10:00,bullish (SOXL),"against, >1%",2-3%,0.8-1.2x,above,>=7% (volatile),>=15% of range,<1.5x,same direction,same direction,same direction,opposite,trend day (>=2%),none,Tue
2023-01-25,dev,-1,SOXS,614,-279.5977,10:01-10:30,bearish,"with, >3%",2-3%,0.8-1.2x,above,>=7% (volatile),>=15% of range,1.5-3x,same direction,same direction,same direction,same direction,not a trend day,none,Wed
2023-01-26,dev,-1,SOXS,590,-272.1673,09:51-10:00,bearish,"against, >1%",2-3%,1.2-1.6x,above,>=7% (volatile),>=15% of range,1.5-3x,same direction,same direction,same direction,opposite,trend day (>=2%),none,Thu
2023-01-27,dev,1,SOXL,588,143.8762,09:51-10:00,bullish (SOXL),"against, >1%",2-3%,0.8-1.2x,above,>=7% (volatile),>=15% of range,<1.5x,same direction,same direction,same direction,opposite,not a trend day,none,Fri
2023-01-30,dev,1,SOXL,588,-249.7851,09:51-10:00,bullish (SOXL),"against, >1%",<2%,<0.8x,above,>=7% (volatile),>=15% of range,<1.5x,same direction,same direction,same direction,opposite,not a trend day,none,Mon
2023-01-31,dev,-1,SOXS,601,-318.8338,10:01-10:30,bearish,"with, 0-1%",3-4.5%,0.8-1.2x,above,>=7% (volatile),<5% of range,<1.5x,same direction,same direction,opposite,same direction,not a trend day,08:30 data (CPI/jobs),Tue
2023-02-01,dev,1,SOXL,586,964.0437,09:51-10:00,bullish (SOXL),"with, 1-3%",2-3%,<0.8x,above,>=7% (volatile),>=15% of range,<1.5x,same direction,same direction,opposite,same direction,trend day (>=2%),chip earnings reaction,Wed
2023-02-02,dev,-1,SOXS,600,-313.4676,09:51-10:00,bearish,"against, >1%",2-3%,1.2-1.6x,above,>=7% (volatile),<5% of range,1.5-3x,same direction,opposite,same direction,opposite,trend day (>=2%),none,Thu
2023-02-03,dev,1,SOXL,587,-251.9316,09:51-10:00,bullish (SOXL),"against, >1%",3-4.5%,0.8-1.2x,above,>=7% (volatile),5-15%,<1.5x,same direction,same direction,same direction,opposite,not a trend day,08:30 data (CPI/jobs),Fri
2023-02-06,dev,1,SOXL,588,-242.3679,09:51-10:00,bullish (SOXL),"against, >1%",2-3%,0.8-1.2x,above,>=7% (volatile),<5% of range,<1.5x,same direction,same direction,same direction,opposite,not a trend day,none,Mon
2023-02-07,dev,1,SOXL,591,-212.4026,09:51-10:00,bullish (SOXL),"with, 0-1%",<2%,<0.8x,above,>=7% (volatile),>=15% of range,1.5-3x,same direction,opposite,same direction,same direction,not a trend day,none,Tue
2023-02-08,dev,-1,SOXS,631,302.3812,10:31-12:00,bearish,"with, 1-3%",2-3%,<0.8x,above,>=7% (volatile),>=15% of range,1.5-3x,same direction,same direction,same direction,same direction,trend day (>=2%),none,Wed
2023-02-09,dev,1,SOXL,587,-208.3423,09:51-10:00,bullish (SOXL),"with, >3%",<2%,0.8-1.2x,above,>=7% (volatile),<5% of range,<1.5x,same direction,same direction,opposite,same direction,not a trend day,none,Thu
2023-02-10,dev,-1,SOXS,595,-90.7479,09:51-10:00,bearish,"with, >3%",3-4.5%,0.8-1.2x,above,>=7% (volatile),5-15%,<1.5x,same direction,same direction,opposite,same direction,not a trend day,none,Fri
2023-02-13,dev,1,SOXL,591,183.3271,09:51-10:00,bullish (SOXL),"with, 1-3%",2-3%,0.8-1.2x,above,>=7% (volatile),5-15%,<1.5x,same direction,same direction,same direction,same direction,not a trend day,none,Mon
2023-02-14,dev,1,SOXL,586,513.1796,09:51-10:00,bullish (SOXL),"against, >1%",>=4.5%,0.8-1.2x,above,>=7% (volatile),>=15% of range,<1.5x,same direction,same direction,same direction,opposite,not a trend day,08:30 data (CPI/jobs),Tue
2023-02-15,dev,-1,SOXS,594,-245.4157,09:51-10:00,bearish,"with, >3%",<2%,<0.8x,above,>=7% (volatile),>=15% of range,1.5-3x,same direction,same direction,opposite,same direction,trend day (>=2%),none,Wed
2023-02-16,dev,1,SOXL,588,-283.3770,09:51-10:00,bullish (SOXL),"against, >1%",2-3%,0.8-1.2x,above,>=7% (volatile),<5% of range,<1.5x,same direction,same direction,same direction,opposite,not a trend day,08:30 data (CPI/jobs),Thu
2023-02-17,dev,-1,SOXS,586,67.4415,09:51-10:00,bearish,"with, 1-3%",2-3%,0.8-1.2x,above,>=7% (volatile),>=15% of range,<1.5x,same direction,same direction,same direction,same direction,not a trend day,none,Fri
2023-02-21,dev,-1,SOXS,613,441.4866,10:01-10:30,bearish,"with, >3%",3-4.5%,<0.8x,above,>=7% (volatile),5-15%,1.5-3x,same direction,same direction,same direction,same direction,not a trend day,none,Tue
2023-02-22,dev,1,SOXL,586,-273.7537,09:51-10:00,bullish (SOXL),"with, 0-1%",2-3%,<0.8x,above,>=7% (volatile),5-15%,<1.5x,same direction,same direction,same direction,same direction,not a trend day,none,Wed
2023-02-23,dev,-1,SOXS,607,-361.6157,10:01-10:30,bearish,"against, >1%",3-4.5%,0.8-1.2x,above,>=7% (volatile),<5% of range,1.5-3x,same direction,opposite,same direction,opposite,not a trend day,chip earnings reaction,Thu
2023-02-24,dev,-1,SOXS,587,-95.4164,09:51-10:00,bearish,"with, >3%",2-3%,0.8-1.2x,above,>=7% (volatile),>=15% of range,<1.5x,same direction,same direction,same direction,same direction,not a trend day,08:30 data (CPI/jobs),Fri
2023-02-27,dev,-1,SOXS,638,74.1795,10:31-12:00,bearish,"against, >1%",2-3%,0.8-1.2x,above,>=7% (volatile),5-15%,1.5-3x,same direction,same direction,same direction,opposite,not a trend day,none,Mon
2023-02-28,dev,1,SOXL,587,15.2269,09:51-10:00,bullish (SOXL),"against, 0-1%",2-3%,<0.8x,above,>=7% (volatile),5-15%,<1.5x,same direction,same direction,same direction,opposite,not a trend day,none,Tue
2023-03-01,dev,1,SOXL,586,-314.7902,09:51-10:00,bullish (SOXL),"with, 1-3%",2-3%,<0.8x,above,>=7% (volatile),>=15% of range,<1.5x,same direction,opposite,opposite,same direction,not a trend day,none,Wed
2023-03-02,dev,1,SOXL,602,619.3301,10:01-10:30,bullish (SOXL),"against, >1%",2-3%,0.8-1.2x,above,>=7% (volatile),>=15% of range,<1.5x,same direction,same direction,same direction,opposite,not a trend day,none,Thu
2023-03-03,dev,1,SOXL,594,-195.9790,09:51-10:00,bullish (SOXL),"with, 0-1%",<2%,<0.8x,above,>=7% (volatile),>=15% of range,<1.5x,same direction,same direction,same direction,same direction,trend day (>=2%),none,Fri
2023-03-06,dev,1,SOXL,619,-229.9540,10:01-10:30,bullish (SOXL),"with, 0-1%",2-3%,<0.8x,above,>=7% (volatile),5-15%,1.5-3x,same direction,same direction,same direction,same direction,not a trend day,none,Mon
2023-03-07,dev,-1,SOXS,601,187.4587,10:01-10:30,bearish,"against, 0-1%",2-3%,<0.8x,above,>=7% (volatile),>=15% of range,>=3x,same direction,opposite,same direction,opposite,not a trend day,none,Tue
2023-03-08,dev,1,SOXL,592,458.4139,09:51-10:00,bullish (SOXL),"with, 1-3%",<2%,<0.8x,above,>=7% (volatile),<5% of range,<1.5x,same direction,same direction,opposite,same direction,not a trend day,none,Wed
2023-03-09,dev,1,SOXL,588,-198.7600,09:51-10:00,bullish (SOXL),"against, 0-1%",<2%,<0.8x,above,>=7% (volatile),>=15% of range,1.5-3x,same direction,same direction,same direction,opposite,trend day (>=2%),08:30 data (CPI/jobs),Thu
2023-03-10,dev,-1,SOXS,586,-638.0082,09:51-10:00,bearish,"against, >1%",>=4.5%,1.2-1.6x,above,>=7% (volatile),5-15%,1.5-3x,same direction,same direction,same direction,opposite,not a trend day,08:30 data (CPI/jobs),Fri
2023-03-13,dev,1,SOXL,589,316.5357,09:51-10:00,bullish (SOXL),"against, >1%",3-4.5%,1.2-1.6x,below,>=7% (volatile),<5% of range,>=3x,same direction,opposite,same direction,opposite,trend day (>=2%),none,Mon
2023-03-14,dev,1,SOXL,606,-289.3604,10:01-10:30,bullish (SOXL),"with, >3%",2-3%,>=1.6x,above,>=7% (volatile),<5% of range,<1.5x,same direction,same direction,same direction,same direction,not a trend day,08:30 data (CPI/jobs),Tue
2023-03-15,dev,-1,SOXS,592,-25.5098,09:51-10:00,bearish,"with, >3%",3-4.5%,1.2-1.6x,above,>=7% (volatile),5-15%,1.5-3x,same direction,same direction,opposite,same direction,not a trend day,08:30 data (CPI/jobs),Wed
2023-03-16,dev,1,SOXL,592,1093.2227,09:51-10:00,bullish (SOXL),"against, >1%",3-4.5%,0.8-1.2x,above,>=7% (volatile),5-15%,1.5-3x,same direction,same direction,same direction,opposite,not a trend day,none,Thu
2023-03-17,dev,-1,SOXS,588,-275.6277,09:51-10:00,bearish,"against, 0-1%",2-3%,0.8-1.2x,above,>=7% (volatile),>=15% of range,<1.5x,same direction,opposite,opposite,opposite,trend day (>=2%),none,Fri
2023-03-20,dev,-1,SOXS,620,-289.6684,10:01-10:30,bearish,"against, 0-1%",2-3%,<0.8x,above,>=7% (volatile),<5% of range,<1.5x,same direction,same direction,same direction,opposite,not a trend day,chip earnings reaction,Mon
2023-03-21,dev,1,SOXL,599,-212.6127,09:51-10:00,bullish (SOXL),"with, 1-3%",<2%,0.8-1.2x,above,>=7% (volatile),5-15%,1.5-3x,same direction,same direction,same direction,same direction,not a trend day,none,Tue
2023-03-22,dev,1,SOXL,590,-251.0244,09:51-10:00,bullish (SOXL),"with, 0-1%",2-3%,<0.8x,above,>=7% (volatile),5-15%,1.5-3x,same direction,same direction,same direction,opposite,not a trend day,FOMC day,Wed
2023-03-23,dev,1,SOXL,586,-278.7294,09:51-10:00,bullish (SOXL),"with, >3%",2-3%,0.8-1.2x,above,>=7% (volatile),<5% of range,<1.5x,same direction,same direction,same direction,same direction,not a trend day,none,Thu
2023-03-24,dev,-1,SOXS,587,94.7879,09:51-10:00,bearish,"with, 1-3%",3-4.5%,0.8-1.2x,above,>=7% (volatile),<5% of range,<1.5x,same direction,same direction,same direction,same direction,not a trend day,none,Fri
2023-03-27,dev,1,SOXL,587,-233.8259,09:51-10:00,bullish (SOXL),"with, 1-3%",2-3%,0.8-1.2x,above,>=7% (volatile),<5% of range,<1.5x,same direction,same direction,same direction,same direction,not a trend day,none,Mon
2023-03-28,dev,-1,SOXS,592,-195.4934,09:51-10:00,bearish,"with, 0-1%",3-4.5%,0.8-1.2x,above,>=7% (volatile),5-15%,<1.5x,same direction,same direction,same direction,same direction,not a trend day,none,Tue
2023-03-29,dev,1,SOXL,588,-260.3221,09:51-10:00,bullish (SOXL),"with, >3%",<2%,1.2-1.6x,above,>=7% (volatile),>=15% of range,>=3x,same direction,same direction,same direction,same direction,not a trend day,chip earnings reaction,Wed
2023-03-30,dev,1,SOXL,586,-176.6475,09:51-10:00,bullish (SOXL),"with, >3%",<2%,0.8-1.2x,above,>=7% (volatile),>=15% of range,>=3x,same direction,same direction,opposite,same direction,not a trend day,none,Thu
2023-03-31,dev,1,SOXL,586,209.6111,09:51-10:00,bullish (SOXL),"against, >1%",<2%,0.8-1.2x,above,>=7% (volatile),5-15%,<1.5x,same direction,same direction,same direction,opposite,not a trend day,08:30 data (CPI/jobs),Fri
2023-04-03,dev,-1,SOXS,593,73.4408,09:51-10:00,bearish,"with, 1-3%",<2%,<0.8x,above,>=7% (volatile),<5% of range,<1.5x,same direction,opposite,opposite,same direction,not a trend day,none,Mon
2023-04-04,dev,-1,SOXS,586,255.5914,09:51-10:00,bearish,"against, 0-1%",3-4.5%,<0.8x,above,>=7% (volatile),5-15%,<1.5x,same direction,same direction,same direction,opposite,not a trend day,none,Tue
2023-04-05,dev,-1,SOXS,588,17.5585,09:51-10:00,bearish,"with, >3%",2-3%,0.8-1.2x,above,>=7% (volatile),<5% of range,<1.5x,same direction,same direction,same direction,same direction,trend day (>=2%),none,Wed
2023-04-06,dev,1,SOXL,601,66.2353,10:01-10:30,bullish (SOXL),"against, >1%",2-3%,0.8-1.2x,above,>=7% (volatile),>=15% of range,<1.5x,same direction,same direction,opposite,opposite,not a trend day,none,Thu
2023-04-10,dev,1,SOXL,613,406.2244,10:01-10:30,bullish (SOXL),"against, >1%",3-4.5%,<0.8x,above,>=7% (volatile),<5% of range,<1.5x,same direction,same direction,opposite,opposite,not a trend day,none,Mon
2023-04-11,dev,-1,SOXS,645,120.5431,10:31-12:00,bearish,"against, >1%",2-3%,<0.8x,above,>=7% (volatile),5-15%,1.5-3x,same direction,same direction,same direction,opposite,trend day (>=2%),none,Tue
2023-04-12,dev,-1,SOXS,587,230.5149,09:51-10:00,bearish,"against, >1%",>=4.5%,0.8-1.2x,above,5-7%,>=15% of range,1.5-3x,same direction,same direction,same direction,opposite,not a trend day,08:30 data (CPI/jobs),Wed
2023-04-13,dev,-1,SOXS,587,-196.5755,09:51-10:00,bearish,"against, 0-1%",<2%,0.8-1.2x,above,>=7% (volatile),<5% of range,1.5-3x,same direction,same direction,opposite,opposite,trend day (>=2%),08:30 data (CPI/jobs),Thu
2023-04-14,dev,1,SOXL,586,-298.6423,09:51-10:00,bullish (SOXL),"against, 0-1%",2-3%,<0.8x,above,5-7%,<5% of range,<1.5x,same direction,same direction,same direction,opposite,not a trend day,none,Fri
2023-04-17,dev,-1,SOXS,741,-283.5943,after 12:00,bearish,"with, >3%",2-3%,0.8-1.2x,above,5-7%,<5% of range,1.5-3x,same direction,same direction,same direction,same direction,not a trend day,none,Mon
2023-04-18,dev,-1,SOXS,598,74.3342,09:51-10:00,bearish,"against, >1%",2-3%,1.2-1.6x,above,5-7%,>=15% of range,>=3x,same direction,opposite,same direction,opposite,not a trend day,none,Tue
2023-04-19,dev,-1,SOXS,599,-151.5587,09:51-10:00,bearish,"with, >3%",<2%,<0.8x,above,5-7%,<5% of range,<1.5x,same direction,opposite,opposite,same direction,not a trend day,none,Wed
2023-04-20,dev,1,SOXL,586,-68.7436,09:51-10:00,bullish (SOXL),"against, >1%",3-4.5%,0.8-1.2x,above,5-7%,5-15%,<1.5x,same direction,same direction,same direction,opposite,not a trend day,none,Thu
2023-04-21,dev,-1,SOXS,592,-157.5369,09:51-10:00,bearish,"with, 0-1%",2-3%,1.2-1.6x,above,5-7%,5-15%,1.5-3x,same direction,same direction,same direction,same direction,not a trend day,none,Fri
2023-04-24,dev,-1,SOXS,607,48.7136,10:01-10:30,bearish,"with, 0-1%",<2%,<0.8x,above,5-7%,>=15% of range,<1.5x,same direction,opposite,same direction,same direction,not a trend day,none,Mon
2023-04-25,dev,-1,SOXS,587,571.9854,09:51-10:00,bearish,"with, 1-3%",<2%,<0.8x,above,5-7%,5-15%,1.5-3x,same direction,same direction,same direction,same direction,not a trend day,none,Tue
2023-04-26,dev,-1,SOXS,586,-301.7929,09:51-10:00,bearish,"against, >1%",2-3%,0.8-1.2x,above,5-7%,<5% of range,<1.5x,same direction,same direction,same direction,opposite,trend day (>=2%),none,Wed
2023-04-27,dev,-1,SOXS,589,-470.3701,09:51-10:00,bearish,"with, 0-1%",>=4.5%,>=1.6x,above,5-7%,<5% of range,1.5-3x,same direction,same direction,same direction,same direction,not a trend day,none,Thu
2023-04-28,dev,1,SOXL,776,141.6931,after 12:00,bullish (SOXL),"with, 1-3%",2-3%,0.8-1.2x,above,5-7%,<5% of range,1.5-3x,same direction,same direction,same direction,same direction,not a trend day,none,Fri
2023-05-01,dev,-1,SOXS,620,-280.4093,10:01-10:30,bearish,"against, >1%",2-3%,0.8-1.2x,above,5-7%,5-15%,<1.5x,same direction,opposite,same direction,opposite,not a trend day,none,Mon
2023-05-02,dev,-1,SOXS,609,96.4912,10:01-10:30,bearish,"with, 0-1%",2-3%,<0.8x,above,5-7%,<5% of range,<1.5x,opposite,same direction,same direction,same direction,not a trend day,none,Tue
2023-05-03,dev,-1,SOXS,669,-191.6777,10:31-12:00,bearish,"with, 1-3%",<2%,<0.8x,above,5-7%,<5% of range,<1.5x,same direction,opposite,same direction,same direction,not a trend day,chip earnings reaction,Wed
2023-05-04,dev,-1,SOXS,634,-188.6195,10:31-12:00,bearish,"with, 1-3%",<2%,0.8-1.2x,above,5-7%,<5% of range,1.5-3x,same direction,same direction,same direction,same direction,not a trend day,none,Thu
2023-05-05,dev,1,SOXL,588,574.7171,09:51-10:00,bullish (SOXL),"with, 0-1%",<2%,0.8-1.2x,above,5-7%,5-15%,<1.5x,same direction,same direction,same direction,same direction,not a trend day,08:30 data (CPI/jobs),Fri
2023-05-08,dev,-1,SOXS,588,-286.1211,09:51-10:00,bearish,"with, 0-1%",2-3%,<0.8x,above,5-7%,<5% of range,<1.5x,same direction,same direction,same direction,same direction,trend day (>=2%),none,Mon
2023-05-09,dev,-1,SOXS,716,-83.5812,10:31-12:00,bearish,"with, >3%",2-3%,0.8-1.2x,above,5-7%,5-15%,>=3x,same direction,same direction,same direction,same direction,not a trend day,none,Tue
2023-05-10,dev,1,SOXL,609,-254.4511,10:01-10:30,bullish (SOXL),"with, >3%",2-3%,1.2-1.6x,above,5-7%,<5% of range,<1.5x,same direction,opposite,same direction,same direction,not a trend day,08:30 data (CPI/jobs),Wed
2023-05-11,dev,-1,SOXS,588,20.8066,09:51-10:00,bearish,"against, 0-1%",2-3%,<0.8x,above,5-7%,5-15%,<1.5x,same direction,same direction,same direction,opposite,not a trend day,08:30 data (CPI/jobs),Thu
2023-05-12,dev,-1,SOXS,587,99.3552,09:51-10:00,bearish,"against, 0-1%",<2%,<0.8x,above,5-7%,<5% of range,<1.5x,same direction,opposite,opposite,opposite,not a trend day,none,Fri
2023-05-15,dev,1,SOXL,586,667.2402,09:51-10:00,bullish (SOXL),"with, 0-1%",<2%,<0.8x,above,5-7%,5-15%,<1.5x,same direction,opposite,same direction,same direction,not a trend day,none,Mon
2023-05-16,dev,1,SOXL,586,-285.4000,09:51-10:00,bullish (SOXL),"against, 0-1%",3-4.5%,0.8-1.2x,above,5-7%,5-15%,1.5-3x,same direction,same direction,same direction,opposite,trend day (>=2%),none,Tue
2023-05-17,dev,-1,SOXS,587,-205.6011,09:51-10:00,bearish,"against, >1%",<2%,0.8-1.2x,above,5-7%,<5% of range,<1.5x,same direction,same direction,same direction,opposite,not a trend day,none,Wed
2023-05-18,dev,1,SOXL,589,464.3082,09:51-10:00,bullish (SOXL),"with, 1-3%",3-4.5%,1.2-1.6x,above,5-7%,<5% of range,<1.5x,same direction,same direction,same direction,same direction,not a trend day,none,Thu
2023-05-19,dev,-1,SOXS,590,-120.2755,09:51-10:00,bearish,"with, 0-1%",<2%,<0.8x,above,5-7%,>=15% of range,<1.5x,same direction,same direction,same direction,same direction,trend day (>=2%),none,Fri
2023-05-22,dev,1,SOXL,592,98.1464,09:51-10:00,bullish (SOXL),"against, >1%",2-3%,0.8-1.2x,above,5-7%,<5% of range,<1.5x,same direction,same direction,same direction,opposite,not a trend day,none,Mon
2023-05-23,dev,-1,SOXS,756,117.0711,after 12:00,bearish,"with, 1-3%",2-3%,<0.8x,above,5-7%,5-15%,1.5-3x,same direction,same direction,same direction,same direction,not a trend day,none,Tue
2023-05-24,dev,-1,SOXS,607,-153.8318,10:01-10:30,bearish,"with, >3%",3-4.5%,1.2-1.6x,above,5-7%,<5% of range,<1.5x,same direction,same direction,same direction,same direction,not a trend day,none,Wed
2023-05-25,dev,1,SOXL,663,480.9744,10:31-12:00,bullish (SOXL),"with, >3%",3-4.5%,>=1.6x,above,5-7%,<5% of range,<1.5x,same direction,opposite,opposite,same direction,not a trend day,chip earnings reaction,Thu
2023-05-26,dev,1,SOXL,588,1099.7141,09:51-10:00,bullish (SOXL),"with, >3%",2-3%,1.2-1.6x,above,5-7%,<5% of range,1.5-3x,same direction,opposite,same direction,same direction,not a trend day,08:30 data (CPI/jobs),Fri
2023-05-30,dev,-1,SOXS,594,538.2759,09:51-10:00,bearish,"against, >1%",3-4.5%,>=1.6x,above,5-7%,5-15%,>=3x,same direction,opposite,same direction,opposite,trend day (>=2%),chip earnings reaction,Tue
2023-05-31,dev,-1,SOXS,615,122.1980,10:01-10:30,bearish,"with, >3%",>=4.5%,0.8-1.2x,above,5-7%,<5% of range,<1.5x,same direction,same direction,same direction,same direction,trend day (>=2%),none,Wed
2023-06-01,dev,-1,SOXS,591,-287.3617,09:51-10:00,bearish,"against, >1%",2-3%,0.8-1.2x,above,5-7%,5-15%,<1.5x,same direction,opposite,same direction,opposite,not a trend day,chip earnings reaction,Thu
2023-06-02,dev,-1,SOXS,587,53.9234,09:51-10:00,bearish,"against, >1%",2-3%,0.8-1.2x,above,5-7%,>=15% of range,1.5-3x,same direction,same direction,opposite,opposite,not a trend day,chip earnings reaction,Fri
2023-06-05,dev,-1,SOXS,592,169.5190,09:51-10:00,bearish,"with, 1-3%",<2%,<0.8x,above,5-7%,5-15%,<1.5x,same direction,opposite,opposite,same direction,not a trend day,none,Mon
2023-06-06,dev,1,SOXL,587,196.7783,09:51-10:00,bullish (SOXL),"against, >1%",3-4.5%,<0.8x,above,5-7%,<5% of range,<1.5x,same direction,same direction,opposite,opposite,not a trend day,none,Tue
2023-06-07,dev,1,SOXL,587,-205.2360,09:51-10:00,bullish (SOXL),"with, 1-3%",<2%,0.8-1.2x,above,5-7%,<5% of range,<1.5x,same direction,same direction,same direction,same direction,not a trend day,none,Wed
2023-06-08,dev,-1,SOXS,595,-281.5916,09:51-10:00,bearish,"against, 0-1%",2-3%,<0.8x,above,5-7%,5-15%,<1.5x,same direction,opposite,opposite,opposite,not a trend day,none,Thu
2023-06-09,dev,1,SOXL,595,-215.8654,09:51-10:00,bullish (SOXL),"with, >3%",<2%,0.8-1.2x,above,5-7%,>=15% of range,1.5-3x,same direction,same direction,same direction,same direction,not a trend day,none,Fri
2023-06-12,dev,1,SOXL,602,393.4702,10:01-10:30,bullish (SOXL),"with, >3%",<2%,<0.8x,above,5-7%,5-15%,<1.5x,same direction,opposite,opposite,same direction,not a trend day,none,Mon
2023-06-13,dev,-1,SOXS,587,-344.0770,09:51-10:00,bearish,"against, >1%",2-3%,1.2-1.6x,above,>=7% (volatile),5-15%,1.5-3x,same direction,same direction,same direction,opposite,trend day (>=2%),08:30 data (CPI/jobs),Tue
2023-06-14,dev,1,SOXL,586,-214.1308,09:51-10:00,bullish (SOXL),"against, 0-1%",2-3%,<0.8x,above,5-7%,<5% of range,<1.5x,same direction,same direction,same direction,opposite,not a trend day,FOMC day,Wed
2023-06-20,dev,-1,SOXS,595,41.8769,09:51-10:00,bearish,"with, 1-3%",2-3%,<0.8x,above,5-7%,<5% of range,<1.5x,same direction,opposite,opposite,same direction,not a trend day,chip earnings reaction,Tue
2023-06-21,dev,-1,SOXS,586,386.4984,09:51-10:00,bearish,"with, 1-3%",<2%,<0.8x,above,5-7%,>=15% of range,<1.5x,same direction,same direction,same direction,same direction,not a trend day,08:30 data (CPI/jobs),Wed
2023-06-22,dev,1,SOXL,586,106.5688,09:51-10:00,bullish (SOXL),"against, >1%",2-3%,<0.8x,above,5-7%,5-15%,<1.5x,same direction,same direction,same direction,opposite,not a trend day,none,Thu
2023-06-23,dev,-1,SOXS,586,-223.1740,09:51-10:00,bearish,"with, >3%",<2%,<0.8x,above,5-7%,>=15% of range,1.5-3x,same direction,same direction,same direction,same direction,not a trend day,none,Fri
2023-06-26,dev,1,SOXL,587,-276.6529,09:51-10:00,bullish (SOXL),"with, 1-3%",2-3%,<0.8x,above,5-7%,<5% of range,<1.5x,same direction,same direction,same direction,same direction,not a trend day,none,Mon
2023-06-27,dev,1,SOXL,599,867.1892,09:51-10:00,bullish (SOXL),"with, 0-1%",<2%,<0.8x,above,5-7%,5-15%,<1.5x,same direction,same direction,same direction,same direction,not a trend day,none,Tue
2023-06-28,dev,1,SOXL,621,18.9982,10:01-10:30,bullish (SOXL),"against, >1%",2-3%,0.8-1.2x,above,5-7%,<5% of range,<1.5x,same direction,same direction,same direction,opposite,trend day (>=2%),none,Wed
2023-06-29,dev,-1,SOXS,586,-233.5448,09:51-10:00,bearish,"against, >1%",3-4.5%,0.8-1.2x,above,5-7%,<5% of range,1.5-3x,same direction,same direction,same direction,opposite,not a trend day,chip earnings reaction,Thu
2023-06-30,dev,1,SOXL,586,118.2540,09:51-10:00,bullish (SOXL),"with, >3%",<2%,0.8-1.2x,above,5-7%,<5% of range,1.5-3x,same direction,same direction,same direction,same direction,not a trend day,chip earnings reaction,Fri
2023-07-06,dev,-1,SOXS,593,-216.9218,09:51-10:00,bearish,"with, >3%",<2%,0.8-1.2x,above,5-7%,5-15%,1.5-3x,same direction,same direction,same direction,same direction,not a trend day,none,Thu
2023-07-07,dev,1,SOXL,588,-84.9695,09:51-10:00,bullish (SOXL),"with, 0-1%",<2%,<0.8x,above,5-7%,>=15% of range,<1.5x,same direction,same direction,same direction,same direction,not a trend day,08:30 data (CPI/jobs),Fri
2023-07-10,dev,1,SOXL,675,147.6132,10:31-12:00,bullish (SOXL),"with, 0-1%",3-4.5%,0.8-1.2x,above,5-7%,5-15%,1.5-3x,same direction,opposite,opposite,same direction,not a trend day,none,Mon
2023-07-12,dev,1,SOXL,592,-161.2845,09:51-10:00,bullish (SOXL),"with, >3%",<2%,0.8-1.2x,above,5-7%,<5% of range,1.5-3x,same direction,same direction,same direction,same direction,not a trend day,08:30 data (CPI/jobs),Wed
2023-07-13,dev,1,SOXL,600,-152.7460,09:51-10:00,bullish (SOXL),"with, >3%",<2%,<0.8x,above,5-7%,5-15%,1.5-3x,same direction,same direction,same direction,same direction,not a trend day,08:30 data (CPI/jobs),Thu
2023-07-14,dev,1,SOXL,600,-173.7832,09:51-10:00,bullish (SOXL),"with, 0-1%",<2%,0.8-1.2x,above,5-7%,<5% of range,1.5-3x,same direction,same direction,same direction,same direction,not a trend day,none,Fri
2023-07-24,dev,1,SOXL,586,-215.3097,09:51-10:00,bullish (SOXL),"against, 0-1%",<2%,<0.8x,above,5-7%,5-15%,<1.5x,same direction,opposite,same direction,same direction,not a trend day,chip earnings reaction,Mon
2023-07-25,dev,1,SOXL,586,131.0118,09:51-10:00,bullish (SOXL),"with, 1-3%",2-3%,0.8-1.2x,above,5-7%,<5% of range,<1.5x,same direction,same direction,same direction,same direction,not a trend day,none,Tue
2023-07-27,dev,1,SOXL,586,-272.6326,09:51-10:00,bullish (SOXL),"with, >3%",2-3%,>=1.6x,above,5-7%,<5% of range,1.5-3x,same direction,same direction,same direction,same direction,not a trend day,08:30 data (CPI/jobs),Thu
2023-07-28,dev,1,SOXL,612,94.6421,10:01-10:30,bullish (SOXL),"with, >3%",3-4.5%,1.2-1.6x,above,5-7%,<5% of range,>=3x,same direction,same direction,same direction,same direction,not a trend day,none,Fri
2023-07-31,dev,1,SOXL,587,-121.0293,09:51-10:00,bullish (SOXL),"with, 1-3%",<2%,0.8-1.2x,above,5-7%,5-15%,<1.5x,same direction,same direction,same direction,same direction,not a trend day,none,Mon
2023-08-01,dev,1,SOXL,605,242.5626,10:01-10:30,bullish (SOXL),"against, >1%",<2%,<0.8x,above,5-7%,5-15%,<1.5x,same direction,opposite,same direction,opposite,not a trend day,none,Tue
2023-08-10,dev,1,SOXL,587,-242.9804,09:51-10:00,bullish (SOXL),"with, 1-3%",2-3%,0.8-1.2x,below,5-7%,<5% of range,1.5-3x,same direction,same direction,same direction,same direction,not a trend day,08:30 data (CPI/jobs),Thu
2023-08-11,dev,-1,SOXS,586,106.7570,09:51-10:00,bearish,"with, >3%",2-3%,1.2-1.6x,below,5-7%,<5% of range,<1.5x,same direction,same direction,same direction,same direction,not a trend day,08:30 data (CPI/jobs),Fri
2023-08-14,dev,1,SOXL,586,688.4330,09:51-10:00,bullish (SOXL),"against, >1%",3-4.5%,0.8-1.2x,below,5-7%,5-15%,<1.5x,same direction,same direction,same direction,opposite,not a trend day,08:30 data (CPI/jobs),Mon
2023-08-16,dev,-1,SOXS,602,313.0951,10:01-10:30,bearish,"with, 0-1%",<2%,<0.8x,below,5-7%,>=15% of range,1.5-3x,same direction,same direction,same direction,same direction,not a trend day,none,Wed
2023-08-17,dev,-1,SOXS,596,118.5365,09:51-10:00,bearish,"against, 0-1%",2-3%,0.8-1.2x,below,5-7%,5-15%,1.5-3x,same direction,same direction,same direction,opposite,not a trend day,none,Thu
2023-08-18,dev,1,SOXL,588,297.5779,09:51-10:00,bullish (SOXL),"against, >1%",2-3%,0.8-1.2x,below,5-7%,<5% of range,<1.5x,same direction,opposite,same direction,opposite,not a trend day,none,Fri
2023-08-21,dev,1,SOXL,599,453.6261,09:51-10:00,bullish (SOXL),"with, 1-3%",2-3%,0.8-1.2x,below,5-7%,5-15%,<1.5x,same direction,same direction,same direction,same direction,not a trend day,none,Mon
2023-08-22,dev,-1,SOXS,594,326.8504,09:51-10:00,bearish,"against, >1%",3-4.5%,1.2-1.6x,below,5-7%,5-15%,1.5-3x,same direction,same direction,same direction,opposite,trend day (>=2%),none,Tue
2023-08-23,dev,1,SOXL,586,513.0749,09:51-10:00,bullish (SOXL),"against, >1%",2-3%,0.8-1.2x,below,5-7%,5-15%,<1.5x,same direction,opposite,same direction,opposite,trend day (>=2%),none,Wed
2023-08-25,dev,1,SOXL,604,-263.6138,10:01-10:30,bullish (SOXL),"against, 0-1%",<2%,<0.8x,below,5-7%,>=15% of range,1.5-3x,same direction,same direction,same direction,opposite,trend day (>=2%),chip earnings reaction,Fri
2023-08-28,dev,-1,SOXS,591,-149.7106,09:51-10:00,bearish,"against, >1%",2-3%,1.2-1.6x,below,5-7%,<5% of range,<1.5x,same direction,same direction,same direction,opposite,not a trend day,none,Mon
2023-08-29,dev,1,SOXL,586,650.2958,09:51-10:00,bullish (SOXL),"against, >1%",2-3%,<0.8x,below,5-7%,>=15% of range,<1.5x,same direction,same direction,same direction,opposite,not a trend day,none,Tue
2023-08-30,dev,1,SOXL,595,155.8067,09:51-10:00,bullish (SOXL),"against, 0-1%",2-3%,0.8-1.2x,above,>=7% (volatile),<5% of range,1.5-3x,same direction,opposite,same direction,opposite,trend day (>=2%),none,Wed
2023-08-31,dev,1,SOXL,586,153.8607,09:51-10:00,bullish (SOXL),"against, 0-1%",<2%,<0.8x,above,5-7%,5-15%,<1.5x,same direction,same direction,same direction,opposite,not a trend day,none,Thu
2023-09-08,dev,-1,SOXS,598,101.7562,09:51-10:00,bearish,"with, 0-1%",2-3%,0.8-1.2x,below,5-7%,<5% of range,<1.5x,same direction,opposite,opposite,same direction,not a trend day,none,Fri
2023-09-11,dev,-1,SOXS,586,-118.4089,09:51-10:00,bearish,"against, >1%",>=4.5%,0.8-1.2x,above,5-7%,5-15%,<1.5x,same direction,same direction,same direction,opposite,not a trend day,none,Mon
2023-09-12,dev,1,SOXL,588,-370.6492,09:51-10:00,bullish (SOXL),"against, >1%",3-4.5%,0.8-1.2x,above,5-7%,5-15%,<1.5x,same direction,same direction,same direction,opposite,not a trend day,none,Tue
2023-09-13,dev,1,SOXL,598,-43.4058,09:51-10:00,bullish (SOXL),"against, 0-1%",2-3%,0.8-1.2x,above,5-7%,<5% of range,<1.5x,same direction,same direction,same direction,opposite,not a trend day,08:30 data (CPI/jobs),Wed
2023-09-14,dev,-1,SOXS,587,-247.3796,09:51-10:00,bearish,"against, >1%",2-3%,<0.8x,above,5-7%,<5% of range,1.5-3x,same direction,same direction,same direction,opposite,not a trend day,08:30 data (CPI/jobs),Thu
2023-09-15,dev,-1,SOXS,596,387.3437,09:51-10:00,bearish,"with, 1-3%",2-3%,1.2-1.6x,above,5-7%,5-15%,1.5-3x,same direction,same direction,same direction,same direction,not a trend day,none,Fri
2023-09-18,dev,1,SOXL,589,1.3109,09:51-10:00,bullish (SOXL),"against, >1%",3-4.5%,0.8-1.2x,below,5-7%,5-15%,<1.5x,same direction,same direction,same direction,opposite,trend day (>=2%),chip earnings reaction,Mon
2023-09-19,dev,-1,SOXS,587,-6.4658,09:51-10:00,bearish,"with, 0-1%",<2%,0.8-1.2x,below,5-7%,5-15%,1.5-3x,same direction,same direction,same direction,same direction,not a trend day,none,Tue
2023-09-20,dev,-1,SOXS,618,357.2256,10:01-10:30,bearish,"against, >1%",2-3%,0.8-1.2x,below,5-7%,<5% of range,<1.5x,same direction,same direction,same direction,opposite,not a trend day,FOMC day,Wed
2023-09-21,dev,-1,SOXS,601,-237.3155,10:01-10:30,bearish,"with, >3%",2-3%,1.2-1.6x,below,5-7%,<5% of range,<1.5x,same direction,same direction,same direction,same direction,trend day (>=2%),08:30 data (CPI/jobs),Thu
2023-09-22,dev,1,SOXL,588,-120.9044,09:51-10:00,bullish (SOXL),"with, 1-3%",2-3%,0.8-1.2x,below,5-7%,<5% of range,1.5-3x,same direction,same direction,same direction,same direction,not a trend day,none,Fri
2023-09-25,dev,1,SOXL,587,-70.6223,09:51-10:00,bullish (SOXL),"against, >1%",3-4.5%,0.8-1.2x,below,5-7%,5-15%,<1.5x,same direction,same direction,same direction,opposite,not a trend day,none,Mon
2023-09-26,dev,-1,SOXS,690,150.6573,10:31-12:00,bearish,"with, 1-3%",2-3%,0.8-1.2x,below,5-7%,5-15%,>=3x,same direction,opposite,same direction,same direction,not a trend day,none,Tue
2023-09-27,dev,-1,SOXS,609,-173.5514,10:01-10:30,bearish,"against, >1%",<2%,0.8-1.2x,below,5-7%,5-15%,<1.5x,same direction,same direction,same direction,opposite,not a trend day,none,Wed
2023-09-28,dev,1,SOXL,588,505.7096,09:51-10:00,bullish (SOXL),"against, 0-1%",2-3%,0.8-1.2x,below,5-7%,<5% of range,<1.5x,same direction,same direction,same direction,opposite,not a trend day,chip earnings reaction,Thu
2023-09-29,dev,1,SOXL,595,-238.6061,09:51-10:00,bullish (SOXL),"with, >3%",<2%,1.2-1.6x,below,5-7%,>=15% of range,1.5-3x,same direction,same direction,same direction,same direction,trend day (>=2%),chip earnings reaction,Fri
2023-10-02,dev,1,SOXL,603,-342.1830,10:01-10:30,bullish (SOXL),"with, 0-1%",3-4.5%,0.8-1.2x,below,5-7%,<5% of range,1.5-3x,same direction,same direction,same direction,same direction,not a trend day,none,Mon
2023-10-03,dev,1,SOXL,590,-329.5570,09:51-10:00,bullish (SOXL),"against, >1%",2-3%,0.8-1.2x,below,5-7%,>=15% of range,1.5-3x,same direction,opposite,same direction,opposite,not a trend day,none,Tue
2023-10-04,dev,1,SOXL,589,-243.0739,09:51-10:00,bullish (SOXL),"with, 1-3%",2-3%,0.8-1.2x,below,5-7%,5-15%,1.5-3x,same direction,same direction,same direction,same direction,not a trend day,none,Wed
2023-10-05,dev,-1,SOXS,589,11.4596,09:51-10:00,bearish,"with, 0-1%",2-3%,<0.8x,below,5-7%,<5% of range,<1.5x,same direction,opposite,same direction,same direction,not a trend day,chip earnings reaction,Thu
2023-10-06,dev,1,SOXL,625,633.9131,10:01-10:30,bullish (SOXL),"against, >1%",3-4.5%,1.2-1.6x,below,5-7%,5-15%,1.5-3x,same direction,same direction,same direction,opposite,not a trend day,08:30 data (CPI/jobs),Fri
2023-10-09,dev,-1,SOXS,604,-281.4463,10:01-10:30,bearish,"with, 1-3%",2-3%,1.2-1.6x,below,5-7%,<5% of range,1.5-3x,same direction,same direction,same direction,same direction,trend day (>=2%),none,Mon
2023-10-10,dev,1,SOXL,599,176.3520,09:51-10:00,bullish (SOXL),"with, 0-1%",2-3%,0.8-1.2x,below,5-7%,<5% of range,<1.5x,same direction,same direction,same direction,same direction,not a trend day,none,Tue
2023-10-11,dev,-1,SOXS,586,-118.5237,09:51-10:00,bearish,"against, >1%",<2%,0.8-1.2x,above,5-7%,<5% of range,<1.5x,same direction,opposite,opposite,opposite,not a trend day,08:30 data (CPI/jobs),Wed
2023-10-12,dev,1,SOXL,594,-170.3791,09:51-10:00,bullish (SOXL),"with, 0-1%",<2%,0.8-1.2x,above,5-7%,>=15% of range,1.5-3x,same direction,same direction,opposite,same direction,not a trend day,08:30 data (CPI/jobs),Thu
2023-10-13,dev,-1,SOXS,607,534.6958,10:01-10:30,bearish,"against, 0-1%",3-4.5%,0.8-1.2x,above,5-7%,<5% of range,<1.5x,same direction,same direction,same direction,opposite,not a trend day,none,Fri
2023-10-16,dev,1,SOXL,613,44.3030,10:01-10:30,bullish (SOXL),"with, 0-1%",3-4.5%,1.2-1.6x,below,5-7%,5-15%,1.5-3x,same direction,same direction,same direction,same direction,trend day (>=2%),none,Mon
2023-10-17,dev,-1,SOXS,588,-261.6202,09:51-10:00,bearish,"with, >3%",2-3%,>=1.6x,above,5-7%,>=15% of range,>=3x,same direction,same direction,same direction,same direction,not a trend day,chip earnings reaction,Tue
2023-10-18,dev,-1,SOXS,590,-303.2896,09:51-10:00,bearish,"with, >3%",3-4.5%,1.2-1.6x,above,5-7%,<5% of range,1.5-3x,same direction,same direction,opposite,same direction,not a trend day,none,Wed
2023-10-19,dev,-1,SOXS,588,245.6443,09:51-10:00,bearish,"against, >1%",>=4.5%,1.2-1.6x,below,5-7%,5-15%,>=3x,same direction,same direction,same direction,opposite,not a trend day,none,Thu
2023-10-20,dev,-1,SOXS,624,362.1010,10:01-10:30,bearish,"with, 0-1%",2-3%,0.8-1.2x,below,5-7%,5-15%,1.5-3x,same direction,opposite,same direction,opposite,trend day (>=2%),none,Fri
2023-10-23,dev,1,SOXL,619,-83.1358,10:01-10:30,bullish (SOXL),"against, >1%",3-4.5%,1.2-1.6x,below,5-7%,5-15%,1.5-3x,same direction,same direction,same direction,opposite,not a trend day,none,Mon
2023-10-24,dev,1,SOXL,630,-272.6748,10:01-10:30,bullish (SOXL),"with, 1-3%",2-3%,0.8-1.2x,below,5-7%,5-15%,<1.5x,same direction,opposite,same direction,same direction,not a trend day,none,Tue
2023-10-25,dev,-1,SOXS,586,571.0509,09:51-10:00,bearish,"with, >3%",3-4.5%,1.2-1.6x,below,5-7%,5-15%,1.5-3x,same direction,same direction,same direction,same direction,not a trend day,none,Wed
2023-10-26,dev,-1,SOXS,625,188.1007,10:01-10:30,bearish,"against, >1%",3-4.5%,>=1.6x,below,>=7% (volatile),<5% of range,<1.5x,same direction,same direction,same direction,opposite,trend day (>=2%),08:30 data (CPI/jobs),Thu
2023-10-27,dev,-1,SOXS,645,-296.4981,10:31-12:00,bearish,"against, >1%",2-3%,0.8-1.2x,below,>=7% (volatile),<5% of range,>=3x,same direction,same direction,same direction,opposite,not a trend day,none,Fri
2023-10-30,dev,1,SOXL,587,-348.4786,09:51-10:00,bullish (SOXL),"against, >1%",3-4.5%,1.2-1.6x,below,>=7% (volatile),<5% of range,<1.5x,same direction,same direction,same direction,opposite,not a trend day,none,Mon
2023-10-31,dev,1,SOXL,652,214.8470,10:31-12:00,bullish (SOXL),"with, 0-1%",3-4.5%,0.8-1.2x,below,>=7% (volatile),<5% of range,<1.5x,opposite,opposite,opposite,same direction,not a trend day,none,Tue
2023-11-01,dev,1,SOXL,593,488.5896,09:51-10:00,bullish (SOXL),"with, 0-1%",<2%,0.8-1.2x,below,>=7% (volatile),5-15%,<1.5x,same direction,same direction,same direction,same direction,not a trend day,chip earnings reaction,Wed
2023-11-02,dev,-1,SOXS,612,-312.6202,10:01-10:30,bearish,"against, >1%",2-3%,1.2-1.6x,below,>=7% (volatile),<5% of range,1.5-3x,same direction,same direction,same direction,opposite,trend day (>=2%),08:30 data (CPI/jobs),Thu
2023-11-03,dev,1,SOXL,586,187.3455,09:51-10:00,bullish (SOXL),"with, >3%",2-3%,0.8-1.2x,below,>=7% (volatile),5-15%,<1.5x,same direction,same direction,same direction,same direction,not a trend day,08:30 data (CPI/jobs),Fri
2023-11-06,dev,-1,SOXS,586,-33.9858,09:51-10:00,bearish,"against, 0-1%",2-3%,<0.8x,above,>=7% (volatile),5-15%,<1.5x,same direction,opposite,opposite,opposite,not a trend day,none,Mon
2023-11-07,dev,1,SOXL,593,110.3429,09:51-10:00,bullish (SOXL),"against, 0-1%",<2%,<0.8x,above,>=7% (volatile),>=15% of range,<1.5x,same direction,opposite,same direction,opposite,not a trend day,none,Tue
2023-11-08,dev,1,SOXL,593,-231.3552,09:51-10:00,bullish (SOXL),"with, 0-1%",2-3%,<0.8x,above,>=7% (volatile),<5% of range,<1.5x,same direction,same direction,same direction,same direction,not a trend day,none,Wed
2023-11-09,dev,1,SOXL,593,-165.2451,09:51-10:00,bullish (SOXL),"with, 1-3%",<2%,<0.8x,above,>=7% (volatile),>=15% of range,<1.5x,same direction,same direction,opposite,same direction,not a trend day,chip earnings reaction,Thu
2023-11-10,dev,1,SOXL,587,584.7341,09:51-10:00,bullish (SOXL),"with, >3%",3-4.5%,0.8-1.2x,above,>=7% (volatile),<5% of range,<1.5x,same direction,same direction,same direction,same direction,not a trend day,chip earnings reaction,Fri
2023-11-14,dev,1,SOXL,601,143.4247,10:01-10:30,bullish (SOXL),"with, >3%",<2%,0.8-1.2x,above,>=7% (volatile),5-15%,1.5-3x,same direction,opposite,same direction,same direction,not a trend day,08:30 data (CPI/jobs),Tue
2023-11-16,dev,1,SOXL,588,-266.1786,09:51-10:00,bullish (SOXL),"against, >1%",2-3%,<0.8x,above,>=7% (volatile),5-15%,<1.5x,same direction,opposite,same direction,opposite,not a trend day,none,Thu
2023-11-17,dev,1,SOXL,589,184.2718,09:51-10:00,bullish (SOXL),"against, >1%",<2%,<0.8x,above,5-7%,<5% of range,<1.5x,same direction,opposite,opposite,opposite,not a trend day,none,Fri
2023-11-20,dev,1,SOXL,592,312.6858,09:51-10:00,bullish (SOXL),"against, 0-1%",<2%,<0.8x,above,5-7%,>=15% of range,<1.5x,same direction,same direction,same direction,opposite,not a trend day,none,Mon
2023-11-27,dev,1,SOXL,610,1.1635,10:01-10:30,bullish (SOXL),"against, >1%",<2%,<0.8x,above,5-7%,5-15%,<1.5x,same direction,same direction,same direction,opposite,not a trend day,none,Mon
2023-11-29,dev,1,SOXL,586,-304.8853,09:51-10:00,bullish (SOXL),"with, >3%",2-3%,1.2-1.6x,above,<5% (calm),5-15%,1.5-3x,same direction,same direction,same direction,same direction,not a trend day,none,Wed
2023-12-01,dev,1,SOXL,586,174.0490,09:51-10:00,bullish (SOXL),"against, >1%",3-4.5%,0.8-1.2x,above,<5% (calm),5-15%,<1.5x,same direction,same direction,same direction,opposite,not a trend day,none,Fri
2023-12-07,dev,1,SOXL,613,428.5507,10:01-10:30,bullish (SOXL),"with, 1-3%",<2%,0.8-1.2x,above,<5% (calm),5-15%,1.5-3x,same direction,same direction,same direction,same direction,trend day (>=2%),none,Thu
2023-12-08,dev,1,SOXL,605,73.3174,10:01-10:30,bullish (SOXL),"against, 0-1%",2-3%,0.8-1.2x,above,5-7%,<5% of range,<1.5x,same direction,same direction,same direction,opposite,not a trend day,chip earnings reaction,Fri
2023-12-11,dev,1,SOXL,586,399.7577,09:51-10:00,bullish (SOXL),"with, 1-3%",2-3%,1.2-1.6x,above,<5% (calm),5-15%,>=3x,same direction,opposite,same direction,same direction,not a trend day,chip earnings reaction,Mon
2023-12-12,dev,1,SOXL,588,169.4587,09:51-10:00,bullish (SOXL),"against, >1%",<2%,0.8-1.2x,above,<5% (calm),<5% of range,<1.5x,same direction,same direction,opposite,opposite,trend day (>=2%),08:30 data (CPI/jobs),Tue
2023-12-14,dev,1,SOXL,587,49.1892,09:51-10:00,bullish (SOXL),"with, 1-3%",>=4.5%,1.2-1.6x,above,5-7%,5-15%,>=3x,same direction,opposite,same direction,same direction,not a trend day,none,Thu
2023-12-15,dev,1,SOXL,603,-105.2317,10:01-10:30,bullish (SOXL),"with, 0-1%",2-3%,0.8-1.2x,above,5-7%,<5% of range,1.5-3x,same direction,same direction,same direction,same direction,not a trend day,none,Fri
2023-12-26,dev,1,SOXL,713,79.1828,10:31-12:00,bullish (SOXL),"with, 1-3%",3-4.5%,1.2-1.6x,above,<5% (calm),<5% of range,1.5-3x,same direction,same direction,same direction,same direction,not a trend day,none,Tue
2023-12-28,dev,1,SOXL,635,-136.7037,10:31-12:00,bullish (SOXL),"with, 0-1%",<2%,<0.8x,above,5-7%,<5% of range,<1.5x,same direction,opposite,opposite,same direction,not a trend day,none,Thu
2024-01-04,dev,1,SOXL,615,-47.5923,10:01-10:30,bullish (SOXL),"against, >1%",3-4.5%,1.2-1.6x,above,<5% (calm),5-15%,1.5-3x,same direction,same direction,same direction,opposite,not a trend day,none,Thu
2024-01-05,dev,1,SOXL,602,-90.5273,10:01-10:30,bullish (SOXL),"with, 0-1%",2-3%,1.2-1.6x,above,<5% (calm),5-15%,1.5-3x,same direction,same direction,same direction,same direction,not a trend day,08:30 data (CPI/jobs),Fri
2024-01-08,dev,1,SOXL,586,440.6795,09:51-10:00,bullish (SOXL),"with, 1-3%",2-3%,0.8-1.2x,above,<5% (calm),5-15%,<1.5x,same direction,same direction,same direction,same direction,not a trend day,none,Mon
2024-01-09,dev,1,SOXL,611,142.0234,10:01-10:30,bullish (SOXL),"against, >1%",2-3%,0.8-1.2x,above,<5% (calm),<5% of range,<1.5x,same direction,same direction,same direction,opposite,trend day (>=2%),none,Tue
2024-01-12,dev,1,SOXL,586,-208.5400,09:51-10:00,bullish (SOXL),"with, 0-1%",<2%,<0.8x,above,5-7%,5-15%,<1.5x,same direction,same direction,same direction,same direction,not a trend day,none,Fri
2024-01-16,dev,1,SOXL,602,251.6149,10:01-10:30,bullish (SOXL),"with, 0-1%",2-3%,0.8-1.2x,above,<5% (calm),5-15%,<1.5x,same direction,same direction,same direction,same direction,not a trend day,none,Tue
2024-01-19,dev,1,SOXL,601,675.9911,10:01-10:30,bullish (SOXL),"with, >3%",2-3%,0.8-1.2x,above,5-7%,5-15%,1.5-3x,same direction,opposite,same direction,same direction,not a trend day,none,Fri
2024-01-23,dev,1,SOXL,601,150.5607,10:01-10:30,bullish (SOXL),"against, 0-1%",3-4.5%,0.8-1.2x,above,5-7%,5-15%,<1.5x,same direction,same direction,opposite,opposite,not a trend day,none,Tue
2024-01-24,dev,1,SOXL,614,-5.9999,10:01-10:30,bullish (SOXL),"with, >3%",3-4.5%,0.8-1.2x,above,5-7%,<5% of range,<1.5x,same direction,same direction,opposite,same direction,not a trend day,none,Wed
2024-01-31,dev,1,SOXL,589,-179.6498,09:51-10:00,bullish (SOXL),"against, >1%",<2%,0.8-1.2x,above,5-7%,>=15% of range,<1.5x,same direction,same direction,opposite,opposite,not a trend day,chip earnings reaction,Wed
2024-02-02,dev,1,SOXL,586,221.5790,09:51-10:00,bullish (SOXL),"against, 0-1%",2-3%,<0.8x,above,5-7%,>=15% of range,<1.5x,same direction,same direction,same direction,opposite,not a trend day,08:30 data (CPI/jobs),Fri
2024-02-07,dev,1,SOXL,614,145.4342,10:01-10:30,bullish (SOXL),"with, 1-3%",3-4.5%,<0.8x,above,5-7%,5-15%,>=3x,same direction,same direction,same direction,same direction,not a trend day,none,Wed
2024-02-08,dev,1,SOXL,599,167.4011,09:51-10:00,bullish (SOXL),"with, 1-3%",2-3%,0.8-1.2x,above,5-7%,<5% of range,<1.5x,same direction,same direction,same direction,same direction,not a trend day,none,Thu
2024-02-09,dev,1,SOXL,599,296.7999,09:51-10:00,bullish (SOXL),"with, 1-3%",2-3%,<0.8x,above,5-7%,<5% of range,<1.5x,same direction,same direction,same direction,same direction,not a trend day,none,Fri
2024-02-12,dev,1,SOXL,611,-239.6853,10:01-10:30,bullish (SOXL),"with, 0-1%",2-3%,0.8-1.2x,above,5-7%,<5% of range,<1.5x,same direction,same direction,same direction,same direction,not a trend day,none,Mon
2024-02-13,dev,1,SOXL,624,-72.8340,10:01-10:30,bullish (SOXL),"against, >1%",3-4.5%,1.2-1.6x,above,5-7%,<5% of range,1.5-3x,same direction,same direction,same direction,opposite,not a trend day,08:30 data (CPI/jobs),Tue
2024-02-14,dev,1,SOXL,600,-228.2529,09:51-10:00,bullish (SOXL),"with, >3%",2-3%,<0.8x,above,5-7%,5-15%,1.5-3x,same direction,same direction,same direction,same direction,not a trend day,none,Wed
2024-02-22,dev,1,SOXL,610,175.8973,10:01-10:30,bullish (SOXL),"with, >3%",2-3%,>=1.6x,above,5-7%,5-15%,1.5-3x,same direction,same direction,same direction,same direction,not a trend day,chip earnings reaction,Thu
2024-02-28,dev,1,SOXL,661,-104.4168,10:31-12:00,bullish (SOXL),"against, >1%",<2%,<0.8x,above,5-7%,>=15% of range,1.5-3x,same direction,same direction,same direction,opposite,not a trend day,none,Wed
2024-02-29,dev,1,SOXL,597,-115.9392,09:51-10:00,bullish (SOXL),"with, >3%",<2%,<0.8x,above,5-7%,<5% of range,<1.5x,same direction,same direction,same direction,same direction,not a trend day,08:30 data (CPI/jobs),Thu
2024-03-01,dev,1,SOXL,602,600.3009,10:01-10:30,bullish (SOXL),"with, >3%",2-3%,1.2-1.6x,above,5-7%,5-15%,<1.5x,same direction,same direction,same direction,same direction,not a trend day,none,Fri
2024-03-04,dev,1,SOXL,638,-189.0142,10:31-12:00,bullish (SOXL),"with, >3%",3-4.5%,1.2-1.6x,above,5-7%,<5% of range,1.5-3x,same direction,same direction,opposite,same direction,trend day (>=2%),none,Mon
2024-03-05,dev,1,SOXL,602,-321.4764,10:01-10:30,bullish (SOXL),"against, >1%",3-4.5%,0.8-1.2x,above,5-7%,<5% of range,1.5-3x,same direction,same direction,opposite,opposite,not a trend day,chip earnings reaction,Tue
2024-03-06,dev,1,SOXL,586,-222.8345,09:51-10:00,bullish (SOXL),"with, >3%",<2%,0.8-1.2x,above,5-7%,>=15% of range,1.5-3x,same direction,same direction,same direction,same direction,not a trend day,08:30 data (CPI/jobs),Wed
2024-03-07,dev,1,SOXL,612,380.8213,10:01-10:30,bullish (SOXL),"with, >3%",2-3%,1.2-1.6x,above,5-7%,<5% of range,<1.5x,same direction,same direction,same direction,same direction,not a trend day,none,Thu
2024-03-08,dev,1,SOXL,629,-269.4633,10:01-10:30,bullish (SOXL),"with, 1-3%",2-3%,1.2-1.6x,above,5-7%,5-15%,1.5-3x,same direction,same direction,same direction,same direction,trend day (>=2%),chip earnings reaction,Fri
2024-03-15,dev,1,SOXL,592,49.6789,09:51-10:00,bullish (SOXL),"against, >1%",2-3%,0.8-1.2x,above,5-7%,<5% of range,<1.5x,same direction,same direction,opposite,opposite,not a trend day,08:30 data (CPI/jobs),Fri
2024-03-25,dev,1,SOXL,592,92.7056,09:51-10:00,bullish (SOXL),"against, >1%",2-3%,0.8-1.2x,above,5-7%,>=15% of range,<1.5x,same direction,same direction,same direction,opposite,not a trend day,none,Mon
2024-03-28,dev,1,SOXL,586,-145.6462,09:51-10:00,bullish (SOXL),"against, 0-1%",2-3%,<0.8x,above,5-7%,5-15%,<1.5x,same direction,same direction,same direction,opposite,not a trend day,none,Thu
2024-04-01,dev,1,SOXL,586,-310.7368,09:51-10:00,bullish (SOXL),"with, 0-1%",>=4.5%,1.2-1.6x,above,5-7%,5-15%,1.5-3x,same direction,same direction,same direction,same direction,not a trend day,chip earnings reaction,Mon
2024-04-03,dev,1,SOXL,601,129.3669,10:01-10:30,bullish (SOXL),"against, >1%",2-3%,<0.8x,above,5-7%,>=15% of range,1.5-3x,same direction,same direction,same direction,opposite,not a trend day,none,Wed
2024-04-05,dev,1,SOXL,657,9.7290,10:31-12:00,bullish (SOXL),"with, 0-1%",3-4.5%,0.8-1.2x,below,5-7%,5-15%,<1.5x,same direction,same direction,same direction,same direction,trend day (>=2%),08:30 data (CPI/jobs),Fri
2024-04-08,dev,1,SOXL,631,-203.4782,10:31-12:00,bullish (SOXL),"with, 1-3%",2-3%,<0.8x,above,5-7%,5-15%,1.5-3x,same direction,opposite,same direction,same direction,not a trend day,none,Mon
2024-04-10,dev,1,SOXL,597,-421.1364,09:51-10:00,bullish (SOXL),"against, >1%",3-4.5%,1.2-1.6x,above,5-7%,<5% of range,1.5-3x,same direction,same direction,same direction,opposite,not a trend day,08:30 data (CPI/jobs),Wed
2024-04-11,dev,1,SOXL,609,-177.0651,10:01-10:30,bullish (SOXL),"with, 1-3%",<2%,<0.8x,above,5-7%,<5% of range,1.5-3x,same direction,same direction,opposite,same direction,not a trend day,08:30 data (CPI/jobs),Thu
2024-04-15,dev,1,SOXL,601,-216.3828,10:01-10:30,bullish (SOXL),"with, >3%",<2%,<0.8x,above,5-7%,>=15% of range,<1.5x,same direction,same direction,opposite,same direction,not a trend day,chip earnings reaction,Mon
2024-04-16,dev,-1,SOXS,587,-166.4093,09:51-10:00,bearish,"with, 0-1%",<2%,<0.8x,below,5-7%,5-15%,<1.5x,same direction,same direction,same direction,same direction,trend day (>=2%),none,Tue
2024-04-17,dev,-1,SOXS,589,636.5315,09:51-10:00,bearish,"against, 0-1%",<2%,<0.8x,below,5-7%,>=15% of range,<1.5x,same direction,same direction,same direction,opposite,not a trend day,none,Wed
2024-04-18,dev,1,SOXL,636,-381.9536,10:31-12:00,bullish (SOXL),"against, >1%",3-4.5%,>=1.6x,below,5-7%,<5% of range,1.5-3x,same direction,same direction,same direction,opposite,trend day (>=2%),none,Thu
2024-04-19,dev,-1,SOXS,621,727.8214,10:01-10:30,bearish,"with, 1-3%",3-4.5%,0.8-1.2x,below,5-7%,<5% of range,1.5-3x,same direction,same direction,same direction,same direction,not a trend day,none,Fri
2024-04-22,dev,1,SOXL,586,-217.0476,09:51-10:00,bullish (SOXL),"with, 1-3%",2-3%,0.8-1.2x,below,5-7%,5-15%,<1.5x,same direction,same direction,same direction,same direction,trend day (>=2%),none,Mon
2024-04-23,dev,1,SOXL,586,201.4802,09:51-10:00,bullish (SOXL),"with, 1-3%",<2%,0.8-1.2x,below,5-7%,>=15% of range,1.5-3x,same direction,same direction,same direction,same direction,not a trend day,none,Tue
2024-04-24,dev,1,SOXL,589,-202.7402,09:51-10:00,bullish (SOXL),"with, >3%",<2%,1.2-1.6x,below,5-7%,5-15%,1.5-3x,same direction,opposite,same direction,same direction,not a trend day,none,Wed
2024-04-25,dev,1,SOXL,586,306.9810,09:51-10:00,bullish (SOXL),"against, 0-1%",3-4.5%,1.2-1.6x,below,5-7%,5-15%,1.5-3x,same direction,same direction,same direction,opposite,not a trend day,08:30 data (CPI/jobs),Thu
2024-04-26,dev,1,SOXL,586,470.1802,09:51-10:00,bullish (SOXL),"against, 0-1%",2-3%,<0.8x,below,5-7%,<5% of range,<1.5x,same direction,same direction,same direction,opposite,trend day (>=2%),08:30 data (CPI/jobs),Fri
2024-04-29,dev,1,SOXL,632,112.7838,10:31-12:00,bullish (SOXL),"against, 0-1%",3-4.5%,0.8-1.2x,below,5-7%,<5% of range,<1.5x,same direction,opposite,opposite,opposite,trend day (>=2%),none,Mon
2024-04-30,dev,1,SOXL,586,-272.0116,09:51-10:00,bullish (SOXL),"against, >1%",2-3%,<0.8x,below,5-7%,<5% of range,<1.5x,same direction,same direction,same direction,opposite,not a trend day,none,Tue
2024-05-01,dev,-1,SOXS,596,-229.9450,09:51-10:00,bearish,"with, >3%",2-3%,0.8-1.2x,below,>=7% (volatile),5-15%,1.5-3x,same direction,same direction,same direction,same direction,not a trend day,chip earnings reaction,Wed
2024-05-02,dev,-1,SOXS,589,-254.8666,09:51-10:00,bearish,"against, >1%",<2%,<0.8x,below,>=7% (volatile),>=15% of range,<1.5x,same direction,same direction,same direction,opposite,not a trend day,none,Thu
2024-05-03,dev,1,SOXL,586,-46.7269,09:51-10:00,bullish (SOXL),"with, >3%",<2%,0.8-1.2x,below,>=7% (volatile),>=15% of range,1.5-3x,same direction,opposite,same direction,same direction,not a trend day,08:30 data (CPI/jobs),Fri
2024-05-06,dev,1,SOXL,586,188.6875,09:51-10:00,bullish (SOXL),"with, 1-3%",2-3%,<0.8x,below,>=7% (volatile),5-15%,<1.5x,same direction,same direction,same direction,same direction,not a trend day,none,Mon
2024-05-07,dev,-1,SOXS,590,-154.6955,09:51-10:00,bearish,"against, 0-1%",<2%,<0.8x,above,>=7% (volatile),5-15%,<1.5x,same direction,same direction,same direction,opposite,not a trend day,none,Tue
2024-05-08,dev,1,SOXL,587,141.5092,09:51-10:00,bullish (SOXL),"against, >1%",<2%,<0.8x,above,>=7% (volatile),<5% of range,<1.5x,same direction,same direction,same direction,opposite,not a trend day,none,Wed
2024-05-09,dev,-1,SOXS,588,-114.4233,09:51-10:00,bearish,"with, 0-1%",2-3%,<0.8x,above,>=7% (volatile),<5% of range,<1.5x,same direction,same direction,same direction,opposite,not a trend day,none,Thu
2024-05-10,dev,1,SOXL,589,-256.7227,09:51-10:00,bullish (SOXL),"with, 1-3%",2-3%,0.8-1.2x,above,>=7% (volatile),>=15% of range,<1.5x,same direction,same direction,same direction,same direction,not a trend day,none,Fri
2024-05-13,dev,-1,SOXS,586,-184.1742,09:51-10:00,bearish,"against, >1%",<2%,<0.8x,above,>=7% (volatile),>=15% of range,<1.5x,same direction,same direction,same direction,opposite,not a trend day,none,Mon
2024-05-14,dev,1,SOXL,593,308.3141,09:51-10:00,bullish (SOXL),"against, 0-1%",<2%,<0.8x,above,5-7%,5-15%,<1.5x,same direction,same direction,same direction,opposite,not a trend day,08:30 data (CPI/jobs),Tue
2024-05-15,dev,1,SOXL,624,405.4005,10:01-10:30,bullish (SOXL),"with, >3%",<2%,0.8-1.2x,above,5-7%,<5% of range,<1.5x,same direction,same direction,same direction,same direction,not a trend day,08:30 data (CPI/jobs),Wed
2024-05-16,dev,1,SOXL,587,-178.9528,09:51-10:00,bullish (SOXL),"against, 0-1%",<2%,<0.8x,above,5-7%,<5% of range,<1.5x,same direction,same direction,same direction,opposite,not a trend day,none,Thu
2024-05-17,dev,-1,SOXS,590,216.2184,09:51-10:00,bearish,"against, >1%",<2%,<0.8x,above,5-7%,<5% of range,<1.5x,same direction,same direction,same direction,opposite,not a trend day,none,Fri
2024-05-20,dev,1,SOXL,586,155.2657,09:51-10:00,bullish (SOXL),"with, 1-3%",3-4.5%,1.2-1.6x,above,5-7%,<5% of range,<1.5x,same direction,same direction,same direction,same direction,not a trend day,none,Mon
2024-05-21,dev,-1,SOXS,600,-201.8385,09:51-10:00,bearish,"with, >3%",2-3%,0.8-1.2x,above,5-7%,<5% of range,<1.5x,same direction,same direction,opposite,same direction,not a trend day,chip earnings reaction,Tue
2024-05-22,dev,1,SOXL,593,-200.4277,09:51-10:00,bullish (SOXL),"with, 1-3%",<2%,0.8-1.2x,above,5-7%,<5% of range,<1.5x,same direction,opposite,same direction,same direction,not a trend day,none,Wed
2024-05-23,dev,-1,SOXS,591,570.6639,09:51-10:00,bearish,"against, >1%",2-3%,1.2-1.6x,above,5-7%,>=15% of range,1.5-3x,same direction,opposite,same direction,opposite,not a trend day,chip earnings reaction,Thu
2024-05-24,dev,1,SOXL,586,216.9881,09:51-10:00,bullish (SOXL),"with, 1-3%",<2%,0.8-1.2x,above,5-7%,>=15% of range,<1.5x,same direction,same direction,same direction,same direction,trend day (>=2%),none,Fri
2024-05-28,dev,-1,SOXS,586,-309.7300,09:51-10:00,bearish,"against, >1%",2-3%,0.8-1.2x,above,5-7%,>=15% of range,<1.5x,same direction,opposite,same direction,opposite,not a trend day,none,Tue
2024-05-29,dev,-1,SOXS,587,-176.0946,09:51-10:00,bearish,"with, >3%",<2%,1.2-1.6x,above,5-7%,5-15%,<1.5x,same direction,same direction,opposite,same direction,not a trend day,none,Wed
2024-05-30,dev,-1,SOXS,638,59.3597,10:31-12:00,bearish,"with, 0-1%",<2%,<0.8x,above,<5% (calm),<5% of range,<1.5x,same direction,same direction,same direction,same direction,not a trend day,none,Thu
2024-05-31,dev,-1,SOXS,601,128.9130,10:01-10:30,bearish,"against, 0-1%",3-4.5%,0.8-1.2x,above,<5% (calm),>=15% of range,<1.5x,same direction,same direction,same direction,opposite,not a trend day,none,Fri
2024-06-03,dev,-1,SOXS,591,321.6576,09:51-10:00,bearish,"against, >1%",2-3%,0.8-1.2x,above,<5% (calm),<5% of range,<1.5x,same direction,opposite,opposite,opposite,not a trend day,chip earnings reaction,Mon
2024-06-04,dev,-1,SOXS,589,-2.8348,09:51-10:00,bearish,"with, 0-1%",2-3%,<0.8x,above,<5% (calm),<5% of range,<1.5x,same direction,same direction,same direction,same direction,not a trend day,none,Tue
2024-06-05,dev,1,SOXL,586,591.0640,09:51-10:00,bullish (SOXL),"with, >3%",<2%,0.8-1.2x,above,<5% (calm),<5% of range,1.5-3x,same direction,same direction,opposite,same direction,not a trend day,none,Wed
2024-06-06,dev,-1,SOXS,586,-91.1374,09:51-10:00,bearish,"against, 0-1%",2-3%,0.8-1.2x,above,5-7%,>=15% of range,<1.5x,same direction,same direction,same direction,opposite,trend day (>=2%),none,Thu
2024-06-07,dev,1,SOXL,587,-228.2173,09:51-10:00,bullish (SOXL),"against, 0-1%",<2%,0.8-1.2x,above,5-7%,>=15% of range,<1.5x,same direction,opposite,opposite,opposite,not a trend day,08:30 data (CPI/jobs),Fri
2024-06-10,dev,1,SOXL,610,333.2689,10:01-10:30,bullish (SOXL),"against, >1%",3-4.5%,<0.8x,above,5-7%,5-15%,<1.5x,same direction,opposite,same direction,opposite,not a trend day,none,Mon
2024-06-11,dev,-1,SOXS,588,-216.4230,09:51-10:00,bearish,"with, 1-3%",<2%,<0.8x,above,5-7%,5-15%,1.5-3x,same direction,opposite,same direction,same direction,trend day (>=2%),none,Tue
2024-06-12,dev,1,SOXL,586,-74.4977,09:51-10:00,bullish (SOXL),"with, >3%",3-4.5%,>=1.6x,above,5-7%,5-15%,>=3x,same direction,same direction,same direction,same direction,not a trend day,chip earnings reaction,Wed
2024-06-13,dev,-1,SOXS,593,-142.2104,09:51-10:00,bearish,"against, >1%",2-3%,0.8-1.2x,above,5-7%,<5% of range,1.5-3x,same direction,same direction,opposite,opposite,not a trend day,chip earnings reaction,Thu
2024-06-14,dev,1,SOXL,591,-167.0588,09:51-10:00,bullish (SOXL),"against, >1%",<2%,<0.8x,above,5-7%,>=15% of range,<1.5x,same direction,opposite,same direction,opposite,not a trend day,none,Fri
2024-06-17,dev,-1,SOXS,586,-229.9258,09:51-10:00,bearish,"against, >1%",2-3%,0.8-1.2x,above,5-7%,<5% of range,<1.5x,same direction,same direction,same direction,opposite,not a trend day,none,Mon
2024-06-18,dev,1,SOXL,591,81.8178,09:51-10:00,bullish (SOXL),"with, 1-3%",2-3%,0.8-1.2x,above,5-7%,<5% of range,1.5-3x,same direction,same direction,same direction,same direction,not a trend day,08:30 data (CPI/jobs),Tue
2024-06-20,dev,-1,SOXS,613,371.2736,10:01-10:30,bearish,"against, 0-1%",3-4.5%,1.2-1.6x,above,5-7%,5-15%,1.5-3x,same direction,same direction,same direction,opposite,not a trend day,none,Thu
2024-06-21,dev,-1,SOXS,588,-248.3887,09:51-10:00,bearish,"with, 1-3%",2-3%,0.8-1.2x,above,5-7%,5-15%,<1.5x,same direction,same direction,same direction,same direction,trend day (>=2%),none,Fri
2024-06-24,dev,-1,SOXS,588,354.2774,09:51-10:00,bearish,"with, >3%",2-3%,0.8-1.2x,above,5-7%,5-15%,<1.5x,same direction,same direction,same direction,same direction,not a trend day,chip earnings reaction,Mon
2024-06-25,dev,1,SOXL,605,169.7002,10:01-10:30,bullish (SOXL),"with, 1-3%",3-4.5%,1.2-1.6x,above,5-7%,<5% of range,1.5-3x,same direction,same direction,same direction,same direction,not a trend day,none,Tue
2024-06-26,dev,1,SOXL,587,-182.6092,09:51-10:00,bullish (SOXL),"against, 0-1%",<2%,<0.8x,above,5-7%,>=15% of range,<1.5x,same direction,same direction,same direction,opposite,not a trend day,chip earnings reaction,Wed
2024-06-27,dev,1,SOXL,587,-271.8964,09:51-10:00,bullish (SOXL),"against, 0-1%",2-3%,<0.8x,above,5-7%,<5% of range,<1.5x,same direction,same direction,same direction,opposite,not a trend day,chip earnings reaction,Thu
2024-06-28,dev,1,SOXL,590,-353.9219,09:51-10:00,bullish (SOXL),"with, 1-3%",3-4.5%,0.8-1.2x,above,5-7%,5-15%,<1.5x,same direction,same direction,same direction,same direction,not a trend day,08:30 data (CPI/jobs),Fri
2024-07-01,dev,-1,SOXS,587,-412.9498,09:51-10:00,bearish,"with, 0-1%",3-4.5%,0.8-1.2x,above,5-7%,>=15% of range,<1.5x,same direction,same direction,same direction,opposite,not a trend day,chip earnings reaction,Mon
2024-07-02,dev,1,SOXL,586,145.0187,09:51-10:00,bullish (SOXL),"against, >1%",3-4.5%,0.8-1.2x,above,5-7%,<5% of range,<1.5x,same direction,same direction,same direction,opposite,not a trend day,none,Tue
2024-07-03,dev,1,SOXL,647,116.8513,10:31-12:00,bullish (SOXL),"with, 0-1%",3-4.5%,0.8-1.2x,above,5-7%,5-15%,1.5-3x,same direction,same direction,same direction,same direction,not a trend day,none,Wed
2024-07-05,dev,-1,SOXS,586,-181.4198,09:51-10:00,bearish,"against, >1%",2-3%,0.8-1.2x,above,5-7%,>=15% of range,<1.5x,same direction,same direction,opposite,opposite,not a trend day,08:30 data (CPI/jobs),Fri
2024-07-08,dev,1,SOXL,586,43.9557,09:51-10:00,bullish (SOXL),"with, 1-3%",2-3%,1.2-1.6x,above,5-7%,5-15%,<1.5x,same direction,same direction,opposite,same direction,not a trend day,none,Mon
2024-07-09,dev,-1,SOXS,607,68.6719,10:01-10:30,bearish,"against, >1%",<2%,0.8-1.2x,above,5-7%,<5% of range,1.5-3x,same direction,opposite,same direction,opposite,not a trend day,none,Tue
2024-07-10,dev,1,SOXL,586,391.7724,09:51-10:00,bullish (SOXL),"with, 1-3%",<2%,<0.8x,above,5-7%,<5% of range,1.5-3x,same direction,opposite,same direction,same direction,not a trend day,none,Wed
2024-07-11,dev,-1,SOXS,593,625.7958,09:51-10:00,bearish,"against, >1%",3-4.5%,1.2-1.6x,above,5-7%,>=15% of range,1.5-3x,same direction,same direction,same direction,opposite,not a trend day,chip earnings reaction,Thu
2024-07-12,dev,1,SOXL,588,139.6073,09:51-10:00,bullish (SOXL),"with, 1-3%",2-3%,<0.8x,above,5-7%,<5% of range,<1.5x,same direction,opposite,same direction,same direction,trend day (>=2%),08:30 data (CPI/jobs),Fri
2024-07-15,dev,-1,SOXS,587,-307.4241,09:51-10:00,bearish,"against, >1%",2-3%,0.8-1.2x,above,5-7%,>=15% of range,<1.5x,same direction,same direction,same direction,opposite,not a trend day,none,Mon
2024-07-16,dev,-1,SOXS,598,-252.8650,09:51-10:00,bearish,"against, >1%",2-3%,<0.8x,above,5-7%,>=15% of range,1.5-3x,same direction,same direction,same direction,opposite,not a trend day,none,Tue
2024-07-17,dev,-1,SOXS,601,552.3805,10:01-10:30,bearish,"with, >3%",3-4.5%,>=1.6x,above,5-7%,>=15% of range,1.5-3x,same direction,same direction,same direction,same direction,not a trend day,none,Wed
2024-07-18,dev,-1,SOXS,636,44.9636,10:31-12:00,bearish,"against, >1%",>=4.5%,1.2-1.6x,above,5-7%,5-15%,1.5-3x,same direction,same direction,same direction,opposite,trend day (>=2%),08:30 data (CPI/jobs),Thu
2024-07-19,dev,-1,SOXS,601,558.5850,10:01-10:30,bearish,"against, 0-1%",3-4.5%,0.8-1.2x,above,5-7%,5-15%,<1.5x,same direction,same direction,same direction,opposite,not a trend day,none,Fri
2024-07-22,dev,1,SOXL,586,312.2580,09:51-10:00,bullish (SOXL),"with, >3%",3-4.5%,>=1.6x,above,5-7%,5-15%,1.5-3x,same direction,same direction,same direction,same direction,trend day (>=2%),none,Mon
2024-07-23,dev,-1,SOXS,778,14.1506,after 12:00,bearish,"with, >3%",3-4.5%,0.8-1.2x,above,5-7%,<5% of range,1.5-3x,same direction,same direction,same direction,same direction,not a trend day,none,Tue
2024-07-24,dev,-1,SOXS,613,790.2991,10:01-10:30,bearish,"with, >3%",3-4.5%,1.2-1.6x,above,5-7%,<5% of range,1.5-3x,same direction,same direction,same direction,same direction,not a trend day,none,Wed
2024-07-25,dev,-1,SOXS,598,-496.7598,09:51-10:00,bearish,"with, >3%",>=4.5%,>=1.6x,below,5-7%,5-15%,>=3x,same direction,same direction,same direction,same direction,trend day (>=2%),chip earnings reaction,Thu
2024-07-26,dev,-1,SOXS,590,-333.3242,09:51-10:00,bearish,"against, >1%",2-3%,1.2-1.6x,below,5-7%,>=15% of range,1.5-3x,same direction,same direction,same direction,opposite,not a trend day,08:30 data (CPI/jobs),Fri
2024-07-29,dev,1,SOXL,586,-402.0270,09:51-10:00,bullish (SOXL),"with, >3%",3-4.5%,1.2-1.6x,below,5-7%,<5% of range,1.5-3x,same direction,same direction,same direction,same direction,not a trend day,08:30 data (CPI/jobs),Mon
2024-07-30,dev,-1,SOXS,586,872.5466,09:51-10:00,bearish,"against, >1%",3-4.5%,<0.8x,below,5-7%,5-15%,<1.5x,same direction,same direction,same direction,opposite,not a trend day,none,Tue
2024-07-31,dev,1,SOXL,735,285.8616,after 12:00,bullish (SOXL),"with, >3%",3-4.5%,>=1.6x,below,>=7% (volatile),5-15%,1.5-3x,same direction,same direction,same direction,same direction,trend day (>=2%),chip earnings reaction,Wed
2024-08-01,dev,-1,SOXS,606,1417.8843,10:01-10:30,bearish,"with, >3%",3-4.5%,1.2-1.6x,below,>=7% (volatile),5-15%,1.5-3x,same direction,opposite,opposite,same direction,not a trend day,08:30 data (CPI/jobs),Thu
2024-08-02,dev,-1,SOXS,609,-79.5750,10:01-10:30,bearish,"with, >3%",>=4.5%,>=1.6x,below,>=7% (volatile),<5% of range,>=3x,same direction,same direction,same direction,same direction,trend day (>=2%),08:30 data (CPI/jobs),Fri
2024-08-05,dev,1,SOXL,588,194.9460,09:51-10:00,bullish (SOXL),"against, >1%",>=4.5%,>=1.6x,below,>=7% (volatile),5-15%,>=3x,same direction,same direction,same direction,opposite,not a trend day,08:30 data (CPI/jobs),Mon
2024-08-06,dev,1,SOXL,609,-165.0281,10:01-10:30,bullish (SOXL),"with, 1-3%",>=4.5%,1.2-1.6x,below,>=7% (volatile),<5% of range,1.5-3x,same direction,same direction,same direction,same direction,trend day (>=2%),none,Tue
2024-08-07,dev,-1,SOXS,588,1849.3491,09:51-10:00,bearish,"against, >1%",3-4.5%,1.2-1.6x,below,>=7% (volatile),<5% of range,<1.5x,same direction,same direction,opposite,opposite,not a trend day,none,Wed
2024-08-08,dev,-1,SOXS,587,-496.4834,09:51-10:00,bearish,"against, >1%",3-4.5%,0.8-1.2x,below,>=7% (volatile),<5% of range,<1.5x,same direction,same direction,same direction,opposite,trend day (>=2%),08:30 data (CPI/jobs),Thu
2024-08-09,dev,-1,SOXS,587,-398.0740,09:51-10:00,bearish,"with, 1-3%",2-3%,0.8-1.2x,below,>=7% (volatile),>=15% of range,1.5-3x,same direction,same direction,same direction,same direction,trend day (>=2%),none,Fri
2024-08-12,dev,-1,SOXS,587,-380.9169,09:51-10:00,bearish,"against, 0-1%",3-4.5%,<0.8x,below,>=7% (volatile),5-15%,1.5-3x,same direction,opposite,same direction,opposite,not a trend day,none,Mon
2024-08-13,dev,1,SOXL,590,536.2079,09:51-10:00,bullish (SOXL),"with, >3%",2-3%,0.8-1.2x,below,>=7% (volatile),>=15% of range,1.5-3x,same direction,same direction,same direction,same direction,not a trend day,08:30 data (CPI/jobs),Tue
2024-08-14,dev,-1,SOXS,595,-281.0482,09:51-10:00,bearish,"against, >1%",>=4.5%,1.2-1.6x,below,>=7% (volatile),5-15%,<1.5x,same direction,same direction,same direction,opposite,trend day (>=2%),08:30 data (CPI/jobs),Wed
2024-08-15,dev,1,SOXL,589,618.7151,09:51-10:00,bullish (SOXL),"with, >3%",2-3%,0.8-1.2x,below,>=7% (volatile),<5% of range,<1.5x,same direction,same direction,same direction,same direction,not a trend day,08:30 data (CPI/jobs),Thu
2024-08-16,dev,1,SOXL,593,93.4233,09:51-10:00,bullish (SOXL),"against, >1%",2-3%,0.8-1.2x,above,>=7% (volatile),>=15% of range,1.5-3x,same direction,same direction,same direction,opposite,trend day (>=2%),none,Fri
2024-08-19,dev,-1,SOXS,602,-377.0864,10:01-10:30,bearish,"with, 1-3%",3-4.5%,0.8-1.2x,above,>=7% (volatile),5-15%,1.5-3x,same direction,opposite,same direction,same direction,not a trend day,none,Mon
2024-08-20,dev,1,SOXL,588,-177.4269,09:51-10:00,bullish (SOXL),"against, >1%",<2%,<0.8x,above,>=7% (volatile),<5% of range,<1.5x,same direction,same direction,same direction,opposite,trend day (>=2%),none,Tue
2024-08-21,dev,1,SOXL,611,-233.8293,10:01-10:30,bullish (SOXL),"with, 1-3%",2-3%,<0.8x,above,>=7% (volatile),5-15%,<1.5x,same direction,same direction,same direction,same direction,not a trend day,none,Wed
2024-08-22,dev,-1,SOXS,588,1009.9174,09:51-10:00,bearish,"against, >1%",2-3%,<0.8x,above,>=7% (volatile),<5% of range,<1.5x,same direction,same direction,same direction,opposite,not a trend day,none,Thu
2024-08-23,dev,1,SOXL,589,244.1135,09:51-10:00,bullish (SOXL),"with, >3%",<2%,<0.8x,above,>=7% (volatile),>=15% of range,<1.5x,same direction,same direction,opposite,same direction,trend day (>=2%),none,Fri
2024-08-26,dev,-1,SOXS,591,402.2488,09:51-10:00,bearish,"with, 1-3%",2-3%,<0.8x,above,>=7% (volatile),<5% of range,<1.5x,same direction,same direction,same direction,same direction,not a trend day,none,Mon
2024-08-27,dev,-1,SOXS,586,-324.4224,09:51-10:00,bearish,"with, 1-3%",2-3%,<0.8x,above,>=7% (volatile),>=15% of range,<1.5x,same direction,same direction,same direction,same direction,trend day (>=2%),none,Tue
2024-08-28,dev,-1,SOXS,588,242.6055,09:51-10:00,bearish,"with, 1-3%",2-3%,<0.8x,above,>=7% (volatile),5-15%,<1.5x,same direction,same direction,same direction,same direction,not a trend day,none,Wed
2024-08-29,dev,1,SOXL,600,-461.9874,09:51-10:00,bullish (SOXL),"with, 1-3%",>=4.5%,0.8-1.2x,below,>=7% (volatile),<5% of range,<1.5x,same direction,same direction,same direction,same direction,not a trend day,chip earnings reaction,Thu
2024-08-30,dev,1,SOXL,586,-288.8919,09:51-10:00,bullish (SOXL),"with, >3%",2-3%,0.8-1.2x,below,>=7% (volatile),5-15%,<1.5x,same direction,same direction,same direction,same direction,not a trend day,none,Fri
2024-09-03,dev,-1,SOXS,595,993.8964,09:51-10:00,bearish,"with, >3%",>=4.5%,1.2-1.6x,above,>=7% (volatile),5-15%,1.5-3x,same direction,same direction,same direction,same direction,not a trend day,none,Tue
2024-09-04,dev,1,SOXL,586,151.4194,09:51-10:00,bullish (SOXL),"against, >1%",3-4.5%,0.8-1.2x,below,>=7% (volatile),<5% of range,<1.5x,same direction,same direction,same direction,opposite,trend day (>=2%),none,Wed
2024-09-05,dev,1,SOXL,587,-253.6243,09:51-10:00,bullish (SOXL),"against, >1%",>=4.5%,0.8-1.2x,below,>=7% (volatile),<5% of range,<1.5x,same direction,same direction,same direction,opposite,not a trend day,08:30 data (CPI/jobs),Thu
2024-09-06,dev,-1,SOXS,600,402.5492,09:51-10:00,bearish,"with, 1-3%",>=4.5%,>=1.6x,below,>=7% (volatile),5-15%,>=3x,same direction,same direction,same direction,same direction,not a trend day,chip earnings reaction,Fri
2024-09-09,dev,-1,SOXS,589,-236.5556,09:51-10:00,bearish,"against, >1%",<2%,0.8-1.2x,below,>=7% (volatile),>=15% of range,1.5-3x,same direction,opposite,opposite,opposite,trend day (>=2%),none,Mon
2024-09-10,dev,-1,SOXS,616,-427.4873,10:01-10:30,bearish,"against, 0-1%",3-4.5%,0.8-1.2x,below,>=7% (volatile),5-15%,<1.5x,same direction,same direction,same direction,opposite,not a trend day,none,Tue
2024-09-11,dev,-1,SOXS,590,-306.1313,09:51-10:00,bearish,"against, >1%",2-3%,1.2-1.6x,below,>=7% (volatile),<5% of range,<1.5x,same direction,opposite,same direction,opposite,not a trend day,08:30 data (CPI/jobs),Wed
2024-09-12,dev,-1,SOXS,590,-337.8334,09:51-10:00,bearish,"with, 1-3%",3-4.5%,0.8-1.2x,below,>=7% (volatile),<5% of range,1.5-3x,same direction,same direction,same direction,same direction,trend day (>=2%),08:30 data (CPI/jobs),Thu
2024-09-13,dev,1,SOXL,798,25.9374,after 12:00,bullish (SOXL),"with, 1-3%",3-4.5%,0.8-1.2x,above,>=7% (volatile),<5% of range,>=3x,same direction,same direction,same direction,same direction,not a trend day,none,Fri
2024-09-16,dev,1,SOXL,601,-367.8087,10:01-10:30,bullish (SOXL),"against, >1%",3-4.5%,0.8-1.2x,above,>=7% (volatile),<5% of range,<1.5x,same direction,same direction,same direction,opposite,not a trend day,none,Mon
2024-09-17,dev,-1,SOXS,589,84.6584,09:51-10:00,bearish,"against, >1%",2-3%,0.8-1.2x,above,>=7% (volatile),5-15%,<1.5x,same direction,same direction,same direction,opposite,not a trend day,chip earnings reaction,Tue
2024-09-18,dev,-1,SOXS,612,-275.7699,10:01-10:30,bearish,"against, >1%",2-3%,<0.8x,above,>=7% (volatile),5-15%,<1.5x,same direction,same direction,same direction,opposite,not a trend day,FOMC day,Wed
2024-09-19,dev,-1,SOXS,592,-328.8202,09:51-10:00,bearish,"against, >1%",2-3%,1.2-1.6x,above,>=7% (volatile),5-15%,1.5-3x,same direction,opposite,same direction,opposite,not a trend day,none,Thu
2024-09-20,dev,-1,SOXS,590,58.3159,09:51-10:00,bearish,"with, >3%",2-3%,0.8-1.2x,above,>=7% (volatile),<5% of range,<1.5x,same direction,opposite,opposite,same direction,not a trend day,none,Fri
2024-09-23,dev,-1,SOXS,665,-182.5935,10:31-12:00,bearish,"against, >1%",3-4.5%,<0.8x,above,>=7% (volatile),<5% of range,<1.5x,same direction,same direction,same direction,opposite,not a trend day,chip earnings reaction,Mon
2024-09-24,dev,1,SOXL,587,-161.0503,09:51-10:00,bullish (SOXL),"with, 1-3%",<2%,<0.8x,above,>=7% (volatile),<5% of range,<1.5x,same direction,same direction,opposite,same direction,not a trend day,none,Tue
2024-09-25,dev,1,SOXL,597,-58.2233,09:51-10:00,bullish (SOXL),"against, >1%",2-3%,<0.8x,above,>=7% (volatile),5-15%,1.5-3x,same direction,same direction,same direction,opposite,not a trend day,none,Wed
2024-09-26,dev,-1,SOXS,628,-138.4652,10:01-10:30,bearish,"against, >1%",3-4.5%,>=1.6x,above,>=7% (volatile),<5% of range,<1.5x,same direction,same direction,same direction,opposite,not a trend day,chip earnings reaction,Thu
2024-09-27,dev,-1,SOXS,597,293.2210,09:51-10:00,bearish,"against, 0-1%",2-3%,<0.8x,above,>=7% (volatile),5-15%,<1.5x,same direction,same direction,same direction,opposite,not a trend day,none,Fri
2024-09-30,dev,1,SOXL,590,-298.2941,09:51-10:00,bullish (SOXL),"against, >1%",2-3%,<0.8x,above,>=7% (volatile),5-15%,<1.5x,same direction,same direction,same direction,opposite,not a trend day,chip earnings reaction,Mon
2024-10-01,val,-1,SOXS,588,324.9480,09:51-10:00,bearish,"with, 0-1%",>=4.5%,0.8-1.2x,above,>=7% (volatile),5-15%,1.5-3x,same direction,same direction,same direction,same direction,not a trend day,none,Tue
2024-10-02,val,1,SOXL,601,181.6698,10:01-10:30,bullish (SOXL),"with, 0-1%",3-4.5%,0.8-1.2x,above,>=7% (volatile),5-15%,<1.5x,same direction,same direction,opposite,same direction,trend day (>=2%),none,Wed
2024-10-03,val,1,SOXL,597,-222.9767,09:51-10:00,bullish (SOXL),"against, >1%",>=4.5%,0.8-1.2x,above,>=7% (volatile),5-15%,1.5-3x,same direction,same direction,same direction,opposite,not a trend day,none,Thu
2024-10-04,val,-1,SOXS,594,41.2228,09:51-10:00,bearish,"against, >1%",<2%,0.8-1.2x,above,>=7% (volatile),5-15%,<1.5x,same direction,same direction,same direction,opposite,not a trend day,08:30 data (CPI/jobs),Fri
2024-10-07,val,1,SOXL,782,-288.3134,after 12:00,bullish (SOXL),"against, >1%",2-3%,<0.8x,above,>=7% (volatile),<5% of range,<1.5x,same direction,same direction,same direction,opposite,not a trend day,none,Mon
2024-10-08,val,1,SOXL,601,267.8791,10:01-10:30,bullish (SOXL),"with, 0-1%",2-3%,<0.8x,above,>=7% (volatile),5-15%,<1.5x,same direction,same direction,same direction,opposite,not a trend day,none,Tue
2024-10-09,val,1,SOXL,614,287.5182,10:01-10:30,bullish (SOXL),"against, 0-1%",2-3%,0.8-1.2x,above,>=7% (volatile),<5% of range,<1.5x,same direction,opposite,same direction,opposite,not a trend day,none,Wed
2024-10-10,val,-1,SOXS,588,-209.0293,09:51-10:00,bearish,"with, >3%",<2%,0.8-1.2x,above,5-7%,>=15% of range,1.5-3x,same direction,opposite,same direction,same direction,not a trend day,08:30 data (CPI/jobs),Thu
2024-10-11,val,1,SOXL,592,241.6623,09:51-10:00,bullish (SOXL),"against, >1%",2-3%,<0.8x,above,5-7%,5-15%,<1.5x,same direction,same direction,same direction,opposite,not a trend day,none,Fri
2024-10-14,val,1,SOXL,586,187.1512,09:51-10:00,bullish (SOXL),"with, 1-3%",<2%,0.8-1.2x,above,5-7%,5-15%,1.5-3x,same direction,same direction,same direction,same direction,not a trend day,none,Mon
2024-10-15,val,-1,SOXS,587,1425.3394,09:51-10:00,bearish,"with, 0-1%",<2%,<0.8x,above,5-7%,>=15% of range,1.5-3x,same direction,same direction,same direction,same direction,not a trend day,none,Tue
2024-10-16,val,-1,SOXS,586,-77.9913,09:51-10:00,bearish,"against, >1%",3-4.5%,1.2-1.6x,above,5-7%,5-15%,<1.5x,same direction,same direction,same direction,opposite,trend day (>=2%),none,Wed
2024-10-17,val,-1,SOXS,939,-11.8473,after 12:00,bearish,"against, >1%",3-4.5%,>=1.6x,above,5-7%,5-15%,1.5-3x,same direction,same direction,same direction,opposite,not a trend day,none,Thu
2024-10-18,val,-1,SOXS,708,25.8923,10:31-12:00,bearish,"against, >1%",2-3%,0.8-1.2x,above,5-7%,<5% of range,<1.5x,same direction,same direction,opposite,opposite,not a trend day,none,Fri
2024-10-21,val,1,SOXL,594,-180.7440,09:51-10:00,bullish (SOXL),"against, >1%",<2%,<0.8x,above,5-7%,5-15%,<1.5x,same direction,same direction,same direction,opposite,not a trend day,none,Mon
2024-10-22,val,-1,SOXS,591,-174.4629,09:51-10:00,bearish,"with, 1-3%",<2%,<0.8x,above,5-7%,<5% of range,<1.5x,same direction,opposite,opposite,same direction,not a trend day,none,Tue
2024-10-23,val,1,SOXL,648,-250.7831,10:31-12:00,bullish (SOXL),"against, 0-1%",2-3%,<0.8x,above,5-7%,<5% of range,<1.5x,same direction,opposite,same direction,opposite,not a trend day,none,Wed
2024-10-24,val,-1,SOXS,587,-141.3709,09:51-10:00,bearish,"against, >1%",2-3%,0.8-1.2x,above,5-7%,>=15% of range,1.5-3x,same direction,same direction,same direction,opposite,not a trend day,none,Thu
2024-10-25,val,1,SOXL,587,-141.0733,09:51-10:00,bullish (SOXL),"with, 1-3%",2-3%,0.8-1.2x,above,5-7%,<5% of range,<1.5x,same direction,same direction,same direction,same direction,not a trend day,none,Fri
2024-10-28,val,1,SOXL,609,-88.8676,10:01-10:30,bullish (SOXL),"with, 0-1%",2-3%,0.8-1.2x,above,5-7%,<5% of range,<1.5x,same direction,opposite,opposite,same direction,not a trend day,none,Mon
2024-10-29,val,1,SOXL,586,628.1916,09:51-10:00,bullish (SOXL),"with, 0-1%",<2%,<0.8x,above,5-7%,>=15% of range,<1.5x,same direction,opposite,opposite,same direction,not a trend day,none,Tue
2024-10-30,val,1,SOXL,596,-244.9902,09:51-10:00,bullish (SOXL),"against, >1%",2-3%,1.2-1.6x,above,5-7%,5-15%,<1.5x,same direction,opposite,opposite,opposite,trend day (>=2%),chip earnings reaction,Wed
2024-10-31,val,-1,SOXS,586,317.7895,09:51-10:00,bearish,"with, 1-3%",>=4.5%,>=1.6x,above,5-7%,<5% of range,1.5-3x,same direction,same direction,same direction,same direction,not a trend day,none,Thu
2024-11-01,val,1,SOXL,611,-185.7022,10:01-10:30,bullish (SOXL),"with, 1-3%",3-4.5%,0.8-1.2x,above,5-7%,5-15%,<1.5x,same direction,same direction,same direction,same direction,trend day (>=2%),08:30 data (CPI/jobs),Fri
2024-11-04,val,1,SOXL,619,-176.8888,10:01-10:30,bullish (SOXL),"against, 0-1%",3-4.5%,<0.8x,above,5-7%,<5% of range,<1.5x,same direction,same direction,same direction,opposite,not a trend day,none,Mon
2024-11-05,val,1,SOXL,589,40.9253,09:51-10:00,bullish (SOXL),"with, 0-1%",2-3%,<0.8x,above,5-7%,>=15% of range,<1.5x,same direction,same direction,same direction,same direction,not a trend day,none,Tue
2024-11-06,val,-1,SOXS,587,-396.3349,09:51-10:00,bearish,"against, >1%",2-3%,1.2-1.6x,above,5-7%,>=15% of range,1.5-3x,same direction,same direction,opposite,opposite,not a trend day,none,Wed
2024-11-07,val,1,SOXL,596,44.8653,09:51-10:00,bullish (SOXL),"with, >3%",<2%,0.8-1.2x,above,5-7%,>=15% of range,1.5-3x,same direction,same direction,same direction,same direction,not a trend day,FOMC day,Thu
2024-11-08,val,-1,SOXS,600,-3.9944,09:51-10:00,bearish,"with, 1-3%",2-3%,0.8-1.2x,above,5-7%,<5% of range,<1.5x,same direction,same direction,opposite,same direction,not a trend day,none,Fri
2024-11-11,val,-1,SOXS,586,-20.4677,09:51-10:00,bearish,"with, 1-3%",>=4.5%,>=1.6x,above,<5% (calm),5-15%,1.5-3x,same direction,same direction,same direction,same direction,not a trend day,none,Mon
2024-11-12,val,-1,SOXS,640,71.5073,10:31-12:00,bearish,"with, 1-3%",<2%,<0.8x,above,5-7%,<5% of range,<1.5x,same direction,opposite,opposite,same direction,not a trend day,none,Tue
2024-11-13,val,-1,SOXS,593,303.3285,09:51-10:00,bearish,"with, 1-3%",<2%,<0.8x,above,5-7%,5-15%,<1.5x,same direction,same direction,same direction,same direction,not a trend day,08:30 data (CPI/jobs),Wed
2024-11-14,val,-1,SOXS,587,111.8392,09:51-10:00,bearish,"against, >1%",2-3%,0.8-1.2x,above,5-7%,<5% of range,1.5-3x,same direction,same direction,same direction,opposite,not a trend day,none,Thu
2024-11-15,val,1,SOXL,589,-244.6170,09:51-10:00,bullish (SOXL),"against, >1%",2-3%,1.2-1.6x,above,<5% (calm),5-15%,<1.5x,same direction,opposite,opposite,opposite,not a trend day,08:30 data (CPI/jobs),Fri
2024-11-18,val,-1,SOXS,591,-278.6922,09:51-10:00,bearish,"against, 0-1%",2-3%,0.8-1.2x,above,5-7%,5-15%,<1.5x,same direction,same direction,same direction,opposite,not a trend day,none,Mon
2024-11-19,val,-1,SOXS,601,-225.2508,10:01-10:30,bearish,"with, 1-3%",2-3%,<0.8x,above,5-7%,<5% of range,<1.5x,same direction,opposite,opposite,same direction,not a trend day,none,Tue
2024-11-20,val,-1,SOXS,606,-144.5004,10:01-10:30,bearish,"with, 1-3%",3-4.5%,0.8-1.2x,above,5-7%,<5% of range,1.5-3x,same direction,same direction,same direction,same direction,not a trend day,none,Wed
2024-11-21,val,-1,SOXS,603,-566.6704,10:01-10:30,bearish,"against, >1%",>=4.5%,1.2-1.6x,above,5-7%,<5% of range,1.5-3x,same direction,same direction,same direction,opposite,not a trend day,chip earnings reaction,Thu
2024-11-22,val,-1,SOXS,610,-125.4968,10:01-10:30,bearish,"with, 0-1%",<2%,<0.8x,above,5-7%,5-15%,<1.5x,same direction,same direction,same direction,same direction,not a trend day,none,Fri
2024-11-25,val,-1,SOXS,601,-341.1486,10:01-10:30,bearish,"against, >1%",2-3%,0.8-1.2x,above,5-7%,5-15%,<1.5x,same direction,same direction,same direction,opposite,not a trend day,none,Mon
2024-11-26,val,-1,SOXS,593,426.0007,09:51-10:00,bearish,"against, >1%",3-4.5%,<0.8x,above,5-7%,<5% of range,<1.5x,same direction,same direction,opposite,opposite,not a trend day,none,Tue
2024-11-27,val,-1,SOXS,595,120.9756,09:51-10:00,bearish,"with, 1-3%",<2%,<0.8x,above,5-7%,5-15%,<1.5x,same direction,same direction,same direction,same direction,trend day (>=2%),none,Wed
2024-11-29,val,1,SOXL,594,-9.3324,09:51-10:00,bullish (SOXL),"with, 1-3%",2-3%,0.8-1.2x,above,5-7%,5-15%,1.5-3x,same direction,same direction,same direction,same direction,not a trend day,none,Fri
2024-12-02,val,1,SOXL,588,348.9731,09:51-10:00,bullish (SOXL),"with, 1-3%",2-3%,0.8-1.2x,above,5-7%,<5% of range,<1.5x,same direction,same direction,same direction,same direction,not a trend day,none,Mon
2024-12-04,val,-1,SOXS,597,-136.1938,09:51-10:00,bearish,"against, >1%",3-4.5%,1.2-1.6x,above,5-7%,<5% of range,<1.5x,same direction,same direction,opposite,opposite,not a trend day,none,Wed
2024-12-05,val,-1,SOXS,591,398.3757,09:51-10:00,bearish,"with, 0-1%",<2%,<0.8x,above,5-7%,5-15%,<1.5x,same direction,same direction,same direction,same direction,not a trend day,none,Thu
2024-12-06,val,1,SOXL,593,44.8648,09:51-10:00,bullish (SOXL),"with, 0-1%",<2%,<0.8x,above,5-7%,5-15%,1.5-3x,same direction,same direction,same direction,same direction,not a trend day,08:30 data (CPI/jobs),Fri
2024-12-09,val,1,SOXL,586,-153.0546,09:51-10:00,bullish (SOXL),"against, >1%",3-4.5%,0.8-1.2x,above,5-7%,5-15%,<1.5x,same direction,same direction,same direction,opposite,not a trend day,none,Mon
2024-12-10,val,-1,SOXS,590,555.2612,09:51-10:00,bearish,"against, 0-1%",2-3%,<0.8x,above,5-7%,5-15%,1.5-3x,same direction,opposite,opposite,opposite,not a trend day,none,Tue
2024-12-11,val,1,SOXL,586,-252.0801,09:51-10:00,bullish (SOXL),"with, >3%",2-3%,0.8-1.2x,above,5-7%,>=15% of range,1.5-3x,same direction,opposite,same direction,same direction,trend day (>=2%),08:30 data (CPI/jobs),Wed
2024-12-12,val,1,SOXL,586,-272.7028,09:51-10:00,bullish (SOXL),"against, >1%",2-3%,0.8-1.2x,above,5-7%,5-15%,<1.5x,opposite,opposite,opposite,opposite,not a trend day,08:30 data (CPI/jobs),Thu
2024-12-13,val,1,SOXL,586,-343.8529,09:51-10:00,bullish (SOXL),"with, >3%",3-4.5%,>=1.6x,above,5-7%,5-15%,1.5-3x,same direction,opposite,same direction,same direction,not a trend day,chip earnings reaction,Fri
2024-12-16,val,1,SOXL,588,370.2693,09:51-10:00,bullish (SOXL),"with, 1-3%",3-4.5%,0.8-1.2x,above,5-7%,5-15%,1.5-3x,same direction,opposite,same direction,same direction,not a trend day,none,Mon
2024-12-17,val,-1,SOXS,593,-25.4261,09:51-10:00,bearish,"with, 1-3%",3-4.5%,0.8-1.2x,above,5-7%,<5% of range,<1.5x,same direction,same direction,same direction,same direction,not a trend day,none,Tue
2024-12-18,val,-1,SOXS,847,857.0502,after 12:00,bearish,"against, >1%",3-4.5%,0.8-1.2x,above,5-7%,5-15%,>=3x,same direction,opposite,same direction,opposite,not a trend day,FOMC day,Wed
2024-12-19,val,-1,SOXS,606,374.3049,10:01-10:30,bearish,"against, 0-1%",2-3%,0.8-1.2x,above,5-7%,<5% of range,<1.5x,same direction,same direction,same direction,opposite,trend day (>=2%),chip earnings reaction,Thu
2024-12-20,val,1,SOXL,606,269.7228,10:01-10:30,bullish (SOXL),"against, >1%",3-4.5%,0.8-1.2x,above,5-7%,5-15%,1.5-3x,same direction,same direction,same direction,opposite,not a trend day,08:30 data (CPI/jobs),Fri
2024-12-23,val,1,SOXL,598,200.1377,09:51-10:00,bullish (SOXL),"with, 1-3%",3-4.5%,1.2-1.6x,above,5-7%,<5% of range,1.5-3x,same direction,same direction,same direction,same direction,trend day (>=2%),chip earnings reaction,Mon
2024-12-24,val,1,SOXL,605,-22.4351,10:01-10:30,bullish (SOXL),"with, 1-3%",2-3%,0.8-1.2x,above,5-7%,5-15%,1.5-3x,same direction,same direction,same direction,same direction,trend day (>=2%),none,Tue
2024-12-26,val,-1,SOXS,594,-223.9239,09:51-10:00,bearish,"with, 1-3%",2-3%,<0.8x,above,5-7%,<5% of range,<1.5x,same direction,same direction,same direction,same direction,not a trend day,08:30 data (CPI/jobs),Thu
2024-12-27,val,-1,SOXS,600,-75.5050,09:51-10:00,bearish,"with, 1-3%",2-3%,<0.8x,above,5-7%,>=15% of range,1.5-3x,same direction,same direction,same direction,same direction,not a trend day,none,Fri
2024-12-30,val,-1,SOXS,600,-262.2521,09:51-10:00,bearish,"with, >3%",2-3%,0.8-1.2x,above,5-7%,<5% of range,<1.5x,same direction,opposite,same direction,same direction,not a trend day,none,Mon
2024-12-31,val,1,SOXL,588,-215.2140,09:51-10:00,bullish (SOXL),"with, 0-1%",<2%,<0.8x,above,5-7%,5-15%,<1.5x,same direction,opposite,opposite,same direction,not a trend day,none,Tue
2025-01-02,val,1,SOXL,590,-322.5868,09:51-10:00,bullish (SOXL),"with, >3%",3-4.5%,0.8-1.2x,above,5-7%,<5% of range,1.5-3x,same direction,same direction,opposite,same direction,not a trend day,none,Thu
2025-01-03,val,1,SOXL,605,284.1306,10:01-10:30,bullish (SOXL),"with, 1-3%",2-3%,0.8-1.2x,below,5-7%,5-15%,1.5-3x,same direction,same direction,same direction,same direction,not a trend day,none,Fri
2025-01-06,val,1,SOXL,600,-215.1182,09:51-10:00,bullish (SOXL),"with, >3%",>=4.5%,>=1.6x,above,5-7%,<5% of range,1.5-3x,same direction,same direction,same direction,same direction,not a trend day,none,Mon
2025-01-07,val,-1,SOXS,601,333.0004,10:01-10:30,bearish,"against, >1%",2-3%,0.8-1.2x,above,5-7%,>=15% of range,1.5-3x,same direction,same direction,same direction,opposite,not a trend day,chip earnings reaction,Tue
2025-01-08,val,-1,SOXS,615,-202.2060,10:01-10:30,bearish,"with, 1-3%",>=4.5%,0.8-1.2x,above,5-7%,5-15%,>=3x,same direction,same direction,same direction,same direction,trend day (>=2%),none,Wed
2025-01-10,val,-1,SOXS,601,-105.6821,10:01-10:30,bearish,"with, >3%",3-4.5%,1.2-1.6x,above,5-7%,5-15%,1.5-3x,same direction,same direction,same direction,same direction,not a trend day,08:30 data (CPI/jobs),Fri
2025-01-13,val,1,SOXL,592,251.1782,09:51-10:00,bullish (SOXL),"against, >1%",2-3%,0.8-1.2x,below,5-7%,<5% of range,<1.5x,same direction,same direction,same direction,opposite,not a trend day,none,Mon
2025-01-14,val,-1,SOXS,594,37.0690,09:51-10:00,bearish,"against, >1%",2-3%,0.8-1.2x,below,5-7%,>=15% of range,1.5-3x,same direction,same direction,same direction,opposite,not a trend day,08:30 data (CPI/jobs),Tue
2025-01-15,val,1,SOXL,588,-42.5013,09:51-10:00,bullish (SOXL),"with, >3%",2-3%,0.8-1.2x,below,5-7%,5-15%,<1.5x,same direction,same direction,same direction,same direction,not a trend day,08:30 data (CPI/jobs),Wed
2025-01-16,val,-1,SOXS,587,-407.7133,09:51-10:00,bearish,"against, >1%",3-4.5%,0.8-1.2x,above,5-7%,5-15%,<1.5x,same direction,same direction,same direction,opposite,not a trend day,08:30 data (CPI/jobs),Thu
2025-01-17,val,1,SOXL,659,150.0385,10:31-12:00,bullish (SOXL),"with, >3%",2-3%,0.8-1.2x,below,5-7%,<5% of range,1.5-3x,same direction,same direction,opposite,same direction,not a trend day,08:30 data (CPI/jobs),Fri
2025-01-21,val,-1,SOXS,614,-281.0656,10:01-10:30,bearish,"against, >1%",2-3%,0.8-1.2x,above,5-7%,<5% of range,1.5-3x,same direction,same direction,same direction,opposite,not a trend day,none,Tue
2025-01-22,val,1,SOXL,586,-104.6968,09:51-10:00,bullish (SOXL),"with, 1-3%",3-4.5%,0.8-1.2x,above,5-7%,<5% of range,<1.5x,same direction,same direction,same direction,same direction,not a trend day,none,Wed
2025-01-23,val,1,SOXL,601,336.3738,10:01-10:30,bullish (SOXL),"against, >1%",<2%,0.8-1.2x,above,5-7%,<5% of range,<1.5x,same direction,same direction,same direction,opposite,not a trend day,none,Thu
2025-01-24,val,-1,SOXS,660,202.6205,10:31-12:00,bearish,"against, 0-1%",3-4.5%,0.8-1.2x,above,5-7%,<5% of range,<1.5x,same direction,same direction,same direction,opposite,not a trend day,none,Fri
2025-01-27,val,-1,SOXS,617,571.4981,10:01-10:30,bearish,"with, >3%",3-4.5%,>=1.6x,above,5-7%,<5% of range,>=3x,same direction,same direction,opposite,same direction,trend day (>=2%),08:30 data (CPI/jobs),Mon
2025-01-28,val,1,SOXL,887,-81.2275,after 12:00,bullish (SOXL),"with, 1-3%",>=4.5%,>=1.6x,below,5-7%,<5% of range,1.5-3x,same direction,same direction,same direction,same direction,trend day (>=2%),chip earnings reaction,Tue
2025-01-29,val,1,SOXL,602,-315.4765,10:01-10:30,bullish (SOXL),"with, 1-3%",3-4.5%,0.8-1.2x,above,5-7%,<5% of range,<1.5x,same direction,opposite,opposite,same direction,not a trend day,FOMC day,Wed
2025-01-30,val,1,SOXL,592,-259.5311,09:51-10:00,bullish (SOXL),"with, >3%",2-3%,0.8-1.2x,above,5-7%,<5% of range,<1.5x,same direction,same direction,same direction,same direction,not a trend day,chip earnings reaction,Thu
2025-01-31,val,1,SOXL,594,-252.7351,09:51-10:00,bullish (SOXL),"with, 1-3%",2-3%,<0.8x,above,5-7%,<5% of range,1.5-3x,same direction,same direction,same direction,same direction,not a trend day,chip earnings reaction,Fri
2025-02-03,val,-1,SOXS,587,-156.3828,09:51-10:00,bearish,"with, >3%",<2%,0.8-1.2x,above,5-7%,5-15%,1.5-3x,same direction,same direction,same direction,same direction,not a trend day,none,Mon
2025-02-04,val,1,SOXL,594,152.9233,09:51-10:00,bullish (SOXL),"against, >1%",<2%,<0.8x,below,5-7%,5-15%,<1.5x,same direction,same direction,same direction,opposite,not a trend day,none,Tue
2025-02-05,val,1,SOXL,601,481.3921,10:01-10:30,bullish (SOXL),"against, 0-1%",2-3%,<0.8x,above,5-7%,>=15% of range,1.5-3x,same direction,same direction,same direction,opposite,not a trend day,chip earnings reaction,Wed
2025-02-06,val,1,SOXL,613,-6.5451,10:01-10:30,bullish (SOXL),"against, >1%",3-4.5%,<0.8x,above,5-7%,<5% of range,<1.5x,same direction,opposite,same direction,opposite,trend day (>=2%),none,Thu
2025-02-07,val,-1,SOXS,586,474.7890,09:51-10:00,bearish,"against, 0-1%",<2%,<0.8x,above,5-7%,<5% of range,<1.5x,same direction,opposite,opposite,opposite,not a trend day,08:30 data (CPI/jobs),Fri
2025-02-10,val,1,SOXL,775,2.5767,after 12:00,bullish (SOXL),"with, 1-3%",2-3%,0.8-1.2x,above,5-7%,<5% of range,<1.5x,same direction,same direction,same direction,same direction,not a trend day,none,Mon
2025-02-11,val,1,SOXL,586,-24.7612,09:51-10:00,bullish (SOXL),"against, >1%",2-3%,<0.8x,above,5-7%,<5% of range,<1.5x,same direction,same direction,same direction,opposite,not a trend day,none,Tue
2025-02-12,val,1,SOXL,720,167.8046,10:31-12:00,bullish (SOXL),"against, >1%",3-4.5%,0.8-1.2x,above,5-7%,<5% of range,<1.5x,same direction,same direction,same direction,opposite,not a trend day,08:30 data (CPI/jobs),Wed
2025-02-13,val,1,SOXL,601,103.7449,10:01-10:30,bullish (SOXL),"against, 0-1%",2-3%,<0.8x,above,5-7%,5-15%,<1.5x,same direction,same direction,same direction,opposite,not a trend day,08:30 data (CPI/jobs),Thu
2025-02-14,val,-1,SOXS,758,-198.3517,after 12:00,bearish,"against, 0-1%",<2%,<0.8x,above,5-7%,<5% of range,<1.5x,same direction,opposite,opposite,opposite,not a trend day,none,Fri
2025-02-18,val,-1,SOXS,586,-285.5002,09:51-10:00,bearish,"against, >1%",2-3%,0.8-1.2x,above,5-7%,<5% of range,<1.5x,opposite,opposite,same direction,opposite,not a trend day,none,Tue
2025-02-19,val,-1,SOXS,598,-259.3371,09:51-10:00,bearish,"against, 0-1%",2-3%,<0.8x,above,5-7%,5-15%,<1.5x,same direction,same direction,same direction,opposite,not a trend day,none,Wed
2025-02-20,val,-1,SOXS,588,91.7777,09:51-10:00,bearish,"against, >1%",2-3%,<0.8x,above,5-7%,<5% of range,<1.5x,same direction,same direction,same direction,opposite,not a trend day,none,Thu
2025-02-21,val,-1,SOXS,603,794.8251,10:01-10:30,bearish,"against, 0-1%",<2%,<0.8x,above,5-7%,<5% of range,<1.5x,same direction,opposite,same direction,opposite,not a trend day,none,Fri
2025-02-24,val,-1,SOXS,593,531.2923,09:51-10:00,bearish,"against, >1%",2-3%,<0.8x,above,5-7%,<5% of range,<1.5x,same direction,same direction,same direction,opposite,trend day (>=2%),none,Mon
2025-02-25,val,-1,SOXS,593,443.3010,09:51-10:00,bearish,"with, 0-1%",2-3%,0.8-1.2x,below,5-7%,<5% of range,<1.5x,same direction,same direction,same direction,same direction,trend day (>=2%),none,Tue
2025-02-26,val,1,SOXL,593,-229.8142,09:51-10:00,bullish (SOXL),"with, >3%",2-3%,0.8-1.2x,below,5-7%,5-15%,1.5-3x,same direction,same direction,same direction,same direction,not a trend day,08:30 data (CPI/jobs),Wed
2025-02-27,val,-1,SOXS,595,1140.7097,09:51-10:00,bearish,"against, >1%",>=4.5%,1.2-1.6x,below,5-7%,5-15%,1.5-3x,same direction,same direction,same direction,opposite,not a trend day,chip earnings reaction,Thu
2025-02-28,val,1,SOXL,589,168.4168,09:51-10:00,bullish (SOXL),"with, 0-1%",>=4.5%,>=1.6x,below,5-7%,<5% of range,1.5-3x,same direction,same direction,same direction,same direction,trend day (>=2%),08:30 data (CPI/jobs),Fri
2025-03-03,val,-1,SOXS,598,746.6720,09:51-10:00,bearish,"against, >1%",>=4.5%,>=1.6x,below,5-7%,5-15%,1.5-3x,same direction,same direction,same direction,opposite,not a trend day,none,Mon
2025-03-04,val,-1,SOXS,601,-664.7094,10:01-10:30,bearish,"with, 1-3%",>=4.5%,>=1.6x,below,5-7%,>=15% of range,1.5-3x,same direction,opposite,same direction,same direction,trend day (>=2%),none,Tue
2025-03-05,val,-1,SOXS,672,-424.1252,10:31-12:00,bearish,"against, >1%",3-4.5%,1.2-1.6x,below,5-7%,<5% of range,1.5-3x,same direction,same direction,same direction,opposite,not a trend day,none,Wed
2025-03-06,val,1,SOXL,590,-438.5968,09:51-10:00,bullish (SOXL),"against, >1%",3-4.5%,>=1.6x,below,>=7% (volatile),<5% of range,1.5-3x,same direction,same direction,opposite,opposite,not a trend day,none,Thu
2025-03-07,val,1,SOXL,592,-369.5770,09:51-10:00,bullish (SOXL),"with, 1-3%",3-4.5%,0.8-1.2x,below,>=7% (volatile),5-15%,<1.5x,same direction,same direction,same direction,same direction,not a trend day,chip earnings reaction,Fri
2025-03-10,val,-1,SOXS,602,575.1789,10:01-10:30,bearish,"with, >3%",3-4.5%,1.2-1.6x,below,>=7% (volatile),5-15%,<1.5x,same direction,same direction,same direction,same direction,trend day (>=2%),none,Mon
2025-03-11,val,1,SOXL,591,-356.2301,09:51-10:00,bullish (SOXL),"with, 0-1%",3-4.5%,1.2-1.6x,below,>=7% (volatile),<5% of range,1.5-3x,same direction,same direction,same direction,same direction,trend day (>=2%),none,Tue
2025-03-12,val,-1,SOXS,597,61.4940,09:51-10:00,bearish,"against, >1%",3-4.5%,>=1.6x,below,>=7% (volatile),<5% of range,1.5-3x,same direction,opposite,same direction,opposite,not a trend day,08:30 data (CPI/jobs),Wed
2025-03-13,val,-1,SOXS,597,-420.7014,09:51-10:00,bearish,"against, 0-1%",3-4.5%,1.2-1.6x,below,>=7% (volatile),<5% of range,1.5-3x,same direction,same direction,same direction,opposite,not a trend day,08:30 data (CPI/jobs),Thu
2025-03-14,val,1,SOXL,682,48.8072,10:31-12:00,bullish (SOXL),"with, >3%",2-3%,0.8-1.2x,below,>=7% (volatile),5-15%,<1.5x,same direction,same direction,same direction,same direction,not a trend day,none,Fri
2025-03-17,val,1,SOXL,823,161.2053,after 12:00,bullish (SOXL),"against, >1%",>=4.5%,0.8-1.2x,below,>=7% (volatile),<5% of range,<1.5x,same direction,opposite,same direction,opposite,not a trend day,none,Mon
2025-03-18,val,-1,SOXS,593,-250.1585,09:51-10:00,bearish,"with, 1-3%",2-3%,0.8-1.2x,below,>=7% (volatile),<5% of range,<1.5x,same direction,same direction,same direction,same direction,trend day (>=2%),none,Tue
2025-03-19,val,1,SOXL,610,260.1594,10:01-10:30,bullish (SOXL),"against, 0-1%",3-4.5%,<0.8x,below,>=7% (volatile),5-15%,<1.5x,same direction,same direction,same direction,opposite,not a trend day,chip earnings reaction,Wed
2025-03-20,val,1,SOXL,590,-103.2843,09:51-10:00,bullish (SOXL),"against, >1%",2-3%,<0.8x,below,>=7% (volatile),5-15%,<1.5x,same direction,same direction,same direction,opposite,not a trend day,none,Thu
2025-03-21,val,1,SOXL,619,104.0885,10:01-10:30,bullish (SOXL),"against, >1%",3-4.5%,1.2-1.6x,below,>=7% (volatile),<5% of range,1.5-3x,same direction,opposite,same direction,opposite,not a trend day,chip earnings reaction,Fri
2025-03-24,val,1,SOXL,618,70.2185,10:01-10:30,bullish (SOXL),"with, >3%",2-3%,0.8-1.2x,below,>=7% (volatile),<5% of range,<1.5x,same direction,same direction,same direction,same direction,not a trend day,none,Mon
2025-03-25,val,-1,SOXS,589,-7.7938,09:51-10:00,bearish,"with, 0-1%",<2%,<0.8x,below,>=7% (volatile),>=15% of range,1.5-3x,same direction,same direction,same direction,same direction,not a trend day,none,Tue
2025-03-26,val,-1,SOXS,586,580.1030,09:51-10:00,bearish,"with, 1-3%",<2%,<0.8x,below,>=7% (volatile),>=15% of range,<1.5x,same direction,same direction,same direction,same direction,not a trend day,none,Wed
2025-03-27,val,1,SOXL,638,-310.9780,10:31-12:00,bullish (SOXL),"against, >1%",>=4.5%,1.2-1.6x,below,>=7% (volatile),<5% of range,<1.5x,same direction,same direction,same direction,opposite,trend day (>=2%),none,Thu
2025-03-28,val,-1,SOXS,606,592.4199,10:01-10:30,bearish,"with, 1-3%",2-3%,<0.8x,below,>=7% (volatile),5-15%,<1.5x,same direction,same direction,same direction,same direction,not a trend day,none,Fri
2025-03-31,val,-1,SOXS,586,-394.0033,09:51-10:00,bearish,"with, >3%",>=4.5%,1.2-1.6x,below,>=7% (volatile),<5% of range,1.5-3x,same direction,same direction,same direction,same direction,trend day (>=2%),none,Mon
2025-04-01,val,-1,SOXS,607,-389.2813,10:01-10:30,bearish,"with, 1-3%",3-4.5%,<0.8x,below,>=7% (volatile),5-15%,<1.5x,same direction,same direction,same direction,same direction,not a trend day,none,Tue
2025-04-02,val,1,SOXL,587,321.6181,09:51-10:00,bullish (SOXL),"against, >1%",>=4.5%,0.8-1.2x,below,>=7% (volatile),<5% of range,<1.5x,same direction,same direction,same direction,opposite,not a trend day,none,Wed
2025-04-03,val,-1,SOXS,590,985.7507,09:51-10:00,bearish,"with, >3%",3-4.5%,>=1.6x,below,>=7% (volatile),<5% of range,1.5-3x,same direction,opposite,opposite,same direction,trend day (>=2%),none,Thu
2025-04-04,val,-1,SOXS,611,331.6873,10:01-10:30,bearish,"with, >3%",>=4.5%,>=1.6x,below,>=7% (volatile),<5% of range,>=3x,same direction,same direction,same direction,same direction,trend day (>=2%),08:30 data (CPI/jobs),Fri
2025-04-07,val,1,SOXL,591,1571.4518,09:51-10:00,bullish (SOXL),"against, >1%",>=4.5%,>=1.6x,below,>=7% (volatile),<5% of range,>=3x,same direction,same direction,same direction,opposite,trend day (>=2%),08:30 data (CPI/jobs),Mon
2025-04-08,val,1,SOXL,604,-527.4156,10:01-10:30,bullish (SOXL),"with, >3%",>=4.5%,>=1.6x,below,>=7% (volatile),>=15% of range,>=3x,same direction,same direction,same direction,same direction,trend day (>=2%),none,Tue
2025-04-09,val,1,SOXL,778,4381.1602,after 12:00,bullish (SOXL),"with, 1-3%",>=4.5%,>=1.6x,below,>=7% (volatile),<5% of range,>=3x,same direction,same direction,same direction,same direction,trend day (>=2%),none,Wed
2025-04-10,val,-1,SOXS,595,582.0525,09:51-10:00,bearish,"with, >3%",>=4.5%,>=1.6x,below,>=7% (volatile),<5% of range,>=3x,same direction,same direction,same direction,same direction,trend day (>=2%),08:30 data (CPI/jobs),Thu
2025-04-11,val,1,SOXL,586,780.6828,09:51-10:00,bullish (SOXL),"against, >1%",>=4.5%,>=1.6x,below,>=7% (volatile),<5% of range,>=3x,same direction,same direction,same direction,opposite,trend day (>=2%),none,Fri
2025-04-14,val,-1,SOXS,689,-106.0858,10:31-12:00,bearish,"against, >1%",>=4.5%,>=1.6x,below,>=7% (volatile),5-15%,>=3x,same direction,same direction,same direction,opposite,trend day (>=2%),none,Mon
2025-04-15,val,1,SOXL,595,-319.6135,09:51-10:00,bullish (SOXL),"with, 1-3%",3-4.5%,0.8-1.2x,below,>=7% (volatile),<5% of range,<1.5x,same direction,same direction,same direction,same direction,trend day (>=2%),none,Tue
2025-04-16,val,-1,SOXS,826,-180.9946,after 12:00,bearish,"with, >3%",>=4.5%,1.2-1.6x,below,>=7% (volatile),<5% of range,1.5-3x,same direction,same direction,same direction,same direction,not a trend day,none,Wed
2025-04-17,val,-1,SOXS,587,-77.0392,09:51-10:00,bearish,"against, >1%",3-4.5%,0.8-1.2x,below,>=7% (volatile),5-15%,<1.5x,same direction,same direction,same direction,opposite,not a trend day,none,Thu
2025-04-21,val,-1,SOXS,588,-111.1256,09:51-10:00,bearish,"with, >3%",2-3%,<0.8x,below,>=7% (volatile),5-15%,<1.5x,same direction,same direction,same direction,same direction,not a trend day,none,Mon
2025-04-22,val,1,SOXL,586,-196.3237,09:51-10:00,bullish (SOXL),"with, 1-3%",>=4.5%,0.8-1.2x,below,>=7% (volatile),5-15%,<1.5x,same direction,same direction,same direction,same direction,not a trend day,none,Tue
2025-04-23,val,1,SOXL,586,-443.1078,09:51-10:00,bullish (SOXL),"with, >3%",3-4.5%,>=1.6x,below,>=7% (volatile),5-15%,1.5-3x,same direction,opposite,same direction,same direction,not a trend day,none,Wed
2025-04-24,val,1,SOXL,586,725.3272,09:51-10:00,bullish (SOXL),"with, >3%",2-3%,0.8-1.2x,below,>=7% (volatile),5-15%,1.5-3x,same direction,same direction,same direction,same direction,not a trend day,none,Thu
2025-04-25,val,1,SOXL,610,286.7043,10:01-10:30,bullish (SOXL),"against, >1%",3-4.5%,0.8-1.2x,below,>=7% (volatile),<5% of range,1.5-3x,same direction,same direction,same direction,opposite,trend day (>=2%),none,Fri
2025-04-28,val,1,SOXL,587,-358.2578,09:51-10:00,bullish (SOXL),"against, >1%",3-4.5%,<0.8x,below,>=7% (volatile),<5% of range,<1.5x,same direction,opposite,same direction,opposite,not a trend day,none,Mon
2025-04-29,val,1,SOXL,586,56.5619,09:51-10:00,bullish (SOXL),"against, >1%",2-3%,<0.8x,below,>=7% (volatile),>=15% of range,<1.5x,same direction,same direction,same direction,opposite,not a trend day,none,Tue
2025-04-30,val,1,SOXL,625,763.4764,10:01-10:30,bullish (SOXL),"against, >1%",3-4.5%,0.8-1.2x,below,>=7% (volatile),5-15%,<1.5x,same direction,same direction,opposite,opposite,not a trend day,08:30 data (CPI/jobs),Wed
2025-05-01,val,1,SOXL,665,-200.7120,10:31-12:00,bullish (SOXL),"with, >3%",3-4.5%,<0.8x,below,>=7% (volatile),<5% of range,<1.5x,same direction,same direction,same direction,same direction,trend day (>=2%),08:30 data (CPI/jobs),Thu
2025-05-02,val,1,SOXL,667,-20.6854,10:31-12:00,bullish (SOXL),"with, >3%",3-4.5%,0.8-1.2x,above,>=7% (volatile),<5% of range,<1.5x,same direction,same direction,same direction,same direction,not a trend day,08:30 data (CPI/jobs),Fri
2025-05-05,val,1,SOXL,848,-219.5942,after 12:00,bullish (SOXL),"against, >1%",3-4.5%,<0.8x,above,>=7% (volatile),<5% of range,<1.5x,same direction,same direction,same direction,opposite,not a trend day,none,Mon
2025-05-06,val,-1,SOXS,590,-223.1249,09:51-10:00,bearish,"with, >3%",2-3%,<0.8x,above,>=7% (volatile),<5% of range,<1.5x,same direction,opposite,opposite,same direction,not a trend day,none,Tue
2025-05-07,val,1,SOXL,714,-238.4545,10:31-12:00,bullish (SOXL),"against, 0-1%",2-3%,<0.8x,above,>=7% (volatile),<5% of range,<1.5x,same direction,same direction,opposite,opposite,not a trend day,chip earnings reaction,Wed
2025-05-08,val,-1,SOXS,589,-268.8228,09:51-10:00,bearish,"against, >1%",2-3%,<0.8x,above,>=7% (volatile),<5% of range,<1.5x,same direction,same direction,same direction,opposite,not a trend day,none,Thu
2025-05-09,val,-1,SOXS,620,1.5056,10:01-10:30,bearish,"against, >1%",<2%,<0.8x,above,>=7% (volatile),>=15% of range,<1.5x,same direction,same direction,same direction,opposite,not a trend day,none,Fri
2025-05-12,val,1,SOXL,734,-71.3977,after 12:00,bullish (SOXL),"with, >3%",3-4.5%,>=1.6x,above,>=7% (volatile),<5% of range,1.5-3x,same direction,same direction,opposite,same direction,not a trend day,none,Mon
2025-05-13,val,1,SOXL,595,390.7428,09:51-10:00,bullish (SOXL),"with, 1-3%",3-4.5%,0.8-1.2x,above,>=7% (volatile),<5% of range,<1.5x,same direction,same direction,same direction,same direction,not a trend day,08:30 data (CPI/jobs),Tue
2025-05-14,val,-1,SOXS,587,24.6078,09:51-10:00,bearish,"against, >1%",2-3%,0.8-1.2x,above,>=7% (volatile),>=15% of range,<1.5x,same direction,opposite,opposite,opposite,trend day (>=2%),none,Wed
2025-05-15,val,-1,SOXS,586,-270.2277,09:51-10:00,bearish,"with, 1-3%",2-3%,<0.8x,above,>=7% (volatile),5-15%,<1.5x,same direction,same direction,opposite,same direction,not a trend day,none,Thu
2025-05-16,val,-1,SOXS,641,-233.2714,10:31-12:00,bearish,"against, 0-1%",3-4.5%,<0.8x,above,>=7% (volatile),<5% of range,<1.5x,same direction,same direction,same direction,opposite,not a trend day,none,Fri
2025-05-19,val,1,SOXL,602,87.3405,10:01-10:30,bullish (SOXL),"against, >1%",3-4.5%,0.8-1.2x,above,5-7%,5-15%,<1.5x,same direction,same direction,same direction,opposite,not a trend day,none,Mon
2025-05-20,val,1,SOXL,595,-156.5754,09:51-10:00,bullish (SOXL),"against, >1%",<2%,<0.8x,above,5-7%,>=15% of range,<1.5x,same direction,opposite,same direction,opposite,not a trend day,none,Tue
2025-05-21,val,1,SOXL,593,-249.2360,09:51-10:00,bullish (SOXL),"against, >1%",2-3%,<0.8x,above,5-7%,<5% of range,<1.5x,same direction,same direction,same direction,opposite,not a trend day,none,Wed
2025-05-22,val,1,SOXL,593,-237.9486,09:51-10:00,bullish (SOXL),"against, 0-1%",2-3%,<0.8x,above,5-7%,5-15%,<1.5x,same direction,same direction,same direction,opposite,not a trend day,none,Thu
2025-05-23,val,1,SOXL,613,72.2827,10:01-10:30,bullish (SOXL),"against, >1%",3-4.5%,0.8-1.2x,above,5-7%,5-15%,1.5-3x,same direction,same direction,same direction,opposite,not a trend day,none,Fri
2025-05-27,val,1,SOXL,586,243.4656,09:51-10:00,bullish (SOXL),"with, >3%",2-3%,0.8-1.2x,above,5-7%,<5% of range,<1.5x,same direction,opposite,opposite,same direction,not a trend day,none,Tue
2025-05-28,val,-1,SOXS,591,137.7880,09:51-10:00,bearish,"against, 0-1%",<2%,<0.8x,above,5-7%,5-15%,<1.5x,same direction,same direction,same direction,opposite,not a trend day,none,Wed
2025-05-29,val,-1,SOXS,589,261.9807,09:51-10:00,bearish,"against, >1%",3-4.5%,0.8-1.2x,above,5-7%,5-15%,<1.5x,same direction,same direction,same direction,opposite,not a trend day,chip earnings reaction,Thu
2025-05-30,val,-1,SOXS,592,-40.2818,09:51-10:00,bearish,"with, 1-3%",>=4.5%,0.8-1.2x,above,5-7%,5-15%,1.5-3x,same direction,same direction,same direction,same direction,not a trend day,none,Fri
2025-06-02,val,1,SOXL,775,79.8267,after 12:00,bullish (SOXL),"against, 0-1%",3-4.5%,<0.8x,above,5-7%,<5% of range,<1.5x,same direction,same direction,same direction,opposite,not a trend day,none,Mon
2025-06-03,val,1,SOXL,588,624.4042,09:51-10:00,bullish (SOXL),"with, 0-1%",3-4.5%,<0.8x,above,5-7%,5-15%,<1.5x,same direction,same direction,same direction,same direction,not a trend day,none,Tue
2025-06-04,val,-1,SOXS,601,-359.8838,10:01-10:30,bearish,"against, >1%",2-3%,0.8-1.2x,above,5-7%,5-15%,1.5-3x,same direction,same direction,same direction,opposite,trend day (>=2%),none,Wed
2025-06-05,val,-1,SOXS,586,-236.5146,09:51-10:00,bearish,"against, >1%",<2%,0.8-1.2x,above,5-7%,5-15%,<1.5x,same direction,same direction,same direction,opposite,not a trend day,none,Thu
2025-06-06,val,1,SOXL,587,-257.6877,09:51-10:00,bullish (SOXL),"with, >3%",2-3%,<0.8x,above,5-7%,<5% of range,<1.5x,same direction,same direction,same direction,same direction,not a trend day,chip earnings reaction,Fri
2025-06-09,val,1,SOXL,602,40.4570,10:01-10:30,bullish (SOXL),"with, 1-3%",3-4.5%,1.2-1.6x,above,5-7%,5-15%,1.5-3x,same direction,same direction,same direction,same direction,not a trend day,none,Mon
2025-06-10,val,1,SOXL,590,362.1943,09:51-10:00,bullish (SOXL),"with, 1-3%",<2%,<0.8x,above,5-7%,<5% of range,<1.5x,same direction,opposite,same direction,same direction,not a trend day,none,Tue
2025-06-12,val,1,SOXL,608,-7.8645,10:01-10:30,bullish (SOXL),"against, >1%",2-3%,<0.8x,above,5-7%,5-15%,1.5-3x,same direction,same direction,same direction,opposite,not a trend day,08:30 data (CPI/jobs),Thu
2025-06-16,val,1,SOXL,589,290.9322,09:51-10:00,bullish (SOXL),"with, >3%",<2%,0.8-1.2x,above,5-7%,5-15%,<1.5x,same direction,same direction,same direction,same direction,not a trend day,none,Mon
2025-06-17,val,1,SOXL,588,-274.9678,09:51-10:00,bullish (SOXL),"against, >1%",2-3%,<0.8x,above,5-7%,5-15%,<1.5x,same direction,opposite,opposite,opposite,not a trend day,none,Tue
2025-06-18,val,1,SOXL,593,-222.4354,09:51-10:00,bullish (SOXL),"with, 1-3%",<2%,<0.8x,above,5-7%,5-15%,<1.5x,same direction,same direction,same direction,same direction,not a trend day,FOMC day,Wed
2025-06-23,val,1,SOXL,601,-257.2162,10:01-10:30,bullish (SOXL),"against, 0-1%",2-3%,0.8-1.2x,above,5-7%,5-15%,<1.5x,same direction,same direction,same direction,opposite,not a trend day,none,Mon
2025-06-24,val,1,SOXL,586,218.9610,09:51-10:00,bullish (SOXL),"with, >3%",2-3%,1.2-1.6x,above,5-7%,>=15% of range,1.5-3x,same direction,same direction,same direction,same direction,not a trend day,none,Tue
2025-06-27,val,1,SOXL,601,-263.1924,10:01-10:30,bullish (SOXL),"with, 0-1%",2-3%,<0.8x,above,5-7%,5-15%,<1.5x,same direction,same direction,same direction,same direction,not a trend day,chip earnings reaction,Fri
2025-07-02,val,1,SOXL,607,473.5656,10:01-10:30,bullish (SOXL),"against, 0-1%",<2%,<0.8x,above,5-7%,<5% of range,<1.5x,same direction,same direction,same direction,opposite,not a trend day,none,Wed
2025-07-03,val,1,SOXL,624,-175.0530,10:01-10:30,bullish (SOXL),"with, 1-3%",<2%,<0.8x,above,5-7%,5-15%,<1.5x,same direction,same direction,same direction,same direction,trend day (>=2%),08:30 data (CPI/jobs),Thu
2025-07-08,val,1,SOXL,592,176.4161,09:51-10:00,bullish (SOXL),"with, 1-3%",2-3%,<0.8x,above,5-7%,<5% of range,<1.5x,same direction,opposite,opposite,same direction,not a trend day,none,Tue
2025-07-11,val,1,SOXL,625,85.9934,10:01-10:30,bullish (SOXL),"against, >1%",<2%,<0.8x,above,5-7%,5-15%,<1.5x,same direction,same direction,same direction,opposite,not a trend day,none,Fri
2025-07-14,val,1,SOXL,785,-49.5980,after 12:00,bullish (SOXL),"against, >1%",>=4.5%,>=1.6x,above,5-7%,<5% of range,<1.5x,same direction,opposite,same direction,opposite,not a trend day,none,Mon
2025-07-17,val,1,SOXL,593,99.0478,09:51-10:00,bullish (SOXL),"against, 0-1%",2-3%,0.8-1.2x,above,5-7%,5-15%,<1.5x,same direction,same direction,same direction,opposite,not a trend day,none,Thu
2025-07-21,val,1,SOXL,601,-231.4585,10:01-10:30,bullish (SOXL),"with, 0-1%",2-3%,0.8-1.2x,above,5-7%,5-15%,<1.5x,same direction,opposite,same direction,same direction,not a trend day,none,Mon
2025-07-25,val,1,SOXL,603,98.1100,10:01-10:30,bullish (SOXL),"against, >1%",<2%,0.8-1.2x,above,<5% (calm),<5% of range,<1.5x,same direction,same direction,same direction,opposite,not a trend day,none,Fri
2025-07-28,val,1,SOXL,586,14.1106,09:51-10:00,bullish (SOXL),"with, >3%",<2%,0.8-1.2x,above,<5% (calm),>=15% of range,<1.5x,same direction,same direction,same direction,same direction,not a trend day,none,Mon
2025-07-29,val,1,SOXL,601,-216.9891,10:01-10:30,bullish (SOXL),"with, 1-3%",2-3%,0.8-1.2x,above,<5% (calm),<5% of range,>=3x,same direction,same direction,opposite,same direction,not a trend day,none,Tue
2025-07-30,val,1,SOXL,622,-136.7975,10:01-10:30,bullish (SOXL),"with, 1-3%",<2%,0.8-1.2x,above,<5% (calm),<5% of range,<1.5x,same direction,same direction,same direction,same direction,not a trend day,FOMC day,Wed
2025-08-04,val,1,SOXL,587,25.2660,09:51-10:00,bullish (SOXL),"with, 1-3%",2-3%,0.8-1.2x,above,<5% (calm),<5% of range,<1.5x,same direction,same direction,same direction,same direction,not a trend day,none,Mon
2025-08-05,val,1,SOXL,586,-214.1047,09:51-10:00,bullish (SOXL),"with, 1-3%",<2%,<0.8x,above,<5% (calm),>=15% of range,<1.5x,same direction,same direction,same direction,same direction,not a trend day,none,Tue
2025-08-08,val,1,SOXL,586,49.9933,09:51-10:00,bullish (SOXL),"with, 0-1%",2-3%,<0.8x,above,<5% (calm),>=15% of range,<1.5x,same direction,same direction,same direction,same direction,not a trend day,none,Fri
2025-08-11,val,1,SOXL,587,-294.2536,09:51-10:00,bullish (SOXL),"with, 1-3%",2-3%,0.8-1.2x,above,<5% (calm),<5% of range,<1.5x,same direction,same direction,same direction,same direction,not a trend day,none,Mon
2025-08-12,val,1,SOXL,608,594.5741,10:01-10:30,bullish (SOXL),"with, 1-3%",2-3%,0.8-1.2x,above,<5% (calm),<5% of range,1.5-3x,same direction,opposite,opposite,same direction,not a trend day,08:30 data (CPI/jobs),Tue
2025-08-13,val,1,SOXL,589,-193.3402,09:51-10:00,bullish (SOXL),"with, 1-3%",<2%,0.8-1.2x,above,<5% (calm),<5% of range,1.5-3x,same direction,same direction,opposite,same direction,trend day (>=2%),none,Wed
2025-08-14,val,1,SOXL,632,296.5201,10:31-12:00,bullish (SOXL),"against, >1%",2-3%,0.8-1.2x,above,<5% (calm),<5% of range,<1.5x,same direction,same direction,same direction,opposite,not a trend day,08:30 data (CPI/jobs),Thu
2025-08-18,val,1,SOXL,586,-2.6009,09:51-10:00,bullish (SOXL),"against, 0-1%",<2%,<0.8x,above,5-7%,<5% of range,<1.5x,same direction,same direction,same direction,opposite,not a trend day,none,Mon
2025-08-19,val,1,SOXL,605,-206.3241,10:01-10:30,bullish (SOXL),"with, 0-1%",<2%,<0.8x,above,5-7%,>=15% of range,1.5-3x,same direction,opposite,opposite,same direction,not a trend day,none,Tue
2025-08-22,val,1,SOXL,586,478.3425,09:51-10:00,bullish (SOXL),"with, 0-1%",2-3%,<0.8x,above,5-7%,5-15%,<1.5x,same direction,same direction,same direction,same direction,not a trend day,none,Fri
2025-08-26,val,1,SOXL,618,-45.2637,10:01-10:30,bullish (SOXL),"with, 0-1%",<2%,<0.8x,above,5-7%,5-15%,<1.5x,same direction,same direction,same direction,same direction,not a trend day,none,Tue
2025-08-27,val,1,SOXL,694,110.8240,10:31-12:00,bullish (SOXL),"against, >1%",<2%,<0.8x,above,5-7%,5-15%,<1.5x,same direction,opposite,same direction,opposite,not a trend day,none,Wed
2025-09-02,val,1,SOXL,587,293.2162,09:51-10:00,bullish (SOXL),"against, >1%",2-3%,>=1.6x,above,5-7%,<5% of range,<1.5x,same direction,same direction,same direction,opposite,not a trend day,none,Tue
2025-09-04,val,1,SOXL,613,450.6402,10:01-10:30,bullish (SOXL),"against, >1%",<2%,0.8-1.2x,above,5-7%,<5% of range,<1.5x,same direction,opposite,opposite,opposite,not a trend day,08:30 data (CPI/jobs),Thu
2025-09-05,val,1,SOXL,599,-212.6504,09:51-10:00,bullish (SOXL),"with, >3%",2-3%,1.2-1.6x,above,5-7%,<5% of range,1.5-3x,same direction,opposite,opposite,same direction,not a trend day,chip earnings reaction,Fri
2025-09-08,val,1,SOXL,637,-173.6741,10:31-12:00,bullish (SOXL),"with, 1-3%",<2%,0.8-1.2x,above,5-7%,5-15%,<1.5x,same direction,same direction,same direction,same direction,not a trend day,none,Mon
2025-09-10,val,1,SOXL,672,-216.2697,10:31-12:00,bullish (SOXL),"with, >3%",2-3%,1.2-1.6x,above,5-7%,<5% of range,<1.5x,same direction,same direction,opposite,same direction,not a trend day,08:30 data (CPI/jobs),Wed
2025-09-15,val,1,SOXL,587,157.4471,09:51-10:00,bullish (SOXL),"against, 0-1%",<2%,0.8-1.2x,above,<5% (calm),5-15%,<1.5x,same direction,same direction,same direction,opposite,not a trend day,none,Mon
2025-09-17,val,1,SOXL,589,-124.2245,09:51-10:00,bullish (SOXL),"against, 0-1%",<2%,<0.8x,above,<5% (calm),<5% of range,<1.5x,same direction,opposite,opposite,opposite,not a trend day,FOMC day,Wed
2025-09-18,val,1,SOXL,591,173.9817,09:51-10:00,bullish (SOXL),"with, >3%",<2%,1.2-1.6x,above,<5% (calm),>=15% of range,>=3x,same direction,opposite,same direction,same direction,not a trend day,chip earnings reaction,Thu
2025-09-22,val,1,SOXL,599,130.2027,09:51-10:00,bullish (SOXL),"with, 0-1%",2-3%,0.8-1.2x,above,<5% (calm),5-15%,1.5-3x,same direction,same direction,same direction,same direction,not a trend day,none,Mon
2025-09-23,val,1,SOXL,593,-208.5565,09:51-10:00,bullish (SOXL),"with, 0-1%",<2%,<0.8x,above,<5% (calm),5-15%,<1.5x,same direction,opposite,opposite,same direction,not a trend day,none,Tue
2025-09-24,val,1,SOXL,587,-166.6104,09:51-10:00,bullish (SOXL),"against, 0-1%",<2%,<0.8x,above,<5% (calm),5-15%,<1.5x,same direction,opposite,opposite,opposite,not a trend day,chip earnings reaction,Wed
2025-09-25,val,1,SOXL,607,389.9428,10:01-10:30,bullish (SOXL),"against, >1%",3-4.5%,0.8-1.2x,above,<5% (calm),<5% of range,1.5-3x,same direction,same direction,opposite,opposite,not a trend day,08:30 data (CPI/jobs),Thu
2025-09-29,val,1,SOXL,586,-117.9432,09:51-10:00,bullish (SOXL),"with, 1-3%",<2%,0.8-1.2x,above,<5% (calm),5-15%,<1.5x,same direction,same direction,same direction,same direction,not a trend day,none,Mon
2025-09-30,val,1,SOXL,604,-228.3799,10:01-10:30,bullish (SOXL),"with, 0-1%",2-3%,<0.8x,above,<5% (calm),5-15%,<1.5x,same direction,same direction,opposite,same direction,not a trend day,none,Tue
2025-10-01,val,1,SOXL,604,595.6299,10:01-10:30,bullish (SOXL),"against, >1%",<2%,<0.8x,above,<5% (calm),>=15% of range,<1.5x,same direction,opposite,same direction,opposite,not a trend day,none,Wed
2025-10-02,val,1,SOXL,806,-21.0180,after 12:00,bullish (SOXL),"with, >3%",2-3%,1.2-1.6x,above,<5% (calm),<5% of range,<1.5x,same direction,opposite,opposite,same direction,trend day (>=2%),none,Thu
2025-10-06,val,1,SOXL,587,-246.7364,09:51-10:00,bullish (SOXL),"with, >3%",2-3%,>=1.6x,above,<5% (calm),<5% of range,>=3x,same direction,same direction,opposite,same direction,not a trend day,none,Mon
2025-10-08,val,1,SOXL,586,687.3480,09:51-10:00,bullish (SOXL),"with, 0-1%",2-3%,0.8-1.2x,above,<5% (calm),<5% of range,<1.5x,same direction,same direction,same direction,same direction,trend day (>=2%),none,Wed
2025-10-13,val,1,SOXL,593,112.1155,09:51-10:00,bullish (SOXL),"with, >3%",3-4.5%,1.2-1.6x,above,<5% (calm),5-15%,1.5-3x,same direction,same direction,same direction,same direction,trend day (>=2%),08:30 data (CPI/jobs),Mon
2025-10-14,val,1,SOXL,622,-130.9180,10:01-10:30,bullish (SOXL),"against, >1%",3-4.5%,1.2-1.6x,above,<5% (calm),5-15%,1.5-3x,same direction,opposite,same direction,opposite,not a trend day,none,Tue
2025-10-15,val,1,SOXL,608,-347.8470,10:01-10:30,bullish (SOXL),"with, >3%",3-4.5%,0.8-1.2x,above,5-7%,<5% of range,1.5-3x,same direction,opposite,same direction,same direction,not a trend day,none,Wed
2025-10-17,val,1,SOXL,596,-329.1488,09:51-10:00,bullish (SOXL),"against, >1%",2-3%,0.8-1.2x,above,5-7%,5-15%,1.5-3x,same direction,same direction,same direction,opposite,not a trend day,none,Fri
2025-10-20,val,1,SOXL,606,-33.4490,10:01-10:30,bullish (SOXL),"with, 1-3%",3-4.5%,0.8-1.2x,above,5-7%,<5% of range,1.5-3x,same direction,opposite,same direction,same direction,not a trend day,none,Mon
2025-10-22,val,1,SOXL,592,-250.2275,09:51-10:00,bullish (SOXL),"against, >1%",2-3%,<0.8x,above,5-7%,5-15%,<1.5x,same direction,same direction,same direction,opposite,not a trend day,none,Wed
2025-10-23,val,1,SOXL,586,340.3226,09:51-10:00,bullish (SOXL),"against, >1%",>=4.5%,0.8-1.2x,above,5-7%,5-15%,<1.5x,same direction,same direction,same direction,opposite,not a trend day,none,Thu
2025-10-29,val,1,SOXL,592,-183.4560,09:51-10:00,bullish (SOXL),"with, >3%",<2%,1.2-1.6x,above,5-7%,5-15%,1.5-3x,same direction,same direction,same direction,same direction,not a trend day,FOMC day,Wed
2025-10-30,val,1,SOXL,589,-253.8438,09:51-10:00,bullish (SOXL),"against, >1%",3-4.5%,0.8-1.2x,above,5-7%,<5% of range,<1.5x,same direction,opposite,opposite,opposite,not a trend day,none,Thu
2025-10-31,val,1,SOXL,636,-218.2208,10:31-12:00,bullish (SOXL),"with, 1-3%",2-3%,<0.8x,above,5-7%,<5% of range,<1.5x,same direction,opposite,opposite,same direction,not a trend day,none,Fri
2025-11-04,val,1,SOXL,589,-389.7471,09:51-10:00,bullish (SOXL),"against, >1%",3-4.5%,1.2-1.6x,above,5-7%,<5% of range,<1.5x,same direction,opposite,same direction,opposite,not a trend day,none,Tue
2025-11-05,val,1,SOXL,587,594.9933,09:51-10:00,bullish (SOXL),"with, 0-1%",2-3%,1.2-1.6x,above,5-7%,5-15%,<1.5x,same direction,same direction,same direction,same direction,not a trend day,chip earnings reaction,Wed
2025-11-14,val,1,SOXL,586,180.5184,09:51-10:00,bullish (SOXL),"against, >1%",>=4.5%,>=1.6x,above,5-7%,5-15%,1.5-3x,same direction,same direction,same direction,opposite,trend day (>=2%),none,Fri
2025-11-17,val,1,SOXL,588,-564.4092,09:51-10:00,bullish (SOXL),"against, >1%",>=4.5%,0.8-1.2x,above,5-7%,<5% of range,<1.5x,same direction,same direction,same direction,opposite,trend day (>=2%),none,Mon
2025-11-19,val,1,SOXL,589,-355.5346,09:51-10:00,bullish (SOXL),"with, 1-3%",3-4.5%,0.8-1.2x,below,>=7% (volatile),<5% of range,<1.5x,same direction,same direction,same direction,same direction,not a trend day,none,Wed
2025-11-24,val,1,SOXL,588,526.2569,09:51-10:00,bullish (SOXL),"with, >3%",>=4.5%,1.2-1.6x,below,>=7% (volatile),5-15%,1.5-3x,same direction,opposite,same direction,same direction,not a trend day,none,Mon
2025-11-26,val,1,SOXL,591,322.9724,09:51-10:00,bullish (SOXL),"with, >3%",2-3%,0.8-1.2x,above,>=7% (volatile),5-15%,<1.5x,same direction,opposite,same direction,same direction,not a trend day,none,Wed
2025-11-28,val,1,SOXL,589,160.1231,09:51-10:00,bullish (SOXL),"with, 1-3%",<2%,<0.8x,above,>=7% (volatile),>=15% of range,<1.5x,same direction,opposite,same direction,same direction,not a trend day,none,Fri
2025-12-01,val,1,SOXL,587,305.8270,09:51-10:00,bullish (SOXL),"against, >1%",<2%,<0.8x,above,>=7% (volatile),5-15%,<1.5x,same direction,same direction,same direction,opposite,not a trend day,none,Mon
2025-12-02,val,1,SOXL,592,-463.8376,09:51-10:00,bullish (SOXL),"with, >3%",>=4.5%,1.2-1.6x,above,>=7% (volatile),<5% of range,<1.5x,same direction,same direction,same direction,same direction,not a trend day,none,Tue
2025-12-03,val,1,SOXL,605,385.5804,10:01-10:30,bullish (SOXL),"with, 1-3%",3-4.5%,0.8-1.2x,above,>=7% (volatile),5-15%,<1.5x,same direction,opposite,same direction,same direction,not a trend day,none,Wed
2025-12-05,val,1,SOXL,603,-276.5342,10:01-10:30,bullish (SOXL),"with, 1-3%",2-3%,0.8-1.2x,above,>=7% (volatile),5-15%,<1.5x,same direction,opposite,same direction,same direction,not a trend day,none,Fri
2025-12-09,val,1,SOXL,639,64.7855,10:31-12:00,bullish (SOXL),"against, >1%",2-3%,<0.8x,above,>=7% (volatile),<5% of range,<1.5x,same direction,opposite,same direction,opposite,not a trend day,none,Tue
2025-12-10,val,1,SOXL,588,373.4171,09:51-10:00,bullish (SOXL),"against, 0-1%",2-3%,<0.8x,above,>=7% (volatile),<5% of range,<1.5x,same direction,opposite,same direction,opposite,not a trend day,chip earnings reaction,Wed
2025-12-19,val,1,SOXL,589,24.6309,09:51-10:00,bullish (SOXL),"with, 1-3%",>=4.5%,1.2-1.6x,below,5-7%,<5% of range,<1.5x,same direction,same direction,same direction,same direction,not a trend day,none,Fri
2025-12-24,val,1,SOXL,616,-28.7655,10:01-10:30,bullish (SOXL),"with, 0-1%",<2%,<0.8x,above,5-7%,5-15%,<1.5x,same direction,same direction,same direction,same direction,not a trend day,none,Wed
2025-12-30,val,1,SOXL,665,-153.4115,10:31-12:00,bullish (SOXL),"with, 0-1%",<2%,<0.8x,above,5-7%,<5% of range,<1.5x,same direction,opposite,same direction,same direction,not a trend day,none,Tue
