ticker,period,tod,event,H_min,n_events,n_days,mean_signed_fwd_bps,median_signed_fwd_bps,t_clustered,pct_continuation,pct_zero
SOXL,secondary,09:31-10:00,all_nonzero_1m,1,19569,685,0.634213,0,2.00261,50.6145,1.45127
SOXL,secondary,09:31-10:00,all_nonzero_1m,5,19569,685,-0.920967,-0.0513609,-1.41729,49.494,0.0153304
SOXL,secondary,09:31-10:00,all_nonzero_1m,15,19569,685,-0.00722392,2.74952,-0.00655437,50.8304,0
SOXL,secondary,09:31-10:00,all_nonzero_1m,30,19569,685,0.757002,2.42984,0.500371,50.5315,0.00511012
SOXL,secondary,09:31-10:00,1m_|z|>=2,1,1061,458,2.93024,0,1.61303,50.5725,1.22526
SOXL,secondary,09:31-10:00,1m_|z|>=2,5,1061,458,-4.61896,-2.75881,-1.29821,48.6334,0
SOXL,secondary,09:31-10:00,1m_|z|>=2,15,1061,458,-5.06802,-1.05552,-0.790716,49.5759,0
SOXL,secondary,09:31-10:00,1m_|z|>=2,30,1061,458,-6.53867,-11.8948,-0.728785,47.6909,0
SOXL,secondary,09:31-10:00,1m_|z|>=3,1,190,133,1.88613,1.38249,0.307138,50.7937,0.526316
SOXL,secondary,09:31-10:00,1m_|z|>=3,5,190,133,-6.51413,-4.4903,-0.698649,47.8947,0
SOXL,secondary,09:31-10:00,1m_|z|>=3,15,190,133,-0.222147,-4.03938,-0.0113095,47.3684,0
SOXL,secondary,09:31-10:00,1m_|z|>=3,30,190,133,9.19836,0.164116,0.355134,50,0
SOXL,secondary,10:00-15:30,all_nonzero_1m,1,219380,685,0.149794,0,2.94422,49.4903,2.88085
SOXL,secondary,10:00-15:30,all_nonzero_1m,5,219380,685,-0.119338,-5.55112e-13,-1.0834,49.7602,0.0246148
SOXL,secondary,10:00-15:30,all_nonzero_1m,15,219380,685,0.0341563,4.0766e-13,0.184939,50.0586,0.00683745
SOXL,secondary,10:00-15:30,all_nonzero_1m,30,219380,685,0.198616,3.46945e-13,0.750903,50.0294,0.00501413
SOXL,secondary,10:00-15:30,1m_|z|>=2,1,12403,668,0.620076,0,1.94386,49.1733,1.98339
SOXL,secondary,10:00-15:30,1m_|z|>=2,5,12403,668,1.55005,2.08167e-13,2.17341,50.0685,0.0161251
SOXL,secondary,10:00-15:30,1m_|z|>=2,15,12403,668,0.600403,-2.42861e-12,0.537091,49.7944,0
SOXL,secondary,10:00-15:30,1m_|z|>=2,30,12403,668,2.33806,9.02056e-13,1.31717,50.0202,0
SOXL,secondary,10:00-15:30,1m_|z|>=3,1,3069,489,1.16475,0,1.46061,50,1.53144
SOXL,secondary,10:00-15:30,1m_|z|>=3,5,3069,489,2.16057,4.51028e-13,1.52593,50.1793,0.0651678
SOXL,secondary,10:00-15:30,1m_|z|>=3,15,3069,489,-1.43724,-2.19443e-12,-0.586801,49.8534,0
SOXL,secondary,10:00-15:30,1m_|z|>=3,30,3069,489,2.73545,-1.00614e-12,0.722636,49.9837,0
SOXL,secondary,all_to_15:30,all_nonzero_1m,1,238949,685,0.189466,0,3.60963,49.5836,2.76377
SOXL,secondary,all_to_15:30,all_nonzero_1m,5,238949,685,-0.184988,-6.59195e-13,-1.61874,49.7384,0.0238545
SOXL,secondary,all_to_15:30,all_nonzero_1m,15,238949,685,0.0307674,8.32667e-13,0.164655,50.1218,0.00627749
SOXL,secondary,all_to_15:30,all_nonzero_1m,30,238949,685,0.244345,9.71445e-13,0.903057,50.0705,0.00502199
SOXL,secondary,all_to_15:30,1m_|z|>=2,1,13464,673,0.802123,0,2.58068,49.2844,1.92365
SOXL,secondary,all_to_15:30,1m_|z|>=2,5,13464,673,1.06392,-1.38778e-13,1.48377,49.9554,0.0148544
SOXL,secondary,all_to_15:30,1m_|z|>=2,15,13464,673,0.153716,-2.97505e-12,0.13767,49.7772,0
SOXL,secondary,all_to_15:30,1m_|z|>=2,30,13464,673,1.63855,-3.81639e-12,0.956782,49.8366,0
SOXL,secondary,all_to_15:30,1m_|z|>=3,1,3259,510,1.20681,0,1.55935,50.0467,1.47284
SOXL,secondary,all_to_15:30,1m_|z|>=3,5,3259,510,1.65484,6.93889e-14,1.14242,50.0461,0.0613685
SOXL,secondary,all_to_15:30,1m_|z|>=3,15,3259,510,-1.3664,-0.0485438,-0.595131,49.7085,0
SOXL,secondary,all_to_15:30,1m_|z|>=3,30,3259,510,3.11224,-1.00614e-12,0.875398,49.9847,0
SOXL,secondary,09:35-10:00,all_nonzero_5m,1,3425,685,0.0480278,0,0.0609934,50.5781,1.51825
SOXL,secondary,09:35-10:00,all_nonzero_5m,5,3425,685,-0.910517,-2.34935,-0.579775,48.9778,0.0291971
SOXL,secondary,09:35-10:00,all_nonzero_5m,15,3425,685,0.593504,2.74952,0.235584,50.8029,0
SOXL,secondary,09:35-10:00,all_nonzero_5m,30,3425,685,-0.768731,2.45912,-0.231216,50.6569,0
SOXL,secondary,09:35-10:00,5m_|z|>=2,1,176,150,-3.17214,-0.612107,-0.500862,49.4253,1.13636
SOXL,secondary,09:35-10:00,5m_|z|>=2,5,176,150,-23.0009,-11.0126,-2.28107,46.5909,0
SOXL,secondary,09:35-10:00,5m_|z|>=2,15,176,150,-15.1862,-23.7823,-1.36401,43.1818,0
SOXL,secondary,09:35-10:00,5m_|z|>=2,30,176,150,-31.9037,-38.7444,-2.10406,44.8864,0
SOXL,secondary,09:35-10:00,5m_|z|>=3,1,23,21,-46.0576,-11.8638,-1.34709,26.087,0
SOXL,secondary,09:35-10:00,5m_|z|>=3,5,23,21,-59.6344,-50.6931,-1.2385,39.1304,0
SOXL,secondary,09:35-10:00,5m_|z|>=3,15,23,21,-25.3578,-31.4459,-0.798499,43.4783,0
SOXL,secondary,09:35-10:00,5m_|z|>=3,30,23,21,-94.4289,-87.9771,-2.02453,43.4783,0
SOXL,secondary,10:00-15:30,all_nonzero_5m,1,45209,685,-0.00984081,0,-0.0863939,49.4954,2.90208
SOXL,secondary,10:00-15:30,all_nonzero_5m,5,45209,685,-0.145285,-9.71445e-13,-0.583341,49.6117,0.0265434
SOXL,secondary,10:00-15:30,all_nonzero_5m,15,45209,685,0.15383,1.04517e-12,0.368345,50.1604,0.0132717
SOXL,secondary,10:00-15:30,all_nonzero_5m,30,45209,685,1.63764,0.863835,2.6863,50.5774,0.00663585
SOXL,secondary,10:00-15:30,5m_|z|>=2,1,2624,545,0.324028,0,0.481841,49.2236,1.82927
SOXL,secondary,10:00-15:30,5m_|z|>=2,5,2624,545,-1.23473,-0.8091,-0.775176,49.1422,0.0381098
SOXL,secondary,10:00-15:30,5m_|z|>=2,15,2624,545,-2.40005,-0.153044,-0.990988,49.6951,0
SOXL,secondary,10:00-15:30,5m_|z|>=2,30,2624,545,3.44316,1.96751,0.911959,50.686,0
SOXL,secondary,10:00-15:30,5m_|z|>=3,1,645,258,-0.580494,-1.34676,-0.338224,48.8189,1.55039
SOXL,secondary,10:00-15:30,5m_|z|>=3,5,645,258,-5.14494,-1.96676,-1.18544,48.8372,0
SOXL,secondary,10:00-15:30,5m_|z|>=3,15,645,258,-4.29227,1.86529,-0.781397,51.0078,0
SOXL,secondary,10:00-15:30,5m_|z|>=3,30,645,258,12.8946,16.8096,1.47834,52.8682,0
SOXL,secondary,all_to_15:30,all_nonzero_5m,1,48634,685,-0.00576547,0,-0.0451742,49.5727,2.80462
SOXL,secondary,all_to_15:30,all_nonzero_5m,5,48634,685,-0.199176,-1.17961e-12,-0.763314,49.5671,0.0267303
SOXL,secondary,all_to_15:30,all_nonzero_5m,15,48634,685,0.184794,1.71738e-12,0.432007,50.2056,0.012337
SOXL,secondary,all_to_15:30,all_nonzero_5m,30,48634,685,1.46817,0.90905,2.34901,50.583,0.00616852
SOXL,secondary,all_to_15:30,5m_|z|>=2,1,2800,561,0.104269,0,0.128352,49.2364,1.78571
SOXL,secondary,all_to_15:30,5m_|z|>=2,5,2800,561,-2.60289,-1.65494,-1.53218,48.9818,0.0357143
SOXL,secondary,all_to_15:30,5m_|z|>=2,15,2800,561,-3.20376,-1.96314,-1.30363,49.2857,0
SOXL,secondary,all_to_15:30,5m_|z|>=2,30,2800,561,1.22136,0.376695,0.329047,50.3214,0
SOXL,secondary,all_to_15:30,5m_|z|>=3,1,668,265,-2.14632,-2.25986,-1.01243,48.0243,1.49701
SOXL,secondary,all_to_15:30,5m_|z|>=3,5,668,265,-7.02107,-2.42891,-1.43365,48.503,0
SOXL,secondary,all_to_15:30,5m_|z|>=3,15,668,265,-5.01758,1.20496,-0.887491,50.7485,0
SOXL,secondary,all_to_15:30,5m_|z|>=3,30,668,265,9.19934,16.4239,1.02653,52.5449,0
SOXL,primary,09:31-10:00,all_nonzero_1m,1,14159,493,0.739767,0.0389559,1.70701,50.585,0.995833
SOXL,primary,09:31-10:00,all_nonzero_1m,5,14159,493,0.340147,-0.144776,0.363526,49.721,0
SOXL,primary,09:31-10:00,all_nonzero_1m,15,14159,493,1.64113,-0.0397773,1.02849,49.8905,0
SOXL,primary,09:31-10:00,all_nonzero_1m,30,14159,493,1.23603,-0.47768,0.596139,49.8411,0
SOXL,primary,09:31-10:00,1m_|z|>=2,1,789,311,8.41205,9.62619,3.78502,55.1857,1.01394
SOXL,primary,09:31-10:00,1m_|z|>=2,5,789,311,6.25962,9.02283,1.02177,52.8517,0
SOXL,primary,09:31-10:00,1m_|z|>=2,15,789,311,6.29049,-8.58827,0.489733,48.7959,0
SOXL,primary,09:31-10:00,1m_|z|>=2,30,789,311,9.81294,-6.78963,0.569467,49.0494,0
SOXL,primary,09:31-10:00,1m_|z|>=3,1,157,98,13.0325,20.8392,1.95861,57.9618,0
SOXL,primary,09:31-10:00,1m_|z|>=3,5,157,98,16.5869,22.0735,1.01339,55.414,0
SOXL,primary,09:31-10:00,1m_|z|>=3,15,157,98,-16.0818,-30.1599,-0.543119,43.3121,0
SOXL,primary,09:31-10:00,1m_|z|>=3,30,157,98,5.3085,-31.4167,0.116686,45.8599,0
SOXL,primary,10:00-15:30,all_nonzero_1m,1,159430,493,-0.0610513,0,-0.807877,49.5576,1.95509
SOXL,primary,10:00-15:30,all_nonzero_1m,5,159430,493,-0.0761826,-0.0349589,-0.504287,49.4994,0.0112902
SOXL,primary,10:00-15:30,all_nonzero_1m,15,159430,493,-0.101954,-0.128999,-0.399194,49.6396,0.00439064
SOXL,primary,10:00-15:30,all_nonzero_1m,30,159430,493,-0.169225,-0.916517,-0.430948,49.554,0.00376341
SOXL,primary,10:00-15:30,1m_|z|>=2,1,9396,449,-0.160518,-0.0976918,-0.302137,49.1179,1.06428
SOXL,primary,10:00-15:30,1m_|z|>=2,5,9396,449,1.76801,-1.62197e-12,1.94726,49.8084,0
SOXL,primary,10:00-15:30,1m_|z|>=2,15,9396,449,0.820425,-2.12834,0.453835,49.1166,0
SOXL,primary,10:00-15:30,1m_|z|>=2,30,9396,449,-0.332727,-5.37307,-0.104145,48.4674,0
SOXL,primary,10:00-15:30,1m_|z|>=3,1,2802,302,-0.413411,-0.0417993,-0.392694,49.3333,0.963597
SOXL,primary,10:00-15:30,1m_|z|>=3,5,2802,302,3.49567,0.842439,2.00699,50.5353,0
SOXL,primary,10:00-15:30,1m_|z|>=3,15,2802,302,-2.5759,-2.81236,-0.650432,49.2862,0
SOXL,primary,10:00-15:30,1m_|z|>=3,30,2802,302,-8.70943,-9.17507,-1.04859,48.1442,0
SOXL,primary,all_to_15:30,all_nonzero_1m,1,173589,493,0.00426838,0,0.0519965,49.6422,1.87685
SOXL,primary,all_to_15:30,all_nonzero_1m,5,173589,493,-0.0422241,-0.0352982,-0.257739,49.5175,0.0103693
SOXL,primary,all_to_15:30,all_nonzero_1m,15,173589,493,0.0402229,-0.117188,0.157722,49.6601,0.00403251
SOXL,primary,all_to_15:30,all_nonzero_1m,30,173589,493,-0.0546036,-0.89924,-0.145849,49.5774,0.00345644
SOXL,primary,all_to_15:30,1m_|z|>=2,1,10185,460,0.503572,0,0.968665,49.5882,1.06038
SOXL,primary,all_to_15:30,1m_|z|>=2,5,10185,460,2.11596,5.55112e-13,2.02041,50.0442,0
SOXL,primary,all_to_15:30,1m_|z|>=2,15,10185,460,1.24417,-2.30354,0.754547,49.0918,0
SOXL,primary,all_to_15:30,1m_|z|>=2,30,10185,460,0.453226,-5.37989,0.176537,48.5125,0
SOXL,primary,all_to_15:30,1m_|z|>=3,1,2959,317,0.300008,0,0.283093,49.7954,0.91247
SOXL,primary,all_to_15:30,1m_|z|>=3,5,2959,317,4.19026,1.72548,2.06314,50.7942,0
SOXL,primary,all_to_15:30,1m_|z|>=3,15,2959,317,-3.2925,-3.89332,-0.939987,48.9692,0
SOXL,primary,all_to_15:30,1m_|z|>=3,30,2959,317,-7.96566,-9.93194,-1.267,48.023,0
SOXL,primary,09:35-10:00,all_nonzero_5m,1,2465,493,-0.597454,-0.823079,-0.571277,49.0969,1.17647
SOXL,primary,09:35-10:00,all_nonzero_5m,5,2465,493,0.458541,-0.0739101,0.216741,49.5335,0
SOXL,primary,09:35-10:00,all_nonzero_5m,15,2465,493,-1.08508,-2.80073,-0.332186,49.4523,0
SOXL,primary,09:35-10:00,all_nonzero_5m,30,2465,493,-3.57231,-2.4949,-0.881849,49.3712,0
SOXL,primary,09:35-10:00,5m_|z|>=2,1,155,108,-2.35666,-3.06804,-0.360278,47.7124,1.29032
SOXL,primary,09:35-10:00,5m_|z|>=2,5,155,108,6.53372,12.6839,0.539433,51.6129,0
SOXL,primary,09:35-10:00,5m_|z|>=2,15,155,108,9.9384,12.1689,0.592079,52.2581,0
SOXL,primary,09:35-10:00,5m_|z|>=2,30,155,108,-12.0277,9.01578,-0.505242,51.6129,0
SOXL,primary,09:35-10:00,5m_|z|>=3,1,24,20,-5.33978,-27.6855,-0.2672,45.8333,0
SOXL,primary,09:35-10:00,5m_|z|>=3,5,24,20,35.626,-28.9665,0.696116,45.8333,0
SOXL,primary,09:35-10:00,5m_|z|>=3,15,24,20,167.117,115.884,1.37877,66.6667,0
SOXL,primary,09:35-10:00,5m_|z|>=3,30,24,20,148.469,87.1395,1.13333,62.5,0
SOXL,primary,10:00-15:30,all_nonzero_5m,1,32537,493,-0.037375,0,-0.231216,49.3644,1.84098
SOXL,primary,10:00-15:30,all_nonzero_5m,5,32537,493,-0.568427,-0.821254,-1.8004,48.9027,0.00922027
SOXL,primary,10:00-15:30,all_nonzero_5m,15,32537,493,-0.974311,-1.14345,-2.03893,49.2916,0
SOXL,primary,10:00-15:30,all_nonzero_5m,30,32537,493,-0.857844,-1.69635,-1.1129,49.1763,0.00307342
SOXL,primary,10:00-15:30,5m_|z|>=2,1,1957,354,0.478958,-0.15,0.467142,49.2522,0.919775
SOXL,primary,10:00-15:30,5m_|z|>=2,5,1957,354,0.811536,-2.2309,0.415107,48.3393,0
SOXL,primary,10:00-15:30,5m_|z|>=2,15,1957,354,1.85199,0.025947,0.495488,50.1788,0
SOXL,primary,10:00-15:30,5m_|z|>=2,30,1957,354,2.31263,-7.81313,0.311473,47.9305,0
SOXL,primary,10:00-15:30,5m_|z|>=3,1,607,160,1.73828,1.50587,0.64398,51.3245,0.494234
SOXL,primary,10:00-15:30,5m_|z|>=3,5,607,160,1.02764,-3.26211,0.203129,47.6112,0
SOXL,primary,10:00-15:30,5m_|z|>=3,15,607,160,2.67269,0.025947,0.322617,50.2471,0
SOXL,primary,10:00-15:30,5m_|z|>=3,30,607,160,3.08752,-11.6973,0.218108,47.2817,0
SOXL,primary,all_to_15:30,all_nonzero_5m,1,35002,493,-0.0768183,0,-0.446883,49.3454,1.79418
SOXL,primary,all_to_15:30,all_nonzero_5m,5,35002,493,-0.496104,-0.795168,-1.51439,48.9471,0.00857094
SOXL,primary,all_to_15:30,all_nonzero_5m,15,35002,493,-0.982112,-1.18787,-2.02095,49.3029,0
SOXL,primary,all_to_15:30,all_nonzero_5m,30,35002,493,-1.04901,-1.72535,-1.38141,49.19,0.00285698
SOXL,primary,all_to_15:30,5m_|z|>=2,1,2112,357,0.270851,-0.696311,0.255975,49.1396,0.94697
SOXL,primary,all_to_15:30,5m_|z|>=2,5,2112,357,1.23149,-1.94747,0.612111,48.5795,0
SOXL,primary,all_to_15:30,5m_|z|>=2,15,2112,357,2.44545,0.34929,0.663902,50.3314,0
SOXL,primary,all_to_15:30,5m_|z|>=2,30,2112,357,1.26019,-7.19456,0.166176,48.2008,0
SOXL,primary,all_to_15:30,5m_|z|>=3,1,631,165,1.46906,1.26817,0.524634,51.1146,0.475436
SOXL,primary,all_to_15:30,5m_|z|>=3,5,631,165,2.34358,-3.7843,0.464885,47.5436,0
SOXL,primary,all_to_15:30,5m_|z|>=3,15,631,165,8.9273,1.84723,1.06217,50.8716,0
SOXL,primary,all_to_15:30,5m_|z|>=3,30,631,165,8.61708,-7.81313,0.779775,47.8605,0
SOXS,secondary,09:31-10:00,all_nonzero_1m,1,19381,685,0.385866,0,1.21488,50.5705,2.3167
SOXS,secondary,09:31-10:00,all_nonzero_1m,5,19381,685,-1.20062,-0.0925922,-1.86372,49.4014,0.00515969
SOXS,secondary,09:31-10:00,all_nonzero_1m,15,19381,685,-0.845743,0.26042,-0.767623,50.467,0
SOXS,secondary,09:31-10:00,all_nonzero_1m,30,19381,685,-0.198049,0.0960619,-0.13875,50.3122,0
SOXS,secondary,09:31-10:00,1m_|z|>=2,1,1051,458,0.338215,0.203664,0.195625,51.0638,1.61751
SOXS,secondary,09:31-10:00,1m_|z|>=2,5,1051,458,-1.62075,-2.06079,-0.480673,49.001,0
SOXS,secondary,09:31-10:00,1m_|z|>=2,15,1051,458,3.18597,8.15746,0.521504,52.236,0
SOXS,secondary,09:31-10:00,1m_|z|>=2,30,1051,458,-1.33985,-2.03352,-0.161657,49.7621,0
SOXS,secondary,09:31-10:00,1m_|z|>=3,1,182,136,-0.45656,0.363926,-0.0899192,50.5495,0
SOXS,secondary,09:31-10:00,1m_|z|>=3,5,182,136,-12.7212,-4.89949,-1.39456,48.9011,0
SOXS,secondary,09:31-10:00,1m_|z|>=3,15,182,136,-10.2314,-6.641,-0.683374,48.3516,0
SOXS,secondary,09:31-10:00,1m_|z|>=3,30,182,136,-18.8052,-5.01903,-0.893467,48.9011,0
SOXS,secondary,10:00-15:30,all_nonzero_1m,1,216001,685,-0.285699,0,-4.70782,48.6261,4.14905
SOXS,secondary,10:00-15:30,all_nonzero_1m,5,216001,685,-0.60579,-1.249e-12,-5.34246,49.2609,0.035648
SOXS,secondary,10:00-15:30,all_nonzero_1m,15,216001,685,-0.433213,-9.84456e-13,-2.32098,49.7854,0.00925922
SOXS,secondary,10:00-15:30,all_nonzero_1m,30,216001,685,-0.123868,-1.249e-12,-0.463246,49.8606,0.00694441
SOXS,secondary,10:00-15:30,1m_|z|>=2,1,12212,674,-0.564864,-0.443532,-1.50963,47.2243,3.38192
SOXS,secondary,10:00-15:30,1m_|z|>=2,5,12212,674,-0.422819,-0.371665,-0.596306,48.9515,0.0327547
SOXS,secondary,10:00-15:30,1m_|z|>=2,15,12212,674,0.10213,-1.02349e-12,0.091976,49.7461,0.0163773
SOXS,secondary,10:00-15:30,1m_|z|>=2,30,12212,674,1.57154,-5.79398e-12,0.859383,49.6601,0.00818867
SOXS,secondary,10:00-15:30,1m_|z|>=3,1,2834,470,0.402004,-0.0425813,0.451528,48.9017,2.01129
SOXS,secondary,10:00-15:30,1m_|z|>=3,5,2834,470,1.47926,-1.12144,0.755204,49.2411,0.0352858
SOXS,secondary,10:00-15:30,1m_|z|>=3,15,2834,470,1.09815,0.551909,0.41439,50.7942,0.0352858
SOXS,secondary,10:00-15:30,1m_|z|>=3,30,2834,470,4.51791,0.705224,1.0395,50.741,0
SOXS,secondary,all_to_15:30,all_nonzero_1m,1,235382,685,-0.230403,0,-3.72047,48.789,3.99818
SOXS,secondary,all_to_15:30,all_nonzero_1m,5,235382,685,-0.654768,-1.26635e-12,-5.61488,49.2724,0.0331376
SOXS,secondary,all_to_15:30,all_nonzero_1m,15,235382,685,-0.46718,-7.28584e-13,-2.47491,49.8415,0.00849683
SOXS,secondary,all_to_15:30,all_nonzero_1m,30,235382,685,-0.129976,-9.06393e-13,-0.480466,49.8978,0.00637262
SOXS,secondary,all_to_15:30,1m_|z|>=2,1,13263,676,-0.493302,-0.308523,-1.36142,47.5337,3.2421
SOXS,secondary,all_to_15:30,1m_|z|>=2,5,13263,676,-0.517746,-0.439068,-0.724178,48.9554,0.0301591
SOXS,secondary,all_to_15:30,1m_|z|>=2,15,13263,676,0.346503,-2.77556e-13,0.316834,49.9434,0.0150795
SOXS,secondary,all_to_15:30,1m_|z|>=2,30,13263,676,1.34083,-0.0358295,0.767683,49.6682,0.00753977
SOXS,secondary,all_to_15:30,1m_|z|>=3,1,3016,493,0.350194,-0.0417886,0.402801,49.003,1.88992
SOXS,secondary,all_to_15:30,1m_|z|>=3,5,3016,493,0.622341,-1.27314,0.323245,49.2206,0.0331565
SOXS,secondary,all_to_15:30,1m_|z|>=3,15,3016,493,0.414472,0.194307,0.160103,50.6468,0.0331565
SOXS,secondary,all_to_15:30,1m_|z|>=3,30,3016,493,3.11047,0.541245,0.746126,50.63,0
SOXS,secondary,09:35-10:00,all_nonzero_5m,1,3425,685,0.0635295,0,0.0815607,50.1787,1.9562
SOXS,secondary,09:35-10:00,all_nonzero_5m,5,3425,685,-0.534818,-1.86306,-0.342714,48.9051,0
SOXS,secondary,09:35-10:00,all_nonzero_5m,15,3425,685,1.71676,2.84281,0.698908,50.8029,0
SOXS,secondary,09:35-10:00,all_nonzero_5m,30,3425,685,1.08597,2.85444,0.324247,50.7737,0
SOXS,secondary,09:35-10:00,5m_|z|>=2,1,180,153,-5.41711,-0.0425893,-0.991004,49.1525,1.66667
SOXS,secondary,09:35-10:00,5m_|z|>=2,5,180,153,-18.7744,-13.7612,-2.06598,45,0
SOXS,secondary,09:35-10:00,5m_|z|>=2,15,180,153,-6.06405,-22.5404,-0.558465,43.3333,0
SOXS,secondary,09:35-10:00,5m_|z|>=2,30,180,153,-12.0335,-22.6084,-0.793199,47.2222,0
SOXS,secondary,09:35-10:00,5m_|z|>=3,1,28,26,-43.752,-24.8947,-2.42228,25,0
SOXS,secondary,09:35-10:00,5m_|z|>=3,5,28,26,-57.3865,-45.7009,-1.96286,32.1429,0
SOXS,secondary,09:35-10:00,5m_|z|>=3,15,28,26,-44.0403,-77.1275,-1.18864,39.2857,0
SOXS,secondary,09:35-10:00,5m_|z|>=3,30,28,26,-78.9199,-29.8921,-1.44962,46.4286,0
SOXS,secondary,10:00-15:30,all_nonzero_5m,1,45207,685,-0.314346,0,-2.70393,48.975,4.29137
SOXS,secondary,10:00-15:30,all_nonzero_5m,5,45207,685,-0.651234,-1.06685e-12,-2.61856,49.335,0.0353927
SOXS,secondary,10:00-15:30,all_nonzero_5m,15,45207,685,-0.48326,-1.2837e-12,-1.14698,49.6969,0.00663614
SOXS,secondary,10:00-15:30,all_nonzero_5m,30,45207,685,0.912982,1.30104e-12,1.46033,50.1792,0.0110602
SOXS,secondary,10:00-15:30,5m_|z|>=2,1,2637,560,0.112938,0,0.166264,49.2356,3.26128
SOXS,secondary,10:00-15:30,5m_|z|>=2,5,2637,560,-2.43124,-2.14231,-1.50764,48.1411,0.0379219
SOXS,secondary,10:00-15:30,5m_|z|>=2,15,2637,560,-1.64332,-2.1684e-13,-0.729615,49.981,0
SOXS,secondary,10:00-15:30,5m_|z|>=2,30,2637,560,4.57431,2.32964,1.22961,51.6496,0
SOXS,secondary,10:00-15:30,5m_|z|>=3,1,617,246,-0.305634,0,-0.159884,48.6667,2.75527
SOXS,secondary,10:00-15:30,5m_|z|>=3,5,617,246,-8.87759,-6.52742,-1.81696,46.3533,0
SOXS,secondary,10:00-15:30,5m_|z|>=3,15,617,246,-4.73737,-2.84495e-12,-0.745772,49.7569,0
SOXS,secondary,10:00-15:30,5m_|z|>=3,30,617,246,7.41918,15.3022,0.759065,52.6742,0
SOXS,secondary,all_to_15:30,all_nonzero_5m,1,48632,685,-0.287734,0,-2.2488,49.0617,4.12691
SOXS,secondary,all_to_15:30,all_nonzero_5m,5,48632,685,-0.643036,-1.249e-12,-2.50332,49.3048,0.0329001
SOXS,secondary,all_to_15:30,all_nonzero_5m,15,48632,685,-0.32832,-9.45424e-13,-0.758582,49.7748,0.00616878
SOXS,secondary,all_to_15:30,all_nonzero_5m,30,48632,685,0.925166,1.59595e-12,1.43402,50.2211,0.0102813
SOXS,secondary,all_to_15:30,5m_|z|>=2,1,2817,576,-0.24042,0,-0.309563,49.2302,3.15939
SOXS,secondary,all_to_15:30,5m_|z|>=2,5,2817,576,-3.47553,-2.51351,-2.09372,47.9403,0.0354988
SOXS,secondary,all_to_15:30,5m_|z|>=2,15,2817,576,-1.9258,-0.225736,-0.853257,49.5563,0
SOXS,secondary,all_to_15:30,5m_|z|>=2,30,2817,576,3.51311,1.88661,0.964931,51.3667,0
SOXS,secondary,all_to_15:30,5m_|z|>=3,1,645,252,-2.19168,-1.90954,-1.03769,47.6115,2.63566
SOXS,secondary,all_to_15:30,5m_|z|>=3,5,645,252,-10.9834,-8.62883,-2.20103,45.7364,0
SOXS,secondary,all_to_15:30,5m_|z|>=3,15,645,252,-6.44354,-1.98432,-1.04343,49.3023,0
SOXS,secondary,all_to_15:30,5m_|z|>=3,30,645,252,3.67113,15.143,0.385707,52.4031,0
SOXS,primary,09:31-10:00,all_nonzero_1m,1,13929,493,-0.0951711,0,-0.21205,50.0589,2.49121
SOXS,primary,09:31-10:00,all_nonzero_1m,5,13929,493,-0.589667,-1.2837e-12,-0.584448,49.562,0.0215378
SOXS,primary,09:31-10:00,all_nonzero_1m,15,13929,493,1.14209,-2.56739e-12,0.646128,49.7272,0.00717927
SOXS,primary,09:31-10:00,all_nonzero_1m,30,13929,493,-0.244968,-0.697812,-0.110071,49.4938,0.0143585
SOXS,primary,09:31-10:00,1m_|z|>=2,1,773,325,4.93719,3.66444,2.21056,53.4301,1.94049
SOXS,primary,09:31-10:00,1m_|z|>=2,5,773,325,1.87958,5.8008,0.395177,52.1345,0
SOXS,primary,09:31-10:00,1m_|z|>=2,15,773,325,6.12036,-7.6365,0.516514,49.2885,0
SOXS,primary,09:31-10:00,1m_|z|>=2,30,773,325,7.72254,-4.89374,0.506319,48.771,0
SOXS,primary,09:31-10:00,1m_|z|>=3,1,142,90,10.9482,13.6949,1.87296,57.554,2.11268
SOXS,primary,09:31-10:00,1m_|z|>=3,5,142,90,7.05199,4.55958,0.375942,52.8169,0
SOXS,primary,09:31-10:00,1m_|z|>=3,15,142,90,-9.38161,-33.3661,-0.362288,46.4789,0
SOXS,primary,09:31-10:00,1m_|z|>=3,30,142,90,-0.007822,-23.1982,-0.000184786,47.1831,0
SOXS,primary,10:00-15:30,all_nonzero_1m,1,153885,493,-1.15011,0,-10.0239,47.8004,4.84193
SOXS,primary,10:00-15:30,all_nonzero_1m,5,153885,493,-1.36601,-0.391397,-7.90624,48.1736,0.0552361
SOXS,primary,10:00-15:30,all_nonzero_1m,15,153885,493,-1.41093,-0.362235,-5.00535,48.9055,0.0136466
SOXS,primary,10:00-15:30,all_nonzero_1m,30,153885,493,-1.47234,-0.975657,-3.29162,49.0193,0.0110472
SOXS,primary,10:00-15:30,1m_|z|>=2,1,8946,454,-3.00701,-2.49755,-4.58845,45.1867,3.62173
SOXS,primary,10:00-15:30,1m_|z|>=2,5,8946,454,-1.77975,-3.10475,-1.9467,47.3614,0.0223564
SOXS,primary,10:00-15:30,1m_|z|>=2,15,8946,454,-3.25802,-4.57946,-1.54693,47.7809,0.0111782
SOXS,primary,10:00-15:30,1m_|z|>=2,30,8946,454,-4.02135,-8.53463,-0.951032,47.0095,0.0111782
SOXS,primary,10:00-15:30,1m_|z|>=3,1,2267,304,-2.78489,-3.73833,-2.01332,45.9594,2.29378
SOXS,primary,10:00-15:30,1m_|z|>=3,5,2267,304,0.681355,-0.528395,0.285887,48.7428,0
SOXS,primary,10:00-15:30,1m_|z|>=3,15,2267,304,-1.19502,-4.12504,-0.168894,48.9193,0
SOXS,primary,10:00-15:30,1m_|z|>=3,30,2267,304,-2.0313,-12.3611,-0.136942,47.1548,0
SOXS,primary,all_to_15:30,all_nonzero_1m,1,167814,493,-1.06254,0,-9.21944,47.9921,4.64681
SOXS,primary,all_to_15:30,all_nonzero_1m,5,167814,493,-1.30157,-0.338989,-7.00623,48.2889,0.052439
SOXS,primary,all_to_15:30,all_nonzero_1m,15,167814,493,-1.19902,-0.331126,-4.22541,48.9737,0.0131098
SOXS,primary,all_to_15:30,all_nonzero_1m,30,167814,493,-1.37046,-0.966419,-3.26393,49.0587,0.0113221
SOXS,primary,all_to_15:30,1m_|z|>=2,1,9719,464,-2.37516,-2.16455,-3.86195,45.8529,3.48801
SOXS,primary,all_to_15:30,1m_|z|>=2,5,9719,464,-1.48871,-2.38635,-1.50834,47.7411,0.0205782
SOXS,primary,all_to_15:30,1m_|z|>=2,15,9719,464,-2.51211,-4.62856,-1.47711,47.9008,0.0102891
SOXS,primary,all_to_15:30,1m_|z|>=2,30,9719,464,-3.0873,-8.46024,-0.894835,47.1496,0.0102891
SOXS,primary,all_to_15:30,1m_|z|>=3,1,2409,317,-1.97539,-3.0199,-1.47586,46.644,2.28311
SOXS,primary,all_to_15:30,1m_|z|>=3,5,2409,317,1.05688,-0.222467,0.367016,48.983,0
SOXS,primary,all_to_15:30,1m_|z|>=3,15,2409,317,-1.67759,-4.87831,-0.26498,48.7754,0
SOXS,primary,all_to_15:30,1m_|z|>=3,30,2409,317,-1.91202,-12.8861,-0.149809,47.1565,0
SOXS,primary,09:35-10:00,all_nonzero_5m,1,2465,493,-1.10648,0,-1.03113,48.9176,2.55578
SOXS,primary,09:35-10:00,all_nonzero_5m,5,2465,493,-0.0966442,-7.63278e-13,-0.0453308,49.7769,0
SOXS,primary,09:35-10:00,all_nonzero_5m,15,2465,493,-1.31278,-2.88725,-0.395367,49.0666,0.040568
SOXS,primary,09:35-10:00,all_nonzero_5m,30,2465,493,-3.39264,-1.48807,-0.826459,49.2495,0
SOXS,primary,09:35-10:00,5m_|z|>=2,1,152,110,-3.17384,0,-0.518655,50.3356,1.97368
SOXS,primary,09:35-10:00,5m_|z|>=2,5,152,110,15.2634,12.4279,1.36402,53.9474,0
SOXS,primary,09:35-10:00,5m_|z|>=2,15,152,110,13.085,11.7134,0.730294,52.6316,0
SOXS,primary,09:35-10:00,5m_|z|>=2,30,152,110,-19.3755,0.579931,-0.81801,50.6579,0
SOXS,primary,09:35-10:00,5m_|z|>=3,1,22,16,7.48839,-8.78059,0.331522,50,0
SOXS,primary,09:35-10:00,5m_|z|>=3,5,22,16,92.3305,32.8273,1.69198,54.5455,0
SOXS,primary,09:35-10:00,5m_|z|>=3,15,22,16,249.57,132.659,1.88001,72.7273,0
SOXS,primary,09:35-10:00,5m_|z|>=3,30,22,16,261.292,118.436,1.78107,68.1818,0
SOXS,primary,10:00-15:30,all_nonzero_5m,1,32528,493,-0.773245,0,-4.14742,48.1792,5.02644
SOXS,primary,10:00-15:30,all_nonzero_5m,5,32528,493,-1.17188,-0.198023,-3.428,48.2402,0.0737826
SOXS,primary,10:00-15:30,all_nonzero_5m,15,32528,493,-1.43395,-0.322912,-2.79081,48.8424,0.0153714
SOXS,primary,10:00-15:30,all_nonzero_5m,30,32528,493,-1.29142,-0.970265,-1.54237,48.8515,0.0215199
SOXS,primary,10:00-15:30,5m_|z|>=2,1,1897,369,-1.065,-2.22692,-0.653449,46.1622,3.16289
SOXS,primary,10:00-15:30,5m_|z|>=2,5,1897,369,-0.822503,-5.25486,-0.336037,46.7053,0
SOXS,primary,10:00-15:30,5m_|z|>=2,15,1897,369,-0.967143,-4.09427,-0.205451,48.4976,0
SOXS,primary,10:00-15:30,5m_|z|>=2,30,1897,369,-0.278589,-12.0409,-0.0315256,46.73,0.0527148
SOXS,primary,10:00-15:30,5m_|z|>=3,1,556,171,-0.72091,-5.76559,-0.181312,45.8867,1.61871
SOXS,primary,10:00-15:30,5m_|z|>=3,5,556,171,-2.18211,-11.4085,-0.453326,45.5036,0
SOXS,primary,10:00-15:30,5m_|z|>=3,15,556,171,-0.468496,-7.0433,-0.0406697,47.8417,0
SOXS,primary,10:00-15:30,5m_|z|>=3,30,556,171,2.38934,-20.1659,0.104832,45.4054,0.179856
SOXS,primary,all_to_15:30,all_nonzero_5m,1,34993,493,-0.796719,0,-4.19823,48.2325,4.8524
SOXS,primary,all_to_15:30,all_nonzero_5m,5,34993,493,-1.09614,-0.177621,-3.15245,48.3485,0.0685851
SOXS,primary,all_to_15:30,all_nonzero_5m,15,34993,493,-1.42542,-0.34013,-2.76087,48.8581,0.0171463
SOXS,primary,all_to_15:30,all_nonzero_5m,30,34993,493,-1.43944,-1.00457,-1.74208,48.8796,0.020004
SOXS,primary,all_to_15:30,5m_|z|>=2,1,2049,373,-1.22144,-2.03849,-0.735065,46.4753,3.07467
SOXS,primary,all_to_15:30,5m_|z|>=2,5,2049,373,0.370787,-4.62856,0.151955,47.2426,0
SOXS,primary,all_to_15:30,5m_|z|>=2,15,2049,373,0.0752775,-2.01532,0.0170463,48.8043,0
SOXS,primary,all_to_15:30,5m_|z|>=2,30,2049,373,-1.69524,-9.2414,-0.196484,47.0215,0.0488043
SOXS,primary,all_to_15:30,5m_|z|>=3,1,578,175,-0.408445,-5.76559,-0.100383,46.0457,1.55709
SOXS,primary,all_to_15:30,5m_|z|>=3,5,578,175,1.41526,-10.7543,0.302893,45.8478,0
SOXS,primary,all_to_15:30,5m_|z|>=3,15,578,175,9.04855,-3.04703,0.793741,48.7889,0
SOXS,primary,all_to_15:30,5m_|z|>=3,30,578,175,12.2438,-15.8061,0.63603,46.2738,0.17301
SOXX,secondary,09:31-10:00,all_nonzero_1m,1,19658,685,0.0986438,0,0.933198,50.3314,0.981789
SOXX,secondary,09:31-10:00,all_nonzero_1m,5,19658,685,-0.185603,-0.35656,-0.876346,49.5625,0
SOXX,secondary,09:31-10:00,all_nonzero_1m,15,19658,685,0.0205233,0.716132,0.0575319,50.585,0
SOXX,secondary,09:31-10:00,all_nonzero_1m,30,19658,685,0.352795,1.00809,0.734514,50.6715,0
SOXX,secondary,09:31-10:00,1m_|z|>=2,1,1064,466,0.866907,0.520431,1.51519,51.8448,0.657895
SOXX,secondary,09:31-10:00,1m_|z|>=2,5,1064,466,0.41472,0.780962,0.351976,50.7519,0
SOXX,secondary,09:31-10:00,1m_|z|>=2,15,1064,466,1.10281,1.19793,0.519633,50.6579,0
SOXX,secondary,09:31-10:00,1m_|z|>=2,30,1064,466,0.109224,-0.946361,0.0369122,49.5301,0
SOXX,secondary,09:31-10:00,1m_|z|>=3,1,175,129,-0.0122937,-1.51233,-0.00705304,48,0
SOXX,secondary,09:31-10:00,1m_|z|>=3,5,175,129,-5.59981,-2.5621,-1.81356,48,0
SOXX,secondary,09:31-10:00,1m_|z|>=3,15,175,129,-3.81201,-4.33161,-0.567043,46.2857,0
SOXX,secondary,09:31-10:00,1m_|z|>=3,30,175,129,0.14262,2.11931,0.0159458,52,0
SOXX,secondary,10:00-15:30,all_nonzero_1m,1,211930,685,-0.0198526,0,-1.08947,49.1602,5.71793
SOXX,secondary,10:00-15:30,all_nonzero_1m,5,211930,685,-0.0709344,-2.08167e-12,-1.94441,49.6602,0.0122682
SOXX,secondary,10:00-15:30,all_nonzero_1m,15,211930,685,0.00821313,-5.89806e-13,0.133337,49.9552,0.000943708
SOXX,secondary,10:00-15:30,all_nonzero_1m,30,211930,685,0.138626,2.71159e-12,1.53333,50.0856,0.000471854
SOXX,secondary,10:00-15:30,1m_|z|>=2,1,12942,677,-0.107614,-0.235513,-0.968209,47.5306,3.46932
SOXX,secondary,10:00-15:30,1m_|z|>=2,5,12942,677,0.0386049,-0.455966,0.180009,48.9413,0.0154536
SOXX,secondary,10:00-15:30,1m_|z|>=2,15,12942,677,-0.180223,-0.476809,-0.515355,49.2969,0
SOXX,secondary,10:00-15:30,1m_|z|>=2,30,12942,677,0.209712,-0.608529,0.382338,49.4205,0
SOXX,secondary,10:00-15:30,1m_|z|>=3,1,3219,514,0.0217619,-0.417272,0.0843603,47.7693,2.51631
SOXX,secondary,10:00-15:30,1m_|z|>=3,5,3219,514,0.464982,-0.443666,0.851947,49.27,0
SOXX,secondary,10:00-15:30,1m_|z|>=3,15,3219,514,-0.845751,-0.618844,-1.09229,49.0525,0
SOXX,secondary,10:00-15:30,1m_|z|>=3,30,3219,514,0.173188,-1.29993,0.136027,48.6176,0
SOXX,secondary,all_to_15:30,all_nonzero_1m,1,231588,685,-0.00979421,0,-0.512306,49.2642,5.31591
SOXX,secondary,all_to_15:30,all_nonzero_1m,5,231588,685,-0.0806679,-0.0270534,-2.19392,49.6519,0.0112268
SOXX,secondary,all_to_15:30,all_nonzero_1m,15,231588,685,0.00925807,1.38778e-13,0.150938,50.0086,0.000863603
SOXX,secondary,all_to_15:30,all_nonzero_1m,30,231588,685,0.156805,0.0936293,1.74461,50.1354,0.000431801
SOXX,secondary,all_to_15:30,1m_|z|>=2,1,14006,679,-0.0335817,-0.206599,-0.306759,47.8672,3.25575
SOXX,secondary,all_to_15:30,1m_|z|>=2,5,14006,679,0.0671774,-0.432877,0.306374,49.0788,0.0142796
SOXX,secondary,all_to_15:30,1m_|z|>=2,15,14006,679,-0.0827541,-0.450483,-0.242153,49.4003,0
SOXX,secondary,all_to_15:30,1m_|z|>=2,30,14006,679,0.202078,-0.638522,0.381552,49.4288,0
SOXX,secondary,all_to_15:30,1m_|z|>=3,1,3394,530,0.0200059,-0.423178,0.083132,47.7815,2.38656
SOXX,secondary,all_to_15:30,1m_|z|>=3,5,3394,530,0.152272,-0.479129,0.272564,49.2045,0
SOXX,secondary,all_to_15:30,1m_|z|>=3,15,3394,530,-0.998696,-0.840211,-1.31022,48.9098,0
SOXX,secondary,all_to_15:30,1m_|z|>=3,30,3394,530,0.171612,-1.25303,0.141854,48.792,0
SOXX,secondary,09:35-10:00,all_nonzero_5m,1,3425,685,-0.115531,-0.204801,-0.447413,49.4114,0.788321
SOXX,secondary,09:35-10:00,all_nonzero_5m,5,3425,685,0.036164,-0.497389,0.0701812,49.2847,0
SOXX,secondary,09:35-10:00,all_nonzero_5m,15,3425,685,0.459205,1.63433,0.557308,51.5912,0
SOXX,secondary,09:35-10:00,all_nonzero_5m,30,3425,685,0.155354,0.556062,0.147665,50.3066,0
SOXX,secondary,09:35-10:00,5m_|z|>=2,1,181,155,-0.597471,1.21303,-0.311244,51.6667,0.552486
SOXX,secondary,09:35-10:00,5m_|z|>=2,5,181,155,-6.35026,-4.58267,-2.07234,43.0939,0
SOXX,secondary,09:35-10:00,5m_|z|>=2,15,181,155,-3.11348,-8.52182,-0.849184,44.1989,0
SOXX,secondary,09:35-10:00,5m_|z|>=2,30,181,155,-5.91333,-9.99011,-1.1616,45.8564,0
SOXX,secondary,09:35-10:00,5m_|z|>=3,1,27,25,-12.0649,-4.14941,-1.34857,37.037,0
SOXX,secondary,09:35-10:00,5m_|z|>=3,5,27,25,-20.2123,-17.6136,-1.6433,29.6296,0
SOXX,secondary,09:35-10:00,5m_|z|>=3,15,27,25,-17.4375,-30.8808,-1.94287,37.037,0
SOXX,secondary,09:35-10:00,5m_|z|>=3,30,27,25,-36.3727,-33.6988,-2.65305,40.7407,0
SOXX,secondary,10:00-15:30,all_nonzero_5m,1,45202,685,-0.0363545,0,-0.982358,49.3217,5.58161
SOXX,secondary,10:00-15:30,all_nonzero_5m,5,45202,685,-0.118701,-0.210477,-1.44061,49.355,0.0199106
SOXX,secondary,10:00-15:30,all_nonzero_5m,15,45202,685,-0.0889424,-2.34188e-13,-0.638578,49.9856,0.00221229
SOXX,secondary,10:00-15:30,all_nonzero_5m,30,45202,685,0.364589,0.31261,1.85402,50.4048,0
SOXX,secondary,10:00-15:30,5m_|z|>=2,1,2614,564,0.158634,-0.160094,0.718014,48.4872,2.63963
SOXX,secondary,10:00-15:30,5m_|z|>=2,5,2614,564,-0.114594,-0.265502,-0.222637,49.0819,0
SOXX,secondary,10:00-15:30,5m_|z|>=2,15,2614,564,-0.636942,0.234543,-0.827333,50.2678,0
SOXX,secondary,10:00-15:30,5m_|z|>=2,30,2614,564,1.18772,0.906617,0.938471,50.8034,0
SOXX,secondary,10:00-15:30,5m_|z|>=3,1,661,269,-0.16087,-0.492889,-0.312094,47.9263,1.51286
SOXX,secondary,10:00-15:30,5m_|z|>=3,5,661,269,-2.09057,-1.93044,-1.53676,45.9909,0
SOXX,secondary,10:00-15:30,5m_|z|>=3,15,661,269,-2.07454,-1.07412,-1.19569,49.0166,0
SOXX,secondary,10:00-15:30,5m_|z|>=3,30,661,269,2.44676,3.53367,0.880943,51.8911,0
SOXX,secondary,all_to_15:30,all_nonzero_5m,1,48627,685,-0.0419312,0,-1.01479,49.3283,5.244
SOXX,secondary,all_to_15:30,all_nonzero_5m,5,48627,685,-0.107793,-0.226107,-1.25852,49.35,0.0185082
SOXX,secondary,all_to_15:30,all_nonzero_5m,15,48627,685,-0.0503342,1.45717e-12,-0.349693,50.0987,0.00205647
SOXX,secondary,all_to_15:30,all_nonzero_5m,30,48627,685,0.349852,0.32814,1.7189,50.3979,0
SOXX,secondary,all_to_15:30,5m_|z|>=2,1,2795,578,0.10967,-0.117788,0.419098,48.6972,2.50447
SOXX,secondary,all_to_15:30,5m_|z|>=2,5,2795,578,-0.518406,-0.473397,-0.968418,48.6941,0
SOXX,secondary,all_to_15:30,5m_|z|>=2,15,2795,578,-0.797319,-9.36751e-13,-1.02869,49.8748,0
SOXX,secondary,all_to_15:30,5m_|z|>=2,30,2795,578,0.727865,0.599782,0.585072,50.483,0
SOXX,secondary,all_to_15:30,5m_|z|>=3,1,688,275,-0.628034,-0.717289,-0.961357,47.4926,1.45349
SOXX,secondary,all_to_15:30,5m_|z|>=3,5,688,275,-2.80174,-2.42355,-1.82692,45.3488,0
SOXX,secondary,all_to_15:30,5m_|z|>=3,15,688,275,-2.67745,-1.60546,-1.54305,48.5465,0
SOXX,secondary,all_to_15:30,5m_|z|>=3,30,688,275,0.92332,2.73557,0.33017,51.4535,0
SOXX,primary,09:31-10:00,all_nonzero_1m,1,14192,493,0.136387,0,0.952888,50.0675,0.782131
SOXX,primary,09:31-10:00,all_nonzero_1m,5,14192,493,0.0633993,-0.160743,0.199677,49.7217,0.00704622
SOXX,primary,09:31-10:00,all_nonzero_1m,15,14192,493,0.493376,-0.355094,0.915456,49.8168,0
SOXX,primary,09:31-10:00,all_nonzero_1m,30,14192,493,-0.104893,-1.0816,-0.148234,49.2813,0
SOXX,primary,09:31-10:00,1m_|z|>=2,1,786,312,2.38684,2.79991,3.22588,54.9296,0.636132
SOXX,primary,09:31-10:00,1m_|z|>=2,5,786,312,0.835562,2.60923,0.434931,52.6718,0
SOXX,primary,09:31-10:00,1m_|z|>=2,15,786,312,1.39743,-2.27826,0.333998,48.7277,0
SOXX,primary,09:31-10:00,1m_|z|>=2,30,786,312,3.81291,-2.02065,0.744476,48.9822,0
SOXX,primary,09:31-10:00,1m_|z|>=3,1,143,88,2.7431,5.64876,1.18143,59.8592,0.699301
SOXX,primary,09:31-10:00,1m_|z|>=3,5,143,88,7.27674,8.75778,1.27883,59.4406,0
SOXX,primary,09:31-10:00,1m_|z|>=3,15,143,88,0.621838,-6.77916,0.0603805,46.1538,0
SOXX,primary,09:31-10:00,1m_|z|>=3,30,143,88,8.03687,-1.19026,0.481891,48.2517,0
SOXX,primary,10:00-15:30,all_nonzero_1m,1,158992,493,-0.0566753,0,-2.28426,49.3505,2.23848
SOXX,primary,10:00-15:30,all_nonzero_1m,5,158992,493,-0.029845,-1.42247e-12,-0.602347,49.6235,0.00691859
SOXX,primary,10:00-15:30,all_nonzero_1m,15,158992,493,-0.0646748,-0.189298,-0.821986,49.5968,0
SOXX,primary,10:00-15:30,all_nonzero_1m,30,158992,493,-0.124759,-0.389228,-0.987858,49.4871,0.000628962
SOXX,primary,10:00-15:30,1m_|z|>=2,1,9323,453,-0.047107,-0.0427312,-0.273148,49.2273,1.44803
SOXX,primary,10:00-15:30,1m_|z|>=2,5,9323,453,0.408392,-0.289139,1.3865,49.4529,0.0107262
SOXX,primary,10:00-15:30,1m_|z|>=2,15,9323,453,0.490798,-0.411853,0.856118,49.5334,0
SOXX,primary,10:00-15:30,1m_|z|>=2,30,9323,453,0.43607,-1.26207,0.417485,48.8577,0
SOXX,primary,10:00-15:30,1m_|z|>=3,1,2638,315,0.00476953,-0.373988,0.0121122,48.6207,1.06141
SOXX,primary,10:00-15:30,1m_|z|>=3,5,2638,315,1.14039,0.219279,1.60239,50.2274,0
SOXX,primary,10:00-15:30,1m_|z|>=3,15,2638,315,0.25837,-1.43921,0.207321,48.787,0
SOXX,primary,10:00-15:30,1m_|z|>=3,30,2638,315,-1.68073,-2.85114,-0.64705,47.9151,0
SOXX,primary,all_to_15:30,all_nonzero_1m,1,173184,493,-0.0408543,0,-1.52164,49.4101,2.11913
SOXX,primary,all_to_15:30,all_nonzero_1m,5,173184,493,-0.0222038,-1.46462e-12,-0.407629,49.6316,0.00692905
SOXX,primary,all_to_15:30,all_nonzero_1m,15,173184,493,-0.0189439,-0.194384,-0.229129,49.6149,0
SOXX,primary,all_to_15:30,all_nonzero_1m,30,173184,493,-0.123131,-0.405938,-1.02008,49.4702,0.000577421
SOXX,primary,all_to_15:30,1m_|z|>=2,1,10109,466,0.142139,0,0.830933,49.674,1.3849
SOXX,primary,all_to_15:30,1m_|z|>=2,5,10109,466,0.441605,-1.73472e-12,1.2816,49.7032,0.00989218
SOXX,primary,all_to_15:30,1m_|z|>=2,15,10109,466,0.561291,-0.470429,1.0553,49.4708,0
SOXX,primary,all_to_15:30,1m_|z|>=2,30,10109,466,0.698627,-1.30593,0.79581,48.8673,0
SOXX,primary,all_to_15:30,1m_|z|>=3,1,2781,331,0.145576,-0.173866,0.367157,49.2006,1.04279
SOXX,primary,all_to_15:30,1m_|z|>=3,5,2781,331,1.45593,0.443902,1.76778,50.7012,0
SOXX,primary,all_to_15:30,1m_|z|>=3,15,2781,331,0.27706,-1.53989,0.225171,48.6516,0
SOXX,primary,all_to_15:30,1m_|z|>=3,30,2781,331,-1.18105,-2.82375,-0.615981,47.9324,0
SOXX,primary,09:35-10:00,all_nonzero_5m,1,2465,493,-0.126817,-0.321963,-0.369538,49.2219,0.933063
SOXX,primary,09:35-10:00,all_nonzero_5m,5,2465,493,0.53179,0.415636,0.763774,50.6288,0
SOXX,primary,09:35-10:00,all_nonzero_5m,15,2465,493,0.00816032,-1.28375,0.00736071,49.3306,0
SOXX,primary,09:35-10:00,all_nonzero_5m,30,2465,493,-0.733778,-1.08465,-0.531275,49.2901,0
SOXX,primary,09:35-10:00,5m_|z|>=2,1,160,115,-0.877419,-0.977521,-0.447089,48.75,0
SOXX,primary,09:35-10:00,5m_|z|>=2,5,160,115,2.62997,2.34002,0.728986,51.875,0
SOXX,primary,09:35-10:00,5m_|z|>=2,15,160,115,0.732627,3.79652,0.127128,51.875,0
SOXX,primary,09:35-10:00,5m_|z|>=2,30,160,115,-8.28025,1.60011,-1.05125,50.625,0
SOXX,primary,09:35-10:00,5m_|z|>=3,1,23,19,-0.448768,-8.80576,-0.0671065,47.8261,0
SOXX,primary,09:35-10:00,5m_|z|>=3,5,23,19,22.0238,8.44624,1.36543,52.1739,0
SOXX,primary,09:35-10:00,5m_|z|>=3,15,23,19,60.4234,43.9129,1.40062,69.5652,0
SOXX,primary,09:35-10:00,5m_|z|>=3,30,23,19,58.3391,33.2874,1.30312,65.2174,0
SOXX,primary,10:00-15:30,all_nonzero_5m,1,32538,493,-0.03955,0,-0.731866,49.2597,1.81634
SOXX,primary,10:00-15:30,all_nonzero_5m,5,32538,493,-0.141416,-0.25082,-1.39041,49.1533,0.00307333
SOXX,primary,10:00-15:30,all_nonzero_5m,15,32538,493,-0.298579,-0.364651,-1.92684,49.33,0
SOXX,primary,10:00-15:30,all_nonzero_5m,30,32538,493,-0.338433,-0.636983,-1.3393,49.121,0
SOXX,primary,10:00-15:30,5m_|z|>=2,1,1920,354,0.0944002,0,0.267347,49.7101,1.19792
SOXX,primary,10:00-15:30,5m_|z|>=2,5,1920,354,-0.00272513,-1.15652,-0.00410197,47.4479,0
SOXX,primary,10:00-15:30,5m_|z|>=2,15,1920,354,0.281411,-0.439201,0.223028,49.375,0
SOXX,primary,10:00-15:30,5m_|z|>=2,30,1920,354,0.726699,-2.87542,0.289489,47.6042,0
SOXX,primary,10:00-15:30,5m_|z|>=3,1,573,165,0.52717,0.106891,0.588787,50.5282,0.8726
SOXX,primary,10:00-15:30,5m_|z|>=3,5,573,165,0.929297,-1.16174,0.615367,48.1675,0
SOXX,primary,10:00-15:30,5m_|z|>=3,15,573,165,2.08288,-0.627372,0.716112,49.0401,0
SOXX,primary,10:00-15:30,5m_|z|>=3,30,573,165,2.00091,-5.44245,0.37697,46.5969,0
SOXX,primary,all_to_15:30,all_nonzero_5m,1,35003,493,-0.0456956,0,-0.803845,49.257,1.75414
SOXX,primary,all_to_15:30,all_nonzero_5m,5,35003,493,-0.0940074,-0.209225,-0.878247,49.2572,0.0028569
SOXX,primary,all_to_15:30,all_nonzero_5m,15,35003,493,-0.276978,-0.384516,-1.73172,49.3301,0
SOXX,primary,all_to_15:30,all_nonzero_5m,30,35003,493,-0.366274,-0.661728,-1.45023,49.1329,0
SOXX,primary,all_to_15:30,5m_|z|>=2,1,2080,357,0.0196448,0,0.0539099,49.6354,1.10577
SOXX,primary,all_to_15:30,5m_|z|>=2,5,2080,357,0.19979,-0.898113,0.287332,47.7885,0
SOXX,primary,all_to_15:30,5m_|z|>=2,15,2080,357,0.31612,-0.32488,0.256134,49.5673,0
SOXX,primary,all_to_15:30,5m_|z|>=2,30,2080,357,0.0338569,-2.77761,0.0134014,47.8365,0
SOXX,primary,all_to_15:30,5m_|z|>=3,1,596,171,0.489508,0.0534453,0.529172,50.423,0.838926
SOXX,primary,all_to_15:30,5m_|z|>=3,5,596,171,1.74335,-1.08936,1.19578,48.3221,0
SOXX,primary,all_to_15:30,5m_|z|>=3,15,596,171,4.33428,-0.143227,1.46483,49.8322,0
SOXX,primary,all_to_15:30,5m_|z|>=3,30,596,171,4.17503,-4.92845,0.997041,47.3154,0
SMH,secondary,09:31-10:00,all_nonzero_1m,1,19583,685,0.305158,0.375087,2.96619,50.9454,1.4196
SMH,secondary,09:31-10:00,all_nonzero_1m,5,19583,685,-0.0155565,-1.12757e-13,-0.0713375,49.9668,0
SMH,secondary,09:31-10:00,all_nonzero_1m,15,19583,685,0.274557,1.27738,0.746623,51.0443,0
SMH,secondary,09:31-10:00,all_nonzero_1m,30,19583,685,0.154334,0.776367,0.319814,50.6,0
SMH,secondary,09:31-10:00,1m_|z|>=2,1,1087,468,0.755386,0.0196367,1.3876,50.6518,1.19595
SMH,secondary,09:31-10:00,1m_|z|>=2,5,1087,468,1.00934,1.67756,0.857922,51.9779,0
SMH,secondary,09:31-10:00,1m_|z|>=2,15,1087,468,1.61324,2.00912,0.718944,51.9779,0
SMH,secondary,09:31-10:00,1m_|z|>=2,30,1087,468,2.08721,-3.05311e-12,0.703464,49.862,0
SMH,secondary,09:31-10:00,1m_|z|>=3,1,165,119,0.688847,0.901917,0.375866,53.0488,0.606061
SMH,secondary,09:31-10:00,1m_|z|>=3,5,165,119,-6.66345,-4.01058,-2.23214,45.4545,0
SMH,secondary,09:31-10:00,1m_|z|>=3,15,165,119,-5.09617,-7.43725,-0.793396,45.4545,0
SMH,secondary,09:31-10:00,1m_|z|>=3,30,165,119,-4.66345,-8.24097,-0.493522,47.2727,0
SMH,secondary,10:00-15:30,all_nonzero_1m,1,219544,685,0.0506868,0,3.02035,49.4563,2.85364
SMH,secondary,10:00-15:30,all_nonzero_1m,5,219544,685,-0.0340679,-5.20417e-13,-0.960166,49.79,0.00728783
SMH,secondary,10:00-15:30,all_nonzero_1m,15,219544,685,0.0427244,2.42861e-13,0.729542,50.0424,0.00273294
SMH,secondary,10:00-15:30,all_nonzero_1m,30,219544,685,0.106061,1.35308e-12,1.24502,50.0959,0.00227745
SMH,secondary,10:00-15:30,1m_|z|>=2,1,12491,667,0.290738,0,2.73406,49.6824,1.68922
SMH,secondary,10:00-15:30,1m_|z|>=2,5,12491,667,0.54482,-1.04083e-13,2.39045,49.976,0.00800576
SMH,secondary,10:00-15:30,1m_|z|>=2,15,12491,667,0.296141,6.93889e-14,0.903782,50.004,0
SMH,secondary,10:00-15:30,1m_|z|>=2,30,12491,667,1.16666,0.328499,2.11592,50.2202,0
SMH,secondary,10:00-15:30,1m_|z|>=3,1,3079,494,0.21773,0,0.855219,49.7214,0.909386
SMH,secondary,10:00-15:30,1m_|z|>=3,5,3079,494,0.605871,-0.287303,1.0798,49.6915,0
SMH,secondary,10:00-15:30,1m_|z|>=3,15,3079,494,-1.02182,-0.670399,-1.27021,49.1069,0
SMH,secondary,10:00-15:30,1m_|z|>=3,30,3079,494,0.0676314,-0.881523,0.0510309,49.2368,0
SMH,secondary,all_to_15:30,all_nonzero_1m,1,239127,685,0.0715264,0,4.05552,49.5799,2.7362
SMH,secondary,all_to_15:30,all_nonzero_1m,5,239127,685,-0.0325519,-5.0307e-13,-0.878065,49.8045,0.00669101
SMH,secondary,all_to_15:30,all_nonzero_1m,15,239127,685,0.06171,8.32667e-13,1.0316,50.1244,0.00250913
SMH,secondary,all_to_15:30,all_nonzero_1m,30,239127,685,0.110014,2.18575e-12,1.26959,50.1372,0.00209094
SMH,secondary,all_to_15:30,1m_|z|>=2,1,13578,670,0.327936,0,2.99651,49.7604,1.64973
SMH,secondary,all_to_15:30,1m_|z|>=2,5,13578,670,0.582008,5.0307e-13,2.44984,50.1363,0.00736485
SMH,secondary,all_to_15:30,1m_|z|>=2,15,13578,670,0.401583,1.72605e-12,1.21066,50.162,0
SMH,secondary,all_to_15:30,1m_|z|>=2,30,13578,670,1.24036,0.270239,2.30403,50.1915,0
SMH,secondary,all_to_15:30,1m_|z|>=3,1,3244,504,0.241692,0,1.01493,49.8911,0.893958
SMH,secondary,all_to_15:30,1m_|z|>=3,5,3244,504,0.23613,-0.418781,0.426982,49.476,0
SMH,secondary,all_to_15:30,1m_|z|>=3,15,3244,504,-1.22905,-0.812463,-1.62802,48.9211,0
SMH,secondary,all_to_15:30,1m_|z|>=3,30,3244,504,-0.173006,-1.07048,-0.140309,49.1369,0
SMH,secondary,09:35-10:00,all_nonzero_5m,1,3425,685,0.191504,0,0.759203,50.4877,1.22628
SMH,secondary,09:35-10:00,all_nonzero_5m,5,3425,685,0.103857,-0.0918447,0.206336,49.7518,0
SMH,secondary,09:35-10:00,all_nonzero_5m,15,3425,685,0.689604,1.66336,0.851075,51.3285,0
SMH,secondary,09:35-10:00,all_nonzero_5m,30,3425,685,0.654595,1.15033,0.619088,50.8029,0
SMH,secondary,09:35-10:00,5m_|z|>=2,1,184,157,-0.0139174,0.693482,-0.00741902,52.459,0.543478
SMH,secondary,09:35-10:00,5m_|z|>=2,5,184,157,-5.34502,-3.72632,-1.79021,46.7391,0
SMH,secondary,09:35-10:00,5m_|z|>=2,15,184,157,-1.98153,-0.42069,-0.533566,49.4565,0
SMH,secondary,09:35-10:00,5m_|z|>=2,30,184,157,-4.35858,-5.39429,-0.858925,48.913,0
SMH,secondary,09:35-10:00,5m_|z|>=3,1,22,19,-13.2816,-6.99912,-1.69328,31.8182,0
SMH,secondary,09:35-10:00,5m_|z|>=3,5,22,19,-18.5641,-20.5794,-1.72245,31.8182,0
SMH,secondary,09:35-10:00,5m_|z|>=3,15,22,19,-7.32259,1.90958,-0.576797,54.5455,0
SMH,secondary,09:35-10:00,5m_|z|>=3,30,22,19,-19.014,-1.79116,-1.04564,50,0
SMH,secondary,10:00-15:30,all_nonzero_5m,1,45210,685,-0.0191388,0,-0.529247,49.2614,2.82017
SMH,secondary,10:00-15:30,all_nonzero_5m,5,45210,685,-0.042973,-7.60839e-13,-0.536143,49.6859,0.0044238
SMH,secondary,10:00-15:30,all_nonzero_5m,15,45210,685,0.00316427,1.00614e-12,0.0233679,50.1582,0.0022119
SMH,secondary,10:00-15:30,all_nonzero_5m,30,45210,685,0.377052,0.449469,1.92723,50.6393,0.0044238
SMH,secondary,10:00-15:30,5m_|z|>=2,1,2681,561,0.0687884,0,0.325033,49.5632,1.79038
SMH,secondary,10:00-15:30,5m_|z|>=2,5,2681,561,-0.22847,-0.437072,-0.460026,49.2727,0
SMH,secondary,10:00-15:30,5m_|z|>=2,15,2681,561,-0.349557,0.61476,-0.47301,50.6527,0
SMH,secondary,10:00-15:30,5m_|z|>=2,30,2681,561,1.68197,1.35419,1.42761,51.2868,0
SMH,secondary,10:00-15:30,5m_|z|>=3,1,641,259,0.0253043,0,0.0538706,50.4732,1.09204
SMH,secondary,10:00-15:30,5m_|z|>=3,5,641,259,-0.952093,-1.53891,-0.643384,47.5819,0
SMH,secondary,10:00-15:30,5m_|z|>=3,15,641,259,-1.75661,0.601305,-0.913443,50.234,0
SMH,secondary,10:00-15:30,5m_|z|>=3,30,641,259,1.75438,1.91418,0.601445,51.014,0
SMH,secondary,all_to_15:30,all_nonzero_5m,1,48635,685,-0.00430481,0,-0.106325,49.3491,2.70793
SMH,secondary,all_to_15:30,all_nonzero_5m,5,48635,685,-0.0326329,-7.80626e-13,-0.392236,49.6905,0.00411226
SMH,secondary,all_to_15:30,all_nonzero_5m,15,48635,685,0.0515051,1.70003e-12,0.369731,50.2406,0.00205613
SMH,secondary,all_to_15:30,all_nonzero_5m,30,48635,685,0.396597,0.460532,1.98242,50.6508,0.00411226
SMH,secondary,all_to_15:30,5m_|z|>=2,1,2865,574,0.0634768,0,0.262604,49.7514,1.7103
SMH,secondary,all_to_15:30,5m_|z|>=2,5,2865,574,-0.557072,-0.577918,-1.09437,49.1099,0
SMH,secondary,all_to_15:30,5m_|z|>=2,15,2865,574,-0.454368,0.525693,-0.607389,50.5759,0
SMH,secondary,all_to_15:30,5m_|z|>=2,30,2865,574,1.29402,1.25662,1.09071,51.1344,0
SMH,secondary,all_to_15:30,5m_|z|>=3,1,663,264,-0.416253,0,-0.74994,49.8476,1.05581
SMH,secondary,all_to_15:30,5m_|z|>=3,5,663,264,-1.5365,-2.03025,-0.994513,47.0588,0
SMH,secondary,all_to_15:30,5m_|z|>=3,15,663,264,-1.94131,0.601305,-0.994851,50.3771,0
SMH,secondary,all_to_15:30,5m_|z|>=3,30,663,264,1.06524,1.48747,0.357548,50.9804,0
SMH,primary,09:31-10:00,all_nonzero_1m,1,14190,493,0.0466826,0.174929,0.355829,50.6781,0.754052
SMH,primary,09:31-10:00,all_nonzero_1m,5,14190,493,0.262193,0.293845,0.84721,50.3665,0
SMH,primary,09:31-10:00,all_nonzero_1m,15,14190,493,0.673849,-0.306889,1.3028,49.7393,0
SMH,primary,09:31-10:00,all_nonzero_1m,30,14190,493,0.552153,-0.338936,0.845327,49.7322,0
SMH,primary,09:31-10:00,1m_|z|>=2,1,772,304,1.48928,2.34129,2.28978,55.3385,0.518135
SMH,primary,09:31-10:00,1m_|z|>=2,5,772,304,0.100385,0.952308,0.0620329,50.6477,0
SMH,primary,09:31-10:00,1m_|z|>=2,15,772,304,1.99929,-2.26903,0.570061,48.8342,0
SMH,primary,09:31-10:00,1m_|z|>=2,30,772,304,3.73045,3.7026,0.866132,51.4249,0
SMH,primary,09:31-10:00,1m_|z|>=3,1,142,91,1.54075,2.9604,0.848306,57.0423,0
SMH,primary,09:31-10:00,1m_|z|>=3,5,142,91,9.17843,8.1818,1.75942,56.338,0
SMH,primary,09:31-10:00,1m_|z|>=3,15,142,91,6.02038,-6.81897,0.633087,47.8873,0
SMH,primary,09:31-10:00,1m_|z|>=3,30,142,91,14.8694,3.6119,0.899323,52.8169,0
SMH,primary,10:00-15:30,all_nonzero_1m,1,159572,493,-0.012238,0,-0.571441,49.8269,1.89382
SMH,primary,10:00-15:30,all_nonzero_1m,5,159572,493,-0.0287869,-0.000824715,-0.680739,49.5901,0.00125335
SMH,primary,10:00-15:30,all_nonzero_1m,15,159572,493,-0.0861513,-0.175064,-1.12875,49.6249,0.000626676
SMH,primary,10:00-15:30,all_nonzero_1m,30,159572,493,-0.162857,-0.271363,-1.38374,49.6231,0.000626676
SMH,primary,10:00-15:30,1m_|z|>=2,1,9250,450,-0.273497,-0.379767,-1.77461,48.1878,0.972973
SMH,primary,10:00-15:30,1m_|z|>=2,5,9250,450,-0.0429,-0.514519,-0.167011,48.8541,0
SMH,primary,10:00-15:30,1m_|z|>=2,15,9250,450,-0.180473,-1.04393,-0.344273,48.7243,0
SMH,primary,10:00-15:30,1m_|z|>=2,30,9250,450,-0.262241,-1.25597,-0.262827,48.8485,0.0108108
SMH,primary,10:00-15:30,1m_|z|>=3,1,2717,315,-0.316088,-0.516863,-0.966901,47.9406,0.809717
SMH,primary,10:00-15:30,1m_|z|>=3,5,2717,315,0.927184,0.233855,1.46664,50.3128,0
SMH,primary,10:00-15:30,1m_|z|>=3,15,2717,315,-0.776013,-1.47634,-0.747516,48.4358,0
SMH,primary,10:00-15:30,1m_|z|>=3,30,2717,315,-1.34098,-1.26382,-0.613104,48.8586,0.0368053
SMH,primary,all_to_15:30,all_nonzero_1m,1,173762,493,-0.00742633,0,-0.315413,49.8971,1.80074
SMH,primary,all_to_15:30,all_nonzero_1m,5,173762,493,-0.00502454,-1.83881e-12,-0.10392,49.6535,0.001151
SMH,primary,all_to_15:30,all_nonzero_1m,15,173762,493,-0.024087,-0.178185,-0.322197,49.6343,0.0005755
SMH,primary,all_to_15:30,all_nonzero_1m,30,173762,493,-0.104467,-0.272841,-0.941316,49.632,0.0005755
SMH,primary,all_to_15:30,1m_|z|>=2,1,10022,458,-0.137709,-0.29151,-0.937885,48.7409,0.937937
SMH,primary,all_to_15:30,1m_|z|>=2,5,10022,458,-0.0318627,-0.479212,-0.114787,48.9922,0
SMH,primary,all_to_15:30,1m_|z|>=2,15,10022,458,-0.0125647,-1.06447,-0.0267241,48.7328,0
SMH,primary,all_to_15:30,1m_|z|>=2,30,10022,458,0.0453179,-1.10865,0.0551415,49.047,0.00997805
SMH,primary,all_to_15:30,1m_|z|>=3,1,2859,329,-0.223863,-0.41201,-0.710799,48.3962,0.7695
SMH,primary,all_to_15:30,1m_|z|>=3,5,2859,329,1.337,0.370158,1.75283,50.6121,0
SMH,primary,all_to_15:30,1m_|z|>=3,15,2859,329,-0.438452,-1.6921,-0.457334,48.4085,0
SMH,primary,all_to_15:30,1m_|z|>=3,30,2859,329,-0.535845,-1.13733,-0.333634,49.0553,0.0349773
SMH,primary,09:35-10:00,all_nonzero_5m,1,2465,493,-0.172464,-0.41029,-0.56695,48.5936,0.486815
SMH,primary,09:35-10:00,all_nonzero_5m,5,2465,493,0.313374,-0.137218,0.509714,49.7769,0
SMH,primary,09:35-10:00,all_nonzero_5m,15,2465,493,-0.438791,-1.23868,-0.449239,48.7627,0
SMH,primary,09:35-10:00,all_nonzero_5m,30,2465,493,-1.15324,-1.06585,-0.938612,49.0467,0
SMH,primary,09:35-10:00,5m_|z|>=2,1,140,104,-0.208468,-1.80728,-0.122243,47.482,0.714286
SMH,primary,09:35-10:00,5m_|z|>=2,5,140,104,6.01669,3.47638,1.74649,57.8571,0
SMH,primary,09:35-10:00,5m_|z|>=2,15,140,104,6.28267,-0.71662,1.00189,49.2857,0
SMH,primary,09:35-10:00,5m_|z|>=2,30,140,104,4.717,6.48568,0.681907,55.7143,0
SMH,primary,09:35-10:00,5m_|z|>=3,1,18,14,-2.24982,-5.42333,-0.31066,44.4444,0
SMH,primary,09:35-10:00,5m_|z|>=3,5,18,14,25.5116,11.1429,1.38048,50,0
SMH,primary,09:35-10:00,5m_|z|>=3,15,18,14,68.8953,30.4593,1.35049,61.1111,0
SMH,primary,09:35-10:00,5m_|z|>=3,30,18,14,75.9117,33.7408,1.42461,72.2222,0
SMH,primary,10:00-15:30,all_nonzero_5m,1,32538,493,0.00543499,0,0.111953,49.3806,1.76409
SMH,primary,10:00-15:30,all_nonzero_5m,5,32538,493,-0.192803,-0.278234,-2.03134,49.0288,0
SMH,primary,10:00-15:30,all_nonzero_5m,15,32538,493,-0.360372,-0.404228,-2.52571,49.0073,0
SMH,primary,10:00-15:30,all_nonzero_5m,30,32538,493,-0.381432,-0.549149,-1.74738,49.1518,0
SMH,primary,10:00-15:30,5m_|z|>=2,1,1915,362,0.0699305,0,0.219062,49.4447,1.25326
SMH,primary,10:00-15:30,5m_|z|>=2,5,1915,362,0.163464,-0.744266,0.264374,48.8251,0
SMH,primary,10:00-15:30,5m_|z|>=2,15,1915,362,0.560106,0.366504,0.508755,50.5483,0
SMH,primary,10:00-15:30,5m_|z|>=2,30,1915,362,1.70842,-0.624824,0.85631,49.5039,0
SMH,primary,10:00-15:30,5m_|z|>=3,1,574,163,0.678905,0.330911,0.794005,51.0563,1.0453
SMH,primary,10:00-15:30,5m_|z|>=3,5,574,163,0.0855855,-2.03743,0.0543876,46.6899,0
SMH,primary,10:00-15:30,5m_|z|>=3,15,574,163,-0.445178,-1.66306,-0.176455,48.6063,0
SMH,primary,10:00-15:30,5m_|z|>=3,30,574,163,-0.845201,-5.72457,-0.185469,46.6899,0
SMH,primary,all_to_15:30,all_nonzero_5m,1,35003,493,-0.00709314,0,-0.138702,49.3245,1.67414
SMH,primary,all_to_15:30,all_nonzero_5m,5,35003,493,-0.157157,-0.274561,-1.57345,49.0815,0
SMH,primary,all_to_15:30,all_nonzero_5m,15,35003,493,-0.365895,-0.41187,-2.46625,48.9901,0
SMH,primary,all_to_15:30,all_nonzero_5m,30,35003,493,-0.435785,-0.573411,-1.96738,49.1444,0
SMH,primary,all_to_15:30,5m_|z|>=2,1,2055,370,0.0509642,-0.12616,0.163337,49.3103,1.21655
SMH,primary,all_to_15:30,5m_|z|>=2,5,2055,370,0.562224,-0.426003,0.954824,49.4404,0
SMH,primary,all_to_15:30,5m_|z|>=2,15,2055,370,0.949965,0.266209,0.883045,50.4623,0
SMH,primary,all_to_15:30,5m_|z|>=2,30,2055,370,1.91338,-0.172059,1.01312,49.927,0
SMH,primary,all_to_15:30,5m_|z|>=3,1,592,167,0.589856,0.273148,0.721211,50.8532,1.01351
SMH,primary,all_to_15:30,5m_|z|>=3,5,592,167,0.858675,-2.03743,0.537825,46.7905,0
SMH,primary,all_to_15:30,5m_|z|>=3,15,592,167,1.66315,-1.47393,0.656176,48.9865,0
SMH,primary,all_to_15:30,5m_|z|>=3,30,592,167,1.48862,-4.48276,0.436299,47.4662,0
NVDA,secondary,09:31-10:00,all_nonzero_1m,1,19803,685,0.517649,0.21918,3.00802,50.3926,0.313084
NVDA,secondary,09:31-10:00,all_nonzero_1m,5,19803,685,0.65239,0.636922,1.77194,50.505,0.00504974
NVDA,secondary,09:31-10:00,all_nonzero_1m,15,19803,685,0.606992,0.787867,0.988064,50.4166,0
NVDA,secondary,09:31-10:00,all_nonzero_1m,30,19803,685,0.715968,1.67938,0.915759,50.6539,0
NVDA,secondary,09:31-10:00,1m_|z|>=2,1,1088,454,0.67223,0,0.609803,50.1388,0.643382
NVDA,secondary,09:31-10:00,1m_|z|>=2,5,1088,454,3.36151,5.12586,1.63694,52.8493,0
NVDA,secondary,09:31-10:00,1m_|z|>=2,15,1088,454,0.689911,1.51284,0.173675,50.5515,0
NVDA,secondary,09:31-10:00,1m_|z|>=2,30,1088,454,-0.898849,-1.90405,-0.188702,49.7243,0
NVDA,secondary,09:31-10:00,1m_|z|>=3,1,206,133,-2.74961,-1.38832,-0.954058,48.5437,0
NVDA,secondary,09:31-10:00,1m_|z|>=3,5,206,133,1.55891,4.64056,0.272277,53.3981,0
NVDA,secondary,09:31-10:00,1m_|z|>=3,15,206,133,-5.29945,2.02699,-0.667664,50.9709,0
NVDA,secondary,09:31-10:00,1m_|z|>=3,30,206,133,-12.0519,-5.48846,-1.23976,49.5146,0
NVDA,secondary,10:00-15:30,all_nonzero_1m,1,224151,685,0.0326931,-0.200575,1.22345,49.0393,0.832475
NVDA,secondary,10:00-15:30,all_nonzero_1m,5,224151,685,-0.136456,-0.0714794,-2.65025,49.7542,0.00223064
NVDA,secondary,10:00-15:30,all_nonzero_1m,15,224151,685,-0.193101,-0.118366,-2.25079,49.799,0
NVDA,secondary,10:00-15:30,all_nonzero_1m,30,224151,685,-0.187769,-0.264955,-1.59135,49.7738,0.000446128
NVDA,secondary,10:00-15:30,1m_|z|>=2,1,12409,669,0.0464147,-0.53685,0.306005,48.3678,0.515755
NVDA,secondary,10:00-15:30,1m_|z|>=2,5,12409,669,0.0356842,0,0.126772,50,0.00805867
NVDA,secondary,10:00-15:30,1m_|z|>=2,15,12409,669,-0.913066,-0.624629,-1.88945,49.4319,0
NVDA,secondary,10:00-15:30,1m_|z|>=2,30,12409,669,-0.397658,-1.03268,-0.588722,49.2949,0
NVDA,secondary,10:00-15:30,1m_|z|>=3,1,3041,481,0.0813417,-0.459084,0.200902,48.9087,0.559027
NVDA,secondary,10:00-15:30,1m_|z|>=3,5,3041,481,-0.0770659,-0.377144,-0.107223,49.4903,0
NVDA,secondary,10:00-15:30,1m_|z|>=3,15,3041,481,-2.66077,-2.78358,-2.10419,48.2078,0
NVDA,secondary,10:00-15:30,1m_|z|>=3,30,3041,481,-0.735333,-2.59081,-0.43484,48.438,0
NVDA,secondary,all_to_15:30,all_nonzero_1m,1,243954,685,0.0720595,-0.181267,2.50905,49.1497,0.790313
NVDA,secondary,all_to_15:30,all_nonzero_1m,5,243954,685,-0.0724216,-0.020901,-1.26783,49.8151,0.00245948
NVDA,secondary,all_to_15:30,all_nonzero_1m,15,243954,685,-0.128154,-0.0809488,-1.40222,49.8492,0
NVDA,secondary,all_to_15:30,all_nonzero_1m,30,243954,685,-0.114408,-0.184826,-0.947841,49.8453,0.000409913
NVDA,secondary,all_to_15:30,1m_|z|>=2,1,13497,673,0.096862,-0.497962,0.584614,48.5104,0.526043
NVDA,secondary,all_to_15:30,1m_|z|>=2,5,13497,673,0.303781,0.125542,0.956942,50.2297,0.00740905
NVDA,secondary,all_to_15:30,1m_|z|>=2,15,13497,673,-0.783849,-0.592782,-1.52347,49.5221,0
NVDA,secondary,all_to_15:30,1m_|z|>=2,30,13497,673,-0.438059,-1.04353,-0.613772,49.3295,0
NVDA,secondary,all_to_15:30,1m_|z|>=3,1,3247,497,-0.0982629,-0.477296,-0.228431,48.8854,0.52356
NVDA,secondary,all_to_15:30,1m_|z|>=3,5,3247,497,0.0267256,-0.217663,0.0337705,49.7382,0
NVDA,secondary,all_to_15:30,1m_|z|>=3,15,3247,497,-2.82817,-2.75204,-2.28638,48.3831,0
NVDA,secondary,all_to_15:30,1m_|z|>=3,30,3247,497,-1.45329,-2.64473,-0.873281,48.5063,0
NVDA,secondary,09:35-10:00,all_nonzero_5m,1,3425,685,0.976775,0.730469,2.24017,51.2009,0.321168
NVDA,secondary,09:35-10:00,all_nonzero_5m,5,3425,685,1.40463,0.264909,1.69122,50.1752,0.0291971
NVDA,secondary,09:35-10:00,all_nonzero_5m,15,3425,685,-0.0333614,0.512807,-0.02419,50.1898,0
NVDA,secondary,09:35-10:00,all_nonzero_5m,30,3425,685,0.127204,3.2305,0.0693641,51.0949,0
NVDA,secondary,09:35-10:00,5m_|z|>=2,1,186,150,0.401792,-0.539519,0.142313,50,0
NVDA,secondary,09:35-10:00,5m_|z|>=2,5,186,150,-1.21688,-0.543064,-0.26561,50,0
NVDA,secondary,09:35-10:00,5m_|z|>=2,15,186,150,-3.93135,-8.21936,-0.532771,45.6989,0
NVDA,secondary,09:35-10:00,5m_|z|>=2,30,186,150,-4.3688,2.95052,-0.467828,51.0753,0
NVDA,secondary,09:35-10:00,5m_|z|>=3,1,32,26,-8.98101,1.35405,-0.729016,50,0
NVDA,secondary,09:35-10:00,5m_|z|>=3,5,32,26,-16.4062,0.837974,-1.15437,50,0
NVDA,secondary,09:35-10:00,5m_|z|>=3,15,32,26,15.1051,17.6463,0.679548,53.125,0
NVDA,secondary,09:35-10:00,5m_|z|>=3,30,32,26,1.12246,39.9132,0.0368956,56.25,0
NVDA,secondary,10:00-15:30,all_nonzero_5m,1,45210,685,0.0217928,-0.111773,0.362954,49.3208,0.842734
NVDA,secondary,10:00-15:30,all_nonzero_5m,5,45210,685,-0.109874,-0.105088,-0.858153,49.7058,0
NVDA,secondary,10:00-15:30,all_nonzero_5m,15,45210,685,-0.446516,-0.265518,-2.18804,49.6306,0
NVDA,secondary,10:00-15:30,all_nonzero_5m,30,45210,685,-0.185246,-0.233561,-0.689737,49.7888,0.0022119
NVDA,secondary,10:00-15:30,5m_|z|>=2,1,2599,544,-0.619827,-1.46126,-1.846,46.4963,0.615621
NVDA,secondary,10:00-15:30,5m_|z|>=2,5,2599,544,-1.29057,-1.64711,-1.69016,47.98,0
NVDA,secondary,10:00-15:30,5m_|z|>=2,15,2599,544,-2.03771,-0.782748,-1.69544,49.1343,0
NVDA,secondary,10:00-15:30,5m_|z|>=2,30,2599,544,0.351344,-1.43991,0.227648,49.2882,0
NVDA,secondary,10:00-15:30,5m_|z|>=3,1,604,231,-0.907897,-1.65472,-0.928983,46.7554,0.496689
NVDA,secondary,10:00-15:30,5m_|z|>=3,5,604,231,-4.15577,-4.87508,-2.2269,43.2119,0
NVDA,secondary,10:00-15:30,5m_|z|>=3,15,604,231,-4.64788,-4.25678,-1.92651,47.5166,0
NVDA,secondary,10:00-15:30,5m_|z|>=3,30,604,231,0.958809,-4.1687,0.264576,48.1788,0
NVDA,secondary,all_to_15:30,all_nonzero_5m,1,48635,685,0.0890451,-0.0741568,1.33623,49.4538,0.806004
NVDA,secondary,all_to_15:30,all_nonzero_5m,5,48635,685,-0.00321917,-0.080713,-0.0240349,49.7389,0.00205613
NVDA,secondary,all_to_15:30,all_nonzero_5m,15,48635,685,-0.417421,-0.248407,-1.92566,49.67,0
NVDA,secondary,all_to_15:30,all_nonzero_5m,30,48635,685,-0.163243,-0.1286,-0.584235,49.8807,0.00205613
NVDA,secondary,all_to_15:30,5m_|z|>=2,1,2785,554,-0.551597,-1.4608,-1.49389,46.7317,0.574506
NVDA,secondary,all_to_15:30,5m_|z|>=2,5,2785,554,-1.28565,-1.62126,-1.66115,48.1149,0
NVDA,secondary,all_to_15:30,5m_|z|>=2,15,2785,554,-2.16418,-1.1253,-1.78101,48.9048,0
NVDA,secondary,all_to_15:30,5m_|z|>=2,30,2785,554,0.0361029,-1.17682,0.0228988,49.4075,0
NVDA,secondary,all_to_15:30,5m_|z|>=3,1,636,238,-1.31409,-1.55249,-1.19115,46.9194,0.471698
NVDA,secondary,all_to_15:30,5m_|z|>=3,5,636,238,-4.77215,-4.87508,-2.5126,43.5535,0
NVDA,secondary,all_to_15:30,5m_|z|>=3,15,636,238,-3.65402,-3.42052,-1.52087,47.7987,0
NVDA,secondary,all_to_15:30,5m_|z|>=3,30,636,238,0.967043,-3.27353,0.266089,48.5849,0
NVDA,primary,09:31-10:00,all_nonzero_1m,1,14225,493,0.307038,0.448682,1.94116,50.8974,0.513181
NVDA,primary,09:31-10:00,all_nonzero_1m,5,14225,493,0.0325697,0.334409,0.0910448,50.3199,0
NVDA,primary,09:31-10:00,all_nonzero_1m,15,14225,493,0.646413,-0.14475,1.09199,49.8875,0.00702988
NVDA,primary,09:31-10:00,all_nonzero_1m,30,14225,493,0.983037,0.55259,1.28547,50.348,0
NVDA,primary,09:31-10:00,1m_|z|>=2,1,778,319,1.38818,2.3571,1.6925,53.9948,0.257069
NVDA,primary,09:31-10:00,1m_|z|>=2,5,778,319,1.97297,3.3826,0.929986,52.5707,0
NVDA,primary,09:31-10:00,1m_|z|>=2,15,778,319,7.45813,0.0582593,1.26424,50,0
NVDA,primary,09:31-10:00,1m_|z|>=2,30,778,319,8.93776,1.82912,1.0781,50.7712,0
NVDA,primary,09:31-10:00,1m_|z|>=3,1,156,102,-0.0994828,1.43299,-0.0358433,51.9231,0
NVDA,primary,09:31-10:00,1m_|z|>=3,5,156,102,5.74235,9.6934,1.26795,56.4103,0
NVDA,primary,09:31-10:00,1m_|z|>=3,15,156,102,11.981,7.79935,1.36115,54.4872,0
NVDA,primary,09:31-10:00,1m_|z|>=3,30,156,102,24.3475,18.513,1.817,57.0513,0
NVDA,primary,10:00-15:30,all_nonzero_1m,1,160839,493,0.0433933,0,1.74729,49.7626,1.12784
NVDA,primary,10:00-15:30,all_nonzero_1m,5,160839,493,-0.0843338,-0.0446492,-1.52696,49.6254,0.00497392
NVDA,primary,10:00-15:30,all_nonzero_1m,15,160839,493,-0.120708,-0.220116,-1.24538,49.6674,0.00062174
NVDA,primary,10:00-15:30,all_nonzero_1m,30,160839,493,-0.0584062,-0.266443,-0.392705,49.6978,0.00062174
NVDA,primary,10:00-15:30,1m_|z|>=2,1,8938,470,-0.200277,-0.236168,-1.23459,49.2226,0.693667
NVDA,primary,10:00-15:30,1m_|z|>=2,5,8938,470,-0.366761,-0.302582,-0.951771,49.2951,0
NVDA,primary,10:00-15:30,1m_|z|>=2,15,8938,470,-0.799849,-0.669096,-1.05694,49.2616,0
NVDA,primary,10:00-15:30,1m_|z|>=2,30,8938,470,-0.737205,-1.13918,-0.671806,49.049,0
NVDA,primary,10:00-15:30,1m_|z|>=3,1,2293,333,-0.688546,-0.883858,-1.56678,47.4792,0.523332
NVDA,primary,10:00-15:30,1m_|z|>=3,5,2293,333,-0.405687,-1.73472e-12,-0.449206,49.891,0
NVDA,primary,10:00-15:30,1m_|z|>=3,15,2293,333,-1.91176,-2.30156,-1.20219,48.4082,0
NVDA,primary,10:00-15:30,1m_|z|>=3,30,2293,333,-1.63067,-0.587524,-0.553795,49.4113,0
NVDA,primary,all_to_15:30,all_nonzero_1m,1,175064,493,0.064816,0,2.4314,49.8554,1.07789
NVDA,primary,all_to_15:30,all_nonzero_1m,5,175064,493,-0.0748347,-0.0164781,-1.27623,49.6818,0.00456976
NVDA,primary,all_to_15:30,all_nonzero_1m,15,175064,493,-0.0583745,-0.214702,-0.616681,49.6853,0.00114244
NVDA,primary,all_to_15:30,all_nonzero_1m,30,175064,493,0.0262173,-0.239371,0.179212,49.7507,0.00057122
NVDA,primary,all_to_15:30,1m_|z|>=2,1,9716,475,-0.0730832,-0.0070614,-0.439316,49.6063,0.658707
NVDA,primary,all_to_15:30,1m_|z|>=2,5,9716,475,-0.17941,-0.226195,-0.486864,49.5574,0
NVDA,primary,all_to_15:30,1m_|z|>=2,15,9716,475,-0.138599,-0.637258,-0.257555,49.3207,0
NVDA,primary,all_to_15:30,1m_|z|>=2,30,9716,475,0.037509,-1.00878,0.0479725,49.1869,0
NVDA,primary,all_to_15:30,1m_|z|>=3,1,2449,344,-0.651023,-0.821997,-1.69045,47.7636,0.489996
NVDA,primary,all_to_15:30,1m_|z|>=3,5,2449,344,-0.01406,0.135046,-0.0154679,50.3062,0
NVDA,primary,all_to_15:30,1m_|z|>=3,15,2449,344,-1.0268,-2.16243,-0.731881,48.7954,0
NVDA,primary,all_to_15:30,1m_|z|>=3,30,2449,344,0.0241233,-1.11022e-12,0.00978542,49.8979,0
NVDA,primary,09:35-10:00,all_nonzero_5m,1,2465,493,-0.493507,0,-1.35479,49.898,0.567951
NVDA,primary,09:35-10:00,all_nonzero_5m,5,2465,493,-0.56358,-1.30723,-0.772473,48.7627,0
NVDA,primary,09:35-10:00,all_nonzero_5m,15,2465,493,-1.23836,-0.00788146,-1.02399,49.8986,0
NVDA,primary,09:35-10:00,all_nonzero_5m,30,2465,493,-1.04062,-0.0054095,-0.687486,49.9797,0
NVDA,primary,09:35-10:00,5m_|z|>=2,1,139,104,-2.63221,-1.14371,-1.2262,49.2754,0.719424
NVDA,primary,09:35-10:00,5m_|z|>=2,5,139,104,-4.66312,-4.72765,-0.960364,46.0432,0
NVDA,primary,09:35-10:00,5m_|z|>=2,15,139,104,-7.71041,-4.04152,-1.01834,48.2014,0
NVDA,primary,09:35-10:00,5m_|z|>=2,30,139,104,-2.57155,1.96329,-0.326029,51.0791,0
NVDA,primary,09:35-10:00,5m_|z|>=3,1,28,24,-14.1495,-2.67968,-2.28779,46.4286,0
NVDA,primary,09:35-10:00,5m_|z|>=3,5,28,24,-2.08651,-24.5128,-0.110104,35.7143,0
NVDA,primary,09:35-10:00,5m_|z|>=3,15,28,24,15.2928,11.7367,0.622781,53.5714,0
NVDA,primary,09:35-10:00,5m_|z|>=3,30,28,24,41.6383,17.7016,1.09882,53.5714,0
NVDA,primary,10:00-15:30,all_nonzero_5m,1,32538,493,-0.151525,-0.222146,-2.79918,48.8492,1.05415
NVDA,primary,10:00-15:30,all_nonzero_5m,5,32538,493,-0.412533,-0.442279,-3.92844,48.7091,0.00614666
NVDA,primary,10:00-15:30,all_nonzero_5m,15,32538,493,-0.58138,-0.720296,-3.41298,48.7799,0
NVDA,primary,10:00-15:30,all_nonzero_5m,30,32538,493,-0.378471,-0.915327,-1.39344,48.8106,0
NVDA,primary,10:00-15:30,5m_|z|>=2,1,1876,382,-0.158423,-0.270206,-0.413693,48.7661,0.639659
NVDA,primary,10:00-15:30,5m_|z|>=2,5,1876,382,-0.72445,-1.52897,-0.906957,47.4414,0
NVDA,primary,10:00-15:30,5m_|z|>=2,15,1876,382,-1.25651,-0.993563,-1.13095,48.8273,0
NVDA,primary,10:00-15:30,5m_|z|>=2,30,1876,382,-1.09845,-1.52855,-0.496532,48.6141,0
NVDA,primary,10:00-15:30,5m_|z|>=3,1,468,164,-0.304462,-0.847106,-0.345727,48.2906,0
NVDA,primary,10:00-15:30,5m_|z|>=3,5,468,164,-2.24887,-2.94614,-1.27057,46.7949,0
NVDA,primary,10:00-15:30,5m_|z|>=3,15,468,164,-3.00447,-2.62019,-1.18064,48.2906,0
NVDA,primary,10:00-15:30,5m_|z|>=3,30,468,164,-4.99343,-5.33189,-0.907577,47.2222,0
NVDA,primary,all_to_15:30,all_nonzero_5m,1,35003,493,-0.175608,-0.219049,-3.07072,48.9234,1.01991
NVDA,primary,all_to_15:30,all_nonzero_5m,5,35003,493,-0.423171,-0.450529,-3.77982,48.7129,0.0057138
NVDA,primary,all_to_15:30,all_nonzero_5m,15,35003,493,-0.627646,-0.706812,-3.56191,48.8587,0
NVDA,primary,all_to_15:30,all_nonzero_5m,30,35003,493,-0.425101,-0.894414,-1.56643,48.893,0
NVDA,primary,all_to_15:30,5m_|z|>=2,1,2015,392,-0.329071,-0.281243,-0.901047,48.8012,0.645161
NVDA,primary,all_to_15:30,5m_|z|>=2,5,2015,392,-0.99615,-1.72101,-1.28949,47.3449,0
NVDA,primary,all_to_15:30,5m_|z|>=2,15,2015,392,-1.70172,-1.0729,-1.54962,48.7841,0
NVDA,primary,all_to_15:30,5m_|z|>=2,30,2015,392,-1.20007,-1.46947,-0.529287,48.7841,0
NVDA,primary,all_to_15:30,5m_|z|>=3,1,496,174,-1.08604,-0.906855,-1.18092,48.1855,0
NVDA,primary,all_to_15:30,5m_|z|>=3,5,496,174,-2.2397,-3.57606,-1.1156,46.1694,0
NVDA,primary,all_to_15:30,5m_|z|>=3,15,496,174,-1.97156,-2.40656,-0.805074,48.5887,0
NVDA,primary,all_to_15:30,5m_|z|>=3,30,496,174,-2.361,-4.70055,-0.59553,47.5806,0
TQQQ,secondary,09:31-10:00,all_nonzero_1m,1,19566,685,0.624281,0.0285878,3.20894,50.768,1.50261
TQQQ,secondary,09:31-10:00,all_nonzero_1m,5,19566,685,0.110346,-0.0326659,0.26443,49.6166,0.0102218
TQQQ,secondary,09:31-10:00,all_nonzero_1m,15,19566,685,1.15714,2.33957,1.6494,51.2215,0
TQQQ,secondary,09:31-10:00,all_nonzero_1m,30,19566,685,1.21822,0.988898,1.28514,50.4038,0
TQQQ,secondary,09:31-10:00,1m_|z|>=2,1,1123,424,1.86155,0.708914,1.97953,51.4905,1.42476
TQQQ,secondary,09:31-10:00,1m_|z|>=2,5,1123,424,0.462196,0.810012,0.218103,50.7569,0
TQQQ,secondary,09:31-10:00,1m_|z|>=2,15,1123,424,-0.0802717,4.08831,-0.022875,51.9145,0
TQQQ,secondary,09:31-10:00,1m_|z|>=2,30,1123,424,-2.46195,-1.78428,-0.473558,49.4212,0
TQQQ,secondary,09:31-10:00,1m_|z|>=3,1,197,132,1.58285,1.75254,0.508763,52.0833,2.53807
TQQQ,secondary,09:31-10:00,1m_|z|>=3,5,197,132,-8.01975,1.44877,-1.51708,50.7614,0
TQQQ,secondary,09:31-10:00,1m_|z|>=3,15,197,132,-13.814,-4.76304,-1.25793,47.2081,0
TQQQ,secondary,09:31-10:00,1m_|z|>=3,30,197,132,-3.58894,-2.28785,-0.236157,48.731,0
TQQQ,secondary,10:00-15:30,all_nonzero_1m,1,220798,685,0.0400381,0,1.11397,49.1323,2.28716
TQQQ,secondary,10:00-15:30,all_nonzero_1m,5,220798,685,-0.16237,-1.14492e-12,-2.12074,49.6415,0.00951096
TQQQ,secondary,10:00-15:30,all_nonzero_1m,15,220798,685,-0.0753943,-6.245e-13,-0.614171,49.9219,0.00317032
TQQQ,secondary,10:00-15:30,all_nonzero_1m,30,220798,685,0.052345,6.39679e-13,0.284658,50.0313,0.00181161
TQQQ,secondary,10:00-15:30,1m_|z|>=2,1,12577,663,0.550951,-0.166181,2.41231,48.9045,1.65381
TQQQ,secondary,10:00-15:30,1m_|z|>=2,5,12577,663,0.400864,-2.18358e-12,0.79028,49.5786,0.00795102
TQQQ,secondary,10:00-15:30,1m_|z|>=2,15,12577,663,-0.0496386,-0.0484378,-0.0680872,49.7734,0
TQQQ,secondary,10:00-15:30,1m_|z|>=2,30,12577,663,0.081229,-0.818297,0.0679682,49.67,0
TQQQ,secondary,10:00-15:30,1m_|z|>=3,1,3489,502,0.346065,-0.118905,0.65002,49.2036,1.03181
TQQQ,secondary,10:00-15:30,1m_|z|>=3,5,3489,502,1.29618,-0.136425,1.20286,49.5271,0
TQQQ,secondary,10:00-15:30,1m_|z|>=3,15,3489,502,-0.382739,-0.0947722,-0.222225,49.8137,0
TQQQ,secondary,10:00-15:30,1m_|z|>=3,30,3489,502,1.83198,0.456504,0.706721,50.2436,0
TQQQ,secondary,all_to_15:30,all_nonzero_1m,1,240364,685,0.0875964,0,2.34324,49.2664,2.22329
TQQQ,secondary,all_to_15:30,all_nonzero_1m,5,240364,685,-0.14017,-1.19696e-12,-1.74415,49.6395,0.00956882
TQQQ,secondary,all_to_15:30,all_nonzero_1m,15,240364,685,0.0249359,2.1684e-13,0.19911,50.0277,0.00291225
TQQQ,secondary,all_to_15:30,all_nonzero_1m,30,240364,685,0.147249,1.20563e-12,0.788586,50.0616,0.00166414
TQQQ,secondary,all_to_15:30,1m_|z|>=2,1,13700,665,0.658383,-0.0338584,3.10631,49.1169,1.63504
TQQQ,secondary,all_to_15:30,1m_|z|>=2,5,13700,665,0.405891,-1.60462e-12,0.809141,49.6752,0.00729927
TQQQ,secondary,all_to_15:30,1m_|z|>=2,15,13700,665,-0.0521496,-6.93889e-13,-0.0718565,49.9489,0
TQQQ,secondary,all_to_15:30,1m_|z|>=2,30,13700,665,-0.127237,-0.876732,-0.112315,49.6496,0
TQQQ,secondary,all_to_15:30,1m_|z|>=3,1,3686,523,0.412166,-0.0560504,0.832267,49.3553,1.11232
TQQQ,secondary,all_to_15:30,1m_|z|>=3,5,3686,523,0.798283,-0.0598306,0.76103,49.5931,0
TQQQ,secondary,all_to_15:30,1m_|z|>=3,15,3686,523,-1.10058,-0.282867,-0.632595,49.6744,0
TQQQ,secondary,all_to_15:30,1m_|z|>=3,30,3686,523,1.54225,0.0428936,0.597224,50.1628,0
TQQQ,secondary,09:35-10:00,all_nonzero_5m,1,3425,685,1.15476,0.746687,2.22739,51.2246,1.05109
TQQQ,secondary,09:35-10:00,all_nonzero_5m,5,3425,685,0.732784,-1.61763e-12,0.736847,49.6934,0
TQQQ,secondary,09:35-10:00,all_nonzero_5m,15,3425,685,2.04545,2.47347,1.34141,51.3577,0
TQQQ,secondary,09:35-10:00,all_nonzero_5m,30,3425,685,-0.228753,1.68308,-0.104872,50.7153,0
TQQQ,secondary,09:35-10:00,5m_|z|>=2,1,186,157,-0.796483,1.90233,-0.268526,51.3514,0.537634
TQQQ,secondary,09:35-10:00,5m_|z|>=2,5,186,157,-4.24337,2.04029,-0.880737,53.7634,0
TQQQ,secondary,09:35-10:00,5m_|z|>=2,15,186,157,-0.285053,11.942,-0.0444138,54.8387,0
TQQQ,secondary,09:35-10:00,5m_|z|>=2,30,186,157,-9.05401,-5.13609,-0.918607,46.7742,0
TQQQ,secondary,09:35-10:00,5m_|z|>=3,1,29,27,-10.1918,-11.0742,-1.0137,41.3793,0
TQQQ,secondary,09:35-10:00,5m_|z|>=3,5,29,27,-0.803882,-1.24056,-0.0514401,48.2759,0
TQQQ,secondary,09:35-10:00,5m_|z|>=3,15,29,27,32.2799,42.8194,2.15853,75.8621,0
TQQQ,secondary,09:35-10:00,5m_|z|>=3,30,29,27,6.77525,18.2374,0.199471,55.1724,0
TQQQ,secondary,10:00-15:30,all_nonzero_5m,1,45210,685,-0.0192288,0,-0.226955,49.2381,2.16766
TQQQ,secondary,10:00-15:30,all_nonzero_5m,5,45210,685,-0.229006,-1.5439e-12,-1.33171,49.5554,0.0044238
TQQQ,secondary,10:00-15:30,all_nonzero_5m,15,45210,685,-0.245247,-1.36609e-13,-0.858441,49.9812,0.0066357
TQQQ,secondary,10:00-15:30,all_nonzero_5m,30,45210,685,0.619947,0.634771,1.57889,50.4313,0.0044238
TQQQ,secondary,10:00-15:30,5m_|z|>=2,1,2670,543,-0.0557061,-0.805463,-0.117699,48.4067,1.27341
TQQQ,secondary,10:00-15:30,5m_|z|>=2,5,2670,543,-1.46825,-1.13753,-1.29214,48.7266,0
TQQQ,secondary,10:00-15:30,5m_|z|>=2,15,2670,543,-1.8963,0.0476633,-1.05323,50.2247,0
TQQQ,secondary,10:00-15:30,5m_|z|>=2,30,2670,543,2.2841,1.44489,0.880205,50.7491,0
TQQQ,secondary,10:00-15:30,5m_|z|>=3,1,723,288,0.527558,-1.28609,0.451777,48.2566,0.829876
TQQQ,secondary,10:00-15:30,5m_|z|>=3,5,723,288,-2.43131,-0.852915,-0.856991,49.101,0
TQQQ,secondary,10:00-15:30,5m_|z|>=3,15,723,288,-1.9952,0.0504031,-0.518542,50.4841,0
TQQQ,secondary,10:00-15:30,5m_|z|>=3,30,723,288,6.66179,7.30033,1.13421,52.8354,0
TQQQ,secondary,all_to_15:30,all_nonzero_5m,1,48635,685,0.0634463,0,0.722026,49.3794,2.08903
TQQQ,secondary,all_to_15:30,all_nonzero_5m,5,48635,685,-0.161274,-1.56125e-12,-0.904644,49.5651,0.00411226
TQQQ,secondary,all_to_15:30,all_nonzero_5m,15,48635,685,-0.0839304,5.55112e-13,-0.292391,50.0781,0.0061684
TQQQ,secondary,all_to_15:30,all_nonzero_5m,30,48635,685,0.560179,0.676338,1.46985,50.4513,0.00411226
TQQQ,secondary,all_to_15:30,5m_|z|>=2,1,2856,560,-0.10395,-0.723914,-0.206648,48.5998,1.22549
TQQQ,secondary,all_to_15:30,5m_|z|>=2,5,2856,560,-1.64898,-0.880697,-1.44812,49.0546,0
TQQQ,secondary,all_to_15:30,5m_|z|>=2,15,2856,560,-1.79137,0.717399,-1.04263,50.5252,0
TQQQ,secondary,all_to_15:30,5m_|z|>=2,30,2856,560,1.5457,1.03266,0.609006,50.4902,0
TQQQ,secondary,all_to_15:30,5m_|z|>=3,1,752,297,0.114179,-1.61183,0.0949516,47.9893,0.797872
TQQQ,secondary,all_to_15:30,5m_|z|>=3,5,752,297,-2.36855,-0.892376,-0.81998,49.0691,0
TQQQ,secondary,all_to_15:30,5m_|z|>=3,15,752,297,-0.67342,3.18682,-0.181647,51.4628,0
TQQQ,secondary,all_to_15:30,5m_|z|>=3,30,752,297,6.66617,7.82531,1.14518,52.9255,0
TQQQ,primary,09:31-10:00,all_nonzero_1m,1,14148,493,0.182659,0.0537502,0.947643,50.6608,1.05315
TQQQ,primary,09:31-10:00,all_nonzero_1m,5,14148,493,0.39433,0.547022,0.841265,50.4524,0
TQQQ,primary,09:31-10:00,all_nonzero_1m,15,14148,493,1.69467,1.53309,1.87541,50.7987,0
TQQQ,primary,09:31-10:00,all_nonzero_1m,30,14148,493,2.55799,1.94772,2.16971,50.827,0
TQQQ,primary,09:31-10:00,1m_|z|>=2,1,817,275,1.69205,1.55274,1.62075,53.1677,1.46879
TQQQ,primary,09:31-10:00,1m_|z|>=2,5,817,275,-0.392374,0.942329,-0.145998,50.5508,0
TQQQ,primary,09:31-10:00,1m_|z|>=2,15,817,275,5.77585,3.45008,0.941169,51.2852,0
TQQQ,primary,09:31-10:00,1m_|z|>=2,30,817,275,7.63262,7.18133,0.851633,52.3868,0
TQQQ,primary,09:31-10:00,1m_|z|>=3,1,191,106,0.93423,1.07339,0.301362,51.5957,1.57068
TQQQ,primary,09:31-10:00,1m_|z|>=3,5,191,106,-0.513537,1.89409,-0.0822527,50.7853,0
TQQQ,primary,09:31-10:00,1m_|z|>=3,15,191,106,-5.84406,-8.22554,-0.619121,46.0733,0
TQQQ,primary,09:31-10:00,1m_|z|>=3,30,191,106,12.4399,-4.72606,0.502373,49.7382,0
TQQQ,primary,10:00-15:30,all_nonzero_1m,1,159454,493,-0.110316,0,-2.7028,49.3791,1.9711
TQQQ,primary,10:00-15:30,all_nonzero_1m,5,159454,493,-0.207388,-0.0156287,-2.57679,49.5723,0.0062714
TQQQ,primary,10:00-15:30,all_nonzero_1m,15,159454,493,-0.231672,-0.0496842,-1.67587,49.6682,0.00250856
TQQQ,primary,10:00-15:30,all_nonzero_1m,30,159454,493,-0.18177,-0.160837,-0.893426,49.7143,0.00188142
TQQQ,primary,10:00-15:30,1m_|z|>=2,1,9476,451,-0.681201,-0.624664,-2.63066,48.4981,1.27691
TQQQ,primary,10:00-15:30,1m_|z|>=2,5,9476,451,-0.668832,-0.974589,-1.25183,49.0554,0.010553
TQQQ,primary,10:00-15:30,1m_|z|>=2,15,9476,451,-1.21798,-1.39315,-1.1343,48.8603,0
TQQQ,primary,10:00-15:30,1m_|z|>=2,30,9476,451,-1.44901,-3.07777,-0.714234,48.4698,0
TQQQ,primary,10:00-15:30,1m_|z|>=3,1,3078,319,-1.50557,-1.87183,-2.74985,46.8545,0.844704
TQQQ,primary,10:00-15:30,1m_|z|>=3,5,3078,319,-1.96063,-2.69632,-1.6547,47.8233,0
TQQQ,primary,10:00-15:30,1m_|z|>=3,15,3078,319,-5.21947,-2.95281,-1.65676,48.0507,0
TQQQ,primary,10:00-15:30,1m_|z|>=3,30,3078,319,-5.12376,-5.55096,-0.999673,47.7908,0
TQQQ,primary,all_to_15:30,all_nonzero_1m,1,173602,493,-0.0864392,0,-2.06261,49.4845,1.89629
TQQQ,primary,all_to_15:30,all_nonzero_1m,5,173602,493,-0.15835,-1.80411e-12,-1.86656,49.644,0.0057603
TQQQ,primary,all_to_15:30,all_nonzero_1m,15,173602,493,-0.0746812,-4.70977e-12,-0.555365,49.7604,0.00230412
TQQQ,primary,all_to_15:30,all_nonzero_1m,30,173602,493,0.0415121,-0.0218162,0.210672,49.805,0.00172809
TQQQ,primary,all_to_15:30,1m_|z|>=2,1,10293,458,-0.492825,-0.411155,-1.84924,48.8681,1.29214
TQQQ,primary,all_to_15:30,1m_|z|>=2,5,10293,458,-0.646889,-0.851462,-1.24837,49.1741,0.00971534
TQQQ,primary,all_to_15:30,1m_|z|>=2,15,10293,458,-0.662847,-1.21396,-0.765174,49.0528,0
TQQQ,primary,all_to_15:30,1m_|z|>=2,30,10293,458,-0.728163,-2.59597,-0.478856,48.7807,0
TQQQ,primary,all_to_15:30,1m_|z|>=3,1,3269,332,-1.36302,-1.63048,-2.63867,47.1296,0.887121
TQQQ,primary,all_to_15:30,1m_|z|>=3,5,3269,332,-1.87608,-2.58565,-1.7763,47.9963,0
TQQQ,primary,all_to_15:30,1m_|z|>=3,15,3269,332,-5.25597,-3.21363,-1.91279,47.9351,0
TQQQ,primary,all_to_15:30,1m_|z|>=3,30,3269,332,-4.09756,-5.52761,-1.05751,47.9046,0
TQQQ,primary,09:35-10:00,all_nonzero_5m,1,2465,493,0.584943,0.0403661,1.15636,50.6984,1.25761
TQQQ,primary,09:35-10:00,all_nonzero_5m,5,2465,493,0.495652,1.12432e-12,0.49351,50.1826,0
TQQQ,primary,09:35-10:00,all_nonzero_5m,15,2465,493,1.12353,0.699185,0.667799,50.2637,0
TQQQ,primary,09:35-10:00,all_nonzero_5m,30,2465,493,3.17829,4.3888,1.47034,52.2515,0
TQQQ,primary,09:35-10:00,5m_|z|>=2,1,158,108,4.01626,2.77593,1.58435,53.8462,1.26582
TQQQ,primary,09:35-10:00,5m_|z|>=2,5,158,108,5.6324,-1.82146e-12,1.13398,49.3671,0
TQQQ,primary,09:35-10:00,5m_|z|>=2,15,158,108,6.73594,-0.608931,0.627837,50,0
TQQQ,primary,09:35-10:00,5m_|z|>=2,30,158,108,-0.49196,-9.83435,-0.0406887,48.7342,0
TQQQ,primary,09:35-10:00,5m_|z|>=3,1,27,23,3.20361,-11.3808,0.340575,40.7407,0
TQQQ,primary,09:35-10:00,5m_|z|>=3,5,27,23,27.3349,11.6826,1.20523,55.5556,0
TQQQ,primary,09:35-10:00,5m_|z|>=3,15,27,23,87.7977,33.7316,1.27375,62.963,0
TQQQ,primary,09:35-10:00,5m_|z|>=3,30,27,23,108.19,25.4849,1.21791,55.5556,0
TQQQ,primary,10:00-15:30,all_nonzero_5m,1,32538,493,-0.045202,0,-0.499713,49.7215,1.77024
TQQQ,primary,10:00-15:30,all_nonzero_5m,5,32538,493,-0.602516,-0.466383,-3.59588,48.9904,0.00307333
TQQQ,primary,10:00-15:30,all_nonzero_5m,15,32538,493,-0.694942,-0.576227,-2.6159,49.3454,0
TQQQ,primary,10:00-15:30,all_nonzero_5m,30,32538,493,-0.735274,-0.568247,-1.78975,49.5436,0.00307333
TQQQ,primary,10:00-15:30,5m_|z|>=2,1,2025,345,-0.26353,-0.540739,-0.447894,48.8279,0.987654
TQQQ,primary,10:00-15:30,5m_|z|>=2,5,2025,345,-1.40666,-2.41509,-1.23725,47.7037,0
TQQQ,primary,10:00-15:30,5m_|z|>=2,15,2025,345,-1.02183,-2.67752,-0.502766,48.0988,0
TQQQ,primary,10:00-15:30,5m_|z|>=2,30,2025,345,-0.716029,-2.15262,-0.196179,48.7407,0
TQQQ,primary,10:00-15:30,5m_|z|>=3,1,669,179,-0.140111,-0.499438,-0.0941904,48.8722,0.597907
TQQQ,primary,10:00-15:30,5m_|z|>=3,5,669,179,-2.01146,-5.13611,-0.786502,45.7399,0
TQQQ,primary,10:00-15:30,5m_|z|>=3,15,669,179,-4.43225,-6.74423,-1.14769,46.3378,0
TQQQ,primary,10:00-15:30,5m_|z|>=3,30,669,179,-1.93628,-2.89694,-0.289566,48.7294,0
TQQQ,primary,all_to_15:30,all_nonzero_5m,1,35003,493,-0.000825526,0,-0.00884793,49.7907,1.73414
TQQQ,primary,all_to_15:30,all_nonzero_5m,5,35003,493,-0.52518,-0.442075,-3.03309,49.0743,0.0028569
TQQQ,primary,all_to_15:30,all_nonzero_5m,15,35003,493,-0.566881,-0.558792,-2.03702,49.4101,0
TQQQ,primary,all_to_15:30,all_nonzero_5m,30,35003,493,-0.459671,-0.163057,-1.12078,49.7343,0.0028569
TQQQ,primary,all_to_15:30,5m_|z|>=2,1,2183,356,0.0462305,-0.196638,0.0788295,49.1902,1.00779
TQQQ,primary,all_to_15:30,5m_|z|>=2,5,2183,356,-0.897191,-2.15903,-0.786762,47.8241,0
TQQQ,primary,all_to_15:30,5m_|z|>=2,15,2183,356,-0.46034,-2.61222,-0.218729,48.2364,0
TQQQ,primary,all_to_15:30,5m_|z|>=2,30,2183,356,-0.699812,-2.61832,-0.206247,48.7403,0
TQQQ,primary,all_to_15:30,5m_|z|>=3,1,696,184,-0.0103976,-0.724218,-0.00712616,48.5549,0.574713
TQQQ,primary,all_to_15:30,5m_|z|>=3,5,696,184,-0.873021,-4.83419,-0.339489,46.1207,0
TQQQ,primary,all_to_15:30,5m_|z|>=3,15,696,184,-0.854362,-5.78746,-0.201899,46.9828,0
TQQQ,primary,all_to_15:30,5m_|z|>=3,30,696,184,2.33587,-2.38885,0.528214,48.9943,0
SQQQ,secondary,09:31-10:00,all_nonzero_1m,1,19424,685,0.392576,0,1.99763,50.2867,2.13653
SQQQ,secondary,09:31-10:00,all_nonzero_1m,5,19424,685,-0.0129421,-7.17742e-13,-0.0300226,49.7554,0.00514827
SQQQ,secondary,09:31-10:00,all_nonzero_1m,15,19424,685,0.784494,1.74466,1.10177,50.937,0
SQQQ,secondary,09:31-10:00,all_nonzero_1m,30,19424,685,0.624357,0.197838,0.643923,50.3758,0
SQQQ,secondary,09:31-10:00,1m_|z|>=2,1,1115,426,1.33272,0.0185563,1.57481,51.1927,2.24215
SQQQ,secondary,09:31-10:00,1m_|z|>=2,5,1115,426,1.24158,1.26311,0.600471,51.5695,0
SQQQ,secondary,09:31-10:00,1m_|z|>=2,15,1115,426,-2.94412,-0.815634,-0.850223,49.8655,0
SQQQ,secondary,09:31-10:00,1m_|z|>=2,30,1115,426,-7.78478,-4.65433,-1.58273,48.4305,0
SQQQ,secondary,09:31-10:00,1m_|z|>=3,1,184,124,2.08563,0.80256,0.664174,52.514,2.71739
SQQQ,secondary,09:31-10:00,1m_|z|>=3,5,184,124,-5.67452,1.72889,-1.11873,51.6304,0
SQQQ,secondary,09:31-10:00,1m_|z|>=3,15,184,124,-5.71059,-0.613181,-0.566147,50,0
SQQQ,secondary,09:31-10:00,1m_|z|>=3,30,184,124,-4.73549,-3.81141,-0.335744,46.7391,0
SQQQ,secondary,10:00-15:30,all_nonzero_1m,1,218583,685,-0.228883,-0.0512294,-5.92781,48.1821,3.12467
SQQQ,secondary,10:00-15:30,all_nonzero_1m,5,218583,685,-0.491355,-0.0730458,-6.30742,49.0542,0.0123523
SQQQ,secondary,10:00-15:30,all_nonzero_1m,15,218583,685,-0.391532,-0.0167954,-3.15823,49.5468,0.00640489
SQQQ,secondary,10:00-15:30,all_nonzero_1m,30,218583,685,-0.278254,-3.4521e-12,-1.52941,49.7424,0.00320244
SQQQ,secondary,10:00-15:30,1m_|z|>=2,1,12236,670,-0.13974,-1.09007,-0.576501,47.0072,2.23929
SQQQ,secondary,10:00-15:30,1m_|z|>=2,5,12236,670,-0.32394,-1.07986,-0.608418,48.5042,0.0163452
SQQQ,secondary,10:00-15:30,1m_|z|>=2,15,12236,670,-0.433683,-1.26334,-0.554957,49.0723,0.00817261
SQQQ,secondary,10:00-15:30,1m_|z|>=2,30,12236,670,0.172813,-0.711006,0.147738,49.4197,0
SQQQ,secondary,10:00-15:30,1m_|z|>=3,1,3201,497,-0.072058,-0.638488,-0.133108,48.4887,1.81193
SQQQ,secondary,10:00-15:30,1m_|z|>=3,5,3201,497,0.721876,-0.0248756,0.549072,49.6407,0
SQQQ,secondary,10:00-15:30,1m_|z|>=3,15,3201,497,-0.237691,1.02349e-12,-0.130713,50.0469,0
SQQQ,secondary,10:00-15:30,1m_|z|>=3,30,3201,497,3.63084,0.551993,1.25644,50.6404,0
SQQQ,secondary,all_to_15:30,all_nonzero_1m,1,238007,685,-0.178165,-0.0260484,-4.41431,48.3554,3.04403
SQQQ,secondary,all_to_15:30,all_nonzero_1m,5,238007,685,-0.452311,-0.0610872,-5.56879,49.1115,0.0117644
SQQQ,secondary,all_to_15:30,all_nonzero_1m,15,238007,685,-0.295556,-2.26381e-12,-2.31941,49.6603,0.00588218
SQQQ,secondary,all_to_15:30,all_nonzero_1m,30,238007,685,-0.204591,-2.498e-12,-1.10812,49.7941,0.00294109
SQQQ,secondary,all_to_15:30,1m_|z|>=2,1,13351,670,-0.0167684,-0.923513,-0.0733449,47.3567,2.23953
SQQQ,secondary,all_to_15:30,1m_|z|>=2,5,13351,670,-0.193196,-0.811985,-0.372149,48.7602,0.0149802
SQQQ,secondary,all_to_15:30,1m_|z|>=2,15,13351,670,-0.64334,-1.22636,-0.822019,49.1386,0.00749008
SQQQ,secondary,all_to_15:30,1m_|z|>=2,30,13351,670,-0.49176,-1.17774,-0.438101,49.3371,0
SQQQ,secondary,all_to_15:30,1m_|z|>=3,1,3385,513,0.0452282,-0.183358,0.0861176,48.7056,1.86115
SQQQ,secondary,all_to_15:30,1m_|z|>=3,5,3385,513,0.374185,-1.27502e-12,0.295538,49.7489,0
SQQQ,secondary,all_to_15:30,1m_|z|>=3,15,3385,513,-0.535183,1.02349e-12,-0.301924,50.0443,0
SQQQ,secondary,all_to_15:30,1m_|z|>=3,30,3385,513,3.17607,0.262931,1.12091,50.4284,0
SQQQ,secondary,09:35-10:00,all_nonzero_5m,1,3425,685,0.812305,0,1.52275,50.5809,1.9854
SQQQ,secondary,09:35-10:00,all_nonzero_5m,5,3425,685,0.58084,5.0307e-13,0.590261,50.1314,0
SQQQ,secondary,09:35-10:00,all_nonzero_5m,15,3425,685,1.569,2.75858,1.04674,51.562,0
SQQQ,secondary,09:35-10:00,all_nonzero_5m,30,3425,685,-0.972362,2.51538,-0.458215,50.9197,0
SQQQ,secondary,09:35-10:00,5m_|z|>=2,1,193,163,-0.890392,0,-0.34,50,0.518135
SQQQ,secondary,09:35-10:00,5m_|z|>=2,5,193,163,-5.55104,1.33574e-12,-1.25515,51.2953,0
SQQQ,secondary,09:35-10:00,5m_|z|>=2,15,193,163,-5.09511,6.29369,-0.822758,51.8135,0
SQQQ,secondary,09:35-10:00,5m_|z|>=2,30,193,163,-16.0565,-7.08717,-1.66268,45.5959,0
SQQQ,secondary,09:35-10:00,5m_|z|>=3,1,25,23,-3.06484,-5.48374,-0.313591,44,0
SQQQ,secondary,09:35-10:00,5m_|z|>=3,5,25,23,3.62895,-6.74485,0.236569,44,0
SQQQ,secondary,09:35-10:00,5m_|z|>=3,15,25,23,22.2375,36.3637,1.38244,64,0
SQQQ,secondary,09:35-10:00,5m_|z|>=3,30,25,23,-18.801,-6.84862,-0.534307,48,0
SQQQ,secondary,10:00-15:30,all_nonzero_5m,1,45209,685,-0.1375,0,-1.6462,48.912,3.12327
SQQQ,secondary,10:00-15:30,all_nonzero_5m,5,45209,685,-0.469058,-2.28983e-12,-2.65493,49.2733,0.0132717
SQQQ,secondary,10:00-15:30,all_nonzero_5m,15,45209,685,-0.431447,-1.0018e-12,-1.51344,49.7887,0.0044239
SQQQ,secondary,10:00-15:30,all_nonzero_5m,30,45209,685,0.170279,1.21431e-12,0.430993,50.1084,0.00221195
SQQQ,secondary,10:00-15:30,5m_|z|>=2,1,2627,548,-0.0670706,-0.0724375,-0.141911,48.7369,2.05558
SQQQ,secondary,10:00-15:30,5m_|z|>=2,5,2627,548,-1.10506,-0.481817,-0.999602,48.9532,0
SQQQ,secondary,10:00-15:30,5m_|z|>=2,15,2627,548,-0.85607,0.620666,-0.445663,51.0088,0
SQQQ,secondary,10:00-15:30,5m_|z|>=2,30,2627,548,4.8108,3.87522,1.78161,51.3133,0
SQQQ,secondary,10:00-15:30,5m_|z|>=3,1,702,280,1.25471,-0.069742,1.09141,48.9855,1.7094
SQQQ,secondary,10:00-15:30,5m_|z|>=3,5,702,280,-2.43763,-3.01256,-0.846443,48.1481,0
SQQQ,secondary,10:00-15:30,5m_|z|>=3,15,702,280,-1.54904,9.54098e-13,-0.397483,50.1425,0
SQQQ,secondary,10:00-15:30,5m_|z|>=3,30,702,280,6.05844,5.28043,1.02877,52.1368,0
SQQQ,secondary,all_to_15:30,all_nonzero_5m,1,48634,685,-0.0706107,0,-0.799644,49.0308,3.04314
SQQQ,secondary,all_to_15:30,all_nonzero_5m,5,48634,685,-0.39512,-1.9559e-12,-2.16541,49.3337,0.012337
SQQQ,secondary,all_to_15:30,all_nonzero_5m,15,48634,685,-0.290567,-3.81639e-13,-1.0209,49.9136,0.00411235
SQQQ,secondary,all_to_15:30,all_nonzero_5m,30,48634,685,0.0898094,1.96024e-12,0.237935,50.1655,0.00205617
SQQQ,secondary,all_to_15:30,5m_|z|>=2,1,2820,560,-0.123418,-0.0552235,-0.259684,48.8246,1.95035
SQQQ,secondary,all_to_15:30,5m_|z|>=2,5,2820,560,-1.40935,-0.33157,-1.32156,49.1135,0
SQQQ,secondary,all_to_15:30,5m_|z|>=2,15,2820,560,-1.14619,0.896639,-0.640197,51.0638,0
SQQQ,secondary,all_to_15:30,5m_|z|>=2,30,2820,560,3.38265,2.37391,1.30384,50.922,0
SQQQ,secondary,all_to_15:30,5m_|z|>=3,1,727,287,1.10617,-0.339002,0.956763,48.8112,1.65062
SQQQ,secondary,all_to_15:30,5m_|z|>=3,5,727,287,-2.22902,-4.02658,-0.783091,48.0055,0
SQQQ,secondary,all_to_15:30,5m_|z|>=3,15,727,287,-0.731068,0.910705,-0.192769,50.619,0
SQQQ,secondary,all_to_15:30,5m_|z|>=3,30,727,287,5.20357,5.15106,0.889605,51.9945,0
SQQQ,primary,09:31-10:00,all_nonzero_1m,1,13991,493,0.184184,0,0.943584,50.5328,2.07991
SQQQ,primary,09:31-10:00,all_nonzero_1m,5,13991,493,0.270311,0.231969,0.579953,50.5683,0.0142949
SQQQ,primary,09:31-10:00,all_nonzero_1m,15,13991,493,1.86125,1.91566,2.07638,51.1615,0
SQQQ,primary,09:31-10:00,all_nonzero_1m,30,13991,493,2.70836,2.2141,2.30663,50.9721,0.00714745
SQQQ,primary,09:31-10:00,1m_|z|>=2,1,809,285,1.11874,1.49875,1.06024,52.3154,1.23609
SQQQ,primary,09:31-10:00,1m_|z|>=2,5,809,285,-1.68497,1.16056,-0.631316,51.2979,0
SQQQ,primary,09:31-10:00,1m_|z|>=2,15,809,285,6.32137,5.02675,1.13511,52.6576,0
SQQQ,primary,09:31-10:00,1m_|z|>=2,30,809,285,7.471,10.2863,1.01933,52.9048,0
SQQQ,primary,09:31-10:00,1m_|z|>=3,1,179,100,1.92789,0.0637351,0.651086,50.5618,0.558659
SQQQ,primary,09:31-10:00,1m_|z|>=3,5,179,100,1.5413,2.60722,0.186742,51.9553,0
SQQQ,primary,09:31-10:00,1m_|z|>=3,15,179,100,10.9454,9.92146,0.783169,51.9553,0
SQQQ,primary,09:31-10:00,1m_|z|>=3,30,179,100,33.9627,2.35544,0.984982,50.838,0
SQQQ,primary,10:00-15:30,all_nonzero_1m,1,157050,493,-0.287396,0,-6.97937,48.656,3.30468
SQQQ,primary,10:00-15:30,all_nonzero_1m,5,157050,493,-0.41287,-0.0254681,-5.36116,49.2259,0.0120981
SQQQ,primary,10:00-15:30,all_nonzero_1m,15,157050,493,-0.464631,-0.0681721,-3.47983,49.3894,0.00254696
SQQQ,primary,10:00-15:30,all_nonzero_1m,30,157050,493,-0.436537,-0.148524,-2.05918,49.4989,0.00382044
SQQQ,primary,10:00-15:30,1m_|z|>=2,1,9172,452,-1.00152,-1.14088,-3.43667,47.3871,1.52638
SQQQ,primary,10:00-15:30,1m_|z|>=2,5,9172,452,-1.01146,-1.33245,-1.88749,48.5281,0
SQQQ,primary,10:00-15:30,1m_|z|>=2,15,9172,452,-1.84192,-1.62121,-1.50983,48.6481,0
SQQQ,primary,10:00-15:30,1m_|z|>=2,30,9172,452,-1.28075,-3.07344,-0.559743,48.2988,0.0218055
SQQQ,primary,10:00-15:30,1m_|z|>=3,1,2812,321,-1.52757,-1.39362,-2.75951,47.2662,1.13798
SQQQ,primary,10:00-15:30,1m_|z|>=3,5,2812,321,-1.13671,-2.33829,-0.944893,47.9374,0
SQQQ,primary,10:00-15:30,1m_|z|>=3,15,2812,321,-1.70547,-1.94988,-0.465694,48.6842,0
SQQQ,primary,10:00-15:30,1m_|z|>=3,30,2812,321,-0.00629881,-2.94977,-0.000986244,48.862,0
SQQQ,primary,all_to_15:30,all_nonzero_1m,1,171041,493,-0.248821,0,-5.89576,48.8113,3.20449
SQQQ,primary,all_to_15:30,all_nonzero_1m,5,171041,493,-0.356986,-2.22045e-12,-4.37186,49.3358,0.0122778
SQQQ,primary,all_to_15:30,all_nonzero_1m,15,171041,493,-0.274376,-0.0246306,-2.15225,49.5343,0.00233862
SQQQ,primary,all_to_15:30,all_nonzero_1m,30,171041,493,-0.179287,-0.0547416,-0.89388,49.6194,0.00409259
SQQQ,primary,all_to_15:30,1m_|z|>=2,1,9981,461,-0.829661,-0.945768,-2.86132,47.7876,1.50286
SQQQ,primary,all_to_15:30,1m_|z|>=2,5,9981,461,-1.06605,-1.08269,-1.97016,48.7526,0
SQQQ,primary,all_to_15:30,1m_|z|>=2,15,9981,461,-1.18025,-1.31008,-1.22513,48.973,0
SQQQ,primary,all_to_15:30,1m_|z|>=2,30,9981,461,-0.571383,-2.57207,-0.315001,48.6722,0.0200381
SQQQ,primary,all_to_15:30,1m_|z|>=3,1,2991,328,-1.32077,-1.3274,-2.52366,47.4645,1.10331
SQQQ,primary,all_to_15:30,1m_|z|>=3,5,2991,328,-0.97644,-2.1173,-0.933333,48.1779,0
SQQQ,primary,all_to_15:30,1m_|z|>=3,15,2991,328,-0.94836,-1.68677,-0.306865,48.88,0
SQQQ,primary,all_to_15:30,1m_|z|>=3,30,2991,328,2.02662,-2.80978,0.419627,48.9803,0
SQQQ,primary,09:35-10:00,all_nonzero_5m,1,2465,493,0.669995,0,1.33517,50.9512,1.90669
SQQQ,primary,09:35-10:00,all_nonzero_5m,5,2465,493,0.495964,8.23994e-13,0.495309,50.0609,0.0811359
SQQQ,primary,09:35-10:00,all_nonzero_5m,15,2465,493,1.30889,0.0744604,0.780317,50.426,0
SQQQ,primary,09:35-10:00,all_nonzero_5m,30,2465,493,3.53174,4.55905,1.62977,52.0892,0
SQQQ,primary,09:35-10:00,5m_|z|>=2,1,154,109,3.58227,0.984095,1.45245,52.9412,0.649351
SQQQ,primary,09:35-10:00,5m_|z|>=2,5,154,109,8.03711,6.82901,1.65401,55.1948,0
SQQQ,primary,09:35-10:00,5m_|z|>=2,15,154,109,12.3552,0.95682,1.16157,50,0
SQQQ,primary,09:35-10:00,5m_|z|>=2,30,154,109,4.56243,5.79449,0.383349,50.6494,0
SQQQ,primary,09:35-10:00,5m_|z|>=3,1,30,25,0.290218,-12.7419,0.0352394,36.6667,0
SQQQ,primary,09:35-10:00,5m_|z|>=3,5,30,25,20.6751,3.36361,1.11445,50,0
SQQQ,primary,09:35-10:00,5m_|z|>=3,15,30,25,75.4605,23.8063,1.25478,53.3333,0
SQQQ,primary,09:35-10:00,5m_|z|>=3,30,30,25,85.2337,24.4662,1.07987,53.3333,0
SQQQ,primary,10:00-15:30,all_nonzero_5m,1,32538,493,-0.130506,0,-1.46497,49.3955,3.15016
SQQQ,primary,10:00-15:30,all_nonzero_5m,5,32538,493,-0.691052,-0.156566,-4.13015,48.7721,0.00921999
SQQQ,primary,10:00-15:30,all_nonzero_5m,15,32538,493,-0.8012,-0.373987,-2.95336,49.118,0
SQQQ,primary,10:00-15:30,all_nonzero_5m,30,32538,493,-0.794282,-0.418553,-1.9113,49.3546,0.00614666
SQQQ,primary,10:00-15:30,5m_|z|>=2,1,1989,354,-0.47307,-0.894174,-0.606003,47.8571,1.45802
SQQQ,primary,10:00-15:30,5m_|z|>=2,5,1989,354,-2.07026,-2.80466,-1.85581,46.8074,0
SQQQ,primary,10:00-15:30,5m_|z|>=2,15,1989,354,-2.01217,-3.79895,-0.92179,47.3102,0
SQQQ,primary,10:00-15:30,5m_|z|>=2,30,1989,354,-0.446861,-2.28807,-0.107648,48.8185,0
SQQQ,primary,10:00-15:30,5m_|z|>=3,1,628,183,0.613881,-0.82713,0.326413,47.812,1.75159
SQQQ,primary,10:00-15:30,5m_|z|>=3,5,628,183,-1.32704,-5.66538,-0.558915,44.2675,0
SQQQ,primary,10:00-15:30,5m_|z|>=3,15,628,183,-3.3184,-7.2986,-0.698172,46.8153,0
SQQQ,primary,10:00-15:30,5m_|z|>=3,30,628,183,-0.439447,-4.32845,-0.0482607,47.6115,0
SQQQ,primary,all_to_15:30,all_nonzero_5m,1,35003,493,-0.0741331,0,-0.812504,49.5064,3.06259
SQQQ,primary,all_to_15:30,all_nonzero_5m,5,35003,493,-0.607459,-0.139316,-3.53866,48.8628,0.0142845
SQQQ,primary,all_to_15:30,all_nonzero_5m,15,35003,493,-0.652602,-0.250818,-2.32393,49.2101,0
SQQQ,primary,all_to_15:30,all_nonzero_5m,30,35003,493,-0.489632,-0.0740881,-1.1968,49.5472,0.0057138
SQQQ,primary,all_to_15:30,5m_|z|>=2,1,2143,366,-0.181646,-0.690944,-0.244315,48.2253,1.39991
SQQQ,primary,all_to_15:30,5m_|z|>=2,5,2143,366,-1.34392,-2.51364,-1.2613,47.4102,0
SQQQ,primary,all_to_15:30,5m_|z|>=2,15,2143,366,-0.979705,-3.65698,-0.479307,47.5035,0
SQQQ,primary,all_to_15:30,5m_|z|>=2,30,2143,366,-0.0868838,-2.25128,-0.022908,48.9501,0
SQQQ,primary,all_to_15:30,5m_|z|>=3,1,658,191,0.599124,-1.42363,0.317839,47.2952,1.67173
SQQQ,primary,all_to_15:30,5m_|z|>=3,5,658,191,-0.323905,-5.55536,-0.139896,44.5289,0
SQQQ,primary,all_to_15:30,5m_|z|>=3,15,658,191,0.273342,-6.99514,0.0564277,47.1125,0
SQQQ,primary,all_to_15:30,5m_|z|>=3,30,658,191,3.46662,-4.26442,0.484831,47.8723,0
QQQ,secondary,09:31-10:00,all_nonzero_1m,1,19697,685,0.192994,0.132248,3.00734,50.7092,0.852922
QQQ,secondary,09:31-10:00,all_nonzero_1m,5,19697,685,0.0774664,-1.25767e-12,0.550672,49.8147,0
QQQ,secondary,09:31-10:00,all_nonzero_1m,15,19697,685,0.377186,0.825654,1.60671,51.1702,0
QQQ,secondary,09:31-10:00,all_nonzero_1m,30,19697,685,0.331201,0.436862,1.04295,50.5001,0
QQQ,secondary,09:31-10:00,1m_|z|>=2,1,1144,423,0.516446,0.175869,1.69429,51.0582,0.874126
QQQ,secondary,09:31-10:00,1m_|z|>=2,5,1144,423,0.192114,0.235092,0.285128,50.4371,0
QQQ,secondary,09:31-10:00,1m_|z|>=2,15,1144,423,-0.648081,0.490561,-0.56973,50.7867,0
QQQ,secondary,09:31-10:00,1m_|z|>=2,30,1144,423,-1.57546,-1.06317,-0.935689,48.6014,0
QQQ,secondary,09:31-10:00,1m_|z|>=3,1,188,127,0.523006,0.706912,0.49641,52.4064,0.531915
QQQ,secondary,09:31-10:00,1m_|z|>=3,5,188,127,-1.37919,0.277493,-0.783234,50,0
QQQ,secondary,09:31-10:00,1m_|z|>=3,15,188,127,-3.35127,-2.42744,-1.0411,47.8723,0
QQQ,secondary,09:31-10:00,1m_|z|>=3,30,188,127,-1.5563,-1.01424,-0.324302,47.8723,0
QQQ,secondary,10:00-15:30,all_nonzero_1m,1,222641,685,0.0287908,0,2.45229,49.3178,1.49883
QQQ,secondary,10:00-15:30,all_nonzero_1m,5,222641,685,-0.0458065,-1.37911e-12,-1.80315,49.7521,0.00404238
QQQ,secondary,10:00-15:30,all_nonzero_1m,15,222641,685,-0.0294265,-1.42247e-12,-0.713251,49.8969,0.00179661
QQQ,secondary,10:00-15:30,all_nonzero_1m,30,222641,685,0.00597874,-3.03577e-14,0.100965,49.9993,0
QQQ,secondary,10:00-15:30,1m_|z|>=2,1,12614,665,0.225157,-0.132605,2.88962,49.03,1.10988
QQQ,secondary,10:00-15:30,1m_|z|>=2,5,12614,665,0.165768,-7.24247e-13,1.02181,49.8732,0
QQQ,secondary,10:00-15:30,1m_|z|>=2,15,12614,665,0.204258,9.6494e-14,0.866428,50.0079,0
QQQ,secondary,10:00-15:30,1m_|z|>=2,30,12614,665,0.176299,-0.18989,0.451809,49.7225,0
QQQ,secondary,10:00-15:30,1m_|z|>=3,1,3449,504,0.185837,0,1.03523,49.7666,0.608872
QQQ,secondary,10:00-15:30,1m_|z|>=3,5,3449,504,0.557293,-0.117417,1.50053,49.6666,0
QQQ,secondary,10:00-15:30,1m_|z|>=3,15,3449,504,0.0188523,1.21431e-12,0.0344378,50.0725,0
QQQ,secondary,10:00-15:30,1m_|z|>=3,30,3449,504,1.11703,0.274089,1.32936,50.2464,0
QQQ,secondary,all_to_15:30,all_nonzero_1m,1,242338,685,0.0421371,0,3.44766,49.4316,1.44633
QQQ,secondary,all_to_15:30,all_nonzero_1m,5,242338,685,-0.035787,-1.37043e-12,-1.36162,49.7571,0.00371382
QQQ,secondary,all_to_15:30,all_nonzero_1m,15,242338,685,0.00362261,0,0.0856684,50.0004,0.00165059
QQQ,secondary,all_to_15:30,all_nonzero_1m,30,242338,685,0.0324125,1.10155e-12,0.531843,50.04,0
QQQ,secondary,all_to_15:30,1m_|z|>=2,1,13758,666,0.249378,-0.102556,3.44878,49.199,1.09027
QQQ,secondary,all_to_15:30,1m_|z|>=2,5,13758,666,0.167958,-4.87349e-13,1.04705,49.92,0
QQQ,secondary,all_to_15:30,1m_|z|>=2,15,13758,666,0.133384,7.56773e-13,0.555105,50.0727,0
QQQ,secondary,all_to_15:30,1m_|z|>=2,30,13758,666,0.0306378,-0.228988,0.0815041,49.6293,0
QQQ,secondary,all_to_15:30,1m_|z|>=3,1,3637,526,0.203266,0,1.20179,49.9032,0.604894
QQQ,secondary,all_to_15:30,1m_|z|>=3,5,3637,526,0.457194,-0.088503,1.27181,49.6838,0
QQQ,secondary,all_to_15:30,1m_|z|>=3,15,3637,526,-0.155352,-1.60462e-12,-0.292204,49.9588,0
QQQ,secondary,all_to_15:30,1m_|z|>=3,30,3637,526,0.978847,0.22019,1.16859,50.1237,0
QQQ,secondary,09:35-10:00,all_nonzero_5m,1,3425,685,0.341551,0.288538,2.00126,51.0726,0.642336
QQQ,secondary,09:35-10:00,all_nonzero_5m,5,3425,685,0.287697,-0.243046,0.892738,49.3431,0
QQQ,secondary,09:35-10:00,all_nonzero_5m,15,3425,685,0.654837,0.9751,1.3303,51.4745,0
QQQ,secondary,09:35-10:00,all_nonzero_5m,30,3425,685,-0.229386,0.460829,-0.321412,50.5109,0
QQQ,secondary,09:35-10:00,5m_|z|>=2,1,182,152,-0.173644,0.249398,-0.178754,50.2762,0.549451
QQQ,secondary,09:35-10:00,5m_|z|>=2,5,182,152,-1.78454,0.402245,-1.11165,51.6484,0
QQQ,secondary,09:35-10:00,5m_|z|>=2,15,182,152,-1.17303,2.67386,-0.538832,53.2967,0
QQQ,secondary,09:35-10:00,5m_|z|>=2,30,182,152,-5.08259,-3.16364,-1.53026,45.0549,0
QQQ,secondary,09:35-10:00,5m_|z|>=3,1,26,24,-2.64245,-3.31727,-0.758193,42.3077,0
QQQ,secondary,09:35-10:00,5m_|z|>=3,5,26,24,0.473545,-2.21993,0.0853133,42.3077,0
QQQ,secondary,09:35-10:00,5m_|z|>=3,15,26,24,10.6304,13.7702,2.00278,69.2308,0
QQQ,secondary,09:35-10:00,5m_|z|>=3,30,26,24,-4.03914,0.99875,-0.34417,50,0
QQQ,secondary,10:00-15:30,all_nonzero_5m,1,45210,685,0.007785,-0.00220294,0.279646,49.2903,1.36032
QQQ,secondary,10:00-15:30,all_nonzero_5m,5,45210,685,-0.0737521,-1.67184e-12,-1.29029,49.7733,0.0022119
QQQ,secondary,10:00-15:30,all_nonzero_5m,15,45210,685,-0.0945319,-2.86229e-13,-1.00202,49.9757,0
QQQ,secondary,10:00-15:30,all_nonzero_5m,30,45210,685,0.149419,0.157015,1.11789,50.2809,0
QQQ,secondary,10:00-15:30,5m_|z|>=2,1,2640,544,0.0191684,-0.0793129,0.118807,49.2537,1.02273
QQQ,secondary,10:00-15:30,5m_|z|>=2,5,2640,544,-0.462825,-0.240991,-1.24422,49.3939,0
QQQ,secondary,10:00-15:30,5m_|z|>=2,15,2640,544,-0.521023,0.376892,-0.854283,50.9848,0
QQQ,secondary,10:00-15:30,5m_|z|>=2,30,2640,544,0.781756,0.851929,0.904818,50.9091,0
QQQ,secondary,10:00-15:30,5m_|z|>=3,1,718,282,0.291252,-0.433427,0.741355,48.1742,0.835655
QQQ,secondary,10:00-15:30,5m_|z|>=3,5,718,282,-0.166844,0.227234,-0.177394,50.8357,0
QQQ,secondary,10:00-15:30,5m_|z|>=3,15,718,282,-0.00555858,0.700979,-0.00428885,51.2535,0
QQQ,secondary,10:00-15:30,5m_|z|>=3,30,718,282,2.76351,2.82281,1.40623,53.0641,0
QQQ,secondary,all_to_15:30,all_nonzero_5m,1,48635,685,0.0312896,0,1.08542,49.4166,1.30976
QQQ,secondary,all_to_15:30,all_nonzero_5m,5,48635,685,-0.0482979,-2.31586e-12,-0.825133,49.743,0.00205613
QQQ,secondary,all_to_15:30,all_nonzero_5m,15,48635,685,-0.0417595,1.04083e-12,-0.446158,50.0812,0
QQQ,secondary,all_to_15:30,all_nonzero_5m,30,48635,685,0.122743,0.170287,0.955343,50.2971,0
QQQ,secondary,all_to_15:30,5m_|z|>=2,1,2822,556,0.00673326,-0.0563265,0.0397851,49.32,0.992204
QQQ,secondary,all_to_15:30,5m_|z|>=2,5,2822,556,-0.548067,-0.210401,-1.47849,49.5393,0
QQQ,secondary,all_to_15:30,5m_|z|>=2,15,2822,556,-0.563073,0.457179,-0.970397,51.1339,0
QQQ,secondary,all_to_15:30,5m_|z|>=2,30,2822,556,0.403545,0.464946,0.478386,50.5315,0
QQQ,secondary,all_to_15:30,5m_|z|>=3,1,744,290,0.18873,-0.467733,0.470898,47.9675,0.806452
QQQ,secondary,all_to_15:30,5m_|z|>=3,5,744,290,-0.144464,0.214434,-0.153212,50.5376,0
QQQ,secondary,all_to_15:30,5m_|z|>=3,15,744,290,0.366128,1.35506,0.291393,51.8817,0
QQQ,secondary,all_to_15:30,5m_|z|>=3,30,744,290,2.52578,2.82281,1.2986,52.957,0
QQQ,primary,09:31-10:00,all_nonzero_1m,1,14197,493,0.0591236,0.102619,0.921503,50.6775,0.718462
QQQ,primary,09:31-10:00,all_nonzero_1m,5,14197,493,0.122025,0.196273,0.792819,50.7009,0
QQQ,primary,09:31-10:00,all_nonzero_1m,15,14197,493,0.573593,0.616086,1.93941,50.9333,0
QQQ,primary,09:31-10:00,all_nonzero_1m,30,14197,493,0.845413,0.700848,2.15973,50.9051,0
QQQ,primary,09:31-10:00,1m_|z|>=2,1,812,271,0.44381,0.487387,1.25747,52.599,0.492611
QQQ,primary,09:31-10:00,1m_|z|>=2,5,812,271,-0.0696165,0.401844,-0.0767227,50.9852,0
QQQ,primary,09:31-10:00,1m_|z|>=2,15,812,271,2.32911,1.54601,1.12392,52.3399,0
QQQ,primary,09:31-10:00,1m_|z|>=2,30,812,271,3.14346,2.85347,1.04332,53.4483,0
QQQ,primary,09:31-10:00,1m_|z|>=3,1,179,102,0.392258,0.496298,0.419129,52.514,0
QQQ,primary,09:31-10:00,1m_|z|>=3,5,179,102,-0.452999,0.14117,-0.175889,50.2793,0
QQQ,primary,09:31-10:00,1m_|z|>=3,15,179,102,-0.0380621,-3.28464,-0.00815391,46.3687,0
QQQ,primary,09:31-10:00,1m_|z|>=3,30,179,102,8.48491,-3.00973,0.690573,48.0447,0
QQQ,primary,10:00-15:30,all_nonzero_1m,1,160311,493,-0.0313531,0,-2.3612,49.5911,1.44407
QQQ,primary,10:00-15:30,all_nonzero_1m,5,160311,493,-0.0651274,-0.077951,-2.48157,49.5197,0.000623788
QQQ,primary,10:00-15:30,all_nonzero_1m,15,160311,493,-0.0867376,-0.128137,-1.95255,49.6048,0
QQQ,primary,10:00-15:30,all_nonzero_1m,30,160311,493,-0.0527128,-0.150023,-0.781403,49.6579,0
QQQ,primary,10:00-15:30,1m_|z|>=2,1,9484,449,-0.248702,-0.192058,-2.77281,48.5502,0.727541
QQQ,primary,10:00-15:30,1m_|z|>=2,5,9484,449,-0.267044,-0.388621,-1.54401,48.6187,0
QQQ,primary,10:00-15:30,1m_|z|>=2,15,9484,449,-0.548041,-0.500251,-1.55248,48.6925,0
QQQ,primary,10:00-15:30,1m_|z|>=2,30,9484,449,-0.552139,-1.01014,-0.85221,48.4817,0
QQQ,primary,10:00-15:30,1m_|z|>=3,1,3036,322,-0.357008,-0.498074,-1.87718,47.6994,0.494071
QQQ,primary,10:00-15:30,1m_|z|>=3,5,3036,322,-0.579292,-0.829743,-1.62997,48.0237,0
QQQ,primary,10:00-15:30,1m_|z|>=3,15,3036,322,-1.27471,-0.755757,-1.31786,48.2213,0
QQQ,primary,10:00-15:30,1m_|z|>=3,30,3036,322,-1.3577,-1.75963,-0.832559,48.2543,0
QQQ,primary,all_to_15:30,all_nonzero_1m,1,174508,493,-0.0239924,0,-1.76124,49.6801,1.38504
QQQ,primary,all_to_15:30,all_nonzero_1m,5,174508,493,-0.0499018,-0.0410405,-1.7668,49.6158,0.00057304
QQQ,primary,all_to_15:30,all_nonzero_1m,15,174508,493,-0.0330168,-0.0822077,-0.751417,49.7129,0
QQQ,primary,all_to_15:30,all_nonzero_1m,30,174508,493,0.0203536,-0.0925896,0.304869,49.7593,0
QQQ,primary,all_to_15:30,1m_|z|>=2,1,10296,458,-0.194087,-0.167686,-2.11681,48.8702,0.709013
QQQ,primary,all_to_15:30,1m_|z|>=2,5,10296,458,-0.251474,-0.350739,-1.48538,48.8054,0
QQQ,primary,all_to_15:30,1m_|z|>=2,15,10296,458,-0.321133,-0.416004,-1.11734,48.9802,0
QQQ,primary,all_to_15:30,1m_|z|>=2,30,10296,458,-0.260683,-0.795225,-0.546024,48.8733,0
QQQ,primary,all_to_15:30,1m_|z|>=3,1,3215,332,-0.315292,-0.40973,-1.74714,47.9688,0.466563
QQQ,primary,all_to_15:30,1m_|z|>=3,5,3215,332,-0.57226,-0.774376,-1.82334,48.1493,0
QQQ,primary,all_to_15:30,1m_|z|>=3,15,3215,332,-1.20586,-0.834216,-1.5146,48.1182,0
QQQ,primary,all_to_15:30,1m_|z|>=3,30,3215,332,-0.809702,-1.82675,-0.727928,48.2426,0
QQQ,primary,09:35-10:00,all_nonzero_5m,1,2465,493,0.239534,0.151654,1.43668,51.1084,1.17647
QQQ,primary,09:35-10:00,all_nonzero_5m,5,2465,493,0.316016,0.171443,0.958518,50.5071,0
QQQ,primary,09:35-10:00,all_nonzero_5m,15,2465,493,0.41018,0.166319,0.72986,50.2231,0
QQQ,primary,09:35-10:00,all_nonzero_5m,30,2465,493,1.09265,1.44109,1.51491,52.0892,0
QQQ,primary,09:35-10:00,5m_|z|>=2,1,154,108,1.51939,0.399621,1.84124,52.5974,0
QQQ,primary,09:35-10:00,5m_|z|>=2,5,154,108,3.09766,2.75713,2.00988,52.5974,0
QQQ,primary,09:35-10:00,5m_|z|>=2,15,154,108,3.86779,4.38002,1.09767,51.9481,0
QQQ,primary,09:35-10:00,5m_|z|>=2,30,154,108,1.73754,1.67555,0.427579,50.6494,0
QQQ,primary,09:35-10:00,5m_|z|>=3,1,27,22,0.0347153,-4.98155,0.0110337,33.3333,0
QQQ,primary,09:35-10:00,5m_|z|>=3,5,27,22,9.059,-4.51028e-13,1.25527,48.1481,0
QQQ,primary,09:35-10:00,5m_|z|>=3,15,27,22,29.9888,17.4964,1.32998,59.2593,0
QQQ,primary,09:35-10:00,5m_|z|>=3,30,27,22,36.4349,12.9948,1.23595,55.5556,0
QQQ,primary,10:00-15:30,all_nonzero_5m,1,32538,493,-0.0112144,0,-0.36813,49.9844,1.30309
QQQ,primary,10:00-15:30,all_nonzero_5m,5,32538,493,-0.202211,-0.163355,-3.66265,49.0518,0.00307333
QQQ,primary,10:00-15:30,all_nonzero_5m,15,32538,493,-0.246794,-0.177688,-2.77763,49.3392,0
QQQ,primary,10:00-15:30,all_nonzero_5m,30,32538,493,-0.253949,-0.177246,-1.83122,49.5329,0
QQQ,primary,10:00-15:30,5m_|z|>=2,1,2010,346,-0.102805,-0.189202,-0.489081,48.8477,0.696517
QQQ,primary,10:00-15:30,5m_|z|>=2,5,2010,346,-0.633164,-0.807342,-1.66955,47.5622,0
QQQ,primary,10:00-15:30,5m_|z|>=2,15,2010,346,-0.510251,-0.983752,-0.723675,48.1095,0
QQQ,primary,10:00-15:30,5m_|z|>=2,30,2010,346,-0.266219,-0.485358,-0.20708,49.1542,0
QQQ,primary,10:00-15:30,5m_|z|>=3,1,654,181,0.0105413,-0.264104,0.0206426,48.9198,0.917431
QQQ,primary,10:00-15:30,5m_|z|>=3,5,654,181,-0.0686251,-1.37552,-0.0800371,46.6361,0
QQQ,primary,10:00-15:30,5m_|z|>=3,15,654,181,-1.09003,-1.96565,-0.797084,46.4832,0
QQQ,primary,10:00-15:30,5m_|z|>=3,30,654,181,0.275271,-0.522811,0.109545,49.3884,0
QQQ,primary,all_to_15:30,all_nonzero_5m,1,35003,493,0.00644392,0,0.206401,50.0637,1.29417
QQQ,primary,all_to_15:30,all_nonzero_5m,5,35003,493,-0.165716,-0.15911,-2.9193,49.1543,0.0028569
QQQ,primary,all_to_15:30,all_nonzero_5m,15,35003,493,-0.200528,-0.173537,-2.16682,49.4015,0
QQQ,primary,all_to_15:30,all_nonzero_5m,30,35003,493,-0.159118,-0.135008,-1.15854,49.7129,0
QQQ,primary,all_to_15:30,5m_|z|>=2,1,2164,359,0.012638,-0.1641,0.0614917,49.1163,0.64695
QQQ,primary,all_to_15:30,5m_|z|>=2,5,2164,359,-0.367662,-0.610639,-0.998079,47.9205,0
QQQ,primary,all_to_15:30,5m_|z|>=2,15,2164,359,-0.198689,-0.787349,-0.28653,48.3826,0
QQQ,primary,all_to_15:30,5m_|z|>=2,30,2164,359,-0.123622,-0.441543,-0.10393,49.2606,0
QQQ,primary,all_to_15:30,5m_|z|>=3,1,681,186,0.0114997,-0.496973,0.0224677,48.2963,0.881057
QQQ,primary,all_to_15:30,5m_|z|>=3,5,681,186,0.293263,-1.27418,0.346039,46.696,0
QQQ,primary,all_to_15:30,5m_|z|>=3,15,681,186,0.142167,-1.73471,0.0974354,46.9897,0
QQQ,primary,all_to_15:30,5m_|z|>=3,30,681,186,1.70891,-0.480217,0.951409,49.6329,0
