day,x,y,lag_s (+ = x leads y),hy_corr,prevtick_grid_corr
2026-09-14,NVDA,SOXL,-30,0.00537614,0.00198618
2026-09-14,NVDA,SOXL,-29,0.00362813,0.00359772
2026-09-14,NVDA,SOXL,-28,0.00528393,0.00498255
2026-09-14,NVDA,SOXL,-27,-0.00855331,-0.00728871
2026-09-14,NVDA,SOXL,-26,-0.0211762,-0.01857
2026-09-14,NVDA,SOXL,-25,0.0127761,0.013571
2026-09-14,NVDA,SOXL,-24,-0.00529097,-0.00432081
2026-09-14,NVDA,SOXL,-23,0.0105802,0.0106112
2026-09-14,NVDA,SOXL,-22,0.00126923,0.000280014
2026-09-14,NVDA,SOXL,-21,0.00713652,0.00688625
2026-09-14,NVDA,SOXL,-20,0.0104736,0.00996274
2026-09-14,NVDA,SOXL,-19,0.00907526,0.00811167
2026-09-14,NVDA,SOXL,-18,0.00701027,0.00753076
2026-09-14,NVDA,SOXL,-17,0.00191877,0.00392451
2026-09-14,NVDA,SOXL,-16,-0.011782,-0.0106447
2026-09-14,NVDA,SOXL,-15,0.00707669,0.00798565
2026-09-14,NVDA,SOXL,-14,-0.00244523,-0.00112064
2026-09-14,NVDA,SOXL,-13,-0.00485724,-0.0048344
2026-09-14,NVDA,SOXL,-12,0.00226412,0.00192152
2026-09-14,NVDA,SOXL,-11,-0.00966407,-0.0117684
2026-09-14,NVDA,SOXL,-10,-0.000284825,-0.00242871
2026-09-14,NVDA,SOXL,-9,0.00657101,0.00807418
2026-09-14,NVDA,SOXL,-8,-0.0064552,-0.0068838
2026-09-14,NVDA,SOXL,-7,0.0130141,0.013703
2026-09-14,NVDA,SOXL,-6,-0.0114554,-0.00838396
2026-09-14,NVDA,SOXL,-5,-0.0183851,-0.0198783
2026-09-14,NVDA,SOXL,-4,0.0198096,0.0164712
2026-09-14,NVDA,SOXL,-3,0.0253122,0.0248555
2026-09-14,NVDA,SOXL,-2,0.0375924,0.0301315
2026-09-14,NVDA,SOXL,-1,0.0732278,0.0523301
2026-09-14,NVDA,SOXL,0,0.372154,0.362028
2026-09-14,NVDA,SOXL,1,0.0784764,0.0653905
2026-09-14,NVDA,SOXL,2,0.032914,0.029063
2026-09-14,NVDA,SOXL,3,0.0249013,0.0220721
2026-09-14,NVDA,SOXL,4,0.0179008,0.0171624
2026-09-14,NVDA,SOXL,5,0.000319143,0.00109972
2026-09-14,NVDA,SOXL,6,-0.00660644,-0.00659455
2026-09-14,NVDA,SOXL,7,-0.00940441,-0.00979111
2026-09-14,NVDA,SOXL,8,0.0061943,0.00393857
2026-09-14,NVDA,SOXL,9,-0.000459738,-0.00173451
2026-09-14,NVDA,SOXL,10,-0.00145308,0.000418744
2026-09-14,NVDA,SOXL,11,0.00183119,0.00263676
2026-09-14,NVDA,SOXL,12,0.00136922,-0.000908715
2026-09-14,NVDA,SOXL,13,-0.00412954,-0.00526431
2026-09-14,NVDA,SOXL,14,0.0104465,0.00895787
2026-09-14,NVDA,SOXL,15,-0.0036994,-0.00240655
2026-09-14,NVDA,SOXL,16,0.015246,0.0148131
2026-09-14,NVDA,SOXL,17,0.00673488,0.00685797
2026-09-14,NVDA,SOXL,18,0.00112612,0.00139719
2026-09-14,NVDA,SOXL,19,0.00563272,0.00338102
2026-09-14,NVDA,SOXL,20,-0.00230375,-0.000782004
2026-09-14,NVDA,SOXL,21,0.00116816,0.000549789
2026-09-14,NVDA,SOXL,22,0.0161506,0.0147612
2026-09-14,NVDA,SOXL,23,0.0102106,0.00814736
2026-09-14,NVDA,SOXL,24,-0.0133278,-0.0166921
2026-09-14,NVDA,SOXL,25,0.00981357,0.00874202
2026-09-14,NVDA,SOXL,26,-0.00933439,-0.00897581
2026-09-14,NVDA,SOXL,27,-0.0138419,-0.0142163
2026-09-14,NVDA,SOXL,28,0.00542581,0.00652237
2026-09-14,NVDA,SOXL,29,-0.0204747,-0.0195275
2026-09-14,NVDA,SOXL,30,0.00104232,0.00224127
2026-09-14,SOXX,SOXL,-30,0.00414714,0.00451204
2026-09-14,SOXX,SOXL,-29,0.0109539,0.00935816
2026-09-14,SOXX,SOXL,-28,0.00438623,0.00288841
2026-09-14,SOXX,SOXL,-27,-0.0171929,-0.0143589
2026-09-14,SOXX,SOXL,-26,-0.022775,-0.0164044
2026-09-14,SOXX,SOXL,-25,0.00573715,0.0125701
2026-09-14,SOXX,SOXL,-24,0.00761231,0.00752995
2026-09-14,SOXX,SOXL,-23,0.0167141,0.0107279
2026-09-14,SOXX,SOXL,-22,-0.00980421,-0.0107862
2026-09-14,SOXX,SOXL,-21,0.00330437,0.00920029
2026-09-14,SOXX,SOXL,-20,0.0153801,0.0104024
2026-09-14,SOXX,SOXL,-19,0.00708207,0.00661813
2026-09-14,SOXX,SOXL,-18,-0.000569891,-0.00116837
2026-09-14,SOXX,SOXL,-17,-0.00443923,-0.000992168
2026-09-14,SOXX,SOXL,-16,-0.0103842,-0.00129116
2026-09-14,SOXX,SOXL,-15,0.0114621,0.0136286
2026-09-14,SOXX,SOXL,-14,0.00355095,0.00419311
2026-09-14,SOXX,SOXL,-13,0.0110211,0.00146647
2026-09-14,SOXX,SOXL,-12,-0.0185143,-0.0246219
2026-09-14,SOXX,SOXL,-11,-0.00918832,-0.0138133
2026-09-14,SOXX,SOXL,-10,0.0137321,0.0141609
2026-09-14,SOXX,SOXL,-9,0.01595,0.0092795
2026-09-14,SOXX,SOXL,-8,-0.00944207,-0.0115948
2026-09-14,SOXX,SOXL,-7,-0.0266353,-0.0163515
2026-09-14,SOXX,SOXL,-6,-0.0185975,-0.00637948
2026-09-14,SOXX,SOXL,-5,-0.000770564,-0.000853616
2026-09-14,SOXX,SOXL,-4,0.0263357,0.0188284
2026-09-14,SOXX,SOXL,-3,0.0535476,0.0329805
2026-09-14,SOXX,SOXL,-2,0.107727,0.0643469
2026-09-14,SOXX,SOXL,-1,0.245229,0.151562
2026-09-14,SOXX,SOXL,0,0.738066,0.618282
2026-09-14,SOXX,SOXL,1,0.28758,0.0611009
2026-09-14,SOXX,SOXL,2,0.137882,0.0127512
2026-09-14,SOXX,SOXL,3,0.0898184,0.0225638
2026-09-14,SOXX,SOXL,4,0.0630496,0.0183343
2026-09-14,SOXX,SOXL,5,0.0255232,0.00514154
2026-09-14,SOXX,SOXL,6,0.00066733,-0.0164994
2026-09-14,SOXX,SOXL,7,-0.0113418,-0.0150225
2026-09-14,SOXX,SOXL,8,-0.00181222,-0.00249577
2026-09-14,SOXX,SOXL,9,-0.00212367,0.00401847
2026-09-14,SOXX,SOXL,10,0.00662393,0.00612975
2026-09-14,SOXX,SOXL,11,-0.00416228,-0.00658148
2026-09-14,SOXX,SOXL,12,-0.00456268,-0.00685124
2026-09-14,SOXX,SOXL,13,-0.0147431,-0.0108499
2026-09-14,SOXX,SOXL,14,-0.00478605,0.00902568
2026-09-14,SOXX,SOXL,15,-0.00207731,0.00646295
2026-09-14,SOXX,SOXL,16,-0.0079189,-0.00698507
2026-09-14,SOXX,SOXL,17,0.00415906,0.00178077
2026-09-14,SOXX,SOXL,18,0.0118951,0.00864156
2026-09-14,SOXX,SOXL,19,-0.00405083,-0.00454072
2026-09-14,SOXX,SOXL,20,0.0164846,0.0137731
2026-09-14,SOXX,SOXL,21,-0.0104328,-0.00612076
2026-09-14,SOXX,SOXL,22,0.00398925,0.00312397
2026-09-14,SOXX,SOXL,23,0.0118689,0.0136087
2026-09-14,SOXX,SOXL,24,0.0174011,0.00782046
2026-09-14,SOXX,SOXL,25,0.019829,0.0122169
2026-09-14,SOXX,SOXL,26,-0.00725261,-0.0173441
2026-09-14,SOXX,SOXL,27,-0.00311201,-0.00459907
2026-09-14,SOXX,SOXL,28,0.00482097,0.0035626
2026-09-14,SOXX,SOXL,29,0.01427,0.00403896
2026-09-14,SOXX,SOXL,30,0.0129712,0.00614902
2026-09-14,SMH,SOXL,-30,0.0194105,0.0137412
2026-09-14,SMH,SOXL,-29,0.00570564,0.00155749
2026-09-14,SMH,SOXL,-28,-0.00274439,-0.00291722
2026-09-14,SMH,SOXL,-27,-0.0104759,-0.0114063
2026-09-14,SMH,SOXL,-26,-0.0026321,-0.00409293
2026-09-14,SMH,SOXL,-25,0.01649,0.00935989
2026-09-14,SMH,SOXL,-24,0.00944713,0.000693762
2026-09-14,SMH,SOXL,-23,0.028373,0.0138918
2026-09-14,SMH,SOXL,-22,-0.00348666,-0.0086193
2026-09-14,SMH,SOXL,-21,0.0202707,0.014368
2026-09-14,SMH,SOXL,-20,0.0174476,0.0119834
2026-09-14,SMH,SOXL,-19,-0.00161476,-0.00340319
2026-09-14,SMH,SOXL,-18,0.00589928,0.0093802
2026-09-14,SMH,SOXL,-17,0.00279216,-0.00499254
2026-09-14,SMH,SOXL,-16,-0.00806811,-0.00447097
2026-09-14,SMH,SOXL,-15,0.0133743,0.0136084
2026-09-14,SMH,SOXL,-14,0.005666,0.000274961
2026-09-14,SMH,SOXL,-13,-0.0154796,-0.014796
2026-09-14,SMH,SOXL,-12,-0.0172052,-0.0130316
2026-09-14,SMH,SOXL,-11,-0.0142945,-0.010962
2026-09-14,SMH,SOXL,-10,-0.00706799,0.00460299
2026-09-14,SMH,SOXL,-9,0.000191202,0.00487621
2026-09-14,SMH,SOXL,-8,-0.00776657,-0.0112976
2026-09-14,SMH,SOXL,-7,-0.0159711,-0.00874383
2026-09-14,SMH,SOXL,-6,-0.00553469,-0.00186893
2026-09-14,SMH,SOXL,-5,0.00244768,6.41846e-05
2026-09-14,SMH,SOXL,-4,0.00413091,0.00205775
2026-09-14,SMH,SOXL,-3,0.0472064,0.0343921
2026-09-14,SMH,SOXL,-2,0.081056,0.0552707
2026-09-14,SMH,SOXL,-1,0.23823,0.159154
2026-09-14,SMH,SOXL,0,0.703744,0.618904
2026-09-14,SMH,SOXL,1,0.283378,0.0782407
2026-09-14,SMH,SOXL,2,0.123862,0.0257057
2026-09-14,SMH,SOXL,3,0.0739925,0.0276608
2026-09-14,SMH,SOXL,4,0.0535496,0.0211915
2026-09-14,SMH,SOXL,5,0.0100527,-0.00466718
2026-09-14,SMH,SOXL,6,0.00711844,-0.011551
2026-09-14,SMH,SOXL,7,-0.0192592,-0.0242171
2026-09-14,SMH,SOXL,8,-0.00144576,0.00161294
2026-09-14,SMH,SOXL,9,0.0107576,0.00384509
2026-09-14,SMH,SOXL,10,0.00969745,0.00305593
2026-09-14,SMH,SOXL,11,0.0132182,0.00104511
2026-09-14,SMH,SOXL,12,-0.0120191,-0.0146465
2026-09-14,SMH,SOXL,13,-0.0037083,-0.00667874
2026-09-14,SMH,SOXL,14,0.00207743,0.00447327
2026-09-14,SMH,SOXL,15,0.0132664,0.0167839
2026-09-14,SMH,SOXL,16,-0.0100919,-0.0147071
2026-09-14,SMH,SOXL,17,-0.000139972,0.00342489
2026-09-14,SMH,SOXL,18,0.00225808,0.00506494
2026-09-14,SMH,SOXL,19,-0.0198444,-0.00903341
2026-09-14,SMH,SOXL,20,0.0225941,0.029276
2026-09-14,SMH,SOXL,21,-0.00289304,-0.00794844
2026-09-14,SMH,SOXL,22,0.00981907,0.00422065
2026-09-14,SMH,SOXL,23,0.0179189,0.0147135
2026-09-14,SMH,SOXL,24,0.00546421,-0.00454111
2026-09-14,SMH,SOXL,25,0.0106877,0.0116709
2026-09-14,SMH,SOXL,26,-0.0145132,-0.0167525
2026-09-14,SMH,SOXL,27,-0.00293547,-0.000725136
2026-09-14,SMH,SOXL,28,-0.0206131,-0.00547673
2026-09-14,SMH,SOXL,29,0.00248474,0.00683741
2026-09-14,SMH,SOXL,30,0.00456615,0.00574958
2026-09-14,QQQ,SOXL,-30,0.00556033,0.00504319
2026-09-14,QQQ,SOXL,-29,0.00203832,0.00703414
2026-09-14,QQQ,SOXL,-28,0.00244972,0.00492363
2026-09-14,QQQ,SOXL,-27,-0.00869008,-0.00238414
2026-09-14,QQQ,SOXL,-26,-0.0163457,-0.0130404
2026-09-14,QQQ,SOXL,-25,0.00249773,0.00856587
2026-09-14,QQQ,SOXL,-24,0.00873468,0.00901434
2026-09-14,QQQ,SOXL,-23,0.0217968,0.0147804
2026-09-14,QQQ,SOXL,-22,-0.017253,-0.0208839
2026-09-14,QQQ,SOXL,-21,0.00327949,-2.63274e-06
2026-09-14,QQQ,SOXL,-20,0.0222442,0.0209665
2026-09-14,QQQ,SOXL,-19,-0.0051999,-0.00438164
2026-09-14,QQQ,SOXL,-18,-0.00909073,-0.00565725
2026-09-14,QQQ,SOXL,-17,0.00562338,0.004102
2026-09-14,QQQ,SOXL,-16,-0.0044705,-0.00875471
2026-09-14,QQQ,SOXL,-15,0.0112686,0.0119788
2026-09-14,QQQ,SOXL,-14,0.00884685,0.00621363
2026-09-14,QQQ,SOXL,-13,-0.00865038,-0.0114615
2026-09-14,QQQ,SOXL,-12,-0.0113512,-0.0103337
2026-09-14,QQQ,SOXL,-11,0.000994224,0.000162948
2026-09-14,QQQ,SOXL,-10,0.00664614,0.00573879
2026-09-14,QQQ,SOXL,-9,0.00377209,0.00385348
2026-09-14,QQQ,SOXL,-8,0.000302691,-0.0025488
2026-09-14,QQQ,SOXL,-7,0.000879461,0.000737573
2026-09-14,QQQ,SOXL,-6,-0.00207376,0.00140377
2026-09-14,QQQ,SOXL,-5,-0.00091866,-0.00227887
2026-09-14,QQQ,SOXL,-4,0.0069308,0.0107131
2026-09-14,QQQ,SOXL,-3,0.0216597,0.0191063
2026-09-14,QQQ,SOXL,-2,0.0400485,0.0289095
2026-09-14,QQQ,SOXL,-1,0.119747,0.0824096
2026-09-14,QQQ,SOXL,0,0.584115,0.550526
2026-09-14,QQQ,SOXL,1,0.133526,0.08097
2026-09-14,QQQ,SOXL,2,0.0356734,0.0101059
2026-09-14,QQQ,SOXL,3,0.0384367,0.0350087
2026-09-14,QQQ,SOXL,4,0.030772,0.0279522
2026-09-14,QQQ,SOXL,5,0.00763653,6.28739e-05
2026-09-14,QQQ,SOXL,6,0.000418639,-0.00775647
2026-09-14,QQQ,SOXL,7,-0.0222778,-0.0240049
2026-09-14,QQQ,SOXL,8,0.00714115,0.0113014
2026-09-14,QQQ,SOXL,9,-0.0102976,-0.00965797
2026-09-14,QQQ,SOXL,10,0.00406541,0.00145766
2026-09-14,QQQ,SOXL,11,0.0104156,0.00870935
2026-09-14,QQQ,SOXL,12,-0.00406775,-0.00362301
2026-09-14,QQQ,SOXL,13,0.00063475,0.000379099
2026-09-14,QQQ,SOXL,14,-0.00557058,-0.00391642
2026-09-14,QQQ,SOXL,15,0.00397574,0.00453954
2026-09-14,QQQ,SOXL,16,0.011254,0.00616131
2026-09-14,QQQ,SOXL,17,-0.00210623,-0.00470143
2026-09-14,QQQ,SOXL,18,-0.0078361,-0.00862275
2026-09-14,QQQ,SOXL,19,-0.00606553,-0.00606686
2026-09-14,QQQ,SOXL,20,0.0190843,0.016943
2026-09-14,QQQ,SOXL,21,0.00188744,0.000766835
2026-09-14,QQQ,SOXL,22,-0.00174248,-0.00262692
2026-09-14,QQQ,SOXL,23,0.0239478,0.0200496
2026-09-14,QQQ,SOXL,24,0.00308714,-0.00460192
2026-09-14,QQQ,SOXL,25,-0.00518853,-0.000739132
2026-09-14,QQQ,SOXL,26,-0.0113394,-0.0119498
2026-09-14,QQQ,SOXL,27,-0.0107776,-0.00843408
2026-09-14,QQQ,SOXL,28,0.00364666,0.00843861
2026-09-14,QQQ,SOXL,29,-0.00497437,-0.00747667
2026-09-14,QQQ,SOXL,30,0.012188,0.00377026
2026-09-14,NVDA,SOXS,-30,-0.00950185,-0.00910212
2026-09-14,NVDA,SOXS,-29,0.00387941,-0.000290346
2026-09-14,NVDA,SOXS,-28,-0.00486787,-0.00383406
2026-09-14,NVDA,SOXS,-27,0.0110288,0.011982
2026-09-14,NVDA,SOXS,-26,0.0143246,0.0183098
2026-09-14,NVDA,SOXS,-25,-0.0208779,-0.0231842
2026-09-14,NVDA,SOXS,-24,0.00420259,0.00437932
2026-09-14,NVDA,SOXS,-23,-0.00363741,-0.00510868
2026-09-14,NVDA,SOXS,-22,-0.00975453,-0.00602284
2026-09-14,NVDA,SOXS,-21,-0.00532252,-0.00759836
2026-09-14,NVDA,SOXS,-20,0.00156218,-0.00108282
2026-09-14,NVDA,SOXS,-19,-0.0165975,-0.0183139
2026-09-14,NVDA,SOXS,-18,-0.000637202,-0.00105166
2026-09-14,NVDA,SOXS,-17,0.00242016,-0.000176014
2026-09-14,NVDA,SOXS,-16,0.0116522,0.00932525
2026-09-14,NVDA,SOXS,-15,-0.00504696,-0.00143173
2026-09-14,NVDA,SOXS,-14,0.00235127,0.00282119
2026-09-14,NVDA,SOXS,-13,-0.0123612,-0.00891453
2026-09-14,NVDA,SOXS,-12,0.00630703,0.00393184
2026-09-14,NVDA,SOXS,-11,0.010681,0.0104766
2026-09-14,NVDA,SOXS,-10,-0.00712737,-0.00515381
2026-09-14,NVDA,SOXS,-9,-0.00392999,-0.00413833
2026-09-14,NVDA,SOXS,-8,0.0048052,0.00267731
2026-09-14,NVDA,SOXS,-7,-0.000835214,-0.00191343
2026-09-14,NVDA,SOXS,-6,0.0204561,0.0148086
2026-09-14,NVDA,SOXS,-5,-0.000132634,0.0055111
2026-09-14,NVDA,SOXS,-4,-0.0238703,-0.0143221
2026-09-14,NVDA,SOXS,-3,-0.0480609,-0.0289768
2026-09-14,NVDA,SOXS,-2,-0.0485314,-0.0244484
2026-09-14,NVDA,SOXS,-1,-0.114171,-0.0621352
2026-09-14,NVDA,SOXS,0,-0.366983,-0.340522
2026-09-14,NVDA,SOXS,1,-0.107463,-0.0848919
2026-09-14,NVDA,SOXS,2,-0.035713,-0.0273209
2026-09-14,NVDA,SOXS,3,-0.0304453,-0.024675
2026-09-14,NVDA,SOXS,4,-0.0162979,-0.0154761
2026-09-14,NVDA,SOXS,5,0.00258277,0.00255413
2026-09-14,NVDA,SOXS,6,0.009787,0.00890592
2026-09-14,NVDA,SOXS,7,0.0022028,0.00478385
2026-09-14,NVDA,SOXS,8,-0.00328624,0.00383657
2026-09-14,NVDA,SOXS,9,-0.00948653,-0.00257701
2026-09-14,NVDA,SOXS,10,4.79123e-05,-0.00193064
2026-09-14,NVDA,SOXS,11,-0.00848669,-0.00855918
2026-09-14,NVDA,SOXS,12,0.0065374,0.0091263
2026-09-14,NVDA,SOXS,13,0.00735109,0.00670303
2026-09-14,NVDA,SOXS,14,-0.00202567,-0.00611896
2026-09-14,NVDA,SOXS,15,-0.00360462,-0.00164417
2026-09-14,NVDA,SOXS,16,-0.0234908,-0.0224622
2026-09-14,NVDA,SOXS,17,-0.00453018,-0.00160237
2026-09-14,NVDA,SOXS,18,0.0105479,0.00784676
2026-09-14,NVDA,SOXS,19,-0.0134239,-0.00958957
2026-09-14,NVDA,SOXS,20,-0.00301427,0.00349261
2026-09-14,NVDA,SOXS,21,-0.00194721,-0.00142846
2026-09-14,NVDA,SOXS,22,-0.0101386,-0.00957552
2026-09-14,NVDA,SOXS,23,-0.00591011,-0.00299799
2026-09-14,NVDA,SOXS,24,0.00210482,0.00980687
2026-09-14,NVDA,SOXS,25,-0.00868147,-0.00550617
2026-09-14,NVDA,SOXS,26,0.00095062,0.000589181
2026-09-14,NVDA,SOXS,27,0.0159771,0.014386
2026-09-14,NVDA,SOXS,28,-0.00847107,-0.003856
2026-09-14,NVDA,SOXS,29,0.0173025,0.014421
2026-09-14,NVDA,SOXS,30,0.00448877,0.00297227
2026-09-14,SOXX,SOXS,-30,0.00477904,-0.000889546
2026-09-14,SOXX,SOXS,-29,-0.00825747,-0.0120259
2026-09-14,SOXX,SOXS,-28,-0.000905912,-0.000664162
2026-09-14,SOXX,SOXS,-27,0.0174484,0.0130108
2026-09-14,SOXX,SOXS,-26,0.0147589,0.0173702
2026-09-14,SOXX,SOXS,-25,-0.00309166,-0.011444
2026-09-14,SOXX,SOXS,-24,-0.0084921,-0.0034503
2026-09-14,SOXX,SOXS,-23,-0.0136137,-0.0146708
2026-09-14,SOXX,SOXS,-22,-0.00153991,-0.00110538
2026-09-14,SOXX,SOXS,-21,-0.00253702,0.000644528
2026-09-14,SOXX,SOXS,-20,-0.0017892,-0.00843605
2026-09-14,SOXX,SOXS,-19,-0.0105528,-0.00924774
2026-09-14,SOXX,SOXS,-18,0.00623041,0.0026811
2026-09-14,SOXX,SOXS,-17,0.00614466,-0.000184008
2026-09-14,SOXX,SOXS,-16,0.0146218,0.00542224
2026-09-14,SOXX,SOXS,-15,-0.00763308,-0.0122433
2026-09-14,SOXX,SOXS,-14,-0.0086958,-0.00707486
2026-09-14,SOXX,SOXS,-13,-0.00576628,-0.00313143
2026-09-14,SOXX,SOXS,-12,0.0133357,0.0224067
2026-09-14,SOXX,SOXS,-11,0.00684951,0.00917689
2026-09-14,SOXX,SOXS,-10,-0.0121907,-0.00515219
2026-09-14,SOXX,SOXS,-9,-0.0195663,-0.00837163
2026-09-14,SOXX,SOXS,-8,-0.00159727,0.00347302
2026-09-14,SOXX,SOXS,-7,0.0262626,0.0190165
2026-09-14,SOXX,SOXS,-6,0.0166391,0.00484207
2026-09-14,SOXX,SOXS,-5,-0.00689847,0.00154055
2026-09-14,SOXX,SOXS,-4,-0.0348557,-0.0214734
2026-09-14,SOXX,SOXS,-3,-0.0798526,-0.0319566
2026-09-14,SOXX,SOXS,-2,-0.127477,-0.0504357
2026-09-14,SOXX,SOXS,-1,-0.293166,-0.148398
2026-09-14,SOXX,SOXS,0,-0.736299,-0.601713
2026-09-14,SOXX,SOXS,1,-0.315535,-0.0848332
2026-09-14,SOXX,SOXS,2,-0.159759,-0.0239166
2026-09-14,SOXX,SOXS,3,-0.0983931,-0.0197622
2026-09-14,SOXX,SOXS,4,-0.067454,-0.0132064
2026-09-14,SOXX,SOXS,5,-0.0256874,-0.00386346
2026-09-14,SOXX,SOXS,6,0.000426044,0.010079
2026-09-14,SOXX,SOXS,7,0.0127019,0.0266283
2026-09-14,SOXX,SOXS,8,-0.00640327,-0.0103968
2026-09-14,SOXX,SOXS,9,0.00565844,0.00597288
2026-09-14,SOXX,SOXS,10,-0.0175089,-0.0181218
2026-09-14,SOXX,SOXS,11,0.00356558,0.00897041
2026-09-14,SOXX,SOXS,12,0.00795929,0.0082358
2026-09-14,SOXX,SOXS,13,0.0203945,0.013973
2026-09-14,SOXX,SOXS,14,0.00303867,-0.00410165
2026-09-14,SOXX,SOXS,15,-0.0135125,-0.0160941
2026-09-14,SOXX,SOXS,16,0.00138991,0.00630072
2026-09-14,SOXX,SOXS,17,-0.00341085,0.000280974
2026-09-14,SOXX,SOXS,18,-0.00101013,-0.00194039
2026-09-14,SOXX,SOXS,19,-0.00158815,-0.00574637
2026-09-14,SOXX,SOXS,20,-0.0140076,-0.00855509
2026-09-14,SOXX,SOXS,21,0.00563028,0.00293309
2026-09-14,SOXX,SOXS,22,-0.000207549,0.00151491
2026-09-14,SOXX,SOXS,23,-0.0129054,-0.0120838
2026-09-14,SOXX,SOXS,24,-0.0113049,-0.00261744
2026-09-14,SOXX,SOXS,25,-0.0206648,-0.0156573
2026-09-14,SOXX,SOXS,26,-0.00659959,0.00777268
2026-09-14,SOXX,SOXS,27,0.00483803,0.0164472
2026-09-14,SOXX,SOXS,28,-0.0141357,-0.0118177
2026-09-14,SOXX,SOXS,29,-0.00989602,-0.00445205
2026-09-14,SOXX,SOXS,30,-0.00928065,-0.00456864
2026-09-14,SOXL,SOXS,-30,-0.0114897,-0.0129717
2026-09-14,SOXL,SOXS,-29,0.00151965,-0.00245829
2026-09-14,SOXL,SOXS,-28,0.00182361,-0.00453985
2026-09-14,SOXL,SOXS,-27,0.0115853,0.0103969
2026-09-14,SOXL,SOXS,-26,0.0165289,0.0222753
2026-09-14,SOXL,SOXS,-25,-0.0237416,-0.0208016
2026-09-14,SOXL,SOXS,-24,-0.00131054,0.00158286
2026-09-14,SOXL,SOXS,-23,-0.0245117,-0.0203437
2026-09-14,SOXL,SOXS,-22,-0.0065043,0.00125353
2026-09-14,SOXL,SOXS,-21,-0.00218158,-0.00498708
2026-09-14,SOXL,SOXS,-20,-0.0077723,-0.0111751
2026-09-14,SOXL,SOXS,-19,-0.00320046,-0.00234606
2026-09-14,SOXL,SOXS,-18,3.73098e-05,-0.00109718
2026-09-14,SOXL,SOXS,-17,-0.00526395,-0.00789207
2026-09-14,SOXL,SOXS,-16,0.0181834,0.0150612
2026-09-14,SOXL,SOXS,-15,-0.00558736,-0.00712796
2026-09-14,SOXL,SOXS,-14,-0.00316116,-0.00224475
2026-09-14,SOXL,SOXS,-13,0.00790713,0.00992457
2026-09-14,SOXL,SOXS,-12,0.0056271,0.0075135
2026-09-14,SOXL,SOXS,-11,0.0131772,0.0139944
2026-09-14,SOXL,SOXS,-10,-0.00667491,-0.00300033
2026-09-14,SOXL,SOXS,-9,-0.012286,-0.00609053
2026-09-14,SOXL,SOXS,-8,-0.011203,-0.00677683
2026-09-14,SOXL,SOXS,-7,0.0252125,0.0217065
2026-09-14,SOXL,SOXS,-6,0.0113741,0.00811646
2026-09-14,SOXL,SOXS,-5,0.000321996,0.00297825
2026-09-14,SOXL,SOXS,-4,-0.0329856,-0.0296003
2026-09-14,SOXL,SOXS,-3,-0.0407917,-0.0186354
2026-09-14,SOXL,SOXS,-2,-0.0657783,-0.0191162
2026-09-14,SOXL,SOXS,-1,-0.187078,-0.0893616
2026-09-14,SOXL,SOXS,0,-0.751494,-0.703137
2026-09-14,SOXL,SOXS,1,-0.175024,-0.12652
2026-09-14,SOXL,SOXS,2,-0.0671708,-0.0504707
2026-09-14,SOXL,SOXS,3,-0.0325402,-0.0272635
2026-09-14,SOXL,SOXS,4,-0.0092409,-0.00783869
2026-09-14,SOXL,SOXS,5,-0.00159757,0.000242615
2026-09-14,SOXL,SOXS,6,0.0155299,0.0113242
2026-09-14,SOXL,SOXS,7,0.0147,0.0187207
2026-09-14,SOXL,SOXS,8,-0.00469155,-0.00325268
2026-09-14,SOXL,SOXS,9,-0.0071206,-0.00330566
2026-09-14,SOXL,SOXS,10,-0.0105718,-0.00951069
2026-09-14,SOXL,SOXS,11,0.00947619,0.0102974
2026-09-14,SOXL,SOXS,12,0.0107801,0.0117902
2026-09-14,SOXL,SOXS,13,0.0174457,0.0201716
2026-09-14,SOXL,SOXS,14,-0.0109209,-0.00938604
2026-09-14,SOXL,SOXS,15,-0.0090625,-0.00814529
2026-09-14,SOXL,SOXS,16,0.00170663,0.00854744
2026-09-14,SOXL,SOXS,17,-0.0090807,-0.00754462
2026-09-14,SOXL,SOXS,18,0.00392613,-0.00219293
2026-09-14,SOXL,SOXS,19,0.00471544,0.00687672
2026-09-14,SOXL,SOXS,20,-0.0233917,-0.0185779
2026-09-14,SOXL,SOXS,21,-0.00805576,-0.00666115
2026-09-14,SOXL,SOXS,22,0.00775241,0.0104672
2026-09-14,SOXL,SOXS,23,-0.0140628,-0.013741
2026-09-14,SOXL,SOXS,24,-0.00997702,-0.00619396
2026-09-14,SOXL,SOXS,25,-0.0124337,-0.00713808
2026-09-14,SOXL,SOXS,26,0.00428225,0.00637416
2026-09-14,SOXL,SOXS,27,0.0040914,0.00984108
2026-09-14,SOXL,SOXS,28,-0.00947433,-0.00584791
2026-09-14,SOXL,SOXS,29,-0.00263315,-0.00771615
2026-09-14,SOXL,SOXS,30,-0.00391964,-0.00640003
2026-09-14,NVDA,SOXX,-30,0.0178599,0.0125816
2026-09-14,NVDA,SOXX,-29,0.0028849,-0.00786579
2026-09-14,NVDA,SOXX,-28,0.00910444,0.0104279
2026-09-14,NVDA,SOXX,-27,-0.00616352,-0.00411692
2026-09-14,NVDA,SOXX,-26,-0.0144963,-0.0213176
2026-09-14,NVDA,SOXX,-25,0.0230668,0.0256934
2026-09-14,NVDA,SOXX,-24,-0.00571178,-0.0105049
2026-09-14,NVDA,SOXX,-23,0.00431725,0.0100095
2026-09-14,NVDA,SOXX,-22,0.00430627,0.00202501
2026-09-14,NVDA,SOXX,-21,0.00639949,0.00164522
2026-09-14,NVDA,SOXX,-20,0.00207296,-0.00317628
2026-09-14,NVDA,SOXX,-19,0.0304347,0.0277425
2026-09-14,NVDA,SOXX,-18,-0.00552626,-0.00144204
2026-09-14,NVDA,SOXX,-17,0.00392075,-0.00148604
2026-09-14,NVDA,SOXX,-16,0.000444254,-0.00266089
2026-09-14,NVDA,SOXX,-15,0.00844289,0.00968662
2026-09-14,NVDA,SOXX,-14,-0.00495698,-0.00225904
2026-09-14,NVDA,SOXX,-13,-0.00966165,0.000499887
2026-09-14,NVDA,SOXX,-12,0.00280643,-0.00119547
2026-09-14,NVDA,SOXX,-11,-0.00361894,-0.00943707
2026-09-14,NVDA,SOXX,-10,-0.00161361,0.00478694
2026-09-14,NVDA,SOXX,-9,-0.00914665,-0.0033282
2026-09-14,NVDA,SOXX,-8,0.00416727,0.00268902
2026-09-14,NVDA,SOXX,-7,0.00950735,0.00798868
2026-09-14,NVDA,SOXX,-6,-0.00566286,-0.0139483
2026-09-14,NVDA,SOXX,-5,0.016269,-0.00530716
2026-09-14,NVDA,SOXX,-4,0.0383402,0.0127628
2026-09-14,NVDA,SOXX,-3,0.0634962,0.0168455
2026-09-14,NVDA,SOXX,-2,0.106049,0.0144884
2026-09-14,NVDA,SOXX,-1,0.176885,0.0511897
2026-09-14,NVDA,SOXX,0,0.369818,0.282213
2026-09-14,NVDA,SOXX,1,0.153633,0.0987913
2026-09-14,NVDA,SOXX,2,0.0740621,0.0489227
2026-09-14,NVDA,SOXX,3,0.0389389,0.0333558
2026-09-14,NVDA,SOXX,4,0.0180149,0.0175401
2026-09-14,NVDA,SOXX,5,-0.00456114,0.00312884
2026-09-14,NVDA,SOXX,6,-0.00821093,-0.00365874
2026-09-14,NVDA,SOXX,7,-0.00949703,-0.00608515
2026-09-14,NVDA,SOXX,8,-0.000335326,-0.0110186
2026-09-14,NVDA,SOXX,9,-0.000801374,-0.00110063
2026-09-14,NVDA,SOXX,10,0.0152648,0.00837374
2026-09-14,NVDA,SOXX,11,-0.00311651,-0.00205168
2026-09-14,NVDA,SOXX,12,-0.000586535,-0.0101386
2026-09-14,NVDA,SOXX,13,0.00790345,0.00670444
2026-09-14,NVDA,SOXX,14,-0.00135274,-0.00230935
2026-09-14,NVDA,SOXX,15,0.0148346,0.0159368
2026-09-14,NVDA,SOXX,16,0.00556235,0.00507547
2026-09-14,NVDA,SOXX,17,0.00586543,0.012152
2026-09-14,NVDA,SOXX,18,0.000454011,0.00064516
2026-09-14,NVDA,SOXX,19,0.0166462,0.0112594
2026-09-14,NVDA,SOXX,20,-0.010308,-0.00490995
2026-09-14,NVDA,SOXX,21,-0.00805992,-0.0110855
2026-09-14,NVDA,SOXX,22,0.0118864,0.00770517
2026-09-14,NVDA,SOXX,23,0.00596926,0.00642479
2026-09-14,NVDA,SOXX,24,-0.00400792,-0.00712009
2026-09-14,NVDA,SOXX,25,0.00158697,0.00673601
2026-09-14,NVDA,SOXX,26,-0.0131113,-0.0112919
2026-09-14,NVDA,SOXX,27,-0.00816818,-0.0102732
2026-09-14,NVDA,SOXX,28,-0.00454283,-0.00108429
2026-09-14,NVDA,SOXX,29,-0.00796386,-0.0127465
2026-09-14,NVDA,SOXX,30,-0.0067064,0.0089835
2026-09-14,NVDA,SMH,-30,0.0155986,0.0102839
2026-09-14,NVDA,SMH,-29,0.00144856,0.00592327
2026-09-14,NVDA,SMH,-28,-0.00981672,-0.00719658
2026-09-14,NVDA,SMH,-27,-0.00014783,-0.0085194
2026-09-14,NVDA,SMH,-26,-0.0127877,-0.017423
2026-09-14,NVDA,SMH,-25,0.0141481,0.0249361
2026-09-14,NVDA,SMH,-24,-0.0151873,-0.0171842
2026-09-14,NVDA,SMH,-23,0.0185041,0.0215351
2026-09-14,NVDA,SMH,-22,0.00782014,0.00132118
2026-09-14,NVDA,SMH,-21,-3.35108e-05,0.00440485
2026-09-14,NVDA,SMH,-20,0.00463139,0.00836068
2026-09-14,NVDA,SMH,-19,0.00343254,0.00968935
2026-09-14,NVDA,SMH,-18,0.00446932,0.00494657
2026-09-14,NVDA,SMH,-17,-0.00119011,0.00594533
2026-09-14,NVDA,SMH,-16,-0.0196457,-0.0159602
2026-09-14,NVDA,SMH,-15,0.00346285,0.00814948
2026-09-14,NVDA,SMH,-14,0.00106083,-0.00254194
2026-09-14,NVDA,SMH,-13,-0.000794868,0.00476174
2026-09-14,NVDA,SMH,-12,-0.00400223,-0.00303805
2026-09-14,NVDA,SMH,-11,0.000592981,-0.00521411
2026-09-14,NVDA,SMH,-10,-0.00197129,0.00168019
2026-09-14,NVDA,SMH,-9,0.0154183,0.0109626
2026-09-14,NVDA,SMH,-8,-0.0072456,-0.00639342
2026-09-14,NVDA,SMH,-7,0.00864379,-0.00168845
2026-09-14,NVDA,SMH,-6,-0.0112749,-0.0105281
2026-09-14,NVDA,SMH,-5,-0.000725402,-0.0156009
2026-09-14,NVDA,SMH,-4,0.0289934,0.00593382
2026-09-14,NVDA,SMH,-3,0.0588595,0.0211722
2026-09-14,NVDA,SMH,-2,0.0959963,0.030948
2026-09-14,NVDA,SMH,-1,0.165567,0.0480778
2026-09-14,NVDA,SMH,0,0.42865,0.360762
2026-09-14,NVDA,SMH,1,0.167676,0.114965
2026-09-14,NVDA,SMH,2,0.0690168,0.0567149
2026-09-14,NVDA,SMH,3,0.0383989,0.0322205
2026-09-14,NVDA,SMH,4,-0.0012588,0.000833466
2026-09-14,NVDA,SMH,5,-0.000948514,0.00331757
2026-09-14,NVDA,SMH,6,-0.0084847,-0.00699099
2026-09-14,NVDA,SMH,7,-0.00171567,-0.00149034
2026-09-14,NVDA,SMH,8,0.00720012,0.000565505
2026-09-14,NVDA,SMH,9,-0.00329712,-0.00283123
2026-09-14,NVDA,SMH,10,0.00527836,0.0047099
2026-09-14,NVDA,SMH,11,-0.00466224,0.00020422
2026-09-14,NVDA,SMH,12,-0.00491421,-0.00699085
2026-09-14,NVDA,SMH,13,-0.0131123,-0.00772882
2026-09-14,NVDA,SMH,14,-0.00471269,-0.00658097
2026-09-14,NVDA,SMH,15,0.0201411,0.0207751
2026-09-14,NVDA,SMH,16,0.00388716,0.00160444
2026-09-14,NVDA,SMH,17,0.0146575,0.0098604
2026-09-14,NVDA,SMH,18,-0.0013714,0.00288074
2026-09-14,NVDA,SMH,19,0.00141087,-5.51582e-05
2026-09-14,NVDA,SMH,20,-0.00019408,0.000419311
2026-09-14,NVDA,SMH,21,0.00707354,-0.00252668
2026-09-14,NVDA,SMH,22,0.0145978,0.0121008
2026-09-14,NVDA,SMH,23,0.00842182,0.00446245
2026-09-14,NVDA,SMH,24,-0.0033793,-0.0107512
2026-09-14,NVDA,SMH,25,0.00575887,0.0157365
2026-09-14,NVDA,SMH,26,-0.0144628,-0.0123569
2026-09-14,NVDA,SMH,27,-0.012047,-0.0124935
2026-09-14,NVDA,SMH,28,-0.00534999,-0.000620973
2026-09-14,NVDA,SMH,29,-0.0267578,-0.0241667
2026-09-14,NVDA,SMH,30,0.00709893,0.00370876
2026-09-14,SMH,SOXX,-30,0.00811725,0.00461446
2026-09-14,SMH,SOXX,-29,0.0134729,-0.00331806
2026-09-14,SMH,SOXX,-28,0.00683906,0.00870944
2026-09-14,SMH,SOXX,-27,-0.00612382,-0.009379
2026-09-14,SMH,SOXX,-26,-0.00177638,-0.0119513
2026-09-14,SMH,SOXX,-25,0.0148412,0.0147298
2026-09-14,SMH,SOXX,-24,0.0219691,0.0054109
2026-09-14,SMH,SOXX,-23,0.026607,0.00619773
2026-09-14,SMH,SOXX,-22,0.00463813,0.000559169
2026-09-14,SMH,SOXX,-21,0.0174083,0.00323754
2026-09-14,SMH,SOXX,-20,0.0031402,0.00483145
2026-09-14,SMH,SOXX,-19,0.000924504,0.00739658
2026-09-14,SMH,SOXX,-18,0.0090281,0.00802431
2026-09-14,SMH,SOXX,-17,-0.000609303,-0.00648433
2026-09-14,SMH,SOXX,-16,-0.0133198,-0.00973171
2026-09-14,SMH,SOXX,-15,0.00112103,0.0169965
2026-09-14,SMH,SOXX,-14,-0.00287843,0.00682576
2026-09-14,SMH,SOXX,-13,-0.0213976,-0.0232897
2026-09-14,SMH,SOXX,-12,-0.0147938,-0.0014187
2026-09-14,SMH,SOXX,-11,-0.000824817,-0.00525105
2026-09-14,SMH,SOXX,-10,-0.00214377,0.00725179
2026-09-14,SMH,SOXX,-9,-0.00876226,0.00045446
2026-09-14,SMH,SOXX,-8,-4.28598e-05,-0.00503698
2026-09-14,SMH,SOXX,-7,-0.018031,-0.0201489
2026-09-14,SMH,SOXX,-6,0.00135951,-0.0073451
2026-09-14,SMH,SOXX,-5,0.0305858,0.00953732
2026-09-14,SMH,SOXX,-4,0.0681545,0.0072162
2026-09-14,SMH,SOXX,-3,0.107932,0.0268216
2026-09-14,SMH,SOXX,-2,0.181891,0.0249132
2026-09-14,SMH,SOXX,-1,0.351199,0.108185
2026-09-14,SMH,SOXX,0,0.721157,0.565561
2026-09-14,SMH,SOXX,1,0.347975,0.122495
2026-09-14,SMH,SOXX,2,0.184747,0.0492699
2026-09-14,SMH,SOXX,3,0.106402,0.0364734
2026-09-14,SMH,SOXX,4,0.0565143,0.0212684
2026-09-14,SMH,SOXX,5,0.00758715,-0.0119158
2026-09-14,SMH,SOXX,6,-0.0119486,-0.00312248
2026-09-14,SMH,SOXX,7,-0.018407,-0.0244787
2026-09-14,SMH,SOXX,8,0.000624458,-0.000814169
2026-09-14,SMH,SOXX,9,0.010004,-0.00576858
2026-09-14,SMH,SOXX,10,0.0234901,0.0152828
2026-09-14,SMH,SOXX,11,0.00929227,-0.0103495
2026-09-14,SMH,SOXX,12,-0.00894207,-0.0197438
2026-09-14,SMH,SOXX,13,0.0144546,0.0107177
2026-09-14,SMH,SOXX,14,0.00412366,0.00361294
2026-09-14,SMH,SOXX,15,0.00191548,0.0164131
2026-09-14,SMH,SOXX,16,-0.00111992,-0.0060081
2026-09-14,SMH,SOXX,17,-0.00690292,0.00165103
2026-09-14,SMH,SOXX,18,-0.000541352,0.00508013
2026-09-14,SMH,SOXX,19,0.00218933,0.00270806
2026-09-14,SMH,SOXX,20,-0.00183837,0.00805832
2026-09-14,SMH,SOXX,21,-0.00206935,-0.000632989
2026-09-14,SMH,SOXX,22,0.0047721,0.00147246
2026-09-14,SMH,SOXX,23,0.0166469,0.00868671
2026-09-14,SMH,SOXX,24,0.00997846,-0.000982958
2026-09-14,SMH,SOXX,25,0.00787161,0.0141759
2026-09-14,SMH,SOXX,26,-0.0256178,-0.0209149
2026-09-14,SMH,SOXX,27,-0.0128628,-0.00842962
2026-09-14,SMH,SOXX,28,-0.0235008,0.000304546
2026-09-14,SMH,SOXX,29,-0.00556002,0.0060834
2026-09-14,SMH,SOXX,30,0.000808888,0.00996864
2026-09-15,NVDA,SOXL,-30,-0.00960649,-0.0062102
2026-09-15,NVDA,SOXL,-29,-0.00746391,-0.00810381
2026-09-15,NVDA,SOXL,-28,-0.00998973,-0.0123738
2026-09-15,NVDA,SOXL,-27,0.0115745,0.00542028
2026-09-15,NVDA,SOXL,-26,-0.00949813,-0.0116821
2026-09-15,NVDA,SOXL,-25,0.0074982,0.00691224
2026-09-15,NVDA,SOXL,-24,-0.00313804,-0.00321388
2026-09-15,NVDA,SOXL,-23,0.0155368,0.0174712
2026-09-15,NVDA,SOXL,-22,0.00458437,0.00373045
2026-09-15,NVDA,SOXL,-21,-0.0219302,-0.0205801
2026-09-15,NVDA,SOXL,-20,-0.0198441,-0.0185698
2026-09-15,NVDA,SOXL,-19,0.0109895,0.0113445
2026-09-15,NVDA,SOXL,-18,-0.0055266,-0.0106247
2026-09-15,NVDA,SOXL,-17,-0.00845416,-0.00882586
2026-09-15,NVDA,SOXL,-16,0.00831702,0.00870305
2026-09-15,NVDA,SOXL,-15,0.00467866,0.00272446
2026-09-15,NVDA,SOXL,-14,-0.00312895,-0.000735667
2026-09-15,NVDA,SOXL,-13,0.00548109,0.0063222
2026-09-15,NVDA,SOXL,-12,-0.00047305,0.00147034
2026-09-15,NVDA,SOXL,-11,-0.0115263,-0.0120064
2026-09-15,NVDA,SOXL,-10,0.0111058,0.0118794
2026-09-15,NVDA,SOXL,-9,0.00183706,0.000881465
2026-09-15,NVDA,SOXL,-8,0.00638152,0.00585509
2026-09-15,NVDA,SOXL,-7,0.00125325,0.00208422
2026-09-15,NVDA,SOXL,-6,0.012077,0.0133067
2026-09-15,NVDA,SOXL,-5,-0.0102392,-0.00580065
2026-09-15,NVDA,SOXL,-4,-0.0077145,-0.0046789
2026-09-15,NVDA,SOXL,-3,0.017009,0.00813315
2026-09-15,NVDA,SOXL,-2,0.0306295,0.0125071
2026-09-15,NVDA,SOXL,-1,0.0643336,0.0327505
2026-09-15,NVDA,SOXL,0,0.359064,0.336713
2026-09-15,NVDA,SOXL,1,0.0753044,0.0540604
2026-09-15,NVDA,SOXL,2,0.0141289,0.00234697
2026-09-15,NVDA,SOXL,3,0.0127821,0.0102029
2026-09-15,NVDA,SOXL,4,-0.00672219,-0.00160605
2026-09-15,NVDA,SOXL,5,0.00377895,0.000445339
2026-09-15,NVDA,SOXL,6,-0.00548266,-0.00479725
2026-09-15,NVDA,SOXL,7,-0.00391317,-0.00590719
2026-09-15,NVDA,SOXL,8,-0.00582717,-0.0120632
2026-09-15,NVDA,SOXL,9,0.00336343,0.0013015
2026-09-15,NVDA,SOXL,10,-0.00171492,-0.00285692
2026-09-15,NVDA,SOXL,11,0.00918914,0.00932696
2026-09-15,NVDA,SOXL,12,0.00779177,0.00795262
2026-09-15,NVDA,SOXL,13,-0.0180539,-0.0158996
2026-09-15,NVDA,SOXL,14,0.00056639,0.00326278
2026-09-15,NVDA,SOXL,15,-0.00703786,-0.00737516
2026-09-15,NVDA,SOXL,16,-0.00407567,-0.00375566
2026-09-15,NVDA,SOXL,17,-0.00653082,-0.00834531
2026-09-15,NVDA,SOXL,18,-0.00873972,-0.00788017
2026-09-15,NVDA,SOXL,19,0.000337725,-7.08025e-05
2026-09-15,NVDA,SOXL,20,-0.0111232,-0.00930029
2026-09-15,NVDA,SOXL,21,0.00206386,0.000697417
2026-09-15,NVDA,SOXL,22,0.0106269,0.0125371
2026-09-15,NVDA,SOXL,23,-0.0209276,-0.0147926
2026-09-15,NVDA,SOXL,24,-0.0125619,-0.0104724
2026-09-15,NVDA,SOXL,25,0.00943489,0.00922846
2026-09-15,NVDA,SOXL,26,-0.000393547,-0.00285825
2026-09-15,NVDA,SOXL,27,-0.00373233,-0.00215522
2026-09-15,NVDA,SOXL,28,-0.000961941,0.0020826
2026-09-15,NVDA,SOXL,29,-0.0207491,-0.0229541
2026-09-15,NVDA,SOXL,30,-0.00855084,-0.010697
2026-09-15,SOXX,SOXL,-30,0.00175886,-0.0146905
2026-09-15,SOXX,SOXL,-29,0.00186508,-0.00324118
2026-09-15,SOXX,SOXL,-28,-0.0236771,-0.0225237
2026-09-15,SOXX,SOXL,-27,-0.0136566,-0.00213018
2026-09-15,SOXX,SOXL,-26,0.00609377,0.00789337
2026-09-15,SOXX,SOXL,-25,0.000597021,-0.00330516
2026-09-15,SOXX,SOXL,-24,0.00894913,0.00718264
2026-09-15,SOXX,SOXL,-23,0.00655966,-0.00272014
2026-09-15,SOXX,SOXL,-22,0.0017973,0.00161014
2026-09-15,SOXX,SOXL,-21,-0.00745094,-0.00856455
2026-09-15,SOXX,SOXL,-20,0.00440398,0.0103185
2026-09-15,SOXX,SOXL,-19,0.00717258,0.00562603
2026-09-15,SOXX,SOXL,-18,0.00613035,-3.26761e-05
2026-09-15,SOXX,SOXL,-17,0.00199889,-0.000386178
2026-09-15,SOXX,SOXL,-16,0.0160223,0.00755868
2026-09-15,SOXX,SOXL,-15,0.00163607,-0.00763807
2026-09-15,SOXX,SOXL,-14,0.0115997,-0.00340758
2026-09-15,SOXX,SOXL,-13,-0.0109609,-0.0120108
2026-09-15,SOXX,SOXL,-12,-0.00264791,-0.00247333
2026-09-15,SOXX,SOXL,-11,0.0110243,-0.00561853
2026-09-15,SOXX,SOXL,-10,0.00370066,0.00358179
2026-09-15,SOXX,SOXL,-9,0.0120035,0.00502367
2026-09-15,SOXX,SOXL,-8,0.0277379,0.00524771
2026-09-15,SOXX,SOXL,-7,0.0204637,-0.00290739
2026-09-15,SOXX,SOXL,-6,0.0174494,0.00529997
2026-09-15,SOXX,SOXL,-5,0.0261922,-0.000306333
2026-09-15,SOXX,SOXL,-4,0.0362325,0.00691256
2026-09-15,SOXX,SOXL,-3,0.0615807,0.0200826
2026-09-15,SOXX,SOXL,-2,0.130952,0.0581039
2026-09-15,SOXX,SOXL,-1,0.288204,0.144602
2026-09-15,SOXX,SOXL,0,0.759311,0.608156
2026-09-15,SOXX,SOXL,1,0.361735,0.0533807
2026-09-15,SOXX,SOXL,2,0.195656,0.015315
2026-09-15,SOXX,SOXL,3,0.113966,0.00387358
2026-09-15,SOXX,SOXL,4,0.0607528,-0.000881373
2026-09-15,SOXX,SOXL,5,0.0471245,0.00968859
2026-09-15,SOXX,SOXL,6,0.0174073,-0.0132878
2026-09-15,SOXX,SOXL,7,0.0321995,0.00777794
2026-09-15,SOXX,SOXL,8,0.0174209,-0.0102677
2026-09-15,SOXX,SOXL,9,0.013676,-0.00228291
2026-09-15,SOXX,SOXL,10,0.0114339,0.0104854
2026-09-15,SOXX,SOXL,11,-0.00542385,-0.0122469
2026-09-15,SOXX,SOXL,12,0.0157252,0.00784447
2026-09-15,SOXX,SOXL,13,-0.0151558,-0.00902955
2026-09-15,SOXX,SOXL,14,-0.0160815,-0.0188116
2026-09-15,SOXX,SOXL,15,-0.0104229,-0.00638639
2026-09-15,SOXX,SOXL,16,0.00243833,0.00307562
2026-09-15,SOXX,SOXL,17,0.0162037,0.0060696
2026-09-15,SOXX,SOXL,18,0.00824354,0.00271178
2026-09-15,SOXX,SOXL,19,0.0129371,0.000929887
2026-09-15,SOXX,SOXL,20,0.0283638,0.0171801
2026-09-15,SOXX,SOXL,21,-5.50667e-05,-0.00907544
2026-09-15,SOXX,SOXL,22,0.00243694,0.00155235
2026-09-15,SOXX,SOXL,23,0.000118361,0.0036278
2026-09-15,SOXX,SOXL,24,-0.00105745,0.00106908
2026-09-15,SOXX,SOXL,25,-0.00853542,-0.0100259
2026-09-15,SOXX,SOXL,26,0.00131784,0.00478955
2026-09-15,SOXX,SOXL,27,-0.0137452,-0.0100945
2026-09-15,SOXX,SOXL,28,-0.0167409,-0.0173103
2026-09-15,SOXX,SOXL,29,-0.0120013,-0.00931705
2026-09-15,SOXX,SOXL,30,0.00397816,0.00666976
2026-09-15,SMH,SOXL,-30,0.0015454,-0.000615541
2026-09-15,SMH,SOXL,-29,-0.00910377,-0.0164689
2026-09-15,SMH,SOXL,-28,-0.0273793,-0.0199299
2026-09-15,SMH,SOXL,-27,-0.00752437,0.000925349
2026-09-15,SMH,SOXL,-26,0.00299058,0.000770322
2026-09-15,SMH,SOXL,-25,-0.0112607,-0.00992737
2026-09-15,SMH,SOXL,-24,0.0150955,0.0174874
2026-09-15,SMH,SOXL,-23,0.0192513,0.0116896
2026-09-15,SMH,SOXL,-22,0.00164846,-0.0102657
2026-09-15,SMH,SOXL,-21,0.00453176,-0.0018302
2026-09-15,SMH,SOXL,-20,0.010978,0.00446876
2026-09-15,SMH,SOXL,-19,0.00720779,0.00322352
2026-09-15,SMH,SOXL,-18,-0.000548198,-0.00532461
2026-09-15,SMH,SOXL,-17,0.0269068,0.00895825
2026-09-15,SMH,SOXL,-16,0.011574,-0.00655043
2026-09-15,SMH,SOXL,-15,-0.00118441,-0.0106657
2026-09-15,SMH,SOXL,-14,0.000790502,-0.00194601
2026-09-15,SMH,SOXL,-13,-0.00898498,-0.00667171
2026-09-15,SMH,SOXL,-12,0.0149467,0.00502585
2026-09-15,SMH,SOXL,-11,-0.0115754,-0.00844828
2026-09-15,SMH,SOXL,-10,0.00147251,0.00978107
2026-09-15,SMH,SOXL,-9,0.00632519,-0.00167142
2026-09-15,SMH,SOXL,-8,0.00732608,0.00535001
2026-09-15,SMH,SOXL,-7,-0.0101929,-0.0121919
2026-09-15,SMH,SOXL,-6,0.00594149,-0.000118801
2026-09-15,SMH,SOXL,-5,0.0355958,0.0141909
2026-09-15,SMH,SOXL,-4,0.0349904,0.00926583
2026-09-15,SMH,SOXL,-3,0.0686317,0.0240614
2026-09-15,SMH,SOXL,-2,0.155139,0.0698771
2026-09-15,SMH,SOXL,-1,0.357333,0.193155
2026-09-15,SMH,SOXL,0,0.691539,0.4944
2026-09-15,SMH,SOXL,1,0.382727,0.0527581
2026-09-15,SMH,SOXL,2,0.183095,0.000791726
2026-09-15,SMH,SOXL,3,0.12693,0.00881259
2026-09-15,SMH,SOXL,4,0.074404,0.00775319
2026-09-15,SMH,SOXL,5,0.0404521,0.000606631
2026-09-15,SMH,SOXL,6,0.00700998,-0.0116128
2026-09-15,SMH,SOXL,7,0.0135895,0.0140168
2026-09-15,SMH,SOXL,8,-0.00285422,-0.00555736
2026-09-15,SMH,SOXL,9,0.00389268,-0.00307892
2026-09-15,SMH,SOXL,10,0.00868227,0.00452015
2026-09-15,SMH,SOXL,11,0.00063951,-0.0085741
2026-09-15,SMH,SOXL,12,0.0181863,0.00797163
2026-09-15,SMH,SOXL,13,0.000764339,-0.00723647
2026-09-15,SMH,SOXL,14,0.0111746,-0.00235176
2026-09-15,SMH,SOXL,15,-0.00425488,-0.0208082
2026-09-15,SMH,SOXL,16,-0.00146381,0.00614581
2026-09-15,SMH,SOXL,17,0.0193834,0.0092993
2026-09-15,SMH,SOXL,18,0.00242196,-0.00837925
2026-09-15,SMH,SOXL,19,0.0154855,-0.00284836
2026-09-15,SMH,SOXL,20,0.00570815,0.0049128
2026-09-15,SMH,SOXL,21,0.00501528,0.00764103
2026-09-15,SMH,SOXL,22,-0.00528157,-0.00225471
2026-09-15,SMH,SOXL,23,-0.0170034,-0.0147135
2026-09-15,SMH,SOXL,24,-0.00718875,0.015198
2026-09-15,SMH,SOXL,25,-0.0125215,-0.00674835
2026-09-15,SMH,SOXL,26,-0.0242837,-0.00706398
2026-09-15,SMH,SOXL,27,-0.0261445,-0.00413905
2026-09-15,SMH,SOXL,28,-0.0511086,-0.0275779
2026-09-15,SMH,SOXL,29,-0.0235925,0.00401595
2026-09-15,SMH,SOXL,30,-0.014741,-0.00667004
2026-09-15,QQQ,SOXL,-30,-0.0126209,-0.0136707
2026-09-15,QQQ,SOXL,-29,-0.000984992,-0.00871263
2026-09-15,QQQ,SOXL,-28,-0.0255552,-0.0262884
2026-09-15,QQQ,SOXL,-27,0.0126919,0.0101382
2026-09-15,QQQ,SOXL,-26,-0.00328,-0.00203004
2026-09-15,QQQ,SOXL,-25,-0.0139723,-0.00763162
2026-09-15,QQQ,SOXL,-24,0.000925283,0.00174495
2026-09-15,QQQ,SOXL,-23,0.00754428,0.00820472
2026-09-15,QQQ,SOXL,-22,-0.0117301,-0.0068433
2026-09-15,QQQ,SOXL,-21,-0.0156009,-0.0159903
2026-09-15,QQQ,SOXL,-20,0.00393401,0.00561226
2026-09-15,QQQ,SOXL,-19,0.00668754,0.00921015
2026-09-15,QQQ,SOXL,-18,-0.0166584,-0.0109691
2026-09-15,QQQ,SOXL,-17,-0.00634866,-0.00516679
2026-09-15,QQQ,SOXL,-16,-0.00324038,0.00187246
2026-09-15,QQQ,SOXL,-15,-0.00481072,-0.00700719
2026-09-15,QQQ,SOXL,-14,0.00438377,0.00464888
2026-09-15,QQQ,SOXL,-13,-0.00327526,-0.00283916
2026-09-15,QQQ,SOXL,-12,0.0125834,0.00682463
2026-09-15,QQQ,SOXL,-11,-0.00882414,-0.0139315
2026-09-15,QQQ,SOXL,-10,-0.00689497,-0.00365796
2026-09-15,QQQ,SOXL,-9,-0.00601576,-0.0052761
2026-09-15,QQQ,SOXL,-8,-0.00111448,0.0026126
2026-09-15,QQQ,SOXL,-7,-0.00234602,0.000767995
2026-09-15,QQQ,SOXL,-6,-0.000803243,-0.00449609
2026-09-15,QQQ,SOXL,-5,-0.00658132,-0.0111202
2026-09-15,QQQ,SOXL,-4,-0.00815506,-0.00630389
2026-09-15,QQQ,SOXL,-3,0.0123816,-0.000289293
2026-09-15,QQQ,SOXL,-2,0.0592486,0.0264264
2026-09-15,QQQ,SOXL,-1,0.132104,0.0725793
2026-09-15,QQQ,SOXL,0,0.558074,0.515167
2026-09-15,QQQ,SOXL,1,0.140358,0.0691997
2026-09-15,QQQ,SOXL,2,0.0426542,0.00999213
2026-09-15,QQQ,SOXL,3,0.0283892,0.0165689
2026-09-15,QQQ,SOXL,4,0.00077571,-0.000629634
2026-09-15,QQQ,SOXL,5,0.00281933,0.00138522
2026-09-15,QQQ,SOXL,6,-0.00320517,-0.0117009
2026-09-15,QQQ,SOXL,7,0.0267687,0.0210599
2026-09-15,QQQ,SOXL,8,0.0118213,0.000107923
2026-09-15,QQQ,SOXL,9,-0.00110652,-0.00672224
2026-09-15,QQQ,SOXL,10,0.00608889,0.00336394
2026-09-15,QQQ,SOXL,11,0.000777989,-0.00261833
2026-09-15,QQQ,SOXL,12,-0.00300955,-0.00414637
2026-09-15,QQQ,SOXL,13,-0.00206393,-0.0045199
2026-09-15,QQQ,SOXL,14,-0.00387828,-0.00415582
2026-09-15,QQQ,SOXL,15,-0.0084034,-0.00843267
2026-09-15,QQQ,SOXL,16,-0.0100259,-0.00119916
2026-09-15,QQQ,SOXL,17,-0.00193403,0.00395822
2026-09-15,QQQ,SOXL,18,-0.00158806,-0.00379758
2026-09-15,QQQ,SOXL,19,-0.0103972,-0.00998543
2026-09-15,QQQ,SOXL,20,-0.000767654,-0.00104833
2026-09-15,QQQ,SOXL,21,0.00468023,0.00542652
2026-09-15,QQQ,SOXL,22,-0.00132206,0.00348747
2026-09-15,QQQ,SOXL,23,-0.0148386,-0.00966338
2026-09-15,QQQ,SOXL,24,0.00199633,0.00398679
2026-09-15,QQQ,SOXL,25,-0.0257246,-0.0202938
2026-09-15,QQQ,SOXL,26,0.00361275,0.00502236
2026-09-15,QQQ,SOXL,27,-0.012843,-0.010995
2026-09-15,QQQ,SOXL,28,-0.0107921,-0.013334
2026-09-15,QQQ,SOXL,29,-0.0186326,-0.0177031
2026-09-15,QQQ,SOXL,30,-0.0148345,-0.0160577
2026-09-15,NVDA,SOXS,-30,-0.0030913,-0.00697516
2026-09-15,NVDA,SOXS,-29,0.0163216,0.0128338
2026-09-15,NVDA,SOXS,-28,0.0110446,0.0154376
2026-09-15,NVDA,SOXS,-27,-0.00810462,-0.0077181
2026-09-15,NVDA,SOXS,-26,0.00802695,4.58098e-05
2026-09-15,NVDA,SOXS,-25,0.00645897,0.00347718
2026-09-15,NVDA,SOXS,-24,-0.0065321,-0.012241
2026-09-15,NVDA,SOXS,-23,-0.00188053,-0.00227632
2026-09-15,NVDA,SOXS,-22,-0.00930564,-0.0112136
2026-09-15,NVDA,SOXS,-21,0.0147976,0.0184644
2026-09-15,NVDA,SOXS,-20,0.0250363,0.0227247
2026-09-15,NVDA,SOXS,-19,0.00371035,-0.000750833
2026-09-15,NVDA,SOXS,-18,0.00637484,0.00493106
2026-09-15,NVDA,SOXS,-17,-0.0008608,0.00611644
2026-09-15,NVDA,SOXS,-16,0.000462091,0.00386794
2026-09-15,NVDA,SOXS,-15,-0.0065822,-0.00904541
2026-09-15,NVDA,SOXS,-14,0.00148059,0.00143492
2026-09-15,NVDA,SOXS,-13,0.00166039,-0.00395553
2026-09-15,NVDA,SOXS,-12,-0.00162789,-0.00201526
2026-09-15,NVDA,SOXS,-11,0.0212004,0.0135776
2026-09-15,NVDA,SOXS,-10,-0.0116647,-0.0114753
2026-09-15,NVDA,SOXS,-9,0.00538231,0.00223395
2026-09-15,NVDA,SOXS,-8,-0.0115192,-0.00821328
2026-09-15,NVDA,SOXS,-7,-0.00526988,-0.00625252
2026-09-15,NVDA,SOXS,-6,-0.0196179,-0.0152178
2026-09-15,NVDA,SOXS,-5,0.00454818,0.00548749
2026-09-15,NVDA,SOXS,-4,-0.00171164,0.00334975
2026-09-15,NVDA,SOXS,-3,-0.0303714,-0.00802419
2026-09-15,NVDA,SOXS,-2,-0.0399254,-0.0085988
2026-09-15,NVDA,SOXS,-1,-0.114212,-0.036126
2026-09-15,NVDA,SOXS,0,-0.34744,-0.302618
2026-09-15,NVDA,SOXS,1,-0.107112,-0.0675845
2026-09-15,NVDA,SOXS,2,-0.0342745,-0.0160004
2026-09-15,NVDA,SOXS,3,-0.0262037,-0.0194312
2026-09-15,NVDA,SOXS,4,-0.00579143,0.00189801
2026-09-15,NVDA,SOXS,5,-0.00191855,-0.00165884
2026-09-15,NVDA,SOXS,6,-0.00448759,-0.00548052
2026-09-15,NVDA,SOXS,7,0.00623368,0.00518193
2026-09-15,NVDA,SOXS,8,0.00479753,0.0037226
2026-09-15,NVDA,SOXS,9,0.00404586,0.00514945
2026-09-15,NVDA,SOXS,10,-0.000551854,0.00532655
2026-09-15,NVDA,SOXS,11,-0.00899482,-0.00376433
2026-09-15,NVDA,SOXS,12,-0.00260191,0.00051374
2026-09-15,NVDA,SOXS,13,0.00717503,0.00527277
2026-09-15,NVDA,SOXS,14,-0.0089375,-0.00503527
2026-09-15,NVDA,SOXS,15,0.0133823,0.0116819
2026-09-15,NVDA,SOXS,16,0.00623198,0.00346238
2026-09-15,NVDA,SOXS,17,0.0126783,0.016345
2026-09-15,NVDA,SOXS,18,0.00503011,0.00881022
2026-09-15,NVDA,SOXS,19,-0.00768308,-0.0120583
2026-09-15,NVDA,SOXS,20,0.0208699,0.0178318
2026-09-15,NVDA,SOXS,21,-0.00202972,-0.00195695
2026-09-15,NVDA,SOXS,22,0.00324106,-0.00156533
2026-09-15,NVDA,SOXS,23,0.00664432,0.00467042
2026-09-15,NVDA,SOXS,24,0.00665872,0.00421701
2026-09-15,NVDA,SOXS,25,-0.00249255,-0.0034446
2026-09-15,NVDA,SOXS,26,0.00273897,0.00239168
2026-09-15,NVDA,SOXS,27,-0.00331437,-0.00968317
2026-09-15,NVDA,SOXS,28,0.0146724,0.00980919
2026-09-15,NVDA,SOXS,29,0.0138163,0.0076246
2026-09-15,NVDA,SOXS,30,0.0258472,0.0223666
2026-09-15,SOXX,SOXS,-30,-0.0063936,0.00252969
2026-09-15,SOXX,SOXS,-29,-3.4674e-06,0.0101471
2026-09-15,SOXX,SOXS,-28,0.0190488,0.0217731
2026-09-15,SOXX,SOXS,-27,0.00774401,-0.000231838
2026-09-15,SOXX,SOXS,-26,0.00262469,-0.00964211
2026-09-15,SOXX,SOXS,-25,0.00506286,0.00132233
2026-09-15,SOXX,SOXS,-24,-0.0035569,-0.00426624
2026-09-15,SOXX,SOXS,-23,-0.00955985,-0.00373139
2026-09-15,SOXX,SOXS,-22,0.0042637,0.00503527
2026-09-15,SOXX,SOXS,-21,0.0155148,0.012523
2026-09-15,SOXX,SOXS,-20,-0.00756776,-0.0139754
2026-09-15,SOXX,SOXS,-19,-0.000353961,-0.00519454
2026-09-15,SOXX,SOXS,-18,-0.00596084,-0.000347681
2026-09-15,SOXX,SOXS,-17,0.0109608,0.00851506
2026-09-15,SOXX,SOXS,-16,-0.0079003,-0.00450888
2026-09-15,SOXX,SOXS,-15,0.000266118,0.0114513
2026-09-15,SOXX,SOXS,-14,0.00107724,0.00356107
2026-09-15,SOXX,SOXS,-13,0.00188858,0.0108751
2026-09-15,SOXX,SOXS,-12,-0.00063527,0.0017141
2026-09-15,SOXX,SOXS,-11,-0.00263885,0.00946486
2026-09-15,SOXX,SOXS,-10,-0.0131851,-0.0103746
2026-09-15,SOXX,SOXS,-9,-0.0223544,-0.00578413
2026-09-15,SOXX,SOXS,-8,-0.0253367,0.00242191
2026-09-15,SOXX,SOXS,-7,-0.0194389,-0.00369355
2026-09-15,SOXX,SOXS,-6,-0.0390776,-0.0144149
2026-09-15,SOXX,SOXS,-5,-0.0482368,0.000214566
2026-09-15,SOXX,SOXS,-4,-0.0488652,0.00107636
2026-09-15,SOXX,SOXS,-3,-0.0779673,-0.0178195
2026-09-15,SOXX,SOXS,-2,-0.160111,-0.0559879
2026-09-15,SOXX,SOXS,-1,-0.33061,-0.121208
2026-09-15,SOXX,SOXS,0,-0.763649,-0.594747
2026-09-15,SOXX,SOXS,1,-0.395236,-0.082226
2026-09-15,SOXX,SOXS,2,-0.232214,-0.035871
2026-09-15,SOXX,SOXS,3,-0.140739,-0.0160342
2026-09-15,SOXX,SOXS,4,-0.100552,-0.00474969
2026-09-15,SOXX,SOXS,5,-0.0555391,-0.00468331
2026-09-15,SOXX,SOXS,6,-0.0244479,0.0171603
2026-09-15,SOXX,SOXS,7,-0.0283721,-0.0139782
2026-09-15,SOXX,SOXS,8,-0.027928,0.000982323
2026-09-15,SOXX,SOXS,9,-0.0125262,0.002325
2026-09-15,SOXX,SOXS,10,-0.00986694,-0.00178149
2026-09-15,SOXX,SOXS,11,-0.00638651,0.0047629
2026-09-15,SOXX,SOXS,12,-0.0129374,-0.00507061
2026-09-15,SOXX,SOXS,13,0.0149054,0.0129124
2026-09-15,SOXX,SOXS,14,0.0116361,0.0149539
2026-09-15,SOXX,SOXS,15,0.0198684,0.0156453
2026-09-15,SOXX,SOXS,16,-0.004936,0.0012367
2026-09-15,SOXX,SOXS,17,-0.00803811,-0.00305467
2026-09-15,SOXX,SOXS,18,-0.0135198,0.00191976
2026-09-15,SOXX,SOXS,19,-0.0247801,-0.0122459
2026-09-15,SOXX,SOXS,20,-0.0215961,-0.0110227
2026-09-15,SOXX,SOXS,21,-0.00344477,0.00261646
2026-09-15,SOXX,SOXS,22,0.00251487,0.00297817
2026-09-15,SOXX,SOXS,23,-0.0138321,-0.0100686
2026-09-15,SOXX,SOXS,24,-0.00873904,0.00150986
2026-09-15,SOXX,SOXS,25,0.0210767,0.0169726
2026-09-15,SOXX,SOXS,26,0.0137575,-0.00044427
2026-09-15,SOXX,SOXS,27,0.00593956,0.00293748
2026-09-15,SOXX,SOXS,28,0.0094765,0.0113155
2026-09-15,SOXX,SOXS,29,0.00776119,0.00937423
2026-09-15,SOXX,SOXS,30,0.00350959,-0.000252273
2026-09-15,SOXL,SOXS,-30,0.000459141,-0.00666702
2026-09-15,SOXL,SOXS,-29,0.018336,0.0202797
2026-09-15,SOXL,SOXS,-28,0.0162693,0.02111
2026-09-15,SOXL,SOXS,-27,0.00783353,-0.000968599
2026-09-15,SOXL,SOXS,-26,0.000863744,-0.00861584
2026-09-15,SOXL,SOXS,-25,0.00799002,0.00595923
2026-09-15,SOXL,SOXS,-24,-0.000161311,-0.00509986
2026-09-15,SOXL,SOXS,-23,0.00524838,0.00107526
2026-09-15,SOXL,SOXS,-22,6.08885e-05,-0.0109091
2026-09-15,SOXL,SOXS,-21,0.01339,0.0117709
2026-09-15,SOXL,SOXS,-20,-0.0107682,-0.00912742
2026-09-15,SOXL,SOXS,-19,0.00474357,-0.000355712
2026-09-15,SOXL,SOXS,-18,0.00591272,-0.00279403
2026-09-15,SOXL,SOXS,-17,-0.00306357,-0.000731043
2026-09-15,SOXL,SOXS,-16,0.0112981,0.00234591
2026-09-15,SOXL,SOXS,-15,0.00700352,0.00758601
2026-09-15,SOXL,SOXS,-14,0.0115662,0.00975659
2026-09-15,SOXL,SOXS,-13,0.00668337,0.00601023
2026-09-15,SOXL,SOXS,-12,-0.00477563,-0.00397423
2026-09-15,SOXL,SOXS,-11,0.0133394,0.0163436
2026-09-15,SOXL,SOXS,-10,-0.00716335,-0.0107725
2026-09-15,SOXL,SOXS,-9,-0.0023943,0.00241964
2026-09-15,SOXL,SOXS,-8,0.00105556,0.00414689
2026-09-15,SOXL,SOXS,-7,-0.0216034,-0.0103879
2026-09-15,SOXL,SOXS,-6,-0.00457568,0.00519932
2026-09-15,SOXL,SOXS,-5,-0.016304,-0.000473492
2026-09-15,SOXL,SOXS,-4,-0.00271075,0.0184867
2026-09-15,SOXL,SOXS,-3,-0.0590084,-0.0215811
2026-09-15,SOXL,SOXS,-2,-0.0844218,-0.0166192
2026-09-15,SOXL,SOXS,-1,-0.208937,-0.0646202
2026-09-15,SOXL,SOXS,0,-0.740967,-0.665665
2026-09-15,SOXL,SOXS,1,-0.211811,-0.122472
2026-09-15,SOXL,SOXS,2,-0.101199,-0.0470883
2026-09-15,SOXL,SOXS,3,-0.0505976,-0.0226101
2026-09-15,SOXL,SOXS,4,-0.0163361,-0.00291186
2026-09-15,SOXL,SOXS,5,-0.0120332,-0.000967039
2026-09-15,SOXL,SOXS,6,0.00504326,0.0130335
2026-09-15,SOXL,SOXS,7,-0.0147584,-0.0128534
2026-09-15,SOXL,SOXS,8,0.00518705,0.00250431
2026-09-15,SOXL,SOXS,9,0.0080937,0.00302711
2026-09-15,SOXL,SOXS,10,-0.0039607,-0.00702477
2026-09-15,SOXL,SOXS,11,0.0141415,0.0156336
2026-09-15,SOXL,SOXS,12,-0.00521975,-0.00636192
2026-09-15,SOXL,SOXS,13,0.0131784,0.0120453
2026-09-15,SOXL,SOXS,14,0.0023452,0.00322735
2026-09-15,SOXL,SOXS,15,0.0112571,0.012327
2026-09-15,SOXL,SOXS,16,-0.000541915,0.000184382
2026-09-15,SOXL,SOXS,17,-0.00853762,-0.00276137
2026-09-15,SOXL,SOXS,18,0.00510058,0.009457
2026-09-15,SOXL,SOXS,19,-0.0102721,-0.00348601
2026-09-15,SOXL,SOXS,20,-0.0217479,-0.0218135
2026-09-15,SOXL,SOXS,21,0.0127524,0.0130294
2026-09-15,SOXL,SOXS,22,-0.00954579,-0.0115536
2026-09-15,SOXL,SOXS,23,0.00135245,0.00284678
2026-09-15,SOXL,SOXS,24,-0.00826326,-0.00847926
2026-09-15,SOXL,SOXS,25,0.0130816,0.00823916
2026-09-15,SOXL,SOXS,26,-0.0024206,-0.00183017
2026-09-15,SOXL,SOXS,27,-0.00464679,-0.00133211
2026-09-15,SOXL,SOXS,28,0.0306865,0.023196
2026-09-15,SOXL,SOXS,29,0.0168994,0.0146538
2026-09-15,SOXL,SOXS,30,0.00371501,0.00552042
2026-09-15,NVDA,SOXX,-30,0.00736588,0.003623
2026-09-15,NVDA,SOXX,-29,-0.00157457,-0.00632912
2026-09-15,NVDA,SOXX,-28,-0.00409686,-0.0119743
2026-09-15,NVDA,SOXX,-27,0.00685065,0.00396949
2026-09-15,NVDA,SOXX,-26,-0.00503793,-0.001054
2026-09-15,NVDA,SOXX,-25,-0.00642674,-0.00408787
2026-09-15,NVDA,SOXX,-24,0.0104075,0.00517651
2026-09-15,NVDA,SOXX,-23,0.00183868,0.00613939
2026-09-15,NVDA,SOXX,-22,0.00173137,-0.000999274
2026-09-15,NVDA,SOXX,-21,-0.00543301,-0.00210069
2026-09-15,NVDA,SOXX,-20,-0.0200704,-0.0262184
2026-09-15,NVDA,SOXX,-19,0.000227832,-0.00268142
2026-09-15,NVDA,SOXX,-18,0.0097828,0.00630789
2026-09-15,NVDA,SOXX,-17,0.00368358,-0.00596254
2026-09-15,NVDA,SOXX,-16,0.00601242,-0.00542202
2026-09-15,NVDA,SOXX,-15,-0.0045976,0.00169275
2026-09-15,NVDA,SOXX,-14,0.00745428,0.00638899
2026-09-15,NVDA,SOXX,-13,-0.0158806,-0.00749546
2026-09-15,NVDA,SOXX,-12,0.0195369,0.010303
2026-09-15,NVDA,SOXX,-11,-0.0010173,-0.00563053
2026-09-15,NVDA,SOXX,-10,0.0203879,0.00419075
2026-09-15,NVDA,SOXX,-9,0.00705563,0.00390698
2026-09-15,NVDA,SOXX,-8,0.0129042,0.000602405
2026-09-15,NVDA,SOXX,-7,0.0096502,0.00199104
2026-09-15,NVDA,SOXX,-6,0.0151061,0.0059014
2026-09-15,NVDA,SOXX,-5,0.0215473,0.0024383
2026-09-15,NVDA,SOXX,-4,0.0336637,0.00790183
2026-09-15,NVDA,SOXX,-3,0.0528243,0.00817765
2026-09-15,NVDA,SOXX,-2,0.0933936,0.0135006
2026-09-15,NVDA,SOXX,-1,0.159981,0.0232912
2026-09-15,NVDA,SOXX,0,0.362801,0.269159
2026-09-15,NVDA,SOXX,1,0.137398,0.0689234
2026-09-15,NVDA,SOXX,2,0.0682146,0.0276255
2026-09-15,NVDA,SOXX,3,0.0286041,0.0302011
2026-09-15,NVDA,SOXX,4,-0.00576025,-0.00406782
2026-09-15,NVDA,SOXX,5,0.0245026,0.0042747
2026-09-15,NVDA,SOXX,6,0.00526223,0.00529951
2026-09-15,NVDA,SOXX,7,0.00251058,-0.011319
2026-09-15,NVDA,SOXX,8,0.000236405,-0.00349717
2026-09-15,NVDA,SOXX,9,0.0205407,0.00798729
2026-09-15,NVDA,SOXX,10,-0.00296706,-0.0026379
2026-09-15,NVDA,SOXX,11,0.0149747,0.00520843
2026-09-15,NVDA,SOXX,12,-0.00652121,-0.0023198
2026-09-15,NVDA,SOXX,13,-0.00633221,-0.00751008
2026-09-15,NVDA,SOXX,14,0.00666941,-0.00498592
2026-09-15,NVDA,SOXX,15,-0.00293171,-0.0138413
2026-09-15,NVDA,SOXX,16,0.0157763,0.00643642
2026-09-15,NVDA,SOXX,17,-0.0221435,-0.00694841
2026-09-15,NVDA,SOXX,18,-0.0174852,-0.0127819
2026-09-15,NVDA,SOXX,19,0.0107054,0.00858083
2026-09-15,NVDA,SOXX,20,-0.0169412,-0.0144018
2026-09-15,NVDA,SOXX,21,-0.00379937,0.00201697
2026-09-15,NVDA,SOXX,22,-0.0051576,-0.00594498
2026-09-15,NVDA,SOXX,23,0.00179971,-0.00346923
2026-09-15,NVDA,SOXX,24,0.00377669,-0.00117268
2026-09-15,NVDA,SOXX,25,0.0129702,0.0063314
2026-09-15,NVDA,SOXX,26,0.00112828,-0.00123846
2026-09-15,NVDA,SOXX,27,-0.0141493,-0.00282927
2026-09-15,NVDA,SOXX,28,-0.00150122,-0.00410904
2026-09-15,NVDA,SOXX,29,-0.00955757,-0.00122566
2026-09-15,NVDA,SOXX,30,-0.0269831,-0.0189018
2026-09-15,NVDA,SMH,-30,-0.00359299,-0.0187394
2026-09-15,NVDA,SMH,-29,0.0104527,0.00677793
2026-09-15,NVDA,SMH,-28,-0.00992709,-0.00139548
2026-09-15,NVDA,SMH,-27,-0.000953723,0.00536822
2026-09-15,NVDA,SMH,-26,-0.0277917,-0.00540368
2026-09-15,NVDA,SMH,-25,-0.011906,0.00404976
2026-09-15,NVDA,SMH,-24,-0.0321702,-0.00989045
2026-09-15,NVDA,SMH,-23,-0.0121626,-0.00700241
2026-09-15,NVDA,SMH,-22,0.00398985,0.0057634
2026-09-15,NVDA,SMH,-21,-0.00144897,0.00564066
2026-09-15,NVDA,SMH,-20,-0.0202946,-0.0136536
2026-09-15,NVDA,SMH,-19,0.000901892,-0.0066602
2026-09-15,NVDA,SMH,-18,0.00683292,-0.00559507
2026-09-15,NVDA,SMH,-17,0.0152517,0.00760401
2026-09-15,NVDA,SMH,-16,-0.00239737,-0.00338252
2026-09-15,NVDA,SMH,-15,-0.00655773,0.00193953
2026-09-15,NVDA,SMH,-14,-0.0180248,-0.00991821
2026-09-15,NVDA,SMH,-13,-0.00685077,-0.00551802
2026-09-15,NVDA,SMH,-12,0.00220224,0.00682776
2026-09-15,NVDA,SMH,-11,-0.0104476,-0.0146752
2026-09-15,NVDA,SMH,-10,0.0135396,0.0084098
2026-09-15,NVDA,SMH,-9,0.0117707,0.00206397
2026-09-15,NVDA,SMH,-8,0.0131212,0.00490935
2026-09-15,NVDA,SMH,-7,0.0159885,-0.00338572
2026-09-15,NVDA,SMH,-6,0.0281853,0.00811719
2026-09-15,NVDA,SMH,-5,0.036045,0.00801956
2026-09-15,NVDA,SMH,-4,0.0492855,0.0134541
2026-09-15,NVDA,SMH,-3,0.0660486,-0.00361896
2026-09-15,NVDA,SMH,-2,0.106477,0.00361384
2026-09-15,NVDA,SMH,-1,0.2159,0.0126142
2026-09-15,NVDA,SMH,0,0.436833,0.302161
2026-09-15,NVDA,SMH,1,0.218658,0.118866
2026-09-15,NVDA,SMH,2,0.0921999,0.0505718
2026-09-15,NVDA,SMH,3,0.0321528,0.0164817
2026-09-15,NVDA,SMH,4,0.0233394,0.00712269
2026-09-15,NVDA,SMH,5,0.0224639,0.0112669
2026-09-15,NVDA,SMH,6,0.0104747,-0.000736209
2026-09-15,NVDA,SMH,7,0.00272245,-0.0185873
2026-09-15,NVDA,SMH,8,0.0238208,0.00235158
2026-09-15,NVDA,SMH,9,0.0164921,-0.000576801
2026-09-15,NVDA,SMH,10,0.0155604,-0.00580034
2026-09-15,NVDA,SMH,11,0.0281502,0.00414066
2026-09-15,NVDA,SMH,12,0.0301024,0.00922397
2026-09-15,NVDA,SMH,13,0.0129877,-0.00768034
2026-09-15,NVDA,SMH,14,0.0113304,-0.00446023
2026-09-15,NVDA,SMH,15,0.00644721,-0.000113302
2026-09-15,NVDA,SMH,16,0.00441867,4.8179e-05
2026-09-15,NVDA,SMH,17,-0.00769083,-0.00858283
2026-09-15,NVDA,SMH,18,-0.0155815,-0.0055685
2026-09-15,NVDA,SMH,19,-0.00673729,0.00407336
2026-09-15,NVDA,SMH,20,-0.0107834,-0.0033673
2026-09-15,NVDA,SMH,21,-0.0222799,-0.00593986
2026-09-15,NVDA,SMH,22,-0.00589409,-0.00291091
2026-09-15,NVDA,SMH,23,-0.0107599,-0.000529126
2026-09-15,NVDA,SMH,24,-0.0126051,0.00146716
2026-09-15,NVDA,SMH,25,-0.0159845,-0.00400767
2026-09-15,NVDA,SMH,26,-0.00875256,-0.00683892
2026-09-15,NVDA,SMH,27,0.00367282,0.00577568
2026-09-15,NVDA,SMH,28,-0.0126206,-0.0108679
2026-09-15,NVDA,SMH,29,-0.00680277,0.00757965
2026-09-15,NVDA,SMH,30,-0.0253073,-0.0155667
2026-09-15,SMH,SOXX,-30,-0.00207183,0.00138313
2026-09-15,SMH,SOXX,-29,-0.00725415,-0.0165911
2026-09-15,SMH,SOXX,-28,-0.0246962,-0.00734096
2026-09-15,SMH,SOXX,-27,-0.0074742,-0.00281431
2026-09-15,SMH,SOXX,-26,-0.00506018,0.000877092
2026-09-15,SMH,SOXX,-25,-0.0227709,-0.0122378
2026-09-15,SMH,SOXX,-24,0.00488541,0.00571777
2026-09-15,SMH,SOXX,-23,0.00685301,0.00907271
2026-09-15,SMH,SOXX,-22,0.0106975,-0.00300669
2026-09-15,SMH,SOXX,-21,0.0170288,0.0058272
2026-09-15,SMH,SOXX,-20,0.0217287,-0.00495758
2026-09-15,SMH,SOXX,-19,0.0161994,0.00263749
2026-09-15,SMH,SOXX,-18,0.0104293,-0.00060154
2026-09-15,SMH,SOXX,-17,0.0210657,0.0108832
2026-09-15,SMH,SOXX,-16,0.0102196,-0.00604419
2026-09-15,SMH,SOXX,-15,-0.0037866,-0.0144285
2026-09-15,SMH,SOXX,-14,-0.00573722,-0.0123359
2026-09-15,SMH,SOXX,-13,0.00355701,-0.00021555
2026-09-15,SMH,SOXX,-12,0.0108431,0.00429576
2026-09-15,SMH,SOXX,-11,0.00236644,-0.0119267
2026-09-15,SMH,SOXX,-10,0.0186411,0.00918815
2026-09-15,SMH,SOXX,-9,0.0295678,0.00159859
2026-09-15,SMH,SOXX,-8,0.027987,0.00227078
2026-09-15,SMH,SOXX,-7,0.0108927,-0.0128642
2026-09-15,SMH,SOXX,-6,0.0333312,-0.00143539
2026-09-15,SMH,SOXX,-5,0.0928463,0.0197121
2026-09-15,SMH,SOXX,-4,0.107617,0.0154637
2026-09-15,SMH,SOXX,-3,0.163812,0.0151215
2026-09-15,SMH,SOXX,-2,0.285024,0.0570465
2026-09-15,SMH,SOXX,-1,0.486598,0.148122
2026-09-15,SMH,SOXX,0,0.718679,0.464712
2026-09-15,SMH,SOXX,1,0.457901,0.0993654
2026-09-15,SMH,SOXX,2,0.240677,0.0150707
2026-09-15,SMH,SOXX,3,0.180485,0.0284943
2026-09-15,SMH,SOXX,4,0.103565,0.00537554
2026-09-15,SMH,SOXX,5,0.0719239,0.00513589
2026-09-15,SMH,SOXX,6,0.0362321,-0.0079797
2026-09-15,SMH,SOXX,7,0.0426962,0.0232291
2026-09-15,SMH,SOXX,8,0.0175044,-0.00439741
2026-09-15,SMH,SOXX,9,0.0326634,0.0124601
2026-09-15,SMH,SOXX,10,0.0147792,-0.014104
2026-09-15,SMH,SOXX,11,0.0276949,0.000240981
2026-09-15,SMH,SOXX,12,0.00333667,-0.00249372
2026-09-15,SMH,SOXX,13,-0.000502072,-0.00288863
2026-09-15,SMH,SOXX,14,0.0162135,0.00181398
2026-09-15,SMH,SOXX,15,0.018018,-0.0195052
2026-09-15,SMH,SOXX,16,0.0165644,0.00707139
2026-09-15,SMH,SOXX,17,0.00830858,-0.0013116
2026-09-15,SMH,SOXX,18,0.0122093,-0.0064451
2026-09-15,SMH,SOXX,19,0.0096515,-0.000651725
2026-09-15,SMH,SOXX,20,0.00209614,0.00768419
2026-09-15,SMH,SOXX,21,0.00792838,-0.00256037
2026-09-15,SMH,SOXX,22,-0.0115224,-0.000283314
2026-09-15,SMH,SOXX,23,-0.000319644,-0.00736041
2026-09-15,SMH,SOXX,24,-0.0228177,0.00146026
2026-09-15,SMH,SOXX,25,-0.0113105,0.00247054
2026-09-15,SMH,SOXX,26,-0.0219034,-0.0103046
2026-09-15,SMH,SOXX,27,-0.0328238,0.00215126
2026-09-15,SMH,SOXX,28,-0.0378432,-0.0248602
2026-09-15,SMH,SOXX,29,-0.0136725,0.00558222
2026-09-15,SMH,SOXX,30,-0.00880602,-0.0108613
2026-09-16,NVDA,SOXL,-30,0.00938277,0.0113623
2026-09-16,NVDA,SOXL,-29,-0.0083638,-0.00969816
2026-09-16,NVDA,SOXL,-28,0.0174617,0.0190059
2026-09-16,NVDA,SOXL,-27,-0.00764167,-0.00570999
2026-09-16,NVDA,SOXL,-26,-0.00939982,-0.00691811
2026-09-16,NVDA,SOXL,-25,-0.0015543,-0.00293193
2026-09-16,NVDA,SOXL,-24,-0.000798243,0.00187664
2026-09-16,NVDA,SOXL,-23,0.0169367,0.0160811
2026-09-16,NVDA,SOXL,-22,-0.00116462,-0.00395454
2026-09-16,NVDA,SOXL,-21,0.0105724,0.00726707
2026-09-16,NVDA,SOXL,-20,0.0102202,0.00779959
2026-09-16,NVDA,SOXL,-19,-0.00358121,-0.00324609
2026-09-16,NVDA,SOXL,-18,-0.00611029,-0.0069699
2026-09-16,NVDA,SOXL,-17,-0.00393208,-0.00188873
2026-09-16,NVDA,SOXL,-16,0.00439501,0.00675
2026-09-16,NVDA,SOXL,-15,0.0200493,0.0188836
2026-09-16,NVDA,SOXL,-14,-0.0193971,-0.021403
2026-09-16,NVDA,SOXL,-13,0.000840689,-0.00130447
2026-09-16,NVDA,SOXL,-12,0.0193419,0.0173889
2026-09-16,NVDA,SOXL,-11,8.80228e-05,-0.00177651
2026-09-16,NVDA,SOXL,-10,-0.00209404,-0.00524543
2026-09-16,NVDA,SOXL,-9,-0.00386533,-0.00223477
2026-09-16,NVDA,SOXL,-8,-0.00672321,-0.00434112
2026-09-16,NVDA,SOXL,-7,0.00677233,0.00718721
2026-09-16,NVDA,SOXL,-6,0.0111125,0.0116233
2026-09-16,NVDA,SOXL,-5,-0.00476845,-0.00738578
2026-09-16,NVDA,SOXL,-4,0.0210721,0.017908
2026-09-16,NVDA,SOXL,-3,0.0214094,0.014548
2026-09-16,NVDA,SOXL,-2,0.0258068,0.018168
2026-09-16,NVDA,SOXL,-1,0.060743,0.0414469
2026-09-16,NVDA,SOXL,0,0.546654,0.533954
2026-09-16,NVDA,SOXL,1,0.0442265,0.038271
2026-09-16,NVDA,SOXL,2,-0.00430159,-0.00334133
2026-09-16,NVDA,SOXL,3,-0.0121209,-0.010972
2026-09-16,NVDA,SOXL,4,0.000445546,-0.00273806
2026-09-16,NVDA,SOXL,5,0.00182904,0.00392889
2026-09-16,NVDA,SOXL,6,-0.00700111,-0.0100954
2026-09-16,NVDA,SOXL,7,0.00313262,0.00283646
2026-09-16,NVDA,SOXL,8,0.00801679,0.00847804
2026-09-16,NVDA,SOXL,9,0.00555878,0.00958726
2026-09-16,NVDA,SOXL,10,-0.0168187,-0.0152469
2026-09-16,NVDA,SOXL,11,0.00078875,0.00287084
2026-09-16,NVDA,SOXL,12,-0.00837306,-0.00962773
2026-09-16,NVDA,SOXL,13,0.000246944,-0.000344016
2026-09-16,NVDA,SOXL,14,-0.012064,-0.0108584
2026-09-16,NVDA,SOXL,15,-0.00207766,-0.00275094
2026-09-16,NVDA,SOXL,16,0.00522353,0.00571784
2026-09-16,NVDA,SOXL,17,-0.00983819,-0.0083386
2026-09-16,NVDA,SOXL,18,0.00847543,0.00685105
2026-09-16,NVDA,SOXL,19,-0.00974075,-0.0122351
2026-09-16,NVDA,SOXL,20,-0.015233,-0.0135194
2026-09-16,NVDA,SOXL,21,0.0132432,0.0134663
2026-09-16,NVDA,SOXL,22,-0.0138929,-0.0157485
2026-09-16,NVDA,SOXL,23,-0.000908497,-0.00013258
2026-09-16,NVDA,SOXL,24,0.000122514,-0.00114758
2026-09-16,NVDA,SOXL,25,5.27715e-06,-0.000270528
2026-09-16,NVDA,SOXL,26,-0.00586825,-0.00489246
2026-09-16,NVDA,SOXL,27,0.00393547,0.00446674
2026-09-16,NVDA,SOXL,28,-0.0104161,-0.0117359
2026-09-16,NVDA,SOXL,29,-0.0025323,-0.00241171
2026-09-16,NVDA,SOXL,30,0.00438672,0.00242935
2026-09-16,SOXX,SOXL,-30,-0.00827512,-0.0065834
2026-09-16,SOXX,SOXL,-29,0.00922706,0.00746563
2026-09-16,SOXX,SOXL,-28,0.00162696,0.00213297
2026-09-16,SOXX,SOXL,-27,0.00859629,-0.0044854
2026-09-16,SOXX,SOXL,-26,-0.00011515,-0.00340877
2026-09-16,SOXX,SOXL,-25,-0.0009372,0.00176295
2026-09-16,SOXX,SOXL,-24,-8.18826e-05,-0.00631902
2026-09-16,SOXX,SOXL,-23,0.0208871,0.016406
2026-09-16,SOXX,SOXL,-22,0.0109174,-0.000287735
2026-09-16,SOXX,SOXL,-21,0.0117272,0.00227244
2026-09-16,SOXX,SOXL,-20,0.0197318,0.0108096
2026-09-16,SOXX,SOXL,-19,-0.020449,-0.027315
2026-09-16,SOXX,SOXL,-18,0.00362076,0.0150151
2026-09-16,SOXX,SOXL,-17,0.00534541,0.000593534
2026-09-16,SOXX,SOXL,-16,0.0264737,0.0133281
2026-09-16,SOXX,SOXL,-15,0.0269777,0.0117931
2026-09-16,SOXX,SOXL,-14,0.0148936,-0.00701778
2026-09-16,SOXX,SOXL,-13,0.00368411,-0.010357
2026-09-16,SOXX,SOXL,-12,0.0082317,0.0076418
2026-09-16,SOXX,SOXL,-11,-0.00862677,-0.0184227
2026-09-16,SOXX,SOXL,-10,-0.00334898,-0.0069053
2026-09-16,SOXX,SOXL,-9,0.010532,0.00375231
2026-09-16,SOXX,SOXL,-8,0.024047,0.0145457
2026-09-16,SOXX,SOXL,-7,0.0129057,-0.00251418
2026-09-16,SOXX,SOXL,-6,0.00651075,0.00620529
2026-09-16,SOXX,SOXL,-5,0.0199249,0.00920821
2026-09-16,SOXX,SOXL,-4,0.0507909,0.0230701
2026-09-16,SOXX,SOXL,-3,0.0553068,0.00919126
2026-09-16,SOXX,SOXL,-2,0.14559,0.0730656
2026-09-16,SOXX,SOXL,-1,0.295364,0.167996
2026-09-16,SOXX,SOXL,0,0.730026,0.562344
2026-09-16,SOXX,SOXL,1,0.308154,0.0216079
2026-09-16,SOXX,SOXL,2,0.15677,0.0027153
2026-09-16,SOXX,SOXL,3,0.0685285,-0.00389656
2026-09-16,SOXX,SOXL,4,0.0307993,0.00215977
2026-09-16,SOXX,SOXL,5,0.026344,-0.00945191
2026-09-16,SOXX,SOXL,6,0.0115661,0.00240661
2026-09-16,SOXX,SOXL,7,0.0160941,0.0046628
2026-09-16,SOXX,SOXL,8,0.0216157,0.0151361
2026-09-16,SOXX,SOXL,9,0.00783953,-0.01106
2026-09-16,SOXX,SOXL,10,-0.0271835,-0.0166247
2026-09-16,SOXX,SOXL,11,-0.00199951,0.00960507
2026-09-16,SOXX,SOXL,12,-0.0102815,-0.00654857
2026-09-16,SOXX,SOXL,13,-0.016972,-0.00375199
2026-09-16,SOXX,SOXL,14,-0.0236625,-0.0128652
2026-09-16,SOXX,SOXL,15,0.00447172,0.0128296
2026-09-16,SOXX,SOXL,16,-0.00995624,-9.54822e-05
2026-09-16,SOXX,SOXL,17,-0.00588823,0.00472278
2026-09-16,SOXX,SOXL,18,0.00499189,0.0128366
2026-09-16,SOXX,SOXL,19,-0.00976562,-0.00725061
2026-09-16,SOXX,SOXL,20,-0.0193688,-0.0087568
2026-09-16,SOXX,SOXL,21,0.00603579,0.0144337
2026-09-16,SOXX,SOXL,22,-0.0114706,-0.00793267
2026-09-16,SOXX,SOXL,23,-0.0106133,-0.0053418
2026-09-16,SOXX,SOXL,24,0.0183791,0.0166486
2026-09-16,SOXX,SOXL,25,-0.000666442,-0.00693248
2026-09-16,SOXX,SOXL,26,0.0157982,0.00444368
2026-09-16,SOXX,SOXL,27,0.0108158,-0.00637892
2026-09-16,SOXX,SOXL,28,0.0142525,0.00541225
2026-09-16,SOXX,SOXL,29,0.00319844,0.0103143
2026-09-16,SOXX,SOXL,30,0.0141406,0.00279679
2026-09-16,SMH,SOXL,-30,0.00864771,-0.00164364
2026-09-16,SMH,SOXL,-29,0.000781647,-0.00124673
2026-09-16,SMH,SOXL,-28,0.0220968,0.0111036
2026-09-16,SMH,SOXL,-27,0.0213947,-0.0013579
2026-09-16,SMH,SOXL,-26,0.0158086,0.00376666
2026-09-16,SMH,SOXL,-25,0.0142964,-0.0026156
2026-09-16,SMH,SOXL,-24,-0.00333665,-0.00821574
2026-09-16,SMH,SOXL,-23,0.00640822,0.00230094
2026-09-16,SMH,SOXL,-22,0.016132,0.00896109
2026-09-16,SMH,SOXL,-21,-0.0174055,-0.0188002
2026-09-16,SMH,SOXL,-20,-0.00368679,-0.00114066
2026-09-16,SMH,SOXL,-19,-0.0171669,-0.00711744
2026-09-16,SMH,SOXL,-18,0.00354356,0.00473188
2026-09-16,SMH,SOXL,-17,0.00596494,0.0040344
2026-09-16,SMH,SOXL,-16,0.00735771,0.00892273
2026-09-16,SMH,SOXL,-15,0.00863923,0.00574358
2026-09-16,SMH,SOXL,-14,0.00699677,0.00546578
2026-09-16,SMH,SOXL,-13,0.00636817,-0.0005506
2026-09-16,SMH,SOXL,-12,0.033427,0.0172214
2026-09-16,SMH,SOXL,-11,0.0133271,-0.00902127
2026-09-16,SMH,SOXL,-10,0.0212356,0.00479339
2026-09-16,SMH,SOXL,-9,0.0165492,-0.005394
2026-09-16,SMH,SOXL,-8,0.0155726,-0.00547134
2026-09-16,SMH,SOXL,-7,0.0283699,0.00944214
2026-09-16,SMH,SOXL,-6,0.0143376,0.000712868
2026-09-16,SMH,SOXL,-5,0.0383695,0.00532916
2026-09-16,SMH,SOXL,-4,0.0620843,0.025278
2026-09-16,SMH,SOXL,-3,0.0623684,0.0235764
2026-09-16,SMH,SOXL,-2,0.148239,0.0781108
2026-09-16,SMH,SOXL,-1,0.319929,0.185651
2026-09-16,SMH,SOXL,0,0.71983,0.536429
2026-09-16,SMH,SOXL,1,0.328642,0.0131945
2026-09-16,SMH,SOXL,2,0.14965,-0.00680508
2026-09-16,SMH,SOXL,3,0.082473,-8.07202e-05
2026-09-16,SMH,SOXL,4,0.0513035,0.00014898
2026-09-16,SMH,SOXL,5,0.0279692,-0.00180407
2026-09-16,SMH,SOXL,6,0.0311018,0.00347564
2026-09-16,SMH,SOXL,7,0.0122969,-0.0049172
2026-09-16,SMH,SOXL,8,0.0265807,0.0150732
2026-09-16,SMH,SOXL,9,0.0168823,-0.00371062
2026-09-16,SMH,SOXL,10,-0.00953974,-0.0125709
2026-09-16,SMH,SOXL,11,0.0089102,0.00255618
2026-09-16,SMH,SOXL,12,0.00230719,0.00114377
2026-09-16,SMH,SOXL,13,-0.00785657,-0.0210149
2026-09-16,SMH,SOXL,14,0.00206667,0.00889695
2026-09-16,SMH,SOXL,15,-8.13051e-05,0.00504244
2026-09-16,SMH,SOXL,16,-0.00328731,-0.00160713
2026-09-16,SMH,SOXL,17,-0.0157816,-0.00232587
2026-09-16,SMH,SOXL,18,-0.0103626,0.000931987
2026-09-16,SMH,SOXL,19,-0.033182,-0.00877973
2026-09-16,SMH,SOXL,20,-0.0116583,0.00223634
2026-09-16,SMH,SOXL,21,0.00209791,0.00984605
2026-09-16,SMH,SOXL,22,0.00190856,0.00177126
2026-09-16,SMH,SOXL,23,-0.0164276,-0.00232043
2026-09-16,SMH,SOXL,24,0.0101763,-0.000527403
2026-09-16,SMH,SOXL,25,0.0132414,-0.000469945
2026-09-16,SMH,SOXL,26,0.012146,-0.0105333
2026-09-16,SMH,SOXL,27,0.000874167,-0.00378197
2026-09-16,SMH,SOXL,28,0.00475414,0.0061496
2026-09-16,SMH,SOXL,29,0.00781516,0.00774791
2026-09-16,SMH,SOXL,30,0.00780417,-0.00203302
2026-09-16,QQQ,SOXL,-30,-0.00899644,-0.00364373
2026-09-16,QQQ,SOXL,-29,0.00448355,0.00228975
2026-09-16,QQQ,SOXL,-28,0.00305258,0.00428103
2026-09-16,QQQ,SOXL,-27,0.00255041,0.00235896
2026-09-16,QQQ,SOXL,-26,-3.07952e-05,0.00112476
2026-09-16,QQQ,SOXL,-25,-0.00360693,-0.00274232
2026-09-16,QQQ,SOXL,-24,-0.0114794,-0.0112897
2026-09-16,QQQ,SOXL,-23,0.00301795,0.00201122
2026-09-16,QQQ,SOXL,-22,0.0146968,0.0106339
2026-09-16,QQQ,SOXL,-21,0.0111748,0.00619677
2026-09-16,QQQ,SOXL,-20,0.0103257,0.00600733
2026-09-16,QQQ,SOXL,-19,-0.0178769,-0.0169853
2026-09-16,QQQ,SOXL,-18,0.0099389,0.00922343
2026-09-16,QQQ,SOXL,-17,-0.00701737,-0.00753892
2026-09-16,QQQ,SOXL,-16,0.000693223,0.00138289
2026-09-16,QQQ,SOXL,-15,0.0208835,0.0213442
2026-09-16,QQQ,SOXL,-14,0.00365035,0.00163944
2026-09-16,QQQ,SOXL,-13,-0.00855153,-0.00619595
2026-09-16,QQQ,SOXL,-12,0.0039321,0.00729045
2026-09-16,QQQ,SOXL,-11,0.00680169,0.00852039
2026-09-16,QQQ,SOXL,-10,-0.0150725,-0.0199732
2026-09-16,QQQ,SOXL,-9,0.00778972,0.00693596
2026-09-16,QQQ,SOXL,-8,0.0013714,0.00387112
2026-09-16,QQQ,SOXL,-7,-0.00254632,-0.00234571
2026-09-16,QQQ,SOXL,-6,0.0208305,0.0177527
2026-09-16,QQQ,SOXL,-5,-0.0127762,-0.0138221
2026-09-16,QQQ,SOXL,-4,0.00316266,0.00413534
2026-09-16,QQQ,SOXL,-3,0.000651295,-0.00300456
2026-09-16,QQQ,SOXL,-2,0.0159278,0.00441534
2026-09-16,QQQ,SOXL,-1,0.0925273,0.0633249
2026-09-16,QQQ,SOXL,0,0.693408,0.674817
2026-09-16,QQQ,SOXL,1,0.085088,0.0538916
2026-09-16,QQQ,SOXL,2,-0.00971211,-0.0206638
2026-09-16,QQQ,SOXL,3,0.01579,0.0115878
2026-09-16,QQQ,SOXL,4,-0.00577928,-0.00559724
2026-09-16,QQQ,SOXL,5,-0.011749,-0.00970931
2026-09-16,QQQ,SOXL,6,0.00597252,0.00483567
2026-09-16,QQQ,SOXL,7,-0.00110215,-0.000944826
2026-09-16,QQQ,SOXL,8,0.0104909,0.00874506
2026-09-16,QQQ,SOXL,9,0.0154001,0.0115345
2026-09-16,QQQ,SOXL,10,-0.0164626,-0.015897
2026-09-16,QQQ,SOXL,11,0.0046628,0.0110302
2026-09-16,QQQ,SOXL,12,0.00164174,0.00229598
2026-09-16,QQQ,SOXL,13,-0.0180686,-0.0143988
2026-09-16,QQQ,SOXL,14,-0.00399769,0.00115264
2026-09-16,QQQ,SOXL,15,0.00983055,0.00620885
2026-09-16,QQQ,SOXL,16,0.00494679,0.00352605
2026-09-16,QQQ,SOXL,17,0.0039331,0.00514802
2026-09-16,QQQ,SOXL,18,-0.0113942,-0.00930765
2026-09-16,QQQ,SOXL,19,-0.000363611,-0.00484271
2026-09-16,QQQ,SOXL,20,0.00103282,0.00275683
2026-09-16,QQQ,SOXL,21,0.0112716,0.00974793
2026-09-16,QQQ,SOXL,22,-0.00398454,-0.00283442
2026-09-16,QQQ,SOXL,23,0.000377515,0.00273607
2026-09-16,QQQ,SOXL,24,0.0050149,-0.0011711
2026-09-16,QQQ,SOXL,25,-0.00493816,-0.0112007
2026-09-16,QQQ,SOXL,26,-0.0100608,-0.00967757
2026-09-16,QQQ,SOXL,27,0.00275416,-0.000588374
2026-09-16,QQQ,SOXL,28,0.000841011,0.00473754
2026-09-16,QQQ,SOXL,29,-0.00159004,0.000401606
2026-09-16,QQQ,SOXL,30,0.00982887,0.00831585
2026-09-16,NVDA,SOXS,-30,-0.00143176,-0.00270973
2026-09-16,NVDA,SOXS,-29,0.00678942,0.0101107
2026-09-16,NVDA,SOXS,-28,-0.0209204,-0.0194925
2026-09-16,NVDA,SOXS,-27,0.00678135,0.00541271
2026-09-16,NVDA,SOXS,-26,0.00613827,0.00816961
2026-09-16,NVDA,SOXS,-25,-0.00395478,-0.0048473
2026-09-16,NVDA,SOXS,-24,-0.00997493,-0.0091315
2026-09-16,NVDA,SOXS,-23,-0.00409279,-0.00554073
2026-09-16,NVDA,SOXS,-22,0.0105638,0.00812185
2026-09-16,NVDA,SOXS,-21,-0.0126122,-0.0130878
2026-09-16,NVDA,SOXS,-20,-0.00853081,-0.00284748
2026-09-16,NVDA,SOXS,-19,-0.00581163,-0.00255513
2026-09-16,NVDA,SOXS,-18,0.00861403,0.00998008
2026-09-16,NVDA,SOXS,-17,-0.00471368,-0.00341144
2026-09-16,NVDA,SOXS,-16,-0.00778458,-0.00940084
2026-09-16,NVDA,SOXS,-15,-0.00954691,-0.00868551
2026-09-16,NVDA,SOXS,-14,0.0109212,0.0164575
2026-09-16,NVDA,SOXS,-13,-0.0101614,-0.00576946
2026-09-16,NVDA,SOXS,-12,-0.0113695,-0.0120646
2026-09-16,NVDA,SOXS,-11,0.00998136,0.00915789
2026-09-16,NVDA,SOXS,-10,0.00179406,-0.00171033
2026-09-16,NVDA,SOXS,-9,0.00788002,0.00284928
2026-09-16,NVDA,SOXS,-8,0.0023484,0.00574709
2026-09-16,NVDA,SOXS,-7,-0.00280596,-0.00273875
2026-09-16,NVDA,SOXS,-6,-0.0124135,-0.00999282
2026-09-16,NVDA,SOXS,-5,-0.00294915,0.00257857
2026-09-16,NVDA,SOXS,-4,-0.0213041,-0.0143527
2026-09-16,NVDA,SOXS,-3,-0.0282539,-0.0193819
2026-09-16,NVDA,SOXS,-2,-0.0275729,-0.0155146
2026-09-16,NVDA,SOXS,-1,-0.0764566,-0.0426931
2026-09-16,NVDA,SOXS,0,-0.541808,-0.522071
2026-09-16,NVDA,SOXS,1,-0.0823159,-0.0686859
2026-09-16,NVDA,SOXS,2,0.00283783,0.00492117
2026-09-16,NVDA,SOXS,3,-0.00163483,-0.00337461
2026-09-16,NVDA,SOXS,4,0.00284423,0.0027888
2026-09-16,NVDA,SOXS,5,-0.00134775,0.00127103
2026-09-16,NVDA,SOXS,6,0.00651917,0.00755629
2026-09-16,NVDA,SOXS,7,-0.0151089,-0.010553
2026-09-16,NVDA,SOXS,8,-0.00663141,-0.00891929
2026-09-16,NVDA,SOXS,9,-0.00335532,-0.00592498
2026-09-16,NVDA,SOXS,10,0.0068314,0.00869224
2026-09-16,NVDA,SOXS,11,-0.00143463,0.000235672
2026-09-16,NVDA,SOXS,12,0.00128213,0.00524422
2026-09-16,NVDA,SOXS,13,0.00311626,0.00508001
2026-09-16,NVDA,SOXS,14,0.00935684,0.011228
2026-09-16,NVDA,SOXS,15,0.00114823,0.00219751
2026-09-16,NVDA,SOXS,16,-0.00181165,-0.00202179
2026-09-16,NVDA,SOXS,17,0.00840106,0.0124826
2026-09-16,NVDA,SOXS,18,-0.0199615,-0.017106
2026-09-16,NVDA,SOXS,19,0.010386,0.00872052
2026-09-16,NVDA,SOXS,20,0.00975276,0.010471
2026-09-16,NVDA,SOXS,21,-0.00416498,-0.00319267
2026-09-16,NVDA,SOXS,22,0.0150254,0.0132709
2026-09-16,NVDA,SOXS,23,0.00319955,0.002258
2026-09-16,NVDA,SOXS,24,0.00920167,0.00751623
2026-09-16,NVDA,SOXS,25,0.00101989,0.000787488
2026-09-16,NVDA,SOXS,26,0.00440843,0.00596706
2026-09-16,NVDA,SOXS,27,-0.0210711,-0.0169079
2026-09-16,NVDA,SOXS,28,0.015006,0.0184728
2026-09-16,NVDA,SOXS,29,0.000228224,0.00134394
2026-09-16,NVDA,SOXS,30,0.00855491,0.00653861
2026-09-16,SOXX,SOXS,-30,-0.00280253,0.00827457
2026-09-16,SOXX,SOXS,-29,0.00301496,0.00293781
2026-09-16,SOXX,SOXS,-28,-0.00084784,-0.000732443
2026-09-16,SOXX,SOXS,-27,-0.00759567,-0.00716976
2026-09-16,SOXX,SOXS,-26,-0.00420227,-0.00147244
2026-09-16,SOXX,SOXS,-25,-0.0081479,-0.00244746
2026-09-16,SOXX,SOXS,-24,-0.00114732,0.00797027
2026-09-16,SOXX,SOXS,-23,-0.011351,-0.00704573
2026-09-16,SOXX,SOXS,-22,-0.00833058,-0.00377178
2026-09-16,SOXX,SOXS,-21,-0.00993058,-0.000751666
2026-09-16,SOXX,SOXS,-20,-0.0221407,-0.0104067
2026-09-16,SOXX,SOXS,-19,0.0127114,0.0207857
2026-09-16,SOXX,SOXS,-18,-0.00453482,-0.00981958
2026-09-16,SOXX,SOXS,-17,-0.0204743,-0.0140295
2026-09-16,SOXX,SOXS,-16,-0.0203837,0.000627284
2026-09-16,SOXX,SOXS,-15,-0.0170964,-0.00612831
2026-09-16,SOXX,SOXS,-14,-0.0195806,-0.000485596
2026-09-16,SOXX,SOXS,-13,-0.00521913,0.0090937
2026-09-16,SOXX,SOXS,-12,-0.00530213,-0.00831742
2026-09-16,SOXX,SOXS,-11,0.0118522,0.0191262
2026-09-16,SOXX,SOXS,-10,-0.00166555,0.00402074
2026-09-16,SOXX,SOXS,-9,-0.017072,-0.00596617
2026-09-16,SOXX,SOXS,-8,-0.0150752,-0.0017541
2026-09-16,SOXX,SOXS,-7,-0.013713,-6.19181e-05
2026-09-16,SOXX,SOXS,-6,-0.0037724,-0.00511541
2026-09-16,SOXX,SOXS,-5,-0.0169072,-0.00867532
2026-09-16,SOXX,SOXS,-4,-0.0647525,-0.0257999
2026-09-16,SOXX,SOXS,-3,-0.0681044,-0.00657962
2026-09-16,SOXX,SOXS,-2,-0.142102,-0.0652038
2026-09-16,SOXX,SOXS,-1,-0.311777,-0.175067
2026-09-16,SOXX,SOXS,0,-0.733413,-0.562148
2026-09-16,SOXX,SOXS,1,-0.35186,-0.0542418
2026-09-16,SOXX,SOXS,2,-0.174828,-0.00344076
2026-09-16,SOXX,SOXS,3,-0.0995398,-0.0207201
2026-09-16,SOXX,SOXS,4,-0.0388633,0.00540117
2026-09-16,SOXX,SOXS,5,-0.028071,0.0120229
2026-09-16,SOXX,SOXS,6,-0.0270249,-0.00966619
2026-09-16,SOXX,SOXS,7,-0.0287314,-0.00757358
2026-09-16,SOXX,SOXS,8,-0.0285108,-0.00986994
2026-09-16,SOXX,SOXS,9,-0.0105424,0.00849641
2026-09-16,SOXX,SOXS,10,0.0241481,0.0156289
2026-09-16,SOXX,SOXS,11,-0.00435431,-0.0127317
2026-09-16,SOXX,SOXS,12,0.0097203,0.00920473
2026-09-16,SOXX,SOXS,13,0.0249207,0.0150992
2026-09-16,SOXX,SOXS,14,0.0177638,0.000381703
2026-09-16,SOXX,SOXS,15,-0.00106509,-0.00845121
2026-09-16,SOXX,SOXS,16,0.010139,-0.00108936
2026-09-16,SOXX,SOXS,17,0.0107384,-7.21617e-05
2026-09-16,SOXX,SOXS,18,-0.00128107,-0.014114
2026-09-16,SOXX,SOXS,19,0.00341354,-0.00186918
2026-09-16,SOXX,SOXS,20,0.00877166,0.0105407
2026-09-16,SOXX,SOXS,21,-0.00243221,-0.0137283
2026-09-16,SOXX,SOXS,22,0.0143688,0.0088761
2026-09-16,SOXX,SOXS,23,0.00336234,0.000322921
2026-09-16,SOXX,SOXS,24,-0.00426914,-0.00441047
2026-09-16,SOXX,SOXS,25,-0.00132104,0.00961593
2026-09-16,SOXX,SOXS,26,-0.0169897,-0.00951165
2026-09-16,SOXX,SOXS,27,-0.0145661,0.00409011
2026-09-16,SOXX,SOXS,28,-0.0180607,-0.00233608
2026-09-16,SOXX,SOXS,29,-0.0116135,-0.0149828
2026-09-16,SOXX,SOXS,30,-0.00898716,0.00161563
2026-09-16,SOXL,SOXS,-30,-0.0107732,-0.0129891
2026-09-16,SOXL,SOXS,-29,0.00237456,0.00389397
2026-09-16,SOXL,SOXS,-28,-0.0102596,-0.00841207
2026-09-16,SOXL,SOXS,-27,0.0014184,-0.00153242
2026-09-16,SOXL,SOXS,-26,0.0084714,0.00802643
2026-09-16,SOXL,SOXS,-25,0.00377701,0.00160538
2026-09-16,SOXL,SOXS,-24,0.00136096,0.00356119
2026-09-16,SOXL,SOXS,-23,-0.0106919,-0.00845431
2026-09-16,SOXL,SOXS,-22,0.00195593,0.000704447
2026-09-16,SOXL,SOXS,-21,-0.0101706,-0.0108598
2026-09-16,SOXL,SOXS,-20,0.00189027,0.00473008
2026-09-16,SOXL,SOXS,-19,0.00838809,0.0134293
2026-09-16,SOXL,SOXS,-18,0.000243168,0.000893999
2026-09-16,SOXL,SOXS,-17,-0.00631005,-0.00987555
2026-09-16,SOXL,SOXS,-16,-0.00575369,0.000471624
2026-09-16,SOXL,SOXS,-15,-0.00630241,-0.00816767
2026-09-16,SOXL,SOXS,-14,0.000190744,0.0038113
2026-09-16,SOXL,SOXS,-13,0.00231307,0.00240428
2026-09-16,SOXL,SOXS,-12,0.000312878,-0.00120872
2026-09-16,SOXL,SOXS,-11,-0.00041377,-0.00302297
2026-09-16,SOXL,SOXS,-10,0.0169519,0.0122016
2026-09-16,SOXL,SOXS,-9,-0.000776537,-0.000267317
2026-09-16,SOXL,SOXS,-8,0.0044507,0.00406131
2026-09-16,SOXL,SOXS,-7,0.00458549,0.00217049
2026-09-16,SOXL,SOXS,-6,-0.00119265,-0.0031079
2026-09-16,SOXL,SOXS,-5,0.00336403,0.00822092
2026-09-16,SOXL,SOXS,-4,-0.00887074,-0.00422599
2026-09-16,SOXL,SOXS,-3,-0.0078407,-0.000256536
2026-09-16,SOXL,SOXS,-2,-0.019075,-0.00373048
2026-09-16,SOXL,SOXS,-1,-0.100965,-0.0480693
2026-09-16,SOXL,SOXS,0,-0.781952,-0.751018
2026-09-16,SOXL,SOXS,1,-0.127034,-0.0909039
2026-09-16,SOXL,SOXS,2,-0.0240219,-0.00754005
2026-09-16,SOXL,SOXS,3,-0.0327352,-0.0313127
2026-09-16,SOXL,SOXS,4,0.003592,0.00812672
2026-09-16,SOXL,SOXS,5,0.00535946,0.00510094
2026-09-16,SOXL,SOXS,6,-0.00282706,-0.0062073
2026-09-16,SOXL,SOXS,7,-0.00651681,-0.00333594
2026-09-16,SOXL,SOXS,8,-0.000672738,-0.00135832
2026-09-16,SOXL,SOXS,9,0.00156942,7.04608e-05
2026-09-16,SOXL,SOXS,10,0.0139319,0.0156889
2026-09-16,SOXL,SOXS,11,-0.00708587,-0.00851932
2026-09-16,SOXL,SOXS,12,0.00236312,-0.0014707
2026-09-16,SOXL,SOXS,13,0.0104012,0.0119155
2026-09-16,SOXL,SOXS,14,-0.000548686,-0.000206784
2026-09-16,SOXL,SOXS,15,-0.0114955,-0.0161835
2026-09-16,SOXL,SOXS,16,0.0036866,0.00259953
2026-09-16,SOXL,SOXS,17,0.00210936,0.0024739
2026-09-16,SOXL,SOXS,18,-0.00387131,-0.00743401
2026-09-16,SOXL,SOXS,19,0.0127602,0.0123873
2026-09-16,SOXL,SOXS,20,-0.00781564,-0.00241793
2026-09-16,SOXL,SOXS,21,-0.00222563,0.000837272
2026-09-16,SOXL,SOXS,22,-0.00566103,-0.00247603
2026-09-16,SOXL,SOXS,23,-0.0195081,-0.0159057
2026-09-16,SOXL,SOXS,24,0.01573,0.0106137
2026-09-16,SOXL,SOXS,25,0.00590253,0.0073549
2026-09-16,SOXL,SOXS,26,0.00232824,0.0063681
2026-09-16,SOXL,SOXS,27,-0.0100501,-0.00438747
2026-09-16,SOXL,SOXS,28,-0.000912237,0.00306167
2026-09-16,SOXL,SOXS,29,-0.0171063,-0.0136549
2026-09-16,SOXL,SOXS,30,-0.00579394,-0.0070418
2026-09-16,NVDA,SOXX,-30,0.0069354,0.00957933
2026-09-16,NVDA,SOXX,-29,-0.0135116,-0.00690464
2026-09-16,NVDA,SOXX,-28,0.0175585,0.0106801
2026-09-16,NVDA,SOXX,-27,0.0117187,-0.00187621
2026-09-16,NVDA,SOXX,-26,0.012686,0.00649994
2026-09-16,NVDA,SOXX,-25,0.00276408,-0.00831768
2026-09-16,NVDA,SOXX,-24,0.0149423,0.00544392
2026-09-16,NVDA,SOXX,-23,0.0200779,0.0137033
2026-09-16,NVDA,SOXX,-22,-0.00748344,-0.00716376
2026-09-16,NVDA,SOXX,-21,0.00494906,0.0127147
2026-09-16,NVDA,SOXX,-20,-0.0117632,-1.81392e-05
2026-09-16,NVDA,SOXX,-19,-0.00597676,0.00195978
2026-09-16,NVDA,SOXX,-18,0.000367188,0.00636283
2026-09-16,NVDA,SOXX,-17,-0.00547581,-0.00116818
2026-09-16,NVDA,SOXX,-16,0.00279746,0.00986856
2026-09-16,NVDA,SOXX,-15,0.00171831,0.00491401
2026-09-16,NVDA,SOXX,-14,-0.0166941,-0.0156236
2026-09-16,NVDA,SOXX,-13,-0.000258002,-0.000889893
2026-09-16,NVDA,SOXX,-12,-0.0030129,3.91329e-05
2026-09-16,NVDA,SOXX,-11,0.00645129,0.0100729
2026-09-16,NVDA,SOXX,-10,-0.011392,-0.0050055
2026-09-16,NVDA,SOXX,-9,0.00796381,-0.00747022
2026-09-16,NVDA,SOXX,-8,0.014006,0.00422106
2026-09-16,NVDA,SOXX,-7,0.0238706,0.00961267
2026-09-16,NVDA,SOXX,-6,0.0261118,0.00405096
2026-09-16,NVDA,SOXX,-5,0.0371791,-0.00895937
2026-09-16,NVDA,SOXX,-4,0.0488526,0.0134166
2026-09-16,NVDA,SOXX,-3,0.0701319,0.00953682
2026-09-16,NVDA,SOXX,-2,0.133318,0.0221663
2026-09-16,NVDA,SOXX,-1,0.233698,0.0257293
2026-09-16,NVDA,SOXX,0,0.495943,0.379648
2026-09-16,NVDA,SOXX,1,0.208943,0.128501
2026-09-16,NVDA,SOXX,2,0.0908871,0.0527231
2026-09-16,NVDA,SOXX,3,0.0215225,-0.00751327
2026-09-16,NVDA,SOXX,4,0.0367518,0.013543
2026-09-16,NVDA,SOXX,5,0.0116029,0.0128779
2026-09-16,NVDA,SOXX,6,-0.012849,-0.00181427
2026-09-16,NVDA,SOXX,7,0.00903457,0.00419441
2026-09-16,NVDA,SOXX,8,0.00838309,0.00204446
2026-09-16,NVDA,SOXX,9,0.00757658,0.0128173
2026-09-16,NVDA,SOXX,10,-0.0107965,-0.00948552
2026-09-16,NVDA,SOXX,11,0.00485491,-0.0014707
2026-09-16,NVDA,SOXX,12,-0.0105533,-0.00922216
2026-09-16,NVDA,SOXX,13,-0.00046864,-0.00949216
2026-09-16,NVDA,SOXX,14,0.0111329,-0.0103796
2026-09-16,NVDA,SOXX,15,0.016349,-0.00139408
2026-09-16,NVDA,SOXX,16,0.0193735,0.00986228
2026-09-16,NVDA,SOXX,17,0.0103254,-0.00373808
2026-09-16,NVDA,SOXX,18,0.0151235,0.0185054
2026-09-16,NVDA,SOXX,19,-0.0169282,-0.0156878
2026-09-16,NVDA,SOXX,20,-0.0117085,-0.00327783
2026-09-16,NVDA,SOXX,21,-0.00267494,-0.00676998
2026-09-16,NVDA,SOXX,22,-0.00476273,-0.008548
2026-09-16,NVDA,SOXX,23,0.0055548,0.00601722
2026-09-16,NVDA,SOXX,24,-0.00379928,-0.00895401
2026-09-16,NVDA,SOXX,25,0.0108828,0.00785337
2026-09-16,NVDA,SOXX,26,-0.012489,-0.00743134
2026-09-16,NVDA,SOXX,27,0.0115599,0.000664205
2026-09-16,NVDA,SOXX,28,-0.00366888,-0.00336501
2026-09-16,NVDA,SOXX,29,-0.00445519,-0.00475255
2026-09-16,NVDA,SOXX,30,-0.0163863,-0.0156962
2026-09-16,NVDA,SMH,-30,0.0114448,0.00394432
2026-09-16,NVDA,SMH,-29,0.00127951,-0.00616153
2026-09-16,NVDA,SMH,-28,0.0108072,0.00878212
2026-09-16,NVDA,SMH,-27,0.00594973,-0.0024649
2026-09-16,NVDA,SMH,-26,0.0171478,-0.00148854
2026-09-16,NVDA,SMH,-25,0.0132436,-0.00644825
2026-09-16,NVDA,SMH,-24,0.0176217,0.0108732
2026-09-16,NVDA,SMH,-23,-0.00181649,-0.0044836
2026-09-16,NVDA,SMH,-22,0.00256675,0.00387387
2026-09-16,NVDA,SMH,-21,0.00901878,0.0103283
2026-09-16,NVDA,SMH,-20,0.000639638,0.00530338
2026-09-16,NVDA,SMH,-19,-0.0045019,0.00811447
2026-09-16,NVDA,SMH,-18,-0.0199484,-0.00620548
2026-09-16,NVDA,SMH,-17,-0.00860589,-0.00925662
2026-09-16,NVDA,SMH,-16,0.0079967,0.0115376
2026-09-16,NVDA,SMH,-15,-0.002554,-0.0075318
2026-09-16,NVDA,SMH,-14,-0.0040692,0.00436023
2026-09-16,NVDA,SMH,-13,0.00485136,-0.0124208
2026-09-16,NVDA,SMH,-12,0.0143088,0.0073879
2026-09-16,NVDA,SMH,-11,0.0125389,0.00481111
2026-09-16,NVDA,SMH,-10,-0.00041398,-0.00703293
2026-09-16,NVDA,SMH,-9,0.0216611,0.000749878
2026-09-16,NVDA,SMH,-8,0.0257799,-0.00790386
2026-09-16,NVDA,SMH,-7,0.0350269,0.00889932
2026-09-16,NVDA,SMH,-6,0.0413633,0.00475752
2026-09-16,NVDA,SMH,-5,0.0522332,0.0139051
2026-09-16,NVDA,SMH,-4,0.057602,0.00327351
2026-09-16,NVDA,SMH,-3,0.0880861,0.01206
2026-09-16,NVDA,SMH,-2,0.146556,0.0163492
2026-09-16,NVDA,SMH,-1,0.265498,0.0178098
2026-09-16,NVDA,SMH,0,0.571038,0.40939
2026-09-16,NVDA,SMH,1,0.259448,0.14965
2026-09-16,NVDA,SMH,2,0.123129,0.0687087
2026-09-16,NVDA,SMH,3,0.0372105,0.0037626
2026-09-16,NVDA,SMH,4,0.0501566,0.0193615
2026-09-16,NVDA,SMH,5,0.0380217,0.013308
2026-09-16,NVDA,SMH,6,0.00571029,-0.00920703
2026-09-16,NVDA,SMH,7,0.0249047,0.0102057
2026-09-16,NVDA,SMH,8,0.0241691,0.00490749
2026-09-16,NVDA,SMH,9,0.0159297,0.0141619
2026-09-16,NVDA,SMH,10,0.00257267,0.00569797
2026-09-16,NVDA,SMH,11,-0.0134474,-0.0143452
2026-09-16,NVDA,SMH,12,0.0112777,-0.00453126
2026-09-16,NVDA,SMH,13,0.0165405,0.00150456
2026-09-16,NVDA,SMH,14,0.0129454,0.00596208
2026-09-16,NVDA,SMH,15,-0.00963685,-0.00653463
2026-09-16,NVDA,SMH,16,0.00113368,-0.0017171
2026-09-16,NVDA,SMH,17,0.000283165,-0.00708296
2026-09-16,NVDA,SMH,18,0.0109233,0.016594
2026-09-16,NVDA,SMH,19,-0.0178283,-0.00378319
2026-09-16,NVDA,SMH,20,-0.0205846,-0.0175001
2026-09-16,NVDA,SMH,21,-0.0112937,-0.00827334
2026-09-16,NVDA,SMH,22,-0.00898141,-0.0113384
2026-09-16,NVDA,SMH,23,0.00132406,0.0111532
2026-09-16,NVDA,SMH,24,-0.0283163,-0.0191477
2026-09-16,NVDA,SMH,25,0.000623291,-0.000690748
2026-09-16,NVDA,SMH,26,0.00255083,-0.00652239
2026-09-16,NVDA,SMH,27,0.0161698,0.00519532
2026-09-16,NVDA,SMH,28,0.01313,-0.000844214
2026-09-16,NVDA,SMH,29,-0.00807883,-0.00503879
2026-09-16,NVDA,SMH,30,-0.00238314,-0.00614816
2026-09-16,SMH,SOXX,-30,-0.00984873,-0.00228654
2026-09-16,SMH,SOXX,-29,0.00270182,-0.000672997
2026-09-16,SMH,SOXX,-28,0.0386594,0.0111047
2026-09-16,SMH,SOXX,-27,0.043722,0.000702227
2026-09-16,SMH,SOXX,-26,0.030892,-5.97823e-05
2026-09-16,SMH,SOXX,-25,0.0159608,0.0043239
2026-09-16,SMH,SOXX,-24,0.0213512,0.00637188
2026-09-16,SMH,SOXX,-23,-0.00320006,-0.00904236
2026-09-16,SMH,SOXX,-22,-0.0306082,-0.0124017
2026-09-16,SMH,SOXX,-21,-0.0115965,0.00436641
2026-09-16,SMH,SOXX,-20,-0.0205779,-0.00899298
2026-09-16,SMH,SOXX,-19,-0.00474144,7.62253e-05
2026-09-16,SMH,SOXX,-18,0.0160426,0.0147778
2026-09-16,SMH,SOXX,-17,-0.00199334,-0.00709292
2026-09-16,SMH,SOXX,-16,0.0140551,0.0128259
2026-09-16,SMH,SOXX,-15,-0.00289548,7.01235e-05
2026-09-16,SMH,SOXX,-14,-0.000102932,0.00336313
2026-09-16,SMH,SOXX,-13,-0.0081259,-0.000587924
2026-09-16,SMH,SOXX,-12,0.0264815,0.00701339
2026-09-16,SMH,SOXX,-11,0.0226935,-0.00157505
2026-09-16,SMH,SOXX,-10,0.0108425,0.0039981
2026-09-16,SMH,SOXX,-9,0.035916,-0.00895918
2026-09-16,SMH,SOXX,-8,0.0397147,0.00997282
2026-09-16,SMH,SOXX,-7,0.0432223,0.00678883
2026-09-16,SMH,SOXX,-6,0.0275642,-0.00776539
2026-09-16,SMH,SOXX,-5,0.0818982,0.00439725
2026-09-16,SMH,SOXX,-4,0.105808,0.0151704
2026-09-16,SMH,SOXX,-3,0.159091,0.0114303
2026-09-16,SMH,SOXX,-2,0.287945,0.0644327
2026-09-16,SMH,SOXX,-1,0.457694,0.122815
2026-09-16,SMH,SOXX,0,0.719061,0.479005
2026-09-16,SMH,SOXX,1,0.451101,0.103309
2026-09-16,SMH,SOXX,2,0.248121,0.0242543
2026-09-16,SMH,SOXX,3,0.143728,0.00444756
2026-09-16,SMH,SOXX,4,0.0982068,0.0230971
2026-09-16,SMH,SOXX,5,0.075463,0.0102036
2026-09-16,SMH,SOXX,6,0.0514586,0.0077677
2026-09-16,SMH,SOXX,7,0.0485328,0.00188834
2026-09-16,SMH,SOXX,8,0.0577528,0.00537968
2026-09-16,SMH,SOXX,9,0.0376558,0.00116916
2026-09-16,SMH,SOXX,10,0.0132946,-0.00958533
2026-09-16,SMH,SOXX,11,-0.00938761,-2.86581e-05
2026-09-16,SMH,SOXX,12,-0.00916732,-0.00659922
2026-09-16,SMH,SOXX,13,0.0205403,-0.00537444
2026-09-16,SMH,SOXX,14,-0.00409046,-0.017083
2026-09-16,SMH,SOXX,15,0.0343036,0.0124641
2026-09-16,SMH,SOXX,16,0.0164727,0.0131115
2026-09-16,SMH,SOXX,17,-0.00501409,-0.00232674
2026-09-16,SMH,SOXX,18,-0.0284968,-0.000912865
2026-09-16,SMH,SOXX,19,-0.0107945,-0.0039255
2026-09-16,SMH,SOXX,20,0.00696923,0.00836389
2026-09-16,SMH,SOXX,21,0.0137132,0.00343028
2026-09-16,SMH,SOXX,22,0.00698598,0.00316402
2026-09-16,SMH,SOXX,23,-0.00364219,0.00573647
2026-09-16,SMH,SOXX,24,0.0207082,-0.0065813
2026-09-16,SMH,SOXX,25,0.0186541,0.00745696
2026-09-16,SMH,SOXX,26,0.012493,-0.0128392
2026-09-16,SMH,SOXX,27,0.0116671,-0.00307384
2026-09-16,SMH,SOXX,28,-0.00200333,0.000605005
2026-09-16,SMH,SOXX,29,0.0012766,0.00569091
2026-09-16,SMH,SOXX,30,-0.0204803,-0.0150555
2026-09-17,NVDA,SOXL,-30,0.00646674,0.00733516
2026-09-17,NVDA,SOXL,-29,0.00424052,0.00605818
2026-09-17,NVDA,SOXL,-28,-0.00769898,-0.00507664
2026-09-17,NVDA,SOXL,-27,0.0106312,0.00700475
2026-09-17,NVDA,SOXL,-26,0.00230033,0.00576024
2026-09-17,NVDA,SOXL,-25,-0.00734442,-0.00433856
2026-09-17,NVDA,SOXL,-24,-0.00535806,0.00253236
2026-09-17,NVDA,SOXL,-23,-0.00171478,-0.00107896
2026-09-17,NVDA,SOXL,-22,-0.0180125,-0.0146509
2026-09-17,NVDA,SOXL,-21,-0.00405499,-0.00521447
2026-09-17,NVDA,SOXL,-20,0.00237498,0.00500611
2026-09-17,NVDA,SOXL,-19,0.00208745,0.00333572
2026-09-17,NVDA,SOXL,-18,-0.0132425,-0.0121806
2026-09-17,NVDA,SOXL,-17,0.00511004,0.00329334
2026-09-17,NVDA,SOXL,-16,0.00325815,-3.76575e-05
2026-09-17,NVDA,SOXL,-15,-0.00655967,-0.0101808
2026-09-17,NVDA,SOXL,-14,0.0267211,0.0245314
2026-09-17,NVDA,SOXL,-13,-0.010494,-0.0150385
2026-09-17,NVDA,SOXL,-12,0.0117411,0.0117564
2026-09-17,NVDA,SOXL,-11,0.00777188,0.00730883
2026-09-17,NVDA,SOXL,-10,0.00724549,0.00824334
2026-09-17,NVDA,SOXL,-9,-0.0307553,-0.0248116
2026-09-17,NVDA,SOXL,-8,-0.015915,-0.0149505
2026-09-17,NVDA,SOXL,-7,-0.0165429,-0.0161272
2026-09-17,NVDA,SOXL,-6,0.0207313,0.0229216
2026-09-17,NVDA,SOXL,-5,-0.0336924,-0.0344214
2026-09-17,NVDA,SOXL,-4,-0.00455446,-0.00581779
2026-09-17,NVDA,SOXL,-3,0.00350371,-0.00266222
2026-09-17,NVDA,SOXL,-2,0.022714,0.00886233
2026-09-17,NVDA,SOXL,-1,0.0598246,0.0292402
2026-09-17,NVDA,SOXL,0,0.304715,0.291867
2026-09-17,NVDA,SOXL,1,0.0356275,0.0203906
2026-09-17,NVDA,SOXL,2,0.00176681,0.00287189
2026-09-17,NVDA,SOXL,3,0.00373628,0.00290723
2026-09-17,NVDA,SOXL,4,-0.00666542,-0.00663091
2026-09-17,NVDA,SOXL,5,-0.0300846,-0.0298651
2026-09-17,NVDA,SOXL,6,-0.010968,-0.00929081
2026-09-17,NVDA,SOXL,7,-0.00609403,-0.00646504
2026-09-17,NVDA,SOXL,8,-0.00574296,-0.00647172
2026-09-17,NVDA,SOXL,9,0.00239909,0.00407816
2026-09-17,NVDA,SOXL,10,0.00642781,0.00515719
2026-09-17,NVDA,SOXL,11,0.00355115,0.00226605
2026-09-17,NVDA,SOXL,12,-0.00404194,0.000267581
2026-09-17,NVDA,SOXL,13,0.00106293,-0.00321204
2026-09-17,NVDA,SOXL,14,0.000826698,-0.00247825
2026-09-17,NVDA,SOXL,15,0.00460271,0.00754614
2026-09-17,NVDA,SOXL,16,0.00934449,0.0136122
2026-09-17,NVDA,SOXL,17,-0.00798487,-0.0040112
2026-09-17,NVDA,SOXL,18,-0.0305165,-0.0268973
2026-09-17,NVDA,SOXL,19,-0.0120034,-0.0114343
2026-09-17,NVDA,SOXL,20,0.00820718,0.0111944
2026-09-17,NVDA,SOXL,21,0.00707164,0.005763
2026-09-17,NVDA,SOXL,22,-0.0039141,0.00250117
2026-09-17,NVDA,SOXL,23,-0.0197554,-0.0183525
2026-09-17,NVDA,SOXL,24,0.00741866,0.00857199
2026-09-17,NVDA,SOXL,25,-0.0122648,-0.00968579
2026-09-17,NVDA,SOXL,26,-0.000512499,0.00324531
2026-09-17,NVDA,SOXL,27,0.000113459,0.002187
2026-09-17,NVDA,SOXL,28,0.000699588,-0.00157435
2026-09-17,NVDA,SOXL,29,-0.0219566,-0.0175837
2026-09-17,NVDA,SOXL,30,-0.0154181,-0.0137887
2026-09-17,SOXX,SOXL,-30,-0.0174952,-0.0154404
2026-09-17,SOXX,SOXL,-29,-0.0189695,-0.00836425
2026-09-17,SOXX,SOXL,-28,-0.0158181,-0.0057308
2026-09-17,SOXX,SOXL,-27,0.0150409,0.0148241
2026-09-17,SOXX,SOXL,-26,0.0105926,-0.000101691
2026-09-17,SOXX,SOXL,-25,-0.0113651,-0.00613508
2026-09-17,SOXX,SOXL,-24,-0.0144841,-0.00401097
2026-09-17,SOXX,SOXL,-23,-0.0116437,-0.00896627
2026-09-17,SOXX,SOXL,-22,-0.0133245,0.00229676
2026-09-17,SOXX,SOXL,-21,0.0189272,0.0140409
2026-09-17,SOXX,SOXL,-20,0.0251368,0.00939352
2026-09-17,SOXX,SOXL,-19,0.0180656,0.0107231
2026-09-17,SOXX,SOXL,-18,-0.00256139,-0.00610372
2026-09-17,SOXX,SOXL,-17,0.0319999,0.0152019
2026-09-17,SOXX,SOXL,-16,-0.00250165,-0.0180663
2026-09-17,SOXX,SOXL,-15,0.00599383,0.00262419
2026-09-17,SOXX,SOXL,-14,0.00334757,-0.0025392
2026-09-17,SOXX,SOXL,-13,0.00372849,-0.00617828
2026-09-17,SOXX,SOXL,-12,0.00146723,-0.0153749
2026-09-17,SOXX,SOXL,-11,-0.0147893,-0.0178667
2026-09-17,SOXX,SOXL,-10,0.00854729,0.00882262
2026-09-17,SOXX,SOXL,-9,0.00389383,-0.00196527
2026-09-17,SOXX,SOXL,-8,-0.00222287,-0.0110531
2026-09-17,SOXX,SOXL,-7,0.0114384,-0.00108081
2026-09-17,SOXX,SOXL,-6,-0.00658239,-0.0100364
2026-09-17,SOXX,SOXL,-5,-0.0135207,-0.0182349
2026-09-17,SOXX,SOXL,-4,0.00814949,0.0122222
2026-09-17,SOXX,SOXL,-3,0.0396313,0.0127966
2026-09-17,SOXX,SOXL,-2,0.106512,0.0456342
2026-09-17,SOXX,SOXL,-1,0.274029,0.156902
2026-09-17,SOXX,SOXL,0,0.691195,0.542729
2026-09-17,SOXX,SOXL,1,0.320399,0.0346627
2026-09-17,SOXX,SOXL,2,0.129362,-0.0106924
2026-09-17,SOXX,SOXL,3,0.045945,-0.010592
2026-09-17,SOXX,SOXL,4,0.00736423,-0.021406
2026-09-17,SOXX,SOXL,5,-0.0193843,-0.020971
2026-09-17,SOXX,SOXL,6,-0.0100724,0.00212388
2026-09-17,SOXX,SOXL,7,-0.0182257,-0.016251
2026-09-17,SOXX,SOXL,8,-0.0111803,-0.00783044
2026-09-17,SOXX,SOXL,9,-0.00541109,-0.00256083
2026-09-17,SOXX,SOXL,10,0.00871249,0.00970474
2026-09-17,SOXX,SOXL,11,-0.00159296,-0.00884189
2026-09-17,SOXX,SOXL,12,-0.0084624,-0.00795367
2026-09-17,SOXX,SOXL,13,-0.00804945,-0.00234283
2026-09-17,SOXX,SOXL,14,-0.0120229,-0.00523051
2026-09-17,SOXX,SOXL,15,-0.0172106,-0.0061483
2026-09-17,SOXX,SOXL,16,-0.0156634,-0.0127352
2026-09-17,SOXX,SOXL,17,0.0214605,0.0192098
2026-09-17,SOXX,SOXL,18,0.017168,0.00289702
2026-09-17,SOXX,SOXL,19,0.00651917,-0.00140488
2026-09-17,SOXX,SOXL,20,0.0171226,0.00880496
2026-09-17,SOXX,SOXL,21,-0.00476143,-0.00754755
2026-09-17,SOXX,SOXL,22,-0.0141341,0.000380268
2026-09-17,SOXX,SOXL,23,0.0170454,0.0112077
2026-09-17,SOXX,SOXL,24,0.00265621,-0.00376578
2026-09-17,SOXX,SOXL,25,0.0102285,-0.00205772
2026-09-17,SOXX,SOXL,26,0.0110912,0.00939859
2026-09-17,SOXX,SOXL,27,0.0205107,0.0107416
2026-09-17,SOXX,SOXL,28,-0.0102837,-0.02327
2026-09-17,SOXX,SOXL,29,-0.00854623,-0.0014527
2026-09-17,SOXX,SOXL,30,-0.0312774,-0.0105917
2026-09-17,SMH,SOXL,-30,-0.0216593,-0.0155762
2026-09-17,SMH,SOXL,-29,-0.00190001,0.00151126
2026-09-17,SMH,SOXL,-28,-0.0207963,-0.0135862
2026-09-17,SMH,SOXL,-27,0.0054482,0.0105807
2026-09-17,SMH,SOXL,-26,0.00701577,0.0101815
2026-09-17,SMH,SOXL,-25,0.00841383,0.00947951
2026-09-17,SMH,SOXL,-24,0.00534047,0.000973635
2026-09-17,SMH,SOXL,-23,-0.0346647,-0.0297451
2026-09-17,SMH,SOXL,-22,0.0033108,0.0120955
2026-09-17,SMH,SOXL,-21,0.006763,0.00244135
2026-09-17,SMH,SOXL,-20,0.0261361,0.0115735
2026-09-17,SMH,SOXL,-19,0.0161352,0.00769308
2026-09-17,SMH,SOXL,-18,-0.00646071,-0.0113472
2026-09-17,SMH,SOXL,-17,0.010387,0.00815902
2026-09-17,SMH,SOXL,-16,-0.0106422,-0.00967148
2026-09-17,SMH,SOXL,-15,-0.00719981,-0.012592
2026-09-17,SMH,SOXL,-14,-0.00647554,-0.00663018
2026-09-17,SMH,SOXL,-13,0.0136449,0.0102437
2026-09-17,SMH,SOXL,-12,-0.000187044,-0.000709722
2026-09-17,SMH,SOXL,-11,-0.0154157,-0.0172861
2026-09-17,SMH,SOXL,-10,0.00442199,0.00214004
2026-09-17,SMH,SOXL,-9,-0.0222702,-0.0152323
2026-09-17,SMH,SOXL,-8,-0.025785,-0.0236214
2026-09-17,SMH,SOXL,-7,-0.00453025,-0.000469603
2026-09-17,SMH,SOXL,-6,0.008455,0.00609279
2026-09-17,SMH,SOXL,-5,-0.00116541,-0.0122007
2026-09-17,SMH,SOXL,-4,0.0311412,0.00420803
2026-09-17,SMH,SOXL,-3,0.0655274,0.0244795
2026-09-17,SMH,SOXL,-2,0.129696,0.0643729
2026-09-17,SMH,SOXL,-1,0.298296,0.158374
2026-09-17,SMH,SOXL,0,0.653902,0.539309
2026-09-17,SMH,SOXL,1,0.229237,0.0223142
2026-09-17,SMH,SOXL,2,0.0904895,-0.00244746
2026-09-17,SMH,SOXL,3,0.027813,-0.0146687
2026-09-17,SMH,SOXL,4,-0.00903076,-0.0159558
2026-09-17,SMH,SOXL,5,-0.000105578,-0.0135846
2026-09-17,SMH,SOXL,6,-0.00124714,-0.00160315
2026-09-17,SMH,SOXL,7,-0.00847807,-0.000749885
2026-09-17,SMH,SOXL,8,-0.0476964,-0.031694
2026-09-17,SMH,SOXL,9,-0.00181925,0.00455468
2026-09-17,SMH,SOXL,10,-0.00223265,0.00249819
2026-09-17,SMH,SOXL,11,-0.0170487,-0.0144971
2026-09-17,SMH,SOXL,12,-0.0199368,-0.0156514
2026-09-17,SMH,SOXL,13,-0.00142324,0.00271862
2026-09-17,SMH,SOXL,14,0.0191193,0.00695729
2026-09-17,SMH,SOXL,15,-0.00330151,-0.00841177
2026-09-17,SMH,SOXL,16,-0.0150991,-0.00869449
2026-09-17,SMH,SOXL,17,0.00321051,0.00349526
2026-09-17,SMH,SOXL,18,-0.00155303,0.00149607
2026-09-17,SMH,SOXL,19,-0.0153579,-0.0189738
2026-09-17,SMH,SOXL,20,0.0116106,0.0166718
2026-09-17,SMH,SOXL,21,0.0176621,0.013033
2026-09-17,SMH,SOXL,22,0.0100756,0.00232537
2026-09-17,SMH,SOXL,23,-0.0102722,-0.00301583
2026-09-17,SMH,SOXL,24,-0.0123246,-0.00419642
2026-09-17,SMH,SOXL,25,0.00308135,0.000803195
2026-09-17,SMH,SOXL,26,0.0134309,0.0159737
2026-09-17,SMH,SOXL,27,-0.0105458,-0.00678122
2026-09-17,SMH,SOXL,28,-0.0121517,-0.00565922
2026-09-17,SMH,SOXL,29,-0.0319041,-0.0228006
2026-09-17,SMH,SOXL,30,-0.0311334,-0.0107363
2026-09-17,QQQ,SOXL,-30,-0.013584,-0.00613787
2026-09-17,QQQ,SOXL,-29,-2.10783e-05,-0.00130897
2026-09-17,QQQ,SOXL,-28,-0.00667558,-0.00481303
2026-09-17,QQQ,SOXL,-27,0.00887984,0.0130328
2026-09-17,QQQ,SOXL,-26,-0.00272635,-0.00273047
2026-09-17,QQQ,SOXL,-25,-0.0174587,-0.0113895
2026-09-17,QQQ,SOXL,-24,0.00106416,0.00789536
2026-09-17,QQQ,SOXL,-23,0.000435944,-0.00397014
2026-09-17,QQQ,SOXL,-22,-0.0140911,-0.0107276
2026-09-17,QQQ,SOXL,-21,-0.00232128,-0.00270316
2026-09-17,QQQ,SOXL,-20,0.00749875,0.00755909
2026-09-17,QQQ,SOXL,-19,-0.00973664,-0.0132216
2026-09-17,QQQ,SOXL,-18,0.000577486,-0.00039967
2026-09-17,QQQ,SOXL,-17,0.0237866,0.0223109
2026-09-17,QQQ,SOXL,-16,-0.00198965,-0.00540571
2026-09-17,QQQ,SOXL,-15,-0.00721423,-0.0120147
2026-09-17,QQQ,SOXL,-14,0.0146829,0.0154565
2026-09-17,QQQ,SOXL,-13,0.00181647,-0.00575855
2026-09-17,QQQ,SOXL,-12,0.00470582,0.00362058
2026-09-17,QQQ,SOXL,-11,-0.00740199,-0.00645195
2026-09-17,QQQ,SOXL,-10,0.0153957,0.0112112
2026-09-17,QQQ,SOXL,-9,-0.00327888,-0.00442798
2026-09-17,QQQ,SOXL,-8,-0.00146862,0.00068276
2026-09-17,QQQ,SOXL,-7,-0.00845413,-0.00775081
2026-09-17,QQQ,SOXL,-6,0.00027878,0.00371809
2026-09-17,QQQ,SOXL,-5,-0.0140701,-0.0203899
2026-09-17,QQQ,SOXL,-4,-0.0169863,-0.0171929
2026-09-17,QQQ,SOXL,-3,0.00129844,-0.00519132
2026-09-17,QQQ,SOXL,-2,0.0328347,0.0143409
2026-09-17,QQQ,SOXL,-1,0.106265,0.050859
2026-09-17,QQQ,SOXL,0,0.547702,0.516532
2026-09-17,QQQ,SOXL,1,0.07485,0.0374278
2026-09-17,QQQ,SOXL,2,0.00214999,-0.00527156
2026-09-17,QQQ,SOXL,3,0.000725299,-0.00360819
2026-09-17,QQQ,SOXL,4,0.0036767,0.00493528
2026-09-17,QQQ,SOXL,5,-0.0417439,-0.042999
2026-09-17,QQQ,SOXL,6,-0.00811118,-0.00306438
2026-09-17,QQQ,SOXL,7,-0.0124265,-0.0132995
2026-09-17,QQQ,SOXL,8,-0.00301976,-0.00425721
2026-09-17,QQQ,SOXL,9,-0.00411135,-0.00369402
2026-09-17,QQQ,SOXL,10,0.00201035,-0.000169422
2026-09-17,QQQ,SOXL,11,-0.0122719,-0.00787357
2026-09-17,QQQ,SOXL,12,-0.00271515,0.00332628
2026-09-17,QQQ,SOXL,13,0.00566566,0.00535394
2026-09-17,QQQ,SOXL,14,0.00351137,0.00317476
2026-09-17,QQQ,SOXL,15,0.0118705,0.00989074
2026-09-17,QQQ,SOXL,16,-0.0145822,-0.0136445
2026-09-17,QQQ,SOXL,17,-0.00198221,-0.00232373
2026-09-17,QQQ,SOXL,18,-0.00106764,-0.00614645
2026-09-17,QQQ,SOXL,19,0.0010551,0.0014404
2026-09-17,QQQ,SOXL,20,0.00561523,0.00619423
2026-09-17,QQQ,SOXL,21,-0.0030708,0.00204285
2026-09-17,QQQ,SOXL,22,0.00180148,0.00489769
2026-09-17,QQQ,SOXL,23,-0.00957806,-0.0117963
2026-09-17,QQQ,SOXL,24,-0.0038323,-0.00649642
2026-09-17,QQQ,SOXL,25,-0.0062492,-0.00415301
2026-09-17,QQQ,SOXL,26,-0.00164997,0.00387041
2026-09-17,QQQ,SOXL,27,0.00906565,0.0107142
2026-09-17,QQQ,SOXL,28,0.0101076,0.00768802
2026-09-17,QQQ,SOXL,29,-0.0231319,-0.0188319
2026-09-17,QQQ,SOXL,30,-0.010386,-0.00709872
2026-09-17,NVDA,SOXS,-30,-0.000166475,0.00403113
2026-09-17,NVDA,SOXS,-29,-0.0104882,-0.0109923
2026-09-17,NVDA,SOXS,-28,-0.00141668,-0.00354584
2026-09-17,NVDA,SOXS,-27,-0.00621574,-0.00301313
2026-09-17,NVDA,SOXS,-26,-0.0074759,-0.00665849
2026-09-17,NVDA,SOXS,-25,0.00377373,0.00240703
2026-09-17,NVDA,SOXS,-24,-0.00168149,0.00121014
2026-09-17,NVDA,SOXS,-23,0.00668647,0.0039911
2026-09-17,NVDA,SOXS,-22,0.00368339,0.00287452
2026-09-17,NVDA,SOXS,-21,0.0119736,0.010915
2026-09-17,NVDA,SOXS,-20,-0.00914587,-0.0133142
2026-09-17,NVDA,SOXS,-19,0.0129492,0.00839932
2026-09-17,NVDA,SOXS,-18,0.0123601,0.00976877
2026-09-17,NVDA,SOXS,-17,-0.00677502,-0.00696633
2026-09-17,NVDA,SOXS,-16,-0.00798135,-0.00414843
2026-09-17,NVDA,SOXS,-15,0.0220321,0.0227067
2026-09-17,NVDA,SOXS,-14,-0.0213583,-0.0161377
2026-09-17,NVDA,SOXS,-13,0.00256313,0.00438164
2026-09-17,NVDA,SOXS,-12,-0.0135235,-0.00952762
2026-09-17,NVDA,SOXS,-11,-0.0119152,-0.00853993
2026-09-17,NVDA,SOXS,-10,-0.0171574,-0.0126473
2026-09-17,NVDA,SOXS,-9,0.0210971,0.0195257
2026-09-17,NVDA,SOXS,-8,0.0204944,0.0165087
2026-09-17,NVDA,SOXS,-7,0.0154581,0.0165036
2026-09-17,NVDA,SOXS,-6,-0.0153902,-0.0155456
2026-09-17,NVDA,SOXS,-5,0.0303958,0.0251107
2026-09-17,NVDA,SOXS,-4,0.00806489,0.0165843
2026-09-17,NVDA,SOXS,-3,-0.00750138,0.000731762
2026-09-17,NVDA,SOXS,-2,-0.0277033,-0.00834054
2026-09-17,NVDA,SOXS,-1,-0.0711735,-0.0257855
2026-09-17,NVDA,SOXS,0,-0.296645,-0.271886
2026-09-17,NVDA,SOXS,1,-0.0751682,-0.0511687
2026-09-17,NVDA,SOXS,2,-0.0199757,-0.0180184
2026-09-17,NVDA,SOXS,3,-0.00579261,-0.00645756
2026-09-17,NVDA,SOXS,4,0.00924677,0.00967636
2026-09-17,NVDA,SOXS,5,0.0182726,0.021125
2026-09-17,NVDA,SOXS,6,0.00192843,0.00397404
2026-09-17,NVDA,SOXS,7,0.00791296,0.00458301
2026-09-17,NVDA,SOXS,8,0.00896142,0.00497836
2026-09-17,NVDA,SOXS,9,0.0123235,0.00794412
2026-09-17,NVDA,SOXS,10,-0.00966388,-0.0108886
2026-09-17,NVDA,SOXS,11,0.00781366,0.00708959
2026-09-17,NVDA,SOXS,12,-0.00116357,-0.00608621
2026-09-17,NVDA,SOXS,13,0.00830704,0.0108659
2026-09-17,NVDA,SOXS,14,-0.0132672,-0.00529052
2026-09-17,NVDA,SOXS,15,-0.000686823,-0.000924248
2026-09-17,NVDA,SOXS,16,-0.0167575,-0.0196479
2026-09-17,NVDA,SOXS,17,0.00798731,0.00805985
2026-09-17,NVDA,SOXS,18,0.0185,0.0191497
2026-09-17,NVDA,SOXS,19,0.0139172,0.011876
2026-09-17,NVDA,SOXS,20,-0.00244943,-0.0024494
2026-09-17,NVDA,SOXS,21,-0.00651795,-0.00801543
2026-09-17,NVDA,SOXS,22,0.00527902,0.00146026
2026-09-17,NVDA,SOXS,23,0.016456,0.0173397
2026-09-17,NVDA,SOXS,24,0.000859834,-0.00256357
2026-09-17,NVDA,SOXS,25,0.00465782,0.00187038
2026-09-17,NVDA,SOXS,26,0.00526607,0.00438609
2026-09-17,NVDA,SOXS,27,-0.00848195,-0.00648074
2026-09-17,NVDA,SOXS,28,0.000185003,0.00474125
2026-09-17,NVDA,SOXS,29,0.0152034,0.0164367
2026-09-17,NVDA,SOXS,30,-0.000795213,-0.000218545
2026-09-17,SOXX,SOXS,-30,0.0134258,0.00777643
2026-09-17,SOXX,SOXS,-29,0.0224631,0.00882096
2026-09-17,SOXX,SOXS,-28,0.00761485,0.00168003
2026-09-17,SOXX,SOXS,-27,-0.0128002,-0.0135133
2026-09-17,SOXX,SOXS,-26,-0.0339851,-0.0164235
2026-09-17,SOXX,SOXS,-25,0.0217596,0.0212722
2026-09-17,SOXX,SOXS,-24,0.011621,0.00108027
2026-09-17,SOXX,SOXS,-23,0.0286669,0.0224794
2026-09-17,SOXX,SOXS,-22,0.00453788,-0.0124395
2026-09-17,SOXX,SOXS,-21,-0.0125163,-0.00508374
2026-09-17,SOXX,SOXS,-20,-0.0284613,-0.0110394
2026-09-17,SOXX,SOXS,-19,-0.0172527,-0.0113987
2026-09-17,SOXX,SOXS,-18,-0.00556168,0.00619311
2026-09-17,SOXX,SOXS,-17,-0.019778,-0.0147094
2026-09-17,SOXX,SOXS,-16,-0.00618225,0.00635385
2026-09-17,SOXX,SOXS,-15,-0.000693946,0.0108283
2026-09-17,SOXX,SOXS,-14,-0.0012729,0.0031796
2026-09-17,SOXX,SOXS,-13,-0.00649947,0.0059567
2026-09-17,SOXX,SOXS,-12,-0.0114156,0.00488658
2026-09-17,SOXX,SOXS,-11,0.0128048,0.0168521
2026-09-17,SOXX,SOXS,-10,0.00795179,0.00550453
2026-09-17,SOXX,SOXS,-9,-0.0118451,-0.0148644
2026-09-17,SOXX,SOXS,-8,0.0113307,0.0270814
2026-09-17,SOXX,SOXS,-7,0.00527025,0.00764237
2026-09-17,SOXX,SOXS,-6,-0.000866813,0.00316165
2026-09-17,SOXX,SOXS,-5,0.0132146,0.0217488
2026-09-17,SOXX,SOXS,-4,-0.0116924,-0.0146349
2026-09-17,SOXX,SOXS,-3,-0.0386608,-0.00179823
2026-09-17,SOXX,SOXS,-2,-0.109738,-0.0468426
2026-09-17,SOXX,SOXS,-1,-0.28043,-0.146672
2026-09-17,SOXX,SOXS,0,-0.675556,-0.522036
2026-09-17,SOXX,SOXS,1,-0.367987,-0.0800846
2026-09-17,SOXX,SOXS,2,-0.18266,-0.0199726
2026-09-17,SOXX,SOXS,3,-0.0758127,0.0106529
2026-09-17,SOXX,SOXS,4,-0.0276263,0.0126665
2026-09-17,SOXX,SOXS,5,-0.000628933,0.0199312
2026-09-17,SOXX,SOXS,6,-0.00470764,-0.00527146
2026-09-17,SOXX,SOXS,7,0.0162661,0.0122363
2026-09-17,SOXX,SOXS,8,0.0113503,0.0126173
2026-09-17,SOXX,SOXS,9,0.0148921,0.00543275
2026-09-17,SOXX,SOXS,10,-0.00251872,-0.00631338
2026-09-17,SOXX,SOXS,11,-0.000258512,0.0108818
2026-09-17,SOXX,SOXS,12,-0.00356779,0.0025636
2026-09-17,SOXX,SOXS,13,0.00232533,0.00269775
2026-09-17,SOXX,SOXS,14,0.00555455,0.00564928
2026-09-17,SOXX,SOXS,15,0.0260667,0.0113322
2026-09-17,SOXX,SOXS,16,0.0126996,0.000920761
2026-09-17,SOXX,SOXS,17,-0.0187888,-0.0140121
2026-09-17,SOXX,SOXS,18,-0.0124938,0.00502742
2026-09-17,SOXX,SOXS,19,-0.00904368,-0.0031929
2026-09-17,SOXX,SOXS,20,-0.0231489,-0.0138425
2026-09-17,SOXX,SOXS,21,-0.00388353,0.00535475
2026-09-17,SOXX,SOXS,22,0.0172895,0.00435392
2026-09-17,SOXX,SOXS,23,-0.00259022,-0.00435046
2026-09-17,SOXX,SOXS,24,0.00292977,0.000633067
2026-09-17,SOXX,SOXS,25,-0.015281,-0.00295726
2026-09-17,SOXX,SOXS,26,-0.0130753,-0.00494325
2026-09-17,SOXX,SOXS,27,-0.0184281,-0.00869544
2026-09-17,SOXX,SOXS,28,-0.00444114,0.0104543
2026-09-17,SOXX,SOXS,29,0.014207,0.0119091
2026-09-17,SOXX,SOXS,30,0.0290053,0.00361084
2026-09-17,SOXL,SOXS,-30,0.0136044,0.0144253
2026-09-17,SOXL,SOXS,-29,0.0251076,0.0242178
2026-09-17,SOXL,SOXS,-28,-0.00663357,-0.00763117
2026-09-17,SOXL,SOXS,-27,0.00478293,-0.000805253
2026-09-17,SOXL,SOXS,-26,-0.0245271,-0.0236445
2026-09-17,SOXL,SOXS,-25,0.0125355,0.0104799
2026-09-17,SOXL,SOXS,-24,-0.00153811,0.000203367
2026-09-17,SOXL,SOXS,-23,0.000807938,0.00406026
2026-09-17,SOXL,SOXS,-22,-0.00614543,-0.00587815
2026-09-17,SOXL,SOXS,-21,0.0043479,0.00658052
2026-09-17,SOXL,SOXS,-20,-0.0133467,-0.00855414
2026-09-17,SOXL,SOXS,-19,-0.00447646,0.000655959
2026-09-17,SOXL,SOXS,-18,-0.0024088,-0.000772447
2026-09-17,SOXL,SOXS,-17,-0.00381483,-0.00583669
2026-09-17,SOXL,SOXS,-16,0.00292863,0.00487122
2026-09-17,SOXL,SOXS,-15,0.0144758,0.012986
2026-09-17,SOXL,SOXS,-14,-0.00338082,-0.00287933
2026-09-17,SOXL,SOXS,-13,-0.00215127,-0.00251199
2026-09-17,SOXL,SOXS,-12,0.00876243,0.00840132
2026-09-17,SOXL,SOXS,-11,0.012032,0.00876153
2026-09-17,SOXL,SOXS,-10,0.00923525,0.0106218
2026-09-17,SOXL,SOXS,-9,-0.000167942,-0.00818414
2026-09-17,SOXL,SOXS,-8,0.01883,0.0234746
2026-09-17,SOXL,SOXS,-7,0.00487411,-0.00071732
2026-09-17,SOXL,SOXS,-6,0.00874605,0.00827723
2026-09-17,SOXL,SOXS,-5,0.0336525,0.0312864
2026-09-17,SOXL,SOXS,-4,0.000514619,0.00268234
2026-09-17,SOXL,SOXS,-3,-0.00783315,0.00346835
2026-09-17,SOXL,SOXS,-2,-0.0194558,0.0108192
2026-09-17,SOXL,SOXS,-1,-0.141588,-0.051548
2026-09-17,SOXL,SOXS,0,-0.717486,-0.667839
2026-09-17,SOXL,SOXS,1,-0.190318,-0.121116
2026-09-17,SOXL,SOXS,2,-0.0637087,-0.0325392
2026-09-17,SOXL,SOXS,3,-0.00848587,0.00485226
2026-09-17,SOXL,SOXS,4,-0.0141979,-0.00841075
2026-09-17,SOXL,SOXS,5,0.0259639,0.0314467
2026-09-17,SOXL,SOXS,6,-0.0138997,-0.0112483
2026-09-17,SOXL,SOXS,7,0.00927637,0.00938357
2026-09-17,SOXL,SOXS,8,0.00574665,0.00661237
2026-09-17,SOXL,SOXS,9,0.0273379,0.0222833
2026-09-17,SOXL,SOXS,10,-0.0023127,-0.00835757
2026-09-17,SOXL,SOXS,11,0.0164732,0.0184947
2026-09-17,SOXL,SOXS,12,0.00704474,0.00687638
2026-09-17,SOXL,SOXS,13,-0.00499665,-0.00378246
2026-09-17,SOXL,SOXS,14,-0.0125411,-0.0121596
2026-09-17,SOXL,SOXS,15,0.017809,0.0207133
2026-09-17,SOXL,SOXS,16,0.00957839,0.007534
2026-09-17,SOXL,SOXS,17,-0.008676,-0.00798494
2026-09-17,SOXL,SOXS,18,0.0055921,0.00692545
2026-09-17,SOXL,SOXS,19,-0.00314938,-0.00206398
2026-09-17,SOXL,SOXS,20,-0.0236324,-0.0158956
2026-09-17,SOXL,SOXS,21,-0.0130183,-0.0105839
2026-09-17,SOXL,SOXS,22,0.0173745,0.0142523
2026-09-17,SOXL,SOXS,23,0.00254755,0.00111591
2026-09-17,SOXL,SOXS,24,-0.00438711,-0.00716601
2026-09-17,SOXL,SOXS,25,0.0129283,0.0115469
2026-09-17,SOXL,SOXS,26,-0.00601054,-0.00747168
2026-09-17,SOXL,SOXS,27,-0.0139722,-0.0175142
2026-09-17,SOXL,SOXS,28,-0.00270518,0.00149059
2026-09-17,SOXL,SOXS,29,0.0153619,0.0210801
2026-09-17,SOXL,SOXS,30,0.0253821,0.0177784
2026-09-17,NVDA,SOXX,-30,0.00432735,0.00712728
2026-09-17,NVDA,SOXX,-29,0.00542931,0.0105954
2026-09-17,NVDA,SOXX,-28,0.000399526,-0.0134647
2026-09-17,NVDA,SOXX,-27,0.0257754,0.00991394
2026-09-17,NVDA,SOXX,-26,0.0203992,0.00531382
2026-09-17,NVDA,SOXX,-25,0.0172684,0.00788863
2026-09-17,NVDA,SOXX,-24,0.00784239,-0.00727297
2026-09-17,NVDA,SOXX,-23,0.0172011,0.00546862
2026-09-17,NVDA,SOXX,-22,-0.0195007,-0.00355153
2026-09-17,NVDA,SOXX,-21,-0.0237785,-0.00991094
2026-09-17,NVDA,SOXX,-20,0.00290427,0.00433366
2026-09-17,NVDA,SOXX,-19,-0.0134744,-0.000599562
2026-09-17,NVDA,SOXX,-18,-0.0162275,-0.00936223
2026-09-17,NVDA,SOXX,-17,0.00891288,0.00137962
2026-09-17,NVDA,SOXX,-16,-9.61879e-05,0.00397773
2026-09-17,NVDA,SOXX,-15,-0.00189025,-0.0044324
2026-09-17,NVDA,SOXX,-14,0.011362,0.0166417
2026-09-17,NVDA,SOXX,-13,-0.0117244,-0.0226156
2026-09-17,NVDA,SOXX,-12,0.0264388,0.0172449
2026-09-17,NVDA,SOXX,-11,0.0167642,0.00226566
2026-09-17,NVDA,SOXX,-10,0.012003,0.00882029
2026-09-17,NVDA,SOXX,-9,-0.0153104,-0.0160421
2026-09-17,NVDA,SOXX,-8,-0.018769,-0.0236517
2026-09-17,NVDA,SOXX,-7,0.00147587,-0.0083118
2026-09-17,NVDA,SOXX,-6,0.0270619,0.00795541
2026-09-17,NVDA,SOXX,-5,-0.00228641,-0.007554
2026-09-17,NVDA,SOXX,-4,0.0141178,-0.0234948
2026-09-17,NVDA,SOXX,-3,0.0460021,0.00404052
2026-09-17,NVDA,SOXX,-2,0.0662016,-0.011628
2026-09-17,NVDA,SOXX,-1,0.153768,0.0269695
2026-09-17,NVDA,SOXX,0,0.270258,0.20545
2026-09-17,NVDA,SOXX,1,0.115839,0.0691964
2026-09-17,NVDA,SOXX,2,0.0543513,0.0294887
2026-09-17,NVDA,SOXX,3,0.0174635,0.0236458
2026-09-17,NVDA,SOXX,4,-0.0211607,-0.00929843
2026-09-17,NVDA,SOXX,5,-0.034457,-0.0203385
2026-09-17,NVDA,SOXX,6,-0.0148191,-0.00131037
2026-09-17,NVDA,SOXX,7,-0.0179808,0.00146155
2026-09-17,NVDA,SOXX,8,-0.025772,-0.0234339
2026-09-17,NVDA,SOXX,9,0.0115239,0.00995785
2026-09-17,NVDA,SOXX,10,-0.00239104,0.00423606
2026-09-17,NVDA,SOXX,11,-0.0010212,-0.000609137
2026-09-17,NVDA,SOXX,12,-0.0107123,0.000968528
2026-09-17,NVDA,SOXX,13,-0.00915829,-0.0171435
2026-09-17,NVDA,SOXX,14,0.0107944,0.00263252
2026-09-17,NVDA,SOXX,15,0.00889412,0.00441345
2026-09-17,NVDA,SOXX,16,0.00104381,0.00909491
2026-09-17,NVDA,SOXX,17,-0.0104712,0.00348801
2026-09-17,NVDA,SOXX,18,-0.023957,-0.0173887
2026-09-17,NVDA,SOXX,19,-0.0203921,-0.0117255
2026-09-17,NVDA,SOXX,20,0.0129646,0.00110862
2026-09-17,NVDA,SOXX,21,0.0212336,0.0176999
2026-09-17,NVDA,SOXX,22,-0.0153461,-0.00302663
2026-09-17,NVDA,SOXX,23,-0.00973233,-0.00631727
2026-09-17,NVDA,SOXX,24,-0.0213666,-0.00151953
2026-09-17,NVDA,SOXX,25,-0.00884559,-0.0138143
2026-09-17,NVDA,SOXX,26,0.00121021,0.00132898
2026-09-17,NVDA,SOXX,27,0.00336438,0.00294331
2026-09-17,NVDA,SOXX,28,0.00192038,0.00498457
2026-09-17,NVDA,SOXX,29,-0.0135808,-0.00765221
2026-09-17,NVDA,SOXX,30,-0.0196375,-0.0143794
2026-09-17,NVDA,SMH,-30,-0.0011959,0.0172709
2026-09-17,NVDA,SMH,-29,-0.0131383,-0.0183698
2026-09-17,NVDA,SMH,-28,0.0169044,0.0182926
2026-09-17,NVDA,SMH,-27,-0.00520003,-0.00704498
2026-09-17,NVDA,SMH,-26,0.0160501,0.0168434
2026-09-17,NVDA,SMH,-25,-0.0106492,-0.00731528
2026-09-17,NVDA,SMH,-24,-0.00724653,0.00409055
2026-09-17,NVDA,SMH,-23,-0.0115701,-0.00927104
2026-09-17,NVDA,SMH,-22,-0.01447,0.00363404
2026-09-17,NVDA,SMH,-21,-0.0245713,-0.0135697
2026-09-17,NVDA,SMH,-20,-0.0150811,0.00505767
2026-09-17,NVDA,SMH,-19,-0.0137242,-0.00179094
2026-09-17,NVDA,SMH,-18,-0.029345,-0.0154511
2026-09-17,NVDA,SMH,-17,0.00859572,0.0157004
2026-09-17,NVDA,SMH,-16,-0.0122796,-0.00672653
2026-09-17,NVDA,SMH,-15,-0.00796464,-0.0165902
2026-09-17,NVDA,SMH,-14,0.0216783,0.0106378
2026-09-17,NVDA,SMH,-13,-0.0114672,-0.0157564
2026-09-17,NVDA,SMH,-12,0.0274567,0.0159005
2026-09-17,NVDA,SMH,-11,0.00594924,0.00689795
2026-09-17,NVDA,SMH,-10,0.00966571,0.0141646
2026-09-17,NVDA,SMH,-9,-0.0366434,-0.0212342
2026-09-17,NVDA,SMH,-8,-0.029307,-0.0223343
2026-09-17,NVDA,SMH,-7,-0.0166612,-0.0171601
2026-09-17,NVDA,SMH,-6,0.00954013,0.0100644
2026-09-17,NVDA,SMH,-5,-2.81307e-05,-0.0192093
2026-09-17,NVDA,SMH,-4,-0.00119017,-0.0211298
2026-09-17,NVDA,SMH,-3,0.0505317,0.00863167
2026-09-17,NVDA,SMH,-2,0.0705137,-0.00867394
2026-09-17,NVDA,SMH,-1,0.15561,0.0274662
2026-09-17,NVDA,SMH,0,0.363469,0.278432
2026-09-17,NVDA,SMH,1,0.184935,0.108782
2026-09-17,NVDA,SMH,2,0.0746657,0.0272739
2026-09-17,NVDA,SMH,3,0.0465424,0.0239064
2026-09-17,NVDA,SMH,4,0.0336911,0.00562921
2026-09-17,NVDA,SMH,5,0.0138452,-0.00593375
2026-09-17,NVDA,SMH,6,-0.00190072,0.00274952
2026-09-17,NVDA,SMH,7,-0.00657244,-0.00169903
2026-09-17,NVDA,SMH,8,-0.0165533,-0.0185584
2026-09-17,NVDA,SMH,9,-0.000980763,-0.000211126
2026-09-17,NVDA,SMH,10,0.0167199,0.0188173
2026-09-17,NVDA,SMH,11,-0.00779788,-0.00596133
2026-09-17,NVDA,SMH,12,-0.0142153,0.000261001
2026-09-17,NVDA,SMH,13,-0.00932688,-0.00382404
2026-09-17,NVDA,SMH,14,-0.00332019,-0.00047877
2026-09-17,NVDA,SMH,15,-0.00330382,-0.000471383
2026-09-17,NVDA,SMH,16,0.00645011,0.0146006
2026-09-17,NVDA,SMH,17,-0.0101324,-0.00713793
2026-09-17,NVDA,SMH,18,-0.0223328,-0.0194587
2026-09-17,NVDA,SMH,19,-0.0203526,-0.0115033
2026-09-17,NVDA,SMH,20,-0.0018294,0.0036483
2026-09-17,NVDA,SMH,21,0.00698262,0.0114528
2026-09-17,NVDA,SMH,22,-0.00634158,0.0165403
2026-09-17,NVDA,SMH,23,-0.0363389,-0.0387347
2026-09-17,NVDA,SMH,24,-0.00732998,-0.00365056
2026-09-17,NVDA,SMH,25,-0.000989515,0.00137287
2026-09-17,NVDA,SMH,26,-0.00364165,0.000510756
2026-09-17,NVDA,SMH,27,-0.00177089,0.00282459
2026-09-17,NVDA,SMH,28,0.00384857,0.00640761
2026-09-17,NVDA,SMH,29,-0.0246475,-0.0292501
2026-09-17,NVDA,SMH,30,-0.00767326,-0.00609095
2026-09-17,SMH,SOXX,-30,-0.0210102,0.00464681
2026-09-17,SMH,SOXX,-29,-0.0108016,-0.0132419
2026-09-17,SMH,SOXX,-28,0.00114208,-0.0123022
2026-09-17,SMH,SOXX,-27,0.0177024,0.00243118
2026-09-17,SMH,SOXX,-26,0.0170517,0.0172742
2026-09-17,SMH,SOXX,-25,0.0284656,0.0157453
2026-09-17,SMH,SOXX,-24,-0.00953501,-0.00411776
2026-09-17,SMH,SOXX,-23,-0.012179,-0.014681
2026-09-17,SMH,SOXX,-22,0.00134493,0.0100635
2026-09-17,SMH,SOXX,-21,0.0062713,-0.00592955
2026-09-17,SMH,SOXX,-20,0.00752939,0.00240849
2026-09-17,SMH,SOXX,-19,0.0175376,0.00825122
2026-09-17,SMH,SOXX,-18,0.00800197,-0.000801035
2026-09-17,SMH,SOXX,-17,0.00678559,0.0127982
2026-09-17,SMH,SOXX,-16,-0.0264231,-0.0139125
2026-09-17,SMH,SOXX,-15,-0.011999,-0.0127239
2026-09-17,SMH,SOXX,-14,0.00673789,-0.00593477
2026-09-17,SMH,SOXX,-13,6.70688e-05,-0.00361529
2026-09-17,SMH,SOXX,-12,0.00130036,0.00108974
2026-09-17,SMH,SOXX,-11,0.01377,-0.00157596
2026-09-17,SMH,SOXX,-10,-0.00297513,0.00335387
2026-09-17,SMH,SOXX,-9,-0.0192604,-0.00817775
2026-09-17,SMH,SOXX,-8,-0.0173571,-0.0260675
2026-09-17,SMH,SOXX,-7,-0.0147555,-0.00597707
2026-09-17,SMH,SOXX,-6,0.00403461,-0.00103027
2026-09-17,SMH,SOXX,-5,0.0341489,0.00294695
2026-09-17,SMH,SOXX,-4,0.0451068,-0.0166849
2026-09-17,SMH,SOXX,-3,0.123701,0.0154062
2026-09-17,SMH,SOXX,-2,0.228376,0.0352199
2026-09-17,SMH,SOXX,-1,0.418404,0.108434
2026-09-17,SMH,SOXX,0,0.635623,0.449147
2026-09-17,SMH,SOXX,1,0.350778,0.126123
2026-09-17,SMH,SOXX,2,0.169009,0.0233551
2026-09-17,SMH,SOXX,3,0.0681858,0.0103649
2026-09-17,SMH,SOXX,4,0.00319602,-0.0149281
2026-09-17,SMH,SOXX,5,0.0175194,-0.00230351
2026-09-17,SMH,SOXX,6,0.0105881,-0.00506824
2026-09-17,SMH,SOXX,7,-0.0116634,-0.00479498
2026-09-17,SMH,SOXX,8,-0.0241195,-0.0278193
2026-09-17,SMH,SOXX,9,0.00633796,0.00413038
2026-09-17,SMH,SOXX,10,-0.0067827,0.00549223
2026-09-17,SMH,SOXX,11,-0.0258874,-0.0298061
2026-09-17,SMH,SOXX,12,0.00483595,0.0016161
2026-09-17,SMH,SOXX,13,-0.00453185,-0.00981796
2026-09-17,SMH,SOXX,14,0.0244747,0.00185862
2026-09-17,SMH,SOXX,15,0.00403757,-0.00873005
2026-09-17,SMH,SOXX,16,-0.00712921,-0.00883234
2026-09-17,SMH,SOXX,17,0.0287441,0.0103446
2026-09-17,SMH,SOXX,18,0.0078323,0.00547551
2026-09-17,SMH,SOXX,19,-0.00301576,-0.0150994
2026-09-17,SMH,SOXX,20,0.0263612,0.010133
2026-09-17,SMH,SOXX,21,0.0231334,0.0259153
2026-09-17,SMH,SOXX,22,0.0104213,0.00997532
2026-09-17,SMH,SOXX,23,-0.0275585,-0.0181947
2026-09-17,SMH,SOXX,24,-0.0290433,-0.00307275
2026-09-17,SMH,SOXX,25,-0.0174557,-0.0141805
2026-09-17,SMH,SOXX,26,0.0135094,0.00284487
2026-09-17,SMH,SOXX,27,0.0262745,0.0156219
2026-09-17,SMH,SOXX,28,-0.0115384,0.00623743
2026-09-17,SMH,SOXX,29,-0.0469529,-0.0183667
2026-09-17,SMH,SOXX,30,-0.0343353,-0.0219238
2026-09-18,NVDA,SOXL,-30,0.00136415,0.00558143
2026-09-18,NVDA,SOXL,-29,-0.0210127,-0.00987298
2026-09-18,NVDA,SOXL,-28,-0.00691184,-0.00873553
2026-09-18,NVDA,SOXL,-27,0.00591603,0.00792386
2026-09-18,NVDA,SOXL,-26,-0.00613108,-0.00549252
2026-09-18,NVDA,SOXL,-25,0.00286848,0.00125043
2026-09-18,NVDA,SOXL,-24,-0.00691577,-0.0110517
2026-09-18,NVDA,SOXL,-23,0.0134701,0.00985607
2026-09-18,NVDA,SOXL,-22,0.0208212,0.0187432
2026-09-18,NVDA,SOXL,-21,0.000923335,0.00283213
2026-09-18,NVDA,SOXL,-20,-0.0136579,-0.0101737
2026-09-18,NVDA,SOXL,-19,-0.0104483,-0.0189018
2026-09-18,NVDA,SOXL,-18,0.0011261,-0.0031897
2026-09-18,NVDA,SOXL,-17,-0.00327626,-0.00374116
2026-09-18,NVDA,SOXL,-16,0.01622,0.015369
2026-09-18,NVDA,SOXL,-15,-0.00240923,-0.00666194
2026-09-18,NVDA,SOXL,-14,0.0143747,0.0091471
2026-09-18,NVDA,SOXL,-13,0.0164628,0.0149679
2026-09-18,NVDA,SOXL,-12,0.010343,0.0110094
2026-09-18,NVDA,SOXL,-11,-0.00238081,0.000486517
2026-09-18,NVDA,SOXL,-10,0.0271015,0.0262765
2026-09-18,NVDA,SOXL,-9,0.00298917,0.00602126
2026-09-18,NVDA,SOXL,-8,0.00786628,0.00770926
2026-09-18,NVDA,SOXL,-7,0.00528508,0.00631449
2026-09-18,NVDA,SOXL,-6,-0.0118682,-0.0119713
2026-09-18,NVDA,SOXL,-5,-0.00674951,-0.00898982
2026-09-18,NVDA,SOXL,-4,-0.0155826,-0.0194682
2026-09-18,NVDA,SOXL,-3,0.00342177,-0.00762837
2026-09-18,NVDA,SOXL,-2,0.0230545,-0.0021059
2026-09-18,NVDA,SOXL,-1,0.0761151,0.0298378
2026-09-18,NVDA,SOXL,0,0.2811,0.255424
2026-09-18,NVDA,SOXL,1,0.0576117,0.0430016
2026-09-18,NVDA,SOXL,2,0.0124547,0.00661419
2026-09-18,NVDA,SOXL,3,0.0100762,0.00345705
2026-09-18,NVDA,SOXL,4,-0.00296809,-0.00482658
2026-09-18,NVDA,SOXL,5,0.000531575,0.000408365
2026-09-18,NVDA,SOXL,6,0.0146155,0.0153534
2026-09-18,NVDA,SOXL,7,0.000603132,0.0022573
2026-09-18,NVDA,SOXL,8,0.00258518,0.00315378
2026-09-18,NVDA,SOXL,9,0.0112486,0.0170228
2026-09-18,NVDA,SOXL,10,-0.016666,-0.017168
2026-09-18,NVDA,SOXL,11,-0.00173456,0.00121158
2026-09-18,NVDA,SOXL,12,0.00885267,0.0129625
2026-09-18,NVDA,SOXL,13,-0.00878716,-0.0130605
2026-09-18,NVDA,SOXL,14,-0.0112645,-0.0105012
2026-09-18,NVDA,SOXL,15,0.000921773,0.000830561
2026-09-18,NVDA,SOXL,16,-0.00639331,-0.00320793
2026-09-18,NVDA,SOXL,17,0.0134516,0.0130912
2026-09-18,NVDA,SOXL,18,0.00587635,0.00750002
2026-09-18,NVDA,SOXL,19,-0.00424285,-0.00462686
2026-09-18,NVDA,SOXL,20,0.00067049,0.00141866
2026-09-18,NVDA,SOXL,21,-0.0110048,-0.00538611
2026-09-18,NVDA,SOXL,22,-0.0032801,-0.00516294
2026-09-18,NVDA,SOXL,23,0.00548906,-0.00109937
2026-09-18,NVDA,SOXL,24,0.0187637,0.0188185
2026-09-18,NVDA,SOXL,25,-0.00284677,-0.00349131
2026-09-18,NVDA,SOXL,26,-0.00535744,-0.00381458
2026-09-18,NVDA,SOXL,27,0.00682226,0.0130966
2026-09-18,NVDA,SOXL,28,-0.0216873,-0.0163583
2026-09-18,NVDA,SOXL,29,-0.0102626,-0.00109291
2026-09-18,NVDA,SOXL,30,-0.015844,-0.00931859
2026-09-18,SOXX,SOXL,-30,-0.0183536,-0.00819694
2026-09-18,SOXX,SOXL,-29,-0.025664,-0.0123909
2026-09-18,SOXX,SOXL,-28,-0.0126189,0.00210165
2026-09-18,SOXX,SOXL,-27,-0.004492,0.00168425
2026-09-18,SOXX,SOXL,-26,0.000220081,-0.00630469
2026-09-18,SOXX,SOXL,-25,-0.0104385,-0.0118294
2026-09-18,SOXX,SOXL,-24,-0.0312268,-0.0158308
2026-09-18,SOXX,SOXL,-23,-0.0181337,-0.00509958
2026-09-18,SOXX,SOXL,-22,-0.00333011,-0.00115945
2026-09-18,SOXX,SOXL,-21,0.00576108,0.00727915
2026-09-18,SOXX,SOXL,-20,0.0220209,0.0129463
2026-09-18,SOXX,SOXL,-19,0.0180485,0.0114027
2026-09-18,SOXX,SOXL,-18,0.0209289,-0.00191519
2026-09-18,SOXX,SOXL,-17,0.0307273,0.0125285
2026-09-18,SOXX,SOXL,-16,0.00982978,-0.0092375
2026-09-18,SOXX,SOXL,-15,0.00641739,0.000788108
2026-09-18,SOXX,SOXL,-14,0.0189232,0.0194282
2026-09-18,SOXX,SOXL,-13,0.0116292,0.00960341
2026-09-18,SOXX,SOXL,-12,0.0132039,0.00936838
2026-09-18,SOXX,SOXL,-11,0.0211442,0.0084103
2026-09-18,SOXX,SOXL,-10,0.0281447,0.00169063
2026-09-18,SOXX,SOXL,-9,0.0062633,-0.00568162
2026-09-18,SOXX,SOXL,-8,0.0111524,0.0233513
2026-09-18,SOXX,SOXL,-7,0.0163922,0.00163895
2026-09-18,SOXX,SOXL,-6,0.0299386,0.0116995
2026-09-18,SOXX,SOXL,-5,0.0315085,0.00295702
2026-09-18,SOXX,SOXL,-4,0.0262735,-0.00844293
2026-09-18,SOXX,SOXL,-3,0.0655863,0.0240755
2026-09-18,SOXX,SOXL,-2,0.15507,0.0636896
2026-09-18,SOXX,SOXL,-1,0.31284,0.144668
2026-09-18,SOXX,SOXL,0,0.673045,0.508748
2026-09-18,SOXX,SOXL,1,0.361276,0.0556141
2026-09-18,SOXX,SOXL,2,0.203865,0.024972
2026-09-18,SOXX,SOXL,3,0.0900616,-0.0134029
2026-09-18,SOXX,SOXL,4,0.030736,-0.0178246
2026-09-18,SOXX,SOXL,5,0.0101519,-0.0030076
2026-09-18,SOXX,SOXL,6,-0.0059309,0.00411266
2026-09-18,SOXX,SOXL,7,0.01409,0.00940134
2026-09-18,SOXX,SOXL,8,0.011283,0.0224985
2026-09-18,SOXX,SOXL,9,-0.0186343,-0.0228625
2026-09-18,SOXX,SOXL,10,0.0222813,0.0218083
2026-09-18,SOXX,SOXL,11,0.020481,0.00435741
2026-09-18,SOXX,SOXL,12,0.0356829,0.0232064
2026-09-18,SOXX,SOXL,13,0.0217301,-0.00432548
2026-09-18,SOXX,SOXL,14,0.00918893,0.00198351
2026-09-18,SOXX,SOXL,15,-0.00349347,0.00110973
2026-09-18,SOXX,SOXL,16,0.00180987,0.00543811
2026-09-18,SOXX,SOXL,17,0.0258391,0.0113593
2026-09-18,SOXX,SOXL,18,0.0108386,-0.00314023
2026-09-18,SOXX,SOXL,19,0.00890305,-0.0005437
2026-09-18,SOXX,SOXL,20,0.00279381,0.00954997
2026-09-18,SOXX,SOXL,21,-0.00404861,-0.00839798
2026-09-18,SOXX,SOXL,22,-0.0202485,-0.00373144
2026-09-18,SOXX,SOXL,23,-0.0239213,-0.0110337
2026-09-18,SOXX,SOXL,24,-0.014756,6.27794e-06
2026-09-18,SOXX,SOXL,25,-0.0344859,-0.0203105
2026-09-18,SOXX,SOXL,26,-0.0117944,0.0027412
2026-09-18,SOXX,SOXL,27,-0.00964837,0.00548527
2026-09-18,SOXX,SOXL,28,-0.0421774,-0.0261229
2026-09-18,SOXX,SOXL,29,-0.00212015,0.00978757
2026-09-18,SOXX,SOXL,30,0.0072635,-0.00154247
2026-09-18,SMH,SOXL,-30,-0.00739531,0.00100039
2026-09-18,SMH,SOXL,-29,-0.0337835,-0.0206001
2026-09-18,SMH,SOXL,-28,-0.0194994,-0.00337358
2026-09-18,SMH,SOXL,-27,-0.024092,-0.0108548
2026-09-18,SMH,SOXL,-26,-0.0318217,-0.00663567
2026-09-18,SMH,SOXL,-25,-0.0230435,-0.00225807
2026-09-18,SMH,SOXL,-24,-0.0426102,-0.0162646
2026-09-18,SMH,SOXL,-23,-0.0174612,0.00370236
2026-09-18,SMH,SOXL,-22,-0.00523331,-0.00111601
2026-09-18,SMH,SOXL,-21,-0.00489679,0.00497952
2026-09-18,SMH,SOXL,-20,0.0143425,0.00678924
2026-09-18,SMH,SOXL,-19,-6.54655e-05,0.00495048
2026-09-18,SMH,SOXL,-18,-0.0133286,-0.0157291
2026-09-18,SMH,SOXL,-17,0.00532484,0.010062
2026-09-18,SMH,SOXL,-16,0.00428718,4.7659e-05
2026-09-18,SMH,SOXL,-15,0.0103565,0.0198427
2026-09-18,SMH,SOXL,-14,0.0157449,0.00507672
2026-09-18,SMH,SOXL,-13,0.0228836,0.0174186
2026-09-18,SMH,SOXL,-12,0.0153248,0.000933625
2026-09-18,SMH,SOXL,-11,0.0203696,0.0105177
2026-09-18,SMH,SOXL,-10,0.0242394,0.00401276
2026-09-18,SMH,SOXL,-9,0.0255252,0.0110223
2026-09-18,SMH,SOXL,-8,0.0159017,-0.00494359
2026-09-18,SMH,SOXL,-7,0.0506291,0.0201937
2026-09-18,SMH,SOXL,-6,0.041703,0.0107502
2026-09-18,SMH,SOXL,-5,0.0538846,0.0144201
2026-09-18,SMH,SOXL,-4,0.0720755,0.0203056
2026-09-18,SMH,SOXL,-3,0.130224,0.0381127
2026-09-18,SMH,SOXL,-2,0.213947,0.0698487
2026-09-18,SMH,SOXL,-1,0.356284,0.136821
2026-09-18,SMH,SOXL,0,0.647142,0.435055
2026-09-18,SMH,SOXL,1,0.350313,0.0382469
2026-09-18,SMH,SOXL,2,0.225224,0.0212663
2026-09-18,SMH,SOXL,3,0.134081,0.000858062
2026-09-18,SMH,SOXL,4,0.0730519,-0.0120084
2026-09-18,SMH,SOXL,5,0.0583209,0.012098
2026-09-18,SMH,SOXL,6,0.0361719,0.000546048
2026-09-18,SMH,SOXL,7,0.0280203,0.00722648
2026-09-18,SMH,SOXL,8,0.0271292,0.00879411
2026-09-18,SMH,SOXL,9,0.0104467,-0.00543078
2026-09-18,SMH,SOXL,10,0.031374,0.0101843
2026-09-18,SMH,SOXL,11,0.0553447,0.0171499
2026-09-18,SMH,SOXL,12,0.0374948,0.00862599
2026-09-18,SMH,SOXL,13,0.0253714,-0.00637448
2026-09-18,SMH,SOXL,14,0.0248386,0.00275118
2026-09-18,SMH,SOXL,15,0.0171239,0.0089466
2026-09-18,SMH,SOXL,16,0.0155532,0.00472773
2026-09-18,SMH,SOXL,17,0.00867303,0.00828584
2026-09-18,SMH,SOXL,18,-0.00114745,-0.00648394
2026-09-18,SMH,SOXL,19,0.0236677,0.0193953
2026-09-18,SMH,SOXL,20,0.00620727,-0.00207465
2026-09-18,SMH,SOXL,21,-0.016992,-0.014152
2026-09-18,SMH,SOXL,22,-0.0293173,-0.0151615
2026-09-18,SMH,SOXL,23,-0.00574458,-0.00102041
2026-09-18,SMH,SOXL,24,-0.0118763,0.00437888
2026-09-18,SMH,SOXL,25,0.00183138,-0.0066604
2026-09-18,SMH,SOXL,26,-0.00234333,-0.000402801
2026-09-18,SMH,SOXL,27,0.0127907,0.010755
2026-09-18,SMH,SOXL,28,0.00485376,-0.00982428
2026-09-18,SMH,SOXL,29,-0.00804304,-0.00764828
2026-09-18,SMH,SOXL,30,0.00508399,0.00198767
2026-09-18,QQQ,SOXL,-30,-0.0042823,-0.00197263
2026-09-18,QQQ,SOXL,-29,-0.0232855,-0.0114972
2026-09-18,QQQ,SOXL,-28,-0.00399814,-0.000672075
2026-09-18,QQQ,SOXL,-27,0.000259761,0.000541825
2026-09-18,QQQ,SOXL,-26,-0.00394347,-0.00670852
2026-09-18,QQQ,SOXL,-25,0.0052986,0.00251819
2026-09-18,QQQ,SOXL,-24,-0.00966461,-0.00601163
2026-09-18,QQQ,SOXL,-23,-0.00675793,-0.00941786
2026-09-18,QQQ,SOXL,-22,-0.00545449,-0.00369467
2026-09-18,QQQ,SOXL,-21,-0.0146513,-0.0059873
2026-09-18,QQQ,SOXL,-20,-0.00014114,-0.00533601
2026-09-18,QQQ,SOXL,-19,0.0128652,0.00415817
2026-09-18,QQQ,SOXL,-18,0.0114014,0.00604386
2026-09-18,QQQ,SOXL,-17,0.00636268,0.0090703
2026-09-18,QQQ,SOXL,-16,-0.00204432,-0.00577442
2026-09-18,QQQ,SOXL,-15,-0.000788587,-0.006901
2026-09-18,QQQ,SOXL,-14,0.0192929,0.0158618
2026-09-18,QQQ,SOXL,-13,0.00884351,0.00401109
2026-09-18,QQQ,SOXL,-12,0.0161794,0.01422
2026-09-18,QQQ,SOXL,-11,0.00726753,0.0105764
2026-09-18,QQQ,SOXL,-10,9.25464e-05,0.000874032
2026-09-18,QQQ,SOXL,-9,-0.0113506,-0.00932795
2026-09-18,QQQ,SOXL,-8,0.0182624,0.0224445
2026-09-18,QQQ,SOXL,-7,0.0062659,0.00813376
2026-09-18,QQQ,SOXL,-6,-0.00728865,-0.00477096
2026-09-18,QQQ,SOXL,-5,-0.00624007,-0.00714152
2026-09-18,QQQ,SOXL,-4,-0.0191025,-0.0262989
2026-09-18,QQQ,SOXL,-3,0.0206086,0.00454474
2026-09-18,QQQ,SOXL,-2,0.0508912,0.0107665
2026-09-18,QQQ,SOXL,-1,0.115435,0.0356639
2026-09-18,QQQ,SOXL,0,0.499293,0.451247
2026-09-18,QQQ,SOXL,1,0.129447,0.0927212
2026-09-18,QQQ,SOXL,2,0.019748,0.00630862
2026-09-18,QQQ,SOXL,3,-0.000916088,-0.00597165
2026-09-18,QQQ,SOXL,4,-0.0180048,-0.0178124
2026-09-18,QQQ,SOXL,5,-0.0163697,-0.0141049
2026-09-18,QQQ,SOXL,6,-0.00724044,0.00296879
2026-09-18,QQQ,SOXL,7,0.0059765,0.011332
2026-09-18,QQQ,SOXL,8,-0.00212454,0.00067757
2026-09-18,QQQ,SOXL,9,-0.0111337,-0.00916283
2026-09-18,QQQ,SOXL,10,0.00547734,0.00829579
2026-09-18,QQQ,SOXL,11,-0.00660166,-0.00630242
2026-09-18,QQQ,SOXL,12,0.0157314,0.0137091
2026-09-18,QQQ,SOXL,13,0.0142424,0.0125069
2026-09-18,QQQ,SOXL,14,0.0159528,0.00962107
2026-09-18,QQQ,SOXL,15,0.00936721,0.00509059
2026-09-18,QQQ,SOXL,16,0.00514205,0.00493871
2026-09-18,QQQ,SOXL,17,0.0167607,0.0132507
2026-09-18,QQQ,SOXL,18,-0.0148429,-0.0144003
2026-09-18,QQQ,SOXL,19,-2.72271e-05,-0.00420052
2026-09-18,QQQ,SOXL,20,0.00968237,0.00959572
2026-09-18,QQQ,SOXL,21,-0.00711949,-0.00407519
2026-09-18,QQQ,SOXL,22,-0.019595,-0.00958307
2026-09-18,QQQ,SOXL,23,-0.00120861,-0.00052825
2026-09-18,QQQ,SOXL,24,-0.00712099,-0.00688077
2026-09-18,QQQ,SOXL,25,0.00261427,-0.000609776
2026-09-18,QQQ,SOXL,26,0.00319182,0.00424501
2026-09-18,QQQ,SOXL,27,-0.00735274,-0.00124631
2026-09-18,QQQ,SOXL,28,-0.00659612,-0.00238819
2026-09-18,QQQ,SOXL,29,-0.010899,-0.00383481
2026-09-18,QQQ,SOXL,30,-0.0187241,-0.0132962
2026-09-18,NVDA,SOXS,-30,-0.0014336,0.00178267
2026-09-18,NVDA,SOXS,-29,0.00536688,-0.00597205
2026-09-18,NVDA,SOXS,-28,0.0263956,0.0187664
2026-09-18,NVDA,SOXS,-27,-0.000909184,-0.00543831
2026-09-18,NVDA,SOXS,-26,-0.00300354,-0.000706122
2026-09-18,NVDA,SOXS,-25,0.0042251,0.00626332
2026-09-18,NVDA,SOXS,-24,0.000263311,0.0051383
2026-09-18,NVDA,SOXS,-23,-0.0165382,-0.0140314
2026-09-18,NVDA,SOXS,-22,0.000626216,-0.000807756
2026-09-18,NVDA,SOXS,-21,-0.00399408,-0.00719168
2026-09-18,NVDA,SOXS,-20,0.00841817,0.00739536
2026-09-18,NVDA,SOXS,-19,0.0111258,0.00997479
2026-09-18,NVDA,SOXS,-18,0.00393247,0.00315533
2026-09-18,NVDA,SOXS,-17,0.00119066,0.00614462
2026-09-18,NVDA,SOXS,-16,-0.0024992,-0.00112148
2026-09-18,NVDA,SOXS,-15,-0.00200978,-0.000664904
2026-09-18,NVDA,SOXS,-14,-0.0171813,-0.0160678
2026-09-18,NVDA,SOXS,-13,-0.0130371,-0.00984687
2026-09-18,NVDA,SOXS,-12,-0.00959286,-0.00870772
2026-09-18,NVDA,SOXS,-11,-0.00762693,-0.00483623
2026-09-18,NVDA,SOXS,-10,-0.0310839,-0.0262182
2026-09-18,NVDA,SOXS,-9,-0.00554941,-0.00612505
2026-09-18,NVDA,SOXS,-8,-0.0093897,-0.012989
2026-09-18,NVDA,SOXS,-7,0.00490882,-0.00106609
2026-09-18,NVDA,SOXS,-6,0.014978,0.00689929
2026-09-18,NVDA,SOXS,-5,0.0159399,0.0202383
2026-09-18,NVDA,SOXS,-4,0.0105676,0.0130995
2026-09-18,NVDA,SOXS,-3,-0.00794631,0.00514304
2026-09-18,NVDA,SOXS,-2,-0.0206241,0.0118242
2026-09-18,NVDA,SOXS,-1,-0.0855559,-0.0315106
2026-09-18,NVDA,SOXS,0,-0.283623,-0.259702
2026-09-18,NVDA,SOXS,1,-0.073316,-0.0554672
2026-09-18,NVDA,SOXS,2,-0.0203866,-0.0114169
2026-09-18,NVDA,SOXS,3,-0.0037129,0.00465028
2026-09-18,NVDA,SOXS,4,-0.00216015,0.00110492
2026-09-18,NVDA,SOXS,5,-0.00716964,-0.00714524
2026-09-18,NVDA,SOXS,6,-0.00940727,-0.0176859
2026-09-18,NVDA,SOXS,7,-0.00112464,0.00212846
2026-09-18,NVDA,SOXS,8,-0.010539,-0.0165524
2026-09-18,NVDA,SOXS,9,0.0041839,0.00242832
2026-09-18,NVDA,SOXS,10,0.0099231,0.0108679
2026-09-18,NVDA,SOXS,11,-0.00592529,-0.00418958
2026-09-18,NVDA,SOXS,12,-0.00679525,-0.00299698
2026-09-18,NVDA,SOXS,13,0.00403738,0.00149574
2026-09-18,NVDA,SOXS,14,0.0120858,0.0120965
2026-09-18,NVDA,SOXS,15,-0.00213066,-0.0025015
2026-09-18,NVDA,SOXS,16,0.0113119,0.0101923
2026-09-18,NVDA,SOXS,17,-0.0211423,-0.0215698
2026-09-18,NVDA,SOXS,18,0.0073851,0.00482266
2026-09-18,NVDA,SOXS,19,0.0030696,-0.000413775
2026-09-18,NVDA,SOXS,20,0.00519809,0.00188569
2026-09-18,NVDA,SOXS,21,0.00507568,0.00482928
2026-09-18,NVDA,SOXS,22,-0.0012419,0.000677972
2026-09-18,NVDA,SOXS,23,-0.0082858,-0.00727225
2026-09-18,NVDA,SOXS,24,-0.016569,-0.0142072
2026-09-18,NVDA,SOXS,25,0.00277543,0.00380427
2026-09-18,NVDA,SOXS,26,0.00151246,0.00551201
2026-09-18,NVDA,SOXS,27,0.000490647,0.000997438
2026-09-18,NVDA,SOXS,28,0.00817671,0.0118357
2026-09-18,NVDA,SOXS,29,-0.00437793,-0.000997836
2026-09-18,NVDA,SOXS,30,0.00512351,0.000803977
2026-09-18,SOXX,SOXS,-30,0.00799343,-0.00570036
2026-09-18,SOXX,SOXS,-29,0.0231933,0.0161643
2026-09-18,SOXX,SOXS,-28,0.0294612,0.00346279
2026-09-18,SOXX,SOXS,-27,0.00321652,-0.00310801
2026-09-18,SOXX,SOXS,-26,-0.00850076,-0.00129669
2026-09-18,SOXX,SOXS,-25,0.0181829,0.0232709
2026-09-18,SOXX,SOXS,-24,0.0242452,0.017586
2026-09-18,SOXX,SOXS,-23,0.00998629,-0.00282229
2026-09-18,SOXX,SOXS,-22,0.00679193,0.00179473
2026-09-18,SOXX,SOXS,-21,-0.0067794,-0.011484
2026-09-18,SOXX,SOXS,-20,-0.00687523,-0.014823
2026-09-18,SOXX,SOXS,-19,-0.00239765,0.00583196
2026-09-18,SOXX,SOXS,-18,-0.0297885,-0.00695496
2026-09-18,SOXX,SOXS,-17,-0.0175889,-0.00910458
2026-09-18,SOXX,SOXS,-16,-0.00780053,0.00584711
2026-09-18,SOXX,SOXS,-15,-0.0137768,-0.00557007
2026-09-18,SOXX,SOXS,-14,-0.0227111,-0.015914
2026-09-18,SOXX,SOXS,-13,-0.0259783,-0.00913802
2026-09-18,SOXX,SOXS,-12,-0.0217821,-0.0110074
2026-09-18,SOXX,SOXS,-11,-0.0118686,0.00576887
2026-09-18,SOXX,SOXS,-10,-0.0205174,-0.00470079
2026-09-18,SOXX,SOXS,-9,-0.00560351,0.00384248
2026-09-18,SOXX,SOXS,-8,-0.0190008,-0.0216108
2026-09-18,SOXX,SOXS,-7,-0.0276135,-0.0216658
2026-09-18,SOXX,SOXS,-6,-0.0180461,0.00367763
2026-09-18,SOXX,SOXS,-5,-0.0434413,-0.0172507
2026-09-18,SOXX,SOXS,-4,-0.0123747,0.0159487
2026-09-18,SOXX,SOXS,-3,-0.0761254,-0.0280815
2026-09-18,SOXX,SOXS,-2,-0.173952,-0.0653075
2026-09-18,SOXX,SOXS,-1,-0.31683,-0.138329
2026-09-18,SOXX,SOXS,0,-0.659726,-0.496701
2026-09-18,SOXX,SOXS,1,-0.404296,-0.0933999
2026-09-18,SOXX,SOXS,2,-0.233177,-0.0314084
2026-09-18,SOXX,SOXS,3,-0.102476,0.0117288
2026-09-18,SOXX,SOXS,4,-0.0460463,0.0184909
2026-09-18,SOXX,SOXS,5,-0.0126902,0.00280563
2026-09-18,SOXX,SOXS,6,-0.00786955,-0.0116223
2026-09-18,SOXX,SOXS,7,-0.0137701,-0.00913336
2026-09-18,SOXX,SOXS,8,-0.0143539,-0.0242294
2026-09-18,SOXX,SOXS,9,0.00656212,0.014739
2026-09-18,SOXX,SOXS,10,-0.0121687,-0.00824022
2026-09-18,SOXX,SOXS,11,-0.0272965,-0.011006
2026-09-18,SOXX,SOXS,12,-0.034628,-0.0152523
2026-09-18,SOXX,SOXS,13,-0.0140164,0.00204911
2026-09-18,SOXX,SOXS,14,-0.0103463,-0.00374487
2026-09-18,SOXX,SOXS,15,-0.000958177,9.42057e-05
2026-09-18,SOXX,SOXS,16,-0.0177916,-0.0120112
2026-09-18,SOXX,SOXS,17,-0.0177067,-0.0104449
2026-09-18,SOXX,SOXS,18,-0.0156333,-0.000672798
2026-09-18,SOXX,SOXS,19,-0.00734782,-0.000582805
2026-09-18,SOXX,SOXS,20,0.0137853,0.00397409
2026-09-18,SOXX,SOXS,21,0.0112483,-0.000979644
2026-09-18,SOXX,SOXS,22,0.0128053,0.000988073
2026-09-18,SOXX,SOXS,23,0.0180076,0.0043506
2026-09-18,SOXX,SOXS,24,0.0187437,0.00828544
2026-09-18,SOXX,SOXS,25,0.0217176,0.0143717
2026-09-18,SOXX,SOXS,26,0.0188617,0.0172104
2026-09-18,SOXX,SOXS,27,0.00924409,-0.000852591
2026-09-18,SOXX,SOXS,28,0.0330904,0.0175019
2026-09-18,SOXX,SOXS,29,0.00219997,-0.00620989
2026-09-18,SOXX,SOXS,30,-0.0108649,-0.00524754
2026-09-18,SOXL,SOXS,-30,0.0135258,0.0119886
2026-09-18,SOXL,SOXS,-29,0.0157859,0.0081103
2026-09-18,SOXL,SOXS,-28,0.0192068,0.0100639
2026-09-18,SOXL,SOXS,-27,0.00494459,-0.00267299
2026-09-18,SOXL,SOXS,-26,0.00864952,0.00485823
2026-09-18,SOXL,SOXS,-25,0.00942855,0.00903119
2026-09-18,SOXL,SOXS,-24,0.00296274,0.00581389
2026-09-18,SOXL,SOXS,-23,0.0115194,0.0139868
2026-09-18,SOXL,SOXS,-22,0.00893435,0.00556386
2026-09-18,SOXL,SOXS,-21,0.00803918,0.000724062
2026-09-18,SOXL,SOXS,-20,-0.017447,-0.0236612
2026-09-18,SOXL,SOXS,-19,0.00404309,0.00414044
2026-09-18,SOXL,SOXS,-18,-0.0032335,-0.00432631
2026-09-18,SOXL,SOXS,-17,-0.00638762,-0.00791129
2026-09-18,SOXL,SOXS,-16,0.010504,0.0062647
2026-09-18,SOXL,SOXS,-15,-0.0128427,-0.0105683
2026-09-18,SOXL,SOXS,-14,-0.00836535,-0.00824988
2026-09-18,SOXL,SOXS,-13,-0.011279,-0.0059839
2026-09-18,SOXL,SOXS,-12,-0.0123659,-0.0166834
2026-09-18,SOXL,SOXS,-11,0.0020779,0.00975204
2026-09-18,SOXL,SOXS,-10,-0.0171068,-0.0178435
2026-09-18,SOXL,SOXS,-9,0.0144746,0.0165075
2026-09-18,SOXL,SOXS,-8,-0.0166242,-0.0161023
2026-09-18,SOXL,SOXS,-7,-0.0100177,-0.0134486
2026-09-18,SOXL,SOXS,-6,-0.00282957,-0.00777388
2026-09-18,SOXL,SOXS,-5,-0.000900533,0.00122374
2026-09-18,SOXL,SOXS,-4,0.0115664,0.0161143
2026-09-18,SOXL,SOXS,-3,-0.0220856,0.00613695
2026-09-18,SOXL,SOXS,-2,-0.0995092,-0.0351244
2026-09-18,SOXL,SOXS,-1,-0.193133,-0.0840567
2026-09-18,SOXL,SOXS,0,-0.686744,-0.620392
2026-09-18,SOXL,SOXS,1,-0.232554,-0.123523
2026-09-18,SOXL,SOXS,2,-0.0935977,-0.0334761
2026-09-18,SOXL,SOXS,3,-0.0378504,-0.00714096
2026-09-18,SOXL,SOXS,4,-0.00726299,0.0126716
2026-09-18,SOXL,SOXS,5,-0.00530691,-0.00386949
2026-09-18,SOXL,SOXS,6,-0.00610464,-0.00289625
2026-09-18,SOXL,SOXS,7,-0.00600293,-0.00978167
2026-09-18,SOXL,SOXS,8,-0.00525907,-0.0109741
2026-09-18,SOXL,SOXS,9,0.00485622,0.00424094
2026-09-18,SOXL,SOXS,10,-0.00065942,-0.00403585
2026-09-18,SOXL,SOXS,11,-0.00845666,-0.00301237
2026-09-18,SOXL,SOXS,12,-0.0168918,-0.0135785
2026-09-18,SOXL,SOXS,13,-0.00813835,-0.00850779
2026-09-18,SOXL,SOXS,14,-0.0107659,-0.009248
2026-09-18,SOXL,SOXS,15,-0.0147957,-0.00631541
2026-09-18,SOXL,SOXS,16,-0.00894065,-0.00203133
2026-09-18,SOXL,SOXS,17,-0.0117927,-0.0099191
2026-09-18,SOXL,SOXS,18,-0.00311887,0.00193524
2026-09-18,SOXL,SOXS,19,-0.014918,-0.0153093
2026-09-18,SOXL,SOXS,20,-0.00588404,-0.00596653
2026-09-18,SOXL,SOXS,21,0.00564612,0.00629572
2026-09-18,SOXL,SOXS,22,0.000436897,-0.00131516
2026-09-18,SOXL,SOXS,23,0.0173523,0.0106603
2026-09-18,SOXL,SOXS,24,0.0131188,0.0104477
2026-09-18,SOXL,SOXS,25,-0.00406066,0.00137436
2026-09-18,SOXL,SOXS,26,0.00579442,0.013669
2026-09-18,SOXL,SOXS,27,0.00126712,0.00515835
2026-09-18,SOXL,SOXS,28,0.00396148,0.00581149
2026-09-18,SOXL,SOXS,29,0.0191797,0.0113141
2026-09-18,SOXL,SOXS,30,0.0111307,0.00542475
2026-09-18,NVDA,SOXX,-30,0.0134781,0.00485448
2026-09-18,NVDA,SOXX,-29,0.00882177,-0.00753787
2026-09-18,NVDA,SOXX,-28,0.0127541,-0.00875103
2026-09-18,NVDA,SOXX,-27,0.0262769,0.0211612
2026-09-18,NVDA,SOXX,-26,-0.0108639,-0.00308548
2026-09-18,NVDA,SOXX,-25,-0.0117375,-0.00354914
2026-09-18,NVDA,SOXX,-24,-0.00649783,-0.00883165
2026-09-18,NVDA,SOXX,-23,0.00766012,0.00731305
2026-09-18,NVDA,SOXX,-22,0.0115923,-0.00229762
2026-09-18,NVDA,SOXX,-21,0.0102422,0.014867
2026-09-18,NVDA,SOXX,-20,-0.00781666,-0.00312833
2026-09-18,NVDA,SOXX,-19,-0.0145681,-0.00891254
2026-09-18,NVDA,SOXX,-18,-0.0152643,-0.0130391
2026-09-18,NVDA,SOXX,-17,0.00144518,-0.00934291
2026-09-18,NVDA,SOXX,-16,0.0187566,0.00815104
2026-09-18,NVDA,SOXX,-15,0.0111097,0.00619271
2026-09-18,NVDA,SOXX,-14,0.0166935,0.0114422
2026-09-18,NVDA,SOXX,-13,0.0154921,0.00592624
2026-09-18,NVDA,SOXX,-12,0.0185336,0.00429192
2026-09-18,NVDA,SOXX,-11,0.0167652,0.0076236
2026-09-18,NVDA,SOXX,-10,0.0199393,0.0207135
2026-09-18,NVDA,SOXX,-9,0.00681049,0.0161714
2026-09-18,NVDA,SOXX,-8,0.00609922,0.00870724
2026-09-18,NVDA,SOXX,-7,-0.00205444,0.0101355
2026-09-18,NVDA,SOXX,-6,-0.0338031,-0.0153401
2026-09-18,NVDA,SOXX,-5,-0.00896816,-0.0122019
2026-09-18,NVDA,SOXX,-4,-0.00194966,-0.0173108
2026-09-18,NVDA,SOXX,-3,0.021845,-0.0100088
2026-09-18,NVDA,SOXX,-2,0.071317,-0.00244
2026-09-18,NVDA,SOXX,-1,0.15617,0.0195388
2026-09-18,NVDA,SOXX,0,0.260679,0.198876
2026-09-18,NVDA,SOXX,1,0.106647,0.0700738
2026-09-18,NVDA,SOXX,2,0.0472961,0.0107477
2026-09-18,NVDA,SOXX,3,0.0339686,0.0130445
2026-09-18,NVDA,SOXX,4,0.0150717,-0.00649643
2026-09-18,NVDA,SOXX,5,0.0364579,0.0151628
2026-09-18,NVDA,SOXX,6,0.0166993,0.00941839
2026-09-18,NVDA,SOXX,7,0.0237777,0.00526805
2026-09-18,NVDA,SOXX,8,0.017578,0.00412673
2026-09-18,NVDA,SOXX,9,0.0201771,0.00949118
2026-09-18,NVDA,SOXX,10,0.00494878,-0.0088553
2026-09-18,NVDA,SOXX,11,0.0250699,0.00668959
2026-09-18,NVDA,SOXX,12,0.00590985,0.00212325
2026-09-18,NVDA,SOXX,13,0.00712952,-0.00542458
2026-09-18,NVDA,SOXX,14,-0.0127978,-0.0105813
2026-09-18,NVDA,SOXX,15,0.0080449,0.0103821
2026-09-18,NVDA,SOXX,16,-0.00977965,-0.0162332
2026-09-18,NVDA,SOXX,17,0.0257472,0.0168556
2026-09-18,NVDA,SOXX,18,0.0210737,0.00324227
2026-09-18,NVDA,SOXX,19,-0.000252867,-0.00963056
2026-09-18,NVDA,SOXX,20,0.00992984,0.0118609
2026-09-18,NVDA,SOXX,21,-0.00304967,-0.0104416
2026-09-18,NVDA,SOXX,22,0.0120969,-0.00060578
2026-09-18,NVDA,SOXX,23,0.0151039,-0.00144214
2026-09-18,NVDA,SOXX,24,0.0126248,0.00978677
2026-09-18,NVDA,SOXX,25,-0.00214408,-0.00509419
2026-09-18,NVDA,SOXX,26,0.00572036,0.00555099
2026-09-18,NVDA,SOXX,27,-0.00387081,-0.00458888
2026-09-18,NVDA,SOXX,28,-0.00238613,-0.0049837
2026-09-18,NVDA,SOXX,29,-0.00921988,0.000931859
2026-09-18,NVDA,SOXX,30,-0.0161168,-0.00786189
2026-09-18,NVDA,SMH,-30,0.0075115,0.00882959
2026-09-18,NVDA,SMH,-29,-0.0153847,-0.00516574
2026-09-18,NVDA,SMH,-28,-0.00720603,0.00119816
2026-09-18,NVDA,SMH,-27,-0.00907293,-0.00708558
2026-09-18,NVDA,SMH,-26,0.00866847,0.00550216
2026-09-18,NVDA,SMH,-25,0.0023725,-0.0048296
2026-09-18,NVDA,SMH,-24,-0.00202115,-0.00120472
2026-09-18,NVDA,SMH,-23,-0.0104096,0.00167944
2026-09-18,NVDA,SMH,-22,-0.0125247,-0.00853956
2026-09-18,NVDA,SMH,-21,0.0208436,0.00335155
2026-09-18,NVDA,SMH,-20,0.0106334,-0.00430962
2026-09-18,NVDA,SMH,-19,0.014196,-0.00267078
2026-09-18,NVDA,SMH,-18,0.003886,-0.0083396
2026-09-18,NVDA,SMH,-17,0.0135191,0.00536765
2026-09-18,NVDA,SMH,-16,0.0184695,0.000970044
2026-09-18,NVDA,SMH,-15,0.0249292,0.0162838
2026-09-18,NVDA,SMH,-14,-0.00047966,-0.00477685
2026-09-18,NVDA,SMH,-13,0.0198443,0.00155279
2026-09-18,NVDA,SMH,-12,0.0303955,0.00935986
2026-09-18,NVDA,SMH,-11,0.0291073,0.00799762
2026-09-18,NVDA,SMH,-10,0.0391343,0.0329
2026-09-18,NVDA,SMH,-9,0.0130919,0.00359723
2026-09-18,NVDA,SMH,-8,0.0188415,0.0235422
2026-09-18,NVDA,SMH,-7,0.000244746,0.00275323
2026-09-18,NVDA,SMH,-6,-0.0203127,-0.0195412
2026-09-18,NVDA,SMH,-5,0.0237073,-0.00370113
2026-09-18,NVDA,SMH,-4,0.0225703,-0.0167281
2026-09-18,NVDA,SMH,-3,0.0659071,0.000590601
2026-09-18,NVDA,SMH,-2,0.124277,-0.00694751
2026-09-18,NVDA,SMH,-1,0.202936,0.00216914
2026-09-18,NVDA,SMH,0,0.372075,0.238718
2026-09-18,NVDA,SMH,1,0.193829,0.0959687
2026-09-18,NVDA,SMH,2,0.104131,0.0339989
2026-09-18,NVDA,SMH,3,0.0765378,0.032259
2026-09-18,NVDA,SMH,4,0.0449482,0.00642981
2026-09-18,NVDA,SMH,5,0.0470569,0.0174686
2026-09-18,NVDA,SMH,6,0.0398125,0.0167633
2026-09-18,NVDA,SMH,7,0.0285883,0.0192573
2026-09-18,NVDA,SMH,8,0.0149438,-0.00263715
2026-09-18,NVDA,SMH,9,0.0283234,0.0178903
2026-09-18,NVDA,SMH,10,-0.00886304,-0.00512459
2026-09-18,NVDA,SMH,11,-0.0048606,-0.002185
2026-09-18,NVDA,SMH,12,0.00618103,0.00350921
2026-09-18,NVDA,SMH,13,-0.00129837,0.00886615
2026-09-18,NVDA,SMH,14,-0.0179282,-0.0103339
2026-09-18,NVDA,SMH,15,-0.0113651,-0.00551497
2026-09-18,NVDA,SMH,16,-0.0124236,-0.0110728
2026-09-18,NVDA,SMH,17,0.0126885,0.0105575
2026-09-18,NVDA,SMH,18,-0.0118062,0.000964799
2026-09-18,NVDA,SMH,19,-0.0232428,-0.00390781
2026-09-18,NVDA,SMH,20,-0.00479257,0.00053514
2026-09-18,NVDA,SMH,21,0.00819966,-0.00184498
2026-09-18,NVDA,SMH,22,0.00739829,-0.00624809
2026-09-18,NVDA,SMH,23,0.0203546,0.00961382
2026-09-18,NVDA,SMH,24,-0.0105563,-0.000740427
2026-09-18,NVDA,SMH,25,-0.00668485,-0.00280722
2026-09-18,NVDA,SMH,26,-0.0103603,-9.79038e-05
2026-09-18,NVDA,SMH,27,-0.0118353,-0.0137998
2026-09-18,NVDA,SMH,28,0.00190469,-0.00219588
2026-09-18,NVDA,SMH,29,0.00430142,-0.000214935
2026-09-18,NVDA,SMH,30,0.00320792,-0.000269162
2026-09-18,SMH,SOXX,-30,0.00346786,-0.000177244
2026-09-18,SMH,SOXX,-29,-0.0141121,-0.00774156
2026-09-18,SMH,SOXX,-28,-0.0376155,-0.0164607
2026-09-18,SMH,SOXX,-27,-0.0277254,0.00712935
2026-09-18,SMH,SOXX,-26,-0.0273204,-0.00543084
2026-09-18,SMH,SOXX,-25,-0.0350752,-0.00400037
2026-09-18,SMH,SOXX,-24,-0.0443297,-0.0127564
2026-09-18,SMH,SOXX,-23,-0.0227203,-0.00210071
2026-09-18,SMH,SOXX,-22,-0.0157593,7.20713e-05
2026-09-18,SMH,SOXX,-21,-0.026977,-0.0148816
2026-09-18,SMH,SOXX,-20,0.00218049,0.0116179
2026-09-18,SMH,SOXX,-19,-0.0105323,0.0111203
2026-09-18,SMH,SOXX,-18,-0.0193458,-0.0242869
2026-09-18,SMH,SOXX,-17,0.00489015,0.00783219
2026-09-18,SMH,SOXX,-16,0.0112647,0.00423467
2026-09-18,SMH,SOXX,-15,0.00920177,0.0189551
2026-09-18,SMH,SOXX,-14,0.00660958,0.00284574
2026-09-18,SMH,SOXX,-13,0.00545438,0.0027605
2026-09-18,SMH,SOXX,-12,0.043834,0.0156145
2026-09-18,SMH,SOXX,-11,0.0333093,0.0164665
2026-09-18,SMH,SOXX,-10,0.0117558,-0.00545533
2026-09-18,SMH,SOXX,-9,0.0192551,-0.0028911
2026-09-18,SMH,SOXX,-8,0.0477846,0.0091349
2026-09-18,SMH,SOXX,-7,0.0687124,0.0167464
2026-09-18,SMH,SOXX,-6,0.0734111,0.0198671
2026-09-18,SMH,SOXX,-5,0.0801044,0.00101276
2026-09-18,SMH,SOXX,-4,0.112078,0.00408386
2026-09-18,SMH,SOXX,-3,0.203661,0.0424468
2026-09-18,SMH,SOXX,-2,0.298426,0.0520547
2026-09-18,SMH,SOXX,-1,0.444835,0.102528
2026-09-18,SMH,SOXX,0,0.649481,0.389251
2026-09-18,SMH,SOXX,1,0.415939,0.0851317
2026-09-18,SMH,SOXX,2,0.271527,0.0350922
2026-09-18,SMH,SOXX,3,0.188108,0.0249649
2026-09-18,SMH,SOXX,4,0.103656,-0.00818677
2026-09-18,SMH,SOXX,5,0.0935771,0.00472881
2026-09-18,SMH,SOXX,6,0.0650131,0.00173015
2026-09-18,SMH,SOXX,7,0.0792702,0.0206195
2026-09-18,SMH,SOXX,8,0.0409653,-0.000418218
2026-09-18,SMH,SOXX,9,0.0308182,-0.00311063
2026-09-18,SMH,SOXX,10,0.0561979,0.019009
2026-09-18,SMH,SOXX,11,0.0497709,0.0103391
2026-09-18,SMH,SOXX,12,0.0426818,-0.00135409
2026-09-18,SMH,SOXX,13,0.0471189,0.00147151
2026-09-18,SMH,SOXX,14,0.0341494,0.0145164
2026-09-18,SMH,SOXX,15,0.029327,0.00600129
2026-09-18,SMH,SOXX,16,0.0265103,-0.00181266
2026-09-18,SMH,SOXX,17,0.0300241,0.0115522
2026-09-18,SMH,SOXX,18,0.0211342,-0.00667757
2026-09-18,SMH,SOXX,19,0.0266194,0.0137192
2026-09-18,SMH,SOXX,20,0.013166,0.00585914
2026-09-18,SMH,SOXX,21,-0.0105422,-0.00658737
2026-09-18,SMH,SOXX,22,-0.0176349,-0.0128949
2026-09-18,SMH,SOXX,23,-0.00312254,0.00554611
2026-09-18,SMH,SOXX,24,-0.0256057,-0.00643091
2026-09-18,SMH,SOXX,25,-0.0020821,-0.0123269
2026-09-18,SMH,SOXX,26,0.0119273,0.00308275
2026-09-18,SMH,SOXX,27,0.00128869,0.00396632
2026-09-18,SMH,SOXX,28,0.011016,0.00724432
2026-09-18,SMH,SOXX,29,-0.0165862,-0.0212421
2026-09-18,SMH,SOXX,30,0.00624652,0.00782761
2026-09-21,NVDA,SOXL,-30,0.00646312,0.00683242
2026-09-21,NVDA,SOXL,-29,-0.00927877,-0.0117516
2026-09-21,NVDA,SOXL,-28,-0.00474995,-0.00448509
2026-09-21,NVDA,SOXL,-27,-0.00697572,-0.00763481
2026-09-21,NVDA,SOXL,-26,0.025275,0.020843
2026-09-21,NVDA,SOXL,-25,-0.0100498,-0.011324
2026-09-21,NVDA,SOXL,-24,0.014225,0.0150667
2026-09-21,NVDA,SOXL,-23,-0.0097564,-0.00838932
2026-09-21,NVDA,SOXL,-22,0.0103797,0.00795942
2026-09-21,NVDA,SOXL,-21,0.000749653,-0.00167386
2026-09-21,NVDA,SOXL,-20,0.0151803,0.0128799
2026-09-21,NVDA,SOXL,-19,0.017825,0.0167658
2026-09-21,NVDA,SOXL,-18,-0.0141159,-0.0146378
2026-09-21,NVDA,SOXL,-17,0.0115335,0.00672661
2026-09-21,NVDA,SOXL,-16,0.00653898,0.00628483
2026-09-21,NVDA,SOXL,-15,0.000279449,-0.00209068
2026-09-21,NVDA,SOXL,-14,-0.00401967,-0.00703465
2026-09-21,NVDA,SOXL,-13,0.00684696,0.00566497
2026-09-21,NVDA,SOXL,-12,0.0174835,0.0193185
2026-09-21,NVDA,SOXL,-11,-0.00290585,-0.000591531
2026-09-21,NVDA,SOXL,-10,0.00225492,-0.000883584
2026-09-21,NVDA,SOXL,-9,-0.00255727,-0.0052391
2026-09-21,NVDA,SOXL,-8,0.0072523,0.00671865
2026-09-21,NVDA,SOXL,-7,-0.002485,-0.0016618
2026-09-21,NVDA,SOXL,-6,0.011909,0.0114702
2026-09-21,NVDA,SOXL,-5,0.014593,0.0126135
2026-09-21,NVDA,SOXL,-4,-0.00615168,-0.0095456
2026-09-21,NVDA,SOXL,-3,-0.00401816,-0.00977916
2026-09-21,NVDA,SOXL,-2,0.0189889,0.00955219
2026-09-21,NVDA,SOXL,-1,0.0363943,0.0152837
2026-09-21,NVDA,SOXL,0,0.246698,0.231328
2026-09-21,NVDA,SOXL,1,0.0457591,0.038378
2026-09-21,NVDA,SOXL,2,-0.023404,-0.023712
2026-09-21,NVDA,SOXL,3,0.0160517,0.0162946
2026-09-21,NVDA,SOXL,4,-0.0118351,-0.0151336
2026-09-21,NVDA,SOXL,5,0.00919063,0.0113879
2026-09-21,NVDA,SOXL,6,-0.00292251,0.000747104
2026-09-21,NVDA,SOXL,7,-0.00350963,-0.00150664
2026-09-21,NVDA,SOXL,8,-0.00306661,-0.00143914
2026-09-21,NVDA,SOXL,9,-0.0143803,-0.0186018
2026-09-21,NVDA,SOXL,10,0.00704988,0.00212794
2026-09-21,NVDA,SOXL,11,0.000539349,-0.00116591
2026-09-21,NVDA,SOXL,12,0.0119846,0.0125066
2026-09-21,NVDA,SOXL,13,0.00981322,0.00825245
2026-09-21,NVDA,SOXL,14,-0.0132435,-0.0140942
2026-09-21,NVDA,SOXL,15,-0.0182499,-0.0178826
2026-09-21,NVDA,SOXL,16,0.00310905,0.00167367
2026-09-21,NVDA,SOXL,17,0.0138712,0.0132466
2026-09-21,NVDA,SOXL,18,-0.0176179,-0.0173986
2026-09-21,NVDA,SOXL,19,-0.00494639,-0.00564969
2026-09-21,NVDA,SOXL,20,0.00420762,-0.000994236
2026-09-21,NVDA,SOXL,21,0.0290357,0.0286908
2026-09-21,NVDA,SOXL,22,-0.00400414,-0.00638342
2026-09-21,NVDA,SOXL,23,0.00780687,0.00768952
2026-09-21,NVDA,SOXL,24,0.0113499,0.0096454
2026-09-21,NVDA,SOXL,25,-0.00192747,-0.0044017
2026-09-21,NVDA,SOXL,26,-0.00484849,-0.00357464
2026-09-21,NVDA,SOXL,27,-0.00359291,-0.00179509
2026-09-21,NVDA,SOXL,28,0.0049419,0.00739801
2026-09-21,NVDA,SOXL,29,-0.00689272,-0.00636306
2026-09-21,NVDA,SOXL,30,0.00794185,0.011897
2026-09-21,SOXX,SOXL,-30,0.00571271,0.00172981
2026-09-21,SOXX,SOXL,-29,-0.00215231,-0.00443711
2026-09-21,SOXX,SOXL,-28,0.0068565,0.00644605
2026-09-21,SOXX,SOXL,-27,-0.0202703,-0.0196874
2026-09-21,SOXX,SOXL,-26,-0.00246785,-0.00332787
2026-09-21,SOXX,SOXL,-25,-0.0143433,-0.0144994
2026-09-21,SOXX,SOXL,-24,-0.00396005,-0.000667982
2026-09-21,SOXX,SOXL,-23,0.0187604,0.0163679
2026-09-21,SOXX,SOXL,-22,-0.00390045,-0.00968506
2026-09-21,SOXX,SOXL,-21,-0.0129719,-0.024884
2026-09-21,SOXX,SOXL,-20,0.0182194,0.0180354
2026-09-21,SOXX,SOXL,-19,0.0127693,0.0077864
2026-09-21,SOXX,SOXL,-18,0.00931691,-0.000980849
2026-09-21,SOXX,SOXL,-17,-0.0118362,-0.0213378
2026-09-21,SOXX,SOXL,-16,-0.00460312,-0.00194789
2026-09-21,SOXX,SOXL,-15,-0.00557213,-0.00412436
2026-09-21,SOXX,SOXL,-14,-0.0016299,-0.000595301
2026-09-21,SOXX,SOXL,-13,0.0112677,0.00906806
2026-09-21,SOXX,SOXL,-12,-0.00011628,-0.00285318
2026-09-21,SOXX,SOXL,-11,-0.014318,-0.0108824
2026-09-21,SOXX,SOXL,-10,-0.00818501,0.00572983
2026-09-21,SOXX,SOXL,-9,-0.00314743,-0.00568906
2026-09-21,SOXX,SOXL,-8,0.00435778,0.0032019
2026-09-21,SOXX,SOXL,-7,-0.00217328,-0.000130369
2026-09-21,SOXX,SOXL,-6,-0.00422957,-0.00103166
2026-09-21,SOXX,SOXL,-5,0.0167246,0.0189871
2026-09-21,SOXX,SOXL,-4,0.00965285,0.00196942
2026-09-21,SOXX,SOXL,-3,0.0126531,-0.000963453
2026-09-21,SOXX,SOXL,-2,0.0835183,0.0465267
2026-09-21,SOXX,SOXL,-1,0.232944,0.144472
2026-09-21,SOXX,SOXL,0,0.653456,0.557684
2026-09-21,SOXX,SOXL,1,0.223922,0.0316965
2026-09-21,SOXX,SOXL,2,0.0756956,-0.00977433
2026-09-21,SOXX,SOXL,3,0.0115593,-0.024325
2026-09-21,SOXX,SOXL,4,0.0104982,-0.00293638
2026-09-21,SOXX,SOXL,5,0.0182905,0.0183507
2026-09-21,SOXX,SOXL,6,0.0296328,0.0187856
2026-09-21,SOXX,SOXL,7,-0.00672358,-0.00918256
2026-09-21,SOXX,SOXL,8,-0.0020885,-0.00361328
2026-09-21,SOXX,SOXL,9,-0.0047351,-0.005962
2026-09-21,SOXX,SOXL,10,-0.00540656,-0.00182138
2026-09-21,SOXX,SOXL,11,-0.00109778,0.00094966
2026-09-21,SOXX,SOXL,12,0.0140616,0.00937962
2026-09-21,SOXX,SOXL,13,0.00820215,0.00116034
2026-09-21,SOXX,SOXL,14,0.00512589,0.00054973
2026-09-21,SOXX,SOXL,15,-0.00880841,-0.0244728
2026-09-21,SOXX,SOXL,16,0.00203067,-0.00667581
2026-09-21,SOXX,SOXL,17,0.00230924,-0.000925757
2026-09-21,SOXX,SOXL,18,0.00940737,0.00288773
2026-09-21,SOXX,SOXL,19,0.00225764,0.00106929
2026-09-21,SOXX,SOXL,20,0.0106765,0.00401296
2026-09-21,SOXX,SOXL,21,-0.00589774,-0.0153031
2026-09-21,SOXX,SOXL,22,-0.0109022,-0.0116189
2026-09-21,SOXX,SOXL,23,0.0183747,0.0156088
2026-09-21,SOXX,SOXL,24,-0.00675731,-0.00831882
2026-09-21,SOXX,SOXL,25,0.0061235,-0.00440834
2026-09-21,SOXX,SOXL,26,-0.0344698,-0.0220535
2026-09-21,SOXX,SOXL,27,-0.00253093,-0.00963765
2026-09-21,SOXX,SOXL,28,0.0191869,0.014482
2026-09-21,SOXX,SOXL,29,0.0112311,0.00609128
2026-09-21,SOXX,SOXL,30,-0.00036557,-0.0103845
2026-09-21,SMH,SOXL,-30,-0.0132368,-0.00581882
2026-09-21,SMH,SOXL,-29,0.00195752,0.00915614
2026-09-21,SMH,SOXL,-28,-0.0190678,-0.0167264
2026-09-21,SMH,SOXL,-27,-0.0040253,-0.00239005
2026-09-21,SMH,SOXL,-26,1.42167e-06,-0.0060803
2026-09-21,SMH,SOXL,-25,0.00439506,-0.000677843
2026-09-21,SMH,SOXL,-24,-0.00857846,-0.00632276
2026-09-21,SMH,SOXL,-23,0.00167671,-0.00078245
2026-09-21,SMH,SOXL,-22,-0.00915368,-0.00570735
2026-09-21,SMH,SOXL,-21,-0.014642,-0.0191219
2026-09-21,SMH,SOXL,-20,0.0198805,0.0194816
2026-09-21,SMH,SOXL,-19,-0.00179739,-0.00934502
2026-09-21,SMH,SOXL,-18,0.0149927,0.00805244
2026-09-21,SMH,SOXL,-17,-0.0117541,-0.01779
2026-09-21,SMH,SOXL,-16,0.00960585,0.00262923
2026-09-21,SMH,SOXL,-15,-0.00772304,-0.0108449
2026-09-21,SMH,SOXL,-14,-0.000562471,0.000879549
2026-09-21,SMH,SOXL,-13,-0.00659861,-0.000542159
2026-09-21,SMH,SOXL,-12,0.0109618,0.00653239
2026-09-21,SMH,SOXL,-11,-0.00287845,-0.0029567
2026-09-21,SMH,SOXL,-10,-0.00197958,-0.00447769
2026-09-21,SMH,SOXL,-9,-0.0111199,-0.00381949
2026-09-21,SMH,SOXL,-8,0.00713942,0.0067908
2026-09-21,SMH,SOXL,-7,0.0012938,-0.00753753
2026-09-21,SMH,SOXL,-6,0.020646,0.0242486
2026-09-21,SMH,SOXL,-5,0.0134432,0.00559933
2026-09-21,SMH,SOXL,-4,0.00319634,0.00439824
2026-09-21,SMH,SOXL,-3,-0.010495,-0.0235476
2026-09-21,SMH,SOXL,-2,0.0824284,0.0451701
2026-09-21,SMH,SOXL,-1,0.22277,0.130769
2026-09-21,SMH,SOXL,0,0.686133,0.580045
2026-09-21,SMH,SOXL,1,0.229761,0.0263552
2026-09-21,SMH,SOXL,2,0.106941,0.00630685
2026-09-21,SMH,SOXL,3,0.0147028,-0.0253162
2026-09-21,SMH,SOXL,4,0.00239249,-0.00913421
2026-09-21,SMH,SOXL,5,0.0237102,0.0152562
2026-09-21,SMH,SOXL,6,0.0127792,0.0155907
2026-09-21,SMH,SOXL,7,-0.011957,-0.00819907
2026-09-21,SMH,SOXL,8,0.00243152,0.0147601
2026-09-21,SMH,SOXL,9,-0.0107373,-0.0137079
2026-09-21,SMH,SOXL,10,-0.0124248,-0.0141142
2026-09-21,SMH,SOXL,11,-0.00601716,0.00749514
2026-09-21,SMH,SOXL,12,0.016207,0.00958117
2026-09-21,SMH,SOXL,13,0.0180102,0.0100752
2026-09-21,SMH,SOXL,14,-0.0179452,-0.0202011
2026-09-21,SMH,SOXL,15,-0.00455849,-0.0106677
2026-09-21,SMH,SOXL,16,-0.0204208,-0.0235659
2026-09-21,SMH,SOXL,17,0.023497,0.0178876
2026-09-21,SMH,SOXL,18,0.00695276,-0.00107901
2026-09-21,SMH,SOXL,19,0.00479898,0.000759797
2026-09-21,SMH,SOXL,20,-0.00240831,-0.00148712
2026-09-21,SMH,SOXL,21,7.89182e-05,-0.0034888
2026-09-21,SMH,SOXL,22,-0.00913916,-0.0138901
2026-09-21,SMH,SOXL,23,0.0194263,0.0114798
2026-09-21,SMH,SOXL,24,-0.00487221,-0.0106755
2026-09-21,SMH,SOXL,25,0.00511085,-0.00246683
2026-09-21,SMH,SOXL,26,-0.00584323,-0.0119518
2026-09-21,SMH,SOXL,27,-0.0074488,-0.0110926
2026-09-21,SMH,SOXL,28,0.00839034,0.00158041
2026-09-21,SMH,SOXL,29,0.00391749,0.0102468
2026-09-21,SMH,SOXL,30,-0.0052447,-0.00682623
2026-09-21,QQQ,SOXL,-30,0.00199437,0.00120646
2026-09-21,QQQ,SOXL,-29,-0.000790044,0.000161597
2026-09-21,QQQ,SOXL,-28,-0.00266445,-0.00113794
2026-09-21,QQQ,SOXL,-27,-0.00499608,-0.00285943
2026-09-21,QQQ,SOXL,-26,0.000338813,-0.00107981
2026-09-21,QQQ,SOXL,-25,-0.0122396,-0.00947523
2026-09-21,QQQ,SOXL,-24,-0.00741041,-0.00824423
2026-09-21,QQQ,SOXL,-23,0.000411388,-7.31605e-05
2026-09-21,QQQ,SOXL,-22,-0.00385323,-0.00233716
2026-09-21,QQQ,SOXL,-21,-0.00401378,-0.00704616
2026-09-21,QQQ,SOXL,-20,0.00926065,0.00671418
2026-09-21,QQQ,SOXL,-19,0.0158166,0.0144522
2026-09-21,QQQ,SOXL,-18,0.000753716,-0.00137441
2026-09-21,QQQ,SOXL,-17,0.00869294,0.00619459
2026-09-21,QQQ,SOXL,-16,-0.00837504,-0.0150052
2026-09-21,QQQ,SOXL,-15,-0.00330043,-0.00450818
2026-09-21,QQQ,SOXL,-14,0.00923664,0.00680668
2026-09-21,QQQ,SOXL,-13,-0.00225952,-0.0026422
2026-09-21,QQQ,SOXL,-12,0.0149807,0.0117716
2026-09-21,QQQ,SOXL,-11,-0.00797253,-0.00757289
2026-09-21,QQQ,SOXL,-10,0.00288335,0.00169048
2026-09-21,QQQ,SOXL,-9,0.00578445,0.00185272
2026-09-21,QQQ,SOXL,-8,0.0021027,-0.00151173
2026-09-21,QQQ,SOXL,-7,-0.0102294,-0.00883495
2026-09-21,QQQ,SOXL,-6,0.01042,0.0139235
2026-09-21,QQQ,SOXL,-5,0.00199587,0.00443231
2026-09-21,QQQ,SOXL,-4,-0.00407597,-0.00807119
2026-09-21,QQQ,SOXL,-3,0.00301288,0.00102874
2026-09-21,QQQ,SOXL,-2,0.0170881,0.0012514
2026-09-21,QQQ,SOXL,-1,0.102552,0.0626923
2026-09-21,QQQ,SOXL,0,0.482567,0.4576
2026-09-21,QQQ,SOXL,1,0.0880463,0.0564948
2026-09-21,QQQ,SOXL,2,0.00170543,-0.00762798
2026-09-21,QQQ,SOXL,3,-0.00519243,-0.00803585
2026-09-21,QQQ,SOXL,4,0.00300281,0.0059273
2026-09-21,QQQ,SOXL,5,0.0067678,0.00712092
2026-09-21,QQQ,SOXL,6,0.0113911,0.018026
2026-09-21,QQQ,SOXL,7,-0.0183679,-0.0216754
2026-09-21,QQQ,SOXL,8,-0.000220585,0.00558737
2026-09-21,QQQ,SOXL,9,-0.00215718,-0.00502478
2026-09-21,QQQ,SOXL,10,0.00704837,0.00256176
2026-09-21,QQQ,SOXL,11,-0.00167451,0.0002194
2026-09-21,QQQ,SOXL,12,-0.00337223,-0.00411853
2026-09-21,QQQ,SOXL,13,0.00282518,0.00358355
2026-09-21,QQQ,SOXL,14,0.000313668,-0.00442359
2026-09-21,QQQ,SOXL,15,-0.00409678,-0.00485942
2026-09-21,QQQ,SOXL,16,-0.0157479,-0.0146429
2026-09-21,QQQ,SOXL,17,0.00446363,0.00402446
2026-09-21,QQQ,SOXL,18,-0.00568944,-0.0102322
2026-09-21,QQQ,SOXL,19,0.00994453,0.00838776
2026-09-21,QQQ,SOXL,20,-0.00313937,-0.00494201
2026-09-21,QQQ,SOXL,21,-0.00690635,-0.00832258
2026-09-21,QQQ,SOXL,22,0.00794323,0.00520129
2026-09-21,QQQ,SOXL,23,0.010354,0.00656789
2026-09-21,QQQ,SOXL,24,0.00324461,-0.0021739
2026-09-21,QQQ,SOXL,25,0.00148445,0.00132326
2026-09-21,QQQ,SOXL,26,-0.0160576,-0.0140043
2026-09-21,QQQ,SOXL,27,-0.00154604,0.00182097
2026-09-21,QQQ,SOXL,28,-0.0121481,-0.00555202
2026-09-21,QQQ,SOXL,29,-0.00581654,-0.00146376
2026-09-21,QQQ,SOXL,30,0.00563792,0.0103488
2026-09-21,NVDA,SOXS,-30,0.000685961,0.00090983
2026-09-21,NVDA,SOXS,-29,0.0102222,0.0101631
2026-09-21,NVDA,SOXS,-28,0.00415101,0.0103924
2026-09-21,NVDA,SOXS,-27,0.000322703,0.00551558
2026-09-21,NVDA,SOXS,-26,-0.0205592,-0.0197755
2026-09-21,NVDA,SOXS,-25,0.0092286,0.0110815
2026-09-21,NVDA,SOXS,-24,-0.00366946,-0.00367794
2026-09-21,NVDA,SOXS,-23,-0.00220356,0.000297162
2026-09-21,NVDA,SOXS,-22,-0.0140549,-0.00968038
2026-09-21,NVDA,SOXS,-21,0.00448701,0.00365129
2026-09-21,NVDA,SOXS,-20,-0.0065876,-0.00364168
2026-09-21,NVDA,SOXS,-19,-0.0131336,-0.0128986
2026-09-21,NVDA,SOXS,-18,-0.00747929,-0.00557235
2026-09-21,NVDA,SOXS,-17,0.00763958,0.00852506
2026-09-21,NVDA,SOXS,-16,-0.0116745,-0.0103531
2026-09-21,NVDA,SOXS,-15,0.00296092,0.00422495
2026-09-21,NVDA,SOXS,-14,3.22121e-06,0.00109015
2026-09-21,NVDA,SOXS,-13,-0.00555998,-0.00450616
2026-09-21,NVDA,SOXS,-12,-0.0188641,-0.0166544
2026-09-21,NVDA,SOXS,-11,-0.004753,-0.0018292
2026-09-21,NVDA,SOXS,-10,-0.00569362,-0.00179882
2026-09-21,NVDA,SOXS,-9,8.73703e-05,0.00488586
2026-09-21,NVDA,SOXS,-8,-0.00732426,-0.00719862
2026-09-21,NVDA,SOXS,-7,6.79859e-05,0.00385714
2026-09-21,NVDA,SOXS,-6,-0.00120645,-0.00156976
2026-09-21,NVDA,SOXS,-5,-0.0187929,-0.019954
2026-09-21,NVDA,SOXS,-4,0.00397728,0.00344978
2026-09-21,NVDA,SOXS,-3,0.00297926,0.00744321
2026-09-21,NVDA,SOXS,-2,-0.014576,-0.0078634
2026-09-21,NVDA,SOXS,-1,-0.0164062,-0.00198189
2026-09-21,NVDA,SOXS,0,-0.223082,-0.210217
2026-09-21,NVDA,SOXS,1,-0.0706618,-0.0598447
2026-09-21,NVDA,SOXS,2,0.00293556,0.00260587
2026-09-21,NVDA,SOXS,3,-0.00501915,-0.00379689
2026-09-21,NVDA,SOXS,4,-0.000746882,0.00340813
2026-09-21,NVDA,SOXS,5,-0.0151114,-0.0163646
2026-09-21,NVDA,SOXS,6,-0.00393203,-0.00273225
2026-09-21,NVDA,SOXS,7,0.0132273,0.0149783
2026-09-21,NVDA,SOXS,8,-0.00426907,-0.00432912
2026-09-21,NVDA,SOXS,9,-0.00376076,-0.00247491
2026-09-21,NVDA,SOXS,10,0.0173913,0.0161526
2026-09-21,NVDA,SOXS,11,-0.0016514,-0.00308774
2026-09-21,NVDA,SOXS,12,-0.0166038,-0.0167019
2026-09-21,NVDA,SOXS,13,-0.00363517,-0.00280279
2026-09-21,NVDA,SOXS,14,0.00887752,0.00868118
2026-09-21,NVDA,SOXS,15,0.0241167,0.0259301
2026-09-21,NVDA,SOXS,16,0.00130603,0.00161787
2026-09-21,NVDA,SOXS,17,-0.0136795,-0.01348
2026-09-21,NVDA,SOXS,18,0.00495791,0.00557608
2026-09-21,NVDA,SOXS,19,0.0113098,0.0111459
2026-09-21,NVDA,SOXS,20,-0.00888442,-0.00436141
2026-09-21,NVDA,SOXS,21,-0.0207999,-0.0175248
2026-09-21,NVDA,SOXS,22,-4.19403e-05,-0.000109123
2026-09-21,NVDA,SOXS,23,-0.00154533,-0.00368848
2026-09-21,NVDA,SOXS,24,-0.00704588,-0.00882725
2026-09-21,NVDA,SOXS,25,-0.00276462,-0.00020564
2026-09-21,NVDA,SOXS,26,0.00260635,0.00499387
2026-09-21,NVDA,SOXS,27,-0.00324837,-0.00201054
2026-09-21,NVDA,SOXS,28,0.00222474,-0.00201448
2026-09-21,NVDA,SOXS,29,-0.00146601,-6.8052e-05
2026-09-21,NVDA,SOXS,30,-0.00573579,-0.00379371
2026-09-21,SOXX,SOXS,-30,-0.00410283,-0.00240076
2026-09-21,SOXX,SOXS,-29,0.00405966,0.00818163
2026-09-21,SOXX,SOXS,-28,-0.00747575,-0.00611898
2026-09-21,SOXX,SOXS,-27,0.0282691,0.0226806
2026-09-21,SOXX,SOXS,-26,0.00861997,-0.000578747
2026-09-21,SOXX,SOXS,-25,0.00690141,0.00657961
2026-09-21,SOXX,SOXS,-24,0.0145549,0.0167551
2026-09-21,SOXX,SOXS,-23,-0.0283607,-0.0266818
2026-09-21,SOXX,SOXS,-22,0.00109102,0.0163928
2026-09-21,SOXX,SOXS,-21,0.02088,0.0221651
2026-09-21,SOXX,SOXS,-20,-0.0162356,-0.0175904
2026-09-21,SOXX,SOXS,-19,-0.00781347,-0.00262579
2026-09-21,SOXX,SOXS,-18,-0.0137854,-0.00601336
2026-09-21,SOXX,SOXS,-17,-0.00554259,0.0145806
2026-09-21,SOXX,SOXS,-16,0.002257,0.00462348
2026-09-21,SOXX,SOXS,-15,0.0131138,0.0107471
2026-09-21,SOXX,SOXS,-14,0.00935388,0.00558288
2026-09-21,SOXX,SOXS,-13,-0.00895157,-0.00707873
2026-09-21,SOXX,SOXS,-12,-0.00618222,0.000885308
2026-09-21,SOXX,SOXS,-11,0.00927708,0.00155056
2026-09-21,SOXX,SOXS,-10,0.00376483,-0.00784009
2026-09-21,SOXX,SOXS,-9,0.00800884,0.0106188
2026-09-21,SOXX,SOXS,-8,0.00336124,-0.00308463
2026-09-21,SOXX,SOXS,-7,-0.000431526,0.00104311
2026-09-21,SOXX,SOXS,-6,0.00977795,0.00444571
2026-09-21,SOXX,SOXS,-5,-0.0200183,-0.0220734
2026-09-21,SOXX,SOXS,-4,0.000503329,0.00826974
2026-09-21,SOXX,SOXS,-3,-0.0216404,-0.00757353
2026-09-21,SOXX,SOXS,-2,-0.0779356,-0.042921
2026-09-21,SOXX,SOXS,-1,-0.200073,-0.127843
2026-09-21,SOXX,SOXS,0,-0.601726,-0.511042
2026-09-21,SOXX,SOXS,1,-0.250788,-0.078855
2026-09-21,SOXX,SOXS,2,-0.100128,-0.00454878
2026-09-21,SOXX,SOXS,3,-0.0489295,0.00302244
2026-09-21,SOXX,SOXS,4,-0.0278586,0.00136805
2026-09-21,SOXX,SOXS,5,-0.0399672,-0.0264992
2026-09-21,SOXX,SOXS,6,-0.0272576,-0.00673643
2026-09-21,SOXX,SOXS,7,-0.0106478,0.00349504
2026-09-21,SOXX,SOXS,8,-0.00846086,1.60604e-05
2026-09-21,SOXX,SOXS,9,0.00417898,0.00683437
2026-09-21,SOXX,SOXS,10,-0.00170475,-0.0024569
2026-09-21,SOXX,SOXS,11,-0.00128509,-0.00127378
2026-09-21,SOXX,SOXS,12,-0.0141138,-0.00975461
2026-09-21,SOXX,SOXS,13,-0.0104997,-0.000179883
2026-09-21,SOXX,SOXS,14,0.00730229,0.0136914
2026-09-21,SOXX,SOXS,15,0.00535708,0.0152774
2026-09-21,SOXX,SOXS,16,0.00910491,0.0102537
2026-09-21,SOXX,SOXS,17,0.000597857,0.00545919
2026-09-21,SOXX,SOXS,18,-0.0151268,-0.0134347
2026-09-21,SOXX,SOXS,19,-0.0111431,-0.00212962
2026-09-21,SOXX,SOXS,20,-0.0211966,-0.00889089
2026-09-21,SOXX,SOXS,21,0.00899032,0.0154487
2026-09-21,SOXX,SOXS,22,0.0154912,0.0162713
2026-09-21,SOXX,SOXS,23,-0.0158672,-0.0119183
2026-09-21,SOXX,SOXS,24,-0.0047178,-0.00461537
2026-09-21,SOXX,SOXS,25,0.00310477,0.013958
2026-09-21,SOXX,SOXS,26,0.0111283,0.00659619
2026-09-21,SOXX,SOXS,27,0.0154713,0.0207168
2026-09-21,SOXX,SOXS,28,-0.0168942,-0.0155031
2026-09-21,SOXX,SOXS,29,-0.00161847,0.00313417
2026-09-21,SOXX,SOXS,30,0.00109658,0.00339764
2026-09-21,SOXL,SOXS,-30,0.0148395,0.0120866
2026-09-21,SOXL,SOXS,-29,-0.00755558,-0.00642246
2026-09-21,SOXL,SOXS,-28,-0.00942976,-0.00744719
2026-09-21,SOXL,SOXS,-27,0.0198345,0.0167572
2026-09-21,SOXL,SOXS,-26,0.023481,0.0204995
2026-09-21,SOXL,SOXS,-25,-0.000480942,-0.000567476
2026-09-21,SOXL,SOXS,-24,0.00753407,0.0113296
2026-09-21,SOXL,SOXS,-23,-0.0204967,-0.0157543
2026-09-21,SOXL,SOXS,-22,0.0171317,0.0160487
2026-09-21,SOXL,SOXS,-21,0.0126911,0.0127762
2026-09-21,SOXL,SOXS,-20,-0.00406119,-0.00376651
2026-09-21,SOXL,SOXS,-19,-0.00553599,-0.00536835
2026-09-21,SOXL,SOXS,-18,-0.00905572,-0.00426034
2026-09-21,SOXL,SOXS,-17,-0.00543948,-0.00403289
2026-09-21,SOXL,SOXS,-16,0.0207696,0.0239121
2026-09-21,SOXL,SOXS,-15,0.0021178,0.00932832
2026-09-21,SOXL,SOXS,-14,0.00554588,0.00710864
2026-09-21,SOXL,SOXS,-13,-0.00204289,0.000790471
2026-09-21,SOXL,SOXS,-12,-0.00907359,-0.00725096
2026-09-21,SOXL,SOXS,-11,-0.0171673,-0.0128658
2026-09-21,SOXL,SOXS,-10,0.00538568,0.00886382
2026-09-21,SOXL,SOXS,-9,0.00171308,0.00631532
2026-09-21,SOXL,SOXS,-8,0.00125831,-0.00438896
2026-09-21,SOXL,SOXS,-7,0.0163316,0.0136984
2026-09-21,SOXL,SOXS,-6,-0.020237,-0.0222527
2026-09-21,SOXL,SOXS,-5,-0.00240301,-0.00756312
2026-09-21,SOXL,SOXS,-4,0.00215776,0.00420172
2026-09-21,SOXL,SOXS,-3,0.0167589,0.0171943
2026-09-21,SOXL,SOXS,-2,-0.0162177,0.00238431
2026-09-21,SOXL,SOXS,-1,-0.0986449,-0.0492599
2026-09-21,SOXL,SOXS,0,-0.674665,-0.639275
2026-09-21,SOXL,SOXS,1,-0.164832,-0.114365
2026-09-21,SOXL,SOXS,2,-0.0467976,-0.024835
2026-09-21,SOXL,SOXS,3,0.00400636,0.0160009
2026-09-21,SOXL,SOXS,4,-0.0156419,-0.0107101
2026-09-21,SOXL,SOXS,5,-0.00963937,-0.00735741
2026-09-21,SOXL,SOXS,6,-0.0285406,-0.0261897
2026-09-21,SOXL,SOXS,7,0.0119848,0.0140457
2026-09-21,SOXL,SOXS,8,-0.00917452,-0.00676827
2026-09-21,SOXL,SOXS,9,-0.00368037,-0.00273064
2026-09-21,SOXL,SOXS,10,-0.00134077,0.00190337
2026-09-21,SOXL,SOXS,11,0.00264118,0.00731435
2026-09-21,SOXL,SOXS,12,-0.0114622,-0.00962924
2026-09-21,SOXL,SOXS,13,-0.00609942,-0.000881766
2026-09-21,SOXL,SOXS,14,0.00316037,0.00328382
2026-09-21,SOXL,SOXS,15,0.00297373,0.0078761
2026-09-21,SOXL,SOXS,16,0.01287,0.018062
2026-09-21,SOXL,SOXS,17,0.0133976,0.0126863
2026-09-21,SOXL,SOXS,18,-0.0136698,-0.0121888
2026-09-21,SOXL,SOXS,19,-0.0101089,-0.00810468
2026-09-21,SOXL,SOXS,20,-0.0132949,-0.00781425
2026-09-21,SOXL,SOXS,21,0.0174209,0.0195145
2026-09-21,SOXL,SOXS,22,0.0137243,0.0133069
2026-09-21,SOXL,SOXS,23,-0.0150537,-0.0151948
2026-09-21,SOXL,SOXS,24,0.0100892,0.0109027
2026-09-21,SOXL,SOXS,25,-0.0048366,-0.00621348
2026-09-21,SOXL,SOXS,26,0.0077748,0.0119749
2026-09-21,SOXL,SOXS,27,0.0155348,0.0146335
2026-09-21,SOXL,SOXS,28,0.00783364,0.00673146
2026-09-21,SOXL,SOXS,29,-0.00290122,-0.00356448
2026-09-21,SOXL,SOXS,30,0.00228056,0.00327717
2026-09-21,NVDA,SOXX,-30,-0.00129731,-0.00110637
2026-09-21,NVDA,SOXX,-29,0.00231924,0.00157081
2026-09-21,NVDA,SOXX,-28,-0.00582516,-0.0056284
2026-09-21,NVDA,SOXX,-27,-0.00277677,-0.00437543
2026-09-21,NVDA,SOXX,-26,0.00778705,0.00735798
2026-09-21,NVDA,SOXX,-25,-0.00833216,-0.0107776
2026-09-21,NVDA,SOXX,-24,0.0171762,0.0176223
2026-09-21,NVDA,SOXX,-23,0.00386936,0.0042707
2026-09-21,NVDA,SOXX,-22,0.00579897,-0.00400775
2026-09-21,NVDA,SOXX,-21,0.0161564,0.0108862
2026-09-21,NVDA,SOXX,-20,0.00117172,-0.00564273
2026-09-21,NVDA,SOXX,-19,0.0135344,0.0114361
2026-09-21,NVDA,SOXX,-18,0.00986585,-0.00104364
2026-09-21,NVDA,SOXX,-17,0.016835,0.0101599
2026-09-21,NVDA,SOXX,-16,0.00922778,-0.00239637
2026-09-21,NVDA,SOXX,-15,0.00626461,0.00561611
2026-09-21,NVDA,SOXX,-14,-0.00428644,-0.00127375
2026-09-21,NVDA,SOXX,-13,0.00108451,0.000432799
2026-09-21,NVDA,SOXX,-12,0.0151903,0.0140826
2026-09-21,NVDA,SOXX,-11,0.00417042,-0.00239188
2026-09-21,NVDA,SOXX,-10,0.00851399,0.0100866
2026-09-21,NVDA,SOXX,-9,-0.0105916,-0.0130125
2026-09-21,NVDA,SOXX,-8,0.00570672,-0.0014533
2026-09-21,NVDA,SOXX,-7,0.00969038,0.00129197
2026-09-21,NVDA,SOXX,-6,-7.8444e-05,-0.00415867
2026-09-21,NVDA,SOXX,-5,0.0266365,0.020486
2026-09-21,NVDA,SOXX,-4,-0.00252677,-0.00370263
2026-09-21,NVDA,SOXX,-3,0.0150806,-0.0106161
2026-09-21,NVDA,SOXX,-2,0.0495108,0.00978592
2026-09-21,NVDA,SOXX,-1,0.0786892,0.00452152
2026-09-21,NVDA,SOXX,0,0.227264,0.176978
2026-09-21,NVDA,SOXX,1,0.0837521,0.0611687
2026-09-21,NVDA,SOXX,2,0.0225257,0.00979618
2026-09-21,NVDA,SOXX,3,0.0225908,0.0171482
2026-09-21,NVDA,SOXX,4,0.00189702,-0.00625217
2026-09-21,NVDA,SOXX,5,0.0256803,0.0186559
2026-09-21,NVDA,SOXX,6,-0.0220774,-0.0169807
2026-09-21,NVDA,SOXX,7,0.00250758,0.00375877
2026-09-21,NVDA,SOXX,8,-0.00800802,0.0029699
2026-09-21,NVDA,SOXX,9,-0.0176625,-0.0127743
2026-09-21,NVDA,SOXX,10,-0.00927741,-0.00824636
2026-09-21,NVDA,SOXX,11,-0.00652357,0.00332788
2026-09-21,NVDA,SOXX,12,-0.00470805,-0.00101197
2026-09-21,NVDA,SOXX,13,0.00462845,0.00857134
2026-09-21,NVDA,SOXX,14,-0.012156,-0.00877949
2026-09-21,NVDA,SOXX,15,-0.010889,-0.0150797
2026-09-21,NVDA,SOXX,16,0.00270458,0.00272641
2026-09-21,NVDA,SOXX,17,0.0100802,0.00669563
2026-09-21,NVDA,SOXX,18,-0.0159481,-0.0196618
2026-09-21,NVDA,SOXX,19,0.0113421,0.00291136
2026-09-21,NVDA,SOXX,20,0.0204715,0.00666919
2026-09-21,NVDA,SOXX,21,0.0253301,0.0121184
2026-09-21,NVDA,SOXX,22,0.00428632,-0.00433114
2026-09-21,NVDA,SOXX,23,0.0183936,0.0224738
2026-09-21,NVDA,SOXX,24,0.0120912,0.000991204
2026-09-21,NVDA,SOXX,25,0.00530833,-0.00490759
2026-09-21,NVDA,SOXX,26,0.0056567,0.00358416
2026-09-21,NVDA,SOXX,27,0.00312039,0.003937
2026-09-21,NVDA,SOXX,28,-0.000673783,0.00588253
2026-09-21,NVDA,SOXX,29,-0.0147474,-0.0136499
2026-09-21,NVDA,SOXX,30,0.00452505,0.00569939
2026-09-21,NVDA,SMH,-30,-0.00378439,-0.00198344
2026-09-21,NVDA,SMH,-29,-0.00505931,-0.00214184
2026-09-21,NVDA,SMH,-28,-0.00318337,0.00339629
2026-09-21,NVDA,SMH,-27,-0.00472638,-0.011654
2026-09-21,NVDA,SMH,-26,0.0129484,0.00651928
2026-09-21,NVDA,SMH,-25,8.8515e-05,-0.0102901
2026-09-21,NVDA,SMH,-24,0.0139208,0.00598572
2026-09-21,NVDA,SMH,-23,0.0219378,0.00801311
2026-09-21,NVDA,SMH,-22,0.00782615,-0.00315769
2026-09-21,NVDA,SMH,-21,0.0175542,0.00421444
2026-09-21,NVDA,SMH,-20,0.0105188,0.00429737
2026-09-21,NVDA,SMH,-19,0.0120741,0.00754943
2026-09-21,NVDA,SMH,-18,0.0195193,0.010488
2026-09-21,NVDA,SMH,-17,0.0034444,-0.00148707
2026-09-21,NVDA,SMH,-16,0.000472002,0.00452195
2026-09-21,NVDA,SMH,-15,-0.00322417,-0.00749063
2026-09-21,NVDA,SMH,-14,0.0132553,-0.00261116
2026-09-21,NVDA,SMH,-13,0.00841294,0.000398836
2026-09-21,NVDA,SMH,-12,0.0207114,0.0188321
2026-09-21,NVDA,SMH,-11,0.00333802,0.00386743
2026-09-21,NVDA,SMH,-10,0.00673315,0.00111903
2026-09-21,NVDA,SMH,-9,-2.32446e-05,-0.000881961
2026-09-21,NVDA,SMH,-8,0.0010278,-0.00568411
2026-09-21,NVDA,SMH,-7,0.00214022,0.0096899
2026-09-21,NVDA,SMH,-6,-0.000643417,0.000548053
2026-09-21,NVDA,SMH,-5,0.025832,0.0169436
2026-09-21,NVDA,SMH,-4,0.00311111,-0.00838013
2026-09-21,NVDA,SMH,-3,0.0173017,-0.0132655
2026-09-21,NVDA,SMH,-2,0.0778293,0.0217628
2026-09-21,NVDA,SMH,-1,0.115484,0.00553514
2026-09-21,NVDA,SMH,0,0.341262,0.272573
2026-09-21,NVDA,SMH,1,0.129387,0.0865701
2026-09-21,NVDA,SMH,2,0.0240366,0.00740032
2026-09-21,NVDA,SMH,3,0.0345011,0.0198392
2026-09-21,NVDA,SMH,4,0.00972584,-0.00123983
2026-09-21,NVDA,SMH,5,0.0361977,0.0303011
2026-09-21,NVDA,SMH,6,-0.0161825,-0.00773323
2026-09-21,NVDA,SMH,7,-0.003679,0.000913357
2026-09-21,NVDA,SMH,8,-0.00305434,-0.000845445
2026-09-21,NVDA,SMH,9,-0.0165132,-0.0144266
2026-09-21,NVDA,SMH,10,0.00848259,0.00320878
2026-09-21,NVDA,SMH,11,-0.000227824,-0.00381752
2026-09-21,NVDA,SMH,12,0.0139073,0.0107661
2026-09-21,NVDA,SMH,13,0.000106766,0.00428581
2026-09-21,NVDA,SMH,14,-0.00815945,-0.00391295
2026-09-21,NVDA,SMH,15,-0.0204134,-0.0248821
2026-09-21,NVDA,SMH,16,0.00770464,0.00572274
2026-09-21,NVDA,SMH,17,-0.000421983,0.00333751
2026-09-21,NVDA,SMH,18,-0.00550748,-0.00962714
2026-09-21,NVDA,SMH,19,-0.000433156,0.000158576
2026-09-21,NVDA,SMH,20,-0.000762454,0.000270772
2026-09-21,NVDA,SMH,21,0.0209637,0.0208216
2026-09-21,NVDA,SMH,22,-0.0078407,-0.00569022
2026-09-21,NVDA,SMH,23,0.00394295,0.00395069
2026-09-21,NVDA,SMH,24,-0.00261441,-0.00671281
2026-09-21,NVDA,SMH,25,0.0138348,0.00836736
2026-09-21,NVDA,SMH,26,0.00367869,-0.00626577
2026-09-21,NVDA,SMH,27,0.00959419,0.0089928
2026-09-21,NVDA,SMH,28,-0.00442138,-0.0018936
2026-09-21,NVDA,SMH,29,-0.00644749,-0.00341982
2026-09-21,NVDA,SMH,30,0.0130066,0.00588737
2026-09-21,SMH,SOXX,-30,0.00588658,0.000583602
2026-09-21,SMH,SOXX,-29,0.0157431,0.00850487
2026-09-21,SMH,SOXX,-28,0.00317575,-0.0070174
2026-09-21,SMH,SOXX,-27,0.00350347,-0.00197727
2026-09-21,SMH,SOXX,-26,-0.0139915,-0.0123771
2026-09-21,SMH,SOXX,-25,0.00567249,-0.000892943
2026-09-21,SMH,SOXX,-24,-0.0158587,-0.00717758
2026-09-21,SMH,SOXX,-23,0.0114978,0.00261814
2026-09-21,SMH,SOXX,-22,-0.00645343,-0.00852176
2026-09-21,SMH,SOXX,-21,-0.00494759,-0.0160653
2026-09-21,SMH,SOXX,-20,0.0140444,0.010191
2026-09-21,SMH,SOXX,-19,0.00256164,-0.00677619
2026-09-21,SMH,SOXX,-18,0.0118652,0.00312015
2026-09-21,SMH,SOXX,-17,-0.00010493,-0.00160917
2026-09-21,SMH,SOXX,-16,0.0115797,-0.000114245
2026-09-21,SMH,SOXX,-15,-0.0084464,-0.0184057
2026-09-21,SMH,SOXX,-14,0.0139098,0.00309074
2026-09-21,SMH,SOXX,-13,-0.00983849,0.000405241
2026-09-21,SMH,SOXX,-12,0.00721809,-0.000371846
2026-09-21,SMH,SOXX,-11,0.00302345,-0.00520359
2026-09-21,SMH,SOXX,-10,0.000421786,0.0117784
2026-09-21,SMH,SOXX,-9,-0.00606622,-0.00666425
2026-09-21,SMH,SOXX,-8,-0.00374284,-0.00896654
2026-09-21,SMH,SOXX,-7,0.0110695,-0.00278469
2026-09-21,SMH,SOXX,-6,0.0243618,0.0185244
2026-09-21,SMH,SOXX,-5,0.0228992,0.011117
2026-09-21,SMH,SOXX,-4,0.0278826,-0.00234374
2026-09-21,SMH,SOXX,-3,0.0402738,-0.0142157
2026-09-21,SMH,SOXX,-2,0.145988,0.0333701
2026-09-21,SMH,SOXX,-1,0.288953,0.0855134
2026-09-21,SMH,SOXX,0,0.620087,0.478331
2026-09-21,SMH,SOXX,1,0.307844,0.102538
2026-09-21,SMH,SOXX,2,0.152674,0.0348366
2026-09-21,SMH,SOXX,3,0.0686713,0.00664681
2026-09-21,SMH,SOXX,4,0.0192013,-0.01373
2026-09-21,SMH,SOXX,5,0.0375877,0.0236628
2026-09-21,SMH,SOXX,6,-0.00654173,-0.00208787
2026-09-21,SMH,SOXX,7,0.00597084,-0.00078206
2026-09-21,SMH,SOXX,8,-0.0017444,0.00384211
2026-09-21,SMH,SOXX,9,-0.00737801,-0.00142649
2026-09-21,SMH,SOXX,10,-0.00829775,-0.000208301
2026-09-21,SMH,SOXX,11,-0.0162847,-0.00568427
2026-09-21,SMH,SOXX,12,-0.00518322,-0.00804489
2026-09-21,SMH,SOXX,13,0.0155057,0.014753
2026-09-21,SMH,SOXX,14,-0.0197397,-0.0131578
2026-09-21,SMH,SOXX,15,-0.0199936,-0.00503945
2026-09-21,SMH,SOXX,16,-0.0100559,-0.016346
2026-09-21,SMH,SOXX,17,0.0194042,0.00311498
2026-09-21,SMH,SOXX,18,0.0180414,0.0120098
2026-09-21,SMH,SOXX,19,0.0173261,0.00220687
2026-09-21,SMH,SOXX,20,0.0169142,0.00226302
2026-09-21,SMH,SOXX,21,-0.0178494,-0.0176189
2026-09-21,SMH,SOXX,22,0.00261485,-0.00817763
2026-09-21,SMH,SOXX,23,0.0238346,0.0184617
2026-09-21,SMH,SOXX,24,-0.00504724,-0.00550066
2026-09-21,SMH,SOXX,25,-0.00904865,-0.0203833
2026-09-21,SMH,SOXX,26,0.000692338,0.00526099
2026-09-21,SMH,SOXX,27,-0.00760482,-0.0134866
2026-09-21,SMH,SOXX,28,0.0139102,-0.00155226
2026-09-21,SMH,SOXX,29,-0.00848498,-0.00470221
2026-09-21,SMH,SOXX,30,0.00206503,0.00238495
2026-09-22,NVDA,SOXL,-30,0.0104748,0.0129854
2026-09-22,NVDA,SOXL,-29,-0.0110606,-0.0135562
2026-09-22,NVDA,SOXL,-28,-0.00331087,-0.00896724
2026-09-22,NVDA,SOXL,-27,0.00527293,0.00530388
2026-09-22,NVDA,SOXL,-26,0.000706277,0.00263955
2026-09-22,NVDA,SOXL,-25,0.00878215,0.0138852
2026-09-22,NVDA,SOXL,-24,0.000770422,-0.00135527
2026-09-22,NVDA,SOXL,-23,-0.00401657,-0.00762997
2026-09-22,NVDA,SOXL,-22,0.00515294,0.00506305
2026-09-22,NVDA,SOXL,-21,-0.0147684,-0.0121354
2026-09-22,NVDA,SOXL,-20,0.00137,0.00119409
2026-09-22,NVDA,SOXL,-19,0.00195559,0.00507206
2026-09-22,NVDA,SOXL,-18,0.00530794,0.00355155
2026-09-22,NVDA,SOXL,-17,-0.0073511,-0.00418745
2026-09-22,NVDA,SOXL,-16,0.00344337,0.00539224
2026-09-22,NVDA,SOXL,-15,-0.00457567,-0.000552207
2026-09-22,NVDA,SOXL,-14,-0.00524146,-0.00520743
2026-09-22,NVDA,SOXL,-13,0.0136104,0.0117119
2026-09-22,NVDA,SOXL,-12,0.00367387,0.0015611
2026-09-22,NVDA,SOXL,-11,0.00378979,0.00482633
2026-09-22,NVDA,SOXL,-10,-0.00222981,-0.00124843
2026-09-22,NVDA,SOXL,-9,0.00606939,0.00622395
2026-09-22,NVDA,SOXL,-8,0.0120795,0.00843593
2026-09-22,NVDA,SOXL,-7,1.67672e-05,-0.00227777
2026-09-22,NVDA,SOXL,-6,0.00655446,0.00572524
2026-09-22,NVDA,SOXL,-5,0.00337794,0.00802007
2026-09-22,NVDA,SOXL,-4,-0.00298554,-0.0047094
2026-09-22,NVDA,SOXL,-3,0.0127736,0.0136309
2026-09-22,NVDA,SOXL,-2,0.0192009,0.0104568
2026-09-22,NVDA,SOXL,-1,0.0410161,0.0216388
2026-09-22,NVDA,SOXL,0,0.310933,0.300455
2026-09-22,NVDA,SOXL,1,0.0340826,0.0243295
2026-09-22,NVDA,SOXL,2,0.00320871,0.00158561
2026-09-22,NVDA,SOXL,3,-0.00140716,-0.00102218
2026-09-22,NVDA,SOXL,4,0.0122827,0.0146812
2026-09-22,NVDA,SOXL,5,0.00712208,0.00824432
2026-09-22,NVDA,SOXL,6,-0.000108221,0.00168482
2026-09-22,NVDA,SOXL,7,-0.00861722,-0.00659443
2026-09-22,NVDA,SOXL,8,0.000520913,0.00118684
2026-09-22,NVDA,SOXL,9,0.00831988,0.0041219
2026-09-22,NVDA,SOXL,10,0.0024247,0.00163458
2026-09-22,NVDA,SOXL,11,-0.00678515,-0.0062745
2026-09-22,NVDA,SOXL,12,-0.000958088,-0.001049
2026-09-22,NVDA,SOXL,13,-0.00547331,-0.00583643
2026-09-22,NVDA,SOXL,14,0.0091703,0.00477939
2026-09-22,NVDA,SOXL,15,0.00572689,0.0063178
2026-09-22,NVDA,SOXL,16,-0.0125354,-0.0102681
2026-09-22,NVDA,SOXL,17,-0.0220184,-0.0226645
2026-09-22,NVDA,SOXL,18,-0.00381868,-0.00118985
2026-09-22,NVDA,SOXL,19,0.000396518,0.00414002
2026-09-22,NVDA,SOXL,20,0.0132975,0.0127618
2026-09-22,NVDA,SOXL,21,-0.00805839,-0.00869212
2026-09-22,NVDA,SOXL,22,-0.00375577,-0.000910867
2026-09-22,NVDA,SOXL,23,-0.01041,-0.0113116
2026-09-22,NVDA,SOXL,24,0.00752429,0.00991155
2026-09-22,NVDA,SOXL,25,0.00219183,0.00161344
2026-09-22,NVDA,SOXL,26,0.00252593,0.00013308
2026-09-22,NVDA,SOXL,27,-0.000931101,0.00158966
2026-09-22,NVDA,SOXL,28,-0.00733354,-0.00240145
2026-09-22,NVDA,SOXL,29,-0.0226429,-0.0195266
2026-09-22,NVDA,SOXL,30,0.002308,8.35572e-06
2026-09-22,SOXX,SOXL,-30,0.0101335,0.0160857
2026-09-22,SOXX,SOXL,-29,0.0164812,0.00765728
2026-09-22,SOXX,SOXL,-28,-0.0175789,-0.0141466
2026-09-22,SOXX,SOXL,-27,-0.00982223,-0.00248486
2026-09-22,SOXX,SOXL,-26,-0.000695736,0.00554878
2026-09-22,SOXX,SOXL,-25,0.0032535,-0.00188643
2026-09-22,SOXX,SOXL,-24,-0.0092124,0.000320653
2026-09-22,SOXX,SOXL,-23,-0.0126599,-0.00619901
2026-09-22,SOXX,SOXL,-22,0.000235552,-0.00587461
2026-09-22,SOXX,SOXL,-21,-0.00476368,-0.00888786
2026-09-22,SOXX,SOXL,-20,0.0152028,-8.9623e-05
2026-09-22,SOXX,SOXL,-19,0.0145579,-0.00797989
2026-09-22,SOXX,SOXL,-18,0.0124646,0.00263306
2026-09-22,SOXX,SOXL,-17,0.00169163,-0.0110662
2026-09-22,SOXX,SOXL,-16,0.000830104,-0.00391448
2026-09-22,SOXX,SOXL,-15,0.000319964,-0.000806338
2026-09-22,SOXX,SOXL,-14,0.00423271,-0.00177891
2026-09-22,SOXX,SOXL,-13,0.0120754,0.00571866
2026-09-22,SOXX,SOXL,-12,0.00432289,0.000345556
2026-09-22,SOXX,SOXL,-11,0.0116466,0.00492952
2026-09-22,SOXX,SOXL,-10,0.0367155,0.0207932
2026-09-22,SOXX,SOXL,-9,0.0230686,0.000335815
2026-09-22,SOXX,SOXL,-8,0.00736054,0.000707325
2026-09-22,SOXX,SOXL,-7,-0.0166852,-0.0223709
2026-09-22,SOXX,SOXL,-6,0.00126136,0.0134074
2026-09-22,SOXX,SOXL,-5,0.010336,0.00617368
2026-09-22,SOXX,SOXL,-4,0.0108939,0.00498036
2026-09-22,SOXX,SOXL,-3,0.0557602,0.0234552
2026-09-22,SOXX,SOXL,-2,0.113058,0.0534488
2026-09-22,SOXX,SOXL,-1,0.291206,0.16551
2026-09-22,SOXX,SOXL,0,0.739926,0.572181
2026-09-22,SOXX,SOXL,1,0.306757,0.0075539
2026-09-22,SOXX,SOXL,2,0.159579,0.000799608
2026-09-22,SOXX,SOXL,3,0.103856,0.0106078
2026-09-22,SOXX,SOXL,4,0.050716,0.00360538
2026-09-22,SOXX,SOXL,5,0.0223756,0.00550533
2026-09-22,SOXX,SOXL,6,0.00301921,-0.0137802
2026-09-22,SOXX,SOXL,7,0.0156324,0.00475509
2026-09-22,SOXX,SOXL,8,-0.00154013,-0.00684567
2026-09-22,SOXX,SOXL,9,0.00327935,0.00535636
2026-09-22,SOXX,SOXL,10,0.0137442,0.0172635
2026-09-22,SOXX,SOXL,11,0.00271825,-0.00884482
2026-09-22,SOXX,SOXL,12,0.0110065,0.00829441
2026-09-22,SOXX,SOXL,13,0.025154,0.0207232
2026-09-22,SOXX,SOXL,14,0.00236849,-0.00902395
2026-09-22,SOXX,SOXL,15,0.0223896,0.00846485
2026-09-22,SOXX,SOXL,16,-0.00702709,-0.0160545
2026-09-22,SOXX,SOXL,17,-0.0235393,-0.0196583
2026-09-22,SOXX,SOXL,18,-0.0165581,-0.0029152
2026-09-22,SOXX,SOXL,19,-0.0159587,-0.00480826
2026-09-22,SOXX,SOXL,20,-0.00409727,0.00832149
2026-09-22,SOXX,SOXL,21,-0.00854541,-0.00982372
2026-09-22,SOXX,SOXL,22,0.0083481,0.00223749
2026-09-22,SOXX,SOXL,23,0.00777012,-0.00439571
2026-09-22,SOXX,SOXL,24,-0.00422655,-0.00154202
2026-09-22,SOXX,SOXL,25,0.0146299,0.0030579
2026-09-22,SOXX,SOXL,26,0.00949581,0.0022902
2026-09-22,SOXX,SOXL,27,0.00427808,-0.00107431
2026-09-22,SOXX,SOXL,28,-0.0286739,-0.0193751
2026-09-22,SOXX,SOXL,29,-0.00730029,0.00804089
2026-09-22,SOXX,SOXL,30,0.0225815,0.00939014
2026-09-22,SMH,SOXL,-30,0.0187339,0.0127183
2026-09-22,SMH,SOXL,-29,-0.00666234,-0.00982155
2026-09-22,SMH,SOXL,-28,0.0056815,0.00167561
2026-09-22,SMH,SOXL,-27,0.0132093,-0.000540929
2026-09-22,SMH,SOXL,-26,-0.0145535,-0.0119548
2026-09-22,SMH,SOXL,-25,-0.00280309,-0.00336465
2026-09-22,SMH,SOXL,-24,-0.0103709,-0.00434125
2026-09-22,SMH,SOXL,-23,-0.0136785,-0.00469379
2026-09-22,SMH,SOXL,-22,-0.00917497,-0.000395782
2026-09-22,SMH,SOXL,-21,-0.0235424,-0.0119524
2026-09-22,SMH,SOXL,-20,-0.0132229,0.000136928
2026-09-22,SMH,SOXL,-19,-4.78415e-05,0.0061128
2026-09-22,SMH,SOXL,-18,-0.00886611,-0.0122857
2026-09-22,SMH,SOXL,-17,-0.00100079,0.000921777
2026-09-22,SMH,SOXL,-16,-0.000441903,-0.00457953
2026-09-22,SMH,SOXL,-15,-0.0130332,-0.00879706
2026-09-22,SMH,SOXL,-14,-0.0239969,-0.00963769
2026-09-22,SMH,SOXL,-13,0.0150078,0.0271479
2026-09-22,SMH,SOXL,-12,-0.00469825,-0.00523133
2026-09-22,SMH,SOXL,-11,0.00272643,-0.00245322
2026-09-22,SMH,SOXL,-10,0.00806595,0.0107536
2026-09-22,SMH,SOXL,-9,0.0186604,0.00776441
2026-09-22,SMH,SOXL,-8,-0.00105776,-0.00910889
2026-09-22,SMH,SOXL,-7,0.00382903,-0.00208176
2026-09-22,SMH,SOXL,-6,0.0161902,0.0112851
2026-09-22,SMH,SOXL,-5,0.0127675,0.0029151
2026-09-22,SMH,SOXL,-4,0.0454306,0.0115137
2026-09-22,SMH,SOXL,-3,0.0909127,0.0517598
2026-09-22,SMH,SOXL,-2,0.173685,0.0703581
2026-09-22,SMH,SOXL,-1,0.354335,0.171947
2026-09-22,SMH,SOXL,0,0.702369,0.496677
2026-09-22,SMH,SOXL,1,0.34085,0.0287235
2026-09-22,SMH,SOXL,2,0.19336,-0.00103702
2026-09-22,SMH,SOXL,3,0.108903,0.000362515
2026-09-22,SMH,SOXL,4,0.0804311,0.00145854
2026-09-22,SMH,SOXL,5,0.0540833,0.00874211
2026-09-22,SMH,SOXL,6,0.0266023,0.00234214
2026-09-22,SMH,SOXL,7,0.0130715,-0.011028
2026-09-22,SMH,SOXL,8,0.0065549,-0.00503872
2026-09-22,SMH,SOXL,9,0.00863232,0.00291904
2026-09-22,SMH,SOXL,10,0.0156753,0.00870549
2026-09-22,SMH,SOXL,11,0.00256575,0.0018977
2026-09-22,SMH,SOXL,12,0.0140758,0.00470384
2026-09-22,SMH,SOXL,13,0.00532218,0.000164974
2026-09-22,SMH,SOXL,14,0.00945398,0.00652892
2026-09-22,SMH,SOXL,15,0.00921037,0.00580532
2026-09-22,SMH,SOXL,16,-0.0169751,-0.016824
2026-09-22,SMH,SOXL,17,-0.0236913,-0.0170342
2026-09-22,SMH,SOXL,18,-0.0109828,0.00278187
2026-09-22,SMH,SOXL,19,-0.014606,-0.00260679
2026-09-22,SMH,SOXL,20,-0.0131783,-0.00654031
2026-09-22,SMH,SOXL,21,-0.0125018,-0.00526608
2026-09-22,SMH,SOXL,22,-0.0129351,0.00127242
2026-09-22,SMH,SOXL,23,-0.00219345,0.00604432
2026-09-22,SMH,SOXL,24,0.00634735,0.00699079
2026-09-22,SMH,SOXL,25,-0.0112519,-0.00333769
2026-09-22,SMH,SOXL,26,-0.00113636,-0.00412658
2026-09-22,SMH,SOXL,27,-7.65175e-05,0.00809271
2026-09-22,SMH,SOXL,28,-0.00301436,-0.000907631
2026-09-22,SMH,SOXL,29,-0.000207166,-0.00881859
2026-09-22,SMH,SOXL,30,0.0178658,0.018125
2026-09-22,QQQ,SOXL,-30,0.00746071,0.0112388
2026-09-22,QQQ,SOXL,-29,-0.00394642,-0.00447715
2026-09-22,QQQ,SOXL,-28,-0.022182,-0.0210735
2026-09-22,QQQ,SOXL,-27,0.00548774,0.00676234
2026-09-22,QQQ,SOXL,-26,-0.00620642,-0.00450578
2026-09-22,QQQ,SOXL,-25,-0.00356531,0.000511231
2026-09-22,QQQ,SOXL,-24,0.00306995,0.00182851
2026-09-22,QQQ,SOXL,-23,0.0167185,0.0117854
2026-09-22,QQQ,SOXL,-22,-0.00384506,-0.0087009
2026-09-22,QQQ,SOXL,-21,-0.00354577,-0.0042601
2026-09-22,QQQ,SOXL,-20,0.00375136,0.0019452
2026-09-22,QQQ,SOXL,-19,-0.00433186,-0.00508449
2026-09-22,QQQ,SOXL,-18,-0.00247552,-0.000543726
2026-09-22,QQQ,SOXL,-17,-0.0189752,-0.0143753
2026-09-22,QQQ,SOXL,-16,-0.0168227,-0.0169253
2026-09-22,QQQ,SOXL,-15,-0.000490491,0.00549727
2026-09-22,QQQ,SOXL,-14,-0.00909935,-0.00615421
2026-09-22,QQQ,SOXL,-13,0.0153464,0.0153101
2026-09-22,QQQ,SOXL,-12,0.00119142,0.00196135
2026-09-22,QQQ,SOXL,-11,0.00240201,0.00363192
2026-09-22,QQQ,SOXL,-10,0.00745611,0.00730756
2026-09-22,QQQ,SOXL,-9,-0.00144324,-0.00115385
2026-09-22,QQQ,SOXL,-8,0.00890976,0.0028418
2026-09-22,QQQ,SOXL,-7,-0.00661902,-0.00524576
2026-09-22,QQQ,SOXL,-6,0.00284352,0.00504514
2026-09-22,QQQ,SOXL,-5,-0.00767927,-0.000639665
2026-09-22,QQQ,SOXL,-4,-0.0110539,-0.0112599
2026-09-22,QQQ,SOXL,-3,0.0070399,0.00594648
2026-09-22,QQQ,SOXL,-2,0.0122069,0.000541232
2026-09-22,QQQ,SOXL,-1,0.129863,0.0846046
2026-09-22,QQQ,SOXL,0,0.550938,0.511993
2026-09-22,QQQ,SOXL,1,0.0836465,0.0365584
2026-09-22,QQQ,SOXL,2,0.0157139,0.00650804
2026-09-22,QQQ,SOXL,3,0.000917894,0.00071908
2026-09-22,QQQ,SOXL,4,-0.0104459,-0.00801055
2026-09-22,QQQ,SOXL,5,0.00376777,0.00539488
2026-09-22,QQQ,SOXL,6,-0.00497014,-0.00199354
2026-09-22,QQQ,SOXL,7,-0.00583417,-0.00702329
2026-09-22,QQQ,SOXL,8,0.00692546,-0.000226634
2026-09-22,QQQ,SOXL,9,0.0023862,-0.0011832
2026-09-22,QQQ,SOXL,10,-0.00309517,-0.00262166
2026-09-22,QQQ,SOXL,11,0.00496282,0.00248933
2026-09-22,QQQ,SOXL,12,0.00832806,0.00679696
2026-09-22,QQQ,SOXL,13,0.0195188,0.0173359
2026-09-22,QQQ,SOXL,14,0.00422373,-0.00316921
2026-09-22,QQQ,SOXL,15,0.0103318,0.0118499
2026-09-22,QQQ,SOXL,16,-0.0213324,-0.0199382
2026-09-22,QQQ,SOXL,17,-0.0161088,-0.018399
2026-09-22,QQQ,SOXL,18,0.00805153,0.0056128
2026-09-22,QQQ,SOXL,19,0.00732672,0.00292897
2026-09-22,QQQ,SOXL,20,-0.00289865,-0.00342821
2026-09-22,QQQ,SOXL,21,-0.0131869,-0.00955289
2026-09-22,QQQ,SOXL,22,-0.00186913,0.000938331
2026-09-22,QQQ,SOXL,23,0.0149607,0.014304
2026-09-22,QQQ,SOXL,24,0.00350519,0.00259344
2026-09-22,QQQ,SOXL,25,-0.000468025,-0.00072841
2026-09-22,QQQ,SOXL,26,0.013173,0.0110495
2026-09-22,QQQ,SOXL,27,0.00238449,0.00074327
2026-09-22,QQQ,SOXL,28,-0.00481919,-0.00220263
2026-09-22,QQQ,SOXL,29,0.00305297,0.0063966
2026-09-22,QQQ,SOXL,30,0.00244437,0.00479061
2026-09-22,NVDA,SOXS,-30,-0.0167014,-0.0189384
2026-09-22,NVDA,SOXS,-29,0.00349087,0.00473866
2026-09-22,NVDA,SOXS,-28,0.0190771,0.0220534
2026-09-22,NVDA,SOXS,-27,-0.00673025,-0.00949404
2026-09-22,NVDA,SOXS,-26,-0.000123042,0.00144974
2026-09-22,NVDA,SOXS,-25,-0.0222144,-0.0204394
2026-09-22,NVDA,SOXS,-24,0.00362098,0.00628962
2026-09-22,NVDA,SOXS,-23,-0.00339208,-0.00297752
2026-09-22,NVDA,SOXS,-22,0.00904691,0.00846569
2026-09-22,NVDA,SOXS,-21,0.00471748,0.00507681
2026-09-22,NVDA,SOXS,-20,-0.0105256,-0.00914652
2026-09-22,NVDA,SOXS,-19,0.00482862,0.00287493
2026-09-22,NVDA,SOXS,-18,-0.0028479,-0.00103434
2026-09-22,NVDA,SOXS,-17,-0.000447435,-0.00086655
2026-09-22,NVDA,SOXS,-16,0.00209495,0.000827445
2026-09-22,NVDA,SOXS,-15,0.00627015,0.00576206
2026-09-22,NVDA,SOXS,-14,0.00178759,-0.00293198
2026-09-22,NVDA,SOXS,-13,-0.00279422,-0.00685925
2026-09-22,NVDA,SOXS,-12,-0.0020448,-0.00234167
2026-09-22,NVDA,SOXS,-11,0.00676065,0.00576082
2026-09-22,NVDA,SOXS,-10,-0.00530337,-0.00455418
2026-09-22,NVDA,SOXS,-9,-0.013526,-0.0123118
2026-09-22,NVDA,SOXS,-8,-0.000181511,8.34476e-05
2026-09-22,NVDA,SOXS,-7,-0.0105569,-0.00822202
2026-09-22,NVDA,SOXS,-6,-8.88222e-05,0.00274366
2026-09-22,NVDA,SOXS,-5,-0.0156621,-0.0143107
2026-09-22,NVDA,SOXS,-4,0.000881247,0.00760235
2026-09-22,NVDA,SOXS,-3,-0.0208267,-0.0165521
2026-09-22,NVDA,SOXS,-2,-0.0227695,-0.0103372
2026-09-22,NVDA,SOXS,-1,-0.0358398,-0.00887427
2026-09-22,NVDA,SOXS,0,-0.286632,-0.274373
2026-09-22,NVDA,SOXS,1,-0.064522,-0.0474828
2026-09-22,NVDA,SOXS,2,-0.0166724,-0.0120324
2026-09-22,NVDA,SOXS,3,0.00543334,0.00565887
2026-09-22,NVDA,SOXS,4,-0.0157457,-0.0174687
2026-09-22,NVDA,SOXS,5,-0.0188781,-0.0155205
2026-09-22,NVDA,SOXS,6,-0.00314387,-0.00106811
2026-09-22,NVDA,SOXS,7,0.012639,0.0111058
2026-09-22,NVDA,SOXS,8,-0.000829369,-0.00193917
2026-09-22,NVDA,SOXS,9,-0.012584,-0.0100601
2026-09-22,NVDA,SOXS,10,0.00386688,0.00600613
2026-09-22,NVDA,SOXS,11,0.00220619,0.00321511
2026-09-22,NVDA,SOXS,12,-0.00794972,-0.000924854
2026-09-22,NVDA,SOXS,13,0.00533319,0.00183337
2026-09-22,NVDA,SOXS,14,-0.00521447,0.00103536
2026-09-22,NVDA,SOXS,15,0.00777251,0.00648832
2026-09-22,NVDA,SOXS,16,0.00298222,0.00390059
2026-09-22,NVDA,SOXS,17,0.00705176,0.00749534
2026-09-22,NVDA,SOXS,18,0.00264975,0.000932213
2026-09-22,NVDA,SOXS,19,0.00418402,0.00254217
2026-09-22,NVDA,SOXS,20,-0.00725765,-0.00818902
2026-09-22,NVDA,SOXS,21,0.000206182,0.000657013
2026-09-22,NVDA,SOXS,22,0.00343712,0.00133298
2026-09-22,NVDA,SOXS,23,0.00984475,0.0120787
2026-09-22,NVDA,SOXS,24,0.001833,0.00526327
2026-09-22,NVDA,SOXS,25,-0.0133495,-0.0145683
2026-09-22,NVDA,SOXS,26,0.00167484,-0.00371117
2026-09-22,NVDA,SOXS,27,0.000745553,0.00340762
2026-09-22,NVDA,SOXS,28,-0.00271826,-0.00309856
2026-09-22,NVDA,SOXS,29,0.020623,0.0219958
2026-09-22,NVDA,SOXS,30,-0.00378013,-0.000285377
2026-09-22,SOXX,SOXS,-30,-0.0167386,-0.0183792
2026-09-22,SOXX,SOXS,-29,-0.0142996,-0.00331602
2026-09-22,SOXX,SOXS,-28,0.0115579,0.00930611
2026-09-22,SOXX,SOXS,-27,0.000445428,-0.00110472
2026-09-22,SOXX,SOXS,-26,0.00362667,-0.00407081
2026-09-22,SOXX,SOXS,-25,-0.00338522,0.00310717
2026-09-22,SOXX,SOXS,-24,0.0109486,0.00376431
2026-09-22,SOXX,SOXS,-23,0.00335674,-0.00118737
2026-09-22,SOXX,SOXS,-22,0.0137614,0.0140511
2026-09-22,SOXX,SOXS,-21,0.0027241,0.00139653
2026-09-22,SOXX,SOXS,-20,-0.0215181,-0.00633662
2026-09-22,SOXX,SOXS,-19,-0.00715736,0.0130865
2026-09-22,SOXX,SOXS,-18,0.00452036,0.00807797
2026-09-22,SOXX,SOXS,-17,0.000321342,0.0133293
2026-09-22,SOXX,SOXS,-16,-0.0024297,0.00134218
2026-09-22,SOXX,SOXS,-15,0.00897542,0.0068093
2026-09-22,SOXX,SOXS,-14,-0.00399543,-0.00375454
2026-09-22,SOXX,SOXS,-13,-0.00539493,-0.00378477
2026-09-22,SOXX,SOXS,-12,-0.00441721,-0.0050516
2026-09-22,SOXX,SOXS,-11,-0.00776524,-0.000217563
2026-09-22,SOXX,SOXS,-10,-0.0354246,-0.0248732
2026-09-22,SOXX,SOXS,-9,-0.0251375,0.00207875
2026-09-22,SOXX,SOXS,-8,-0.00125335,0.0035327
2026-09-22,SOXX,SOXS,-7,-0.00510299,0.00440942
2026-09-22,SOXX,SOXS,-6,-0.00394288,-0.00275092
2026-09-22,SOXX,SOXS,-5,-0.00962573,-0.00870809
2026-09-22,SOXX,SOXS,-4,-0.0166668,-0.00525227
2026-09-22,SOXX,SOXS,-3,-0.0559706,-0.0176562
2026-09-22,SOXX,SOXS,-2,-0.118587,-0.0499443
2026-09-22,SOXX,SOXS,-1,-0.265469,-0.13004
2026-09-22,SOXX,SOXS,0,-0.687162,-0.53518
2026-09-22,SOXX,SOXS,1,-0.344196,-0.0542147
2026-09-22,SOXX,SOXS,2,-0.196394,-0.0261135
2026-09-22,SOXX,SOXS,3,-0.129119,-0.0146077
2026-09-22,SOXX,SOXS,4,-0.0674288,-0.00759895
2026-09-22,SOXX,SOXS,5,-0.0372101,-0.00351076
2026-09-22,SOXX,SOXS,6,-0.00938411,0.0110277
2026-09-22,SOXX,SOXS,7,-0.00507389,-0.000431733
2026-09-22,SOXX,SOXS,8,0.000545295,0.00662641
2026-09-22,SOXX,SOXS,9,-0.00467541,-0.00456611
2026-09-22,SOXX,SOXS,10,-0.0121338,-0.0116797
2026-09-22,SOXX,SOXS,11,-0.00611649,0.000600365
2026-09-22,SOXX,SOXS,12,-0.00881535,-0.00531003
2026-09-22,SOXX,SOXS,13,-0.022301,-0.0154135
2026-09-22,SOXX,SOXS,14,-0.0191331,-0.00166767
2026-09-22,SOXX,SOXS,15,-0.0110345,0.00668031
2026-09-22,SOXX,SOXS,16,0.000100837,0.0125134
2026-09-22,SOXX,SOXS,17,0.00291894,0.00273857
2026-09-22,SOXX,SOXS,18,0.0162832,0.00753091
2026-09-22,SOXX,SOXS,19,0.0295847,0.012232
2026-09-22,SOXX,SOXS,20,0.00213009,-0.00721545
2026-09-22,SOXX,SOXS,21,0.00485386,0.0042895
2026-09-22,SOXX,SOXS,22,-0.00547857,-0.00222076
2026-09-22,SOXX,SOXS,23,-0.00720214,0.00329395
2026-09-22,SOXX,SOXS,24,0.00382119,0.00489633
2026-09-22,SOXX,SOXS,25,-0.0172248,-0.00278243
2026-09-22,SOXX,SOXS,26,-0.00989722,-0.00508334
2026-09-22,SOXX,SOXS,27,0.000638387,0.00795078
2026-09-22,SOXX,SOXS,28,0.0195033,0.0088425
2026-09-22,SOXX,SOXS,29,0.0129886,0.0032444
2026-09-22,SOXX,SOXS,30,-0.0166038,-0.00879558
2026-09-22,SOXL,SOXS,-30,-0.0115188,-0.0134848
2026-09-22,SOXL,SOXS,-29,-0.0121021,-0.0129693
2026-09-22,SOXL,SOXS,-28,0.0169228,0.0162968
2026-09-22,SOXL,SOXS,-27,-0.0027924,-0.00501482
2026-09-22,SOXL,SOXS,-26,-0.00137307,-0.000856282
2026-09-22,SOXL,SOXS,-25,0.00152593,0.00170713
2026-09-22,SOXL,SOXS,-24,-0.00533267,-0.00403968
2026-09-22,SOXL,SOXS,-23,0.00831388,0.00886335
2026-09-22,SOXL,SOXS,-22,0.00167829,0.000145633
2026-09-22,SOXL,SOXS,-21,0.0209449,0.0198631
2026-09-22,SOXL,SOXS,-20,-0.00882767,-0.00963124
2026-09-22,SOXL,SOXS,-19,0.00226373,0.00358706
2026-09-22,SOXL,SOXS,-18,0.00936493,0.00770637
2026-09-22,SOXL,SOXS,-17,0.011322,0.0112942
2026-09-22,SOXL,SOXS,-16,0.0167202,0.0183542
2026-09-22,SOXL,SOXS,-15,-0.00615579,-0.00608404
2026-09-22,SOXL,SOXS,-14,-0.000263845,-0.000296113
2026-09-22,SOXL,SOXS,-13,-0.0174192,-0.0153736
2026-09-22,SOXL,SOXS,-12,-0.000865548,-0.000672751
2026-09-22,SOXL,SOXS,-11,0.00686096,0.010065
2026-09-22,SOXL,SOXS,-10,-0.02172,-0.0213148
2026-09-22,SOXL,SOXS,-9,-0.00258915,0.00203144
2026-09-22,SOXL,SOXS,-8,0.00479102,0.00230605
2026-09-22,SOXL,SOXS,-7,0.00267314,0.00491566
2026-09-22,SOXL,SOXS,-6,-0.000553242,0.000885037
2026-09-22,SOXL,SOXS,-5,-0.00487863,-0.00504059
2026-09-22,SOXL,SOXS,-4,-0.00605782,-0.00250212
2026-09-22,SOXL,SOXS,-3,-0.0127181,-0.00401897
2026-09-22,SOXL,SOXS,-2,-0.0263019,-0.00725451
2026-09-22,SOXL,SOXS,-1,-0.10958,-0.0489342
2026-09-22,SOXL,SOXS,0,-0.69375,-0.657602
2026-09-22,SOXL,SOXS,1,-0.176132,-0.118534
2026-09-22,SOXL,SOXS,2,-0.0635297,-0.0396296
2026-09-22,SOXL,SOXS,3,-0.0277046,-0.0165064
2026-09-22,SOXL,SOXS,4,-0.00681882,-0.00444321
2026-09-22,SOXL,SOXS,5,-0.00374714,-0.00472985
2026-09-22,SOXL,SOXS,6,-0.00244651,-0.00251357
2026-09-22,SOXL,SOXS,7,0.0137234,0.0115932
2026-09-22,SOXL,SOXS,8,0.00571003,0.0105729
2026-09-22,SOXL,SOXS,9,-0.013707,-0.0140545
2026-09-22,SOXL,SOXS,10,-0.0106878,-0.0108663
2026-09-22,SOXL,SOXS,11,0.00493699,0.0113833
2026-09-22,SOXL,SOXS,12,-0.010448,-0.0037458
2026-09-22,SOXL,SOXS,13,-0.0137879,-0.0106924
2026-09-22,SOXL,SOXS,14,-0.00275364,0.000916215
2026-09-22,SOXL,SOXS,15,0.00102483,0.0039547
2026-09-22,SOXL,SOXS,16,0.000698997,0.00423494
2026-09-22,SOXL,SOXS,17,0.00325715,0.00645974
2026-09-22,SOXL,SOXS,18,-0.0137628,-0.0130988
2026-09-22,SOXL,SOXS,19,0.0143584,0.0105064
2026-09-22,SOXL,SOXS,20,0.00817406,0.00667626
2026-09-22,SOXL,SOXS,21,0.0124157,0.00907733
2026-09-22,SOXL,SOXS,22,0.00279246,0.00207007
2026-09-22,SOXL,SOXS,23,0.0071412,0.00685904
2026-09-22,SOXL,SOXS,24,0.00119792,0.00702234
2026-09-22,SOXL,SOXS,25,-0.0101643,-0.0135075
2026-09-22,SOXL,SOXS,26,0.0158607,0.0127144
2026-09-22,SOXL,SOXS,27,-0.0134113,-0.00759851
2026-09-22,SOXL,SOXS,28,0.0119416,0.0106133
2026-09-22,SOXL,SOXS,29,-0.0049989,-0.00323002
2026-09-22,SOXL,SOXS,30,-0.00341788,-0.00537306
2026-09-22,NVDA,SOXX,-30,0.0162751,0.00874007
2026-09-22,NVDA,SOXX,-29,-0.00456701,0.00173944
2026-09-22,NVDA,SOXX,-28,-0.0134742,-0.0140757
2026-09-22,NVDA,SOXX,-27,0.00850014,-0.00837469
2026-09-22,NVDA,SOXX,-26,0.0144401,0.0155888
2026-09-22,NVDA,SOXX,-25,0.0129122,0.00604247
2026-09-22,NVDA,SOXX,-24,-0.00323822,0.000763176
2026-09-22,NVDA,SOXX,-23,-0.00658615,-0.00519546
2026-09-22,NVDA,SOXX,-22,0.00581655,0.00337617
2026-09-22,NVDA,SOXX,-21,0.00522075,0.0021605
2026-09-22,NVDA,SOXX,-20,-0.0127234,0.00261376
2026-09-22,NVDA,SOXX,-19,0.00237439,-0.0035738
2026-09-22,NVDA,SOXX,-18,0.00428251,-0.00600605
2026-09-22,NVDA,SOXX,-17,0.00415549,0.0124257
2026-09-22,NVDA,SOXX,-16,0.000459398,-0.00159658
2026-09-22,NVDA,SOXX,-15,0.00159021,-0.0036299
2026-09-22,NVDA,SOXX,-14,0.00233811,0.0133529
2026-09-22,NVDA,SOXX,-13,-0.0155653,0.0107816
2026-09-22,NVDA,SOXX,-12,-0.0176329,-0.0115966
2026-09-22,NVDA,SOXX,-11,-0.00381685,0.00126416
2026-09-22,NVDA,SOXX,-10,-0.00300852,0.00376085
2026-09-22,NVDA,SOXX,-9,0.00945479,0.0151478
2026-09-22,NVDA,SOXX,-8,-0.0086578,-0.00674915
2026-09-22,NVDA,SOXX,-7,0.00276184,-0.00114489
2026-09-22,NVDA,SOXX,-6,0.0100112,0.00463317
2026-09-22,NVDA,SOXX,-5,0.00320682,-0.006165
2026-09-22,NVDA,SOXX,-4,0.0189651,-0.00692251
2026-09-22,NVDA,SOXX,-3,0.0784915,0.0237819
2026-09-22,NVDA,SOXX,-2,0.0811877,0.0157265
2026-09-22,NVDA,SOXX,-1,0.126444,0.00746227
2026-09-22,NVDA,SOXX,0,0.284079,0.219623
2026-09-22,NVDA,SOXX,1,0.103749,0.0553918
2026-09-22,NVDA,SOXX,2,0.0550683,0.0273569
2026-09-22,NVDA,SOXX,3,0.0247635,0.0107702
2026-09-22,NVDA,SOXX,4,0.0115053,0.0186128
2026-09-22,NVDA,SOXX,5,0.00452251,0.00572832
2026-09-22,NVDA,SOXX,6,0.00687213,0.0183201
2026-09-22,NVDA,SOXX,7,-0.0136569,-0.0119063
2026-09-22,NVDA,SOXX,8,0.00242769,-0.00265155
2026-09-22,NVDA,SOXX,9,0.0134035,0.0120237
2026-09-22,NVDA,SOXX,10,-0.00113016,-0.00391516
2026-09-22,NVDA,SOXX,11,-0.00406968,-0.000512581
2026-09-22,NVDA,SOXX,12,-0.00505079,-0.00766307
2026-09-22,NVDA,SOXX,13,0.0125832,0.00628509
2026-09-22,NVDA,SOXX,14,-0.0019942,-0.000765996
2026-09-22,NVDA,SOXX,15,-0.0187321,0.00130746
2026-09-22,NVDA,SOXX,16,-0.0299606,-0.01507
2026-09-22,NVDA,SOXX,17,-0.00739094,-0.0139877
2026-09-22,NVDA,SOXX,18,-0.0036851,-0.00495002
2026-09-22,NVDA,SOXX,19,0.00301818,-0.00643017
2026-09-22,NVDA,SOXX,20,0.0154347,0.000721263
2026-09-22,NVDA,SOXX,21,0.0184843,0.0180439
2026-09-22,NVDA,SOXX,22,-0.00698003,-0.00566642
2026-09-22,NVDA,SOXX,23,0.000262177,-0.0105628
2026-09-22,NVDA,SOXX,24,-0.00165004,0.0058387
2026-09-22,NVDA,SOXX,25,-0.00237681,0.0109074
2026-09-22,NVDA,SOXX,26,-0.0141793,-0.0106649
2026-09-22,NVDA,SOXX,27,-8.12626e-05,0.00896488
2026-09-22,NVDA,SOXX,28,-0.0211008,-0.00712469
2026-09-22,NVDA,SOXX,29,-0.0132356,-0.00956924
2026-09-22,NVDA,SOXX,30,-0.0183221,-0.00053617
2026-09-22,NVDA,SMH,-30,0.0116704,0.0153199
2026-09-22,NVDA,SMH,-29,-0.00933482,-0.0102406
2026-09-22,NVDA,SMH,-28,-0.0146822,-0.0164452
2026-09-22,NVDA,SMH,-27,0.00791465,0.00463016
2026-09-22,NVDA,SMH,-26,0.00909399,0.00674009
2026-09-22,NVDA,SMH,-25,-0.0010598,0.00848676
2026-09-22,NVDA,SMH,-24,-0.00473247,0.00575207
2026-09-22,NVDA,SMH,-23,-0.0197352,-0.00154511
2026-09-22,NVDA,SMH,-22,-0.0107344,-0.0119621
2026-09-22,NVDA,SMH,-21,-0.000821348,-0.0064524
2026-09-22,NVDA,SMH,-20,0.00839015,0.0126319
2026-09-22,NVDA,SMH,-19,-0.00957363,0.00035504
2026-09-22,NVDA,SMH,-18,0.00698107,-0.00542126
2026-09-22,NVDA,SMH,-17,0.00463544,0.00815215
2026-09-22,NVDA,SMH,-16,8.22552e-05,0.0091503
2026-09-22,NVDA,SMH,-15,-0.0143951,-0.0170921
2026-09-22,NVDA,SMH,-14,-0.00329242,0.00301847
2026-09-22,NVDA,SMH,-13,0.014466,0.013402
2026-09-22,NVDA,SMH,-12,0.00702526,0.0018077
2026-09-22,NVDA,SMH,-11,0.00306412,-0.00167109
2026-09-22,NVDA,SMH,-10,0.00648805,0.000887581
2026-09-22,NVDA,SMH,-9,0.0145388,0.0183143
2026-09-22,NVDA,SMH,-8,-0.00719407,-0.00655774
2026-09-22,NVDA,SMH,-7,0.0108136,-0.00727654
2026-09-22,NVDA,SMH,-6,0.0223694,0.00615181
2026-09-22,NVDA,SMH,-5,0.0347401,0.0071137
2026-09-22,NVDA,SMH,-4,0.049602,-0.00110798
2026-09-22,NVDA,SMH,-3,0.0756622,0.020872
2026-09-22,NVDA,SMH,-2,0.0875427,-0.00304112
2026-09-22,NVDA,SMH,-1,0.192106,0.0192327
2026-09-22,NVDA,SMH,0,0.364409,0.257174
2026-09-22,NVDA,SMH,1,0.18495,0.0885874
2026-09-22,NVDA,SMH,2,0.0861411,0.0442397
2026-09-22,NVDA,SMH,3,0.0459736,0.0100123
2026-09-22,NVDA,SMH,4,0.0379299,0.0229107
2026-09-22,NVDA,SMH,5,0.0178827,0.0124459
2026-09-22,NVDA,SMH,6,0.0192352,0.0139574
2026-09-22,NVDA,SMH,7,-0.00293361,-0.00747377
2026-09-22,NVDA,SMH,8,0.00054613,0.00243503
2026-09-22,NVDA,SMH,9,0.009395,0.00523741
2026-09-22,NVDA,SMH,10,-0.0083901,0.00598026
2026-09-22,NVDA,SMH,11,-0.0192987,-0.000694498
2026-09-22,NVDA,SMH,12,0.00104601,0.00441088
2026-09-22,NVDA,SMH,13,-0.0144357,0.00256279
2026-09-22,NVDA,SMH,14,-0.017441,-0.00802052
2026-09-22,NVDA,SMH,15,-0.00783066,0.00330535
2026-09-22,NVDA,SMH,16,-0.027887,-0.0184612
2026-09-22,NVDA,SMH,17,-0.00495566,0.00354383
2026-09-22,NVDA,SMH,18,-0.0109007,-0.00632615
2026-09-22,NVDA,SMH,19,-0.0014636,0.00191885
2026-09-22,NVDA,SMH,20,-0.00569101,0.000978336
2026-09-22,NVDA,SMH,21,-0.0126681,-0.00543084
2026-09-22,NVDA,SMH,22,-0.0022636,-0.00384195
2026-09-22,NVDA,SMH,23,-0.00304251,9.89255e-05
2026-09-22,NVDA,SMH,24,-0.00586629,-0.0033889
2026-09-22,NVDA,SMH,25,-0.00220453,-0.00128779
2026-09-22,NVDA,SMH,26,-0.00484254,-0.0150315
2026-09-22,NVDA,SMH,27,0.0264066,0.0156346
2026-09-22,NVDA,SMH,28,0.0160191,0.0164727
2026-09-22,NVDA,SMH,29,-0.0209647,-0.024133
2026-09-22,NVDA,SMH,30,0.00202131,-0.00218368
2026-09-22,SMH,SOXX,-30,-0.00286564,-0.00510957
2026-09-22,SMH,SOXX,-29,0.000363759,0.0013617
2026-09-22,SMH,SOXX,-28,-0.0091881,-0.00906986
2026-09-22,SMH,SOXX,-27,0.00773829,-0.00645073
2026-09-22,SMH,SOXX,-26,0.0127125,0.00856631
2026-09-22,SMH,SOXX,-25,0.0111826,-0.00402724
2026-09-22,SMH,SOXX,-24,-0.00641026,-0.00411558
2026-09-22,SMH,SOXX,-23,-0.00719836,-0.00756017
2026-09-22,SMH,SOXX,-22,0.00459465,0.00331019
2026-09-22,SMH,SOXX,-21,-0.0104167,-0.00632656
2026-09-22,SMH,SOXX,-20,-0.014968,0.000398145
2026-09-22,SMH,SOXX,-19,-0.0261285,0.000192169
2026-09-22,SMH,SOXX,-18,-0.0295596,-0.00975672
2026-09-22,SMH,SOXX,-17,-0.00792936,-0.00540296
2026-09-22,SMH,SOXX,-16,-0.00390565,-0.0140521
2026-09-22,SMH,SOXX,-15,0.0111974,0.00043782
2026-09-22,SMH,SOXX,-14,-0.00997114,0.00316566
2026-09-22,SMH,SOXX,-13,-0.00126792,0.0140314
2026-09-22,SMH,SOXX,-12,-0.0109402,-0.0101321
2026-09-22,SMH,SOXX,-11,0.00914965,0.00385116
2026-09-22,SMH,SOXX,-10,0.0152699,0.0160355
2026-09-22,SMH,SOXX,-9,0.0146657,0.00126261
2026-09-22,SMH,SOXX,-8,0.0192307,0.00621914
2026-09-22,SMH,SOXX,-7,0.0278727,-0.0026657
2026-09-22,SMH,SOXX,-6,0.0307277,-0.00659886
2026-09-22,SMH,SOXX,-5,0.053584,0.00344479
2026-09-22,SMH,SOXX,-4,0.112785,0.0150786
2026-09-22,SMH,SOXX,-3,0.176173,0.0306499
2026-09-22,SMH,SOXX,-2,0.270466,0.0453677
2026-09-22,SMH,SOXX,-1,0.464042,0.121578
2026-09-22,SMH,SOXX,0,0.702755,0.445173
2026-09-22,SMH,SOXX,1,0.435702,0.0913823
2026-09-22,SMH,SOXX,2,0.254784,0.0342404
2026-09-22,SMH,SOXX,3,0.141404,0.0110189
2026-09-22,SMH,SOXX,4,0.0940007,-0.00633766
2026-09-22,SMH,SOXX,5,0.0528851,0.00917172
2026-09-22,SMH,SOXX,6,0.0414517,0.00803423
2026-09-22,SMH,SOXX,7,0.0203043,-0.00977279
2026-09-22,SMH,SOXX,8,0.0257926,-0.00677753
2026-09-22,SMH,SOXX,9,0.041421,0.00787109
2026-09-22,SMH,SOXX,10,0.0285612,0.00593333
2026-09-22,SMH,SOXX,11,0.0268786,0.0101727
2026-09-22,SMH,SOXX,12,0.00460535,-0.00532263
2026-09-22,SMH,SOXX,13,0.0151743,4.09747e-05
2026-09-22,SMH,SOXX,14,-0.000112221,0.00532032
2026-09-22,SMH,SOXX,15,-0.00919593,-0.00655312
2026-09-22,SMH,SOXX,16,0.000728814,-0.00104995
2026-09-22,SMH,SOXX,17,-0.0121664,-0.0135027
2026-09-22,SMH,SOXX,18,-0.0108946,-0.000780788
2026-09-22,SMH,SOXX,19,0.00031418,-0.00723614
2026-09-22,SMH,SOXX,20,0.0122711,0.00586334
2026-09-22,SMH,SOXX,21,0.00626698,0.00219265
2026-09-22,SMH,SOXX,22,-0.00690379,-0.0128847
2026-09-22,SMH,SOXX,23,0.00286606,0.0039961
2026-09-22,SMH,SOXX,24,-0.00314977,0.00847089
2026-09-22,SMH,SOXX,25,0.000575857,0.0021005
2026-09-22,SMH,SOXX,26,-0.0156269,-0.0176816
2026-09-22,SMH,SOXX,27,-0.0117104,0.00796847
2026-09-22,SMH,SOXX,28,-0.0129179,-0.0013615
2026-09-22,SMH,SOXX,29,0.00102489,-0.000386192
2026-09-22,SMH,SOXX,30,0.00941197,0.0167849
2026-09-23,NVDA,SOXL,-30,-0.026083,-0.0259284
2026-09-23,NVDA,SOXL,-29,0.00418412,0.00204243
2026-09-23,NVDA,SOXL,-28,0.0107378,0.0129803
2026-09-23,NVDA,SOXL,-27,0.00237696,0.00340815
2026-09-23,NVDA,SOXL,-26,-0.00546929,-0.00264448
2026-09-23,NVDA,SOXL,-25,-0.00370469,-0.00327577
2026-09-23,NVDA,SOXL,-24,0.00566525,0.00403641
2026-09-23,NVDA,SOXL,-23,-0.0110008,-0.0114153
2026-09-23,NVDA,SOXL,-22,0.000525799,-0.00132195
2026-09-23,NVDA,SOXL,-21,0.00275989,0.0028958
2026-09-23,NVDA,SOXL,-20,0.010875,0.0135891
2026-09-23,NVDA,SOXL,-19,0.000792233,0.000817364
2026-09-23,NVDA,SOXL,-18,-0.000266376,-0.0039476
2026-09-23,NVDA,SOXL,-17,0.00776686,0.00668512
2026-09-23,NVDA,SOXL,-16,-0.00833461,-0.0114144
2026-09-23,NVDA,SOXL,-15,0.00425395,0.00251902
2026-09-23,NVDA,SOXL,-14,-0.00731184,-0.010094
2026-09-23,NVDA,SOXL,-13,-0.00741903,-0.00700544
2026-09-23,NVDA,SOXL,-12,-0.00176211,-0.00133789
2026-09-23,NVDA,SOXL,-11,0.00627188,0.00640868
2026-09-23,NVDA,SOXL,-10,0.00246068,0.00214068
2026-09-23,NVDA,SOXL,-9,-0.00660917,-0.00406952
2026-09-23,NVDA,SOXL,-8,0.0193809,0.0181236
2026-09-23,NVDA,SOXL,-7,0.00343979,0.00496881
2026-09-23,NVDA,SOXL,-6,0.00301311,0.00400958
2026-09-23,NVDA,SOXL,-5,-0.00572304,-0.00780382
2026-09-23,NVDA,SOXL,-4,0.0182954,0.017164
2026-09-23,NVDA,SOXL,-3,0.00447634,-0.00194378
2026-09-23,NVDA,SOXL,-2,0.00116253,-0.00905629
2026-09-23,NVDA,SOXL,-1,0.088953,0.0590318
2026-09-23,NVDA,SOXL,0,0.445725,0.426904
2026-09-23,NVDA,SOXL,1,0.0578124,0.0423106
2026-09-23,NVDA,SOXL,2,0.0368764,0.0371869
2026-09-23,NVDA,SOXL,3,-0.0201295,-0.0204509
2026-09-23,NVDA,SOXL,4,-0.000813822,0.00168429
2026-09-23,NVDA,SOXL,5,-0.00943845,-0.00951209
2026-09-23,NVDA,SOXL,6,-0.0039683,-0.00360825
2026-09-23,NVDA,SOXL,7,0.000727924,0.000280763
2026-09-23,NVDA,SOXL,8,0.0022628,-0.000933736
2026-09-23,NVDA,SOXL,9,0.0174902,0.015714
2026-09-23,NVDA,SOXL,10,0.0170742,0.0185361
2026-09-23,NVDA,SOXL,11,0.00895819,0.00727042
2026-09-23,NVDA,SOXL,12,0.0234927,0.0194346
2026-09-23,NVDA,SOXL,13,0.00616011,0.00747524
2026-09-23,NVDA,SOXL,14,0.00682737,0.00580454
2026-09-23,NVDA,SOXL,15,0.0124161,0.0131254
2026-09-23,NVDA,SOXL,16,-0.000656723,0.000391692
2026-09-23,NVDA,SOXL,17,0.0125074,0.0122014
2026-09-23,NVDA,SOXL,18,0.00417549,0.00685981
2026-09-23,NVDA,SOXL,19,-0.00285986,-0.0029688
2026-09-23,NVDA,SOXL,20,0.00584799,0.0063549
2026-09-23,NVDA,SOXL,21,0.00849152,0.00584092
2026-09-23,NVDA,SOXL,22,6.12662e-05,-0.000339271
2026-09-23,NVDA,SOXL,23,-0.00352399,-0.00591297
2026-09-23,NVDA,SOXL,24,0.00447467,0.00396308
2026-09-23,NVDA,SOXL,25,-0.0174244,-0.0198509
2026-09-23,NVDA,SOXL,26,-0.0111272,-0.0111656
2026-09-23,NVDA,SOXL,27,0.0175861,0.018443
2026-09-23,NVDA,SOXL,28,-0.00373721,-0.00556109
2026-09-23,NVDA,SOXL,29,0.0219493,0.0193458
2026-09-23,NVDA,SOXL,30,0.00108092,0.000302624
2026-09-23,SOXX,SOXL,-30,-0.00922971,-0.00426008
2026-09-23,SOXX,SOXL,-29,0.00665247,0.00539904
2026-09-23,SOXX,SOXL,-28,0.00620646,0.00561701
2026-09-23,SOXX,SOXL,-27,0.0145583,0.0160705
2026-09-23,SOXX,SOXL,-26,-0.018088,-0.0111575
2026-09-23,SOXX,SOXL,-25,0.00420627,0.00552189
2026-09-23,SOXX,SOXL,-24,-0.00398539,-0.00109162
2026-09-23,SOXX,SOXL,-23,-0.00481957,-0.00112547
2026-09-23,SOXX,SOXL,-22,-0.000630266,-0.00462445
2026-09-23,SOXX,SOXL,-21,0.00767141,-0.00127112
2026-09-23,SOXX,SOXL,-20,0.0203382,0.0147011
2026-09-23,SOXX,SOXL,-19,0.00944781,0.00146018
2026-09-23,SOXX,SOXL,-18,-0.00353828,-0.0129641
2026-09-23,SOXX,SOXL,-17,0.019121,0.0142767
2026-09-23,SOXX,SOXL,-16,-0.00245957,-0.0119993
2026-09-23,SOXX,SOXL,-15,0.0160629,0.0121422
2026-09-23,SOXX,SOXL,-14,0.00693236,0.000355181
2026-09-23,SOXX,SOXL,-13,0.00719725,-0.0107513
2026-09-23,SOXX,SOXL,-12,0.00305327,0.00815954
2026-09-23,SOXX,SOXL,-11,-0.0053787,-0.000433249
2026-09-23,SOXX,SOXL,-10,0.00257578,0.00664791
2026-09-23,SOXX,SOXL,-9,0.0151446,0.00564394
2026-09-23,SOXX,SOXL,-8,0.0299758,0.0209008
2026-09-23,SOXX,SOXL,-7,0.00565842,-0.000599923
2026-09-23,SOXX,SOXL,-6,0.0277473,0.0106771
2026-09-23,SOXX,SOXL,-5,0.0111304,-0.00912285
2026-09-23,SOXX,SOXL,-4,0.0395052,0.0300616
2026-09-23,SOXX,SOXL,-3,0.0487981,0.00956599
2026-09-23,SOXX,SOXL,-2,0.10981,0.0447623
2026-09-23,SOXX,SOXL,-1,0.252471,0.136229
2026-09-23,SOXX,SOXL,0,0.743517,0.607818
2026-09-23,SOXX,SOXL,1,0.331723,0.0536077
2026-09-23,SOXX,SOXL,2,0.170753,0.00302353
2026-09-23,SOXX,SOXL,3,0.0966418,-0.000276997
2026-09-23,SOXX,SOXL,4,0.0498789,-0.00257297
2026-09-23,SOXX,SOXL,5,0.0368504,0.00367062
2026-09-23,SOXX,SOXL,6,0.038513,0.00705126
2026-09-23,SOXX,SOXL,7,0.0335674,0.00553289
2026-09-23,SOXX,SOXL,8,0.0238245,0.0036105
2026-09-23,SOXX,SOXL,9,0.0184037,0.00213213
2026-09-23,SOXX,SOXL,10,0.0248022,0.0105124
2026-09-23,SOXX,SOXL,11,0.0229413,0.00341167
2026-09-23,SOXX,SOXL,12,-0.00184637,-0.0136427
2026-09-23,SOXX,SOXL,13,-0.00649586,0.00155907
2026-09-23,SOXX,SOXL,14,6.84908e-05,0.00508396
2026-09-23,SOXX,SOXL,15,0.00017015,0.000971513
2026-09-23,SOXX,SOXL,16,0.00114423,-0.00458603
2026-09-23,SOXX,SOXL,17,0.0183064,0.00905557
2026-09-23,SOXX,SOXL,18,-0.0105451,-0.0132666
2026-09-23,SOXX,SOXL,19,0.00279599,0.00235137
2026-09-23,SOXX,SOXL,20,0.00801719,0.0100604
2026-09-23,SOXX,SOXL,21,0.0147378,-0.000466831
2026-09-23,SOXX,SOXL,22,-0.00459507,0.000242396
2026-09-23,SOXX,SOXL,23,0.00668413,0.00352018
2026-09-23,SOXX,SOXL,24,0.0158538,0.00745085
2026-09-23,SOXX,SOXL,25,0.00708819,-0.0113988
2026-09-23,SOXX,SOXL,26,0.00966544,-0.000637667
2026-09-23,SOXX,SOXL,27,0.0186687,0.0111218
2026-09-23,SOXX,SOXL,28,0.00264172,0.00115831
2026-09-23,SOXX,SOXL,29,-0.00861908,-0.00685935
2026-09-23,SOXX,SOXL,30,-0.00526463,-0.00167746
2026-09-23,SMH,SOXL,-30,-0.0142113,-0.00411308
2026-09-23,SMH,SOXL,-29,0.00278611,0.00450927
2026-09-23,SMH,SOXL,-28,0.00349982,0.00919429
2026-09-23,SMH,SOXL,-27,0.00997424,0.00661556
2026-09-23,SMH,SOXL,-26,0.00192605,0.000749314
2026-09-23,SMH,SOXL,-25,0.0103568,-0.000539012
2026-09-23,SMH,SOXL,-24,0.0181444,0.00408815
2026-09-23,SMH,SOXL,-23,0.00245048,0.00819792
2026-09-23,SMH,SOXL,-22,-0.00903,-0.0128929
2026-09-23,SMH,SOXL,-21,0.00749812,0.00888002
2026-09-23,SMH,SOXL,-20,0.0051452,0.00941816
2026-09-23,SMH,SOXL,-19,-0.00180938,-0.00842955
2026-09-23,SMH,SOXL,-18,0.00961953,8.89862e-05
2026-09-23,SMH,SOXL,-17,0.0182766,0.0132787
2026-09-23,SMH,SOXL,-16,-0.0110049,-0.0206853
2026-09-23,SMH,SOXL,-15,0.00100214,0.00402138
2026-09-23,SMH,SOXL,-14,-0.00776144,0.00256552
2026-09-23,SMH,SOXL,-13,-0.0118922,-0.0120377
2026-09-23,SMH,SOXL,-12,-0.00554463,0.00450952
2026-09-23,SMH,SOXL,-11,0.00481085,0.0037478
2026-09-23,SMH,SOXL,-10,0.00855294,0.00506938
2026-09-23,SMH,SOXL,-9,0.00132543,6.45383e-05
2026-09-23,SMH,SOXL,-8,0.0263969,0.0222645
2026-09-23,SMH,SOXL,-7,0.0240619,0.00249485
2026-09-23,SMH,SOXL,-6,0.0220704,0.00181081
2026-09-23,SMH,SOXL,-5,0.0316955,0.0094299
2026-09-23,SMH,SOXL,-4,0.0486122,0.0264755
2026-09-23,SMH,SOXL,-3,0.0713451,0.0243229
2026-09-23,SMH,SOXL,-2,0.155396,0.0635056
2026-09-23,SMH,SOXL,-1,0.309858,0.176844
2026-09-23,SMH,SOXL,0,0.696474,0.527941
2026-09-23,SMH,SOXL,1,0.322628,0.0325027
2026-09-23,SMH,SOXL,2,0.188989,0.0175101
2026-09-23,SMH,SOXL,3,0.0961697,-0.002038
2026-09-23,SMH,SOXL,4,0.0664475,0.00694812
2026-09-23,SMH,SOXL,5,0.0367284,0.00259366
2026-09-23,SMH,SOXL,6,0.0303218,0.00686725
2026-09-23,SMH,SOXL,7,0.0488001,0.0155966
2026-09-23,SMH,SOXL,8,0.0425913,0.00614672
2026-09-23,SMH,SOXL,9,0.0355906,-0.000576687
2026-09-23,SMH,SOXL,10,0.030802,0.00607282
2026-09-23,SMH,SOXL,11,0.0154424,0.00336892
2026-09-23,SMH,SOXL,12,0.00594172,-0.00384629
2026-09-23,SMH,SOXL,13,0.00842442,0.00722009
2026-09-23,SMH,SOXL,14,0.012075,0.00189291
2026-09-23,SMH,SOXL,15,0.0164122,0.00369913
2026-09-23,SMH,SOXL,16,0.0125102,0.00290563
2026-09-23,SMH,SOXL,17,0.0196572,-0.00371048
2026-09-23,SMH,SOXL,18,0.0164315,-0.0072939
2026-09-23,SMH,SOXL,19,0.0181693,0.000921163
2026-09-23,SMH,SOXL,20,0.011986,0.00840791
2026-09-23,SMH,SOXL,21,0.0197657,0.0043994
2026-09-23,SMH,SOXL,22,-0.00649676,-0.00710941
2026-09-23,SMH,SOXL,23,0.00284802,-0.00341178
2026-09-23,SMH,SOXL,24,-0.00187242,0.00809468
2026-09-23,SMH,SOXL,25,0.00669368,-0.0021193
2026-09-23,SMH,SOXL,26,-0.0026361,-0.00730029
2026-09-23,SMH,SOXL,27,0.0231232,0.0201643
2026-09-23,SMH,SOXL,28,0.00133802,-0.0102896
2026-09-23,SMH,SOXL,29,0.0202787,0.00991838
2026-09-23,SMH,SOXL,30,0.0137503,-0.00191682
2026-09-23,QQQ,SOXL,-30,-0.00386365,-0.00511423
2026-09-23,QQQ,SOXL,-29,0.00595779,0.00481913
2026-09-23,QQQ,SOXL,-28,0.0144658,0.0111599
2026-09-23,QQQ,SOXL,-27,0.00167467,0.00111757
2026-09-23,QQQ,SOXL,-26,-0.00291049,-0.00156039
2026-09-23,QQQ,SOXL,-25,-0.0106157,-0.00755027
2026-09-23,QQQ,SOXL,-24,0.0107254,0.00969142
2026-09-23,QQQ,SOXL,-23,-0.00791894,-0.0111501
2026-09-23,QQQ,SOXL,-22,-0.00583871,-0.00469702
2026-09-23,QQQ,SOXL,-21,0.00227403,0.00111352
2026-09-23,QQQ,SOXL,-20,0.00827489,0.00744746
2026-09-23,QQQ,SOXL,-19,-0.0148399,-0.0140776
2026-09-23,QQQ,SOXL,-18,0.00120437,-0.0042726
2026-09-23,QQQ,SOXL,-17,0.00896407,0.00486691
2026-09-23,QQQ,SOXL,-16,-0.0127196,-0.0116011
2026-09-23,QQQ,SOXL,-15,0.00464857,-0.000402956
2026-09-23,QQQ,SOXL,-14,-0.00352796,-0.00211361
2026-09-23,QQQ,SOXL,-13,0.00258176,-0.000730709
2026-09-23,QQQ,SOXL,-12,0.00450755,0.00958187
2026-09-23,QQQ,SOXL,-11,-0.00775309,-0.00526736
2026-09-23,QQQ,SOXL,-10,-0.00815745,-0.00787323
2026-09-23,QQQ,SOXL,-9,0.000922384,0.000348046
2026-09-23,QQQ,SOXL,-8,0.00864755,0.0125445
2026-09-23,QQQ,SOXL,-7,-0.00327394,-0.00135361
2026-09-23,QQQ,SOXL,-6,-0.0180852,-0.0187549
2026-09-23,QQQ,SOXL,-5,-0.000217981,0.00256284
2026-09-23,QQQ,SOXL,-4,0.00995115,0.0082536
2026-09-23,QQQ,SOXL,-3,0.0131273,0.00732572
2026-09-23,QQQ,SOXL,-2,0.0406962,0.0206928
2026-09-23,QQQ,SOXL,-1,0.138105,0.086759
2026-09-23,QQQ,SOXL,0,0.605683,0.564686
2026-09-23,QQQ,SOXL,1,0.126109,0.0749593
2026-09-23,QQQ,SOXL,2,0.0423265,0.0245231
2026-09-23,QQQ,SOXL,3,-0.00327653,-0.0127785
2026-09-23,QQQ,SOXL,4,0.0052466,0.00717913
2026-09-23,QQQ,SOXL,5,-0.00687899,-0.00295632
2026-09-23,QQQ,SOXL,6,0.00112447,-0.00117756
2026-09-23,QQQ,SOXL,7,0.00438375,0.0031475
2026-09-23,QQQ,SOXL,8,0.00641439,0.00772669
2026-09-23,QQQ,SOXL,9,0.00588574,0.00718291
2026-09-23,QQQ,SOXL,10,0.00900674,0.00932334
2026-09-23,QQQ,SOXL,11,0.0116333,0.0132358
2026-09-23,QQQ,SOXL,12,0.00163925,0.00160939
2026-09-23,QQQ,SOXL,13,0.00377334,0.00383609
2026-09-23,QQQ,SOXL,14,-0.000578046,0.00163743
2026-09-23,QQQ,SOXL,15,0.00139332,0.001633
2026-09-23,QQQ,SOXL,16,-0.00323597,-0.00570551
2026-09-23,QQQ,SOXL,17,-0.00149111,-0.000886071
2026-09-23,QQQ,SOXL,18,0.00875664,0.0109692
2026-09-23,QQQ,SOXL,19,-0.0104188,-0.0101497
2026-09-23,QQQ,SOXL,20,0.0136762,0.0168092
2026-09-23,QQQ,SOXL,21,-0.0128846,-0.0167817
2026-09-23,QQQ,SOXL,22,-0.000321236,0.00153313
2026-09-23,QQQ,SOXL,23,0.00798772,0.00664111
2026-09-23,QQQ,SOXL,24,-0.001419,-0.00113843
2026-09-23,QQQ,SOXL,25,0.00181376,-0.001074
2026-09-23,QQQ,SOXL,26,-0.00403347,-0.00952744
2026-09-23,QQQ,SOXL,27,0.0173783,0.0161062
2026-09-23,QQQ,SOXL,28,0.00506703,0.00480611
2026-09-23,QQQ,SOXL,29,0.0116553,0.00430816
2026-09-23,QQQ,SOXL,30,0.00101872,0.0032021
2026-09-23,NVDA,SOXS,-30,0.0232876,0.0238692
2026-09-23,NVDA,SOXS,-29,-0.00857657,-0.008725
2026-09-23,NVDA,SOXS,-28,-0.00487661,-0.00749905
2026-09-23,NVDA,SOXS,-27,-0.00293674,-0.00335583
2026-09-23,NVDA,SOXS,-26,0.00658785,0.00471488
2026-09-23,NVDA,SOXS,-25,0.00308875,0.00535894
2026-09-23,NVDA,SOXS,-24,-0.00531187,-0.00259595
2026-09-23,NVDA,SOXS,-23,0.00531137,0.00376175
2026-09-23,NVDA,SOXS,-22,0.00244129,0.0069487
2026-09-23,NVDA,SOXS,-21,-0.00481347,-0.00509484
2026-09-23,NVDA,SOXS,-20,-0.0159894,-0.0143797
2026-09-23,NVDA,SOXS,-19,-0.00566209,0.000475645
2026-09-23,NVDA,SOXS,-18,0.00175396,0.00193962
2026-09-23,NVDA,SOXS,-17,-0.00131099,9.27739e-05
2026-09-23,NVDA,SOXS,-16,0.0024484,-0.00192095
2026-09-23,NVDA,SOXS,-15,0.00065745,0.00116041
2026-09-23,NVDA,SOXS,-14,0.00931478,0.0107168
2026-09-23,NVDA,SOXS,-13,0.000567308,0.00157657
2026-09-23,NVDA,SOXS,-12,0.00224851,0.00612159
2026-09-23,NVDA,SOXS,-11,-0.00896847,-0.00757655
2026-09-23,NVDA,SOXS,-10,-0.00398276,-0.00330201
2026-09-23,NVDA,SOXS,-9,0.000304918,-0.000680581
2026-09-23,NVDA,SOXS,-8,-0.0108885,-0.0157299
2026-09-23,NVDA,SOXS,-7,-0.00707889,-0.00299895
2026-09-23,NVDA,SOXS,-6,0.00509044,0.00303388
2026-09-23,NVDA,SOXS,-5,0.00789174,0.0092578
2026-09-23,NVDA,SOXS,-4,-0.0262875,-0.0212277
2026-09-23,NVDA,SOXS,-3,-0.00943294,-0.00330709
2026-09-23,NVDA,SOXS,-2,-5.70216e-05,0.0161091
2026-09-23,NVDA,SOXS,-1,-0.0918513,-0.054756
2026-09-23,NVDA,SOXS,0,-0.439053,-0.421358
2026-09-23,NVDA,SOXS,1,-0.0671971,-0.0426607
2026-09-23,NVDA,SOXS,2,-0.0247695,-0.020922
2026-09-23,NVDA,SOXS,3,0.0132719,0.0147294
2026-09-23,NVDA,SOXS,4,-0.0144887,-0.0103321
2026-09-23,NVDA,SOXS,5,0.0115677,0.0113578
2026-09-23,NVDA,SOXS,6,0.00344509,0.00297178
2026-09-23,NVDA,SOXS,7,-0.00017178,-0.00140175
2026-09-23,NVDA,SOXS,8,-0.00208394,-0.00223311
2026-09-23,NVDA,SOXS,9,-0.00562346,-0.00559705
2026-09-23,NVDA,SOXS,10,-0.0187355,-0.0184593
2026-09-23,NVDA,SOXS,11,-0.00328914,-0.00210839
2026-09-23,NVDA,SOXS,12,-0.024356,-0.0214331
2026-09-23,NVDA,SOXS,13,-0.0119816,-0.00532965
2026-09-23,NVDA,SOXS,14,-0.0117979,-0.00954862
2026-09-23,NVDA,SOXS,15,-0.00950343,-0.00521371
2026-09-23,NVDA,SOXS,16,-0.00968293,-0.00451014
2026-09-23,NVDA,SOXS,17,-0.0145573,-0.0129179
2026-09-23,NVDA,SOXS,18,-0.00265767,-0.000435487
2026-09-23,NVDA,SOXS,19,0.00093809,0.000251339
2026-09-23,NVDA,SOXS,20,-0.00851816,-0.00820404
2026-09-23,NVDA,SOXS,21,-0.00926415,-0.00694398
2026-09-23,NVDA,SOXS,22,0.00324789,0.00568269
2026-09-23,NVDA,SOXS,23,-0.00676937,-0.00544836
2026-09-23,NVDA,SOXS,24,0.00592181,0.00596661
2026-09-23,NVDA,SOXS,25,0.0186956,0.0160033
2026-09-23,NVDA,SOXS,26,0.00876034,0.00966202
2026-09-23,NVDA,SOXS,27,-0.0147778,-0.0152116
2026-09-23,NVDA,SOXS,28,0.00161372,-0.00155941
2026-09-23,NVDA,SOXS,29,-0.013416,-0.0131067
2026-09-23,NVDA,SOXS,30,0.000176509,-0.00225268
2026-09-23,SOXX,SOXS,-30,-0.00394216,-0.00250861
2026-09-23,SOXX,SOXS,-29,-8.1187e-05,0.00130663
2026-09-23,SOXX,SOXS,-28,-0.00272141,0.000618948
2026-09-23,SOXX,SOXS,-27,-0.0230693,-0.0215563
2026-09-23,SOXX,SOXS,-26,0.0207361,0.0091496
2026-09-23,SOXX,SOXS,-25,-0.00275743,0.000306482
2026-09-23,SOXX,SOXS,-24,-0.0100467,-0.0167736
2026-09-23,SOXX,SOXS,-23,0.0136892,0.0136812
2026-09-23,SOXX,SOXS,-22,0.00621408,0.0111334
2026-09-23,SOXX,SOXS,-21,-0.00340057,-0.00258304
2026-09-23,SOXX,SOXS,-20,-0.0293627,-0.0195625
2026-09-23,SOXX,SOXS,-19,-0.0123379,-0.000185516
2026-09-23,SOXX,SOXS,-18,0.00769444,0.0101899
2026-09-23,SOXX,SOXS,-17,-0.0159977,-0.00813972
2026-09-23,SOXX,SOXS,-16,-0.0061523,0.00398125
2026-09-23,SOXX,SOXS,-15,-0.0105162,-0.00896429
2026-09-23,SOXX,SOXS,-14,-0.00466099,0.00712711
2026-09-23,SOXX,SOXS,-13,-0.0154798,-0.0022684
2026-09-23,SOXX,SOXS,-12,0.0029132,0.00142108
2026-09-23,SOXX,SOXS,-11,0.00886379,4.53653e-05
2026-09-23,SOXX,SOXS,-10,-0.00423844,-0.0119107
2026-09-23,SOXX,SOXS,-9,-0.00939006,-0.0033051
2026-09-23,SOXX,SOXS,-8,-0.0192175,-0.0157833
2026-09-23,SOXX,SOXS,-7,-0.0130188,-0.00286175
2026-09-23,SOXX,SOXS,-6,-0.0199294,-0.0082183
2026-09-23,SOXX,SOXS,-5,-0.00546818,0.0150817
2026-09-23,SOXX,SOXS,-4,-0.0525282,-0.03632
2026-09-23,SOXX,SOXS,-3,-0.0448516,-0.00493089
2026-09-23,SOXX,SOXS,-2,-0.104766,-0.0417608
2026-09-23,SOXX,SOXS,-1,-0.261395,-0.134439
2026-09-23,SOXX,SOXS,0,-0.727417,-0.592585
2026-09-23,SOXX,SOXS,1,-0.317281,-0.0426145
2026-09-23,SOXX,SOXS,2,-0.164376,-0.00481856
2026-09-23,SOXX,SOXS,3,-0.0892989,0.00994786
2026-09-23,SOXX,SOXS,4,-0.0666,-0.0111172
2026-09-23,SOXX,SOXS,5,-0.0406064,-0.00218995
2026-09-23,SOXX,SOXS,6,-0.0419873,-0.00540075
2026-09-23,SOXX,SOXS,7,-0.0351967,-0.00974042
2026-09-23,SOXX,SOXS,8,-0.0229091,-0.00615801
2026-09-23,SOXX,SOXS,9,-0.0163497,0.00522214
2026-09-23,SOXX,SOXS,10,-0.0221372,-0.00744701
2026-09-23,SOXX,SOXS,11,-0.0145091,0.00180833
2026-09-23,SOXX,SOXS,12,-0.00143581,0.00181486
2026-09-23,SOXX,SOXS,13,0.00128445,-0.000185013
2026-09-23,SOXX,SOXS,14,0.00404486,0.00170459
2026-09-23,SOXX,SOXS,15,-0.0075134,-0.0046834
2026-09-23,SOXX,SOXS,16,-0.00730097,0.00557905
2026-09-23,SOXX,SOXS,17,-0.00954244,-0.00108715
2026-09-23,SOXX,SOXS,18,0.00663032,0.0115868
2026-09-23,SOXX,SOXS,19,-0.00341004,-0.00453591
2026-09-23,SOXX,SOXS,20,-0.0182711,-0.0165864
2026-09-23,SOXX,SOXS,21,-0.00686365,0.00452633
2026-09-23,SOXX,SOXS,22,0.0007254,0.00415432
2026-09-23,SOXX,SOXS,23,-0.015688,-0.0124537
2026-09-23,SOXX,SOXS,24,-0.00772384,-0.00135278
2026-09-23,SOXX,SOXS,25,-0.0104876,-0.000531267
2026-09-23,SOXX,SOXS,26,0.00257097,0.00586828
2026-09-23,SOXX,SOXS,27,-0.0094727,-0.00609442
2026-09-23,SOXX,SOXS,28,0.00449211,-0.00113699
2026-09-23,SOXX,SOXS,29,-1.42103e-05,0.00311272
2026-09-23,SOXX,SOXS,30,0.000699158,-0.00551412
2026-09-23,SOXL,SOXS,-30,0.00525753,0.000590048
2026-09-23,SOXL,SOXS,-29,-0.0007617,-0.000647406
2026-09-23,SOXL,SOXS,-28,-0.00475484,0.000371638
2026-09-23,SOXL,SOXS,-27,-0.0256805,-0.027186
2026-09-23,SOXL,SOXS,-26,0.00660159,0.0060446
2026-09-23,SOXL,SOXS,-25,0.00718636,0.0149537
2026-09-23,SOXL,SOXS,-24,-0.0123145,-0.0136106
2026-09-23,SOXL,SOXS,-23,0.00427436,0.00512704
2026-09-23,SOXL,SOXS,-22,0.00565484,0.00921047
2026-09-23,SOXL,SOXS,-21,-0.0116187,-0.00905308
2026-09-23,SOXL,SOXS,-20,-0.00936361,-0.00732137
2026-09-23,SOXL,SOXS,-19,-0.000976022,0.00354142
2026-09-23,SOXL,SOXS,-18,-0.00284899,-0.0012319
2026-09-23,SOXL,SOXS,-17,-0.0014894,-0.00523073
2026-09-23,SOXL,SOXS,-16,-0.000101698,0.0038226
2026-09-23,SOXL,SOXS,-15,-0.00277053,-0.00511923
2026-09-23,SOXL,SOXS,-14,0.000341987,0.00124181
2026-09-23,SOXL,SOXS,-13,-0.00421723,-0.00325362
2026-09-23,SOXL,SOXS,-12,0.0108956,0.0124685
2026-09-23,SOXL,SOXS,-11,-0.00988259,-0.00232309
2026-09-23,SOXL,SOXS,-10,-0.0125521,-0.0152365
2026-09-23,SOXL,SOXS,-9,0.00150784,0.00329056
2026-09-23,SOXL,SOXS,-8,-0.014082,-0.0144013
2026-09-23,SOXL,SOXS,-7,-0.00732285,-0.0048552
2026-09-23,SOXL,SOXS,-6,0.00902522,0.00566479
2026-09-23,SOXL,SOXS,-5,0.0092321,0.00917698
2026-09-23,SOXL,SOXS,-4,-0.0139408,-0.00945703
2026-09-23,SOXL,SOXS,-3,-0.00824412,0.00103644
2026-09-23,SOXL,SOXS,-2,-0.0367831,-0.0153536
2026-09-23,SOXL,SOXS,-1,-0.127078,-0.0636952
2026-09-23,SOXL,SOXS,0,-0.73819,-0.70118
2026-09-23,SOXL,SOXS,1,-0.136975,-0.0772169
2026-09-23,SOXL,SOXS,2,-0.0379784,-0.00973338
2026-09-23,SOXL,SOXS,3,-0.0122868,-0.00406076
2026-09-23,SOXL,SOXS,4,-0.00822669,-0.00580222
2026-09-23,SOXL,SOXS,5,-0.00124682,0.00309313
2026-09-23,SOXL,SOXS,6,0.00189555,0.000688052
2026-09-23,SOXL,SOXS,7,-0.00289257,-0.00402678
2026-09-23,SOXL,SOXS,8,-0.0206529,-0.0192313
2026-09-23,SOXL,SOXS,9,0.00867514,0.00751198
2026-09-23,SOXL,SOXS,10,-0.0120294,-0.00775667
2026-09-23,SOXL,SOXS,11,0.00885123,0.00678846
2026-09-23,SOXL,SOXS,12,-0.0116501,-0.0119761
2026-09-23,SOXL,SOXS,13,0.0101088,0.0135883
2026-09-23,SOXL,SOXS,14,-0.00758667,-0.00847986
2026-09-23,SOXL,SOXS,15,-0.00271032,0.00179487
2026-09-23,SOXL,SOXS,16,0.0126013,0.0159591
2026-09-23,SOXL,SOXS,17,-0.0175299,-0.0161927
2026-09-23,SOXL,SOXS,18,-0.00155434,0.000269455
2026-09-23,SOXL,SOXS,19,0.00695717,0.00837697
2026-09-23,SOXL,SOXS,20,-0.0194261,-0.0138323
2026-09-23,SOXL,SOXS,21,-0.00759855,-0.00657415
2026-09-23,SOXL,SOXS,22,0.00553352,0.0058532
2026-09-23,SOXL,SOXS,23,-7.35017e-05,-0.00216529
2026-09-23,SOXL,SOXS,24,0.00422974,0.0092815
2026-09-23,SOXL,SOXS,25,-0.0126149,-0.0159006
2026-09-23,SOXL,SOXS,26,0.0163127,0.0166305
2026-09-23,SOXL,SOXS,27,-0.0154476,-0.0157096
2026-09-23,SOXL,SOXS,28,-0.00231941,-0.00364891
2026-09-23,SOXL,SOXS,29,-0.00930764,-0.00929115
2026-09-23,SOXL,SOXS,30,0.00674157,0.00215602
2026-09-23,NVDA,SOXX,-30,-0.0226685,-0.0181096
2026-09-23,NVDA,SOXX,-29,-0.00537978,-0.00309593
2026-09-23,NVDA,SOXX,-28,0.00275366,0.00758003
2026-09-23,NVDA,SOXX,-27,0.00284147,-0.00355909
2026-09-23,NVDA,SOXX,-26,0.00299745,0.00571204
2026-09-23,NVDA,SOXX,-25,-0.00142077,-0.0110572
2026-09-23,NVDA,SOXX,-24,0.00898509,0.00197902
2026-09-23,NVDA,SOXX,-23,0.00703577,0.0064552
2026-09-23,NVDA,SOXX,-22,-0.0227992,-0.0105426
2026-09-23,NVDA,SOXX,-21,0.00417471,-0.00338975
2026-09-23,NVDA,SOXX,-20,0.0191584,0.0202274
2026-09-23,NVDA,SOXX,-19,0.000862862,0.00257945
2026-09-23,NVDA,SOXX,-18,-0.00424145,-0.0093038
2026-09-23,NVDA,SOXX,-17,0.00791585,-0.000707407
2026-09-23,NVDA,SOXX,-16,-0.00111792,-0.00484683
2026-09-23,NVDA,SOXX,-15,0.00951384,0.00747962
2026-09-23,NVDA,SOXX,-14,-0.00870777,-0.0036809
2026-09-23,NVDA,SOXX,-13,-0.0138516,-0.00301395
2026-09-23,NVDA,SOXX,-12,-0.0172456,-0.0128785
2026-09-23,NVDA,SOXX,-11,0.0107934,0.00524739
2026-09-23,NVDA,SOXX,-10,0.013266,-0.000445555
2026-09-23,NVDA,SOXX,-9,0.0186799,0.00369427
2026-09-23,NVDA,SOXX,-8,0.0181083,0.0077945
2026-09-23,NVDA,SOXX,-7,0.0299262,0.0102414
2026-09-23,NVDA,SOXX,-6,0.0220513,-0.00305146
2026-09-23,NVDA,SOXX,-5,0.031639,0.00382215
2026-09-23,NVDA,SOXX,-4,0.046708,0.0143895
2026-09-23,NVDA,SOXX,-3,0.0521465,0.00100098
2026-09-23,NVDA,SOXX,-2,0.0838802,-0.0118845
2026-09-23,NVDA,SOXX,-1,0.206981,0.0357022
2026-09-23,NVDA,SOXX,0,0.45011,0.353999
2026-09-23,NVDA,SOXX,1,0.168463,0.0921884
2026-09-23,NVDA,SOXX,2,0.0732911,0.0430156
2026-09-23,NVDA,SOXX,3,0.0155982,-0.00247261
2026-09-23,NVDA,SOXX,4,0.0138548,0.0192962
2026-09-23,NVDA,SOXX,5,-0.00391418,-0.0148257
2026-09-23,NVDA,SOXX,6,0.0102043,0.0056085
2026-09-23,NVDA,SOXX,7,0.000365509,-0.00218216
2026-09-23,NVDA,SOXX,8,0.00994193,0.00222835
2026-09-23,NVDA,SOXX,9,0.02245,0.0158905
2026-09-23,NVDA,SOXX,10,0.0188799,0.0119954
2026-09-23,NVDA,SOXX,11,0.0209184,0.0120569
2026-09-23,NVDA,SOXX,12,0.0251507,0.0205654
2026-09-23,NVDA,SOXX,13,0.0164786,0.0101095
2026-09-23,NVDA,SOXX,14,0.0150636,-0.00153609
2026-09-23,NVDA,SOXX,15,0.0147334,0.0155818
2026-09-23,NVDA,SOXX,16,0.00267796,-0.00546732
2026-09-23,NVDA,SOXX,17,0.028748,0.0231574
2026-09-23,NVDA,SOXX,18,0.00424701,-0.00635168
2026-09-23,NVDA,SOXX,19,0.0105734,0.00669991
2026-09-23,NVDA,SOXX,20,0.0120073,0.00885306
2026-09-23,NVDA,SOXX,21,0.00975511,0.00789131
2026-09-23,NVDA,SOXX,22,-0.00673631,-0.0024959
2026-09-23,NVDA,SOXX,23,-0.0094645,-0.00517097
2026-09-23,NVDA,SOXX,24,-0.0004235,0.00344334
2026-09-23,NVDA,SOXX,25,-0.0286221,-0.0144132
2026-09-23,NVDA,SOXX,26,-0.0211106,-0.0188205
2026-09-23,NVDA,SOXX,27,0.0141284,0.0229888
2026-09-23,NVDA,SOXX,28,-0.00845911,-0.00692586
2026-09-23,NVDA,SOXX,29,0.00536171,0.0102611
2026-09-23,NVDA,SOXX,30,0.000611007,0.00319743
2026-09-23,NVDA,SMH,-30,-0.00724928,-0.0216869
2026-09-23,NVDA,SMH,-29,0.0156501,0.00690614
2026-09-23,NVDA,SMH,-28,0.00975429,0.000704831
2026-09-23,NVDA,SMH,-27,0.0064805,0.00519105
2026-09-23,NVDA,SMH,-26,-0.00251931,-0.00613352
2026-09-23,NVDA,SMH,-25,0.00571191,0.00463238
2026-09-23,NVDA,SMH,-24,-0.0114772,-0.00164565
2026-09-23,NVDA,SMH,-23,-0.0105893,-0.0107194
2026-09-23,NVDA,SMH,-22,0.00176335,0.00296033
2026-09-23,NVDA,SMH,-21,0.0141545,-1.56704e-05
2026-09-23,NVDA,SMH,-20,0.0202771,0.0107993
2026-09-23,NVDA,SMH,-19,0.0310484,0.00688008
2026-09-23,NVDA,SMH,-18,0.0141206,-0.0106253
2026-09-23,NVDA,SMH,-17,0.0284206,0.00325155
2026-09-23,NVDA,SMH,-16,-0.00436896,-0.0156521
2026-09-23,NVDA,SMH,-15,0.018135,0.00427778
2026-09-23,NVDA,SMH,-14,0.00250911,-0.000132909
2026-09-23,NVDA,SMH,-13,-0.00924475,-0.00523982
2026-09-23,NVDA,SMH,-12,0.00518056,-0.00469514
2026-09-23,NVDA,SMH,-11,0.0240122,0.0186299
2026-09-23,NVDA,SMH,-10,0.0129597,-0.00584115
2026-09-23,NVDA,SMH,-9,0.0262822,0.00731884
2026-09-23,NVDA,SMH,-8,0.0187785,0.00555467
2026-09-23,NVDA,SMH,-7,0.0247256,0.0131469
2026-09-23,NVDA,SMH,-6,-0.0019891,-0.00275616
2026-09-23,NVDA,SMH,-5,0.0230818,-0.00358032
2026-09-23,NVDA,SMH,-4,0.0582779,0.0178361
2026-09-23,NVDA,SMH,-3,0.0631777,-0.000755747
2026-09-23,NVDA,SMH,-2,0.121628,-0.000918348
2026-09-23,NVDA,SMH,-1,0.226956,0.0189211
2026-09-23,NVDA,SMH,0,0.496392,0.363104
2026-09-23,NVDA,SMH,1,0.207305,0.122578
2026-09-23,NVDA,SMH,2,0.105759,0.0598625
2026-09-23,NVDA,SMH,3,0.0443373,0.0148266
2026-09-23,NVDA,SMH,4,0.0307903,0.01732
2026-09-23,NVDA,SMH,5,0.0240388,0.0052194
2026-09-23,NVDA,SMH,6,0.00844655,0.00153141
2026-09-23,NVDA,SMH,7,0.00920664,0.00609011
2026-09-23,NVDA,SMH,8,0.00140676,0.00467477
2026-09-23,NVDA,SMH,9,0.0110883,0.0111678
2026-09-23,NVDA,SMH,10,0.00448712,0.00626856
2026-09-23,NVDA,SMH,11,0.0166392,0.0129504
2026-09-23,NVDA,SMH,12,0.0162791,0.0127359
2026-09-23,NVDA,SMH,13,0.00868079,0.00602425
2026-09-23,NVDA,SMH,14,0.0125213,0.00495635
2026-09-23,NVDA,SMH,15,0.0260922,0.0148908
2026-09-23,NVDA,SMH,16,-0.000402721,-0.00586169
2026-09-23,NVDA,SMH,17,0.0226325,0.016601
2026-09-23,NVDA,SMH,18,0.0111568,0.00568219
2026-09-23,NVDA,SMH,19,-0.000948322,-0.00272436
2026-09-23,NVDA,SMH,20,0.00981628,0.00532006
2026-09-23,NVDA,SMH,21,0.00389058,0.00452116
2026-09-23,NVDA,SMH,22,0.00874852,0.0062121
2026-09-23,NVDA,SMH,23,-0.0168067,-0.00137411
2026-09-23,NVDA,SMH,24,-0.00486378,-0.00371311
2026-09-23,NVDA,SMH,25,-0.00918665,-0.0158205
2026-09-23,NVDA,SMH,26,-0.00820744,-0.0119554
2026-09-23,NVDA,SMH,27,0.00329905,0.00303114
2026-09-23,NVDA,SMH,28,0.0104623,0.00976598
2026-09-23,NVDA,SMH,29,0.00980072,0.0165713
2026-09-23,NVDA,SMH,30,-0.00733859,0.003739
2026-09-23,SMH,SOXX,-30,-0.00325946,-0.00300612
2026-09-23,SMH,SOXX,-29,0.00917419,-0.00456349
2026-09-23,SMH,SOXX,-28,0.0109723,0.00727363
2026-09-23,SMH,SOXX,-27,0.0216756,0.00901439
2026-09-23,SMH,SOXX,-26,0.000940292,-0.0156012
2026-09-23,SMH,SOXX,-25,0.0227224,0.00908879
2026-09-23,SMH,SOXX,-24,0.0169018,0.0067711
2026-09-23,SMH,SOXX,-23,-0.00740083,0.00219557
2026-09-23,SMH,SOXX,-22,0.00545943,-0.00299803
2026-09-23,SMH,SOXX,-21,0.00484536,0.00705329
2026-09-23,SMH,SOXX,-20,0.00967727,0.0062688
2026-09-23,SMH,SOXX,-19,-0.0125097,-0.0134765
2026-09-23,SMH,SOXX,-18,0.0147825,0.0029215
2026-09-23,SMH,SOXX,-17,0.0253605,0.0100731
2026-09-23,SMH,SOXX,-16,-0.00886702,-0.0151847
2026-09-23,SMH,SOXX,-15,0.00797582,0.0142922
2026-09-23,SMH,SOXX,-14,-0.00249727,-0.00403804
2026-09-23,SMH,SOXX,-13,-0.00809117,-0.0124203
2026-09-23,SMH,SOXX,-12,0.00707872,0.00120648
2026-09-23,SMH,SOXX,-11,0.0118134,0.00224143
2026-09-23,SMH,SOXX,-10,0.0355538,0.0117363
2026-09-23,SMH,SOXX,-9,0.018004,-0.00490762
2026-09-23,SMH,SOXX,-8,0.0398047,0.00668843
2026-09-23,SMH,SOXX,-7,0.0627468,0.0147485
2026-09-23,SMH,SOXX,-6,0.0732955,0.00811157
2026-09-23,SMH,SOXX,-5,0.0865209,0.00468642
2026-09-23,SMH,SOXX,-4,0.109941,0.0156589
2026-09-23,SMH,SOXX,-3,0.169069,0.0166534
2026-09-23,SMH,SOXX,-2,0.26446,0.0402862
2026-09-23,SMH,SOXX,-1,0.436536,0.143357
2026-09-23,SMH,SOXX,0,0.70397,0.506047
2026-09-23,SMH,SOXX,1,0.398921,0.0788485
2026-09-23,SMH,SOXX,2,0.246117,0.031265
2026-09-23,SMH,SOXX,3,0.146802,0.0120312
2026-09-23,SMH,SOXX,4,0.0975328,0.0172602
2026-09-23,SMH,SOXX,5,0.050836,-0.0118373
2026-09-23,SMH,SOXX,6,0.0678382,0.0202843
2026-09-23,SMH,SOXX,7,0.0477269,0.0176417
2026-09-23,SMH,SOXX,8,0.0560886,0.00150033
2026-09-23,SMH,SOXX,9,0.0460334,0.00719239
2026-09-23,SMH,SOXX,10,0.0397162,0.0114407
2026-09-23,SMH,SOXX,11,0.0228076,0.00413721
2026-09-23,SMH,SOXX,12,0.0240692,-0.00121729
2026-09-23,SMH,SOXX,13,0.0240937,0.00756583
2026-09-23,SMH,SOXX,14,0.0187055,-0.00142482
2026-09-23,SMH,SOXX,15,0.0118661,0.00220424
2026-09-23,SMH,SOXX,16,0.0246088,0.0015317
2026-09-23,SMH,SOXX,17,0.0234447,-0.00152627
2026-09-23,SMH,SOXX,18,0.0206011,-0.0130033
2026-09-23,SMH,SOXX,19,0.0291682,0.00870868
2026-09-23,SMH,SOXX,20,0.0188841,0.0108605
2026-09-23,SMH,SOXX,21,0.0144391,0.00413413
2026-09-23,SMH,SOXX,22,-0.00160256,-0.0165992
2026-09-23,SMH,SOXX,23,0.00786168,0.0111787
2026-09-23,SMH,SOXX,24,-0.0068997,-0.00325188
2026-09-23,SMH,SOXX,25,-0.00416133,-0.00275656
2026-09-23,SMH,SOXX,26,0.00121766,0.00306936
2026-09-23,SMH,SOXX,27,0.00905929,0.00803109
2026-09-23,SMH,SOXX,28,0.00433365,-0.0048855
2026-09-23,SMH,SOXX,29,0.0199969,0.00793192
2026-09-23,SMH,SOXX,30,0.0185359,0.00843035
2026-09-24,NVDA,SOXL,-30,0.0113378,0.0121475
2026-09-24,NVDA,SOXL,-29,0.00774336,0.00522279
2026-09-24,NVDA,SOXL,-28,0.00356903,-0.000792062
2026-09-24,NVDA,SOXL,-27,-0.00226651,-0.00560636
2026-09-24,NVDA,SOXL,-26,-0.00195811,-0.00294762
2026-09-24,NVDA,SOXL,-25,0.0078311,0.0112558
2026-09-24,NVDA,SOXL,-24,-0.00770896,-0.00639813
2026-09-24,NVDA,SOXL,-23,0.00938293,0.00834379
2026-09-24,NVDA,SOXL,-22,0.01208,0.0119818
2026-09-24,NVDA,SOXL,-21,0.0111153,0.00858192
2026-09-24,NVDA,SOXL,-20,-0.00151356,0.00110898
2026-09-24,NVDA,SOXL,-19,0.0179768,0.015748
2026-09-24,NVDA,SOXL,-18,-0.00241573,-0.00480638
2026-09-24,NVDA,SOXL,-17,-0.000964745,0.000130977
2026-09-24,NVDA,SOXL,-16,-0.00712163,-0.00485985
2026-09-24,NVDA,SOXL,-15,0.010273,0.0115263
2026-09-24,NVDA,SOXL,-14,-0.00451673,-0.00769572
2026-09-24,NVDA,SOXL,-13,0.00710714,0.00474094
2026-09-24,NVDA,SOXL,-12,-0.00487002,-0.00265992
2026-09-24,NVDA,SOXL,-11,-0.00285864,-0.00226351
2026-09-24,NVDA,SOXL,-10,0.00182339,0.00125378
2026-09-24,NVDA,SOXL,-9,0.000729765,-5.73841e-05
2026-09-24,NVDA,SOXL,-8,-0.0137283,-0.0140618
2026-09-24,NVDA,SOXL,-7,0.0103227,0.00933365
2026-09-24,NVDA,SOXL,-6,0.00466017,0.00169045
2026-09-24,NVDA,SOXL,-5,-0.0143084,-0.0128697
2026-09-24,NVDA,SOXL,-4,-0.0137465,-0.010599
2026-09-24,NVDA,SOXL,-3,-0.00684663,-0.00785649
2026-09-24,NVDA,SOXL,-2,0.0202242,0.00787389
2026-09-24,NVDA,SOXL,-1,0.107451,0.0648721
2026-09-24,NVDA,SOXL,0,0.46351,0.438665
2026-09-24,NVDA,SOXL,1,0.0982353,0.0693989
2026-09-24,NVDA,SOXL,2,0.0156624,0.00798633
2026-09-24,NVDA,SOXL,3,0.00183114,0.00105738
2026-09-24,NVDA,SOXL,4,-0.00500254,-0.0048388
2026-09-24,NVDA,SOXL,5,-0.0065968,-0.00321106
2026-09-24,NVDA,SOXL,6,0.0109945,0.00948883
2026-09-24,NVDA,SOXL,7,0.0148921,0.0086628
2026-09-24,NVDA,SOXL,8,0.013437,0.00841902
2026-09-24,NVDA,SOXL,9,0.00634747,0.00628653
2026-09-24,NVDA,SOXL,10,0.00978398,0.00531217
2026-09-24,NVDA,SOXL,11,0.00713916,0.00660797
2026-09-24,NVDA,SOXL,12,-0.00172454,-0.00407761
2026-09-24,NVDA,SOXL,13,-1.23492e-05,0.000590377
2026-09-24,NVDA,SOXL,14,-0.00138012,-0.00686086
2026-09-24,NVDA,SOXL,15,0.0200219,0.0173922
2026-09-24,NVDA,SOXL,16,0.00684796,0.00772873
2026-09-24,NVDA,SOXL,17,-0.00950642,-0.0105035
2026-09-24,NVDA,SOXL,18,0.0185821,0.0180285
2026-09-24,NVDA,SOXL,19,-0.00911093,-0.00859601
2026-09-24,NVDA,SOXL,20,-0.0184191,-0.0177421
2026-09-24,NVDA,SOXL,21,0.00403394,0.00217366
2026-09-24,NVDA,SOXL,22,0.00330398,-0.00104289
2026-09-24,NVDA,SOXL,23,0.00896572,0.0117285
2026-09-24,NVDA,SOXL,24,0.000295338,0.000267288
2026-09-24,NVDA,SOXL,25,0.0158712,0.0152093
2026-09-24,NVDA,SOXL,26,0.00298437,0.00141137
2026-09-24,NVDA,SOXL,27,-0.000726806,0.000929149
2026-09-24,NVDA,SOXL,28,-0.00626398,-0.00704006
2026-09-24,NVDA,SOXL,29,0.0131816,0.0121064
2026-09-24,NVDA,SOXL,30,0.00934917,0.0069417
2026-09-24,SOXX,SOXL,-30,0.0204518,0.0128442
2026-09-24,SOXX,SOXL,-29,0.0171429,0.00898372
2026-09-24,SOXX,SOXL,-28,0.0109929,-0.00206767
2026-09-24,SOXX,SOXL,-27,0.0151807,0.00918585
2026-09-24,SOXX,SOXL,-26,-0.00306147,-0.0149121
2026-09-24,SOXX,SOXL,-25,0.0233067,0.00643138
2026-09-24,SOXX,SOXL,-24,0.0185797,0.0136799
2026-09-24,SOXX,SOXL,-23,0.000904264,-0.011251
2026-09-24,SOXX,SOXL,-22,0.00288506,0.00175727
2026-09-24,SOXX,SOXL,-21,0.0113841,0.00399908
2026-09-24,SOXX,SOXL,-20,-0.0118609,-0.0147578
2026-09-24,SOXX,SOXL,-19,0.0181979,0.00675071
2026-09-24,SOXX,SOXL,-18,0.00806637,0.000329361
2026-09-24,SOXX,SOXL,-17,0.0179438,0.00860368
2026-09-24,SOXX,SOXL,-16,0.0194131,0.00885282
2026-09-24,SOXX,SOXL,-15,0.0374953,0.0124235
2026-09-24,SOXX,SOXL,-14,0.00797804,-0.0125856
2026-09-24,SOXX,SOXL,-13,0.0318167,0.0130885
2026-09-24,SOXX,SOXL,-12,0.0405144,0.0157692
2026-09-24,SOXX,SOXL,-11,0.0349148,0.00456943
2026-09-24,SOXX,SOXL,-10,0.0356427,0.00334547
2026-09-24,SOXX,SOXL,-9,0.0239489,-0.00180571
2026-09-24,SOXX,SOXL,-8,0.0348064,0.00482984
2026-09-24,SOXX,SOXL,-7,0.0488547,0.0116402
2026-09-24,SOXX,SOXL,-6,0.0378878,0.00606263
2026-09-24,SOXX,SOXL,-5,0.0403818,0.0196265
2026-09-24,SOXX,SOXL,-4,0.0731548,0.0326889
2026-09-24,SOXX,SOXL,-3,0.104962,0.0366948
2026-09-24,SOXX,SOXL,-2,0.188366,0.0777143
2026-09-24,SOXX,SOXL,-1,0.379314,0.192311
2026-09-24,SOXX,SOXL,0,0.73342,0.507042
2026-09-24,SOXX,SOXL,1,0.380214,0.0276217
2026-09-24,SOXX,SOXL,2,0.235397,0.0126764
2026-09-24,SOXX,SOXL,3,0.156066,0.0101453
2026-09-24,SOXX,SOXL,4,0.0925013,-0.00412461
2026-09-24,SOXX,SOXL,5,0.0568107,0.00181913
2026-09-24,SOXX,SOXL,6,0.0527365,0.0101398
2026-09-24,SOXX,SOXL,7,0.0480823,0.0117143
2026-09-24,SOXX,SOXL,8,0.0417684,0.00482424
2026-09-24,SOXX,SOXL,9,0.0234795,-0.000505322
2026-09-24,SOXX,SOXL,10,0.0417556,0.0172243
2026-09-24,SOXX,SOXL,11,0.0212936,0.00374473
2026-09-24,SOXX,SOXL,12,0.0212535,-0.00240757
2026-09-24,SOXX,SOXL,13,0.0182888,-0.00182729
2026-09-24,SOXX,SOXL,14,0.0021128,-0.00422085
2026-09-24,SOXX,SOXL,15,0.0175232,0.0104727
2026-09-24,SOXX,SOXL,16,0.0034459,0.00488937
2026-09-24,SOXX,SOXL,17,0.0100052,0.00530099
2026-09-24,SOXX,SOXL,18,0.0140961,0.00992389
2026-09-24,SOXX,SOXL,19,0.0098291,-0.00308455
2026-09-24,SOXX,SOXL,20,0.00154429,-0.00838735
2026-09-24,SOXX,SOXL,21,0.0132547,0.00745503
2026-09-24,SOXX,SOXL,22,0.0127878,0.00744858
2026-09-24,SOXX,SOXL,23,0.00452073,-0.00414263
2026-09-24,SOXX,SOXL,24,0.0240036,0.00598911
2026-09-24,SOXX,SOXL,25,0.0113648,-0.00115956
2026-09-24,SOXX,SOXL,26,0.00413303,-0.00172876
2026-09-24,SOXX,SOXL,27,-0.00174912,0.000966888
2026-09-24,SOXX,SOXL,28,-0.0183281,-0.0061569
2026-09-24,SOXX,SOXL,29,0.0110101,0.00806495
2026-09-24,SOXX,SOXL,30,0.0307441,0.015013
2026-09-24,SMH,SOXL,-30,0.0135774,0.0135508
2026-09-24,SMH,SOXL,-29,0.0139549,0.00250673
2026-09-24,SMH,SOXL,-28,0.0211408,0.00400275
2026-09-24,SMH,SOXL,-27,0.0156801,-0.00472063
2026-09-24,SMH,SOXL,-26,-0.000766821,-0.0127562
2026-09-24,SMH,SOXL,-25,0.00954232,0.0175132
2026-09-24,SMH,SOXL,-24,0.00513339,0.00229627
2026-09-24,SMH,SOXL,-23,0.00342583,-0.00438307
2026-09-24,SMH,SOXL,-22,0.013429,0.004453
2026-09-24,SMH,SOXL,-21,0.0135564,0.00373692
2026-09-24,SMH,SOXL,-20,0.0154548,0.000182272
2026-09-24,SMH,SOXL,-19,0.0150937,-0.00588846
2026-09-24,SMH,SOXL,-18,0.0154079,0.00118265
2026-09-24,SMH,SOXL,-17,0.015892,0.00074047
2026-09-24,SMH,SOXL,-16,0.0198986,0.0113552
2026-09-24,SMH,SOXL,-15,0.00891347,0.00463808
2026-09-24,SMH,SOXL,-14,0.0073101,0.00377086
2026-09-24,SMH,SOXL,-13,0.0120121,-0.00490428
2026-09-24,SMH,SOXL,-12,0.00801758,0.00237343
2026-09-24,SMH,SOXL,-11,0.00115828,-0.00124971
2026-09-24,SMH,SOXL,-10,0.0190542,0.016306
2026-09-24,SMH,SOXL,-9,0.0219042,0.000945425
2026-09-24,SMH,SOXL,-8,0.0370379,0.0115308
2026-09-24,SMH,SOXL,-7,0.0327886,0.0157378
2026-09-24,SMH,SOXL,-6,0.028183,0.00796288
2026-09-24,SMH,SOXL,-5,0.00878367,0.0015202
2026-09-24,SMH,SOXL,-4,0.0340224,0.0175061
2026-09-24,SMH,SOXL,-3,0.0808353,0.0389786
2026-09-24,SMH,SOXL,-2,0.173126,0.0867021
2026-09-24,SMH,SOXL,-1,0.362866,0.18742
2026-09-24,SMH,SOXL,0,0.709511,0.499162
2026-09-24,SMH,SOXL,1,0.406871,0.0494953
2026-09-24,SMH,SOXL,2,0.24251,-0.000680645
2026-09-24,SMH,SOXL,3,0.150811,-0.000503651
2026-09-24,SMH,SOXL,4,0.111285,0.00460685
2026-09-24,SMH,SOXL,5,0.0904602,0.0126288
2026-09-24,SMH,SOXL,6,0.0627897,0.00403591
2026-09-24,SMH,SOXL,7,0.0497049,0.00717347
2026-09-24,SMH,SOXL,8,0.0406719,0.00738473
2026-09-24,SMH,SOXL,9,0.0251454,-0.0028183
2026-09-24,SMH,SOXL,10,0.0321899,0.0138372
2026-09-24,SMH,SOXL,11,0.0352375,0.00545611
2026-09-24,SMH,SOXL,12,0.0135687,-0.00548548
2026-09-24,SMH,SOXL,13,-0.000988468,-0.00231297
2026-09-24,SMH,SOXL,14,0.0125052,0.0145858
2026-09-24,SMH,SOXL,15,0.0267081,0.0114957
2026-09-24,SMH,SOXL,16,0.0129772,-0.00270238
2026-09-24,SMH,SOXL,17,0.029254,0.0154224
2026-09-24,SMH,SOXL,18,0.0109763,-0.0047157
2026-09-24,SMH,SOXL,19,0.000143686,-9.34068e-05
2026-09-24,SMH,SOXL,20,-0.0274221,-0.0167443
2026-09-24,SMH,SOXL,21,0.00700116,0.0156602
2026-09-24,SMH,SOXL,22,0.00659472,-0.000401601
2026-09-24,SMH,SOXL,23,0.0117723,0.00540001
2026-09-24,SMH,SOXL,24,0.0014615,0.000847519
2026-09-24,SMH,SOXL,25,0.0200294,0.00813039
2026-09-24,SMH,SOXL,26,0.016683,0.000518095
2026-09-24,SMH,SOXL,27,0.00153209,-0.00337792
2026-09-24,SMH,SOXL,28,0.0187645,0.00145675
2026-09-24,SMH,SOXL,29,0.0144668,0.00630061
2026-09-24,SMH,SOXL,30,0.023096,0.0107682
2026-09-24,QQQ,SOXL,-30,0.00935032,0.00958855
2026-09-24,QQQ,SOXL,-29,0.00298832,0.00265822
2026-09-24,QQQ,SOXL,-28,-0.00417689,-0.0081095
2026-09-24,QQQ,SOXL,-27,-0.00356219,-0.00369306
2026-09-24,QQQ,SOXL,-26,-0.00775936,-0.00624252
2026-09-24,QQQ,SOXL,-25,-0.00508243,0.00247291
2026-09-24,QQQ,SOXL,-24,-0.00138978,-0.00217882
2026-09-24,QQQ,SOXL,-23,0.0155699,0.0134482
2026-09-24,QQQ,SOXL,-22,-0.010061,-0.00926676
2026-09-24,QQQ,SOXL,-21,0.00669641,0.0107607
2026-09-24,QQQ,SOXL,-20,-0.0102271,-0.0125257
2026-09-24,QQQ,SOXL,-19,0.00506977,0.00439482
2026-09-24,QQQ,SOXL,-18,-0.00192175,-0.00401405
2026-09-24,QQQ,SOXL,-17,0.00407782,0.000800644
2026-09-24,QQQ,SOXL,-16,0.0042966,0.00237462
2026-09-24,QQQ,SOXL,-15,0.000931968,0.00358008
2026-09-24,QQQ,SOXL,-14,-0.00861317,-0.00887868
2026-09-24,QQQ,SOXL,-13,-0.00196611,-0.00526206
2026-09-24,QQQ,SOXL,-12,-0.0131222,-0.00433762
2026-09-24,QQQ,SOXL,-11,-0.0127933,-0.0107546
2026-09-24,QQQ,SOXL,-10,0.00137245,0.0068805
2026-09-24,QQQ,SOXL,-9,0.00705866,0.00490528
2026-09-24,QQQ,SOXL,-8,0.007154,0.00417099
2026-09-24,QQQ,SOXL,-7,0.0172545,0.012384
2026-09-24,QQQ,SOXL,-6,0.00648796,0.00388782
2026-09-24,QQQ,SOXL,-5,-0.00671101,-0.00537581
2026-09-24,QQQ,SOXL,-4,0.00075358,0.000111933
2026-09-24,QQQ,SOXL,-3,0.00609292,0.00279141
2026-09-24,QQQ,SOXL,-2,0.0395396,0.0192572
2026-09-24,QQQ,SOXL,-1,0.183715,0.121071
2026-09-24,QQQ,SOXL,0,0.649056,0.591365
2026-09-24,QQQ,SOXL,1,0.163293,0.0856089
2026-09-24,QQQ,SOXL,2,0.0102931,-0.00827829
2026-09-24,QQQ,SOXL,3,0.014819,0.00930024
2026-09-24,QQQ,SOXL,4,0.00211837,-0.000154021
2026-09-24,QQQ,SOXL,5,-0.00827194,-0.00657529
2026-09-24,QQQ,SOXL,6,0.00545622,0.00466
2026-09-24,QQQ,SOXL,7,0.0113018,0.00959435
2026-09-24,QQQ,SOXL,8,0.0162395,0.0100221
2026-09-24,QQQ,SOXL,9,0.00742906,0.00713355
2026-09-24,QQQ,SOXL,10,0.0198816,0.0125057
2026-09-24,QQQ,SOXL,11,0.00812816,0.00303456
2026-09-24,QQQ,SOXL,12,-0.000994819,0.00119333
2026-09-24,QQQ,SOXL,13,0.0114697,0.0102947
2026-09-24,QQQ,SOXL,14,0.00171048,-0.00180638
2026-09-24,QQQ,SOXL,15,0.0231701,0.0154832
2026-09-24,QQQ,SOXL,16,0.0163649,0.0128235
2026-09-24,QQQ,SOXL,17,0.00565483,0.00656627
2026-09-24,QQQ,SOXL,18,0.00245813,-0.00135473
2026-09-24,QQQ,SOXL,19,0.00328324,0.00601628
2026-09-24,QQQ,SOXL,20,-0.0147949,-0.0122683
2026-09-24,QQQ,SOXL,21,1.27844e-05,0.00277955
2026-09-24,QQQ,SOXL,22,-0.00427528,-0.00549076
2026-09-24,QQQ,SOXL,23,0.00255491,0.00609744
2026-09-24,QQQ,SOXL,24,0.00697643,0.0117279
2026-09-24,QQQ,SOXL,25,0.0241769,0.0204368
2026-09-24,QQQ,SOXL,26,-0.00292676,-0.00706843
2026-09-24,QQQ,SOXL,27,0.00883083,0.00818727
2026-09-24,QQQ,SOXL,28,0.00344677,-0.00241866
2026-09-24,QQQ,SOXL,29,0.00666767,0.00485921
2026-09-24,QQQ,SOXL,30,0.024188,0.0218706
2026-09-24,NVDA,SOXS,-30,-0.0106013,-0.0114564
2026-09-24,NVDA,SOXS,-29,0.00365939,0.00150678
2026-09-24,NVDA,SOXS,-28,-0.00684556,-0.00492955
2026-09-24,NVDA,SOXS,-27,0.00319261,0.00642654
2026-09-24,NVDA,SOXS,-26,0.00453806,0.0052995
2026-09-24,NVDA,SOXS,-25,-0.00543786,-0.0108358
2026-09-24,NVDA,SOXS,-24,0.00809494,0.0112432
2026-09-24,NVDA,SOXS,-23,-0.0179866,-0.0141885
2026-09-24,NVDA,SOXS,-22,-0.0186172,-0.0168008
2026-09-24,NVDA,SOXS,-21,-0.0130755,-0.00881181
2026-09-24,NVDA,SOXS,-20,0.00263103,0.00182933
2026-09-24,NVDA,SOXS,-19,-0.00849714,-0.00596493
2026-09-24,NVDA,SOXS,-18,-0.00275156,-0.00170112
2026-09-24,NVDA,SOXS,-17,0.00315744,0.00374843
2026-09-24,NVDA,SOXS,-16,-0.00271137,-0.00402153
2026-09-24,NVDA,SOXS,-15,-0.0066639,-0.00422505
2026-09-24,NVDA,SOXS,-14,-0.00445084,0.00275889
2026-09-24,NVDA,SOXS,-13,-0.00889042,-0.00902776
2026-09-24,NVDA,SOXS,-12,0.00776636,0.00838181
2026-09-24,NVDA,SOXS,-11,-0.00568836,-0.00220118
2026-09-24,NVDA,SOXS,-10,-0.00285536,-0.00400094
2026-09-24,NVDA,SOXS,-9,0.0062388,0.00510129
2026-09-24,NVDA,SOXS,-8,0.00558589,0.00549599
2026-09-24,NVDA,SOXS,-7,-0.0065385,-0.00218558
2026-09-24,NVDA,SOXS,-6,0.00616677,0.0037761
2026-09-24,NVDA,SOXS,-5,0.00387276,0.0039993
2026-09-24,NVDA,SOXS,-4,0.0110132,0.0116569
2026-09-24,NVDA,SOXS,-3,0.0106315,0.0144234
2026-09-24,NVDA,SOXS,-2,-0.0189439,-0.00391442
2026-09-24,NVDA,SOXS,-1,-0.109374,-0.0573577
2026-09-24,NVDA,SOXS,0,-0.452046,-0.426775
2026-09-24,NVDA,SOXS,1,-0.0971501,-0.0635483
2026-09-24,NVDA,SOXS,2,-0.0150188,-0.00624759
2026-09-24,NVDA,SOXS,3,-0.0124228,-0.00745273
2026-09-24,NVDA,SOXS,4,0.00645442,0.0045679
2026-09-24,NVDA,SOXS,5,0.0101278,0.00859247
2026-09-24,NVDA,SOXS,6,-0.0183994,-0.017213
2026-09-24,NVDA,SOXS,7,-0.00817191,-0.00630316
2026-09-24,NVDA,SOXS,8,-0.000839025,-0.000257679
2026-09-24,NVDA,SOXS,9,-0.00220146,0.000653921
2026-09-24,NVDA,SOXS,10,-0.0174658,-0.0131594
2026-09-24,NVDA,SOXS,11,0.000774611,-0.00244096
2026-09-24,NVDA,SOXS,12,0.00461,0.0100892
2026-09-24,NVDA,SOXS,13,-0.00598753,-0.00618851
2026-09-24,NVDA,SOXS,14,-0.000735598,-0.000637485
2026-09-24,NVDA,SOXS,15,-0.00904135,-0.0086575
2026-09-24,NVDA,SOXS,16,-0.0114045,-0.0096381
2026-09-24,NVDA,SOXS,17,0.00863132,0.00804364
2026-09-24,NVDA,SOXS,18,-0.0181513,-0.0148191
2026-09-24,NVDA,SOXS,19,0.0055189,0.0085827
2026-09-24,NVDA,SOXS,20,0.0178159,0.016922
2026-09-24,NVDA,SOXS,21,-0.00371864,-0.0028222
2026-09-24,NVDA,SOXS,22,-0.00605949,-0.000941807
2026-09-24,NVDA,SOXS,23,-0.00404997,-0.0036926
2026-09-24,NVDA,SOXS,24,-0.00749733,-0.00546693
2026-09-24,NVDA,SOXS,25,-0.0151221,-0.013818
2026-09-24,NVDA,SOXS,26,-0.00388708,1.09391e-05
2026-09-24,NVDA,SOXS,27,-0.00124967,0.00330801
2026-09-24,NVDA,SOXS,28,0.00395849,0.00800914
2026-09-24,NVDA,SOXS,29,-0.0115353,-0.0107162
2026-09-24,NVDA,SOXS,30,-0.00969684,-0.00812562
2026-09-24,SOXX,SOXS,-30,-0.0140882,-0.0058691
2026-09-24,SOXX,SOXS,-29,-0.0172043,-0.0123111
2026-09-24,SOXX,SOXS,-28,-0.0135386,-0.00303499
2026-09-24,SOXX,SOXS,-27,-0.00987805,0.000533201
2026-09-24,SOXX,SOXS,-26,-0.00158297,0.00726925
2026-09-24,SOXX,SOXS,-25,-0.0159628,-0.0039888
2026-09-24,SOXX,SOXS,-24,-0.0185171,-0.00916618
2026-09-24,SOXX,SOXS,-23,0.00220566,0.00703684
2026-09-24,SOXX,SOXS,-22,-0.0282842,-0.0126729
2026-09-24,SOXX,SOXS,-21,0.00128563,0.00529548
2026-09-24,SOXX,SOXS,-20,-0.0015615,0.00688847
2026-09-24,SOXX,SOXS,-19,-0.00789553,0.00522119
2026-09-24,SOXX,SOXS,-18,-0.00928391,-0.00712596
2026-09-24,SOXX,SOXS,-17,-0.0153775,-0.0118828
2026-09-24,SOXX,SOXS,-16,-0.0145975,-0.00263748
2026-09-24,SOXX,SOXS,-15,-0.032276,-0.0103596
2026-09-24,SOXX,SOXS,-14,-0.00936228,0.00753617
2026-09-24,SOXX,SOXS,-13,-0.0296381,-0.0146352
2026-09-24,SOXX,SOXS,-12,-0.040238,-0.0147283
2026-09-24,SOXX,SOXS,-11,-0.0462677,-0.00615444
2026-09-24,SOXX,SOXS,-10,-0.024115,0.00273793
2026-09-24,SOXX,SOXS,-9,-0.0253648,-0.00572337
2026-09-24,SOXX,SOXS,-8,-0.0292924,0.00239069
2026-09-24,SOXX,SOXS,-7,-0.0412202,-0.0091386
2026-09-24,SOXX,SOXS,-6,-0.040585,-0.00884464
2026-09-24,SOXX,SOXS,-5,-0.0464049,-0.0218354
2026-09-24,SOXX,SOXS,-4,-0.0744802,-0.0248006
2026-09-24,SOXX,SOXS,-3,-0.0863096,-0.027126
2026-09-24,SOXX,SOXS,-2,-0.185576,-0.0761454
2026-09-24,SOXX,SOXS,-1,-0.365091,-0.168526
2026-09-24,SOXX,SOXS,0,-0.701507,-0.489075
2026-09-24,SOXX,SOXS,1,-0.36869,-0.0320497
2026-09-24,SOXX,SOXS,2,-0.228128,-0.00533403
2026-09-24,SOXX,SOXS,3,-0.140541,-0.0107653
2026-09-24,SOXX,SOXS,4,-0.0919942,-0.00172953
2026-09-24,SOXX,SOXS,5,-0.0514055,0.00184472
2026-09-24,SOXX,SOXS,6,-0.0489768,-0.010737
2026-09-24,SOXX,SOXS,7,-0.0472775,-0.00864723
2026-09-24,SOXX,SOXS,8,-0.0380678,-0.00390716
2026-09-24,SOXX,SOXS,9,-0.0217718,0.00404185
2026-09-24,SOXX,SOXS,10,-0.0388583,-0.0205896
2026-09-24,SOXX,SOXS,11,-0.00458775,0.00210268
2026-09-24,SOXX,SOXS,12,-0.0232986,0.00364393
2026-09-24,SOXX,SOXS,13,-0.00887051,0.00381291
2026-09-24,SOXX,SOXS,14,-0.0137123,-0.00711341
2026-09-24,SOXX,SOXS,15,-0.0063762,0.00209887
2026-09-24,SOXX,SOXS,16,-0.00905785,-0.0102689
2026-09-24,SOXX,SOXS,17,-0.00457126,-0.0045116
2026-09-24,SOXX,SOXS,18,-0.0190309,-0.0186363
2026-09-24,SOXX,SOXS,19,-0.00534194,0.017406
2026-09-24,SOXX,SOXS,20,-0.00818605,0.000201846
2026-09-24,SOXX,SOXS,21,-0.00726861,0.00128227
2026-09-24,SOXX,SOXS,22,-0.0145796,-0.0116555
2026-09-24,SOXX,SOXS,23,-0.00244978,0.00752133
2026-09-24,SOXX,SOXS,24,-0.0237714,-0.0147634
2026-09-24,SOXX,SOXS,25,-0.00578456,0.00476243
2026-09-24,SOXX,SOXS,26,-0.00235081,0.00660249
2026-09-24,SOXX,SOXS,27,0.00287706,-0.000978477
2026-09-24,SOXX,SOXS,28,0.00885776,0.00817804
2026-09-24,SOXX,SOXS,29,-0.0126853,-0.0148933
2026-09-24,SOXX,SOXS,30,-0.0183219,-0.00711403
2026-09-24,SOXL,SOXS,-30,-0.0195064,-0.0180285
2026-09-24,SOXL,SOXS,-29,-0.00274216,-0.00148909
2026-09-24,SOXL,SOXS,-28,9.48839e-05,-0.001378
2026-09-24,SOXL,SOXS,-27,0.00632383,0.00412885
2026-09-24,SOXL,SOXS,-26,0.0073656,0.0119436
2026-09-24,SOXL,SOXS,-25,-0.0014525,-0.0050623
2026-09-24,SOXL,SOXS,-24,-0.00798492,-0.0050336
2026-09-24,SOXL,SOXS,-23,-0.00610613,-0.00950984
2026-09-24,SOXL,SOXS,-22,-0.0119597,-0.00626521
2026-09-24,SOXL,SOXS,-21,-0.0100988,-0.00624697
2026-09-24,SOXL,SOXS,-20,0.0136341,0.014986
2026-09-24,SOXL,SOXS,-19,-0.00249531,-0.00165709
2026-09-24,SOXL,SOXS,-18,-0.00465982,-0.0030518
2026-09-24,SOXL,SOXS,-17,-0.00378481,-0.00141543
2026-09-24,SOXL,SOXS,-16,-0.00505599,-0.00514586
2026-09-24,SOXL,SOXS,-15,-0.0182363,-0.0133543
2026-09-24,SOXL,SOXS,-14,0.00118216,0.00508436
2026-09-24,SOXL,SOXS,-13,-0.0109369,-0.0118792
2026-09-24,SOXL,SOXS,-12,-0.00152486,-0.0015674
2026-09-24,SOXL,SOXS,-11,-0.00038749,0.00176887
2026-09-24,SOXL,SOXS,-10,-0.00674803,-0.00563826
2026-09-24,SOXL,SOXS,-9,-0.0100593,-0.0115221
2026-09-24,SOXL,SOXS,-8,-0.0104301,-0.00345073
2026-09-24,SOXL,SOXS,-7,-0.0164371,-0.01248
2026-09-24,SOXL,SOXS,-6,-0.00326772,0.000582938
2026-09-24,SOXL,SOXS,-5,-0.00507856,-0.000231693
2026-09-24,SOXL,SOXS,-4,-0.0021326,-0.00274865
2026-09-24,SOXL,SOXS,-3,-0.0055154,0.00360744
2026-09-24,SOXL,SOXS,-2,-0.0317727,-0.0129645
2026-09-24,SOXL,SOXS,-1,-0.149112,-0.0748925
2026-09-24,SOXL,SOXS,0,-0.743198,-0.702879
2026-09-24,SOXL,SOXS,1,-0.144587,-0.087814
2026-09-24,SOXL,SOXS,2,-0.0377212,-0.0164211
2026-09-24,SOXL,SOXS,3,-0.0091297,-0.00278989
2026-09-24,SOXL,SOXS,4,-0.00842418,-0.00611037
2026-09-24,SOXL,SOXS,5,0.00793519,0.00856285
2026-09-24,SOXL,SOXS,6,-0.0111705,-0.00827434
2026-09-24,SOXL,SOXS,7,-0.020543,-0.014417
2026-09-24,SOXL,SOXS,8,2.01673e-05,0.00365043
2026-09-24,SOXL,SOXS,9,-0.0120102,-0.00831792
2026-09-24,SOXL,SOXS,10,-0.0140197,-0.0142121
2026-09-24,SOXL,SOXS,11,0.00415654,0.00583406
2026-09-24,SOXL,SOXS,12,0.00253205,0.00495479
2026-09-24,SOXL,SOXS,13,0.000406509,-0.00282146
2026-09-24,SOXL,SOXS,14,0.00142701,1.58034e-05
2026-09-24,SOXL,SOXS,15,-0.0198237,-0.0171195
2026-09-24,SOXL,SOXS,16,-0.00349359,-0.00601694
2026-09-24,SOXL,SOXS,17,-0.00884125,-0.00640053
2026-09-24,SOXL,SOXS,18,-0.00033947,-0.000102016
2026-09-24,SOXL,SOXS,19,0.011009,0.0131864
2026-09-24,SOXL,SOXS,20,0.00166251,0.00293321
2026-09-24,SOXL,SOXS,21,-0.012894,-0.00789627
2026-09-24,SOXL,SOXS,22,0.00310928,0.00260971
2026-09-24,SOXL,SOXS,23,-0.0056093,-0.00637757
2026-09-24,SOXL,SOXS,24,-0.00967294,-0.00919485
2026-09-24,SOXL,SOXS,25,-0.00810596,-0.0104748
2026-09-24,SOXL,SOXS,26,0.0140298,0.0192626
2026-09-24,SOXL,SOXS,27,-0.000719347,0.0011891
2026-09-24,SOXL,SOXS,28,-0.00072509,0.00585385
2026-09-24,SOXL,SOXS,29,-0.0137528,-0.00953424
2026-09-24,SOXL,SOXS,30,-0.0102627,-0.0108619
2026-09-24,NVDA,SOXX,-30,0.00995857,0.00506199
2026-09-24,NVDA,SOXX,-29,0.0128712,0.0105388
2026-09-24,NVDA,SOXX,-28,-0.0015234,0.00110515
2026-09-24,NVDA,SOXX,-27,-0.00824081,-0.00801614
2026-09-24,NVDA,SOXX,-26,0.00988106,0.00395056
2026-09-24,NVDA,SOXX,-25,0.0133331,0.00613801
2026-09-24,NVDA,SOXX,-24,0.0112665,0.00173569
2026-09-24,NVDA,SOXX,-23,0.0151686,-0.00482235
2026-09-24,NVDA,SOXX,-22,0.0367888,0.0261159
2026-09-24,NVDA,SOXX,-21,0.0122448,-0.00297494
2026-09-24,NVDA,SOXX,-20,0.0223801,0.00659647
2026-09-24,NVDA,SOXX,-19,0.015282,0.0104716
2026-09-24,NVDA,SOXX,-18,0.00468453,0.0134152
2026-09-24,NVDA,SOXX,-17,-0.00854456,0.00158137
2026-09-24,NVDA,SOXX,-16,-0.0110631,0.00133526
2026-09-24,NVDA,SOXX,-15,-0.00285598,-0.000326438
2026-09-24,NVDA,SOXX,-14,-0.000766644,-0.00144665
2026-09-24,NVDA,SOXX,-13,0.00705756,-0.00165305
2026-09-24,NVDA,SOXX,-12,0.00326436,-0.0157033
2026-09-24,NVDA,SOXX,-11,0.0100657,0.00516246
2026-09-24,NVDA,SOXX,-10,0.00307187,0.00182224
2026-09-24,NVDA,SOXX,-9,0.00534756,-0.00272952
2026-09-24,NVDA,SOXX,-8,0.00580604,0.000487508
2026-09-24,NVDA,SOXX,-7,0.0159401,0.00959309
2026-09-24,NVDA,SOXX,-6,0.00355846,-0.0098011
2026-09-24,NVDA,SOXX,-5,0.0144163,-0.00380822
2026-09-24,NVDA,SOXX,-4,0.0449163,-0.0129183
2026-09-24,NVDA,SOXX,-3,0.0787179,-0.000657353
2026-09-24,NVDA,SOXX,-2,0.14728,0.000297087
2026-09-24,NVDA,SOXX,-1,0.252688,0.0212572
2026-09-24,NVDA,SOXX,0,0.458838,0.30141
2026-09-24,NVDA,SOXX,1,0.246454,0.119142
2026-09-24,NVDA,SOXX,2,0.115204,0.0437929
2026-09-24,NVDA,SOXX,3,0.0643827,0.0285181
2026-09-24,NVDA,SOXX,4,0.0379616,0.0150581
2026-09-24,NVDA,SOXX,5,0.0394892,0.00744172
2026-09-24,NVDA,SOXX,6,0.0394215,0.00445122
2026-09-24,NVDA,SOXX,7,0.0530969,0.0210935
2026-09-24,NVDA,SOXX,8,0.029724,0.0101836
2026-09-24,NVDA,SOXX,9,0.0153208,-0.00595846
2026-09-24,NVDA,SOXX,10,0.0250907,0.00858033
2026-09-24,NVDA,SOXX,11,0.0176435,0.00170147
2026-09-24,NVDA,SOXX,12,0.0266238,0.00523504
2026-09-24,NVDA,SOXX,13,0.0208397,0.00982586
2026-09-24,NVDA,SOXX,14,0.00984144,-0.00291921
2026-09-24,NVDA,SOXX,15,0.0193111,0.00907372
2026-09-24,NVDA,SOXX,16,0.0134128,0.0150735
2026-09-24,NVDA,SOXX,17,-0.00641534,-0.0049208
2026-09-24,NVDA,SOXX,18,0.0023013,0.00329246
2026-09-24,NVDA,SOXX,19,0.00251619,-0.00199491
2026-09-24,NVDA,SOXX,20,-0.0133834,-0.00209738
2026-09-24,NVDA,SOXX,21,-0.0175924,-0.0142917
2026-09-24,NVDA,SOXX,22,0.00876318,0.00205085
2026-09-24,NVDA,SOXX,23,1.92879e-05,-0.0107579
2026-09-24,NVDA,SOXX,24,0.0300322,0.0176038
2026-09-24,NVDA,SOXX,25,0.0335909,0.00666341
2026-09-24,NVDA,SOXX,26,0.0154995,0.00063547
2026-09-24,NVDA,SOXX,27,0.0118766,0.00691291
2026-09-24,NVDA,SOXX,28,0.0156803,0.00256034
2026-09-24,NVDA,SOXX,29,0.0191347,0.00423987
2026-09-24,NVDA,SOXX,30,0.020197,0.00527925
2026-09-24,NVDA,SMH,-30,0.00537732,0.0168805
2026-09-24,NVDA,SMH,-29,0.000495525,0.0043259
2026-09-24,NVDA,SMH,-28,0.00456211,0.00442746
2026-09-24,NVDA,SMH,-27,-0.0111652,-0.00586527
2026-09-24,NVDA,SMH,-26,0.00467218,-0.00689568
2026-09-24,NVDA,SMH,-25,0.0112407,0.00755408
2026-09-24,NVDA,SMH,-24,0.00561187,0.00536108
2026-09-24,NVDA,SMH,-23,0.00295741,0.000380712
2026-09-24,NVDA,SMH,-22,0.00747919,0.00736239
2026-09-24,NVDA,SMH,-21,0.00760127,0.0087224
2026-09-24,NVDA,SMH,-20,0.00373368,0.00319191
2026-09-24,NVDA,SMH,-19,0.00584753,0.00619208
2026-09-24,NVDA,SMH,-18,0.0143088,0.0100798
2026-09-24,NVDA,SMH,-17,0.00241002,-0.00915125
2026-09-24,NVDA,SMH,-16,0.0111353,0.00190348
2026-09-24,NVDA,SMH,-15,0.0127164,0.0107445
2026-09-24,NVDA,SMH,-14,-0.000513186,0.00840162
2026-09-24,NVDA,SMH,-13,-0.00131669,-0.00047116
2026-09-24,NVDA,SMH,-12,-0.00208381,-0.022166
2026-09-24,NVDA,SMH,-11,0.0256506,0.0103776
2026-09-24,NVDA,SMH,-10,0.00768605,0.00955664
2026-09-24,NVDA,SMH,-9,-0.00942333,-0.0193109
2026-09-24,NVDA,SMH,-8,0.017021,0.0093399
2026-09-24,NVDA,SMH,-7,0.00884367,0.000666337
2026-09-24,NVDA,SMH,-6,0.0178118,-0.00427731
2026-09-24,NVDA,SMH,-5,0.0403627,0.0039339
2026-09-24,NVDA,SMH,-4,0.0523298,-0.0172605
2026-09-24,NVDA,SMH,-3,0.0981956,-0.0005663
2026-09-24,NVDA,SMH,-2,0.16502,-0.011945
2026-09-24,NVDA,SMH,-1,0.291856,0.0344753
2026-09-24,NVDA,SMH,0,0.50216,0.339002
2026-09-24,NVDA,SMH,1,0.259794,0.139226
2026-09-24,NVDA,SMH,2,0.107087,0.0495375
2026-09-24,NVDA,SMH,3,0.0632319,0.0306419
2026-09-24,NVDA,SMH,4,0.0272296,0.0140957
2026-09-24,NVDA,SMH,5,0.00840473,-0.00361026
2026-09-24,NVDA,SMH,6,0.0283542,0.0123661
2026-09-24,NVDA,SMH,7,0.0176326,0.00736287
2026-09-24,NVDA,SMH,8,0.0319935,0.0151998
2026-09-24,NVDA,SMH,9,0.0147949,0.00630384
2026-09-24,NVDA,SMH,10,0.0126015,0.00856049
2026-09-24,NVDA,SMH,11,-0.00865786,-0.00798662
2026-09-24,NVDA,SMH,12,0.0134752,0.00661456
2026-09-24,NVDA,SMH,13,0.0177267,-0.00489922
2026-09-24,NVDA,SMH,14,0.0114243,0.00312551
2026-09-24,NVDA,SMH,15,0.016049,0.00672966
2026-09-24,NVDA,SMH,16,0.0149979,0.0137014
2026-09-24,NVDA,SMH,17,0.00205375,-0.00278306
2026-09-24,NVDA,SMH,18,0.0128055,0.00170187
2026-09-24,NVDA,SMH,19,0.00272181,-0.00327886
2026-09-24,NVDA,SMH,20,-0.00405452,0.00111434
2026-09-24,NVDA,SMH,21,-0.01164,-0.0143369
2026-09-24,NVDA,SMH,22,0.00877803,-0.00599358
2026-09-24,NVDA,SMH,23,0.027953,0.0126587
2026-09-24,NVDA,SMH,24,0.0171796,0.00405479
2026-09-24,NVDA,SMH,25,0.0233933,0.0166338
2026-09-24,NVDA,SMH,26,-0.0024021,8.33417e-05
2026-09-24,NVDA,SMH,27,0.0016185,-0.00808243
2026-09-24,NVDA,SMH,28,0.00897317,-0.00367129
2026-09-24,NVDA,SMH,29,0.018417,0.0132875
2026-09-24,NVDA,SMH,30,0.0100544,-0.00383619
2026-09-24,SMH,SOXX,-30,0.0229091,0.00450956
2026-09-24,SMH,SOXX,-29,0.0150514,0.00489387
2026-09-24,SMH,SOXX,-28,0.0278399,0.0105944
2026-09-24,SMH,SOXX,-27,0.0245444,-0.00678887
2026-09-24,SMH,SOXX,-26,0.00981165,-0.00130654
2026-09-24,SMH,SOXX,-25,0.011333,0.00133178
2026-09-24,SMH,SOXX,-24,0.0120969,0.0119885
2026-09-24,SMH,SOXX,-23,0.00651054,-0.0074176
2026-09-24,SMH,SOXX,-22,0.0240077,0.00939535
2026-09-24,SMH,SOXX,-21,0.0111726,-0.0040207
2026-09-24,SMH,SOXX,-20,0.0108533,-0.00750089
2026-09-24,SMH,SOXX,-19,0.0298428,-0.00092687
2026-09-24,SMH,SOXX,-18,0.0292029,0.00509802
2026-09-24,SMH,SOXX,-17,0.0330518,0.0206867
2026-09-24,SMH,SOXX,-16,0.0162114,0.00463708
2026-09-24,SMH,SOXX,-15,0.0120352,-0.00299559
2026-09-24,SMH,SOXX,-14,0.00776592,-0.00221117
2026-09-24,SMH,SOXX,-13,0.0175577,-0.00469751
2026-09-24,SMH,SOXX,-12,0.0335495,4.07118e-05
2026-09-24,SMH,SOXX,-11,0.0190724,0.000206024
2026-09-24,SMH,SOXX,-10,0.0500904,0.0184258
2026-09-24,SMH,SOXX,-9,0.0358142,-0.00227752
2026-09-24,SMH,SOXX,-8,0.0760386,0.0105269
2026-09-24,SMH,SOXX,-7,0.0756958,0.00661644
2026-09-24,SMH,SOXX,-6,0.0831762,0.00892433
2026-09-24,SMH,SOXX,-5,0.0987007,0.010824
2026-09-24,SMH,SOXX,-4,0.142319,0.0100974
2026-09-24,SMH,SOXX,-3,0.216863,0.0236937
2026-09-24,SMH,SOXX,-2,0.330988,0.0495043
2026-09-24,SMH,SOXX,-1,0.506453,0.113761
2026-09-24,SMH,SOXX,0,0.712684,0.428169
2026-09-24,SMH,SOXX,1,0.520922,0.121763
2026-09-24,SMH,SOXX,2,0.351624,0.0451671
2026-09-24,SMH,SOXX,3,0.229721,0.0262715
2026-09-24,SMH,SOXX,4,0.190502,0.0234464
2026-09-24,SMH,SOXX,5,0.146709,0.0197403
2026-09-24,SMH,SOXX,6,0.113841,0.00210275
2026-09-24,SMH,SOXX,7,0.106409,0.0122138
2026-09-24,SMH,SOXX,8,0.0702479,-0.000291063
2026-09-24,SMH,SOXX,9,0.0546983,-0.00221641
2026-09-24,SMH,SOXX,10,0.0595767,0.00842003
2026-09-24,SMH,SOXX,11,0.0644711,0.0120962
2026-09-24,SMH,SOXX,12,0.0470286,-0.00405186
2026-09-24,SMH,SOXX,13,0.0439344,0.0177039
2026-09-24,SMH,SOXX,14,0.0228181,-0.00196317
2026-09-24,SMH,SOXX,15,0.0333182,0.0163592
2026-09-24,SMH,SOXX,16,0.0219657,-0.00813955
2026-09-24,SMH,SOXX,17,0.0276248,0.017785
2026-09-24,SMH,SOXX,18,0.0269835,0.000819076
2026-09-24,SMH,SOXX,19,0.0132625,0.00272092
2026-09-24,SMH,SOXX,20,-0.0134245,-0.00784543
2026-09-24,SMH,SOXX,21,-0.000873332,-0.00194272
2026-09-24,SMH,SOXX,22,0.0124686,0.00239721
2026-09-24,SMH,SOXX,23,0.00616766,-0.00488024
2026-09-24,SMH,SOXX,24,0.0266402,0.0111812
2026-09-24,SMH,SOXX,25,0.0250979,-0.000567583
2026-09-24,SMH,SOXX,26,0.0243678,-0.00430874
2026-09-24,SMH,SOXX,27,0.0227914,0.00812687
2026-09-24,SMH,SOXX,28,0.0292335,0.00515289
2026-09-24,SMH,SOXX,29,0.0219645,0.0114405
2026-09-24,SMH,SOXX,30,0.0166562,0.0062077
2026-09-25,NVDA,SOXL,-30,-0.00109213,-0.00123328
2026-09-25,NVDA,SOXL,-29,-0.0101899,-0.0127695
2026-09-25,NVDA,SOXL,-28,0.00731369,0.00773654
2026-09-25,NVDA,SOXL,-27,0.000115598,-0.00453035
2026-09-25,NVDA,SOXL,-26,-0.0025455,-0.00511364
2026-09-25,NVDA,SOXL,-25,0.0102933,0.00530423
2026-09-25,NVDA,SOXL,-24,0.00504073,0.0011171
2026-09-25,NVDA,SOXL,-23,0.0008672,-0.00139861
2026-09-25,NVDA,SOXL,-22,-0.00390432,-0.000519632
2026-09-25,NVDA,SOXL,-21,-0.000612723,-0.00445574
2026-09-25,NVDA,SOXL,-20,-0.0029688,-0.00378095
2026-09-25,NVDA,SOXL,-19,0.0177369,0.0138957
2026-09-25,NVDA,SOXL,-18,0.00150594,-0.000825214
2026-09-25,NVDA,SOXL,-17,-0.00439521,-0.00359072
2026-09-25,NVDA,SOXL,-16,-0.00588579,-0.00469897
2026-09-25,NVDA,SOXL,-15,-0.00209224,-0.000657371
2026-09-25,NVDA,SOXL,-14,-0.0192198,-0.0194282
2026-09-25,NVDA,SOXL,-13,0.00238188,0.00222329
2026-09-25,NVDA,SOXL,-12,0.0112641,0.0161712
2026-09-25,NVDA,SOXL,-11,-0.0123175,-0.00934232
2026-09-25,NVDA,SOXL,-10,0.00311398,0.00782408
2026-09-25,NVDA,SOXL,-9,-0.00477537,-0.00907062
2026-09-25,NVDA,SOXL,-8,0.00828986,0.00774394
2026-09-25,NVDA,SOXL,-7,-0.00739682,-0.00278993
2026-09-25,NVDA,SOXL,-6,-0.00418051,-0.00507555
2026-09-25,NVDA,SOXL,-5,-0.0127909,-0.00910324
2026-09-25,NVDA,SOXL,-4,-0.00329259,0.000569248
2026-09-25,NVDA,SOXL,-3,0.0128376,0.00121697
2026-09-25,NVDA,SOXL,-2,0.0160472,-0.00193731
2026-09-25,NVDA,SOXL,-1,0.0829602,0.0366348
2026-09-25,NVDA,SOXL,0,0.448315,0.4249
2026-09-25,NVDA,SOXL,1,0.0817026,0.0634262
2026-09-25,NVDA,SOXL,2,0.0166385,0.013403
2026-09-25,NVDA,SOXL,3,-0.00796909,-0.00950628
2026-09-25,NVDA,SOXL,4,0.008216,0.00906509
2026-09-25,NVDA,SOXL,5,-0.0191775,-0.0107115
2026-09-25,NVDA,SOXL,6,-0.0168684,-0.0196
2026-09-25,NVDA,SOXL,7,0.0252146,0.0246395
2026-09-25,NVDA,SOXL,8,-0.00143625,0.00304183
2026-09-25,NVDA,SOXL,9,-0.014294,-0.0136753
2026-09-25,NVDA,SOXL,10,-0.00450175,-0.00433018
2026-09-25,NVDA,SOXL,11,-0.000112346,0.00267537
2026-09-25,NVDA,SOXL,12,0.00161905,0.00219097
2026-09-25,NVDA,SOXL,13,0.0116702,0.015393
2026-09-25,NVDA,SOXL,14,-0.0121515,-0.0123352
2026-09-25,NVDA,SOXL,15,0.00305291,0.00172564
2026-09-25,NVDA,SOXL,16,0.00760645,0.00770475
2026-09-25,NVDA,SOXL,17,-0.00865733,-0.0105694
2026-09-25,NVDA,SOXL,18,0.00308085,0.00412368
2026-09-25,NVDA,SOXL,19,0.00469457,0.00481129
2026-09-25,NVDA,SOXL,20,-0.00214128,0.00268735
2026-09-25,NVDA,SOXL,21,0.00731117,0.00782023
2026-09-25,NVDA,SOXL,22,0.0200323,0.0155024
2026-09-25,NVDA,SOXL,23,0.00123621,-0.00345632
2026-09-25,NVDA,SOXL,24,0.00326342,0.00627437
2026-09-25,NVDA,SOXL,25,0.00477273,0.00688965
2026-09-25,NVDA,SOXL,26,0.00369814,0.0105078
2026-09-25,NVDA,SOXL,27,-0.0101929,-0.011665
2026-09-25,NVDA,SOXL,28,0.017197,0.0174981
2026-09-25,NVDA,SOXL,29,0.00454566,0.00552116
2026-09-25,NVDA,SOXL,30,-0.00662546,-0.00912798
2026-09-25,SOXX,SOXL,-30,-0.0182155,-0.0173693
2026-09-25,SOXX,SOXL,-29,-0.00573553,-0.0114193
2026-09-25,SOXX,SOXL,-28,0.00360413,0.00681743
2026-09-25,SOXX,SOXL,-27,-0.0105868,-0.00611634
2026-09-25,SOXX,SOXL,-26,0.00832787,0.00496164
2026-09-25,SOXX,SOXL,-25,0.016254,0.0105568
2026-09-25,SOXX,SOXL,-24,0.0113598,0.000708293
2026-09-25,SOXX,SOXL,-23,-0.00748483,-0.00307049
2026-09-25,SOXX,SOXL,-22,-0.0106424,-0.0138589
2026-09-25,SOXX,SOXL,-21,0.0139026,0.0156977
2026-09-25,SOXX,SOXL,-20,-0.00655454,-0.00736137
2026-09-25,SOXX,SOXL,-19,-0.000629296,0.00478358
2026-09-25,SOXX,SOXL,-18,-0.0112153,-0.00939595
2026-09-25,SOXX,SOXL,-17,-0.00633307,-0.00201649
2026-09-25,SOXX,SOXL,-16,-0.00746438,-0.00178204
2026-09-25,SOXX,SOXL,-15,0.0107029,0.0202136
2026-09-25,SOXX,SOXL,-14,-0.0135851,-0.0238196
2026-09-25,SOXX,SOXL,-13,-0.00243471,0.0140501
2026-09-25,SOXX,SOXL,-12,-0.00758486,0.00318331
2026-09-25,SOXX,SOXL,-11,0.00191237,-0.002049
2026-09-25,SOXX,SOXL,-10,-0.000400024,-0.000468779
2026-09-25,SOXX,SOXL,-9,-0.00918382,-0.0093888
2026-09-25,SOXX,SOXL,-8,0.00588713,0.0060076
2026-09-25,SOXX,SOXL,-7,0.0104401,0.00151932
2026-09-25,SOXX,SOXL,-6,0.0101807,-0.00112747
2026-09-25,SOXX,SOXL,-5,0.0163541,-0.00163242
2026-09-25,SOXX,SOXL,-4,0.0472161,0.0231659
2026-09-25,SOXX,SOXL,-3,0.087396,0.0384282
2026-09-25,SOXX,SOXL,-2,0.127572,0.0499612
2026-09-25,SOXX,SOXL,-1,0.35117,0.175574
2026-09-25,SOXX,SOXL,0,0.763612,0.545929
2026-09-25,SOXX,SOXL,1,0.396648,0.0357011
2026-09-25,SOXX,SOXL,2,0.226315,-0.00199548
2026-09-25,SOXX,SOXL,3,0.143964,0.0100364
2026-09-25,SOXX,SOXL,4,0.109032,0.00818655
2026-09-25,SOXX,SOXL,5,0.0553079,-0.00951041
2026-09-25,SOXX,SOXL,6,0.0304647,-0.0159487
2026-09-25,SOXX,SOXL,7,0.0335853,0.00953437
2026-09-25,SOXX,SOXL,8,0.0262049,0.0111829
2026-09-25,SOXX,SOXL,9,0.00281373,-0.018457
2026-09-25,SOXX,SOXL,10,0.00249175,-0.0116913
2026-09-25,SOXX,SOXL,11,0.00380911,0.00381981
2026-09-25,SOXX,SOXL,12,0.0153573,0.00171334
2026-09-25,SOXX,SOXL,13,0.0156621,0.00412952
2026-09-25,SOXX,SOXL,14,0.0178506,0.000128831
2026-09-25,SOXX,SOXL,15,0.00809722,0.0015797
2026-09-25,SOXX,SOXL,16,0.00331225,-0.00263416
2026-09-25,SOXX,SOXL,17,-0.0122257,-0.00804785
2026-09-25,SOXX,SOXL,18,-0.00131009,-0.00969321
2026-09-25,SOXX,SOXL,19,0.0220418,0.0163532
2026-09-25,SOXX,SOXL,20,0.0157515,0.0101627
2026-09-25,SOXX,SOXL,21,0.0158202,0.000311025
2026-09-25,SOXX,SOXL,22,0.00421354,-0.00515858
2026-09-25,SOXX,SOXL,23,0.0140347,-0.0024998
2026-09-25,SOXX,SOXL,24,0.0188477,0.00687476
2026-09-25,SOXX,SOXL,25,0.0152374,0.00338043
2026-09-25,SOXX,SOXL,26,0.0389175,0.0131477
2026-09-25,SOXX,SOXL,27,0.0339611,-0.00518565
2026-09-25,SOXX,SOXL,28,0.0246549,0.00260303
2026-09-25,SOXX,SOXL,29,0.00122755,-0.0203044
2026-09-25,SOXX,SOXL,30,-0.00160443,-0.0123122
2026-09-25,SMH,SOXL,-30,-0.00597861,-0.00782011
2026-09-25,SMH,SOXL,-29,-0.0114461,-0.0119945
2026-09-25,SMH,SOXL,-28,0.00229843,0.00598812
2026-09-25,SMH,SOXL,-27,-0.000203145,-0.000529517
2026-09-25,SMH,SOXL,-26,0.00879831,0.00989052
2026-09-25,SMH,SOXL,-25,-0.000760801,-0.00534397
2026-09-25,SMH,SOXL,-24,0.00350066,-0.00375016
2026-09-25,SMH,SOXL,-23,0.00170903,0.00873161
2026-09-25,SMH,SOXL,-22,0.000677413,0.00451733
2026-09-25,SMH,SOXL,-21,0.0150049,0.00170496
2026-09-25,SMH,SOXL,-20,0.0174998,0.0105132
2026-09-25,SMH,SOXL,-19,0.0166197,0.000367943
2026-09-25,SMH,SOXL,-18,-0.0111323,-0.0181685
2026-09-25,SMH,SOXL,-17,-0.00882179,0.000293924
2026-09-25,SMH,SOXL,-16,0.00339061,-4.59299e-05
2026-09-25,SMH,SOXL,-15,0.00322462,0.00240007
2026-09-25,SMH,SOXL,-14,0.0100987,0.00404386
2026-09-25,SMH,SOXL,-13,-0.00121076,0.00127835
2026-09-25,SMH,SOXL,-12,-0.00939808,-0.00623629
2026-09-25,SMH,SOXL,-11,0.0039279,0.00301162
2026-09-25,SMH,SOXL,-10,0.00442615,0.00238964
2026-09-25,SMH,SOXL,-9,-0.0133271,-0.00857548
2026-09-25,SMH,SOXL,-8,0.0123013,0.0138597
2026-09-25,SMH,SOXL,-7,0.0296659,0.0114731
2026-09-25,SMH,SOXL,-6,0.0230327,-0.00432803
2026-09-25,SMH,SOXL,-5,0.0540011,0.00986814
2026-09-25,SMH,SOXL,-4,0.0924532,0.0324386
2026-09-25,SMH,SOXL,-3,0.127629,0.0453327
2026-09-25,SMH,SOXL,-2,0.184168,0.0804237
2026-09-25,SMH,SOXL,-1,0.395341,0.18204
2026-09-25,SMH,SOXL,0,0.691695,0.452202
2026-09-25,SMH,SOXL,1,0.389786,0.0298142
2026-09-25,SMH,SOXL,2,0.239797,0.00128345
2026-09-25,SMH,SOXL,3,0.153753,0.00229291
2026-09-25,SMH,SOXL,4,0.102326,0.00306327
2026-09-25,SMH,SOXL,5,0.0539332,-0.00934168
2026-09-25,SMH,SOXL,6,0.0236791,-0.0101674
2026-09-25,SMH,SOXL,7,0.03713,0.0108389
2026-09-25,SMH,SOXL,8,0.00873718,-0.00607856
2026-09-25,SMH,SOXL,9,0.000159926,-0.00520053
2026-09-25,SMH,SOXL,10,-0.000139204,-0.00298401
2026-09-25,SMH,SOXL,11,-0.00424032,-0.0121484
2026-09-25,SMH,SOXL,12,0.0100942,0.0166174
2026-09-25,SMH,SOXL,13,0.0258326,0.0102957
2026-09-25,SMH,SOXL,14,-0.00411028,-0.0084187
2026-09-25,SMH,SOXL,15,-0.00252131,0.00191724
2026-09-25,SMH,SOXL,16,0.00783138,0.0123389
2026-09-25,SMH,SOXL,17,0.00405081,-0.0135706
2026-09-25,SMH,SOXL,18,0.00356987,-0.00671275
2026-09-25,SMH,SOXL,19,-0.00233893,-0.000593227
2026-09-25,SMH,SOXL,20,0.00762937,0.0114806
2026-09-25,SMH,SOXL,21,0.0180771,0.00623216
2026-09-25,SMH,SOXL,22,0.0292812,0.00515358
2026-09-25,SMH,SOXL,23,0.00845946,-0.00535505
2026-09-25,SMH,SOXL,24,-0.000259019,0.00279814
2026-09-25,SMH,SOXL,25,0.0154387,0.00986023
2026-09-25,SMH,SOXL,26,0.022092,0.0125941
2026-09-25,SMH,SOXL,27,0.0181508,-0.00171043
2026-09-25,SMH,SOXL,28,-0.00545813,-0.0154101
2026-09-25,SMH,SOXL,29,-0.0065769,-0.00835716
2026-09-25,SMH,SOXL,30,-0.0116173,-0.00745792
2026-09-25,QQQ,SOXL,-30,-0.00786331,-0.00375379
2026-09-25,QQQ,SOXL,-29,-0.00725018,-0.0164434
2026-09-25,QQQ,SOXL,-28,0.00561689,0.00440825
2026-09-25,QQQ,SOXL,-27,0.00186714,0.00168331
2026-09-25,QQQ,SOXL,-26,0.00288892,0.00146773
2026-09-25,QQQ,SOXL,-25,0.014351,0.00873161
2026-09-25,QQQ,SOXL,-24,0.0115088,0.000296638
2026-09-25,QQQ,SOXL,-23,-0.0017282,-0.00748753
2026-09-25,QQQ,SOXL,-22,-0.00263875,-0.00269459
2026-09-25,QQQ,SOXL,-21,0.00271953,-0.0023153
2026-09-25,QQQ,SOXL,-20,0.0102135,0.0110132
2026-09-25,QQQ,SOXL,-19,-0.000207497,-0.00240558
2026-09-25,QQQ,SOXL,-18,0.0125132,0.0112394
2026-09-25,QQQ,SOXL,-17,-0.0211625,-0.0193955
2026-09-25,QQQ,SOXL,-16,-0.00539133,-0.00485903
2026-09-25,QQQ,SOXL,-15,-0.00367934,-0.0034972
2026-09-25,QQQ,SOXL,-14,0.00668035,0.00646035
2026-09-25,QQQ,SOXL,-13,-0.00204612,-0.00119911
2026-09-25,QQQ,SOXL,-12,0.000168746,0.000765826
2026-09-25,QQQ,SOXL,-11,-0.0108837,-0.0103661
2026-09-25,QQQ,SOXL,-10,0.00438149,0.00430301
2026-09-25,QQQ,SOXL,-9,-0.0143455,-0.0133316
2026-09-25,QQQ,SOXL,-8,-0.00115248,0.0013875
2026-09-25,QQQ,SOXL,-7,0.00998764,0.0140348
2026-09-25,QQQ,SOXL,-6,-0.0157721,-0.0123537
2026-09-25,QQQ,SOXL,-5,-0.0252497,-0.0292375
2026-09-25,QQQ,SOXL,-4,0.00698522,0.0128961
2026-09-25,QQQ,SOXL,-3,0.0206684,0.00699273
2026-09-25,QQQ,SOXL,-2,0.023067,-0.00157759
2026-09-25,QQQ,SOXL,-1,0.134902,0.0686476
2026-09-25,QQQ,SOXL,0,0.669418,0.618114
2026-09-25,QQQ,SOXL,1,0.179276,0.0985882
2026-09-25,QQQ,SOXL,2,0.0217876,-0.00619128
2026-09-25,QQQ,SOXL,3,0.0199,0.00730501
2026-09-25,QQQ,SOXL,4,0.0117288,0.0084068
2026-09-25,QQQ,SOXL,5,-0.0145978,-0.00765399
2026-09-25,QQQ,SOXL,6,-0.0143325,-0.019446
2026-09-25,QQQ,SOXL,7,0.0172823,0.018372
2026-09-25,QQQ,SOXL,8,0.00781284,0.0098158
2026-09-25,QQQ,SOXL,9,-0.00540391,-0.0115631
2026-09-25,QQQ,SOXL,10,-0.00588473,-0.0030028
2026-09-25,QQQ,SOXL,11,-0.0127422,-0.0067888
2026-09-25,QQQ,SOXL,12,-0.0137932,-0.00551737
2026-09-25,QQQ,SOXL,13,0.0146086,0.0138969
2026-09-25,QQQ,SOXL,14,0.0139612,0.0149145
2026-09-25,QQQ,SOXL,15,0.00465505,0.000976068
2026-09-25,QQQ,SOXL,16,-0.00860858,-0.00872693
2026-09-25,QQQ,SOXL,17,-0.0160419,-0.0274034
2026-09-25,QQQ,SOXL,18,-0.00303243,0.0031286
2026-09-25,QQQ,SOXL,19,-0.00539926,-0.00547377
2026-09-25,QQQ,SOXL,20,0.00905339,0.01253
2026-09-25,QQQ,SOXL,21,-0.0059362,-0.00352231
2026-09-25,QQQ,SOXL,22,0.00112263,-0.000151586
2026-09-25,QQQ,SOXL,23,-0.00661667,-0.0126092
2026-09-25,QQQ,SOXL,24,-0.00712252,-0.00208198
2026-09-25,QQQ,SOXL,25,0.0129527,0.0125775
2026-09-25,QQQ,SOXL,26,0.0210415,0.0200763
2026-09-25,QQQ,SOXL,27,-0.00114543,-0.00742703
2026-09-25,QQQ,SOXL,28,0.00967896,0.0094275
2026-09-25,QQQ,SOXL,29,-0.0178474,-0.0156494
2026-09-25,QQQ,SOXL,30,-0.00437709,-0.00314724
2026-09-25,NVDA,SOXS,-30,0.00351265,0.00450419
2026-09-25,NVDA,SOXS,-29,0.0124556,0.0123119
2026-09-25,NVDA,SOXS,-28,-0.00896372,-0.0102203
2026-09-25,NVDA,SOXS,-27,0.00308758,0.0044901
2026-09-25,NVDA,SOXS,-26,-0.000488949,0.00198763
2026-09-25,NVDA,SOXS,-25,-0.00918362,-0.00978259
2026-09-25,NVDA,SOXS,-24,0.0133602,0.0106941
2026-09-25,NVDA,SOXS,-23,0.00897917,0.00722204
2026-09-25,NVDA,SOXS,-22,-0.0016463,0.00347817
2026-09-25,NVDA,SOXS,-21,-0.0105716,-0.0104073
2026-09-25,NVDA,SOXS,-20,-0.00195513,0.00205124
2026-09-25,NVDA,SOXS,-19,-0.0124737,-0.00666365
2026-09-25,NVDA,SOXS,-18,-0.000573447,0.00120094
2026-09-25,NVDA,SOXS,-17,0.00369407,0.00360244
2026-09-25,NVDA,SOXS,-16,0.0074778,0.00723534
2026-09-25,NVDA,SOXS,-15,0.00202772,0.0045407
2026-09-25,NVDA,SOXS,-14,0.0125186,0.0115419
2026-09-25,NVDA,SOXS,-13,-0.00368723,0.00182284
2026-09-25,NVDA,SOXS,-12,-0.0229477,-0.023155
2026-09-25,NVDA,SOXS,-11,0.00636073,0.00846323
2026-09-25,NVDA,SOXS,-10,-0.00271995,-0.00487933
2026-09-25,NVDA,SOXS,-9,0.00629072,0.00817279
2026-09-25,NVDA,SOXS,-8,-0.000836313,-0.00197663
2026-09-25,NVDA,SOXS,-7,9.13326e-05,-0.00447833
2026-09-25,NVDA,SOXS,-6,0.0117736,0.0106912
2026-09-25,NVDA,SOXS,-5,0.000690255,0.00635695
2026-09-25,NVDA,SOXS,-4,-0.00609794,0.00278871
2026-09-25,NVDA,SOXS,-3,-0.0175791,-0.0153395
2026-09-25,NVDA,SOXS,-2,-0.000789615,0.0126679
2026-09-25,NVDA,SOXS,-1,-0.0710469,-0.0353336
2026-09-25,NVDA,SOXS,0,-0.42589,-0.403444
2026-09-25,NVDA,SOXS,1,-0.0823889,-0.0618595
2026-09-25,NVDA,SOXS,2,-0.0217303,-0.0177512
2026-09-25,NVDA,SOXS,3,0.00430201,0.00854913
2026-09-25,NVDA,SOXS,4,-0.00262364,-0.00345464
2026-09-25,NVDA,SOXS,5,0.0115002,0.00792452
2026-09-25,NVDA,SOXS,6,0.016428,0.0145624
2026-09-25,NVDA,SOXS,7,-0.014486,-0.0212942
2026-09-25,NVDA,SOXS,8,0.0098395,0.00625837
2026-09-25,NVDA,SOXS,9,0.00322902,0.00412119
2026-09-25,NVDA,SOXS,10,0.00542618,0.00676144
2026-09-25,NVDA,SOXS,11,0.00238967,0.000181662
2026-09-25,NVDA,SOXS,12,-0.00781047,-0.00552351
2026-09-25,NVDA,SOXS,13,-0.0103866,-0.0111219
2026-09-25,NVDA,SOXS,14,-0.00361423,-0.00258551
2026-09-25,NVDA,SOXS,15,0.00654572,0.00843015
2026-09-25,NVDA,SOXS,16,-0.00793747,-0.00665519
2026-09-25,NVDA,SOXS,17,0.00351843,0.00322644
2026-09-25,NVDA,SOXS,18,-0.00254349,0.000600187
2026-09-25,NVDA,SOXS,19,0.00599101,0.0088219
2026-09-25,NVDA,SOXS,20,-0.00648093,-0.00584628
2026-09-25,NVDA,SOXS,21,-0.0181141,-0.0166041
2026-09-25,NVDA,SOXS,22,-0.0154564,-0.0128859
2026-09-25,NVDA,SOXS,23,-0.00722505,-0.00405817
2026-09-25,NVDA,SOXS,24,0.00457803,0.0085079
2026-09-25,NVDA,SOXS,25,-0.0105516,-0.00587606
2026-09-25,NVDA,SOXS,26,-0.00932696,-0.0104434
2026-09-25,NVDA,SOXS,27,0.00454437,0.00572234
2026-09-25,NVDA,SOXS,28,-0.013725,-0.0116286
2026-09-25,NVDA,SOXS,29,-0.00215038,0.000109335
2026-09-25,NVDA,SOXS,30,-0.00557933,-0.000376095
2026-09-25,SOXX,SOXS,-30,0.011745,0.0137674
2026-09-25,SOXX,SOXS,-29,0.00331365,0.0103433
2026-09-25,SOXX,SOXS,-28,-0.00180998,0.00143959
2026-09-25,SOXX,SOXS,-27,0.00521962,0.00337152
2026-09-25,SOXX,SOXS,-26,-0.00759459,-0.00525899
2026-09-25,SOXX,SOXS,-25,0.00451475,0.000656902
2026-09-25,SOXX,SOXS,-24,-0.0123827,-0.00960614
2026-09-25,SOXX,SOXS,-23,0.0163875,0.0182314
2026-09-25,SOXX,SOXS,-22,-0.00638,-0.00650008
2026-09-25,SOXX,SOXS,-21,-0.0110288,-0.00861422
2026-09-25,SOXX,SOXS,-20,-0.00252399,-3.71003e-05
2026-09-25,SOXX,SOXS,-19,-0.0100566,-0.00367993
2026-09-25,SOXX,SOXS,-18,0.0161148,0.00997101
2026-09-25,SOXX,SOXS,-17,0.00191696,0.00325149
2026-09-25,SOXX,SOXS,-16,0.0135875,0.00466115
2026-09-25,SOXX,SOXS,-15,0.00305731,-0.0105795
2026-09-25,SOXX,SOXS,-14,0.0173407,0.0142949
2026-09-25,SOXX,SOXS,-13,-0.00305394,-0.0132808
2026-09-25,SOXX,SOXS,-12,-0.00239046,-0.00258675
2026-09-25,SOXX,SOXS,-11,0.00648153,0.00487102
2026-09-25,SOXX,SOXS,-10,-0.000794249,-0.00281802
2026-09-25,SOXX,SOXS,-9,-0.00489396,0.00764938
2026-09-25,SOXX,SOXS,-8,-0.00199082,-0.00615408
2026-09-25,SOXX,SOXS,-7,-0.00180831,0.000648387
2026-09-25,SOXX,SOXS,-6,-0.015818,-0.00451346
2026-09-25,SOXX,SOXS,-5,-0.0255188,0.00766354
2026-09-25,SOXX,SOXS,-4,-0.0472155,-0.019027
2026-09-25,SOXX,SOXS,-3,-0.0813236,-0.0382124
2026-09-25,SOXX,SOXS,-2,-0.131324,-0.0547147
2026-09-25,SOXX,SOXS,-1,-0.332181,-0.16225
2026-09-25,SOXX,SOXS,0,-0.733309,-0.519029
2026-09-25,SOXX,SOXS,1,-0.387018,-0.0434709
2026-09-25,SOXX,SOXS,2,-0.221615,0.00019144
2026-09-25,SOXX,SOXS,3,-0.151305,-0.0126145
2026-09-25,SOXX,SOXS,4,-0.0966605,-0.00219942
2026-09-25,SOXX,SOXS,5,-0.0497088,0.0114924
2026-09-25,SOXX,SOXS,6,-0.0266277,0.0144565
2026-09-25,SOXX,SOXS,7,-0.0325697,-0.00679702
2026-09-25,SOXX,SOXS,8,-0.025579,-0.00372634
2026-09-25,SOXX,SOXS,9,0.00296133,0.0168725
2026-09-25,SOXX,SOXS,10,-0.0100725,0.000436762
2026-09-25,SOXX,SOXS,11,-0.0183322,-0.00249932
2026-09-25,SOXX,SOXS,12,-0.0128234,0.00253178
2026-09-25,SOXX,SOXS,13,-0.0193256,-0.00730119
2026-09-25,SOXX,SOXS,14,-0.0281706,-0.00710428
2026-09-25,SOXX,SOXS,15,0.00311941,0.0113516
2026-09-25,SOXX,SOXS,16,-0.000993217,-0.00324845
2026-09-25,SOXX,SOXS,17,0.0103263,0.00488984
2026-09-25,SOXX,SOXS,18,-0.00865805,0.00878149
2026-09-25,SOXX,SOXS,19,-0.0166697,-0.000155383
2026-09-25,SOXX,SOXS,20,-0.0243593,-0.0172923
2026-09-25,SOXX,SOXS,21,-0.0188051,-0.00320026
2026-09-25,SOXX,SOXS,22,-0.00247558,0.0107661
2026-09-25,SOXX,SOXS,23,-0.0179457,0.000387446
2026-09-25,SOXX,SOXS,24,-0.0184654,-0.00487492
2026-09-25,SOXX,SOXS,25,-0.0189938,-0.00660871
2026-09-25,SOXX,SOXS,26,-0.0308899,-0.00989448
2026-09-25,SOXX,SOXS,27,-0.0335679,0.00497897
2026-09-25,SOXX,SOXS,28,-0.0210869,0.00522867
2026-09-25,SOXX,SOXS,29,-0.00615551,0.0117519
2026-09-25,SOXX,SOXS,30,-0.00510775,0.00400567
2026-09-25,SOXL,SOXS,-30,0.00964832,0.0142343
2026-09-25,SOXL,SOXS,-29,0.0201209,0.016581
2026-09-25,SOXL,SOXS,-28,-0.00153902,-0.00277191
2026-09-25,SOXL,SOXS,-27,0.0102386,0.00990593
2026-09-25,SOXL,SOXS,-26,-0.00561053,-0.00303862
2026-09-25,SOXL,SOXS,-25,-0.00989424,-0.00661774
2026-09-25,SOXL,SOXS,-24,-0.0120202,-0.0146635
2026-09-25,SOXL,SOXS,-23,0.0143127,0.0181698
2026-09-25,SOXL,SOXS,-22,-0.00397249,-0.00378753
2026-09-25,SOXL,SOXS,-21,-0.000217187,0.000248205
2026-09-25,SOXL,SOXS,-20,-0.0117503,-0.0135549
2026-09-25,SOXL,SOXS,-19,-0.0139466,-0.0127897
2026-09-25,SOXL,SOXS,-18,0.0129607,0.0119206
2026-09-25,SOXL,SOXS,-17,0.0168484,0.0205279
2026-09-25,SOXL,SOXS,-16,-0.00724121,-0.00435675
2026-09-25,SOXL,SOXS,-15,-0.0096987,-0.00833402
2026-09-25,SOXL,SOXS,-14,0.00881951,0.00333148
2026-09-25,SOXL,SOXS,-13,-0.00971133,-0.00895846
2026-09-25,SOXL,SOXS,-12,-0.0033537,-0.00187772
2026-09-25,SOXL,SOXS,-11,0.0123629,0.00888558
2026-09-25,SOXL,SOXS,-10,-0.00186572,0.00209752
2026-09-25,SOXL,SOXS,-9,0.0122492,0.0159184
2026-09-25,SOXL,SOXS,-8,-0.00424504,-0.00549143
2026-09-25,SOXL,SOXS,-7,-0.0219457,-0.02001
2026-09-25,SOXL,SOXS,-6,0.0129046,0.0179024
2026-09-25,SOXL,SOXS,-5,0.0108232,0.0116155
2026-09-25,SOXL,SOXS,-4,-0.0237241,-0.0144439
2026-09-25,SOXL,SOXS,-3,-0.0173211,-0.0119169
2026-09-25,SOXL,SOXS,-2,-0.00610863,0.0140009
2026-09-25,SOXL,SOXS,-1,-0.142453,-0.0744846
2026-09-25,SOXL,SOXS,0,-0.73452,-0.689632
2026-09-25,SOXL,SOXS,1,-0.15484,-0.0818881
2026-09-25,SOXL,SOXS,2,-0.0198979,0.000731562
2026-09-25,SOXL,SOXS,3,-0.0309539,-0.0153636
2026-09-25,SOXL,SOXS,4,-0.00450909,-0.00709975
2026-09-25,SOXL,SOXS,5,0.0141365,0.0136142
2026-09-25,SOXL,SOXS,6,0.0181959,0.0167378
2026-09-25,SOXL,SOXS,7,-0.00719687,-0.0144457
2026-09-25,SOXL,SOXS,8,0.00584703,0.00741752
2026-09-25,SOXL,SOXS,9,0.0113894,0.00914536
2026-09-25,SOXL,SOXS,10,-0.00279975,0.000886188
2026-09-25,SOXL,SOXS,11,0.00448191,0.00599686
2026-09-25,SOXL,SOXS,12,-0.00465747,-0.00132244
2026-09-25,SOXL,SOXS,13,-0.0164347,-0.0160819
2026-09-25,SOXL,SOXS,14,-0.0021592,0.000270183
2026-09-25,SOXL,SOXS,15,-0.000678229,-0.00070042
2026-09-25,SOXL,SOXS,16,-0.00295463,-0.00269258
2026-09-25,SOXL,SOXS,17,0.0161427,0.0140371
2026-09-25,SOXL,SOXS,18,0.00585834,0.0108542
2026-09-25,SOXL,SOXS,19,-0.00469896,-0.00307773
2026-09-25,SOXL,SOXS,20,-0.00304821,-0.00402841
2026-09-25,SOXL,SOXS,21,-0.0123706,-0.0103281
2026-09-25,SOXL,SOXS,22,0.00158849,0.00348651
2026-09-25,SOXL,SOXS,23,-0.00960297,-0.00351629
2026-09-25,SOXL,SOXS,24,-0.00270555,0.00339521
2026-09-25,SOXL,SOXS,25,-0.0144583,-0.00578489
2026-09-25,SOXL,SOXS,26,-0.00823318,-0.007955
2026-09-25,SOXL,SOXS,27,0.00989485,0.0120336
2026-09-25,SOXL,SOXS,28,0.000985871,0.00266201
2026-09-25,SOXL,SOXS,29,0.00773396,0.00988339
2026-09-25,SOXL,SOXS,30,0.00333248,0.00521741
2026-09-25,NVDA,SOXX,-30,0.0185071,0.00417135
2026-09-25,NVDA,SOXX,-29,0.00136156,-0.0143941
2026-09-25,NVDA,SOXX,-28,0.016368,0.00200337
2026-09-25,NVDA,SOXX,-27,0.0243739,-0.00266752
2026-09-25,NVDA,SOXX,-26,0.0327551,0.00888305
2026-09-25,NVDA,SOXX,-25,0.00734126,0.00198746
2026-09-25,NVDA,SOXX,-24,0.0059736,0.00893675
2026-09-25,NVDA,SOXX,-23,-0.0228434,-0.0158153
2026-09-25,NVDA,SOXX,-22,-0.00910756,-0.0108674
2026-09-25,NVDA,SOXX,-21,-0.00344445,-0.00606041
2026-09-25,NVDA,SOXX,-20,0.0190682,0.00366433
2026-09-25,NVDA,SOXX,-19,0.0250732,0.0100932
2026-09-25,NVDA,SOXX,-18,0.0186838,0.00588747
2026-09-25,NVDA,SOXX,-17,-0.000360429,-0.00459641
2026-09-25,NVDA,SOXX,-16,0.00236077,0.000718142
2026-09-25,NVDA,SOXX,-15,-0.0146493,-0.00211296
2026-09-25,NVDA,SOXX,-14,-0.011486,-0.0151335
2026-09-25,NVDA,SOXX,-13,0.0167257,0.000590245
2026-09-25,NVDA,SOXX,-12,0.0209237,0.0170806
2026-09-25,NVDA,SOXX,-11,0.00154523,0.00701147
2026-09-25,NVDA,SOXX,-10,-0.012927,-0.0108587
2026-09-25,NVDA,SOXX,-9,-0.000249772,-0.00194321
2026-09-25,NVDA,SOXX,-8,0.00542524,0.00208218
2026-09-25,NVDA,SOXX,-7,-0.00714413,-0.00676198
2026-09-25,NVDA,SOXX,-6,0.0224321,-0.00833289
2026-09-25,NVDA,SOXX,-5,0.0262856,0.00149667
2026-09-25,NVDA,SOXX,-4,0.0525511,-0.00875591
2026-09-25,NVDA,SOXX,-3,0.0862248,0.00370943
2026-09-25,NVDA,SOXX,-2,0.121837,-0.00695654
2026-09-25,NVDA,SOXX,-1,0.247051,0.0220238
2026-09-25,NVDA,SOXX,0,0.45511,0.316186
2026-09-25,NVDA,SOXX,1,0.197715,0.117927
2026-09-25,NVDA,SOXX,2,0.0788492,0.0442234
2026-09-25,NVDA,SOXX,3,0.0337816,0.00960375
2026-09-25,NVDA,SOXX,4,0.0225243,0.0245443
2026-09-25,NVDA,SOXX,5,-0.0119882,-0.0131414
2026-09-25,NVDA,SOXX,6,-0.0121026,-0.018063
2026-09-25,NVDA,SOXX,7,0.0110568,0.017411
2026-09-25,NVDA,SOXX,8,-0.00452682,0.0063925
2026-09-25,NVDA,SOXX,9,-0.00541692,-0.000716861
2026-09-25,NVDA,SOXX,10,-0.00293161,-0.0051926
2026-09-25,NVDA,SOXX,11,-0.00882963,-0.00559046
2026-09-25,NVDA,SOXX,12,0.00751578,0.0118019
2026-09-25,NVDA,SOXX,13,0.0022838,0.00280111
2026-09-25,NVDA,SOXX,14,-0.00971581,-0.0093133
2026-09-25,NVDA,SOXX,15,-0.00471652,0.00624955
2026-09-25,NVDA,SOXX,16,-0.00435488,-0.00113893
2026-09-25,NVDA,SOXX,17,0.00474313,0.0106384
2026-09-25,NVDA,SOXX,18,-0.0189622,-0.00272061
2026-09-25,NVDA,SOXX,19,-0.0101547,0.00625173
2026-09-25,NVDA,SOXX,20,-0.0116092,-0.0035618
2026-09-25,NVDA,SOXX,21,0.00228867,0.00130819
2026-09-25,NVDA,SOXX,22,0.0152249,0.0163185
2026-09-25,NVDA,SOXX,23,0.00174801,-0.000467621
2026-09-25,NVDA,SOXX,24,0.00496131,0.00321857
2026-09-25,NVDA,SOXX,25,0.00460166,0.00422337
2026-09-25,NVDA,SOXX,26,0.00215315,-0.000771161
2026-09-25,NVDA,SOXX,27,0.00636177,-0.00884604
2026-09-25,NVDA,SOXX,28,0.0312191,0.0243606
2026-09-25,NVDA,SOXX,29,0.0186869,0.00561286
2026-09-25,NVDA,SOXX,30,0.0103588,-0.00367864
2026-09-25,NVDA,SMH,-30,0.0170402,0.00457593
2026-09-25,NVDA,SMH,-29,0.00565292,-0.00541393
2026-09-25,NVDA,SMH,-28,0.010963,-0.00725235
2026-09-25,NVDA,SMH,-27,0.0202725,-0.000106147
2026-09-25,NVDA,SMH,-26,0.0149406,0.0131482
2026-09-25,NVDA,SMH,-25,0.00998729,0.0054028
2026-09-25,NVDA,SMH,-24,0.000871449,-0.00278098
2026-09-25,NVDA,SMH,-23,-0.00387643,-0.00885702
2026-09-25,NVDA,SMH,-22,0.00880021,-0.00531828
2026-09-25,NVDA,SMH,-21,0.00738438,0.00550127
2026-09-25,NVDA,SMH,-20,0.0103,0.00182188
2026-09-25,NVDA,SMH,-19,0.017395,0.00684197
2026-09-25,NVDA,SMH,-18,0.00796092,-0.0037842
2026-09-25,NVDA,SMH,-17,0.0136535,-0.000492544
2026-09-25,NVDA,SMH,-16,-0.00391738,0.00147148
2026-09-25,NVDA,SMH,-15,-0.0107733,-0.0108564
2026-09-25,NVDA,SMH,-14,0.00212011,-0.00122708
2026-09-25,NVDA,SMH,-13,0.0202942,-0.00593221
2026-09-25,NVDA,SMH,-12,0.032739,0.0246477
2026-09-25,NVDA,SMH,-11,0.00124279,-0.00789964
2026-09-25,NVDA,SMH,-10,0.00314568,0.00139405
2026-09-25,NVDA,SMH,-9,0.00408374,0.0105448
2026-09-25,NVDA,SMH,-8,0.0134013,-0.00772211
2026-09-25,NVDA,SMH,-7,0.0255463,0.00278905
2026-09-25,NVDA,SMH,-6,0.017842,-0.00434504
2026-09-25,NVDA,SMH,-5,0.0285593,-0.00716512
2026-09-25,NVDA,SMH,-4,0.0661241,-0.0133038
2026-09-25,NVDA,SMH,-3,0.124119,0.014033
2026-09-25,NVDA,SMH,-2,0.167217,-0.00472166
2026-09-25,NVDA,SMH,-1,0.271425,0.0121081
2026-09-25,NVDA,SMH,0,0.47091,0.289297
2026-09-25,NVDA,SMH,1,0.273657,0.133566
2026-09-25,NVDA,SMH,2,0.143913,0.0619277
2026-09-25,NVDA,SMH,3,0.0894165,0.0315643
2026-09-25,NVDA,SMH,4,0.0635702,0.0149034
2026-09-25,NVDA,SMH,5,0.045391,0.00407402
2026-09-25,NVDA,SMH,6,0.0385168,0.00210912
2026-09-25,NVDA,SMH,7,0.0419877,0.017785
2026-09-25,NVDA,SMH,8,0.0123575,0.00693792
2026-09-25,NVDA,SMH,9,0.0113478,0.00216525
2026-09-25,NVDA,SMH,10,0.00442354,-0.00982929
2026-09-25,NVDA,SMH,11,0.0237703,0.0198053
2026-09-25,NVDA,SMH,12,0.00246065,-0.00102242
2026-09-25,NVDA,SMH,13,0.00813814,0.00338014
2026-09-25,NVDA,SMH,14,0.00986798,0.00561833
2026-09-25,NVDA,SMH,15,0.00679891,-0.000698634
2026-09-25,NVDA,SMH,16,0.0064013,-0.00136164
2026-09-25,NVDA,SMH,17,0.0102401,-0.000462675
2026-09-25,NVDA,SMH,18,0.0148472,-0.00566931
2026-09-25,NVDA,SMH,19,0.0301007,0.0102533
2026-09-25,NVDA,SMH,20,0.0211153,0.000387897
2026-09-25,NVDA,SMH,21,0.02843,0.00994394
2026-09-25,NVDA,SMH,22,0.0326974,0.019289
2026-09-25,NVDA,SMH,23,0.00956845,0.00991242
2026-09-25,NVDA,SMH,24,0.00312919,-0.00696084
2026-09-25,NVDA,SMH,25,0.00486161,-0.00467734
2026-09-25,NVDA,SMH,26,0.0158571,0.00741052
2026-09-25,NVDA,SMH,27,0.0128787,-0.00654156
2026-09-25,NVDA,SMH,28,0.0273992,0.0183346
2026-09-25,NVDA,SMH,29,0.00268152,0.000228612
2026-09-25,NVDA,SMH,30,0.0165185,0.00385494
2026-09-25,SMH,SOXX,-30,-0.00612728,0.000732125
2026-09-25,SMH,SOXX,-29,-0.00742591,-0.0122044
2026-09-25,SMH,SOXX,-28,0.0285455,0.0119339
2026-09-25,SMH,SOXX,-27,0.0334914,0.00228908
2026-09-25,SMH,SOXX,-26,0.0264903,0.00160312
2026-09-25,SMH,SOXX,-25,0.00879063,0.0146822
2026-09-25,SMH,SOXX,-24,0.0116474,-0.00477893
2026-09-25,SMH,SOXX,-23,0.016804,-0.000470924
2026-09-25,SMH,SOXX,-22,0.00916122,0.00133533
2026-09-25,SMH,SOXX,-21,0.0289662,0.00669278
2026-09-25,SMH,SOXX,-20,0.0280695,0.0100252
2026-09-25,SMH,SOXX,-19,0.0377053,0.00406675
2026-09-25,SMH,SOXX,-18,0.00670515,-0.0128656
2026-09-25,SMH,SOXX,-17,0.00566434,0.00770997
2026-09-25,SMH,SOXX,-16,-0.00212873,-0.00316414
2026-09-25,SMH,SOXX,-15,-0.00037586,-0.0108757
2026-09-25,SMH,SOXX,-14,0.0277427,0.000320893
2026-09-25,SMH,SOXX,-13,0.017158,0.00513742
2026-09-25,SMH,SOXX,-12,0.0123755,-0.00175403
2026-09-25,SMH,SOXX,-11,0.0181853,-0.00508412
2026-09-25,SMH,SOXX,-10,0.0143187,-0.0097059
2026-09-25,SMH,SOXX,-9,0.0318011,0.00605578
2026-09-25,SMH,SOXX,-8,0.037103,0.00942144
2026-09-25,SMH,SOXX,-7,0.0520211,9.1494e-05
2026-09-25,SMH,SOXX,-6,0.0935876,0.00315546
2026-09-25,SMH,SOXX,-5,0.140538,0.00400739
2026-09-25,SMH,SOXX,-4,0.19246,0.0200798
2026-09-25,SMH,SOXX,-3,0.257301,0.0322019
2026-09-25,SMH,SOXX,-2,0.35471,0.0710148
2026-09-25,SMH,SOXX,-1,0.527108,0.131742
2026-09-25,SMH,SOXX,0,0.716073,0.424246
2026-09-25,SMH,SOXX,1,0.479515,0.0963521
2026-09-25,SMH,SOXX,2,0.325069,0.0270434
2026-09-25,SMH,SOXX,3,0.215285,0.0161784
2026-09-25,SMH,SOXX,4,0.14026,0.00848998
2026-09-25,SMH,SOXX,5,0.0823427,-0.00641403
2026-09-25,SMH,SOXX,6,0.053845,-0.00151316
2026-09-25,SMH,SOXX,7,0.0460119,0.00704849
2026-09-25,SMH,SOXX,8,0.0339402,0.00340479
2026-09-25,SMH,SOXX,9,0.00635968,-0.0129143
2026-09-25,SMH,SOXX,10,0.00615819,0.00102189
2026-09-25,SMH,SOXX,11,0.00959749,-0.0136243
2026-09-25,SMH,SOXX,12,0.0245537,0.0173754
2026-09-25,SMH,SOXX,13,0.0225137,0.00357244
2026-09-25,SMH,SOXX,14,0.0166867,-0.000587318
2026-09-25,SMH,SOXX,15,0.00189172,0.00810792
2026-09-25,SMH,SOXX,16,-0.00291942,-0.00105792
2026-09-25,SMH,SOXX,17,-0.00967318,-0.00585428
2026-09-25,SMH,SOXX,18,-0.00215296,0.0011769
2026-09-25,SMH,SOXX,19,-0.0104025,-0.0137555
2026-09-25,SMH,SOXX,20,0.0123211,0.00468432
2026-09-25,SMH,SOXX,21,0.00929026,0.00561736
2026-09-25,SMH,SOXX,22,0.0121786,0.00326531
2026-09-25,SMH,SOXX,23,0.0104453,-0.00171031
2026-09-25,SMH,SOXX,24,0.0122951,0.00592797
2026-09-25,SMH,SOXX,25,0.00640129,0.00860602
2026-09-25,SMH,SOXX,26,0.0128896,0.00872376
2026-09-25,SMH,SOXX,27,0.0164535,-0.000586736
2026-09-25,SMH,SOXX,28,-0.004643,-0.0109948
2026-09-25,SMH,SOXX,29,0.014442,-0.00828124
2026-09-25,SMH,SOXX,30,-0.00166815,-0.0028253
