bar_min,thr_sigma,horizon_min,entry,direction,n_events,n_days,mean_signed_fwd_bps,median_signed_fwd_bps,share_continuation,t_cluster_day,mean_abs_fwd_bps,ticker,window
1,2,1,from_close,all,11234,467,0.386887,-0.0496322,0.487182,0.788193,31.1189,SOXL,primary
1,2,1,from_close,up,5372,437,1.08305,-0.00795165,0.49032,1.49037,31.336,SOXL,primary
1,2,1,from_close,down,5862,442,-0.251083,-0.235218,0.484306,-0.376284,30.9199,SOXL,primary
1,2,1,from_next_open,all,11234,467,0.545586,0,0.489407,1.131,31.0401,SOXL,primary
1,2,1,from_next_open,up,5372,437,1.30042,0,0.493112,1.8308,31.2026,SOXL,primary
1,2,1,from_next_open,down,5862,442,-0.146155,0,0.486012,-0.222375,30.8912,SOXL,primary
1,2,5,from_close,all,11108,465,2.44326,0,0.498109,2.31481,70.905,SOXL,primary
1,2,5,from_close,up,5306,436,4.89632,2.63616,0.515077,2.31088,71.2006,SOXL,primary
1,2,5,from_close,down,5802,440,0.1999,-2.38639,0.482592,0.107665,70.6347,SOXL,primary
1,2,5,from_next_open,all,11108,465,2.60542,0,0.49856,2.50004,70.8888,SOXL,primary
1,2,5,from_next_open,up,5306,436,5.11706,2.73611,0.515077,2.43685,71.2174,SOXL,primary
1,2,5,from_next_open,down,5802,440,0.308491,-2.21774,0.483454,0.167045,70.5884,SOXL,primary
1,2,15,from_close,all,10817,460,0.902129,-1.94363,0.488675,0.55122,117.936,SOXL,primary
1,2,15,from_close,up,5155,429,4.45148,0.105485,0.500291,0.965845,118.789,SOXL,primary
1,2,15,from_close,down,5662,436,-2.3294,-5.13155,0.4781,-0.58923,117.159,SOXL,primary
1,2,15,from_next_open,all,10817,460,1.07085,-2.0142,0.490154,0.657579,117.957,SOXL,primary
1,2,15,from_next_open,up,5155,429,4.68032,1.46994,0.502813,1.01921,118.791,SOXL,primary
1,2,15,from_next_open,down,5662,436,-2.2154,-5.18798,0.478629,-0.561602,117.197,SOXL,primary
1,2,30,from_close,all,10388,460,0.33596,-4.66369,0.485368,0.132397,162.751,SOXL,primary
1,2,30,from_close,up,4935,425,2.52811,1.17123,0.502938,0.308195,163.965,SOXL,primary
1,2,30,from_close,down,5453,433,-1.64795,-10.8641,0.469466,-0.208903,161.652,SOXL,primary
1,2,30,from_next_open,all,10388,460,0.496218,-5.13879,0.484213,0.195329,162.801,SOXL,primary
1,2,30,from_next_open,up,4935,425,2.7529,1.68124,0.50233,0.336014,164.015,SOXL,primary
1,2,30,from_next_open,down,5453,433,-1.54609,-10.4226,0.467816,-0.196208,161.702,SOXL,primary
5,2,5,from_close,all,2245,377,3.24953,-1.09511,0.490423,1.62651,71.7515,SOXL,primary
5,2,5,from_close,up,1042,305,3.95987,3.43727,0.517274,1.03363,69.5705,SOXL,primary
5,2,5,from_close,down,1203,322,2.63425,-4.33839,0.467165,0.801015,73.6407,SOXL,primary
5,2,5,from_next_open,all,2245,377,3.40148,-0.797806,0.49265,1.69178,71.7046,SOXL,primary
5,2,5,from_next_open,up,1042,305,4.14323,3.73767,0.523033,1.0817,69.4352,SOXL,primary
5,2,5,from_next_open,down,1203,322,2.759,-4.85657,0.466334,0.839917,73.6703,SOXL,primary
5,2,15,from_close,all,2182,371,3.77072,2.9576,0.507333,1.04133,122.083,SOXL,primary
5,2,15,from_close,up,1012,300,9.39536,6.00347,0.51581,1.45113,115.439,SOXL,primary
5,2,15,from_close,down,1170,315,-1.09436,0.0129735,0.5,-0.165785,127.83,SOXL,primary
5,2,15,from_next_open,all,2182,371,3.92077,3.30347,0.508708,1.07708,121.911,SOXL,primary
5,2,15,from_next_open,up,1012,300,9.56111,5.89297,0.517787,1.47609,115.209,SOXL,primary
5,2,15,from_next_open,down,1170,315,-0.957876,0.543099,0.500855,-0.145107,127.708,SOXL,primary
5,2,30,from_close,all,2125,370,4.24717,-3.61842,0.489882,0.590004,168.383,SOXL,primary
5,2,30,from_close,up,990,298,13.2876,4.37077,0.510101,1.21282,158.487,SOXL,primary
5,2,30,from_close,down,1135,312,-3.63833,-9.37,0.472247,-0.284743,177.015,SOXL,primary
5,2,30,from_next_open,all,2125,370,4.39945,-4.02253,0.488941,0.608956,168.387,SOXL,primary
5,2,30,from_next_open,up,990,298,13.4468,4.43603,0.508081,1.22611,158.498,SOXL,primary
5,2,30,from_next_open,down,1135,312,-3.49204,-10.1232,0.472247,-0.273249,177.012,SOXL,primary
1,3,1,from_close,all,3289,338,0.248618,-0.0298596,0.488598,0.227481,40.9179,SOXL,primary
1,3,1,from_close,up,1547,274,1.50876,0,0.488688,0.920204,42.1382,SOXL,primary
1,3,1,from_close,down,1742,277,-0.870468,-0.03507,0.488519,-0.644481,39.8343,SOXL,primary
1,3,1,from_next_open,all,3289,338,0.385708,0,0.491943,0.358419,40.8663,SOXL,primary
1,3,1,from_next_open,up,1547,274,1.77424,0,0.496445,1.09805,42.0226,SOXL,primary
1,3,1,from_next_open,down,1742,277,-0.847388,0,0.487945,-0.629251,39.8395,SOXL,primary
1,3,5,from_close,all,3244,337,6.14774,1.86441,0.509248,2.86436,93.342,SOXL,primary
1,3,5,from_close,up,1526,272,13.5076,5.11556,0.525557,2.58427,96.7773,SOXL,primary
1,3,5,from_close,down,1718,276,-0.389582,-0.486811,0.494761,-0.11526,90.2906,SOXL,primary
1,3,5,from_next_open,all,3244,337,6.28791,2.03554,0.510789,2.97177,93.3084,SOXL,primary
1,3,5,from_next_open,up,1526,272,13.7773,5.43665,0.525557,2.65994,96.8133,SOXL,primary
1,3,5,from_next_open,down,1718,276,-0.36451,0,0.497672,-0.108098,90.1952,SOXL,primary
1,3,15,from_close,all,3169,331,0.00500223,-2.574,0.491007,0.00118816,156.171,SOXL,primary
1,3,15,from_close,up,1487,268,9.48792,5.92885,0.518494,0.891596,160.661,SOXL,primary
1,3,15,from_close,down,1682,270,-8.37853,-10.7583,0.466706,-1.12666,152.2,SOXL,primary
1,3,15,from_next_open,all,3169,331,0.155999,-1.8305,0.491953,0.0371501,156.109,SOXL,primary
1,3,15,from_next_open,up,1487,268,9.76175,7.06066,0.519839,0.918883,160.596,SOXL,primary
1,3,15,from_next_open,down,1682,270,-8.33612,-10.7023,0.467301,-1.12291,152.143,SOXL,primary
1,3,30,from_close,all,3025,324,-1.54834,-6.55308,0.484628,-0.225865,206.429,SOXL,primary
1,3,30,from_close,up,1412,262,11.8528,5.95874,0.509915,0.6377,214.15,SOXL,primary
1,3,30,from_close,down,1613,268,-13.2795,-13.6796,0.462492,-0.929481,199.671,SOXL,primary
1,3,30,from_next_open,all,3025,324,-1.40731,-7.53064,0.482975,-0.205094,206.456,SOXL,primary
1,3,30,from_next_open,up,1412,262,12.131,6.01276,0.508499,0.652514,214.211,SOXL,primary
1,3,30,from_next_open,down,1613,268,-13.2586,-13.0039,0.460632,-0.928621,199.668,SOXL,primary
5,3,5,from_close,all,681,185,4.23324,-1.82013,0.487518,0.878847,88.7459,SOXL,primary
5,3,5,from_close,up,315,138,10.767,3.13712,0.51746,1.31757,85.9432,SOXL,primary
5,3,5,from_close,down,366,140,-1.39004,-11.5009,0.461749,-0.230559,91.1581,SOXL,primary
5,3,5,from_next_open,all,681,185,4.15159,-2.05508,0.490455,0.857281,88.6766,SOXL,primary
5,3,5,from_next_open,up,315,138,10.6322,4.84496,0.530159,1.29902,85.9276,SOXL,primary
5,3,5,from_next_open,down,366,140,-1.42595,-12.042,0.456284,-0.235916,91.0425,SOXL,primary
5,3,15,from_close,all,666,181,6.02499,1.42954,0.506006,0.76644,159.655,SOXL,primary
5,3,15,from_close,up,307,135,29.8769,12.3305,0.52443,1.90058,154.099,SOXL,primary
5,3,15,from_close,down,359,138,-14.3721,-2.88657,0.490251,-1.08536,164.406,SOXL,primary
5,3,15,from_next_open,all,666,181,5.91718,2.72113,0.507508,0.752921,159.441,SOXL,primary
5,3,15,from_next_open,up,307,135,29.6671,11.3615,0.527687,1.88804,154.025,SOXL,primary
5,3,15,from_next_open,down,359,138,-14.3926,-3.18328,0.490251,-1.08955,164.073,SOXL,primary
5,3,30,from_close,all,642,177,10.2551,-6.28379,0.482866,0.946581,210.464,SOXL,primary
5,3,30,from_close,up,297,131,31.5862,4.11015,0.508418,1.2536,209.982,SOXL,primary
5,3,30,from_close,down,345,132,-8.10825,-15.0432,0.46087,-0.361345,210.878,SOXL,primary
5,3,30,from_next_open,all,642,177,10.1359,-7.16141,0.482866,0.93131,210.5,SOXL,primary
5,3,30,from_next_open,up,297,131,31.3629,2.54665,0.505051,1.2453,210.237,SOXL,primary
5,3,30,from_next_open,down,345,132,-8.13781,-12.1359,0.463768,-0.362682,210.726,SOXL,primary
1,2,1,from_close,all,5399,235,0.372049,-0.407017,0.477681,0.61122,29.6624,SOXL,IS
1,2,1,from_close,up,2545,218,0.594734,-0.411195,0.479371,0.606815,30.0008,SOXL,IS
1,2,1,from_close,down,2854,221,0.173474,-0.399211,0.476174,0.193517,29.3608,SOXL,IS
1,2,1,from_next_open,all,5399,235,0.377216,-0.0309406,0.478607,0.64028,29.5516,SOXL,IS
1,2,1,from_next_open,up,2545,218,0.739122,0,0.480943,0.798134,29.835,SOXL,IS
1,2,1,from_next_open,down,2854,221,0.0544927,-0.0341154,0.476524,0.0611288,29.2989,SOXL,IS
1,2,5,from_close,all,5344,234,3.26276,0.0476222,0.501684,1.89444,69.2795,SOXL,IS
1,2,5,from_close,up,2516,218,5.20016,1.64321,0.511526,1.46079,69.2444,SOXL,IS
1,2,5,from_close,down,2828,219,1.5391,-0.627339,0.492928,0.517183,69.3107,SOXL,IS
1,2,5,from_next_open,all,5344,234,3.27316,0.302401,0.50262,1.93236,69.2468,SOXL,IS
1,2,5,from_next_open,up,2516,218,5.35299,1.92741,0.512321,1.52774,69.2577,SOXL,IS
1,2,5,from_next_open,down,2828,219,1.42278,0,0.493989,0.480007,69.2372,SOXL,IS
1,2,15,from_close,all,5201,231,1.6666,-1.49142,0.488175,0.658673,116.983,SOXL,IS
1,2,15,from_close,up,2436,214,4.79777,0,0.494663,0.556988,118.742,SOXL,IS
1,2,15,from_close,down,2765,217,-1.09201,-3.59259,0.482459,-0.182131,115.433,SOXL,IS
1,2,15,from_next_open,all,5201,231,1.69117,-1.69295,0.49029,0.671745,116.932,SOXL,IS
1,2,15,from_next_open,up,2436,214,4.96479,0,0.498358,0.579141,118.708,SOXL,IS
1,2,15,from_next_open,down,2765,217,-1.19292,-3.89408,0.483183,-0.19945,115.368,SOXL,IS
1,2,30,from_close,all,5000,231,0.531294,-5.49334,0.4818,0.126353,160.247,SOXL,IS
1,2,30,from_close,up,2337,213,5.75481,-0.672646,0.496363,0.384422,162.077,SOXL,IS
1,2,30,from_close,down,2663,217,-4.05277,-10.3958,0.46902,-0.303807,158.64,SOXL,IS
1,2,30,from_next_open,all,5000,231,0.537272,-5.78373,0.4802,0.127527,160.275,SOXL,IS
1,2,30,from_next_open,up,2337,213,5.90075,-0.0372994,0.495507,0.394954,162.152,SOXL,IS
1,2,30,from_next_open,down,2663,217,-4.16962,-9.92355,0.466767,-0.312989,158.628,SOXL,IS
5,2,5,from_close,all,1116,187,0.722516,-1.86638,0.483871,0.256587,69.6251,SOXL,IS
5,2,5,from_close,up,507,151,1.44583,0.603824,0.506903,0.217559,67.1421,SOXL,IS
5,2,5,from_close,down,609,165,0.120352,-4.89922,0.464696,0.0243213,71.6922,SOXL,IS
5,2,5,from_next_open,all,1116,187,0.995422,-1.52643,0.485663,0.3508,69.5128,SOXL,IS
5,2,5,from_next_open,up,507,151,1.76932,1.95008,0.514793,0.266689,67.0697,SOXL,IS
5,2,5,from_next_open,down,609,165,0.35114,-5.35523,0.461412,0.0710925,71.5467,SOXL,IS
5,2,15,from_close,all,1079,185,-0.724976,0,0.497683,-0.129081,124.56,SOXL,IS
5,2,15,from_close,up,489,147,6.3261,1.47863,0.505112,0.532955,120.669,SOXL,IS
5,2,15,from_close,down,590,162,-6.569,-2.52957,0.491525,-0.618864,127.785,SOXL,IS
5,2,15,from_next_open,all,1079,185,-0.463212,0.969881,0.500463,-0.0818978,124.274,SOXL,IS
5,2,15,from_next_open,up,489,147,6.61571,1.86336,0.509202,0.557282,120.374,SOXL,IS
5,2,15,from_next_open,down,590,162,-6.33031,-1.63084,0.49322,-0.596258,127.506,SOXL,IS
5,2,30,from_close,all,1051,185,-2.41175,-9.24927,0.47764,-0.189181,168.123,SOXL,IS
5,2,30,from_close,up,481,146,7.81694,-8.8756,0.482328,0.393023,162.199,SOXL,IS
5,2,30,from_close,down,570,161,-11.0433,-9.30964,0.473684,-0.499294,173.122,SOXL,IS
5,2,30,from_next_open,all,1051,185,-2.14027,-8.03213,0.476689,-0.167128,167.985,SOXL,IS
5,2,30,from_next_open,up,481,146,8.09241,-7.32507,0.482328,0.406368,162.055,SOXL,IS
5,2,30,from_next_open,down,570,161,-10.7752,-8.78742,0.47193,-0.486856,172.989,SOXL,IS
1,3,1,from_close,all,1560,164,0.994668,0,0.496154,0.851337,42.4636,SOXL,IS
1,3,1,from_close,up,719,129,1.23469,-1.70843,0.478442,0.604265,45.0596,SOXL,IS
1,3,1,from_close,down,841,136,0.789464,1.67458,0.511296,0.399535,40.2441,SOXL,IS
1,3,1,from_next_open,all,1560,164,0.999236,0,0.496154,0.879157,42.3447,SOXL,IS
1,3,1,from_next_open,up,719,129,1.37355,-0.684151,0.484006,0.69282,44.7142,SOXL,IS
1,3,1,from_next_open,down,841,136,0.679221,1.4742,0.50654,0.342815,40.3189,SOXL,IS
1,3,5,from_close,all,1545,164,7.75436,3.34113,0.519094,2.26686,100.863,SOXL,IS
1,3,5,from_close,up,713,128,14.2019,1.70794,0.507714,1.47792,108.719,SOXL,IS
1,3,5,from_close,down,832,135,2.22904,5.09788,0.528846,0.425513,94.1309,SOXL,IS
1,3,5,from_next_open,all,1545,164,7.7649,3.77572,0.52233,2.30778,100.818,SOXL,IS
1,3,5,from_next_open,up,713,128,14.3495,1.92012,0.509116,1.50967,108.705,SOXL,IS
1,3,5,from_next_open,down,832,135,2.12208,4.77628,0.533654,0.405024,94.0578,SOXL,IS
1,3,15,from_close,all,1508,161,2.16077,0,0.498011,0.286024,169.981,SOXL,IS
1,3,15,from_close,up,693,125,14.2305,3.75094,0.507937,0.69379,182.995,SOXL,IS
1,3,15,from_close,down,815,132,-8.10218,-3.58166,0.489571,-0.702721,158.915,SOXL,IS
1,3,15,from_next_open,all,1508,161,2.19062,0,0.498674,0.290308,169.794,SOXL,IS
1,3,15,from_next_open,up,693,125,14.3905,3.61533,0.510823,0.70237,182.768,SOXL,IS
1,3,15,from_next_open,down,815,132,-8.18303,-4.07,0.488344,-0.711131,158.763,SOXL,IS
1,3,30,from_close,all,1439,156,1.24736,-6.90179,0.483669,0.0962154,224.811,SOXL,IS
1,3,30,from_close,up,659,121,22.4578,-6.46425,0.493171,0.62563,243.794,SOXL,IS
1,3,30,from_close,down,780,131,-16.6727,-7.47641,0.475641,-0.727595,208.772,SOXL,IS
1,3,30,from_next_open,all,1439,156,1.26287,-8.13173,0.482974,0.0973108,224.745,SOXL,IS
1,3,30,from_next_open,up,659,121,22.6166,-8.13173,0.491654,0.629921,243.744,SOXL,IS
1,3,30,from_next_open,down,780,131,-16.7783,-8.24483,0.475641,-0.732943,208.693,SOXL,IS
5,3,5,from_close,all,337,93,-4.54973,-4.5756,0.454006,-0.593605,93.4626,SOXL,IS
5,3,5,from_close,up,146,61,-7.11451,-4.02474,0.438356,-0.478425,91.8323,SOXL,IS
5,3,5,from_close,down,191,73,-2.58922,-15.1337,0.465969,-0.307024,94.7089,SOXL,IS
5,3,5,from_next_open,all,337,93,-4.66925,-5.51167,0.465875,-0.60391,93.2981,SOXL,IS
5,3,5,from_next_open,up,146,61,-7.06474,-5.32632,0.465753,-0.473911,91.9649,SOXL,IS
5,3,5,from_next_open,down,191,73,-2.83814,-12.6167,0.465969,-0.332683,94.3171,SOXL,IS
5,3,15,from_close,all,327,92,-0.457401,-2.80073,0.495413,-0.0338177,182.443,SOXL,IS
5,3,15,from_close,up,141,60,30.972,14.5712,0.539007,0.979038,181.429,SOXL,IS
5,3,15,from_close,down,186,72,-24.2829,-18.8183,0.462366,-1.17015,183.211,SOXL,IS
5,3,15,from_next_open,all,327,92,-0.627954,-1.40017,0.498471,-0.0464442,182.116,SOXL,IS
5,3,15,from_next_open,up,141,60,30.8822,13.4879,0.546099,0.976832,181.353,SOXL,IS
5,3,15,from_next_open,down,186,72,-24.5147,-20.7036,0.462366,-1.18358,182.694,SOXL,IS
5,3,30,from_close,all,314,89,0.452284,-18.8736,0.452229,0.0248323,236.708,SOXL,IS
5,3,30,from_close,up,136,57,36.7822,-14.4793,0.470588,0.733759,253.378,SOXL,IS
5,3,30,from_close,down,178,70,-27.3054,-24.3688,0.438202,-0.708953,223.971,SOXL,IS
5,3,30,from_next_open,all,314,89,0.240729,-19.7313,0.455414,0.0131474,236.519,SOXL,IS
5,3,30,from_next_open,up,136,57,36.6048,-17.3998,0.470588,0.730707,253.348,SOXL,IS
5,3,30,from_next_open,down,178,70,-27.5431,-25.4203,0.44382,-0.714891,223.66,SOXL,IS
1,2,1,from_close,all,5835,232,0.400616,0,0.495973,0.527791,32.4664,SOXL,OOS
1,2,1,from_close,up,2827,219,1.52265,0.0189717,0.500177,1.42175,32.538,SOXL,OOS
1,2,1,from_close,down,3008,221,-0.653904,-0.0243648,0.492021,-0.665191,32.3992,SOXL,OOS
1,2,1,from_next_open,all,5835,232,0.701375,0,0.4994,0.930835,32.4173,SOXL,OOS
1,2,1,from_next_open,up,2827,219,1.80573,0.443966,0.504068,1.68785,32.4337,SOXL,OOS
1,2,1,from_next_open,down,3008,221,-0.33653,0,0.495013,-0.349807,32.402,SOXL,OOS
1,2,5,from_close,all,5764,231,1.68347,-0.486811,0.494795,1.35931,72.4121,SOXL,OOS
1,2,5,from_close,up,2790,218,4.62232,3.74623,0.51828,1.90569,72.9646,SOXL,OOS
1,2,5,from_close,down,2974,221,-1.07356,-3.71326,0.472764,-0.475208,71.8938,SOXL,OOS
1,2,5,from_next_open,all,5764,231,1.98633,-0.735617,0.494795,1.60769,72.4112,SOXL,OOS
1,2,5,from_next_open,up,2790,218,4.9043,3.60415,0.517563,2.01432,72.9847,SOXL,OOS
1,2,5,from_next_open,down,2974,221,-0.751098,-3.91354,0.473436,-0.334764,71.8732,SOXL,OOS
1,2,15,from_close,all,5616,229,0.194153,-2.74621,0.489138,0.0919739,118.819,SOXL,OOS
1,2,15,from_close,up,2719,215,4.14123,2.02306,0.505333,1.01405,118.831,SOXL,OOS
1,2,15,from_close,down,2897,219,-3.5104,-6.7814,0.473939,-0.672337,118.807,SOXL,OOS
1,2,15,from_next_open,all,5616,229,0.496371,-2.55888,0.490028,0.236278,118.906,SOXL,OOS
1,2,15,from_next_open,up,2719,215,4.42545,2.36742,0.506804,1.08252,118.867,SOXL,OOS
1,2,15,from_next_open,down,2897,219,-3.1913,-5.96481,0.474284,-0.612859,118.942,SOXL,OOS
1,2,30,from_close,all,5388,229,0.154692,-3.93312,0.488679,0.0523093,165.074,SOXL,OOS
1,2,30,from_close,up,2598,212,-0.374434,2.73405,0.508853,-0.0485422,165.662,SOXL,OOS
1,2,30,from_close,down,2790,216,0.647406,-11.0496,0.469892,0.0752898,164.527,SOXL,OOS
1,2,30,from_next_open,all,5388,229,0.45812,-4.15405,0.487936,0.155207,165.145,SOXL,OOS
1,2,30,from_next_open,up,2598,212,-0.0787167,3.58292,0.508468,-0.010189,165.691,SOXL,OOS
1,2,30,from_next_open,down,2790,216,0.958014,-10.8111,0.468817,0.1116,164.636,SOXL,OOS
5,2,5,from_close,all,1129,190,5.74744,0,0.4969,2.04201,73.8534,SOXL,OOS
5,2,5,from_close,up,535,154,6.34234,6.49435,0.527103,1.58506,71.8717,SOXL,OOS
5,2,5,from_close,down,594,157,5.21162,-4.28103,0.469697,1.20708,75.6383,SOXL,OOS
5,2,5,from_next_open,all,1129,190,5.77983,0,0.499557,2.04233,73.8712,SOXL,OOS
5,2,5,from_next_open,up,535,154,6.39291,7.35362,0.530841,1.59217,71.6769,SOXL,OOS
5,2,5,from_next_open,down,594,157,5.22766,-4.48529,0.47138,1.2111,75.8475,SOXL,OOS
5,2,15,from_close,all,1103,186,8.16859,5.93707,0.516772,1.82874,119.66,SOXL,OOS
5,2,15,from_close,up,523,153,12.2651,10.3577,0.525813,2.08845,110.55,SOXL,OOS
5,2,15,from_close,down,580,153,4.47468,2.04784,0.508621,0.581364,127.876,SOXL,OOS
5,2,15,from_next_open,all,1103,186,8.20937,5.63261,0.516772,1.83121,119.6,SOXL,OOS
5,2,15,from_next_open,up,523,153,12.315,10.5664,0.525813,2.09483,110.38,SOXL,OOS
5,2,15,from_next_open,down,580,153,4.50719,2.3336,0.508621,0.585655,127.914,SOXL,OOS
5,2,30,from_close,all,1074,185,10.7635,1.42228,0.501862,1.65571,168.638,SOXL,OOS
5,2,30,from_close,up,509,152,18.4573,26.4167,0.536346,1.83591,154.98,SOXL,OOS
5,2,30,from_close,down,565,151,3.8322,-9.59485,0.470796,0.306491,180.943,SOXL,OOS
5,2,30,from_next_open,all,1074,185,10.7991,0.42197,0.500931,1.65846,168.78,SOXL,OOS
5,2,30,from_next_open,up,509,152,18.5066,26.8997,0.532417,1.84061,155.137,SOXL,OOS
5,2,30,from_next_open,down,565,151,3.85559,-10.6705,0.472566,0.308722,181.071,SOXL,OOS
1,3,1,from_close,all,1729,174,-0.42451,-0.870777,0.481781,-0.240296,39.5234,SOXL,OOS
1,3,1,from_close,up,828,145,1.74676,0,0.497585,0.695746,39.6014,SOXL,OOS
1,3,1,from_close,down,901,141,-2.41986,-2.3327,0.467259,-1.31717,39.4517,SOXL,OOS
1,3,1,from_next_open,all,1729,174,-0.167851,-0.982704,0.488143,-0.0957923,39.5325,SOXL,OOS
1,3,1,from_next_open,up,828,145,2.12217,0.948208,0.507246,0.849808,39.6853,SOXL,OOS
1,3,1,from_next_open,down,901,141,-2.27234,-2.56805,0.470588,-1.24878,39.3921,SOXL,OOS
1,3,5,from_close,all,1699,173,4.68675,0.02442,0.500294,1.85968,86.5024,SOXL,OOS
1,3,5,from_close,up,813,144,12.8987,8.69653,0.541205,2.61779,86.3042,SOXL,OOS
1,3,5,from_close,down,886,141,-2.8486,-6.23427,0.462754,-0.654517,86.6843,SOXL,OOS
1,3,5,from_next_open,all,1699,173,4.9448,0.365302,0.500294,1.97497,86.4799,SOXL,OOS
1,3,5,from_next_open,up,813,144,13.2755,8.46581,0.539975,2.69507,86.3838,SOXL,OOS
1,3,5,from_next_open,down,886,141,-2.69954,-6.44211,0.463883,-0.624171,86.5681,SOXL,OOS
1,3,15,from_close,all,1661,170,-1.95219,-5.14652,0.484648,-0.462509,143.633,SOXL,OOS
1,3,15,from_close,up,794,143,5.34864,9.60377,0.527708,0.645384,141.169,SOXL,OOS
1,3,15,from_close,down,867,138,-8.63831,-18.2242,0.445213,-0.905415,145.889,SOXL,OOS
1,3,15,from_next_open,all,1661,170,-1.6912,-3.85383,0.485852,-0.403274,143.685,SOXL,OOS
1,3,15,from_next_open,up,794,143,5.72179,10.2655,0.527708,0.691898,141.244,SOXL,OOS
1,3,15,from_next_open,down,867,138,-8.48004,-18.5767,0.44752,-0.890878,145.921,SOXL,OOS
1,3,30,from_close,all,1586,168,-4.08492,-6.17457,0.485498,-0.696806,189.751,SOXL,OOS
1,3,30,from_close,up,753,141,2.57173,11.8778,0.524568,0.179568,188.206,SOXL,OOS
1,3,30,from_close,down,833,137,-10.1023,-22.1909,0.45018,-0.58542,191.149,SOXL,OOS
1,3,30,from_next_open,all,1586,168,-3.83,-6.86484,0.482976,-0.653533,189.863,SOXL,OOS
1,3,30,from_next_open,up,753,141,2.95439,11.8778,0.52324,0.205921,188.364,SOXL,OOS
1,3,30,from_next_open,down,833,137,-9.96282,-21.0059,0.446579,-0.577633,191.217,SOXL,OOS
5,3,5,from_close,all,344,92,12.8375,3.35903,0.520349,2.40904,84.1252,SOXL,OOS
5,3,5,from_close,up,169,77,26.2149,17.8398,0.585799,3.52645,80.8555,SOXL,OOS
5,3,5,from_close,down,175,67,-0.0812219,-10.1751,0.457143,-0.00945202,87.2828,SOXL,OOS
5,3,5,from_next_open,all,344,92,12.7929,5.11685,0.514535,2.40993,84.1491,SOXL,OOS
5,3,5,from_next_open,up,169,77,25.9206,16.2153,0.585799,3.4884,80.7119,SOXL,OOS
5,3,5,from_next_open,down,175,67,0.11536,-11.7817,0.445714,0.0135448,87.4685,SOXL,OOS
5,3,15,from_close,all,339,89,12.2779,3.60101,0.516224,1.51301,137.673,SOXL,OOS
5,3,15,from_close,up,166,75,28.9467,9.55952,0.512048,2.63083,130.884,SOXL,OOS
5,3,15,from_close,down,173,66,-3.71644,2.24861,0.520231,-0.238534,144.187,SOXL,OOS
5,3,15,from_next_open,all,339,89,12.2306,6.3611,0.516224,1.50903,137.569,SOXL,OOS
5,3,15,from_next_open,up,166,75,28.635,9.49847,0.512048,2.60258,130.813,SOXL,OOS
5,3,15,from_next_open,down,173,66,-3.51001,3.60101,0.520231,-0.226415,144.052,SOXL,OOS
5,3,30,from_close,all,328,88,19.6394,7.79795,0.512195,1.76241,185.34,SOXL,OOS
5,3,30,from_close,up,161,74,27.197,28.1277,0.540373,1.42418,173.325,SOXL,OOS
5,3,30,from_close,down,167,62,12.3534,-6.64341,0.48503,0.60732,196.924,SOXL,OOS
5,3,30,from_next_open,all,328,88,19.6087,7.31359,0.509146,1.75629,185.592,SOXL,OOS
5,3,30,from_next_open,up,161,74,26.935,29.3542,0.534161,1.40953,173.819,SOXL,OOS
5,3,30,from_next_open,down,167,62,12.5456,-6.81756,0.48503,0.618763,196.941,SOXL,OOS
1,2,1,from_close,all,14845,675,0.680152,0,0.48481,2.29975,26.1439,SOXL,robust
1,2,1,from_close,up,6930,641,1.10624,0,0.493362,2.63776,26.58,SOXL,robust
1,2,1,from_close,down,7915,663,0.307094,-0.330316,0.477322,0.758612,25.762,SOXL,robust
1,2,1,from_next_open,all,14845,675,0.819057,0,0.482856,2.79039,26.0065,SOXL,robust
1,2,1,from_next_open,up,6930,641,1.33,0,0.494517,3.16857,26.4234,SOXL,robust
1,2,1,from_next_open,down,7915,663,0.371698,-0.0529383,0.472647,0.927928,25.6415,SOXL,robust
1,2,5,from_close,all,14716,674,1.3974,0,0.497418,2.00886,57.0806,SOXL,robust
1,2,5,from_close,up,6864,641,1.90288,0.751192,0.504953,1.44204,58.0131,SOXL,robust
1,2,5,from_close,down,7852,662,0.955523,0,0.49083,0.93184,56.2654,SOXL,robust
1,2,5,from_next_open,all,14716,674,1.54034,0,0.49735,2.21636,57.0132,SOXL,robust
1,2,5,from_next_open,up,6864,641,2.12751,1.46395,0.504953,1.61401,57.9542,SOXL,robust
1,2,5,from_next_open,down,7852,662,1.02706,0,0.490703,1.00221,56.1907,SOXL,robust
1,2,15,from_close,all,14305,672,0.871663,0,0.496749,0.775095,95.6035,SOXL,robust
1,2,15,from_close,up,6654,636,1.92757,0.369231,0.501803,0.689088,98.078,SOXL,robust
1,2,15,from_close,down,7651,660,-0.0466497,-0.385356,0.492354,-0.0194009,93.4515,SOXL,robust
1,2,15,from_next_open,all,14305,672,1.02169,0,0.497868,0.907732,95.5498,SOXL,robust
1,2,15,from_next_open,up,6654,636,2.16642,1.51085,0.50511,0.775795,98.0556,SOXL,robust
1,2,15,from_next_open,down,7651,660,0.0261352,-0.0933716,0.49157,0.0108575,93.3704,SOXL,robust
1,2,30,from_close,all,13705,671,1.89456,0,0.496534,1.11572,135.354,SOXL,robust
1,2,30,from_close,up,6360,633,2.7305,1.66793,0.503459,0.501062,140.512,SOXL,robust
1,2,30,from_close,down,7345,659,1.17072,-2.42684,0.490538,0.273455,130.888,SOXL,robust
1,2,30,from_next_open,all,13705,671,2.04696,0,0.496169,1.20532,135.309,SOXL,robust
1,2,30,from_next_open,up,6360,633,2.97041,1.55174,0.503302,0.54543,140.481,SOXL,robust
1,2,30,from_next_open,down,7345,659,1.24735,-2.42684,0.489993,0.291242,130.831,SOXL,robust
5,2,5,from_close,all,3068,584,-2.6039,-0.564942,0.48631,-1.63158,58.5125,SOXL,robust
5,2,5,from_close,up,1419,477,-3.42822,0,0.496124,-1.44856,59.484,SOXL,robust
5,2,5,from_close,down,1649,514,-1.89457,-2.60315,0.477865,-0.921287,57.6765,SOXL,robust
5,2,5,from_next_open,all,3068,584,-2.60768,-0.162966,0.486636,-1.63954,58.5064,SOXL,robust
5,2,5,from_next_open,up,1419,477,-3.34492,0,0.497533,-1.41377,59.5227,SOXL,robust
5,2,5,from_next_open,down,1649,514,-1.97327,-2.97694,0.477259,-0.958365,57.6319,SOXL,robust
5,2,15,from_close,all,2960,577,-3.51467,-2.89316,0.488514,-1.4661,95.474,SOXL,robust
5,2,15,from_close,up,1362,466,-5.31365,-1.82401,0.491189,-1.2367,97.4329,SOXL,robust
5,2,15,from_close,down,1598,505,-1.98138,-3.738,0.486233,-0.526924,93.8045,SOXL,robust
5,2,15,from_next_open,all,2960,577,-3.53436,-3.33723,0.486824,-1.47698,95.4346,SOXL,robust
5,2,15,from_next_open,up,1362,466,-5.23474,-2.25389,0.490455,-1.21732,97.3718,SOXL,robust
5,2,15,from_next_open,down,1598,505,-2.08509,-4.13003,0.48373,-0.554414,93.7835,SOXL,robust
5,2,30,from_close,all,2871,574,2.84315,1.94382,0.505051,0.800355,135.316,SOXL,robust
5,2,30,from_close,up,1315,458,-1.3944,0.0554324,0.50038,-0.189532,141.906,SOXL,robust
5,2,30,from_close,down,1556,503,6.42436,2.82246,0.508997,1.12802,129.747,SOXL,robust
5,2,30,from_next_open,all,2871,574,2.82345,1.83585,0.505051,0.796047,135.271,SOXL,robust
5,2,30,from_next_open,up,1315,458,-1.31491,1.32926,0.501901,-0.178628,141.809,SOXL,robust
5,2,30,from_next_open,down,1556,503,6.32084,2.35552,0.507712,1.1114,129.745,SOXL,robust
1,3,1,from_close,all,3533,517,0.45436,0,0.485989,0.636694,32.9865,SOXL,robust
1,3,1,from_close,up,1644,386,0.70227,0,0.499392,0.709816,34.4686,SOXL,robust
1,3,1,from_close,down,1889,453,0.238603,-0.202297,0.474325,0.248295,31.6966,SOXL,robust
1,3,1,from_next_open,all,3533,517,0.528479,0,0.482876,0.741809,32.8236,SOXL,robust
1,3,1,from_next_open,up,1644,386,0.787182,0,0.493917,0.782326,34.2516,SOXL,robust
1,3,1,from_next_open,down,1889,453,0.303329,-0.0495297,0.473266,0.321225,31.5808,SOXL,robust
1,3,5,from_close,all,3493,515,0.829534,0,0.492413,0.582865,70.97,SOXL,robust
1,3,5,from_close,up,1628,385,0.897431,0,0.495086,0.336754,73.209,SOXL,robust
1,3,5,from_close,down,1865,447,0.770266,-0.321192,0.49008,0.342804,69.0156,SOXL,robust
1,3,5,from_next_open,all,3493,515,0.904752,0,0.493272,0.631423,70.886,SOXL,robust
1,3,5,from_next_open,up,1628,385,0.979865,0,0.495086,0.366808,73.1206,SOXL,robust
1,3,5,from_next_open,down,1865,447,0.839184,-0.153846,0.491689,0.373248,68.9355,SOXL,robust
1,3,15,from_close,all,3396,504,-1.67358,0,0.495878,-0.75462,116.359,SOXL,robust
1,3,15,from_close,up,1580,367,-0.474366,-2.61637,0.485443,-0.0743654,122.489,SOXL,robust
1,3,15,from_close,down,1816,440,-2.71696,1.86488,0.504956,-0.506276,111.025,SOXL,robust
1,3,15,from_next_open,all,3396,504,-1.58706,0,0.495289,-0.716404,116.291,SOXL,robust
1,3,15,from_next_open,up,1580,367,-0.370724,-2.23209,0.487975,-0.0581651,122.427,SOXL,robust
1,3,15,from_next_open,down,1816,440,-2.64533,0.841882,0.501652,-0.492765,110.953,SOXL,robust
1,3,30,from_close,all,3263,501,2.8004,-1.10526,0.495556,0.793706,164.94,SOXL,robust
1,3,30,from_close,up,1515,362,7.49712,-4.32526,0.489769,0.588033,175.667,SOXL,robust
1,3,30,from_close,down,1748,435,-1.27026,0.0330788,0.500572,-0.133003,155.644,SOXL,robust
1,3,30,from_next_open,all,3263,501,2.88597,-1.58907,0.493105,0.818237,164.843,SOXL,robust
1,3,30,from_next_open,up,1515,362,7.59862,-3.73552,0.485149,0.596199,175.539,SOXL,robust
1,3,30,from_next_open,down,1748,435,-1.19851,0.0208421,0.5,-0.125458,155.574,SOXL,robust
5,3,5,from_close,all,723,277,-7.69805,-2.58665,0.478562,-1.79916,79.0575,SOXL,robust
5,3,5,from_close,up,324,168,-11.1834,-7.02229,0.450617,-1.54784,83.8838,SOXL,robust
5,3,5,from_close,down,399,214,-4.86781,0.0406339,0.501253,-0.83902,75.1384,SOXL,robust
5,3,5,from_next_open,all,723,277,-7.86537,-3.33667,0.478562,-1.83635,79.1114,SOXL,robust
5,3,5,from_next_open,up,324,168,-11.0005,-9.02751,0.45679,-1.51615,84.1583,SOXL,robust
5,3,5,from_next_open,down,399,214,-5.31952,0,0.496241,-0.916047,75.0131,SOXL,robust
5,3,15,from_close,all,705,274,-4.90384,-0.0550964,0.499291,-0.856727,121.646,SOXL,robust
5,3,15,from_close,up,315,166,-16.3921,-16.0051,0.450794,-1.33151,131.036,SOXL,robust
5,3,15,from_close,down,390,212,4.37517,8.31759,0.538462,0.500525,114.062,SOXL,robust
5,3,15,from_next_open,all,705,274,-5.08691,-2.967,0.493617,-0.886485,121.681,SOXL,robust
5,3,15,from_next_open,up,315,166,-16.2054,-18.0571,0.444444,-1.30766,131.067,SOXL,robust
5,3,15,from_next_open,down,390,212,3.89344,9.3157,0.533333,0.446359,114.1,SOXL,robust
5,3,30,from_close,all,689,272,13.2859,16.4077,0.526851,1.54429,181.824,SOXL,robust
5,3,30,from_close,up,307,161,-0.0745872,5.18386,0.504886,-0.00372416,209.203,SOXL,robust
5,3,30,from_close,down,382,210,24.0233,21.2167,0.544503,1.85904,159.821,SOXL,robust
5,3,30,from_next_open,all,689,272,13.106,13.6785,0.525399,1.5186,181.866,SOXL,robust
5,3,30,from_next_open,up,307,161,0.114465,3.57718,0.501629,0.00569175,209.358,SOXL,robust
5,3,30,from_next_open,down,382,210,23.5468,18.1112,0.544503,1.82564,159.773,SOXL,robust
1,2,1,from_close,all,10755,478,-2.36303,-2.14331,0.443422,-3.92187,32.2346,SOXS,primary
1,2,1,from_close,up,5562,458,-3.21251,-2.70006,0.437612,-3.35622,31.9859,SOXS,primary
1,2,1,from_close,down,5193,457,-1.4532,-1.12015,0.449644,-1.90888,32.501,SOXS,primary
1,2,1,from_next_open,all,10755,478,0.160346,0,0.474012,0.308007,31.7046,SOXS,primary
1,2,1,from_next_open,up,5562,458,-0.637018,0,0.468896,-0.712907,31.2511,SOXS,primary
1,2,1,from_next_open,down,5193,457,1.01437,0,0.479492,1.47202,32.1904,SOXS,primary
1,2,5,from_close,all,10622,477,-1.48763,-2.7421,0.46592,-1.53678,69.4433,SOXS,primary
1,2,5,from_close,up,5500,455,-5.62956,-6.50578,0.447636,-1.89483,68.5508,SOXS,primary
1,2,5,from_close,down,5122,457,2.95997,0,0.485553,1.15306,70.4017,SOXS,primary
1,2,5,from_next_open,all,10622,477,1.05712,0,0.48569,1.1567,69.224,SOXS,primary
1,2,5,from_next_open,up,5500,455,-3.04732,-2.63992,0.464727,-1.03051,68.2164,SOXS,primary
1,2,5,from_next_open,down,5122,457,5.46446,1.48405,0.5082,2.17987,70.306,SOXS,primary
1,2,15,from_close,all,10338,477,-2.97547,-4.66844,0.471948,-2.22622,115.345,SOXS,primary
1,2,15,from_close,up,5358,453,-9.63581,-11.7996,0.446995,-1.42865,113.734,SOXS,primary
1,2,15,from_close,down,4980,455,4.19041,0,0.498795,0.567761,117.079,SOXS,primary
1,2,15,from_next_open,all,10338,477,-0.414088,-0.427358,0.482589,-0.311694,115.15,SOXS,primary
1,2,15,from_next_open,up,5358,453,-7.03262,-7.44945,0.45782,-1.04162,113.438,SOXS,primary
1,2,15,from_next_open,down,4980,455,6.70682,3.05325,0.509237,0.913531,116.993,SOXS,primary
1,2,30,from_close,all,9913,473,-2.84759,-8.25983,0.468476,-0.934257,158.988,SOXS,primary
1,2,30,from_close,up,5139,450,-12.3571,-17.6239,0.441526,-1.01758,156.126,SOXS,primary
1,2,30,from_close,down,4774,449,7.38899,0,0.497486,0.467228,162.068,SOXS,primary
1,2,30,from_next_open,all,9913,473,-0.301849,-4.51467,0.477656,-0.0992699,158.797,SOXS,primary
1,2,30,from_next_open,up,5139,450,-9.79176,-12.9534,0.451061,-0.805944,155.74,SOXS,primary
1,2,30,from_next_open,down,4774,449,9.91363,1.43475,0.506284,0.628293,162.088,SOXS,primary
5,2,5,from_close,all,2177,390,1.03822,-4.52284,0.463941,0.436639,70.7085,SOXS,primary
5,2,5,from_close,up,1147,333,-2.28796,-12.1507,0.428945,-0.743799,70.8787,SOXS,primary
5,2,5,from_close,down,1030,315,4.74222,0.126909,0.502913,0.95651,70.519,SOXS,primary
5,2,5,from_next_open,all,2177,390,2.69435,-1.30719,0.47175,1.14662,70.3662,SOXS,primary
5,2,5,from_next_open,up,1147,333,-0.328293,-9.2745,0.436792,-0.107571,70.4331,SOXS,primary
5,2,5,from_next_open,down,1030,315,6.06035,1.99083,0.51068,1.22749,70.2917,SOXS,primary
5,2,15,from_close,all,2129,386,1.71406,-1.33838,0.486613,0.402224,120.335,SOXS,primary
5,2,15,from_close,up,1121,329,-5.54996,-9.38312,0.46744,-0.74812,121.55,SOXS,primary
5,2,15,from_close,down,1008,310,9.79239,1.88019,0.507937,0.807406,118.984,SOXS,primary
5,2,15,from_next_open,all,2129,386,3.38225,0,0.49272,0.794747,120.344,SOXS,primary
5,2,15,from_next_open,up,1121,329,-3.59834,-8.42156,0.474576,-0.484872,121.787,SOXS,primary
5,2,15,from_next_open,down,1008,310,11.1454,3.038,0.512897,0.919797,118.739,SOXS,primary
5,2,30,from_close,all,2071,386,2.36527,-8.65801,0.468373,0.3343,162.858,SOXS,primary
5,2,30,from_close,up,1089,327,-8.79205,-18.9016,0.444444,-0.642679,165.301,SOXS,primary
5,2,30,from_close,down,982,308,14.7383,0,0.494908,0.722225,160.149,SOXS,primary
5,2,30,from_next_open,all,2071,386,4.06366,-7.34463,0.475133,0.574721,162.686,SOXS,primary
5,2,30,from_next_open,up,1089,327,-6.81054,-17.0316,0.449036,-0.497949,165.12,SOXS,primary
5,2,30,from_next_open,down,982,308,16.1227,0.263939,0.504073,0.790173,159.988,SOXS,primary
1,3,1,from_close,all,2706,336,-2.13717,-3.43707,0.455654,-1.58495,48.3217,SOXS,primary
1,3,1,from_close,up,1418,284,-3.60539,-4.30471,0.447814,-1.45845,46.0686,SOXS,primary
1,3,1,from_close,down,1288,269,-0.52076,-2.00739,0.464286,-0.318058,50.8022,SOXS,primary
1,3,1,from_next_open,all,2706,336,-0.318994,0,0.473392,-0.242784,48.0143,SOXS,primary
1,3,1,from_next_open,up,1418,284,-1.88578,-0.452601,0.468265,-0.774122,45.6497,SOXS,primary
1,3,1,from_next_open,down,1288,269,1.40593,0,0.479037,0.919485,50.6175,SOXS,primary
1,3,5,from_close,all,2665,332,-0.179163,-0.528381,0.478049,-0.0599606,106.689,SOXS,primary
1,3,5,from_close,up,1393,278,-8.28478,-5.4095,0.462312,-0.838497,101.785,SOXS,primary
1,3,5,from_close,down,1272,265,8.69751,0,0.495283,1.11296,112.06,SOXS,primary
1,3,5,from_next_open,all,2665,332,1.66675,0,0.493058,0.572808,106.578,SOXS,primary
1,3,5,from_next_open,up,1393,278,-6.52254,-2.50931,0.47308,-0.660523,101.655,SOXS,primary
1,3,5,from_next_open,down,1272,265,10.6351,4.34194,0.514937,1.39371,111.969,SOXS,primary
1,3,15,from_close,all,2596,329,-6.60012,-8.3873,0.473035,-1.46006,176.279,SOXS,primary
1,3,15,from_close,up,1362,272,-19.5398,-17.1096,0.440529,-1.05581,168.41,SOXS,primary
1,3,15,from_close,down,1234,260,7.68179,3.41839,0.508914,0.300628,184.965,SOXS,primary
1,3,15,from_next_open,all,2596,329,-4.72805,-4.23029,0.477658,-1.03724,175.877,SOXS,primary
1,3,15,from_next_open,up,1362,272,-17.7455,-14.4334,0.441263,-0.95794,167.85,SOXS,primary
1,3,15,from_next_open,down,1234,260,9.63971,6.12799,0.517828,0.378484,184.736,SOXS,primary
1,3,30,from_close,all,2482,325,-3.15852,-13.1752,0.466962,-0.31199,239.367,SOXS,primary
1,3,30,from_close,up,1296,269,-26.5166,-22.2118,0.43287,-0.837966,224.808,SOXS,primary
1,3,30,from_close,down,1186,256,22.366,0.89909,0.504216,0.457333,255.276,SOXS,primary
1,3,30,from_next_open,all,2482,325,-1.29531,-9.54963,0.471797,-0.127456,239.068,SOXS,primary
1,3,30,from_next_open,up,1296,269,-24.7622,-20.5036,0.439815,-0.781615,224.3,SOXS,primary
1,3,30,from_next_open,down,1186,256,24.3481,4.72391,0.506745,0.498734,255.207,SOXS,primary
5,3,5,from_close,all,631,199,0.14012,-10.5541,0.453249,0.0328465,95.2141,SOXS,primary
5,3,5,from_close,up,331,150,-8.03206,-19.2507,0.410876,-1.01599,88.5335,SOXS,primary
5,3,5,from_close,down,300,134,9.15676,0.227262,0.5,0.992838,102.585,SOXS,primary
5,3,5,from_next_open,all,631,199,1.41749,-8.48536,0.451664,0.332756,94.7066,SOXS,primary
5,3,5,from_next_open,up,331,150,-6.31522,-14.9728,0.410876,-0.795408,88.0464,SOXS,primary
5,3,5,from_next_open,down,300,134,9.94926,0,0.496667,1.08578,102.055,SOXS,primary
5,3,15,from_close,all,612,191,6.16388,-4.27709,0.482026,0.601277,174.218,SOXS,primary
5,3,15,from_close,up,321,144,-17.0534,-18.6558,0.451713,-0.95639,169.53,SOXS,primary
5,3,15,from_close,down,291,131,31.7747,4.59911,0.515464,1.04133,179.388,SOXS,primary
5,3,15,from_next_open,all,612,191,7.41778,-2.17465,0.485294,0.72135,174.066,SOXS,primary
5,3,15,from_next_open,up,321,144,-15.3711,-13.5764,0.461059,-0.86091,169.588,SOXS,primary
5,3,15,from_next_open,down,291,131,32.556,6.66369,0.512027,1.06564,179.005,SOXS,primary
5,3,30,from_close,all,590,187,11.0125,-15.8065,0.464407,0.615382,237.071,SOXS,primary
5,3,30,from_close,up,309,140,-25.4719,-27.6611,0.433657,-0.837115,221.042,SOXS,primary
5,3,30,from_close,down,281,127,51.1323,0,0.498221,0.895482,254.696,SOXS,primary
5,3,30,from_next_open,all,590,187,12.3847,-13.4967,0.467797,0.691361,236.585,SOXS,primary
5,3,30,from_next_open,up,309,140,-23.6773,-29.9343,0.443366,-0.77725,220.387,SOXS,primary
5,3,30,from_next_open,down,281,127,52.0401,0,0.494662,0.911107,254.397,SOXS,primary
1,2,1,from_close,all,5195,238,-0.396548,-1.41503,0.463715,-0.549721,32.3789,SOXS,IS
1,2,1,from_close,up,2736,225,-0.876735,-1.98963,0.461257,-0.552734,31.4387,SOXS,IS
1,2,1,from_close,down,2459,226,0.137731,-0.838379,0.46645,0.141713,33.4251,SOXS,IS
1,2,1,from_next_open,all,5195,238,-0.00987555,0,0.473147,-0.0141107,32.1461,SOXS,IS
1,2,1,from_next_open,up,2736,225,-0.681424,-0.0793564,0.467471,-0.43824,31.1668,SOXS,IS
1,2,1,from_next_open,down,2459,226,0.737321,0,0.479463,0.803694,33.2357,SOXS,IS
1,2,5,from_close,all,5136,237,0.641791,-0.130876,0.487734,0.465196,72.3484,SOXS,IS
1,2,5,from_close,up,2706,223,-3.38212,-2.5946,0.476349,-0.603508,69.6154,SOXS,IS
1,2,5,from_close,down,2430,226,5.12274,0.0431488,0.500412,1.10813,75.3918,SOXS,IS
1,2,5,from_next_open,all,5136,237,1.04061,0,0.493769,0.768903,72.3505,SOXS,IS
1,2,5,from_next_open,up,2706,223,-3.17875,-1.8988,0.479305,-0.569558,69.5958,SOXS,IS
1,2,5,from_next_open,down,2430,226,5.73922,2.09452,0.509877,1.256,75.4182,SOXS,IS
1,2,15,from_close,all,4990,237,-0.706012,-2.28315,0.48477,-0.389409,123.076,SOXS,IS
1,2,15,from_close,up,2634,222,-9.81204,-7.3285,0.464692,-0.772879,118.724,SOXS,IS
1,2,15,from_close,down,2356,225,9.4745,1.86931,0.507216,0.647272,127.941,SOXS,IS
1,2,15,from_next_open,all,4990,237,-0.30164,-2.10727,0.483166,-0.166136,122.988,SOXS,IS
1,2,15,from_next_open,up,2634,222,-9.59784,-6.93917,0.463933,-0.75676,118.659,SOXS,IS
1,2,15,from_next_open,down,2356,225,10.0915,2.06552,0.504669,0.691148,127.828,SOXS,IS
1,2,30,from_close,all,4785,236,2.28178,-4.1564,0.484639,0.406553,169.448,SOXS,IS
1,2,30,from_close,up,2523,222,-17.301,-12.1442,0.459374,-0.758621,161.601,SOXS,IS
1,2,30,from_close,down,2262,223,24.1241,4.09572,0.512821,0.756274,178.201,SOXS,IS
1,2,30,from_next_open,all,4785,236,2.68256,-3.9604,0.485475,0.476692,169.418,SOXS,IS
1,2,30,from_next_open,up,2523,222,-17.0735,-11.0668,0.459374,-0.749158,161.485,SOXS,IS
1,2,30,from_next_open,down,2262,223,24.7181,5.02263,0.514589,0.775573,178.266,SOXS,IS
5,2,5,from_close,all,1044,192,1.28587,-5.1918,0.460728,0.319374,72.0667,SOXS,IS
5,2,5,from_close,up,553,165,-3.61906,-10.921,0.437613,-0.762399,69.9684,SOXS,IS
5,2,5,from_close,down,491,153,6.81016,0,0.486762,0.730825,74.4298,SOXS,IS
5,2,5,from_next_open,all,1044,192,2.1623,-4.66365,0.464559,0.536849,71.9814,SOXS,IS
5,2,5,from_next_open,up,553,165,-2.93592,-9.37458,0.437613,-0.620679,69.8274,SOXS,IS
5,2,5,from_next_open,down,491,153,7.90429,0,0.494908,0.848085,74.4073,SOXS,IS
5,2,15,from_close,all,1015,191,4.45167,-0.138698,0.491626,0.600685,128.152,SOXS,IS
5,2,15,from_close,up,538,164,-7.26133,-7.38891,0.473978,-0.542474,121.817,SOXS,IS
5,2,15,from_close,down,477,150,17.6625,5.67354,0.51153,0.721998,135.297,SOXS,IS
5,2,15,from_next_open,all,1015,191,5.32882,0,0.495567,0.718417,128.103,SOXS,IS
5,2,15,from_next_open,up,538,164,-6.53907,-8.26429,0.477695,-0.488914,121.748,SOXS,IS
5,2,15,from_next_open,down,477,150,18.7144,6.6313,0.515723,0.76525,135.271,SOXS,IS
5,2,30,from_close,all,988,191,4.74257,-8.6689,0.464575,0.353318,171.331,SOXS,IS
5,2,30,from_close,up,521,164,-12.4066,-12.5078,0.456814,-0.477715,163.789,SOXS,IS
5,2,30,from_close,down,467,148,23.8747,-7.35258,0.473233,0.578902,179.746,SOXS,IS
5,2,30,from_next_open,all,988,191,5.63621,-9.16784,0.47166,0.419752,171.162,SOXS,IS
5,2,30,from_next_open,up,521,164,-11.6617,-12.0968,0.460653,-0.449133,163.567,SOXS,IS
5,2,30,from_next_open,down,467,148,24.9343,-6.28931,0.48394,0.6047,179.636,SOXS,IS
1,3,1,from_close,all,1428,159,-1.47345,-3.85885,0.461485,-0.76622,56.1002,SOXS,IS
1,3,1,from_close,up,748,133,-2.75051,-2.86167,0.459893,-0.636896,51.8892,SOXS,IS
1,3,1,from_close,down,680,122,-0.068694,-3.88578,0.463235,-0.0329678,60.7322,SOXS,IS
1,3,1,from_next_open,all,1428,159,-1.28055,-1.94403,0.464986,-0.667139,55.9229,SOXS,IS
1,3,1,from_next_open,up,748,133,-2.80488,-2.35974,0.46123,-0.657911,51.7794,SOXS,IS
1,3,1,from_next_open,down,680,122,0.396212,-1.5078,0.469118,0.201548,60.4807,SOXS,IS
1,3,5,from_close,all,1407,158,0.656206,0,0.49467,0.135641,129.046,SOXS,IS
1,3,5,from_close,up,736,131,-10.8517,0,0.495924,-0.59649,118.617,SOXS,IS
1,3,5,from_close,down,671,119,13.2789,0,0.493294,0.987852,140.485,SOXS,IS
1,3,5,from_next_open,all,1407,158,0.861271,0,0.498934,0.180646,129.15,SOXS,IS
1,3,5,from_next_open,up,736,131,-10.8902,0,0.497283,-0.600461,118.642,SOXS,IS
1,3,5,from_next_open,down,671,119,13.7512,0.0430478,0.500745,1.03604,140.675,SOXS,IS
1,3,15,from_close,all,1368,156,-2.06104,-4.03455,0.489035,-0.275107,216.12,SOXS,IS
1,3,15,from_close,up,719,128,-23.6635,-11.8339,0.463143,-0.700665,200.279,SOXS,IS
1,3,15,from_close,down,649,117,21.8714,3.99336,0.51772,0.464329,233.671,SOXS,IS
1,3,15,from_next_open,all,1368,156,-1.82138,-3.58126,0.483187,-0.241003,215.799,SOXS,IS
1,3,15,from_next_open,up,719,128,-23.6722,-11.6054,0.454798,-0.701807,199.912,SOXS,IS
1,3,15,from_next_open,down,649,117,22.3863,5.42888,0.514638,0.475961,233.4,SOXS,IS
1,3,30,from_close,all,1308,153,6.04744,-5.04487,0.480887,0.327632,294.439,SOXS,IS
1,3,30,from_close,up,685,128,-40.937,-13.842,0.454015,-0.714072,267.924,SOXS,IS
1,3,30,from_close,down,623,114,57.7077,6.58039,0.510433,0.639424,323.594,SOXS,IS
1,3,30,from_next_open,all,1308,153,6.29895,-5.13261,0.481651,0.339868,294.183,SOXS,IS
1,3,30,from_next_open,up,685,128,-40.9262,-12.8778,0.455474,-0.714272,267.497,SOXS,IS
1,3,30,from_next_open,down,623,114,58.2239,7.83699,0.510433,0.645571,323.525,SOXS,IS
5,3,5,from_close,all,329,99,-3.02603,-8.20707,0.440729,-0.478945,106.59,SOXS,IS
5,3,5,from_close,up,172,74,-8.47092,-12.4146,0.430233,-0.686662,92.51,SOXS,IS
5,3,5,from_close,down,157,60,2.93907,-4.82963,0.452229,0.179016,122.016,SOXS,IS
5,3,5,from_next_open,all,329,99,-2.17388,-9.12076,0.440729,-0.342105,106.373,SOXS,IS
5,3,5,from_next_open,up,172,74,-8.21945,-13.6986,0.418605,-0.664094,92.5511,SOXS,IS
5,3,5,from_next_open,down,157,60,4.4493,-5.50041,0.464968,0.270874,121.516,SOXS,IS
5,3,15,from_close,all,316,96,14.8864,-1.153,0.487342,0.893779,208.005,SOXS,IS
5,3,15,from_close,up,166,71,-18.8493,-17.5991,0.451807,-0.61224,187.354,SOXS,IS
5,3,15,from_close,down,150,59,52.2206,10.0435,0.526667,0.930576,230.858,SOXS,IS
5,3,15,from_next_open,all,316,96,15.6413,-1.96847,0.490506,0.935434,207.726,SOXS,IS
5,3,15,from_next_open,up,166,71,-18.7191,-16.6741,0.457831,-0.608773,187.177,SOXS,IS
5,3,15,from_next_open,down,150,59,53.6669,13.3771,0.526667,0.956315,230.467,SOXS,IS
5,3,30,from_close,all,304,93,14.2605,-17.4451,0.453947,0.433726,286.559,SOXS,IS
5,3,30,from_close,up,159,70,-41.6981,-22.5017,0.440252,-0.75362,242.213,SOXS,IS
5,3,30,from_close,down,145,56,75.6219,-13.0159,0.468966,0.700888,335.187,SOXS,IS
5,3,30,from_next_open,all,304,93,15.0821,-17.275,0.463816,0.458135,286.012,SOXS,IS
5,3,30,from_next_open,up,159,70,-41.5154,-22.5683,0.45283,-0.750117,241.424,SOXS,IS
5,3,30,from_next_open,down,145,56,77.1442,-13.0159,0.475862,0.715094,334.905,SOXS,IS
1,2,1,from_close,all,5560,240,-4.20043,-3.08613,0.42446,-4.59701,32.0997,SOXS,OOS
1,2,1,from_close,up,2826,233,-5.47389,-4.18331,0.41472,-5.12451,32.5156,SOXS,OOS
1,2,1,from_close,down,2734,231,-2.88411,-1.22954,0.434528,-2.5943,31.6699,SOXS,OOS
1,2,1,from_next_open,all,5560,240,0.319392,0,0.47482,0.416974,31.2921,SOXS,OOS
1,2,1,from_next_open,up,2826,233,-0.594026,0,0.470276,-0.653655,31.3326,SOXS,OOS
1,2,1,from_next_open,down,2734,231,1.26355,0,0.479517,1.23919,31.2501,SOXS,OOS
1,2,5,from_close,all,5486,240,-3.4812,-5.99168,0.445498,-2.639,66.7235,SOXS,OOS
1,2,5,from_close,up,2794,232,-7.80621,-11.3658,0.419828,-3.52063,67.5196,SOXS,OOS
1,2,5,from_close,down,2692,231,1.00768,0,0.47214,0.414432,65.8973,SOXS,OOS
1,2,5,from_next_open,all,5486,240,1.07257,0,0.478126,0.868247,66.2969,SOXS,OOS
1,2,5,from_next_open,up,2794,232,-2.92003,-4.84264,0.450608,-1.35376,66.8804,SOXS,OOS
1,2,5,from_next_open,down,2692,231,5.21644,0.884821,0.506686,2.18944,65.6913,SOXS,OOS
1,2,15,from_close,all,5348,240,-5.09301,-7.40541,0.459985,-2.60859,108.132,SOXS,OOS
1,2,15,from_close,up,2724,231,-9.4654,-15.6956,0.429883,-1.88488,108.908,SOXS,OOS
1,2,15,from_close,down,2624,230,-0.553989,0,0.491235,-0.124291,107.327,SOXS,OOS
1,2,15,from_next_open,all,5348,240,-0.519008,0,0.482049,-0.268772,107.837,SOXS,OOS
1,2,15,from_next_open,up,2724,231,-4.55216,-8.80889,0.451909,-0.917015,108.389,SOXS,OOS
1,2,15,from_next_open,down,2624,230,3.66784,4.60089,0.513338,0.818787,107.264,SOXS,OOS
1,2,30,from_close,all,5128,237,-7.63387,-13.9758,0.453393,-2.82632,149.227,SOXS,OOS
1,2,30,from_close,up,2616,228,-7.58901,-22.0867,0.424312,-0.847491,150.846,SOXS,OOS
1,2,30,from_close,down,2512,226,-7.68059,-0.938599,0.483678,-1.04816,147.541,SOXS,OOS
1,2,30,from_next_open,all,5128,237,-3.08663,-6.12502,0.470359,-1.16006,148.887,SOXS,OOS
1,2,30,from_next_open,up,2616,228,-2.76894,-15.537,0.443043,-0.3121,150.2,SOXS,OOS
1,2,30,from_next_open,down,2512,226,-3.41749,0,0.498806,-0.46358,147.52,SOXS,OOS
5,2,5,from_close,all,1133,198,0.810017,-0.52356,0.466902,0.304873,69.457,SOXS,OOS
5,2,5,from_close,up,594,168,-1.04874,-13.9611,0.420875,-0.264835,71.7261,SOXS,OOS
5,2,5,from_close,down,539,162,2.85845,2.16489,0.517625,0.712899,66.9564,SOXS,OOS
5,2,5,from_next_open,all,1133,198,3.18461,0,0.478376,1.22888,68.8779,SOXS,OOS
5,2,5,from_next_open,up,594,168,2.09935,-8.08132,0.436027,0.539712,70.997,SOXS,OOS
5,2,5,from_next_open,down,539,162,4.38061,3.11707,0.525046,1.11376,66.5426,SOXS,OOS
5,2,15,from_close,all,1114,195,-0.780265,-4.35261,0.482047,-0.174884,113.213,SOXS,OOS
5,2,15,from_close,up,583,165,-3.97069,-11.1111,0.461407,-0.556399,121.303,SOXS,OOS
5,2,15,from_close,down,531,160,2.72259,0.298499,0.504708,0.462926,104.331,SOXS,OOS
5,2,15,from_next_open,all,1114,195,1.60867,0,0.490126,0.36058,113.275,SOXS,OOS
5,2,15,from_next_open,up,583,165,-0.884587,-9.28218,0.471698,-0.123547,121.824,SOXS,OOS
5,2,15,from_next_open,down,531,160,4.34609,1.14534,0.510358,0.741068,103.888,SOXS,OOS
5,2,30,from_close,all,1083,195,0.196497,-8.65801,0.471837,0.0340486,155.128,SOXS,OOS
5,2,30,from_close,up,568,163,-5.47658,-28.0033,0.433099,-0.500608,166.687,SOXS,OOS
5,2,30,from_close,down,515,160,6.45341,6.70105,0.514563,0.648837,142.379,SOXS,OOS
5,2,30,from_next_open,all,1083,195,2.62906,-4.76005,0.478301,0.458283,154.954,SOXS,OOS
5,2,30,from_next_open,up,568,163,-2.36082,-26.0313,0.43838,-0.216221,166.545,SOXS,OOS
5,2,30,from_next_open,down,515,160,8.13246,4.68395,0.52233,0.815034,142.171,SOXS,OOS
1,3,1,from_close,all,1278,177,-2.87879,-3.15878,0.449139,-1.53955,39.6303,SOXS,OOS
1,3,1,from_close,up,670,151,-4.5598,-5.27215,0.434328,-2.21594,39.5704,SOXS,OOS
1,3,1,from_close,down,608,147,-1.02636,-0.10582,0.465461,-0.40637,39.6963,SOXS,OOS
1,3,1,from_next_open,all,1278,177,0.755423,0,0.482786,0.430615,39.1775,SOXS,OOS
1,3,1,from_next_open,up,670,151,-0.859685,0,0.476119,-0.446722,38.8064,SOXS,OOS
1,3,1,from_next_open,down,608,147,2.53523,0,0.490132,1.035,39.5864,SOXS,OOS
1,3,5,from_close,all,1258,174,-1.11347,-5.1686,0.459459,-0.346826,81.6842,SOXS,OOS
1,3,5,from_close,up,657,147,-5.4092,-14.0252,0.424658,-1.19454,82.928,SOXS,OOS
1,3,5,from_close,down,601,146,3.58252,0,0.497504,0.651566,80.3245,SOXS,OOS
1,3,5,from_next_open,all,1258,174,2.56763,0,0.486486,0.814836,81.3324,SOXS,OOS
1,3,5,from_next_open,up,657,147,-1.62963,-9.75434,0.445967,-0.365122,82.625,SOXS,OOS
1,3,5,from_next_open,down,601,146,7.15599,5.03338,0.530782,1.31966,79.9193,SOXS,OOS
1,3,15,from_close,all,1228,173,-11.6567,-13.2013,0.455212,-2.43576,131.896,SOXS,OOS
1,3,15,from_close,up,643,144,-14.9288,-23.3344,0.415241,-1.51984,132.774,SOXS,OOS
1,3,15,from_close,down,585,143,-8.06017,0,0.499145,-0.887496,130.931,SOXS,OOS
1,3,15,from_next_open,all,1228,173,-7.9661,-5.29914,0.471498,-1.65619,131.403,SOXS,OOS
1,3,15,from_next_open,up,643,144,-11.1183,-20.0567,0.426128,-1.1341,131.999,SOXS,OOS
1,3,15,from_next_open,down,585,143,-4.50134,7.88415,0.521368,-0.494179,130.749,SOXS,OOS
1,3,30,from_close,all,1174,172,-13.4152,-21.0255,0.451448,-2.07833,178.009,SOXS,OOS
1,3,30,from_close,up,611,141,-10.3498,-30.3448,0.409165,-0.636514,176.47,SOXS,OOS
1,3,30,from_close,down,563,142,-16.742,-2.94204,0.497336,-1.24239,179.678,SOXS,OOS
1,3,30,from_next_open,all,1174,172,-9.75636,-14.096,0.460818,-1.51355,177.663,SOXS,OOS
1,3,30,from_next_open,up,611,141,-6.64054,-27.699,0.422259,-0.408601,175.871,SOXS,OOS
1,3,30,from_next_open,down,563,142,-13.1378,0.193795,0.502664,-0.973744,179.608,SOXS,OOS
5,3,5,from_close,all,302,100,3.58933,-12.4425,0.466887,0.625029,82.8206,SOXS,OOS
5,3,5,from_close,up,159,76,-7.55733,-25.062,0.389937,-0.784727,84.2319,SOXS,OOS
5,3,5,from_close,down,143,74,15.9832,9.375,0.552448,1.916,81.2513,SOXS,OOS
5,3,5,from_next_open,all,302,100,5.32995,-7.54283,0.463576,0.936283,81.9968,SOXS,OOS
5,3,5,from_next_open,up,159,76,-4.25531,-15.3893,0.402516,-0.439584,83.1733,SOXS,OOS
5,3,5,from_next_open,down,143,74,15.9877,7.9204,0.531469,2.01111,80.6887,SOXS,OOS
5,3,15,from_close,all,296,95,-3.14799,-5.80484,0.476351,-0.302528,138.147,SOXS,OOS
5,3,15,from_close,up,155,73,-15.13,-21.2792,0.451613,-0.908296,150.441,SOXS,OOS
5,3,15,from_close,down,141,72,10.0238,0.224714,0.503546,0.812645,124.633,SOXS,OOS
5,3,15,from_next_open,all,296,95,-1.36143,-2.17465,0.47973,-0.129857,138.131,SOXS,OOS
5,3,15,from_next_open,up,155,73,-11.7854,-9.28218,0.464516,-0.698896,150.751,SOXS,OOS
5,3,15,from_next_open,down,141,72,10.0975,0,0.496454,0.826438,124.258,SOXS,OOS
5,3,30,from_close,all,286,94,7.56012,-14.4426,0.475524,0.637574,184.467,SOXS,OOS
5,3,30,from_close,up,150,70,-8.27211,-34.3679,0.426667,-0.387877,198.601,SOXS,OOS
5,3,30,from_close,down,136,71,25.0221,9.93821,0.529412,1.39405,168.879,SOXS,OOS
5,3,30,from_next_open,all,286,94,9.51751,-10.996,0.472028,0.803307,184.047,SOXS,OOS
5,3,30,from_next_open,up,150,70,-4.76891,-33.5443,0.433333,-0.223072,198.088,SOXS,OOS
5,3,30,from_next_open,down,136,71,25.2746,0.299104,0.514706,1.41272,168.56,SOXS,OOS
1,2,1,from_close,all,14629,679,-0.647258,-0.319489,0.457721,-2.01231,26.3597,SOXS,robust
1,2,1,from_close,up,7650,667,-0.712614,-1.22138,0.447974,-1.6168,26.0711,SOXS,robust
1,2,1,from_close,down,6979,648,-0.575618,0,0.468405,-1.32248,26.676,SOXS,robust
1,2,1,from_next_open,all,14629,679,0.506131,0,0.469615,1.6659,26.0727,SOXS,robust
1,2,1,from_next_open,up,7650,667,0.397367,-0.118631,0.457908,0.934153,25.7253,SOXS,robust
1,2,1,from_next_open,down,6979,648,0.625352,0,0.482447,1.48585,26.4536,SOXS,robust
1,2,5,from_close,all,14488,679,-0.549633,-0.310847,0.481709,-0.803604,56.9854,SOXS,robust
1,2,5,from_close,up,7585,666,-0.113346,-2.13675,0.475676,-0.105036,56.379,SOXS,robust
1,2,5,from_close,down,6903,648,-1.02902,0,0.488338,-0.801656,57.6516,SOXS,robust
1,2,5,from_next_open,all,14488,679,0.599137,0,0.486886,0.889639,56.8152,SOXS,robust
1,2,5,from_next_open,up,7585,666,1.0007,-0.203248,0.477917,0.931338,56.1409,SOXS,robust
1,2,5,from_next_open,down,6903,648,0.157902,0,0.496741,0.124261,57.5561,SOXS,robust
1,2,15,from_close,all,14088,678,-0.292642,0,0.490772,-0.275863,94.6248,SOXS,robust
1,2,15,from_close,up,7392,662,-0.549631,-2.37899,0.483631,-0.220246,92.8714,SOXS,robust
1,2,15,from_close,down,6696,643,-0.00893983,0,0.498656,-0.00323084,96.5604,SOXS,robust
1,2,15,from_next_open,all,14088,678,0.86902,0,0.496238,0.824492,94.531,SOXS,robust
1,2,15,from_next_open,up,7392,662,0.571026,-0.594908,0.48796,0.227944,92.7318,SOXS,robust
1,2,15,from_next_open,down,6696,643,1.19799,1.03359,0.505376,0.436116,96.5172,SOXS,robust
1,2,30,from_close,all,13506,677,0.828897,-0.310544,0.490893,0.490831,133.492,SOXS,robust
1,2,30,from_close,up,7078,660,0.0931093,-5.627,0.476123,0.0212006,129.619,SOXS,robust
1,2,30,from_close,down,6428,639,1.63909,1.77178,0.507156,0.320767,137.756,SOXS,robust
1,2,30,from_next_open,all,13506,677,1.98329,0,0.494373,1.18,133.464,SOXS,robust
1,2,30,from_next_open,up,7078,660,1.21736,-3.9458,0.480786,0.27663,129.572,SOXS,robust
1,2,30,from_next_open,down,6428,639,2.82667,3.47636,0.509334,0.554722,137.751,SOXS,robust
5,2,5,from_close,all,3056,593,-3.38007,-2.25333,0.476113,-2.12008,59.2159,SOXS,robust
5,2,5,from_close,up,1619,502,-2.12679,-4.4843,0.470043,-1.06914,58.7048,SOXS,robust
5,2,5,from_close,down,1437,483,-4.79208,0,0.482951,-1.94366,59.7917,SOXS,robust
5,2,5,from_next_open,all,3056,593,-2.82809,-0.451201,0.47644,-1.79061,59.112,SOXS,robust
5,2,5,from_next_open,up,1619,502,-1.53403,-2.58598,0.467573,-0.772803,58.5219,SOXS,robust
5,2,5,from_next_open,down,1437,483,-4.28604,0,0.48643,-1.76143,59.7769,SOXS,robust
5,2,15,from_close,all,2953,588,-3.03201,-0.394073,0.490687,-1.31412,95.4823,SOXS,robust
5,2,15,from_close,up,1568,495,-2.75344,-4.01771,0.480867,-0.772394,94.232,SOXS,robust
5,2,15,from_close,down,1385,475,-3.34739,0.314951,0.501805,-0.775424,96.8978,SOXS,robust
5,2,15,from_next_open,all,2953,588,-2.48342,0,0.489672,-1.07531,95.5331,SOXS,robust
5,2,15,from_next_open,up,1568,495,-2.20024,-3.2366,0.477679,-0.617152,94.3528,SOXS,robust
5,2,15,from_next_open,down,1385,475,-2.80401,0.377166,0.503249,-0.650027,96.8693,SOXS,robust
5,2,30,from_close,all,2881,586,3.62811,2.00401,0.51024,1.01281,136.303,SOXS,robust
5,2,30,from_close,up,1526,493,4.78998,0.0623149,0.501966,0.877347,130.822,SOXS,robust
5,2,30,from_close,down,1355,473,2.31961,7.24055,0.519557,0.311885,142.475,SOXS,robust
5,2,30,from_next_open,all,2881,586,4.19408,3.35796,0.508504,1.16735,136.311,SOXS,robust
5,2,30,from_next_open,up,1526,493,5.35821,0.420192,0.5,0.983994,130.833,SOXS,robust
5,2,30,from_next_open,down,1355,473,2.88304,6.60762,0.518081,0.387201,142.48,SOXS,robust
1,3,1,from_close,all,3324,499,0.402927,0,0.483454,0.500237,34.6363,SOXS,robust
1,3,1,from_close,up,1785,429,1.17881,0,0.482353,1.08178,33.3558,SOXS,robust
1,3,1,from_close,down,1539,378,-0.496975,0,0.48473,-0.457265,36.1215,SOXS,robust
1,3,1,from_next_open,all,3324,499,1.3089,0,0.485259,1.67505,34.3781,SOXS,robust
1,3,1,from_next_open,up,1785,429,2.09666,0,0.485714,1.95231,33.0473,SOXS,robust
1,3,1,from_next_open,down,1539,378,0.395223,0,0.48473,0.374163,35.9217,SOXS,robust
1,3,5,from_close,all,3288,494,0.966415,-0.445526,0.485097,0.552235,74.6377,SOXS,robust
1,3,5,from_close,up,1766,424,3.17107,0,0.488675,1.1504,72.5287,SOXS,robust
1,3,5,from_close,down,1522,374,-1.59168,-2.19142,0.480946,-0.45599,77.0848,SOXS,robust
1,3,5,from_next_open,all,3288,494,1.87224,0,0.490268,1.06744,74.5827,SOXS,robust
1,3,5,from_next_open,up,1766,424,4.10673,0,0.492639,1.49418,72.4284,SOXS,robust
1,3,5,from_next_open,down,1522,374,-0.720474,0,0.487516,-0.205071,77.0824,SOXS,robust
1,3,15,from_close,all,3201,489,0.704674,0.433507,0.502655,0.309481,119.888,SOXS,robust
1,3,15,from_close,up,1717,418,2.41842,2.81241,0.510192,0.390055,116.348,SOXS,robust
1,3,15,from_close,down,1484,364,-1.27814,0,0.493935,-0.193767,123.983,SOXS,robust
1,3,15,from_next_open,all,3201,489,1.62126,0.876155,0.502968,0.713798,119.998,SOXS,robust
1,3,15,from_next_open,up,1717,418,3.36692,3.58813,0.510192,0.542636,116.482,SOXS,robust
1,3,15,from_next_open,down,1484,364,-0.398481,0,0.494609,-0.0603623,124.067,SOXS,robust
1,3,30,from_close,all,3067,488,4.75063,0.97704,0.504076,1.2373,169.295,SOXS,robust
1,3,30,from_close,up,1645,417,4.35839,0,0.495441,0.426694,160.605,SOXS,robust
1,3,30,from_close,down,1422,359,5.20438,3.78944,0.514065,0.380131,179.347,SOXS,robust
1,3,30,from_next_open,all,3067,488,5.66923,2.52908,0.505054,1.47502,169.568,SOXS,robust
1,3,30,from_next_open,up,1645,417,5.34935,0.829876,0.50152,0.523514,160.88,SOXS,robust
1,3,30,from_next_open,down,1422,359,6.03927,3.99675,0.509142,0.440114,179.618,SOXS,robust
5,3,5,from_close,all,700,268,-10.0412,-5.39742,0.461429,-2.09889,77.9415,SOXS,robust
5,3,5,from_close,up,395,208,-2.12089,-0.321543,0.491139,-0.417713,72.7185,SOXS,robust
5,3,5,from_close,down,305,158,-20.2987,-13.2109,0.422951,-2.34957,84.7057,SOXS,robust
5,3,5,from_next_open,all,700,268,-9.65992,-3.78205,0.462857,-2.01203,78.1812,SOXS,robust
5,3,5,from_next_open,up,395,208,-1.77094,0,0.483544,-0.3446,73.0875,SOXS,robust
5,3,5,from_next_open,down,305,158,-19.8768,-11.9123,0.436066,-2.31531,84.7779,SOXS,robust
5,3,15,from_close,all,675,261,-6.38306,-0.159236,0.493333,-1.01494,122.29,SOXS,robust
5,3,15,from_close,up,384,204,5.53679,9.51489,0.528646,0.683277,111.583,SOXS,robust
5,3,15,from_close,down,291,154,-22.1123,-15.4666,0.446735,-1.55179,136.42,SOXS,robust
5,3,15,from_next_open,all,675,261,-5.97627,-0.392842,0.494815,-0.939518,122.772,SOXS,robust
5,3,15,from_next_open,up,384,204,5.90635,8.08355,0.528646,0.726689,112.312,SOXS,robust
5,3,15,from_next_open,down,291,154,-21.6564,-10.6106,0.450172,-1.50903,136.575,SOXS,robust
5,3,30,from_close,all,660,259,7.40978,14.674,0.522727,0.767746,186.436,SOXS,robust
5,3,30,from_close,up,374,201,19.2521,15.3202,0.534759,1.48425,161.282,SOXS,robust
5,3,30,from_close,down,286,152,-8.0763,7.82202,0.506993,-0.353316,219.331,SOXS,robust
5,3,30,from_next_open,all,660,259,7.85317,12.8074,0.518182,0.806166,186.913,SOXS,robust
5,3,30,from_next_open,up,374,201,19.7174,15.3555,0.529412,1.51846,161.813,SOXS,robust
5,3,30,from_next_open,down,286,152,-7.66158,7.59136,0.503497,-0.333751,219.736,SOXS,robust
1,2,1,from_close,all,11087,473,0.136217,0,0.489763,0.82592,10.0859,SOXX,primary
1,2,1,from_close,up,5291,441,0.356288,0,0.492345,1.44982,10.1334,SOXX,primary
1,2,1,from_close,down,5796,452,-0.0646794,0,0.487405,-0.280876,10.0426,SOXX,primary
1,2,1,from_next_open,all,11087,473,0.169065,0,0.489763,1.04566,9.87904,SOXX,primary
1,2,1,from_next_open,up,5291,441,0.436799,0,0.49329,1.77934,9.91963,SOXX,primary
1,2,1,from_next_open,down,5796,452,-0.0753414,0,0.486542,-0.339914,9.84198,SOXX,primary
1,2,5,from_close,all,10949,472,0.607651,0,0.495205,1.7818,22.82,SOXX,primary
1,2,5,from_close,up,5220,441,1.33434,0.601547,0.509195,2.0472,23.05,SOXX,primary
1,2,5,from_close,down,5729,450,-0.054475,-0.679502,0.482458,-0.0800297,22.6105,SOXX,primary
1,2,5,from_next_open,all,10949,472,0.640479,0,0.497032,1.89211,22.7329,SOXX,primary
1,2,5,from_next_open,up,5220,441,1.41525,0.884748,0.513985,2.1797,22.9407,SOXX,primary
1,2,5,from_next_open,down,5729,450,-0.0654538,-0.820546,0.481585,-0.0977053,22.5436,SOXX,primary
1,2,15,from_close,all,10663,468,0.986196,-0.347355,0.495545,1.81659,38.0728,SOXX,primary
1,2,15,from_close,up,5072,435,2.29411,1.35192,0.514984,1.405,38.5958,SOXX,primary
1,2,15,from_close,down,5591,447,-0.200307,-1.76733,0.477911,-0.147718,37.5984,SOXX,primary
1,2,15,from_next_open,all,10663,468,1.02045,0,0.497796,1.89205,37.9997,SOXX,primary
1,2,15,from_next_open,up,5072,435,2.37724,1.37871,0.517744,1.47156,38.4835,SOXX,primary
1,2,15,from_next_open,down,5591,447,-0.210389,-1.63119,0.4797,-0.155524,37.5608,SOXX,primary
1,2,30,from_close,all,10212,466,1.41743,-0.942539,0.489914,1.4765,52.2162,SOXX,primary
1,2,30,from_close,up,4843,430,3.0585,1.52099,0.512079,0.900779,53.4568,SOXX,primary
1,2,30,from_close,down,5369,445,-0.0628619,-3.06977,0.46992,-0.0240515,51.0972,SOXX,primary
1,2,30,from_next_open,all,10212,466,1.44833,-0.699925,0.49246,1.5134,52.1807,SOXX,primary
1,2,30,from_next_open,up,4843,430,3.13987,1.47514,0.514557,0.930505,53.3805,SOXX,primary
1,2,30,from_next_open,down,5369,445,-0.0774875,-3.09174,0.472527,-0.0296413,51.0985,SOXX,primary
5,2,5,from_close,all,2199,381,0.791272,-0.754831,0.481128,1.14988,23.224,SOXX,primary
5,2,5,from_close,up,1026,305,1.34226,0.823537,0.512671,1.1203,22.5538,SOXX,primary
5,2,5,from_close,down,1173,328,0.30933,-2.06904,0.453538,0.277476,23.8102,SOXX,primary
5,2,5,from_next_open,all,2199,381,0.902052,-0.369809,0.490223,1.3203,23.1678,SOXX,primary
5,2,5,from_next_open,up,1026,305,1.4234,0.954319,0.520468,1.18044,22.4713,SOXX,primary
5,2,5,from_next_open,down,1173,328,0.446038,-1.90467,0.463768,0.39991,23.777,SOXX,primary
5,2,15,from_close,all,2143,375,0.997493,0,0.496967,0.829739,39.3667,SOXX,primary
5,2,15,from_close,up,1003,301,2.66733,0.406785,0.501496,1.16374,37.1697,SOXX,primary
5,2,15,from_close,down,1140,321,-0.471671,-0.324885,0.492982,-0.205556,41.2996,SOXX,primary
5,2,15,from_next_open,all,2143,375,1.10706,0.433144,0.501167,0.92074,39.3712,SOXX,primary
5,2,15,from_next_open,up,1003,301,2.74685,1.03154,0.510469,1.20205,37.1255,SOXX,primary
5,2,15,from_next_open,down,1140,321,-0.335678,-0.531427,0.492982,-0.146205,41.3469,SOXX,primary
5,2,30,from_close,all,2085,374,1.41581,-1.80788,0.483453,0.596169,54.1962,SOXX,primary
5,2,30,from_close,up,978,299,4.00619,0.812685,0.50409,0.981874,51.2753,SOXX,primary
5,2,30,from_close,down,1107,318,-0.872709,-3.74644,0.465221,-0.197503,56.7768,SOXX,primary
5,2,30,from_next_open,all,2085,374,1.54627,-1.78518,0.483933,0.651936,54.26,SOXX,primary
5,2,30,from_next_open,up,978,299,4.08726,0.998855,0.506135,1.00595,51.3324,SOXX,primary
5,2,30,from_next_open,down,1107,318,-0.698619,-3.85042,0.464318,-0.15771,56.8464,SOXX,primary
1,3,1,from_close,all,3123,345,0.253864,-0.226696,0.48479,0.588687,13.5117,SOXX,primary
1,3,1,from_close,up,1485,274,0.951078,0,0.490909,1.45941,13.8751,SOXX,primary
1,3,1,from_close,down,1638,289,-0.378226,-0.445658,0.479243,-0.736191,13.1822,SOXX,primary
1,3,1,from_next_open,all,3123,345,0.241687,-0.45768,0.479347,0.528708,13.3833,SOXX,primary
1,3,1,from_next_open,up,1485,274,1.05367,0,0.495623,1.57301,13.7279,SOXX,primary
1,3,1,from_next_open,down,1638,289,-0.494453,-1.03103,0.464591,-0.988245,13.0709,SOXX,primary
1,3,5,from_close,all,3078,343,1.81178,0.41809,0.506173,2.01143,30.5344,SOXX,primary
1,3,5,from_close,up,1464,271,4.48694,1.62971,0.516393,2.24495,31.2632,SOXX,primary
1,3,5,from_close,down,1614,288,-0.61477,-0.164173,0.496902,-0.430791,29.8734,SOXX,primary
1,3,5,from_next_open,all,3078,343,1.80071,0.517794,0.506823,1.9562,30.463,SOXX,primary
1,3,5,from_next_open,up,1464,271,4.5904,1.56928,0.526639,2.30272,31.194,SOXX,primary
1,3,5,from_next_open,down,1614,288,-0.729719,-0.582765,0.488848,-0.520409,29.8,SOXX,primary
1,3,15,from_close,all,3002,338,0.596468,-1.52776,0.489007,0.446986,51.4049,SOXX,primary
1,3,15,from_close,up,1427,268,3.33948,1.40574,0.515067,0.739781,52.5816,SOXX,primary
1,3,15,from_close,down,1575,282,-1.88879,-3.81814,0.465397,-0.649876,50.3388,SOXX,primary
1,3,15,from_next_open,all,3002,338,0.589421,-1.25615,0.48934,0.445474,51.3582,SOXX,primary
1,3,15,from_next_open,up,1427,268,3.44559,1.7312,0.516468,0.773788,52.5081,SOXX,primary
1,3,15,from_next_open,down,1575,282,-1.99836,-4.12342,0.464762,-0.690594,50.3163,SOXX,primary
1,3,30,from_close,all,2872,333,-0.180401,-2.65803,0.480501,-0.0791333,68.7581,SOXX,primary
1,3,30,from_close,up,1362,263,4.35049,0.358897,0.502203,0.540515,70.9535,SOXX,primary
1,3,30,from_close,down,1510,279,-4.2672,-4.93217,0.460927,-0.735527,66.778,SOXX,primary
1,3,30,from_next_open,all,2872,333,-0.187738,-3.05927,0.480153,-0.0832989,68.7381,SOXX,primary
1,3,30,from_next_open,up,1362,263,4.46127,0.788853,0.504405,0.55959,70.9997,SOXX,primary
1,3,30,from_next_open,down,1510,279,-4.38108,-5.02755,0.458278,-0.757157,66.6982,SOXX,primary
5,3,5,from_close,all,647,193,2.07941,-0.303958,0.491499,1.56147,28.4407,SOXX,primary
5,3,5,from_close,up,310,139,3.75421,2.34746,0.525806,1.64059,27.9373,SOXX,primary
5,3,5,from_close,down,337,143,0.538794,-3.42131,0.459941,0.269669,28.9037,SOXX,primary
5,3,5,from_next_open,all,647,193,2.14917,0,0.499227,1.58698,28.5413,SOXX,primary
5,3,5,from_next_open,up,310,139,3.65248,2.38775,0.535484,1.56623,28.2016,SOXX,primary
5,3,5,from_next_open,down,337,143,0.766303,-3.04971,0.465875,0.382578,28.8538,SOXX,primary
5,3,15,from_close,all,629,187,3.96705,0,0.499205,1.48982,51.8023,SOXX,primary
5,3,15,from_close,up,302,136,11.4211,4.21561,0.523179,1.89202,50.5433,SOXX,primary
5,3,15,from_close,down,327,139,-2.91716,-1.98028,0.477064,-0.608253,52.9651,SOXX,primary
5,3,15,from_next_open,all,629,187,4.03157,0.557724,0.503975,1.49698,51.8496,SOXX,primary
5,3,15,from_next_open,up,302,136,11.2955,2.50849,0.529801,1.86311,50.5774,SOXX,primary
5,3,15,from_next_open,down,327,139,-2.67705,-1.8177,0.480122,-0.559718,53.0246,SOXX,primary
5,3,30,from_close,all,605,184,4.98952,-3.74644,0.479339,1.21378,70.2443,SOXX,primary
5,3,30,from_close,up,292,132,11.5209,0.769231,0.503425,1.11219,70.9187,SOXX,primary
5,3,30,from_close,down,313,135,-1.10364,-6.60013,0.456869,-0.129611,69.6152,SOXX,primary
5,3,30,from_next_open,all,605,184,5.10849,-3.6903,0.476033,1.23965,70.3287,SOXX,primary
5,3,30,from_next_open,up,292,132,11.4183,0.998855,0.503425,1.1045,70.9507,SOXX,primary
5,3,30,from_next_open,down,313,135,-0.777945,-7.50507,0.450479,-0.0912549,69.7484,SOXX,primary
1,2,1,from_close,all,5360,236,0.161825,0,0.483209,0.754634,9.70648,SOXX,IS
1,2,1,from_close,up,2529,218,0.302012,0,0.487544,0.913645,9.82599,SOXX,IS
1,2,1,from_close,down,2831,224,0.0365921,0,0.479336,0.105527,9.59972,SOXX,IS
1,2,1,from_next_open,all,5360,236,0.0755293,0,0.476866,0.355544,9.36225,SOXX,IS
1,2,1,from_next_open,up,2529,218,0.337223,0,0.481613,1.0226,9.48524,SOXX,IS
1,2,1,from_next_open,down,2831,224,-0.158247,-0.415956,0.472625,-0.480195,9.25237,SOXX,IS
1,2,5,from_close,all,5302,235,0.751772,0,0.499623,1.37924,22.415,SOXX,IS
1,2,5,from_close,up,2499,218,1.27593,0.461553,0.506603,1.17965,22.7179,SOXX,IS
1,2,5,from_close,down,2803,222,0.284458,0,0.4934,0.242372,22.145,SOXX,IS
1,2,5,from_next_open,all,5302,235,0.663789,0,0.498114,1.21638,22.2635,SOXX,IS
1,2,5,from_next_open,up,2499,218,1.31159,0.581125,0.509804,1.21989,22.5158,SOXX,IS
1,2,5,from_next_open,down,2803,222,0.0862497,-0.438731,0.487692,0.0749581,22.0386,SOXX,IS
1,2,15,from_close,all,5160,232,1.4391,0,0.499225,1.74337,38.007,SOXX,IS
1,2,15,from_close,up,2420,214,2.87938,1.35192,0.517769,0.924158,39.1134,SOXX,IS
1,2,15,from_close,down,2740,221,0.167027,-1.31195,0.482847,0.0761457,37.0299,SOXX,IS
1,2,15,from_next_open,all,5160,232,1.35315,0,0.499419,1.648,37.8538,SOXX,IS
1,2,15,from_next_open,up,2420,214,2.91963,1.27156,0.516942,0.949233,38.9026,SOXX,IS
1,2,15,from_next_open,down,2740,221,-0.0303822,-1.42807,0.483942,-0.0139268,36.9274,SOXX,IS
1,2,30,from_close,all,4946,232,2.48147,-0.845586,0.492115,1.51529,52.1633,SOXX,IS
1,2,30,from_close,up,2317,212,6.08269,1.38332,0.5123,0.936342,54.3899,SOXX,IS
1,2,30,from_close,down,2629,221,-0.692381,-2.60845,0.474325,-0.15369,50.2009,SOXX,IS
1,2,30,from_next_open,all,4946,232,2.38371,-0.409785,0.49535,1.45957,52.1126,SOXX,IS
1,2,30,from_next_open,up,2317,212,6.11522,1.60768,0.517479,0.948279,54.2542,SOXX,IS
1,2,30,from_next_open,down,2629,221,-0.904953,-2.93218,0.475846,-0.201071,50.2251,SOXX,IS
5,2,5,from_close,all,1074,189,-0.244212,-1.15652,0.467412,-0.248912,22.4497,SOXX,IS
5,2,5,from_close,up,495,149,0.534984,-0.0742942,0.490909,0.261011,21.6457,SOXX,IS
5,2,5,from_close,down,579,167,-0.910365,-2.52245,0.447323,-0.526161,23.1371,SOXX,IS
5,2,5,from_next_open,all,1074,189,-0.0172539,-0.740245,0.476723,-0.0177178,22.3711,SOXX,IS
5,2,5,from_next_open,up,495,149,0.8059,0.232526,0.50101,0.389368,21.4912,SOXX,IS
5,2,5,from_next_open,down,579,167,-0.720986,-1.83335,0.455959,-0.41433,23.1234,SOXX,IS
5,2,15,from_close,all,1043,186,-0.211621,-0.903057,0.488974,-0.1203,40.4543,SOXX,IS
5,2,15,from_close,up,482,146,1.71546,-0.402558,0.495851,0.406479,38.8957,SOXX,IS
5,2,15,from_close,down,561,163,-1.86733,-1.79695,0.483066,-0.490049,41.7934,SOXX,IS
5,2,15,from_next_open,all,1043,186,0.0122963,-0.230681,0.497603,0.00697282,40.4175,SOXX,IS
5,2,15,from_next_open,up,482,146,1.9693,0.474612,0.506224,0.468953,38.7385,SOXX,IS
5,2,15,from_next_open,down,561,163,-1.66912,-1.39386,0.490196,-0.436757,41.8601,SOXX,IS
5,2,30,from_close,all,1013,186,-1.16277,-3.43348,0.46693,-0.275818,54.3421,SOXX,IS
5,2,30,from_close,up,472,145,1.57244,-3.51789,0.472458,0.207558,52.4943,SOXX,IS
5,2,30,from_close,down,541,162,-3.54914,-3.41399,0.462107,-0.442739,55.9542,SOXX,IS
5,2,30,from_next_open,all,1013,186,-0.904448,-3.64157,0.468904,-0.214793,54.3966,SOXX,IS
5,2,30,from_next_open,up,472,145,1.83132,-3.3489,0.476695,0.242979,52.529,SOXX,IS
5,2,30,from_next_open,down,541,162,-3.29129,-3.79779,0.462107,-0.409135,56.026,SOXX,IS
1,3,1,from_close,all,1500,168,0.500181,0,0.488,0.704941,14.4092,SOXX,IS
1,3,1,from_close,up,703,126,1.17554,0,0.487909,1.11402,15.0126,SOXX,IS
1,3,1,from_close,down,797,144,-0.0955247,0,0.48808,-0.104562,13.8769,SOXX,IS
1,3,1,from_next_open,all,1500,168,0.35022,-0.459277,0.474,0.448733,14.1684,SOXX,IS
1,3,1,from_next_open,up,703,126,1.20577,0,0.482219,1.09914,14.7722,SOXX,IS
1,3,1,from_next_open,down,797,144,-0.404428,-0.805315,0.46675,-0.460302,13.6357,SOXX,IS
1,3,5,from_close,all,1481,167,2.46624,0.932401,0.515868,1.5781,34.3392,SOXX,IS
1,3,5,from_close,up,696,125,5.5242,0.546747,0.508621,1.50983,35.9238,SOXX,IS
1,3,5,from_close,down,785,143,-0.245018,1.43623,0.522293,-0.0941052,32.9342,SOXX,IS
1,3,5,from_next_open,all,1481,167,2.31429,0.809979,0.509791,1.42197,34.2267,SOXX,IS
1,3,5,from_next_open,up,696,125,5.55522,0.929089,0.515805,1.52424,35.7517,SOXX,IS
1,3,5,from_next_open,down,785,143,-0.559195,0.40843,0.504459,-0.219336,32.8747,SOXX,IS
1,3,15,from_close,all,1442,166,2.32565,-0.823954,0.496533,1.02366,58.3384,SOXX,IS
1,3,15,from_close,up,675,123,6.67417,1.30662,0.514074,0.756724,61.4093,SOXX,IS
1,3,15,from_close,down,767,142,-1.50127,-2.25978,0.481095,-0.294903,55.6358,SOXX,IS
1,3,15,from_next_open,all,1442,166,2.18118,-0.76342,0.491678,0.968102,58.1994,SOXX,IS
1,3,15,from_next_open,up,675,123,6.71046,0.867528,0.508148,0.773474,61.1896,SOXX,IS
1,3,15,from_next_open,down,767,142,-1.80482,-2.53759,0.477184,-0.357307,55.5678,SOXX,IS
1,3,30,from_close,all,1382,164,0.803961,-1.77602,0.487699,0.189428,77.4931,SOXX,IS
1,3,30,from_close,up,647,120,9.36589,-1.03885,0.49459,0.586195,82.3648,SOXX,IS
1,3,30,from_close,down,735,141,-6.73286,-2.10757,0.481633,-0.645187,73.2048,SOXX,IS
1,3,30,from_next_open,all,1382,164,0.645578,-1.83943,0.486252,0.154418,77.51,SOXX,IS
1,3,30,from_next_open,up,647,120,9.40127,0,0.499227,0.595143,82.4148,SOXX,IS
1,3,30,from_next_open,down,735,141,-7.06181,-3.23828,0.47483,-0.679987,73.1925,SOXX,IS
5,3,5,from_close,all,329,96,0.0198736,-2.26068,0.471125,0.0101939,29.7433,SOXX,IS
5,3,5,from_close,up,148,62,-1.29877,-0.945493,0.486486,-0.336998,30.2104,SOXX,IS
5,3,5,from_close,down,181,75,1.0981,-2.85728,0.458564,0.400593,29.3614,SOXX,IS
5,3,5,from_next_open,all,329,96,0.234644,-1.46815,0.480243,0.116872,29.8506,SOXX,IS
5,3,5,from_next_open,up,148,62,-1.203,-0.201645,0.493243,-0.304232,30.6288,SOXX,IS
5,3,5,from_next_open,down,181,75,1.41018,-3.04971,0.469613,0.509924,29.2142,SOXX,IS
5,3,15,from_close,all,317,94,3.97191,0,0.498423,0.920821,58.7656,SOXX,IS
5,3,15,from_close,up,143,61,14.1206,5.58501,0.545455,1.19581,60.9396,SOXX,IS
5,3,15,from_close,down,174,73,-4.36867,-4.50569,0.45977,-0.587533,56.9789,SOXX,IS
5,3,15,from_next_open,all,317,94,4.17738,0.595806,0.511041,0.950578,58.8465,SOXX,IS
5,3,15,from_next_open,up,143,61,14.168,3.7242,0.559441,1.19626,60.9476,SOXX,IS
5,3,15,from_next_open,down,174,73,-4.03329,-4.70573,0.471264,-0.543358,57.1198,SOXX,IS
5,3,30,from_close,all,304,92,4.87272,-5.94236,0.463816,0.668116,79.9824,SOXX,IS
5,3,30,from_close,up,138,58,15.445,-3.63891,0.478261,0.743413,89.199,SOXX,IS
5,3,30,from_close,down,166,72,-3.9163,-7.45985,0.451807,-0.268202,72.3204,SOXX,IS
5,3,30,from_next_open,all,304,92,5.1632,-5.92977,0.460526,0.70575,80.198,SOXX,IS
5,3,30,from_next_open,up,138,58,15.547,-3.17781,0.478261,0.750536,89.3216,SOXX,IS
5,3,30,from_next_open,down,166,72,-3.46908,-7.5567,0.445783,-0.237005,72.6134,SOXX,IS
1,2,1,from_close,all,5727,237,0.112251,0,0.495897,0.452762,10.441,SOXX,OOS
1,2,1,from_close,up,2762,223,0.405987,0,0.496741,1.12191,10.4148,SOXX,OOS
1,2,1,from_close,down,2965,228,-0.161374,0,0.49511,-0.529815,10.4654,SOXX,OOS
1,2,1,from_next_open,all,5727,237,0.256607,0.174447,0.501833,1.05679,10.3627,SOXX,OOS
1,2,1,from_next_open,up,2762,223,0.527975,0.290682,0.503983,1.45375,10.3174,SOXX,OOS
1,2,1,from_next_open,down,2965,228,0.00381779,0,0.499831,0.0128439,10.4049,SOXX,OOS
1,2,5,from_close,all,5647,237,0.472334,-0.357488,0.491057,1.135,23.2003,SOXX,OOS
1,2,5,from_close,up,2721,223,1.38798,0.697399,0.511577,1.82234,23.3551,SOXX,OOS
1,2,5,from_close,down,2926,228,-0.379161,-1.20291,0.471975,-0.529176,23.0564,SOXX,OOS
1,2,5,from_next_open,all,5647,237,0.618593,-0.160077,0.496016,1.50948,23.1737,SOXX,OOS
1,2,5,from_next_open,up,2721,223,1.51045,1.24778,0.517824,1.97867,23.331,SOXX,OOS
1,2,5,from_next_open,down,2926,228,-0.21078,-1.28871,0.475735,-0.296001,23.0274,SOXX,OOS
1,2,15,from_close,all,5503,236,0.561523,-0.596001,0.492095,0.791024,38.1345,SOXX,OOS
1,2,15,from_close,up,2652,221,1.76004,1.35902,0.512443,1.40088,38.1235,SOXX,OOS
1,2,15,from_close,down,2851,226,-0.55334,-2.35987,0.473167,-0.339777,38.1448,SOXX,OOS
1,2,15,from_next_open,all,5503,236,0.708485,-0.265748,0.496275,1.00441,38.1365,SOXX,OOS
1,2,15,from_next_open,up,2652,221,1.88229,1.48766,0.518477,1.49593,38.101,SOXX,OOS
1,2,15,from_next_open,down,2851,226,-0.383387,-1.85845,0.475623,-0.235275,38.1695,SOXX,OOS
1,2,30,from_close,all,5266,234,0.418055,-1.19131,0.487847,0.400854,52.2659,SOXX,OOS
1,2,30,from_close,up,2526,218,0.284525,1.5584,0.511876,0.118003,52.6008,SOXX,OOS
1,2,30,from_close,down,2740,224,0.541155,-3.72073,0.465693,0.198419,51.9571,SOXX,OOS
1,2,30,from_next_open,all,5266,234,0.569794,-1.06939,0.489746,0.547534,52.2448,SOXX,OOS
1,2,30,from_next_open,up,2526,218,0.410706,1.38003,0.511876,0.170253,52.5791,SOXX,OOS
1,2,30,from_next_open,down,2740,224,0.716457,-3.31786,0.469343,0.262564,51.9366,SOXX,OOS
5,2,5,from_close,all,1125,192,1.77981,-0.272539,0.494222,1.86583,23.9632,SOXX,OOS
5,2,5,from_close,up,531,156,2.09481,2.19732,0.532957,1.59173,23.4004,SOXX,OOS
5,2,5,from_close,down,594,161,1.49822,-2.00274,0.459596,1.0648,24.4662,SOXX,OOS
5,2,5,from_next_open,all,1125,192,1.77968,0.587406,0.503111,1.87238,23.9283,SOXX,OOS
5,2,5,from_next_open,up,531,156,1.99904,2.87212,0.538606,1.52019,23.385,SOXX,OOS
5,2,5,from_next_open,down,594,161,1.58359,-1.96223,0.47138,1.13347,24.4141,SOXX,OOS
5,2,15,from_close,all,1100,189,2.14395,0.551164,0.504545,1.31735,38.3354,SOXX,OOS
5,2,15,from_close,up,521,155,3.54795,1.24006,0.506718,1.70736,35.573,SOXX,OOS
5,2,15,from_close,down,579,158,0.880599,0.292133,0.502591,0.339107,40.8211,SOXX,OOS
5,2,15,from_next_open,all,1100,189,2.14509,1.00044,0.504545,1.31873,38.379,SOXX,OOS
5,2,15,from_next_open,up,521,155,3.4662,1.90516,0.514395,1.66342,35.6332,SOXX,OOS
5,2,15,from_next_open,down,579,158,0.95631,-0.354497,0.495682,0.3698,40.8497,SOXX,OOS
5,2,30,from_close,all,1072,188,3.85247,-0.0911577,0.499067,1.73781,54.0584,SOXX,OOS
5,2,30,from_close,up,506,154,6.2764,8.05593,0.533597,1.78387,50.1381,SOXX,OOS
5,2,30,from_close,down,566,156,1.6855,-4.6287,0.468198,0.427165,57.5632,SOXX,OOS
5,2,30,from_next_open,all,1072,188,3.8621,-0.0911577,0.498134,1.7384,54.1309,SOXX,OOS
5,2,30,from_next_open,up,506,154,6.19162,7.69394,0.533597,1.75935,50.2163,SOXX,OOS
5,2,30,from_next_open,down,566,156,1.77953,-4.36017,0.466431,0.45139,57.6306,SOXX,OOS
1,3,1,from_close,all,1623,177,0.026214,-0.346368,0.481824,0.0538554,12.6822,SOXX,OOS
1,3,1,from_close,up,782,148,0.749291,0,0.493606,0.972487,12.8526,SOXX,OOS
1,3,1,from_close,down,841,145,-0.646136,-0.878611,0.470868,-1.31406,12.5238,SOXX,OOS
1,3,1,from_next_open,all,1623,177,0.141379,-0.45768,0.484288,0.286547,12.6578,SOXX,OOS
1,3,1,from_next_open,up,782,148,0.916934,0.351717,0.507673,1.1674,12.7891,SOXX,OOS
1,3,1,from_next_open,down,841,145,-0.579768,-1.21131,0.462545,-1.14945,12.5357,SOXX,OOS
1,3,5,from_close,all,1597,176,1.20485,-0.110913,0.497182,1.39505,27.0061,SOXX,OOS
1,3,5,from_close,up,768,146,3.54692,2.26477,0.523438,2.1114,27.0396,SOXX,OOS
1,3,5,from_close,down,829,145,-0.964897,-2.12082,0.472859,-0.754905,26.975,SOXX,OOS
1,3,5,from_next_open,all,1597,176,1.32443,0.406752,0.50407,1.54386,26.9727,SOXX,OOS
1,3,5,from_next_open,up,768,146,3.71603,2.14783,0.536458,2.19625,27.0636,SOXX,OOS
1,3,5,from_next_open,down,829,145,-0.891193,-2.14869,0.474065,-0.699393,26.8885,SOXX,OOS
1,3,15,from_close,all,1560,172,-1.00192,-2.35159,0.482051,-0.711786,44.9959,SOXX,OOS
1,3,15,from_close,up,752,145,0.346242,2.12624,0.515957,0.125281,44.6578,SOXX,OOS
1,3,15,from_close,down,808,140,-2.25665,-5.76929,0.450495,-0.758775,45.3105,SOXX,OOS
1,3,15,from_next_open,all,1560,172,-0.881936,-1.91552,0.487179,-0.631217,45.0345,SOXX,OOS
1,3,15,from_next_open,up,752,145,0.515012,2.16969,0.523936,0.185711,44.7157,SOXX,OOS
1,3,15,from_next_open,down,808,140,-2.18207,-5.70451,0.45297,-0.732323,45.3312,SOXX,OOS
1,3,30,from_close,all,1490,169,-1.09341,-3.60835,0.473826,-0.542835,60.6563,SOXX,OOS
1,3,30,from_close,up,715,143,-0.187923,1.7632,0.509091,-0.0421296,60.6274,SOXX,OOS
1,3,30,from_close,down,775,138,-1.9288,-7.81487,0.44129,-0.366865,60.6828,SOXX,OOS
1,3,30,from_next_open,all,1490,169,-0.960652,-3.48414,0.474497,-0.477946,60.602,SOXX,OOS
1,3,30,from_next_open,up,715,143,-0.00890875,1.23409,0.509091,-0.00198405,60.6703,SOXX,OOS
1,3,30,from_next_open,down,775,138,-1.83871,-7.26294,0.442581,-0.349518,60.539,SOXX,OOS
5,3,5,from_close,all,318,97,4.21019,1.31251,0.512579,2.40354,27.093,SOXX,OOS
5,3,5,from_close,up,162,77,8.37051,5.85584,0.561728,3.30458,25.8606,SOXX,OOS
5,3,5,from_close,down,156,68,-0.110149,-3.65309,0.461538,-0.0379051,28.3727,SOXX,OOS
5,3,5,from_next_open,all,318,97,4.12992,2.01271,0.518868,2.33725,27.1868,SOXX,OOS
5,3,5,from_next_open,up,162,77,8.08835,5.46544,0.574074,3.13013,25.9842,SOXX,OOS
5,3,5,from_next_open,down,156,68,0.0192421,-2.82609,0.461538,0.00666041,28.4357,SOXX,OOS
5,3,15,from_close,all,312,93,3.96212,0.00554014,0.5,1.27814,44.7274,SOXX,OOS
5,3,15,from_close,up,159,75,8.99336,1.24006,0.503145,2.343,41.1931,SOXX,OOS
5,3,15,from_close,down,153,66,-1.26642,-0.286459,0.496732,-0.218019,48.4003,SOXX,OOS
5,3,15,from_next_open,all,312,93,3.88343,-0.373758,0.496795,1.25987,44.7405,SOXX,OOS
5,3,15,from_next_open,up,159,75,8.71215,0.971534,0.503145,2.26083,41.2507,SOXX,OOS
5,3,15,from_next_open,down,153,66,-1.13465,-0.604266,0.490196,-0.196312,48.3672,SOXX,OOS
5,3,30,from_close,all,301,92,5.10748,-1.34382,0.495017,1.36642,60.4092,SOXX,OOS
5,3,30,from_close,up,154,74,8.00445,6.02416,0.525974,1.39478,54.5377,SOXX,OOS
5,3,30,from_close,down,147,63,2.07256,-5.40737,0.462585,0.275916,66.5603,SOXX,OOS
5,3,30,from_next_open,all,301,92,5.05324,-1.44134,0.491694,1.34915,60.361,SOXX,OOS
5,3,30,from_next_open,up,154,74,7.71853,6.38422,0.525974,1.34466,54.4885,SOXX,OOS
5,3,30,from_next_open,down,147,63,2.26102,-7.50507,0.455782,0.30232,66.5131,SOXX,OOS
1,2,1,from_close,all,15467,678,-0.0629792,-0.238969,0.463697,-0.637761,8.37153,SOXX,robust
1,2,1,from_close,up,7391,656,-0.0664239,-0.16154,0.466107,-0.503582,8.41012,SOXX,robust
1,2,1,from_close,down,8076,670,-0.0598267,-0.349933,0.461491,-0.40989,8.33622,SOXX,robust
1,2,1,from_next_open,all,15467,678,0.105808,0,0.454193,1.14383,7.39966,SOXX,robust
1,2,1,from_next_open,up,7391,656,0.0414398,0,0.456231,0.32456,7.37231,SOXX,robust
1,2,1,from_next_open,down,8076,670,0.164716,0,0.452328,1.2209,7.4247,SOXX,robust
1,2,5,from_close,all,15334,678,0.149208,-0.413498,0.489044,0.706111,18.4011,SOXX,robust
1,2,5,from_close,up,7319,656,0.176547,0,0.497746,0.461601,18.5357,SOXX,robust
1,2,5,from_close,down,8015,669,0.124243,-0.737755,0.481098,0.370476,18.2781,SOXX,robust
1,2,5,from_next_open,all,15334,678,0.320424,-0.230049,0.4925,1.50928,18.0017,SOXX,robust
1,2,5,from_next_open,up,7319,656,0.284069,0,0.498155,0.74392,18.1388,SOXX,robust
1,2,5,from_next_open,down,8015,669,0.353622,-0.455228,0.487336,1.07423,17.8765,SOXX,robust
1,2,15,from_close,all,14930,677,0.0840336,-0.160411,0.496383,0.252198,30.9816,SOXX,robust
1,2,15,from_close,up,7114,654,0.26,0.456327,0.504498,0.285924,31.2644,SOXX,robust
1,2,15,from_close,down,7816,669,-0.0761286,-0.723532,0.488997,-0.0931398,30.7242,SOXX,robust
1,2,15,from_next_open,all,14930,677,0.267453,0,0.499732,0.804263,30.7246,SOXX,robust
1,2,15,from_next_open,up,7114,654,0.379614,0.541344,0.50745,0.41624,31.0169,SOXX,robust
1,2,15,from_next_open,down,7816,669,0.165365,-0.474625,0.492707,0.205408,30.4585,SOXX,robust
1,2,30,from_close,all,14338,676,0.211041,-0.471307,0.494839,0.404016,43.8474,SOXX,robust
1,2,30,from_close,up,6826,654,0.673814,0.768674,0.505713,0.389099,44.9273,SOXX,robust
1,2,30,from_close,down,7512,667,-0.209472,-1.52978,0.484957,-0.14421,42.8661,SOXX,robust
1,2,30,from_next_open,all,14338,676,0.403819,-0.377393,0.495188,0.769133,43.6371,SOXX,robust
1,2,30,from_next_open,up,6826,654,0.781886,0.809334,0.504688,0.450548,44.7211,SOXX,robust
1,2,30,from_next_open,down,7512,667,0.0602763,-1.12479,0.486555,0.0417685,42.652,SOXX,robust
5,2,5,from_close,all,3028,593,-0.505005,-0.436844,0.48679,-0.981267,19.4183,SOXX,robust
5,2,5,from_close,up,1397,484,-0.661002,-0.111201,0.496063,-0.905555,19.451,SOXX,robust
5,2,5,from_close,down,1631,514,-0.371389,-0.779068,0.478847,-0.560089,19.3902,SOXX,robust
5,2,5,from_next_open,all,3028,593,-0.746111,-0.692963,0.477543,-1.4794,19.1402,SOXX,robust
5,2,5,from_next_open,up,1397,484,-0.885319,-0.457394,0.485326,-1.2619,19.2866,SOXX,robust
5,2,5,from_next_open,down,1631,514,-0.626876,-0.982962,0.470877,-0.944256,19.0148,SOXX,robust
5,2,15,from_close,all,2925,588,-0.839514,-0.396212,0.495726,-1.08469,31.6558,SOXX,robust
5,2,15,from_close,up,1344,474,-1.46899,0.60175,0.505952,-1.00728,32.2854,SOXX,robust
5,2,15,from_close,down,1581,506,-0.304397,-0.879314,0.487034,-0.266229,31.1205,SOXX,robust
5,2,15,from_next_open,all,2925,588,-1.06619,-0.509994,0.494359,-1.40195,31.4447,SOXX,robust
5,2,15,from_next_open,up,1344,474,-1.67369,0.160144,0.500744,-1.16715,32.0888,SOXX,robust
5,2,15,from_next_open,down,1581,506,-0.549751,-1.33327,0.488931,-0.481072,30.8972,SOXX,robust
5,2,30,from_close,all,2844,585,1.09184,1.01,0.507032,0.910099,45.0304,SOXX,robust
5,2,30,from_close,up,1306,469,0.0187398,1.00226,0.509954,0.00757306,47.1822,SOXX,robust
5,2,30,from_close,down,1538,504,2.00307,1.06564,0.504551,1.10479,43.2032,SOXX,robust
5,2,30,from_next_open,all,2844,585,0.875226,0.590191,0.503868,0.740766,44.8501,SOXX,robust
5,2,30,from_next_open,up,1306,469,-0.17327,0.865399,0.50536,-0.0711692,46.9612,SOXX,robust
5,2,30,from_next_open,down,1538,504,1.76556,0.467054,0.502601,0.972369,43.0574,SOXX,robust
1,3,1,from_close,all,3692,534,-0.178468,-0.492569,0.463705,-0.784394,10.4201,SOXX,robust
1,3,1,from_close,up,1701,407,-0.1948,-0.434773,0.463257,-0.592866,10.9342,SOXX,robust
1,3,1,from_close,down,1991,464,-0.164514,-0.646162,0.464088,-0.574866,9.98078,SOXX,robust
1,3,1,from_next_open,all,3692,534,0.0279974,0,0.460184,0.132646,9.42765,SOXX,robust
1,3,1,from_next_open,up,1701,407,0.157044,0,0.462669,0.510148,9.72968,SOXX,robust
1,3,1,from_next_open,down,1991,464,-0.0822531,0,0.458061,-0.290637,9.16962,SOXX,robust
1,3,5,from_close,all,3657,534,-9.54123e-05,-0.458593,0.491113,-0.000176226,22.6394,SOXX,robust
1,3,5,from_close,up,1686,406,-0.153729,-0.280334,0.492883,-0.167147,23.3018,SOXX,robust
1,3,5,from_close,down,1971,463,0.131323,-0.61222,0.489599,0.176469,22.0728,SOXX,robust
1,3,5,from_next_open,all,3657,534,0.216265,-0.415942,0.489746,0.399601,22.1654,SOXX,robust
1,3,5,from_next_open,up,1686,406,0.204449,-0.275153,0.491696,0.227712,22.773,SOXX,robust
1,3,5,from_next_open,down,1971,463,0.226372,-0.601564,0.488077,0.295383,21.6457,SOXX,robust
1,3,15,from_close,all,3570,527,-1.20926,-1.1121,0.483193,-1.58436,37.8346,SOXX,robust
1,3,15,from_close,up,1643,391,-1.61079,-1.70426,0.472307,-0.782926,39.0976,SOXX,robust
1,3,15,from_close,down,1927,457,-0.866906,-0.616454,0.492475,-0.49262,36.7577,SOXX,robust
1,3,15,from_next_open,all,3570,527,-0.985469,-0.951926,0.490476,-1.31467,37.4879,SOXX,robust
1,3,15,from_next_open,up,1643,391,-1.23399,-1.18222,0.485697,-0.605376,38.8185,SOXX,robust
1,3,15,from_next_open,down,1927,457,-0.773576,-0.416312,0.494551,-0.440107,36.3535,SOXX,robust
1,3,30,from_close,all,3427,524,-0.126038,-1.29262,0.485556,-0.105196,52.6792,SOXX,robust
1,3,30,from_close,up,1577,386,-0.0543558,-1.7575,0.479391,-0.0133635,55.4128,SOXX,robust
1,3,30,from_close,down,1850,454,-0.187143,-0.857985,0.490811,-0.0632687,50.349,SOXX,robust
1,3,30,from_next_open,all,3427,524,0.0843977,-1.21692,0.485556,0.0697412,52.4545,SOXX,robust
1,3,30,from_next_open,up,1577,386,0.30813,-2.24304,0.479391,0.0759435,55.1987,SOXX,robust
1,3,30,from_next_open,down,1850,454,-0.106319,-0.469866,0.490811,-0.0358367,50.1153,SOXX,robust
5,3,5,from_close,all,723,284,-2.80486,-1.73681,0.460581,-2.03991,25.3177,SOXX,robust
5,3,5,from_close,up,314,171,-4.86684,-4.46499,0.423567,-2.2095,26.9484,SOXX,robust
5,3,5,from_close,down,409,213,-1.22183,-0.252062,0.488998,-0.713518,24.0658,SOXX,robust
5,3,5,from_next_open,all,723,284,-3.34796,-2.31719,0.449516,-2.47842,24.9863,SOXX,robust
5,3,5,from_next_open,up,314,171,-5.04878,-3.94573,0.426752,-2.37895,26.6643,SOXX,robust
5,3,5,from_next_open,down,409,213,-2.0422,-1.69516,0.466993,-1.19442,23.6981,SOXX,robust
5,3,15,from_close,all,707,280,-1.82902,-1.43564,0.487977,-1.05143,38.9989,SOXX,robust
5,3,15,from_close,up,307,170,-6.02498,-4.95738,0.459283,-1.59517,41.9846,SOXX,robust
5,3,15,from_close,down,400,210,1.39138,1.73444,0.51,0.504082,36.7074,SOXX,robust
5,3,15,from_next_open,all,707,280,-2.37633,-1.61439,0.483734,-1.38104,38.6887,SOXX,robust
5,3,15,from_next_open,up,307,170,-6.19161,-5.44119,0.456026,-1.65407,42.0454,SOXX,robust
5,3,15,from_next_open,down,400,210,0.551901,0.200652,0.505,0.198732,36.1125,SOXX,robust
5,3,30,from_close,all,694,277,3.33626,4.59573,0.520173,1.25178,58.8334,SOXX,robust
5,3,30,from_close,up,302,167,-2.06822,-0.894286,0.493377,-0.337292,66.1153,SOXX,robust
5,3,30,from_close,down,392,207,7.49992,6.87442,0.540816,1.76877,53.2234,SOXX,robust
5,3,30,from_next_open,all,694,277,2.7719,2.50572,0.517291,1.05736,58.433,SOXX,robust
5,3,30,from_next_open,up,302,167,-2.25522,-1.55261,0.490066,-0.37344,65.7462,SOXX,robust
5,3,30,from_next_open,down,392,207,6.64483,4.67455,0.538265,1.54985,52.7989,SOXX,robust
1,2,1,from_close,all,11063,470,-0.131434,-0.262037,0.483865,-0.923628,9.39501,SMH,primary
1,2,1,from_close,up,5305,438,0.0334619,-0.182762,0.487842,0.159334,9.43819,SMH,primary
1,2,1,from_close,down,5758,455,-0.283357,-0.320551,0.480201,-1.40725,9.35522,SMH,primary
1,2,1,from_next_open,all,11063,470,-0.0991897,-0.160937,0.486215,-0.715438,9.27939,SMH,primary
1,2,1,from_next_open,up,5305,438,0.0983636,0,0.490104,0.481626,9.30511,SMH,primary
1,2,1,from_next_open,down,5758,455,-0.281201,-0.325327,0.482633,-1.47659,9.2557,SMH,primary
1,2,5,from_close,all,10937,470,0.184494,-0.32316,0.491908,0.635368,21.4164,SMH,primary
1,2,5,from_close,up,5240,438,0.657112,0.425128,0.50687,1.11055,21.4237,SMH,primary
1,2,5,from_close,down,5697,454,-0.250212,-0.8189,0.478146,-0.396297,21.4097,SMH,primary
1,2,5,from_next_open,all,10937,470,0.217849,-0.239969,0.492182,0.764901,21.3762,SMH,primary
1,2,5,from_next_open,up,5240,438,0.722305,0.384601,0.504008,1.24841,21.3817,SMH,primary
1,2,5,from_next_open,down,5697,454,-0.246142,-0.756229,0.481306,-0.398101,21.3711,SMH,primary
1,2,15,from_close,all,10647,466,0.115458,-0.997126,0.487086,0.233811,35.6261,SMH,primary
1,2,15,from_close,up,5101,434,1.31957,0.69847,0.506959,0.878295,35.5818,SMH,primary
1,2,15,from_close,down,5546,449,-0.992034,-2.75381,0.468806,-0.764441,35.6668,SMH,primary
1,2,15,from_next_open,all,10647,466,0.147403,-0.936885,0.485583,0.299805,35.5867,SMH,primary
1,2,15,from_next_open,up,5101,434,1.38111,0.782534,0.507351,0.930711,35.5034,SMH,primary
1,2,15,from_next_open,down,5546,449,-0.987312,-2.74772,0.465561,-0.764975,35.6634,SMH,primary
1,2,30,from_close,all,10208,464,0.34869,-1.22367,0.488636,0.429394,48.4249,SMH,primary
1,2,30,from_close,up,4886,432,1.74061,1.55345,0.512894,0.587532,48.3098,SMH,primary
1,2,30,from_close,down,5322,445,-0.929194,-3.69215,0.466366,-0.360983,48.5306,SMH,primary
1,2,30,from_next_open,all,10208,464,0.381058,-1.2553,0.488147,0.469683,48.4252,SMH,primary
1,2,30,from_next_open,up,4886,432,1.80547,1.59095,0.512485,0.613071,48.2906,SMH,primary
1,2,30,from_next_open,down,5322,445,-0.92666,-3.75616,0.465802,-0.361151,48.5489,SMH,primary
5,2,5,from_close,all,2201,387,0.959557,-0.378468,0.495684,1.5904,21.2104,SMH,primary
5,2,5,from_close,up,1019,306,0.773311,1.46131,0.527969,0.895983,19.8874,SMH,primary
5,2,5,from_close,down,1182,327,1.12012,-1.60561,0.467851,1.15874,22.3509,SMH,primary
5,2,5,from_next_open,all,2201,387,1.09497,0,0.493866,1.82249,21.1106,SMH,primary
5,2,5,from_next_open,up,1019,306,0.909843,0.887837,0.524043,1.08295,19.7709,SMH,primary
5,2,5,from_next_open,down,1182,327,1.25456,-1.29452,0.467851,1.30065,22.2655,SMH,primary
5,2,15,from_close,all,2142,383,0.910829,0.221845,0.501867,0.814773,36.1845,SMH,primary
5,2,15,from_close,up,993,303,1.12605,0.81706,0.507553,0.562994,33.5209,SMH,primary
5,2,15,from_close,down,1149,321,0.724827,0,0.496954,0.343583,38.4866,SMH,primary
5,2,15,from_next_open,all,2142,383,1.04585,0.40068,0.502801,0.934685,36.1804,SMH,primary
5,2,15,from_next_open,up,993,303,1.2596,1.02283,0.510574,0.634283,33.4131,SMH,primary
5,2,15,from_next_open,down,1149,321,0.861117,-0.244966,0.496084,0.409318,38.5719,SMH,primary
5,2,30,from_close,all,2089,383,2.30897,0,0.499761,1.21264,49.3893,SMH,primary
5,2,30,from_close,up,972,302,3.50789,2.185,0.51749,0.972553,46.3347,SMH,primary
5,2,30,from_close,down,1117,318,1.26569,-1.26243,0.484333,0.342727,52.0473,SMH,primary
5,2,30,from_next_open,all,2089,383,2.44192,-0.303306,0.497846,1.27792,49.3744,SMH,primary
5,2,30,from_next_open,up,972,302,3.64416,1.84899,0.514403,1.01348,46.2833,SMH,primary
5,2,30,from_next_open,down,1117,318,1.39574,-1.74618,0.483438,0.378611,52.0643,SMH,primary
1,3,1,from_close,all,3180,340,-0.226755,-0.538519,0.474528,-0.716055,12.3619,SMH,primary
1,3,1,from_close,up,1496,268,0.318751,-0.13232,0.487968,0.612114,12.8245,SMH,primary
1,3,1,from_close,down,1684,293,-0.711362,-0.883032,0.462589,-1.72908,11.9509,SMH,primary
1,3,1,from_next_open,all,3180,340,-0.181551,-0.494132,0.479874,-0.562183,12.2488,SMH,primary
1,3,1,from_next_open,up,1496,268,0.410639,0,0.494652,0.799972,12.7093,SMH,primary
1,3,1,from_next_open,down,1684,293,-0.707631,-0.879089,0.466746,-1.78642,11.8396,SMH,primary
1,3,5,from_close,all,3139,340,1.49926,0.294811,0.501752,2.11394,27.9198,SMH,primary
1,3,5,from_close,up,1480,268,3.6602,1.43765,0.522973,2.32938,28.9806,SMH,primary
1,3,5,from_close,down,1659,291,-0.428534,-1.0072,0.482821,-0.364188,26.9735,SMH,primary
1,3,5,from_next_open,all,3139,340,1.54745,0.275434,0.501434,2.17243,27.8776,SMH,primary
1,3,5,from_next_open,up,1480,268,3.75354,1.70348,0.522973,2.4295,28.974,SMH,primary
1,3,5,from_next_open,down,1659,291,-0.420604,-1.22109,0.482218,-0.360989,26.8994,SMH,primary
1,3,15,from_close,all,3060,337,-0.0558138,-1.3274,0.485621,-0.058361,46.7023,SMH,primary
1,3,15,from_close,up,1438,264,2.58542,2.23624,0.513213,0.772609,48.2072,SMH,primary
1,3,15,from_close,down,1622,287,-2.39742,-4.5112,0.461159,-0.912178,45.3682,SMH,primary
1,3,15,from_next_open,all,3060,337,-0.00994142,-1.29562,0.485294,-0.0104264,46.7019,SMH,primary
1,3,15,from_next_open,up,1438,264,2.67116,2.00347,0.518776,0.809785,48.1686,SMH,primary
1,3,15,from_next_open,down,1622,287,-2.3869,-4.58358,0.45561,-0.909936,45.4016,SMH,primary
1,3,30,from_close,all,2928,334,-0.365137,-1.50153,0.488388,-0.212823,62.5762,SMH,primary
1,3,30,from_close,up,1372,263,3.30392,2.77714,0.519679,0.510612,65.3003,SMH,primary
1,3,30,from_close,down,1556,283,-3.60032,-5.30134,0.460797,-0.726229,60.1742,SMH,primary
1,3,30,from_next_open,all,2928,334,-0.312173,-1.80475,0.487705,-0.182795,62.5826,SMH,primary
1,3,30,from_next_open,up,1372,263,3.39965,2.93538,0.518222,0.529632,65.3253,SMH,primary
1,3,30,from_next_open,down,1556,283,-3.58507,-5.72736,0.460797,-0.725006,60.1643,SMH,primary
5,3,5,from_close,all,642,185,0.739035,-1.55608,0.47352,0.501231,26.3592,SMH,primary
5,3,5,from_close,up,292,126,2.9216,2.3496,0.527397,1.16843,25.8171,SMH,primary
5,3,5,from_close,down,350,146,-1.08184,-3.69971,0.428571,-0.624402,26.8115,SMH,primary
5,3,5,from_next_open,all,642,185,0.881754,-1.43507,0.470405,0.597719,26.2854,SMH,primary
5,3,5,from_next_open,up,292,126,3.04128,1.0826,0.520548,1.24015,25.783,SMH,primary
5,3,5,from_next_open,down,350,146,-0.919907,-4.02487,0.428571,-0.530549,26.7046,SMH,primary
5,3,15,from_close,all,624,180,0.513447,-1.53752,0.485577,0.223745,47.6268,SMH,primary
5,3,15,from_close,up,283,125,7.99219,1.04172,0.508834,1.51456,47.3973,SMH,primary
5,3,15,from_close,down,341,141,-5.69325,-4.05643,0.466276,-1.41592,47.8174,SMH,primary
5,3,15,from_next_open,all,624,180,0.647992,-1.27937,0.483974,0.282432,47.5404,SMH,primary
5,3,15,from_next_open,up,283,125,8.09108,0.81706,0.5053,1.53977,47.1785,SMH,primary
5,3,15,from_next_open,down,341,141,-5.52911,-4.3273,0.466276,-1.38606,47.8407,SMH,primary
5,3,30,from_close,all,600,176,0.938592,-3.99921,0.475,0.291763,62.743,SMH,primary
5,3,30,from_close,up,272,120,6.99251,0.825291,0.503676,0.769178,63.7672,SMH,primary
5,3,30,from_close,down,328,136,-4.08173,-8.26564,0.45122,-0.600655,61.8936,SMH,primary
5,3,30,from_next_open,all,600,176,1.05213,-4.44873,0.47,0.322659,62.6583,SMH,primary
5,3,30,from_next_open,up,272,120,7.08634,-0.496868,0.496324,0.779536,63.6968,SMH,primary
5,3,30,from_next_open,down,328,136,-3.95184,-7.80701,0.448171,-0.58397,61.7972,SMH,primary
1,2,1,from_close,all,5407,235,-0.0428792,-0.218579,0.484742,-0.274463,9.42267,SMH,IS
1,2,1,from_close,up,2555,218,-0.0103819,-0.0202421,0.486888,-0.0400705,9.55831,SMH,IS
1,2,1,from_close,down,2852,227,-0.0719924,-0.34569,0.482819,-0.249223,9.30115,SMH,IS
1,2,1,from_next_open,all,5407,235,-0.0942458,-0.343879,0.477714,-0.611728,9.30101,SMH,IS
1,2,1,from_next_open,up,2555,218,-0.00744619,0,0.4818,-0.031974,9.42565,SMH,IS
1,2,1,from_next_open,down,2852,227,-0.172006,-0.411421,0.474053,-0.639348,9.18934,SMH,IS
1,2,5,from_close,all,5356,235,0.571499,0,0.496826,1.3016,22.0642,SMH,IS
1,2,5,from_close,up,2529,218,0.865429,0.771664,0.510083,0.897432,22.2088,SMH,IS
1,2,5,from_close,down,2827,226,0.308552,-0.395101,0.484966,0.284996,21.9348,SMH,IS
1,2,5,from_next_open,all,5356,235,0.520549,0,0.498133,1.20856,22.0407,SMH,IS
1,2,5,from_next_open,up,2529,218,0.86906,0.509892,0.507315,0.935577,22.1957,SMH,IS
1,2,5,from_next_open,down,2827,226,0.208775,-0.344578,0.489919,0.198136,21.9021,SMH,IS
1,2,15,from_close,all,5211,233,0.221699,-1.14635,0.483784,0.310162,37.0869,SMH,IS
1,2,15,from_close,up,2458,217,2.11876,0.592389,0.506916,0.748831,37.4068,SMH,IS
1,2,15,from_close,down,2753,224,-1.47209,-2.80004,0.463131,-0.710073,36.8014,SMH,IS
1,2,15,from_next_open,all,5211,233,0.168749,-1.15527,0.48129,0.23641,37.0237,SMH,IS
1,2,15,from_next_open,up,2458,217,2.11521,0.595719,0.506916,0.757995,37.3347,SMH,IS
1,2,15,from_next_open,down,2753,224,-1.56913,-3.02074,0.458409,-0.765542,36.7459,SMH,IS
1,2,30,from_close,all,5005,233,0.222884,-1.46966,0.482917,0.161618,50.4192,SMH,IS
1,2,30,from_close,up,2359,217,3.79447,1.22694,0.509114,0.679565,50.9324,SMH,IS
1,2,30,from_close,down,2646,224,-2.96131,-3.93919,0.459562,-0.672174,49.9616,SMH,IS
1,2,30,from_next_open,all,5005,233,0.170493,-1.76442,0.482318,0.123569,50.41,SMH,IS
1,2,30,from_next_open,up,2359,217,3.79691,1.36813,0.508266,0.684623,50.9285,SMH,IS
1,2,30,from_next_open,down,2646,224,-3.06258,-4.40823,0.459184,-0.699087,49.9478,SMH,IS
5,2,5,from_close,all,1093,191,-0.190392,-0.785164,0.483074,-0.215412,21.7695,SMH,IS
5,2,5,from_close,up,505,152,-0.871686,0.3372,0.50099,-0.643867,20.016,SMH,IS
5,2,5,from_close,down,588,163,0.394732,-1.72315,0.467687,0.251379,23.2755,SMH,IS
5,2,5,from_next_open,all,1093,191,0.0861553,-0.281364,0.487649,0.0987319,21.6614,SMH,IS
5,2,5,from_next_open,up,505,152,-0.501701,0.256249,0.50099,-0.382735,19.9482,SMH,IS
5,2,5,from_next_open,down,588,163,0.591032,-1.51293,0.47619,0.380334,23.1328,SMH,IS
5,2,15,from_close,all,1060,190,-0.197956,-0.824373,0.485849,-0.119391,39.0434,SMH,IS
5,2,15,from_close,up,489,150,-0.185708,0,0.498978,-0.0499478,37.0236,SMH,IS
5,2,15,from_close,down,571,161,-0.208444,-2.06818,0.474606,-0.0607308,40.7732,SMH,IS
5,2,15,from_next_open,all,1060,190,0.0772172,-0.374281,0.493396,0.0466861,38.9482,SMH,IS
5,2,15,from_next_open,up,489,150,0.175668,0.891424,0.509202,0.04762,36.908,SMH,IS
5,2,15,from_next_open,down,571,161,-0.00709488,-2.55724,0.47986,-0.00208504,40.6953,SMH,IS
5,2,30,from_close,all,1034,190,0.591597,-1.38268,0.479691,0.181007,51.8295,SMH,IS
5,2,30,from_close,up,481,149,2.03981,-1.05835,0.486486,0.30533,50.0744,SMH,IS
5,2,30,from_close,down,553,160,-0.668061,-1.45159,0.473779,-0.102185,53.3561,SMH,IS
5,2,30,from_next_open,all,1034,190,0.857881,-1.55491,0.478723,0.261329,51.7815,SMH,IS
5,2,30,from_next_open,up,481,149,2.40459,-0.833056,0.484407,0.361032,50.0727,SMH,IS
5,2,30,from_next_open,down,553,160,-0.487445,-2.27609,0.473779,-0.0747973,53.2678,SMH,IS
1,3,1,from_close,all,1525,165,-0.275212,-0.516849,0.479344,-0.590799,13.6968,SMH,IS
1,3,1,from_close,up,698,123,0.291806,0,0.485673,0.362835,14.4124,SMH,IS
1,3,1,from_close,down,827,144,-0.753783,-0.62502,0.474002,-1.04612,13.0929,SMH,IS
1,3,1,from_next_open,all,1525,165,-0.379985,-0.701828,0.471475,-0.772947,13.6062,SMH,IS
1,3,1,from_next_open,up,698,123,0.253137,-0.378229,0.479943,0.322927,14.3223,SMH,IS
1,3,1,from_next_open,down,827,144,-0.91435,-1.08849,0.464329,-1.32887,13.0018,SMH,IS
1,3,5,from_close,all,1511,165,1.68679,0.623506,0.506287,1.41053,31.8161,SMH,IS
1,3,5,from_close,up,693,123,4.23917,0.821355,0.510823,1.52902,34.0827,SMH,IS
1,3,5,from_close,down,818,142,-0.475553,0.393529,0.502445,-0.226208,29.8959,SMH,IS
1,3,5,from_next_open,all,1511,165,1.58201,0.522903,0.508273,1.29478,31.8299,SMH,IS
1,3,5,from_next_open,up,693,123,4.20077,1.2209,0.513709,1.54489,34.1479,SMH,IS
1,3,5,from_next_open,down,818,142,-0.636575,0.328024,0.503667,-0.306697,29.8662,SMH,IS
1,3,15,from_close,all,1471,164,1.38685,-0.70055,0.492862,0.954779,54.0367,SMH,IS
1,3,15,from_close,up,671,122,5.66644,2.45425,0.517139,0.893878,57.3828,SMH,IS
1,3,15,from_close,down,800,141,-2.20267,-2.34451,0.4725,-0.49137,51.2302,SMH,IS
1,3,15,from_next_open,all,1471,164,1.27336,-0.932705,0.488783,0.873217,54.0213,SMH,IS
1,3,15,from_next_open,up,671,122,5.60322,2.2719,0.517139,0.898564,57.3922,SMH,IS
1,3,15,from_next_open,down,800,141,-2.35831,-3.34113,0.465,-0.528804,51.194,SMH,IS
1,3,30,from_close,all,1409,162,1.64245,-0.612295,0.494677,0.528057,71.8174,SMH,IS
1,3,30,from_close,up,642,121,8.70939,3.3237,0.520249,0.679473,77.754,SMH,IS
1,3,30,from_close,down,767,140,-4.27277,-2.8081,0.473272,-0.497653,66.8484,SMH,IS
1,3,30,from_next_open,all,1409,162,1.53173,0,0.495387,0.495001,71.8147,SMH,IS
1,3,30,from_next_open,up,642,121,8.6587,3.35792,0.518692,0.681904,77.8043,SMH,IS
1,3,30,from_next_open,down,767,140,-4.43374,-3.81388,0.47588,-0.518471,66.8012,SMH,IS
5,3,5,from_close,all,323,93,-1.00742,-1.88905,0.458204,-0.426506,29.0942,SMH,IS
5,3,5,from_close,up,142,58,-0.822013,-0.858909,0.492958,-0.18897,30.1878,SMH,IS
5,3,5,from_close,down,181,80,-1.15287,-3.10257,0.430939,-0.479087,28.2363,SMH,IS
5,3,5,from_next_open,all,323,93,-0.779875,-1.74997,0.467492,-0.331413,28.9441,SMH,IS
5,3,5,from_next_open,up,142,58,-0.525146,0,0.492958,-0.123935,30.1719,SMH,IS
5,3,5,from_next_open,down,181,80,-0.979718,-3.89594,0.447514,-0.405709,27.9808,SMH,IS
5,3,15,from_close,all,311,91,-2.76602,-5.29178,0.459807,-0.717019,55.819,SMH,IS
5,3,15,from_close,up,136,58,9.06736,1.11149,0.507353,0.888097,59.6465,SMH,IS
5,3,15,from_close,down,175,77,-11.9623,-7.48063,0.422857,-1.87876,52.8445,SMH,IS
5,3,15,from_next_open,all,311,91,-2.56125,-5.67064,0.463023,-0.665468,55.5893,SMH,IS
5,3,15,from_next_open,up,136,58,9.31191,1.11149,0.507353,0.917238,59.2054,SMH,IS
5,3,15,from_next_open,down,175,77,-11.7884,-7.13236,0.428571,-1.87133,52.7791,SMH,IS
5,3,30,from_close,all,298,88,-4.38502,-7.76075,0.42953,-0.837884,72.54,SMH,IS
5,3,30,from_close,up,131,55,7.00429,-6.62197,0.442748,0.387124,82.5163,SMH,IS
5,3,30,from_close,down,167,75,-13.3192,-9.09091,0.419162,-1.14227,64.7143,SMH,IS
5,3,30,from_next_open,all,298,88,-4.21965,-6.96136,0.426174,-0.791326,72.3658,SMH,IS
5,3,30,from_next_open,up,131,55,7.24036,-6.10149,0.435115,0.400278,82.3669,SMH,IS
5,3,30,from_next_open,down,167,75,-13.2092,-9.58893,0.419162,-1.13805,64.5206,SMH,IS
1,2,1,from_close,all,5656,235,-0.21609,-0.272309,0.483027,-0.925968,9.36856,SMH,OOS
1,2,1,from_close,up,2750,220,0.0741967,-0.205158,0.488727,0.227181,9.32659,SMH,OOS
1,2,1,from_close,down,2906,228,-0.490794,-0.299589,0.477632,-1.76681,9.40829,SMH,OOS
1,2,1,from_next_open,all,5656,235,-0.103916,0,0.494342,-0.456478,9.25873,SMH,OOS
1,2,1,from_next_open,up,2750,220,0.196671,0,0.497818,0.595061,9.19311,SMH,OOS
1,2,1,from_next_open,down,2906,228,-0.388366,-0.134403,0.491053,-1.44415,9.32083,SMH,OOS
1,2,5,from_close,all,5581,235,-0.186909,-0.656508,0.487189,-0.503205,20.7947,SMH,OOS
1,2,5,from_close,up,2711,220,0.46278,0.29203,0.503873,0.663241,20.6913,SMH,OOS
1,2,5,from_close,down,2870,228,-0.800604,-1.29228,0.471429,-1.2213,20.8924,SMH,OOS
1,2,5,from_next_open,all,5581,235,-0.0726486,-0.591979,0.486472,-0.197587,20.7384,SMH,OOS
1,2,5,from_next_open,up,2711,220,0.585402,0.121466,0.500922,0.834702,20.6223,SMH,OOS
1,2,5,from_next_open,down,2870,228,-0.694243,-1.08791,0.472822,-1.06097,20.848,SMH,OOS
1,2,15,from_close,all,5436,233,0.0136142,-0.837277,0.49025,0.0199582,34.2257,SMH,OOS
1,2,15,from_close,up,2643,217,0.576306,0.732158,0.507,0.495806,33.8846,SMH,OOS
1,2,15,from_close,down,2793,225,-0.518858,-2.69383,0.4744,-0.333446,34.5486,SMH,OOS
1,2,15,from_next_open,all,5436,233,0.126939,-0.743863,0.489698,0.187354,34.2093,SMH,OOS
1,2,15,from_next_open,up,2643,217,0.698391,0.998577,0.507756,0.601571,33.8002,SMH,OOS
1,2,15,from_next_open,down,2793,225,-0.413822,-2.43815,0.47261,-0.265408,34.5964,SMH,OOS
1,2,30,from_close,all,5203,231,0.469708,-0.802382,0.494138,0.532943,46.5066,SMH,OOS
1,2,30,from_close,up,2527,215,-0.176713,2.07023,0.516423,-0.0792032,45.8615,SMH,OOS
1,2,30,from_close,down,2676,221,1.08014,-3.34408,0.473094,0.414409,47.1157,SMH,OOS
1,2,30,from_next_open,all,5203,231,0.58361,-0.755116,0.493754,0.665677,46.516,SMH,OOS
1,2,30,from_next_open,up,2527,215,-0.0535776,1.93251,0.516423,-0.0240062,45.828,SMH,OOS
1,2,30,from_next_open,down,2676,221,1.18532,-3.20767,0.472347,0.45434,47.1656,SMH,OOS
5,2,5,from_close,all,1108,196,2.09394,0.566193,0.508123,2.61987,20.6588,SMH,OOS
5,2,5,from_close,up,514,154,2.38951,2.46364,0.554475,2.2479,19.761,SMH,OOS
5,2,5,from_close,down,594,164,1.83818,-1.51821,0.468013,1.62225,21.4357,SMH,OOS
5,2,5,from_next_open,all,1108,196,2.09012,0.088255,0.5,2.58879,20.5673,SMH,OOS
5,2,5,from_next_open,up,514,154,2.29667,2.08626,0.546693,2.19347,19.5968,SMH,OOS
5,2,5,from_next_open,down,594,164,1.91139,-1.18863,0.459596,1.66584,21.407,SMH,OOS
5,2,15,from_close,all,1082,193,1.99707,1.26967,0.51756,1.34592,33.3838,SMH,OOS
5,2,15,from_close,up,504,153,2.39877,1.17441,0.515873,1.46901,30.1223,SMH,OOS
5,2,15,from_close,down,578,160,1.6468,1.40927,0.519031,0.670306,36.2277,SMH,OOS
5,2,15,from_next_open,all,1082,193,1.99478,1.01595,0.512015,1.33524,33.4688,SMH,OOS
5,2,15,from_next_open,up,504,153,2.31127,1.06703,0.511905,1.42617,30.0222,SMH,OOS
5,2,15,from_next_open,down,578,160,1.71881,0.910157,0.512111,0.693793,36.4742,SMH,OOS
5,2,30,from_close,all,1055,193,3.99216,2.10272,0.519431,2.06689,46.9976,SMH,OOS
5,2,30,from_close,up,491,153,4.94608,5.5409,0.547862,1.71302,42.6711,SMH,OOS
5,2,30,from_close,down,564,158,3.16172,-0.945173,0.494681,0.903991,50.7641,SMH,OOS
5,2,30,from_next_open,all,1055,193,3.99442,1.92994,0.516588,2.06035,47.0153,SMH,OOS
5,2,30,from_next_open,up,491,153,4.85848,5.78553,0.543788,1.69092,42.571,SMH,OOS
5,2,30,from_next_open,down,564,158,3.2422,-1.2225,0.492908,0.924279,50.8842,SMH,OOS
1,3,1,from_close,all,1655,175,-0.182106,-0.591191,0.470091,-0.41979,11.1318,SMH,OOS
1,3,1,from_close,up,798,145,0.342319,-0.179633,0.489975,0.503834,11.4356,SMH,OOS
1,3,1,from_close,down,857,149,-0.670426,-0.924947,0.451575,-1.62699,10.8489,SMH,OOS
1,3,1,from_next_open,all,1655,175,0.00129545,-0.292415,0.487613,0.00299291,10.9979,SMH,OOS
1,3,1,from_next_open,up,798,145,0.548404,0.223951,0.507519,0.79624,11.2984,SMH,OOS
1,3,1,from_next_open,down,857,149,-0.508148,-0.735164,0.469078,-1.2618,10.7181,SMH,OOS
1,3,5,from_close,all,1628,175,1.3252,0,0.497543,1.70738,24.3036,SMH,OOS
1,3,5,from_close,up,787,145,3.15039,2.08295,0.533672,2.01053,24.4878,SMH,OOS
1,3,5,from_close,down,841,149,-0.382801,-2.17454,0.463734,-0.348807,24.1311,SMH,OOS
1,3,5,from_next_open,all,1628,175,1.51538,-0.250942,0.495086,1.96617,24.2092,SMH,OOS
1,3,5,from_next_open,up,787,145,3.35973,2.37647,0.531131,2.13803,24.4182,SMH,OOS
1,3,5,from_next_open,down,841,149,-0.210539,-1.77525,0.461356,-0.192626,24.0137,SMH,OOS
1,3,15,from_close,all,1589,173,-1.39134,-2.54259,0.478918,-1.13721,39.9126,SMH,OOS
1,3,15,from_close,up,767,142,-0.109976,1.88318,0.509778,-0.0431603,40.18,SMH,OOS
1,3,15,from_close,down,822,146,-2.58697,-5.70747,0.450122,-0.918946,39.663,SMH,OOS
1,3,15,from_next_open,all,1589,173,-1.19795,-1.83871,0.482064,-0.984169,39.926,SMH,OOS
1,3,15,from_next_open,up,767,142,0.106079,1.97194,0.520209,0.0415822,40.0994,SMH,OOS
1,3,15,from_next_open,down,822,146,-2.41472,-6.01833,0.446472,-0.855727,39.7643,SMH,OOS
1,3,30,from_close,all,1519,172,-2.22734,-2.71133,0.482554,-1.31544,54.0041,SMH,OOS
1,3,30,from_close,up,730,142,-1.44993,2.43704,0.519178,-0.361177,54.3478,SMH,OOS
1,3,30,from_close,down,789,143,-2.94663,-7.5682,0.448669,-0.583749,53.6861,SMH,OOS
1,3,30,from_next_open,all,1519,172,-2.02255,-2.55311,0.480579,-1.19916,54.0191,SMH,OOS
1,3,30,from_next_open,up,730,142,-1.22542,2.37033,0.517808,-0.303388,54.3506,SMH,OOS
1,3,30,from_next_open,down,789,143,-2.76006,-7.79221,0.446134,-0.547408,53.7124,SMH,OOS
5,3,5,from_close,all,319,92,2.50739,-1.10623,0.489028,1.53824,23.5898,SMH,OOS
5,3,5,from_close,up,150,68,6.46555,5.02098,0.56,2.61833,21.6795,SMH,OOS
5,3,5,from_close,down,169,66,-1.00577,-4.6539,0.426036,-0.403204,25.2854,SMH,OOS
5,3,5,from_next_open,all,319,92,2.56422,-1.19775,0.473354,1.55166,23.5935,SMH,OOS
5,3,5,from_next_open,up,150,68,6.4175,4.80669,0.546667,2.6036,21.6281,SMH,OOS
5,3,5,from_next_open,down,169,66,-0.855849,-5.29361,0.408284,-0.343825,25.3378,SMH,OOS
5,3,15,from_close,all,313,89,3.77196,0.734826,0.511182,1.56182,39.487,SMH,OOS
5,3,15,from_close,up,147,67,6.99747,1.04172,0.510204,1.94841,36.0646,SMH,OOS
5,3,15,from_close,down,166,64,0.915646,0.417195,0.512048,0.205206,42.5177,SMH,OOS
5,3,15,from_next_open,all,313,89,3.83672,0.551856,0.504792,1.58039,39.5429,SMH,OOS
5,3,15,from_next_open,up,147,67,6.9616,0.551856,0.503401,1.93801,36.0516,SMH,OOS
5,3,15,from_next_open,down,166,64,1.06952,1.27494,0.506024,0.240473,42.6345,SMH,OOS
5,3,30,from_close,all,302,88,6.1917,1.90553,0.519868,1.8879,53.0757,SMH,OOS
5,3,30,from_close,up,141,65,6.98156,5.71518,0.560284,1.39735,46.3479,SMH,OOS
5,3,30,from_close,down,161,61,5.49995,-2.99634,0.484472,0.888287,58.9678,SMH,OOS
5,3,30,from_next_open,all,302,88,6.25409,0.906623,0.513245,1.8974,53.0795,SMH,OOS
5,3,30,from_next_open,up,141,65,6.94325,6.82858,0.553191,1.38949,46.3508,SMH,OOS
5,3,30,from_next_open,down,161,61,5.65054,-3.4469,0.478261,0.916546,58.9722,SMH,OOS
1,2,1,from_close,all,14999,676,0.231962,0,0.487566,2.26643,8.49913,SMH,robust
1,2,1,from_close,up,7092,651,0.308618,0,0.497885,2.19287,8.55671,SMH,robust
1,2,1,from_close,down,7907,663,0.163206,-0.353457,0.47831,1.17349,8.44748,SMH,robust
1,2,1,from_next_open,all,14999,676,0.191827,0,0.482432,1.855,8.3229,SMH,robust
1,2,1,from_next_open,up,7092,651,0.28,0,0.493373,1.96053,8.36398,SMH,robust
1,2,1,from_next_open,down,7907,663,0.112742,-0.4153,0.472619,0.814085,8.28605,SMH,robust
1,2,5,from_close,all,14869,676,0.590186,0,0.497881,2.61122,18.5197,SMH,robust
1,2,5,from_close,up,7021,651,0.640629,0.650915,0.506908,1.54755,18.6473,SMH,robust
1,2,5,from_close,down,7848,663,0.545058,0,0.489806,1.63025,18.4057,SMH,robust
1,2,5,from_next_open,all,14869,676,0.550901,0,0.499765,2.41425,18.4601,SMH,robust
1,2,5,from_next_open,up,7021,651,0.612925,0.577034,0.507905,1.48305,18.5929,SMH,robust
1,2,5,from_next_open,down,7848,663,0.495413,-0.00206373,0.492482,1.4729,18.3412,SMH,robust
1,2,15,from_close,all,14462,675,0.285592,0,0.498202,0.847646,31.0203,SMH,robust
1,2,15,from_close,up,6805,643,0.727543,0.99954,0.510948,0.775371,31.5688,SMH,robust
1,2,15,from_close,down,7657,663,-0.107183,-0.790077,0.486875,-0.135265,30.5328,SMH,robust
1,2,15,from_next_open,all,14462,675,0.249121,0,0.497718,0.736937,30.9637,SMH,robust
1,2,15,from_next_open,up,6805,643,0.705789,0.957396,0.509919,0.753635,31.5094,SMH,robust
1,2,15,from_next_open,down,7657,663,-0.156732,-0.795672,0.486875,-0.197808,30.4787,SMH,robust
1,2,30,from_close,all,13858,674,0.756005,0,0.498845,1.43951,43.4902,SMH,robust
1,2,30,from_close,up,6525,642,1.18889,1.32737,0.509425,0.69112,45.0846,SMH,robust
1,2,30,from_close,down,7333,662,0.370814,-0.917979,0.489431,0.262628,42.0715,SMH,robust
1,2,30,from_next_open,all,13858,674,0.724008,0,0.499134,1.37377,43.434,SMH,robust
1,2,30,from_next_open,up,6525,642,1.16691,1.40538,0.510958,0.678442,45.0265,SMH,robust
1,2,30,from_next_open,down,7333,662,0.329907,-0.956069,0.488613,0.233853,42.017,SMH,robust
5,2,5,from_close,all,3109,589,-0.447509,-0.30535,0.491155,-0.900789,18.7537,SMH,robust
5,2,5,from_close,up,1422,483,-0.789825,0.3883,0.504219,-1.1031,18.9256,SMH,robust
5,2,5,from_close,down,1687,515,-0.158965,-0.964088,0.480142,-0.23991,18.6089,SMH,robust
5,2,5,from_next_open,all,3109,589,-0.522486,0,0.491798,-1.06586,18.6587,SMH,robust
5,2,5,from_next_open,up,1422,483,-0.852521,0.429077,0.504923,-1.21116,18.9102,SMH,robust
5,2,5,from_next_open,down,1687,515,-0.244293,-0.819941,0.480735,-0.371078,18.4467,SMH,robust
5,2,15,from_close,all,3001,584,-0.455313,0.525679,0.503832,-0.609884,30.9532,SMH,robust
5,2,15,from_close,up,1366,471,-1.10768,1.68426,0.514641,-0.785053,31.6995,SMH,robust
5,2,15,from_close,down,1635,508,0.0897261,-0.481765,0.494801,0.0767407,30.3297,SMH,robust
5,2,15,from_next_open,all,3001,584,-0.537531,0.360907,0.501166,-0.724777,30.8654,SMH,robust
5,2,15,from_next_open,up,1366,471,-1.17241,1.97382,0.516105,-0.833823,31.632,SMH,robust
5,2,15,from_next_open,down,1635,508,-0.007107,-0.669591,0.488685,-0.0061262,30.225,SMH,robust
5,2,30,from_close,all,2917,582,1.57876,1.48758,0.513198,1.39949,43.5419,SMH,robust
5,2,30,from_close,up,1323,465,0.967309,2.05857,0.519274,0.408683,45.7059,SMH,robust
5,2,30,from_close,down,1594,507,2.08626,1.03807,0.508156,1.14807,41.7457,SMH,robust
5,2,30,from_next_open,all,2917,582,1.49664,1.70348,0.515255,1.32792,43.4602,SMH,robust
5,2,30,from_next_open,up,1323,465,0.899948,2.09275,0.521542,0.38061,45.6005,SMH,robust
5,2,30,from_next_open,down,1594,507,1.99188,1.46665,0.510038,1.10157,41.6839,SMH,robust
1,3,1,from_close,all,3577,522,0.15868,-0.182,0.489237,0.669046,10.7692,SMH,robust
1,3,1,from_close,up,1665,393,0.348774,0.344009,0.505105,1.06754,11.1921,SMH,robust
1,3,1,from_close,down,1912,457,-0.00685727,-0.594721,0.475418,-0.021286,10.4009,SMH,robust
1,3,1,from_next_open,all,3577,522,0.0847346,-0.384711,0.48085,0.360672,10.5752,SMH,robust
1,3,1,from_next_open,up,1665,393,0.326307,0,0.495495,1.00408,10.9765,SMH,robust
1,3,1,from_next_open,down,1912,457,-0.125631,-0.66792,0.468096,-0.409284,10.2258,SMH,robust
1,3,5,from_close,all,3540,518,0.669234,0,0.49548,1.25485,23.3878,SMH,robust
1,3,5,from_close,up,1647,392,0.734682,0.388923,0.502732,0.734463,24.3409,SMH,robust
1,3,5,from_close,down,1893,453,0.61229,-0.374476,0.489171,0.780954,22.5585,SMH,robust
1,3,5,from_next_open,all,3540,518,0.596077,0,0.491525,1.09487,23.2879,SMH,robust
1,3,5,from_next_open,up,1647,392,0.714126,0,0.495446,0.716923,24.2025,SMH,robust
1,3,5,from_next_open,down,1893,453,0.493369,-0.436929,0.488114,0.626898,22.4921,SMH,robust
1,3,15,from_close,all,3449,509,-0.394852,-0.397519,0.492896,-0.541179,38.2435,SMH,robust
1,3,15,from_close,up,1603,375,-0.0491826,-0.0183003,0.494697,-0.0217351,40.0339,SMH,robust
1,3,15,from_close,down,1846,447,-0.695019,-0.507194,0.491333,-0.354342,36.6887,SMH,robust
1,3,15,from_next_open,all,3449,509,-0.465898,-0.542711,0.490867,-0.633743,38.1958,SMH,robust
1,3,15,from_next_open,up,1603,375,-0.0616072,0,0.496569,-0.0272781,39.9768,SMH,robust
1,3,15,from_next_open,down,1846,447,-0.81697,-1.00707,0.485915,-0.418251,36.6492,SMH,robust
1,3,30,from_close,all,3312,506,0.935181,-0.486497,0.495773,0.749615,53.9905,SMH,robust
1,3,30,from_close,up,1539,367,2.0508,0.444385,0.502924,0.462698,57.8712,SMH,robust
1,3,30,from_close,down,1773,442,-0.0332008,-1.08656,0.489566,-0.00957675,50.622,SMH,robust
1,3,30,from_next_open,all,3312,506,0.865715,0,0.499396,0.688268,53.9575,SMH,robust
1,3,30,from_next_open,up,1539,367,2.03917,0.619783,0.506173,0.460099,57.8536,SMH,robust
1,3,30,from_next_open,down,1773,442,-0.152868,-0.620065,0.493514,-0.0441276,50.5755,SMH,robust
5,3,5,from_close,all,706,273,-1.91954,-1.83666,0.468839,-1.26429,25.6014,SMH,robust
5,3,5,from_close,up,310,162,-3.93322,-3.4694,0.429032,-1.60111,27.0399,SMH,robust
5,3,5,from_close,down,396,205,-0.343178,0.0910596,0.5,-0.198935,24.4753,SMH,robust
5,3,5,from_next_open,all,706,273,-2.12439,-2.19361,0.467422,-1.41067,25.4295,SMH,robust
5,3,5,from_next_open,up,310,162,-4.07666,-3.83983,0.432258,-1.70347,26.8268,SMH,robust
5,3,5,from_next_open,down,396,205,-0.596094,-0.318409,0.494949,-0.34586,24.3356,SMH,robust
5,3,15,from_close,all,690,269,-1.85088,0.694158,0.502899,-0.889782,39.8455,SMH,robust
5,3,15,from_close,up,303,161,-6.43648,-1.94515,0.475248,-1.45482,42.8267,SMH,robust
5,3,15,from_close,down,387,202,1.73939,3.72486,0.524548,0.643568,37.5113,SMH,robust
5,3,15,from_next_open,all,690,269,-2.04682,0.314256,0.501449,-0.975074,39.8217,SMH,robust
5,3,15,from_next_open,up,303,161,-6.56088,-2.73562,0.471947,-1.47469,42.8552,SMH,robust
5,3,15,from_next_open,down,387,202,1.48745,2.84111,0.524548,0.552691,37.4467,SMH,robust
5,3,30,from_close,all,677,266,2.20527,2.00693,0.514032,0.717268,59.2937,SMH,robust
5,3,30,from_close,up,297,158,-2.48461,-1.80516,0.491582,-0.360917,67.7161,SMH,robust
5,3,30,from_close,down,380,200,5.87077,5.07457,0.531579,1.32755,52.711,SMH,robust
5,3,30,from_next_open,all,677,266,2.02173,2.77024,0.51551,0.653753,59.2158,SMH,robust
5,3,30,from_next_open,up,297,158,-2.60037,-1.16898,0.498316,-0.376259,67.5577,SMH,robust
5,3,30,from_next_open,down,380,200,5.63427,4.71064,0.528947,1.27772,52.696,SMH,robust
1,2,1,from_close,all,10658,474,-0.197006,-0.191617,0.490336,-1.15824,11.1037,NVDA,primary
1,2,1,from_close,up,5155,456,0.254961,0,0.498933,1.15729,11.0002,NVDA,primary
1,2,1,from_close,down,5503,454,-0.620392,-0.40354,0.482282,-2.56204,11.2006,NVDA,primary
1,2,1,from_next_open,all,10658,474,-0.160723,-0.0318933,0.490524,-0.943473,11.0823,NVDA,primary
1,2,1,from_next_open,up,5155,456,0.293441,0,0.497769,1.32867,10.9722,NVDA,primary
1,2,1,from_next_open,down,5503,454,-0.586167,-0.289184,0.483736,-2.42959,11.1853,NVDA,primary
1,2,5,from_close,all,10547,474,-0.188148,-0.0055966,0.495876,-0.531823,24.8537,NVDA,primary
1,2,5,from_close,up,5104,455,1.47169,1.0172,0.517633,2.24444,24.5413,NVDA,primary
1,2,5,from_close,down,5443,454,-1.7446,-1.3909,0.475473,-2.3943,25.1466,NVDA,primary
1,2,5,from_next_open,all,10547,474,-0.151669,-0.163192,0.494927,-0.428713,24.8375,NVDA,primary
1,2,5,from_next_open,up,5104,455,1.50998,1.03815,0.515478,2.31054,24.5282,NVDA,primary
1,2,5,from_next_open,down,5443,454,-1.70983,-1.37005,0.475657,-2.34634,25.1275,NVDA,primary
1,2,15,from_close,all,10289,474,-0.355698,-0.545777,0.493245,-0.600367,40.8715,NVDA,primary
1,2,15,from_close,up,4979,455,2.36379,1.92726,0.517775,1.34214,40.7466,NVDA,primary
1,2,15,from_close,down,5310,451,-2.90567,-2.89937,0.470245,-1.94609,40.9886,NVDA,primary
1,2,15,from_next_open,all,10289,474,-0.316103,-0.561388,0.494509,-0.53188,40.8593,NVDA,primary
1,2,15,from_next_open,up,4979,455,2.40553,1.99419,0.517975,1.36646,40.7356,NVDA,primary
1,2,15,from_next_open,down,5310,451,-2.86808,-2.778,0.472505,-1.92022,40.9753,NVDA,primary
1,2,30,from_close,all,9875,474,-0.120135,-1.46137,0.487595,-0.138155,54.3437,NVDA,primary
1,2,30,from_close,up,4783,454,4.23608,2.67635,0.521012,1.29059,54.1991,NVDA,primary
1,2,30,from_close,down,5092,450,-4.212,-5.16221,0.456206,-1.56476,54.4795,NVDA,primary
1,2,30,from_next_open,all,9875,474,-0.0786596,-1.38666,0.488405,-0.0903083,54.3478,NVDA,primary
1,2,30,from_next_open,up,4783,454,4.27855,2.65741,0.52143,1.30372,54.209,NVDA,primary
1,2,30,from_next_open,down,5092,450,-4.17145,-5.26747,0.457384,-1.54979,54.4781,NVDA,primary
5,2,5,from_close,all,2152,403,-0.278356,-1.39135,0.47723,-0.374961,25.8212,NVDA,primary
5,2,5,from_close,up,1015,328,1.30899,0.834879,0.519212,1.19754,24.657,NVDA,primary
5,2,5,from_close,down,1137,336,-1.69538,-4.27388,0.439754,-1.46046,26.8605,NVDA,primary
5,2,5,from_next_open,all,2152,403,-0.229858,-1.45914,0.478625,-0.310001,25.7926,NVDA,primary
5,2,5,from_next_open,up,1015,328,1.37921,0.825307,0.518227,1.26222,24.6095,NVDA,primary
5,2,5,from_next_open,down,1137,336,-1.66627,-4.12681,0.443272,-1.439,26.8488,NVDA,primary
5,2,15,from_close,all,2087,399,-0.967513,-0.374883,0.494969,-0.843891,43.1087,NVDA,primary
5,2,15,from_close,up,991,324,2.69136,1.64962,0.512614,1.06254,41.6531,NVDA,primary
5,2,15,from_close,down,1096,329,-4.27586,-2.04415,0.479015,-1.84844,44.4249,NVDA,primary
5,2,15,from_next_open,all,2087,399,-0.919593,-0.553557,0.49449,-0.803181,43.0866,NVDA,primary
5,2,15,from_next_open,up,991,324,2.76224,1.64962,0.512614,1.08965,41.6185,NVDA,primary
5,2,15,from_next_open,down,1096,329,-4.2487,-1.95068,0.478102,-1.84012,44.4141,NVDA,primary
5,2,30,from_close,all,2039,398,-0.260632,-1.03977,0.492398,-0.114545,56.6722,NVDA,primary
5,2,30,from_close,up,969,324,2.67617,3.23175,0.520124,0.685567,54.1335,NVDA,primary
5,2,30,from_close,down,1070,328,-2.92022,-4.42459,0.46729,-0.689142,58.9712,NVDA,primary
5,2,30,from_next_open,all,2039,398,-0.209732,-0.790025,0.492398,-0.0922912,56.6409,NVDA,primary
5,2,30,from_next_open,up,969,324,2.74834,3.33922,0.520124,0.703999,54.1185,NVDA,primary
5,2,30,from_next_open,down,1070,328,-2.88859,-4.39799,0.46729,-0.682218,58.9253,NVDA,primary
1,3,1,from_close,all,2739,361,-0.5972,-0.752276,0.476451,-1.61629,14.288,NVDA,primary
1,3,1,from_close,up,1286,290,0.0335034,-0.124395,0.494557,0.0575252,15.0479,NVDA,primary
1,3,1,from_close,down,1453,307,-1.15541,-1.38201,0.460427,-2.46181,13.6154,NVDA,primary
1,3,1,from_next_open,all,2739,361,-0.564727,-0.623911,0.477547,-1.55214,14.2597,NVDA,primary
1,3,1,from_next_open,up,1286,290,0.0733895,-0.253747,0.489891,0.127949,15.0171,NVDA,primary
1,3,1,from_next_open,down,1453,307,-1.1295,-1.14534,0.466621,-2.43209,13.5893,NVDA,primary
1,3,5,from_close,all,2706,360,0.0543402,0,0.498152,0.0623621,32.2534,NVDA,primary
1,3,5,from_close,up,1269,289,2.43877,1.68573,0.527187,1.5449,33.3752,NVDA,primary
1,3,5,from_close,down,1437,305,-2.05133,-2.21976,0.472512,-1.30754,31.2627,NVDA,primary
1,3,5,from_next_open,all,2706,360,0.0874791,-0.224893,0.495565,0.100488,32.2357,NVDA,primary
1,3,5,from_next_open,up,1269,289,2.48141,1.76069,0.520883,1.57755,33.3531,NVDA,primary
1,3,5,from_next_open,down,1437,305,-2.02657,-2.32292,0.473208,-1.29142,31.249,NVDA,primary
1,3,15,from_close,all,2623,354,-0.756823,-1.5536,0.489897,-0.546983,52.6382,NVDA,primary
1,3,15,from_close,up,1235,284,4.60107,3.02975,0.523887,1.34616,55.4404,NVDA,primary
1,3,15,from_close,down,1388,297,-5.52411,-4.54418,0.459654,-1.78659,50.1448,NVDA,primary
1,3,15,from_next_open,all,2623,354,-0.717511,-1.33934,0.490278,-0.518262,52.6167,NVDA,primary
1,3,15,from_next_open,up,1235,284,4.64785,3.27547,0.525506,1.36067,55.422,NVDA,primary
1,3,15,from_next_open,down,1388,297,-5.49145,-4.71062,0.458934,-1.77643,50.1207,NVDA,primary
1,3,30,from_close,all,2515,351,0.55061,-0.445653,0.495427,0.253844,68.3319,NVDA,primary
1,3,30,from_close,up,1182,278,9.86475,8.22289,0.547377,1.64484,70.6252,NVDA,primary
1,3,30,from_close,down,1333,293,-7.70844,-7.27682,0.449362,-1.34818,66.2984,NVDA,primary
1,3,30,from_next_open,all,2515,351,0.589605,-0.301583,0.49503,0.271205,68.3251,NVDA,primary
1,3,30,from_next_open,up,1182,278,9.90884,8.28682,0.549069,1.65121,70.6476,NVDA,primary
1,3,30,from_next_open,down,1333,293,-7.67397,-7.52742,0.447112,-1.34228,66.2657,NVDA,primary
5,3,5,from_close,all,543,187,-1.24656,-2.60338,0.469613,-0.658234,34.8896,NVDA,primary
5,3,5,from_close,up,245,119,0.507904,0.699506,0.510204,0.178246,34.7927,NVDA,primary
5,3,5,from_close,down,298,144,-2.68899,-6.57949,0.436242,-1.15141,34.9693,NVDA,primary
5,3,5,from_next_open,all,543,187,-1.18915,-2.23028,0.469613,-0.629427,34.8602,NVDA,primary
5,3,5,from_next_open,up,245,119,0.576262,0.690521,0.510204,0.203393,34.6919,NVDA,primary
5,3,5,from_next_open,down,298,144,-2.64059,-6.16744,0.436242,-1.13131,34.9985,NVDA,primary
5,3,15,from_close,all,519,177,-0.488281,-0.864429,0.491329,-0.189678,57.2092,NVDA,primary
5,3,15,from_close,up,237,117,8.20001,3.81567,0.527426,1.48876,57.5764,NVDA,primary
5,3,15,from_close,down,282,135,-7.79014,-7.77619,0.460993,-1.7392,56.9005,NVDA,primary
5,3,15,from_next_open,all,519,177,-0.428192,-0.749794,0.493256,-0.166626,57.1804,NVDA,primary
5,3,15,from_next_open,up,237,117,8.26449,3.81567,0.531646,1.50067,57.5031,NVDA,primary
5,3,15,from_next_open,down,282,135,-7.73374,-7.84315,0.460993,-1.72956,56.9093,NVDA,primary
5,3,30,from_close,all,509,175,-0.860288,-4.88663,0.475442,-0.209235,73.8361,NVDA,primary
5,3,30,from_close,up,234,116,13.0969,6.22457,0.542735,1.48131,73.9766,NVDA,primary
5,3,30,from_close,down,275,133,-12.7366,-15.8955,0.418182,-1.7928,73.7166,NVDA,primary
5,3,30,from_next_open,all,509,175,-0.795933,-5.59288,0.475442,-0.193392,73.7821,NVDA,primary
5,3,30,from_next_open,up,234,116,13.1644,5.78542,0.547009,1.48798,73.9175,NVDA,primary
5,3,30,from_next_open,down,275,133,-12.6749,-15.9242,0.414545,-1.78354,73.6669,NVDA,primary
1,2,1,from_close,all,5367,233,-0.149486,-0.277448,0.490032,-0.603971,12.5951,NVDA,IS
1,2,1,from_close,up,2579,219,0.217592,0.0138596,0.500969,0.675772,12.4814,NVDA,IS
1,2,1,from_close,down,2788,222,-0.489046,-0.556613,0.479914,-1.26462,12.7002,NVDA,IS
1,2,1,from_next_open,all,5367,233,-0.130713,-0.277306,0.487423,-0.518654,12.5693,NVDA,IS
1,2,1,from_next_open,up,2579,219,0.253423,0,0.496316,0.77494,12.4394,NVDA,IS
1,2,1,from_next_open,down,2788,222,-0.486052,-0.435181,0.479197,-1.25379,12.6895,NVDA,IS
1,2,5,from_close,all,5311,233,-0.0107807,0.350349,0.505178,-0.0185912,28.954,NVDA,IS
1,2,5,from_close,up,2550,219,2.67445,2.11865,0.536471,2.53735,28.9683,NVDA,IS
1,2,5,from_close,down,2761,222,-2.49081,-1.60346,0.476277,-1.96492,28.9408,NVDA,IS
1,2,5,from_next_open,all,5311,233,0.00721209,0.368908,0.504613,0.0123881,28.943,NVDA,IS
1,2,5,from_next_open,up,2550,219,2.70824,2.19701,0.535294,2.57336,28.9592,NVDA,IS
1,2,5,from_next_open,down,2761,222,-2.4874,-1.62328,0.476277,-1.96019,28.9282,NVDA,IS
1,2,15,from_close,all,5186,233,-0.431471,-0.692272,0.492094,-0.434805,47.939,NVDA,IS
1,2,15,from_close,up,2483,219,3.80125,2.3156,0.524366,1.2077,48.2907,NVDA,IS
1,2,15,from_close,down,2703,221,-4.31969,-3.7556,0.462449,-1.71308,47.616,NVDA,IS
1,2,15,from_next_open,all,5186,233,-0.408965,-0.73286,0.493444,-0.409744,47.937,NVDA,IS
1,2,15,from_next_open,up,2483,219,3.84293,2.53623,0.524768,1.22057,48.2921,NVDA,IS
1,2,15,from_next_open,down,2703,221,-4.3148,-4.12271,0.464669,-1.71024,47.6108,NVDA,IS
1,2,30,from_close,all,4985,233,0.332291,-2.21125,0.482046,0.223119,63.1643,NVDA,IS
1,2,30,from_close,up,2389,218,7.29135,3.37192,0.524906,1.21788,64.3623,NVDA,IS
1,2,30,from_close,down,2596,220,-6.07186,-7.14468,0.442604,-1.29898,62.0618,NVDA,IS
1,2,30,from_next_open,all,4985,233,0.356433,-2.13121,0.482046,0.238681,63.1811,NVDA,IS
1,2,30,from_next_open,up,2389,218,7.33365,3.34095,0.525324,1.22467,64.4037,NVDA,IS
1,2,30,from_next_open,down,2596,220,-6.06444,-7.24676,0.442219,-1.29749,62.0559,NVDA,IS
5,2,5,from_close,all,1116,195,-1.25613,-1.8748,0.473118,-1.0386,29.7834,NVDA,IS
5,2,5,from_close,up,526,160,1.10003,1.75706,0.530418,0.638036,27.9792,NVDA,IS
5,2,5,from_close,down,590,161,-3.35671,-6.22309,0.422034,-1.82496,31.3919,NVDA,IS
5,2,5,from_next_open,all,1116,195,-1.18491,-1.72335,0.47491,-0.982183,29.7799,NVDA,IS
5,2,5,from_next_open,up,526,160,1.23633,1.57627,0.528517,0.719139,27.9155,NVDA,IS
5,2,5,from_next_open,down,590,161,-3.34351,-6.29621,0.427119,-1.82433,31.442,NVDA,IS
5,2,15,from_close,all,1085,192,-3.57501,-1.97022,0.482949,-2.0626,50.5735,NVDA,IS
5,2,15,from_close,up,514,159,2.84373,2.35185,0.523346,0.658757,48.2826,NVDA,IS
5,2,15,from_close,down,571,158,-9.35299,-7.01728,0.446585,-2.49178,52.6357,NVDA,IS
5,2,15,from_next_open,all,1085,192,-3.50357,-1.78811,0.482949,-2.02453,50.5788,NVDA,IS
5,2,15,from_next_open,up,514,159,2.98009,2.48574,0.523346,0.690011,48.2765,NVDA,IS
5,2,15,from_next_open,down,571,158,-9.34001,-7.33923,0.446585,-2.49438,52.6513,NVDA,IS
5,2,30,from_close,all,1057,192,-3.8569,-5.19707,0.460738,-0.980683,66.8067,NVDA,IS
5,2,30,from_close,up,501,159,1.85825,1.36509,0.502994,0.266501,65.3929,NVDA,IS
5,2,30,from_close,down,556,158,-9.00671,-10.7306,0.422662,-1.2137,68.0806,NVDA,IS
5,2,30,from_next_open,all,1057,192,-3.78276,-5.13132,0.459792,-0.963448,66.7767,NVDA,IS
5,2,30,from_next_open,up,501,159,1.99594,1.64474,0.502994,0.286253,65.3726,NVDA,IS
5,2,30,from_next_open,down,556,158,-8.98983,-10.8404,0.420863,-1.21287,68.0419,NVDA,IS
1,3,1,from_close,all,1469,170,-0.443032,-0.506988,0.488768,-0.836078,17.1831,NVDA,IS
1,3,1,from_close,up,693,132,0.284631,0.288584,0.503608,0.33581,18.2503,NVDA,IS
1,3,1,from_close,down,776,149,-1.09287,-1.04949,0.475515,-1.45883,16.23,NVDA,IS
1,3,1,from_next_open,all,1469,170,-0.431998,-0.485037,0.488768,-0.831217,17.1564,NVDA,IS
1,3,1,from_next_open,up,693,132,0.331483,0,0.497835,0.398924,18.2124,NVDA,IS
1,3,1,from_next_open,down,776,149,-1.11382,-1.02849,0.48067,-1.502,16.2133,NVDA,IS
1,3,5,from_close,all,1453,170,0.0710233,0.344979,0.504474,0.0571246,39.0266,NVDA,IS
1,3,5,from_close,up,684,131,4.35422,3.73483,0.542398,1.99961,41.5739,NVDA,IS
1,3,5,from_close,down,769,149,-3.73874,-1.99504,0.470741,-1.4531,36.7609,NVDA,IS
1,3,5,from_next_open,all,1453,170,0.0811956,0.423765,0.503785,0.0652299,39.0266,NVDA,IS
1,3,5,from_next_open,up,684,131,4.40032,4.01929,0.539474,2.02568,41.572,NVDA,IS
1,3,5,from_next_open,down,769,149,-3.76052,-2.15377,0.472042,-1.46012,36.7627,NVDA,IS
1,3,15,from_close,all,1412,168,-1.25269,-1.38327,0.494334,-0.588156,64.3378,NVDA,IS
1,3,15,from_close,up,662,129,9.16224,6.9989,0.545317,1.73226,69.9332,NVDA,IS
1,3,15,from_close,down,750,147,-10.4456,-6.53229,0.449333,-2.19344,59.399,NVDA,IS
1,3,15,from_next_open,all,1412,168,-1.23323,-1.1163,0.495042,-0.578397,64.3363,NVDA,IS
1,3,15,from_next_open,up,662,129,9.2188,6.99705,0.546828,1.74208,69.955,NVDA,IS
1,3,15,from_next_open,down,750,147,-10.4589,-6.62147,0.449333,-2.19746,59.3769,NVDA,IS
1,3,30,from_close,all,1359,166,0.706322,0.0336803,0.501104,0.193324,82.828,NVDA,IS
1,3,30,from_close,up,630,126,17.0555,12.314,0.565079,1.68753,88.5327,NVDA,IS
1,3,30,from_close,down,729,147,-13.4226,-9.30255,0.445816,-1.41276,77.8981,NVDA,IS
1,3,30,from_next_open,all,1359,166,0.723329,0,0.498896,0.197461,82.8421,NVDA,IS
1,3,30,from_next_open,up,630,126,17.1103,12.2533,0.566667,1.69078,88.6105,NVDA,IS
1,3,30,from_next_open,down,729,147,-13.4383,-8.96883,0.440329,-1.41464,77.857,NVDA,IS
5,3,5,from_close,all,286,83,-3.48713,-3.80134,0.461538,-1.06149,42.141,NVDA,IS
5,3,5,from_close,up,125,54,-2.42829,1.72801,0.512,-0.494122,43.2144,NVDA,IS
5,3,5,from_close,down,161,69,-4.30921,-8.98732,0.42236,-1.20989,41.3075,NVDA,IS
5,3,5,from_next_open,all,286,83,-3.45321,-3.48697,0.461538,-1.05408,42.1475,NVDA,IS
5,3,5,from_next_open,up,125,54,-2.27787,0.690521,0.512,-0.466124,43.0241,NVDA,IS
5,3,5,from_next_open,down,161,69,-4.36574,-9.54359,0.42236,-1.22213,41.4668,NVDA,IS
5,3,15,from_close,all,275,79,-3.79833,-8.27586,0.476364,-0.994622,70.2932,NVDA,IS
5,3,15,from_close,up,120,54,6.96107,1.7358,0.516667,0.708113,72.5631,NVDA,IS
5,3,15,from_close,down,155,65,-12.1282,-12.0992,0.445161,-1.76623,68.5358,NVDA,IS
5,3,15,from_next_open,all,275,79,-3.76843,-8.27891,0.476364,-0.989351,70.3198,NVDA,IS
5,3,15,from_next_open,up,120,54,7.10605,1.9835,0.516667,0.722362,72.4961,NVDA,IS
5,3,15,from_next_open,down,155,65,-12.1874,-13.0009,0.445161,-1.77788,68.6349,NVDA,IS
5,3,30,from_close,all,271,78,-3.10889,-12.386,0.450185,-0.460988,90.0541,NVDA,IS
5,3,30,from_close,up,118,53,12.5434,-14.261,0.466102,0.749958,98.3213,NVDA,IS
5,3,30,from_close,down,153,65,-15.1806,-12.1814,0.437908,-1.32263,83.678,NVDA,IS
5,3,30,from_next_open,all,271,78,-3.06984,-12.2352,0.446494,-0.454851,90.0343,NVDA,IS
5,3,30,from_next_open,up,118,53,12.7082,-14.2335,0.466102,0.759177,98.2421,NVDA,IS
5,3,30,from_next_open,down,153,65,-15.2385,-11.3856,0.431373,-1.3268,83.704,NVDA,IS
1,2,1,from_close,all,5291,241,-0.245209,-0.0483795,0.490644,-1.05343,9.59083,NVDA,OOS
1,2,1,from_close,up,2576,237,0.292373,0,0.496894,0.970606,9.51731,NVDA,OOS
1,2,1,from_close,down,2715,232,-0.755269,-0.255382,0.484715,-2.62904,9.66059,NVDA,OOS
1,2,1,from_next_open,all,5291,241,-0.191165,0,0.493668,-0.835848,9.57384,NVDA,OOS
1,2,1,from_next_open,up,2576,237,0.333505,0,0.499224,1.12156,9.50337,NVDA,OOS
1,2,1,from_next_open,down,2715,232,-0.688974,-0.12729,0.488398,-2.43242,9.6407,NVDA,OOS
1,2,5,from_close,all,5236,241,-0.368056,-0.53502,0.48644,-0.929883,20.6946,NVDA,OOS
1,2,5,from_close,up,2554,236,0.270799,0,0.498825,0.384832,20.1212,NVDA,OOS
1,2,5,from_close,down,2682,232,-0.976421,-1.17772,0.474646,-1.41654,21.2406,NVDA,OOS
1,2,5,from_next_open,all,5236,241,-0.312825,-0.545428,0.485103,-0.79571,20.6731,NVDA,OOS
1,2,5,from_next_open,up,2554,236,0.313598,0,0.495693,0.448762,20.1041,NVDA,OOS
1,2,5,from_next_open,down,2682,232,-0.909352,-1.25386,0.475019,-1.32491,21.2149,NVDA,OOS
1,2,15,from_close,all,5103,241,-0.278694,-0.480004,0.494415,-0.434885,33.689,NVDA,OOS
1,2,15,from_close,up,2496,236,0.933817,1.03059,0.511218,0.618614,33.2418,NVDA,OOS
1,2,15,from_close,down,2607,230,-1.43958,-1.92363,0.478328,-0.953783,34.1171,NVDA,OOS
1,2,15,from_next_open,all,5103,241,-0.221732,-0.467874,0.495591,-0.347204,33.6665,NVDA,OOS
1,2,15,from_next_open,up,2496,236,0.975607,1.33014,0.511218,0.648641,33.2185,NVDA,OOS
1,2,15,from_next_open,down,2607,230,-1.36809,-1.83293,0.480629,-0.90734,34.0954,NVDA,OOS
1,2,30,from_close,all,4890,241,-0.581351,-0.82279,0.493252,-0.663155,45.3517,NVDA,OOS
1,2,30,from_close,up,2394,236,1.1872,2.29451,0.517126,0.472895,44.0571,NVDA,OOS
1,2,30,from_close,down,2496,230,-2.27763,-3.05177,0.470353,-0.912281,46.5935,NVDA,OOS
1,2,30,from_next_open,all,4890,241,-0.522206,-0.504498,0.494888,-0.59633,45.3429,NVDA,OOS
1,2,30,from_next_open,up,2394,236,1.22982,2.20594,0.517544,0.490911,44.0355,NVDA,OOS
1,2,30,from_next_open,down,2496,230,-2.20263,-3.03477,0.473157,-0.882721,46.5968,NVDA,OOS
5,2,5,from_close,all,1036,208,0.774926,-1.11865,0.48166,0.917167,21.553,NVDA,OOS
5,2,5,from_close,up,489,168,1.53376,0.45209,0.507157,1.16855,21.0833,NVDA,OOS
5,2,5,from_close,down,547,175,0.0965511,-2.21351,0.458867,0.0694521,21.9729,NVDA,OOS
5,2,5,from_next_open,all,1036,208,0.798945,-0.753725,0.482625,0.943356,21.4974,NVDA,OOS
5,2,5,from_next_open,up,489,168,1.5329,0.512636,0.507157,1.16385,21.0533,NVDA,OOS
5,2,5,from_next_open,down,547,175,0.14281,-2.10777,0.460695,0.102812,21.8945,NVDA,OOS
5,2,15,from_close,all,1002,207,1.85597,0.677977,0.507984,1.31393,35.0256,NVDA,OOS
5,2,15,from_close,up,477,165,2.52718,0.445851,0.501048,1.0298,34.5093,NVDA,OOS
5,2,15,from_close,down,525,171,1.24613,1.10882,0.514286,0.521242,35.4947,NVDA,OOS
5,2,15,from_next_open,all,1002,207,1.87843,0.893318,0.506986,1.32956,34.9739,NVDA,OOS
5,2,15,from_next_open,up,477,165,2.5275,0.00491981,0.501048,1.02919,34.444,NVDA,OOS
5,2,15,from_next_open,down,525,171,1.28871,1.08707,0.512381,0.539827,35.4553,NVDA,OOS
5,2,30,from_close,all,982,206,3.6103,3.26341,0.526477,1.90049,45.7636,NVDA,OOS
5,2,30,from_close,up,468,165,3.55175,3.8238,0.538462,1.14621,42.0801,NVDA,OOS
5,2,30,from_close,down,514,170,3.66361,2.30787,0.515564,1.05065,49.1175,NVDA,OOS
5,2,30,from_next_open,all,982,206,3.63619,3.09342,0.527495,1.91051,45.731,NVDA,OOS
5,2,30,from_next_open,up,468,165,3.5538,3.94326,0.538462,1.14591,42.0707,NVDA,OOS
5,2,30,from_next_open,down,514,170,3.71121,2.57646,0.51751,1.06362,49.0637,NVDA,OOS
1,3,1,from_close,all,1270,191,-0.775526,-1.06587,0.462205,-1.55675,10.9392,NVDA,OOS
1,3,1,from_close,up,593,158,-0.259973,-0.287134,0.48398,-0.344035,11.3055,NVDA,OOS
1,3,1,from_close,down,677,158,-1.22711,-1.66625,0.443131,-2.33926,10.6184,NVDA,OOS
1,3,1,from_next_open,all,1270,191,-0.718254,-0.822304,0.464567,-1.45074,10.9092,NVDA,OOS
1,3,1,from_next_open,up,593,158,-0.228227,-0.484449,0.480607,-0.304581,11.283,NVDA,OOS
1,3,1,from_next_open,down,677,158,-1.14748,-1.33964,0.450517,-2.20631,10.5816,NVDA,OOS
1,3,5,from_close,all,1253,190,0.0349942,-0.508686,0.490822,0.0289624,24.399,NVDA,OOS
1,3,5,from_close,up,585,158,0.199168,0.521839,0.509402,0.0991301,23.7891,NVDA,OOS
1,3,5,from_close,down,668,156,-0.10878,-2.36153,0.474551,-0.0693166,24.9331,NVDA,OOS
1,3,5,from_next_open,all,1253,190,0.0947656,-0.541771,0.486034,0.0786435,24.3609,NVDA,OOS
1,3,5,from_next_open,up,585,158,0.237756,0,0.499145,0.118976,23.7434,NVDA,OOS
1,3,5,from_next_open,down,668,156,-0.0304585,-2.37873,0.474551,-0.0194797,24.9017,NVDA,OOS
1,3,15,from_close,all,1211,186,-0.178656,-1.57224,0.484723,-0.106739,38.9967,NVDA,OOS
1,3,15,from_close,up,573,155,-0.668559,0,0.499127,-0.194141,38.6966,NVDA,OOS
1,3,15,from_close,down,638,150,0.261336,-2.93175,0.471787,0.0814203,39.2662,NVDA,OOS
1,3,15,from_next_open,all,1211,186,-0.116196,-1.36791,0.484723,-0.0694764,38.9519,NVDA,OOS
1,3,15,from_next_open,up,573,155,-0.633069,0.490701,0.500873,-0.184514,38.6316,NVDA,OOS
1,3,15,from_next_open,down,638,150,0.348017,-2.80062,0.470219,0.108546,39.2395,NVDA,OOS
1,3,30,from_close,all,1156,185,0.367555,-1.36227,0.488754,0.186574,51.2902,NVDA,OOS
1,3,30,from_close,up,552,152,1.65791,4.14885,0.527174,0.346926,50.1873,NVDA,OOS
1,3,30,from_close,down,604,146,-0.811709,-6.14504,0.453642,-0.179204,52.2982,NVDA,OOS
1,3,30,from_next_open,all,1156,185,0.432398,-1.04334,0.490484,0.21959,51.2589,NVDA,OOS
1,3,30,from_next_open,up,552,152,1.68974,4.22743,0.528986,0.354505,50.1465,NVDA,OOS
1,3,30,from_next_open,down,604,146,-0.716693,-5.80233,0.455298,-0.158458,52.2756,NVDA,OOS
5,3,5,from_close,all,257,104,1.24683,-2.21976,0.478599,0.710791,26.8201,NVDA,OOS
5,3,5,from_close,up,120,65,3.56644,0.3798,0.508333,1.29632,26.0202,NVDA,OOS
5,3,5,from_close,down,137,75,-0.784936,-4.16727,0.452555,-0.265534,27.5207,NVDA,OOS
5,3,5,from_next_open,all,257,104,1.33038,-1.77573,0.478599,0.758348,26.7506,NVDA,OOS
5,3,5,from_next_open,up,120,65,3.54932,0.6607,0.508333,1.29558,26.0124,NVDA,OOS
5,3,5,from_next_open,down,137,75,-0.613212,-3.58809,0.452555,-0.208844,27.3971,NVDA,OOS
5,3,15,from_close,all,244,98,3.24231,0.898281,0.508197,0.994509,42.4628,NVDA,OOS
5,3,15,from_close,up,117,63,9.47072,4.0082,0.538462,1.97165,42.2054,NVDA,OOS
5,3,15,from_close,down,127,70,-2.49568,-4.99251,0.480315,-0.476942,42.7,NVDA,OOS
5,3,15,from_next_open,all,244,98,3.33642,1.17854,0.512295,1.02422,42.3718,NVDA,OOS
5,3,15,from_next_open,up,117,63,9.45263,4.01266,0.547009,1.97559,42.1256,NVDA,OOS
5,3,15,from_next_open,down,127,70,-2.2982,-3.63042,0.480315,-0.440589,42.5986,NVDA,OOS
5,3,30,from_close,all,238,97,1.70009,0.339259,0.504202,0.416997,55.3695,NVDA,OOS
5,3,30,from_close,up,116,63,13.6599,12.8348,0.62069,2.54011,49.2121,NVDA,OOS
5,3,30,from_close,down,122,68,-9.67154,-17.7737,0.393443,-1.39624,61.2241,NVDA,OOS
5,3,30,from_next_open,all,238,97,1.79327,1.09154,0.508403,0.439271,55.2765,NVDA,OOS
5,3,30,from_next_open,up,116,63,13.6285,12.7612,0.62931,2.53929,49.1734,NVDA,OOS
5,3,30,from_next_open,down,122,68,-9.45992,-17.8363,0.393443,-1.36845,61.0794,NVDA,OOS
1,2,1,from_close,all,14730,675,-0.0795559,-0.450936,0.484453,-0.544438,13.5097,NVDA,robust
1,2,1,from_close,up,7219,643,0.181061,-0.0416483,0.495082,0.860812,13.3676,NVDA,robust
1,2,1,from_close,down,7511,660,-0.330041,-0.822924,0.474238,-1.65037,13.6463,NVDA,robust
1,2,1,from_next_open,all,14730,675,0.021979,-0.402596,0.487916,0.15029,13.4567,NVDA,robust
1,2,1,from_next_open,up,7219,643,0.279204,0,0.497991,1.3229,13.3105,NVDA,robust
1,2,1,from_next_open,down,7511,660,-0.225246,-0.74162,0.478232,-1.12676,13.5972,NVDA,robust
1,2,5,from_close,all,14582,675,0.169563,0.105434,0.50096,0.559625,28.8897,NVDA,robust
1,2,5,from_close,up,7145,643,1.18869,0.836057,0.511686,1.93492,28.751,NVDA,robust
1,2,5,from_close,down,7437,659,-0.809555,-0.585797,0.490655,-1.49931,29.023,NVDA,robust
1,2,5,from_next_open,all,14582,675,0.272866,0.134846,0.501166,0.900581,28.8768,NVDA,robust
1,2,5,from_next_open,up,7145,643,1.2898,0.970605,0.512666,2.08669,28.7513,NVDA,robust
1,2,5,from_next_open,down,7437,659,-0.70414,-0.646552,0.490117,-1.30871,28.9975,NVDA,robust
1,2,15,from_close,all,14197,675,-0.729734,-0.417449,0.496232,-1.45868,48.3852,NVDA,robust
1,2,15,from_close,up,6944,642,1.28907,1.7505,0.513249,0.951539,48.5329,NVDA,robust
1,2,15,from_close,down,7253,658,-2.66253,-2.67645,0.479939,-2.02043,48.2437,NVDA,robust
1,2,15,from_next_open,all,14197,675,-0.624504,-0.323583,0.496795,-1.24733,48.391,NVDA,robust
1,2,15,from_next_open,up,6944,642,1.39272,1.71778,0.514833,1.02567,48.5476,NVDA,robust
1,2,15,from_next_open,down,7253,658,-2.55579,-2.60461,0.479526,-1.93911,48.2409,NVDA,robust
1,2,30,from_close,all,13641,675,-0.632236,-1.58738,0.489187,-0.8759,65.6624,NVDA,robust
1,2,30,from_close,up,6685,642,2.84871,1.36709,0.507853,1.19423,66.295,NVDA,robust
1,2,30,from_close,down,6956,658,-3.97757,-4.27402,0.471248,-1.78912,65.0544,NVDA,robust
1,2,30,from_next_open,all,13641,675,-0.527152,-1.65476,0.489334,-0.729999,65.6628,NVDA,robust
1,2,30,from_next_open,up,6685,642,2.95424,1.62064,0.508751,1.23664,66.3088,NVDA,robust
1,2,30,from_next_open,down,6956,658,-3.87291,-4.22406,0.470673,-1.7427,65.0421,NVDA,robust
5,2,5,from_close,all,3004,564,-0.914145,-1.38243,0.483356,-1.2496,29.343,NVDA,robust
5,2,5,from_close,up,1471,470,0.208982,-0.129194,0.496941,0.191613,28.1031,NVDA,robust
5,2,5,from_close,down,1533,459,-1.99185,-2.59965,0.47032,-1.90449,30.5329,NVDA,robust
5,2,5,from_next_open,all,3004,564,-0.899179,-1.4712,0.48036,-1.22057,29.3551,NVDA,robust
5,2,5,from_next_open,up,1471,470,0.223116,-0.318289,0.491502,0.204091,28.1184,NVDA,robust
5,2,5,from_next_open,down,1533,459,-1.97608,-2.67538,0.469667,-1.87729,30.5418,NVDA,robust
5,2,15,from_close,all,2907,560,-1.28231,-0.559952,0.492604,-1.10955,48.5973,NVDA,robust
5,2,15,from_close,up,1416,462,-0.907294,0.932244,0.504237,-0.440426,47.7761,NVDA,robust
5,2,15,from_close,down,1491,455,-1.63847,-1.69312,0.481556,-0.880301,49.3772,NVDA,robust
5,2,15,from_next_open,all,2907,560,-1.26802,-0.525307,0.493636,-1.09302,48.6377,NVDA,robust
5,2,15,from_next_open,up,1416,462,-0.894381,0.77343,0.506356,-0.43369,47.8029,NVDA,robust
5,2,15,from_next_open,down,1491,455,-1.62286,-1.66855,0.481556,-0.871857,49.4305,NVDA,robust
5,2,30,from_close,all,2826,558,0.632106,-1.21766,0.493631,0.403272,68.3242,NVDA,robust
5,2,30,from_close,up,1379,460,2.46131,1.16572,0.507614,0.71617,68.8162,NVDA,robust
5,2,30,from_close,down,1447,449,-1.11113,-3.64448,0.480304,-0.356487,67.8553,NVDA,robust
5,2,30,from_next_open,all,2826,558,0.650049,-0.98053,0.492215,0.413567,68.3424,NVDA,robust
5,2,30,from_next_open,up,1379,460,2.4706,0.951294,0.508339,0.718049,68.8335,NVDA,robust
5,2,30,from_next_open,down,1447,449,-1.08495,-3.64448,0.476849,-0.348541,67.8743,NVDA,robust
1,3,1,from_close,all,3575,513,-0.328061,-0.733407,0.48028,-0.884894,16.9174,NVDA,robust
1,3,1,from_close,up,1708,403,0.166416,-0.317916,0.48829,0.297772,16.8914,NVDA,robust
1,3,1,from_close,down,1867,428,-0.780426,-0.990546,0.472951,-1.45805,16.9411,NVDA,robust
1,3,1,from_next_open,all,3575,513,-0.187291,-0.579851,0.486434,-0.503027,16.9124,NVDA,robust
1,3,1,from_next_open,up,1708,403,0.296076,-0.149555,0.494731,0.523896,16.8844,NVDA,robust
1,3,1,from_next_open,down,1867,428,-0.629492,-0.823723,0.478843,-1.18041,16.938,NVDA,robust
1,3,5,from_close,all,3544,510,-0.35211,-0.514468,0.494074,-0.512817,35.6236,NVDA,robust
1,3,5,from_close,up,1690,400,1.22353,1.03772,0.507692,0.861513,35.8269,NVDA,robust
1,3,5,from_close,down,1854,426,-1.78837,-1.31864,0.481661,-1.36814,35.4382,NVDA,robust
1,3,5,from_next_open,all,3544,510,-0.206677,-0.306671,0.495485,-0.299122,35.6399,NVDA,robust
1,3,5,from_next_open,up,1690,400,1.36266,1.13568,0.508284,0.948354,35.8963,NVDA,robust
1,3,5,from_next_open,down,1854,426,-1.63719,-1.52414,0.483819,-1.25458,35.4061,NVDA,robust
1,3,15,from_close,all,3447,506,-2.04726,-2.34064,0.48709,-1.69546,57.8782,NVDA,robust
1,3,15,from_close,up,1641,393,-0.11299,-0.306282,0.498477,-0.0361085,58.8144,NVDA,robust
1,3,15,from_close,down,1806,420,-3.80482,-4.11114,0.476744,-1.25011,57.0274,NVDA,robust
1,3,15,from_next_open,all,3447,506,-1.89342,-1.66407,0.48767,-1.57012,57.8699,NVDA,robust
1,3,15,from_next_open,up,1641,393,0.0346581,0.184052,0.501523,0.0110307,58.8143,NVDA,robust
1,3,15,from_next_open,down,1806,420,-3.64534,-3.77822,0.475083,-1.19857,57.0117,NVDA,robust
1,3,30,from_close,all,3314,500,-0.446731,-1.43903,0.490947,-0.275475,79.4646,NVDA,robust
1,3,30,from_close,up,1577,387,2.58519,0.850747,0.502219,0.43809,81.7954,NVDA,robust
1,3,30,from_close,down,1737,414,-3.19937,-3.21287,0.480714,-0.577847,77.3484,NVDA,robust
1,3,30,from_next_open,all,3314,500,-0.295796,-1.17112,0.490947,-0.182287,79.4549,NVDA,robust
1,3,30,from_next_open,up,1577,387,2.72927,1.11346,0.504122,0.46126,81.8348,NVDA,robust
1,3,30,from_next_open,down,1737,414,-3.04222,-3.36439,0.478987,-0.550008,77.2942,NVDA,robust
5,3,5,from_close,all,686,255,-4.57446,-4.76336,0.440233,-2.38518,36.4844,NVDA,robust
5,3,5,from_close,up,330,166,-3.92502,-4.83824,0.436364,-1.25192,34.2687,NVDA,robust
5,3,5,from_close,down,356,175,-5.17648,-4.5938,0.44382,-2.16195,38.5383,NVDA,robust
5,3,5,from_next_open,all,686,255,-4.60621,-4.90406,0.441691,-2.39141,36.5727,NVDA,robust
5,3,5,from_next_open,up,330,166,-3.85329,-5.26682,0.439394,-1.23132,34.2276,NVDA,robust
5,3,5,from_next_open,down,356,175,-5.30414,-4.65558,0.44382,-2.17919,38.7466,NVDA,robust
5,3,15,from_close,all,668,253,-3.66054,-3.84869,0.474551,-1.485,59.7464,NVDA,robust
5,3,15,from_close,up,322,166,-5.60714,-2.42665,0.487578,-1.09133,62.1036,NVDA,robust
5,3,15,from_close,down,346,173,-1.84896,-4.82351,0.462428,-0.420525,57.5527,NVDA,robust
5,3,15,from_next_open,all,668,253,-3.66882,-3.42951,0.479042,-1.48438,59.8152,NVDA,robust
5,3,15,from_next_open,up,322,166,-5.53358,-1.95207,0.493789,-1.07558,62.1011,NVDA,robust
5,3,15,from_next_open,down,346,173,-1.93341,-5.085,0.465318,-0.438225,57.6879,NVDA,robust
5,3,30,from_close,all,658,252,0.417553,-3.82852,0.481763,0.115136,87.3063,NVDA,robust
5,3,30,from_close,up,319,165,2.23151,0.475624,0.504702,0.255199,94.0223,NVDA,robust
5,3,30,from_close,down,339,171,-1.28938,-6.52456,0.460177,-0.178655,80.9866,NVDA,robust
5,3,30,from_next_open,all,658,252,0.41144,-4.16306,0.475684,0.113176,87.4091,NVDA,robust
5,3,30,from_next_open,up,319,165,2.30176,0,0.498433,0.262825,94.1286,NVDA,robust
5,3,30,from_next_open,down,339,171,-1.36736,-6.13127,0.454277,-0.189409,81.086,NVDA,robust
1,2,1,from_close,all,11312,462,-0.398956,-0.0195817,0.486033,-1.40633,17.71,TQQQ,primary
1,2,1,from_close,up,5379,429,0.0856456,0,0.493958,0.22993,17.8445,TQQQ,primary
1,2,1,from_close,down,5933,437,-0.838308,-0.618626,0.478847,-1.87109,17.5881,TQQQ,primary
1,2,1,from_next_open,all,11312,462,-0.359446,0,0.486298,-1.27527,17.643,TQQQ,primary
1,2,1,from_next_open,up,5379,429,0.202621,0,0.496747,0.553726,17.77,TQQQ,primary
1,2,1,from_next_open,down,5933,437,-0.869029,-0.606208,0.476825,-1.95098,17.5279,TQQQ,primary
1,2,5,from_close,all,11232,462,-0.585546,-0.701287,0.490207,-1.14575,39.555,TQQQ,primary
1,2,5,from_close,up,5342,428,0.72595,0,0.499251,0.65966,39.4672,TQQQ,primary
1,2,5,from_close,down,5890,437,-1.77502,-1.66824,0.482003,-1.41437,39.6345,TQQQ,primary
1,2,5,from_next_open,all,11232,462,-0.546972,-0.679091,0.48896,-1.07537,39.5221,TQQQ,primary
1,2,5,from_next_open,up,5342,428,0.842257,0.00668271,0.5,0.76764,39.433,TQQQ,primary
1,2,5,from_next_open,down,5890,437,-1.80695,-1.69622,0.478947,-1.44913,39.6028,TQQQ,primary
1,2,15,from_close,all,10935,459,-1.43819,-1.81818,0.484591,-1.4634,66.4559,TQQQ,primary
1,2,15,from_close,up,5190,423,0.398009,0.684038,0.502312,0.149578,66.5662,TQQQ,primary
1,2,15,from_close,down,5745,431,-3.09701,-4.01204,0.468581,-1.09479,66.3562,TQQQ,primary
1,2,15,from_next_open,all,10935,459,-1.401,-1.68105,0.485231,-1.41698,66.4292,TQQQ,primary
1,2,15,from_next_open,up,5190,423,0.513227,0.692402,0.503083,0.193066,66.5355,TQQQ,primary
1,2,15,from_next_open,down,5745,431,-3.13031,-3.79715,0.469104,-1.10719,66.333,TQQQ,primary
1,2,30,from_close,all,10500,457,-1.46058,-2.90615,0.484476,-0.924525,91.3114,TQQQ,primary
1,2,30,from_close,up,4979,421,-0.0871561,0.449282,0.500502,-0.0175504,90.9317,TQQQ,primary
1,2,30,from_close,down,5521,431,-2.69917,-6.30445,0.470024,-0.51815,91.6538,TQQQ,primary
1,2,30,from_next_open,all,10500,457,-1.42415,-2.91093,0.484476,-0.897668,91.3069,TQQQ,primary
1,2,30,from_next_open,up,4979,421,0.0252426,0.0511839,0.500301,0.00508393,90.9235,TQQQ,primary
1,2,30,from_next_open,down,5521,431,-2.73125,-5.97372,0.470205,-0.524632,91.6526,TQQQ,primary
5,2,5,from_close,all,2329,368,-0.268988,-1.77999,0.480464,-0.252093,38.8602,TQQQ,primary
5,2,5,from_close,up,1077,292,-0.126634,-0.165369,0.490251,-0.0744425,37.0746,TQQQ,primary
5,2,5,from_close,down,1252,319,-0.391445,-2.94815,0.472045,-0.232661,40.3963,TQQQ,primary
5,2,5,from_next_open,all,2329,368,-0.179181,-1.38927,0.482181,-0.168355,38.826,TQQQ,primary
5,2,5,from_next_open,up,1077,292,0.096713,0,0.495822,0.057066,37.0019,TQQQ,primary
5,2,5,from_next_open,down,1252,319,-0.416512,-2.66018,0.470447,-0.248155,40.3952,TQQQ,primary
5,2,15,from_close,all,2259,365,-1.13663,-2.67716,0.480744,-0.550843,68.4671,TQQQ,primary
5,2,15,from_close,up,1044,288,0.633261,-1.69613,0.48659,0.16438,65.5408,TQQQ,primary
5,2,15,from_close,down,1215,315,-2.65743,-3.43525,0.47572,-0.69251,70.9816,TQQQ,primary
5,2,15,from_next_open,all,2259,365,-1.04688,-2.56768,0.481186,-0.507772,68.441,TQQQ,primary
5,2,15,from_next_open,up,1044,288,0.854658,-2.02045,0.487548,0.222332,65.398,TQQQ,primary
5,2,15,from_next_open,down,1215,315,-2.6808,-3.04754,0.47572,-0.700055,71.0557,TQQQ,primary
5,2,30,from_close,all,2205,365,-0.698473,-1.96294,0.487982,-0.208217,92.7619,TQQQ,primary
5,2,30,from_close,up,1027,287,2.08653,2.67594,0.512171,0.334057,88.0841,TQQQ,primary
5,2,30,from_close,down,1178,313,-3.12649,-5.75405,0.466893,-0.426064,96.8401,TQQQ,primary
5,2,30,from_next_open,all,2205,365,-0.600186,-2.01776,0.488889,-0.178987,92.764,TQQQ,primary
5,2,30,from_next_open,up,1027,287,2.31137,2.92912,0.514119,0.370834,88.0132,TQQQ,primary
5,2,30,from_next_open,down,1178,313,-3.13853,-6.29494,0.466893,-0.427834,96.9059,TQQQ,primary
1,3,1,from_close,all,3611,342,-1.02623,-1.24,0.472999,-1.9152,22.9444,TQQQ,primary
1,3,1,from_close,up,1642,262,0.210583,-0.0184501,0.492083,0.242785,24.3454,TQQQ,primary
1,3,1,from_close,down,1969,306,-2.05764,-2.31,0.457085,-2.61969,21.7761,TQQQ,primary
1,3,1,from_next_open,all,3611,342,-1.01134,-0.995421,0.474107,-1.89947,22.9064,TQQQ,primary
1,3,1,from_next_open,up,1642,262,0.350689,0,0.499391,0.409362,24.2625,TQQQ,primary
1,3,1,from_next_open,down,1969,306,-2.14718,-2.22222,0.453022,-2.73717,21.7756,TQQQ,primary
1,3,5,from_close,all,3589,342,-0.0526401,-2.24215,0.477849,-0.0519444,51.087,TQQQ,primary
1,3,5,from_close,up,1631,261,3.99802,0.486289,0.501533,1.28665,53.5355,TQQQ,primary
1,3,5,from_close,down,1958,305,-3.42681,-4.99624,0.458121,-1.5556,49.0475,TQQQ,primary
1,3,5,from_next_open,all,3589,342,-0.038399,-2.14041,0.475899,-0.038054,51.0525,TQQQ,primary
1,3,5,from_next_open,up,1631,261,4.13653,0.108421,0.50092,1.33875,53.4649,TQQQ,primary
1,3,5,from_next_open,down,1958,305,-3.51609,-5.11676,0.455056,-1.59445,49.0431,TQQQ,primary
1,3,15,from_close,all,3494,338,-2.85831,-2.84179,0.48111,-1.08121,84.8311,TQQQ,primary
1,3,15,from_close,up,1583,256,1.16268,1.3245,0.50537,0.198734,87.7844,TQQQ,primary
1,3,15,from_close,down,1911,303,-6.18915,-6.19224,0.461015,-1.16704,82.3847,TQQQ,primary
1,3,15,from_next_open,all,3494,338,-2.83754,-2.71942,0.480252,-1.06692,84.8071,TQQQ,primary
1,3,15,from_next_open,up,1583,256,1.30605,1.15473,0.50537,0.223611,87.748,TQQQ,primary
1,3,15,from_next_open,down,1911,303,-6.26993,-6.20604,0.459445,-1.17887,82.371,TQQQ,primary
1,3,30,from_close,all,3345,336,-1.08805,-3.84071,0.484006,-0.30907,113.445,TQQQ,primary
1,3,30,from_close,up,1520,255,0.982359,0,0.498026,0.099494,118.085,TQQQ,primary
1,3,30,from_close,down,1825,300,-2.81244,-6.48351,0.472329,-0.324048,109.581,TQQQ,primary
1,3,30,from_next_open,all,3345,336,-1.07009,-3.79828,0.484305,-0.302267,113.443,TQQQ,primary
1,3,30,from_next_open,up,1520,255,1.12048,-0.302718,0.497368,0.113472,118.115,TQQQ,primary
1,3,30,from_next_open,down,1825,300,-2.89457,-6.04599,0.473425,-0.333177,109.553,TQQQ,primary
5,3,5,from_close,all,748,197,-0.997989,-5.06593,0.459893,-0.428839,48.552,TQQQ,primary
5,3,5,from_close,up,335,135,-0.148573,-2.55984,0.477612,-0.0393838,47.4412,TQQQ,primary
5,3,5,from_close,down,413,160,-1.68698,-7.42614,0.445521,-0.565571,49.453,TQQQ,primary
5,3,5,from_next_open,all,748,197,-0.866777,-4.43387,0.459893,-0.371857,48.512,TQQQ,primary
5,3,5,from_next_open,up,335,135,0.0524741,-2.2119,0.474627,0.0139164,47.2735,TQQQ,primary
5,3,5,from_next_open,down,413,160,-1.61242,-7.85443,0.447942,-0.541102,49.5167,TQQQ,primary
5,3,15,from_close,all,725,194,-2.80412,-6.744,0.463448,-0.650765,88.0888,TQQQ,primary
5,3,15,from_close,up,326,135,3.96965,-6.70411,0.457055,0.467679,85.6463,TQQQ,primary
5,3,15,from_close,down,399,157,-8.33858,-9.1229,0.468672,-1.00904,90.0845,TQQQ,primary
5,3,15,from_next_open,all,725,194,-2.69013,-6.744,0.464828,-0.623607,88.0485,TQQQ,primary
5,3,15,from_next_open,up,326,135,4.13806,-6.55465,0.457055,0.487442,85.4986,TQQQ,primary
5,3,15,from_next_open,down,399,157,-8.26906,-8.47458,0.471178,-1.00251,90.1318,TQQQ,primary
5,3,30,from_close,all,700,191,1.82504,-2.85636,0.488571,0.417653,115.993,TQQQ,primary
5,3,30,from_close,up,316,133,10.3931,3.24184,0.518987,0.722468,117.627,TQQQ,primary
5,3,30,from_close,down,384,152,-5.22576,-9.53893,0.463542,-0.429136,114.648,TQQQ,primary
5,3,30,from_next_open,all,700,191,1.97036,-3.31808,0.491429,0.451354,115.996,TQQQ,primary
5,3,30,from_next_open,up,316,133,10.5771,4.15071,0.518987,0.735511,117.627,TQQQ,primary
5,3,30,from_next_open,down,384,152,-5.11223,-9.99371,0.46875,-0.420578,114.654,TQQQ,primary
1,2,1,from_close,all,5657,229,-0.542196,-0.577734,0.481174,-1.29986,19.3005,TQQQ,IS
1,2,1,from_close,up,2641,210,0.0393158,0,0.492616,0.0718079,19.8257,TQQQ,IS
1,2,1,from_close,down,3016,217,-1.0514,-1.11043,0.471154,-1.41544,18.8406,TQQQ,IS
1,2,1,from_next_open,all,5657,229,-0.627462,-0.541333,0.478876,-1.51185,19.2209,TQQQ,IS
1,2,1,from_next_open,up,2641,210,0.0636205,0,0.492616,0.118605,19.7197,TQQQ,IS
1,2,1,from_next_open,down,3016,217,-1.23262,-1.12604,0.466844,-1.66847,18.7841,TQQQ,IS
1,2,5,from_close,all,5620,229,-0.554479,-1.03862,0.487722,-0.731978,43.9295,TQQQ,IS
1,2,5,from_close,up,2626,210,1.08275,-0.0492129,0.495811,0.578379,44.702,TQQQ,IS
1,2,5,from_close,down,2994,217,-1.99048,-2.03938,0.480628,-0.911105,43.252,TQQQ,IS
1,2,5,from_next_open,all,5620,229,-0.642537,-1.14656,0.485765,-0.853962,43.8977,TQQQ,IS
1,2,5,from_next_open,up,2626,210,1.10381,0,0.496573,0.590166,44.6692,TQQQ,IS
1,2,5,from_next_open,down,2994,217,-2.17423,-2.24378,0.476286,-1.00276,43.2211,TQQQ,IS
1,2,15,from_close,all,5482,227,-2.25314,-2.49042,0.481211,-1.48494,74.7408,TQQQ,IS
1,2,15,from_close,up,2550,207,0.55822,-1.0284,0.493333,0.111958,76.4598,TQQQ,IS
1,2,15,from_close,down,2932,215,-4.69822,-4.4698,0.470668,-1.00058,73.2459,TQQQ,IS
1,2,15,from_next_open,all,5482,227,-2.33579,-2.39049,0.481394,-1.5295,74.7139,TQQQ,IS
1,2,15,from_next_open,up,2550,207,0.581759,-0.612645,0.493333,0.116728,76.4272,TQQQ,IS
1,2,15,from_next_open,down,2932,215,-4.87323,-3.99222,0.47101,-1.03886,73.2239,TQQQ,IS
1,2,30,from_close,all,5258,227,-1.87055,-2.32246,0.487448,-0.718073,101.472,TQQQ,IS
1,2,30,from_close,up,2448,207,3.42247,2.58173,0.509804,0.376468,103.285,TQQQ,IS
1,2,30,from_close,down,2810,215,-6.48169,-5.97805,0.467972,-0.743773,99.8917,TQQQ,IS
1,2,30,from_next_open,all,5258,227,-1.95271,-2.3619,0.486687,-0.747141,101.468,TQQQ,IS
1,2,30,from_next_open,up,2448,207,3.4396,2.15713,0.508578,0.37826,103.261,TQQQ,IS
1,2,30,from_next_open,down,2810,215,-6.65035,-5.94544,0.467616,-0.763853,99.9066,TQQQ,IS
5,2,5,from_close,all,1173,178,-2.50139,-2.8961,0.464621,-1.54642,42.6331,TQQQ,IS
5,2,5,from_close,up,529,140,-2.72783,-1.77999,0.483932,-0.896611,41.8178,TQQQ,IS
5,2,5,from_close,down,644,158,-2.31539,-4.65929,0.448758,-0.897362,43.3028,TQQQ,IS
5,2,5,from_next_open,all,1173,178,-2.36563,-2.49517,0.467178,-1.46331,42.5883,TQQQ,IS
5,2,5,from_next_open,up,529,140,-2.37227,-1.12257,0.487713,-0.779807,41.7879,TQQQ,IS
5,2,5,from_next_open,down,644,158,-2.36017,-4.5061,0.450311,-0.915362,43.2459,TQQQ,IS
5,2,15,from_close,all,1135,177,-4.2762,-5.45918,0.468722,-1.3609,78.1762,TQQQ,IS
5,2,15,from_close,up,510,137,-0.0266933,-4.04102,0.484314,-0.00373019,77.371,TQQQ,IS
5,2,15,from_close,down,625,157,-7.74379,-7.79696,0.456,-1.36448,78.8332,TQQQ,IS
5,2,15,from_next_open,all,1135,177,-4.13622,-5.93331,0.468722,-1.31581,78.0855,TQQQ,IS
5,2,15,from_next_open,up,510,137,0.316706,-2.58954,0.488235,0.0443207,77.2292,TQQQ,IS
5,2,15,from_next_open,down,625,157,-7.7698,-7.53581,0.4528,-1.37051,78.7842,TQQQ,IS
5,2,30,from_close,all,1107,177,-5.09609,-6.02177,0.472448,-0.899215,105.562,TQQQ,IS
5,2,30,from_close,up,503,137,2.90126,0.735257,0.500994,0.247724,104.875,TQQQ,IS
5,2,30,from_close,down,604,155,-11.7561,-11.8299,0.448675,-0.965843,106.134,TQQQ,IS
5,2,30,from_next_open,all,1107,177,-4.94319,-6.06612,0.471545,-0.872031,105.534,TQQQ,IS
5,2,30,from_next_open,up,503,137,3.25107,1.01533,0.500994,0.27811,104.746,TQQQ,IS
5,2,30,from_next_open,down,604,155,-11.7672,-12.1081,0.44702,-0.96624,106.19,TQQQ,IS
1,3,1,from_close,all,1822,171,-0.914247,-1.21353,0.475851,-1.18181,26.5045,TQQQ,IS
1,3,1,from_close,up,807,123,0.923012,0.577934,0.504337,0.699912,29.3045,TQQQ,IS
1,3,1,from_close,down,1015,155,-2.375,-2.49813,0.453202,-1.94079,24.2783,TQQQ,IS
1,3,1,from_next_open,all,1822,171,-1.08887,-1.10207,0.475302,-1.40253,26.4506,TQQQ,IS
1,3,1,from_next_open,up,807,123,0.904338,0.675447,0.508055,0.695709,29.1128,TQQQ,IS
1,3,1,from_next_open,down,1015,155,-2.67362,-2.43914,0.449261,-2.1855,24.334,TQQQ,IS
1,3,5,from_close,all,1812,171,-0.106871,-2.24207,0.477373,-0.0723363,60.5662,TQQQ,IS
1,3,5,from_close,up,803,123,6.4331,0.30453,0.500623,1.14998,67.0302,TQQQ,IS
1,3,5,from_close,down,1009,155,-5.31162,-4.66255,0.45887,-1.42073,55.4219,TQQQ,IS
1,3,5,from_next_open,all,1812,171,-0.284366,-2.3778,0.476821,-0.192862,60.5535,TQQQ,IS
1,3,5,from_next_open,up,803,123,6.40903,0.537904,0.501868,1.15058,66.9499,TQQQ,IS
1,3,5,from_next_open,down,1009,155,-5.61122,-4.66255,0.456888,-1.50295,55.463,TQQQ,IS
1,3,15,from_close,all,1761,168,-5.0796,-4.19287,0.476434,-1.10862,101.578,TQQQ,IS
1,3,15,from_close,up,776,119,3.16606,-2.34903,0.485825,0.286404,110.266,TQQQ,IS
1,3,15,from_close,down,985,154,-11.5757,-5.9453,0.469036,-1.33704,94.7337,TQQQ,IS
1,3,15,from_next_open,all,1761,168,-5.23685,-3.79715,0.474162,-1.13705,101.547,TQQQ,IS
1,3,15,from_next_open,up,776,119,3.15714,-1.6377,0.484536,0.285806,110.205,TQQQ,IS
1,3,15,from_next_open,down,985,154,-11.8498,-5.55016,0.46599,-1.36581,94.7251,TQQQ,IS
1,3,30,from_close,all,1686,167,-3.46898,-3.63352,0.485172,-0.588041,131.59,TQQQ,IS
1,3,30,from_close,up,747,118,5.03808,-1.45664,0.48996,0.272889,143.049,TQQQ,IS
1,3,30,from_close,down,939,153,-10.2366,-4.21985,0.481363,-0.748676,122.474,TQQQ,IS
1,3,30,from_next_open,all,1686,167,-3.62627,-3.72684,0.483393,-0.611755,131.595,TQQQ,IS
1,3,30,from_next_open,up,747,118,5.01769,-1.99661,0.488621,0.271616,143.07,TQQQ,IS
1,3,30,from_next_open,down,939,153,-10.5028,-4.26491,0.479233,-0.7678,122.466,TQQQ,IS
5,3,5,from_close,all,407,98,-3.8201,-4.42527,0.46683,-1.09592,55.0725,TQQQ,IS
5,3,5,from_close,up,175,64,-2.92003,-1.29786,0.491429,-0.485187,55.0454,TQQQ,IS
5,3,5,from_close,down,232,82,-4.49904,-7.9954,0.448276,-1.04641,55.0929,TQQQ,IS
5,3,5,from_next_open,all,407,98,-3.65753,-4.07379,0.46683,-1.04469,54.9842,TQQQ,IS
5,3,5,from_next_open,up,175,64,-2.57665,-1.12257,0.485714,-0.426512,54.96,TQQQ,IS
5,3,5,from_next_open,down,232,82,-4.47284,-9.2806,0.452586,-1.0424,55.0024,TQQQ,IS
5,3,15,from_close,all,393,96,-6.784,-10.3223,0.455471,-1.01688,102.275,TQQQ,IS
5,3,15,from_close,up,170,64,9.4649,-6.86895,0.464706,0.657947,102.311,TQQQ,IS
5,3,15,from_close,down,223,80,-19.171,-15.7138,0.44843,-1.51109,102.248,TQQQ,IS
5,3,15,from_next_open,all,393,96,-6.64012,-10.3223,0.455471,-0.99094,102.204,TQQQ,IS
5,3,15,from_next_open,up,170,64,9.7403,-6.65318,0.470588,0.67582,102.215,TQQQ,IS
5,3,15,from_next_open,down,223,80,-19.1274,-16.4339,0.443946,-1.50962,102.196,TQQQ,IS
5,3,30,from_close,all,378,93,-3.77593,-10.7406,0.462963,-0.562762,134.48,TQQQ,IS
5,3,30,from_close,up,164,62,15.1536,0.269789,0.5,0.578932,146.542,TQQQ,IS
5,3,30,from_close,down,214,78,-18.2827,-14.5427,0.434579,-0.946079,125.236,TQQQ,IS
5,3,30,from_next_open,all,378,93,-3.59634,-10.7419,0.460317,-0.535367,134.469,TQQQ,IS
5,3,30,from_next_open,up,164,62,15.4546,-0.233074,0.493902,0.590392,146.462,TQQQ,IS
5,3,30,from_next_open,down,214,78,-18.1961,-15.1729,0.434579,-0.94275,125.279,TQQQ,IS
1,2,1,from_close,all,5655,233,-0.255666,0,0.490893,-0.668579,16.1189,TQQQ,OOS
1,2,1,from_close,up,2738,219,0.130334,0,0.495252,0.257161,15.9334,TQQQ,OOS
1,2,1,from_close,down,2917,220,-0.617979,0,0.486802,-1.27311,16.2931,TQQQ,OOS
1,2,1,from_next_open,all,5655,233,-0.0913354,0,0.493722,-0.24291,16.0646,TQQQ,OOS
1,2,1,from_next_open,up,2738,219,0.336696,0.0181293,0.50073,0.673984,15.8893,TQQQ,OOS
1,2,1,from_next_open,down,2917,220,-0.493101,0,0.487144,-1.03474,16.229,TQQQ,OOS
1,2,5,from_close,all,5612,233,-0.616657,-0.606798,0.492694,-0.898739,35.1742,TQQQ,OOS
1,2,5,from_close,up,2716,218,0.380971,0.668234,0.502577,0.324312,34.406,TQQQ,OOS
1,2,5,from_close,down,2896,220,-1.55228,-1.36411,0.483425,-1.31035,35.8946,TQQQ,OOS
1,2,5,from_next_open,all,5612,233,-0.451271,-0.181886,0.49216,-0.659555,35.1402,TQQQ,OOS
1,2,5,from_next_open,up,2716,218,0.589374,0.543133,0.503314,0.504196,34.3703,TQQQ,OOS
1,2,5,from_next_open,down,2896,220,-1.42723,-1.331,0.481699,-1.21179,35.8621,TQQQ,OOS
1,2,15,from_close,all,5453,232,-0.618916,-1.12155,0.487988,-0.50912,58.1268,TQQQ,OOS
1,2,15,from_close,up,2640,216,0.24326,1.86037,0.510985,0.119528,57.0099,TQQQ,OOS
1,2,15,from_close,down,2813,216,-1.42807,-3.83001,0.466406,-0.476108,59.1751,TQQQ,OOS
1,2,15,from_next_open,all,5453,232,-0.461244,-1.15587,0.489089,-0.379156,58.1003,TQQQ,OOS
1,2,15,from_next_open,up,2640,216,0.447032,1.96989,0.5125,0.220115,56.9811,TQQQ,OOS
1,2,15,from_next_open,down,2813,216,-1.31366,-3.51124,0.467117,-0.438892,59.1507,TQQQ,OOS
1,2,30,from_close,all,5242,230,-1.04936,-3.71877,0.481496,-0.594903,81.1201,TQQQ,OOS
1,2,30,from_close,up,2531,214,-3.48169,-1.52684,0.491505,-0.848202,78.9832,TQQQ,OOS
1,2,30,from_close,down,2711,216,1.22149,-6.48351,0.47215,0.227226,83.1152,TQQQ,OOS
1,2,30,from_next_open,all,5242,230,-0.893972,-3.4779,0.482259,-0.505505,81.1144,TQQQ,OOS
1,2,30,from_next_open,up,2531,214,-3.27715,-1.44182,0.492296,-0.799024,78.9907,TQQQ,OOS
1,2,30,from_next_open,down,2711,216,1.33097,-5.9952,0.472888,0.247914,83.0972,TQQQ,OOS
5,2,5,from_close,all,1156,190,1.99624,0,0.49654,1.49691,35.0319,TQQQ,OOS
5,2,5,from_close,up,548,152,2.38437,0,0.49635,1.51675,32.4958,TQQQ,OOS
5,2,5,from_close,down,608,161,1.64642,0,0.496711,0.781824,37.3177,TQQQ,OOS
5,2,5,from_next_open,all,1156,190,2.03942,0,0.497405,1.53458,35.0084,TQQQ,OOS
5,2,5,from_next_open,up,548,152,2.48009,0.669291,0.50365,1.59859,32.3819,TQQQ,OOS
5,2,5,from_next_open,down,608,161,1.64223,-0.568539,0.491776,0.784134,37.3757,TQQQ,OOS
5,2,15,from_close,all,1124,188,2.03366,-0.240335,0.492883,0.787663,58.663,TQQQ,OOS
5,2,15,from_close,up,534,151,1.26355,-0.902695,0.488764,0.396085,54.2423,TQQQ,OOS
5,2,15,from_close,down,590,158,2.73066,0,0.49661,0.550083,62.6641,TQQQ,OOS
5,2,15,from_next_open,all,1124,188,2.07269,-0.604177,0.493772,0.804102,58.7021,TQQQ,OOS
5,2,15,from_next_open,up,534,151,1.36843,-1.07635,0.486891,0.431914,54.0985,TQQQ,OOS
5,2,15,from_next_open,down,590,158,2.7101,0.0235848,0.5,0.54797,62.8687,TQQQ,OOS
5,2,30,from_close,all,1098,188,3.73519,1.61339,0.503643,1.12018,79.8567,TQQQ,OOS
5,2,30,from_close,up,524,150,1.30446,6.59598,0.522901,0.27077,71.9657,TQQQ,OOS
5,2,30,from_close,down,574,158,5.95418,-1.54196,0.486063,0.788898,87.0604,TQQQ,OOS
5,2,30,from_next_open,all,1098,188,3.77842,1.71403,0.506375,1.13413,79.8898,TQQQ,OOS
5,2,30,from_next_open,up,524,150,1.40932,6.37027,0.526718,0.293846,71.9513,TQQQ,OOS
5,2,30,from_next_open,down,574,158,5.94115,-1.99168,0.487805,0.789337,87.1369,TQQQ,OOS
1,3,1,from_close,all,1789,171,-1.14028,-1.35153,0.470095,-1.54596,19.3187,TQQQ,OOS
1,3,1,from_close,up,835,139,-0.477955,-0.472411,0.48024,-0.444739,19.5526,TQQQ,OOS
1,3,1,from_close,down,954,151,-1.71999,-1.97369,0.461216,-1.79756,19.114,TQQQ,OOS
1,3,1,from_next_open,all,1789,171,-0.932389,-0.953091,0.47289,-1.27812,19.2968,TQQQ,OOS
1,3,1,from_next_open,up,835,139,-0.184395,0,0.491018,-0.170782,19.5748,TQQQ,OOS
1,3,1,from_next_open,down,954,151,-1.58708,-2.01109,0.457023,-1.68189,19.0535,TQQQ,OOS
1,3,5,from_close,all,1777,171,0.00265853,-2.34318,0.478334,0.00191839,41.4212,TQQQ,OOS
1,3,5,from_close,up,828,138,1.63647,0.569942,0.502415,0.63122,40.4482,TQQQ,OOS
1,3,5,from_close,down,949,150,-1.42284,-5.67215,0.457323,-0.685764,42.2701,TQQQ,OOS
1,3,5,from_next_open,all,1777,171,0.212412,-1.97961,0.474958,0.154359,41.3644,TQQQ,OOS
1,3,5,from_next_open,up,828,138,1.93265,0.00984931,0.5,0.748393,40.387,TQQQ,OOS
1,3,5,from_next_open,down,949,150,-1.28849,-5.15939,0.453109,-0.621469,42.2172,TQQQ,OOS
1,3,15,from_close,all,1733,170,-0.601131,-1.38946,0.485863,-0.25805,67.8134,TQQQ,OOS
1,3,15,from_close,up,807,137,-0.763747,2.6166,0.524164,-0.182196,66.1662,TQQQ,OOS
1,3,15,from_close,down,926,149,-0.459412,-6.32008,0.452484,-0.0858846,69.2488,TQQQ,OOS
1,3,15,from_next_open,all,1733,170,-0.399463,-2.00562,0.48644,-0.171708,67.7972,TQQQ,OOS
1,3,15,from_next_open,up,807,137,-0.473923,2.92085,0.525403,-0.113592,66.1533,TQQQ,OOS
1,3,15,from_next_open,down,926,149,-0.334572,-6.35725,0.452484,-0.0625159,69.2298,TQQQ,OOS
1,3,30,from_close,all,1659,169,1.33163,-4.05644,0.482821,0.374706,95.0052,TQQQ,OOS
1,3,30,from_close,up,773,137,-2.93694,2.0475,0.505821,-0.396344,93.9611,TQQQ,OOS
1,3,30,from_close,down,886,147,5.0558,-9.07461,0.462754,0.511815,95.916,TQQQ,OOS
1,3,30,from_next_open,all,1659,169,1.52769,-3.79828,0.485232,0.428859,94.9963,TQQQ,OOS
1,3,30,from_next_open,up,773,137,-2.64565,2.03985,0.505821,-0.357472,93.9982,TQQQ,OOS
1,3,30,from_next_open,down,886,147,5.16877,-8.20153,0.467269,0.5231,95.867,TQQQ,OOS
5,3,5,from_close,all,341,99,2.37034,-5.60499,0.451613,0.880922,40.7695,TQQQ,OOS
5,3,5,from_close,up,160,71,2.88271,-5.14984,0.4625,0.681029,39.1241,TQQQ,OOS
5,3,5,from_close,down,181,78,1.91742,-6.32778,0.441989,0.504062,42.224,TQQQ,OOS
5,3,5,from_next_open,all,341,99,2.46412,-6.24611,0.451613,0.917909,40.7872,TQQQ,OOS
5,3,5,from_next_open,up,160,71,2.92808,-4.22947,0.4625,0.697247,38.8664,TQQQ,OOS
5,3,5,from_next_open,down,181,78,2.05399,-7.55715,0.441989,0.540085,42.4852,TQQQ,OOS
5,3,15,from_close,all,332,98,1.907,-3.31465,0.472892,0.382235,71.2963,TQQQ,OOS
5,3,15,from_close,up,156,71,-2.01876,-6.42493,0.448718,-0.264415,67.4865,TQQQ,OOS
5,3,15,from_close,down,176,77,5.38664,0,0.494318,0.611276,74.6733,TQQQ,OOS
5,3,15,from_next_open,all,332,98,1.98561,-2.86385,0.475904,0.400559,71.2919,TQQQ,OOS
5,3,15,from_next_open,up,156,71,-1.96693,-5.59401,0.442308,-0.260158,67.2825,TQQQ,OOS
5,3,15,from_next_open,down,176,77,5.48899,1.17705,0.505682,0.625711,74.8457,TQQQ,OOS
5,3,30,from_close,all,322,98,8.40009,5.93438,0.518634,1.69462,94.2901,TQQQ,OOS
5,3,30,from_close,up,152,71,5.25677,12.3954,0.539474,0.5748,86.4281,TQQQ,OOS
5,3,30,from_close,down,170,74,11.2106,0.517188,0.5,0.938926,101.32,TQQQ,OOS
5,3,30,from_next_open,all,322,98,8.50519,7.09019,0.52795,1.72486,94.31,TQQQ,OOS
5,3,30,from_next_open,up,152,71,5.31447,13.3999,0.546053,0.585125,86.5152,TQQQ,OOS
5,3,30,from_next_open,down,170,74,11.3581,1.52353,0.511765,0.955833,101.279,TQQQ,OOS
1,2,1,from_close,all,15100,667,0.615054,0,0.484834,3.0434,18.555,TQQQ,robust
1,2,1,from_close,up,7082,627,0.393412,0,0.486727,1.32355,18.8585,TQQQ,robust
1,2,1,from_close,down,8018,650,0.810823,0,0.483163,2.86703,18.287,TQQQ,robust
1,2,1,from_next_open,all,15100,667,0.68378,0,0.48457,3.43209,18.5135,TQQQ,robust
1,2,1,from_next_open,up,7082,627,0.499189,0,0.487574,1.6864,18.8366,TQQQ,robust
1,2,1,from_next_open,down,8018,650,0.846822,0,0.481916,3.01934,18.2281,TQQQ,robust
1,2,5,from_close,all,14988,667,0.354217,0,0.493195,0.736247,40.5352,TQQQ,robust
1,2,5,from_close,up,7025,627,-0.218944,-0.0429738,0.492527,-0.222483,41.1876,TQQQ,robust
1,2,5,from_close,down,7963,650,0.859863,0,0.493784,1.11495,39.9597,TQQQ,robust
1,2,5,from_next_open,all,14988,667,0.423435,0,0.494396,0.876621,40.5078,TQQQ,robust
1,2,5,from_next_open,up,7025,627,-0.11266,0,0.493096,-0.114253,41.1705,TQQQ,robust
1,2,5,from_next_open,down,7963,650,0.89638,0,0.495542,1.16012,39.9232,TQQQ,robust
1,2,15,from_close,all,14598,666,0.252947,0,0.497739,0.349777,67.0504,TQQQ,robust
1,2,15,from_close,up,6841,625,-0.432394,0,0.496272,-0.210554,67.9888,TQQQ,robust
1,2,15,from_close,down,7757,649,0.857358,0,0.499033,0.4402,66.2228,TQQQ,robust
1,2,15,from_next_open,all,14598,666,0.32542,0,0.497602,0.448879,67.0254,TQQQ,robust
1,2,15,from_next_open,up,6841,625,-0.320475,0,0.497442,-0.156008,67.9696,TQQQ,robust
1,2,15,from_next_open,down,7757,649,0.895043,0,0.497744,0.45917,66.1927,TQQQ,robust
1,2,30,from_close,all,13964,665,-0.470439,-1.49207,0.492266,-0.431551,95.0676,TQQQ,robust
1,2,30,from_close,up,6519,624,-0.965062,-1.34247,0.493174,-0.249521,97.6944,TQQQ,robust
1,2,30,from_close,down,7445,647,-0.0373365,-1.62509,0.491471,-0.0109584,92.7675,TQQQ,robust
1,2,30,from_next_open,all,13964,665,-0.397349,-1.50964,0.491693,-0.363535,95.0634,TQQQ,robust
1,2,30,from_next_open,up,6519,624,-0.853845,-1.42158,0.492253,-0.220724,97.6882,TQQQ,robust
1,2,30,from_next_open,down,7445,647,0.00236906,-1.70969,0.491202,0.00069497,92.7651,TQQQ,robust
5,2,5,from_close,all,3073,565,-1.09251,-0.8679,0.485844,-1.03674,39.2893,TQQQ,robust
5,2,5,from_close,up,1369,454,-2.91383,0,0.493061,-1.66405,40.4689,TQQQ,robust
5,2,5,from_close,down,1704,498,0.370744,-1.41221,0.480047,0.27231,38.3416,TQQQ,robust
5,2,5,from_next_open,all,3073,565,-1.0727,-0.267953,0.488448,-1.01837,39.2701,TQQQ,robust
5,2,5,from_next_open,up,1369,454,-2.87039,0,0.498174,-1.63607,40.4576,TQQQ,robust
5,2,5,from_next_open,down,1704,498,0.371566,-1.18514,0.480634,0.271916,38.3161,TQQQ,robust
5,2,15,from_close,all,2964,560,-1.63608,0.663343,0.503036,-0.968642,64.9438,TQQQ,robust
5,2,15,from_close,up,1314,442,-5.52643,0,0.493912,-1.6306,67.3361,TQQQ,robust
5,2,15,from_close,down,1650,493,1.46205,1.85534,0.510303,0.574069,63.0387,TQQQ,robust
5,2,15,from_next_open,all,2964,560,-1.62088,0.431904,0.502362,-0.959843,64.886,TQQQ,robust
5,2,15,from_next_open,up,1314,442,-5.48308,0,0.498478,-1.61574,67.2686,TQQQ,robust
5,2,15,from_next_open,down,1650,493,1.45484,1.69392,0.505455,0.570157,62.9886,TQQQ,robust
5,2,30,from_close,all,2883,559,1.15592,0.402693,0.502255,0.461019,94.3346,TQQQ,robust
5,2,30,from_close,up,1274,439,-3.45092,-1.93375,0.493721,-0.612232,100.913,TQQQ,robust
5,2,30,from_close,down,1609,489,4.8036,2.19542,0.509012,1.19361,89.126,TQQQ,robust
5,2,30,from_next_open,all,2883,559,1.16464,0.244088,0.501561,0.464993,94.3343,TQQQ,robust
5,2,30,from_next_open,up,1274,439,-3.42189,-1.87677,0.491366,-0.606553,100.935,TQQQ,robust
5,2,30,from_next_open,down,1609,489,4.79624,2.47482,0.509633,1.19122,89.1077,TQQQ,robust
1,3,1,from_close,all,4008,523,0.685907,0,0.494261,1.5622,23.4232,TQQQ,robust
1,3,1,from_close,up,1826,400,1.16822,0.0846317,0.501643,1.66988,24.5443,TQQQ,robust
1,3,1,from_close,down,2182,468,0.282283,0,0.488084,0.454304,22.485,TQQQ,robust
1,3,1,from_next_open,all,4008,523,0.739695,0,0.491018,1.69711,23.4153,TQQQ,robust
1,3,1,from_next_open,up,1826,400,1.27687,0,0.496166,1.82347,24.5509,TQQQ,robust
1,3,1,from_next_open,down,2182,468,0.290165,0,0.486709,0.468906,22.465,TQQQ,robust
1,3,5,from_close,all,3979,522,0.705122,0,0.494094,0.677387,50.4309,TQQQ,robust
1,3,5,from_close,up,1809,399,2.32291,0.28412,0.500829,1.05183,52.0329,TQQQ,robust
1,3,5,from_close,down,2170,468,-0.643528,-0.654376,0.488479,-0.359766,49.0954,TQQQ,robust
1,3,5,from_next_open,all,3979,522,0.761719,0,0.493089,0.728069,50.4151,TQQQ,robust
1,3,5,from_next_open,up,1809,399,2.43572,0.0824063,0.500276,1.10083,52.0556,TQQQ,robust
1,3,5,from_next_open,down,2170,468,-0.633798,-1.27131,0.487097,-0.353855,49.0475,TQQQ,robust
1,3,15,from_close,all,3889,517,-0.823633,0,0.498586,-0.507919,81.6579,TQQQ,robust
1,3,15,from_close,up,1767,389,0.37471,-2.39464,0.485003,0.0743339,85.5956,TQQQ,robust
1,3,15,from_close,down,2122,464,-1.8215,1.35847,0.509896,-0.432644,78.3791,TQQQ,robust
1,3,15,from_next_open,all,3889,517,-0.769571,0,0.498329,-0.47422,81.6854,TQQQ,robust
1,3,15,from_next_open,up,1767,389,0.492301,-2.24979,0.486701,0.0976768,85.6503,TQQQ,robust
1,3,15,from_next_open,down,2122,464,-1.82034,1.35551,0.508011,-0.431938,78.3839,TQQQ,robust
1,3,30,from_close,all,3722,514,2.79092,1.62462,0.506448,1.1581,115.668,TQQQ,robust
1,3,30,from_close,up,1693,383,8.329,2.10793,0.507383,0.899635,124.939,TQQQ,robust
1,3,30,from_close,down,2029,462,-1.83005,1.41824,0.505668,-0.255906,107.932,TQQQ,robust
1,3,30,from_next_open,all,3722,514,2.84134,1.68369,0.504567,1.17709,115.678,TQQQ,robust
1,3,30,from_next_open,up,1693,383,8.43836,1.67224,0.505021,0.911172,124.945,TQQQ,robust
1,3,30,from_next_open,down,2029,462,-1.82883,1.69233,0.504189,-0.255568,107.945,TQQQ,robust
5,3,5,from_close,all,796,307,-0.522767,0,0.498744,-0.188969,51.0776,TQQQ,robust
5,3,5,from_close,up,344,176,-1.45226,-1.87069,0.476744,-0.306752,55.354,TQQQ,robust
5,3,5,from_close,down,452,239,0.184638,2.68305,0.515487,0.0526533,47.823,TQQQ,robust
5,3,5,from_next_open,all,796,307,-0.444291,1.4043,0.505025,-0.160818,51.1176,TQQQ,robust
5,3,5,from_next_open,up,344,176,-1.37593,-1.72854,0.488372,-0.291406,55.2767,TQQQ,robust
5,3,5,from_next_open,down,452,239,0.264743,2.98018,0.517699,0.0750724,47.9523,TQQQ,robust
5,3,15,from_close,all,777,301,0.826902,4.06835,0.513514,0.219189,83.359,TQQQ,robust
5,3,15,from_close,up,337,175,-3.31981,-5.29412,0.474777,-0.356,93.902,TQQQ,robust
5,3,15,from_close,down,440,234,4.0029,9.78542,0.543182,0.725887,75.284,TQQQ,robust
5,3,15,from_next_open,all,777,301,0.909593,3.61141,0.509653,0.240947,83.2863,TQQQ,robust
5,3,15,from_next_open,up,337,175,-3.23767,-5.72831,0.480712,-0.347026,93.688,TQQQ,robust
5,3,15,from_next_open,down,440,234,4.08602,8.62211,0.531818,0.739728,75.3196,TQQQ,robust
5,3,30,from_close,all,756,299,7.99233,9.66931,0.531746,1.38101,119.311,TQQQ,robust
5,3,30,from_close,up,329,174,8.08417,6.78979,0.516717,0.538217,139.247,TQQQ,robust
5,3,30,from_close,down,427,231,7.92157,10.9769,0.543326,0.955498,103.95,TQQQ,robust
5,3,30,from_next_open,all,756,299,8.08574,8.46032,0.531746,1.39708,119.257,TQQQ,robust
5,3,30,from_next_open,up,329,174,8.15558,7.27405,0.519757,0.542811,139.144,TQQQ,robust
5,3,30,from_next_open,down,427,231,8.03193,10.8117,0.540984,0.968662,103.934,TQQQ,robust
1,2,1,from_close,all,11316,465,-0.211172,-0.155693,0.487275,-2.26063,5.84526,QQQ,primary
1,2,1,from_close,up,5373,439,-0.00987577,0,0.49786,-0.0790176,5.89207,QQQ,primary
1,2,1,from_close,down,5943,438,-0.393161,-0.302001,0.477705,-2.69866,5.80294,QQQ,primary
1,2,1,from_next_open,all,11316,465,-0.214466,-0.140723,0.487451,-2.27248,5.83375,QQQ,primary
1,2,1,from_next_open,up,5373,439,-0.00518787,0,0.499349,-0.0417394,5.87424,QQQ,primary
1,2,1,from_next_open,down,5943,438,-0.403673,-0.317239,0.476695,-2.78135,5.79714,QQQ,primary
1,2,5,from_close,all,11232,465,-0.26547,-0.334832,0.486912,-1.53749,13.0062,QQQ,primary
1,2,5,from_close,up,5335,438,0.274414,0.0354122,0.500281,0.686829,13.041,QQQ,primary
1,2,5,from_close,down,5897,438,-0.753902,-0.699032,0.474818,-1.77005,12.9748,QQQ,primary
1,2,5,from_next_open,all,11232,465,-0.268898,-0.327349,0.488248,-1.55766,13.001,QQQ,primary
1,2,5,from_next_open,up,5335,438,0.278897,0.134127,0.501968,0.704553,13.0402,QQQ,primary
1,2,5,from_next_open,down,5897,438,-0.764486,-0.67491,0.475835,-1.80436,12.9656,QQQ,primary
1,2,15,from_close,all,10938,462,-0.488962,-0.531541,0.486561,-1.52088,21.886,QQQ,primary
1,2,15,from_close,up,5184,435,0.243126,0.477959,0.507909,0.252373,21.9889,QQQ,primary
1,2,15,from_close,down,5754,432,-1.14853,-1.43781,0.467327,-1.21138,21.7933,QQQ,primary
1,2,15,from_next_open,all,10938,462,-0.493306,-0.551254,0.485829,-1.51935,21.8799,QQQ,primary
1,2,15,from_next_open,up,5184,435,0.245292,0.46048,0.507523,0.255482,21.9853,QQQ,primary
1,2,15,from_next_open,down,5754,432,-1.15874,-1.40874,0.466284,-1.22237,21.7851,QQQ,primary
1,2,30,from_close,all,10489,459,-0.42793,-0.963468,0.485175,-0.815628,30.1611,QQQ,primary
1,2,30,from_close,up,4965,432,0.222773,0.2033,0.502115,0.122838,30.1485,QQQ,primary
1,2,30,from_close,down,5524,431,-1.01278,-2.07651,0.469949,-0.580762,30.1724,QQQ,primary
1,2,30,from_next_open,all,10489,459,-0.431605,-0.993279,0.485461,-0.817482,30.1507,QQQ,primary
1,2,30,from_next_open,up,4965,432,0.22412,0.277786,0.503927,0.123782,30.1352,QQQ,primary
1,2,30,from_next_open,down,5524,431,-1.02097,-2.10551,0.468863,-0.585825,30.1645,QQQ,primary
5,2,5,from_close,all,2316,367,-0.201661,-0.561712,0.481865,-0.555985,12.5998,QQQ,primary
5,2,5,from_close,up,1064,292,-0.197917,0,0.496241,-0.364083,12.0477,QQQ,primary
5,2,5,from_close,down,1252,317,-0.204843,-0.886258,0.469649,-0.360744,13.069,QQQ,primary
5,2,5,from_next_open,all,2316,367,-0.170722,-0.452012,0.481865,-0.472716,12.6071,QQQ,primary
5,2,5,from_next_open,up,1064,292,-0.139449,-0.14976,0.496241,-0.258343,12.0288,QQQ,primary
5,2,5,from_next_open,down,1252,317,-0.197299,-0.896058,0.469649,-0.346134,13.0986,QQQ,primary
5,2,15,from_close,all,2247,364,-0.395428,-0.788843,0.483311,-0.56225,22.3388,QQQ,primary
5,2,15,from_close,up,1033,288,0.161053,-0.49627,0.490803,0.122077,21.6087,QQQ,primary
5,2,15,from_close,down,1214,313,-0.868941,-1.11999,0.476936,-0.702711,22.9601,QQQ,primary
5,2,15,from_next_open,all,2247,364,-0.366601,-0.631084,0.483311,-0.521558,22.3277,QQQ,primary
5,2,15,from_next_open,up,1033,288,0.216072,-0.316386,0.489835,0.16413,21.5793,QQQ,primary
5,2,15,from_next_open,down,1214,313,-0.862401,-0.88933,0.477759,-0.69638,22.9646,QQQ,primary
5,2,30,from_close,all,2193,364,-0.093059,-0.27924,0.4943,-0.0792374,30.2352,QQQ,primary
5,2,30,from_close,up,1015,287,0.814038,1.23642,0.519212,0.362019,29.2307,QQQ,primary
5,2,30,from_close,down,1178,311,-0.874641,-1.63293,0.472835,-0.372156,31.1007,QQQ,primary
5,2,30,from_next_open,all,2193,364,-0.0616566,-0.205977,0.4943,-0.0525402,30.2381,QQQ,primary
5,2,30,from_next_open,up,1015,287,0.870612,1.17611,0.520197,0.387851,29.2237,QQQ,primary
5,2,30,from_next_open,down,1178,311,-0.864927,-1.79166,0.471986,-0.367665,31.1121,QQQ,primary
1,3,1,from_close,all,3582,343,-0.262512,-0.361789,0.478224,-1.43034,7.60261,QQQ,primary
1,3,1,from_close,up,1622,262,0.111454,0,0.497534,0.368854,8.1817,QQQ,primary
1,3,1,from_close,down,1960,309,-0.571989,-0.674564,0.462245,-2.19001,7.12339,QQQ,primary
1,3,1,from_next_open,all,3582,343,-0.285332,-0.399259,0.477666,-1.56965,7.60785,QQQ,primary
1,3,1,from_next_open,up,1622,262,0.10208,0,0.497534,0.3467,8.16132,QQQ,primary
1,3,1,from_next_open,down,1960,309,-0.605934,-0.690289,0.461224,-2.33193,7.14982,QQQ,primary
1,3,5,from_close,all,3559,343,-0.0654509,-0.709694,0.481034,-0.195019,16.7168,QQQ,primary
1,3,5,from_close,up,1609,261,1.34015,0.235888,0.507147,1.18416,17.6536,QQQ,primary
1,3,5,from_close,down,1950,308,-1.22525,-1.71613,0.459487,-1.63011,15.9437,QQQ,primary
1,3,5,from_next_open,all,3559,343,-0.0883806,-0.825887,0.480753,-0.261685,16.7159,QQQ,primary
1,3,5,from_next_open,up,1609,261,1.33079,0.328839,0.507147,1.18423,17.6534,QQQ,primary
1,3,5,from_next_open,down,1950,308,-1.25938,-1.72017,0.458974,-1.67761,15.9424,QQQ,primary
1,3,15,from_close,all,3467,339,-0.889436,-0.834181,0.481684,-1.00844,27.9604,QQQ,primary
1,3,15,from_close,up,1560,256,0.393778,0,0.499359,0.17561,29.1673,QQQ,primary
1,3,15,from_close,down,1907,306,-1.93916,-1.65131,0.467226,-1.10113,26.9731,QQQ,primary
1,3,15,from_next_open,all,3467,339,-0.913761,-0.881515,0.481684,-1.02366,27.9605,QQQ,primary
1,3,15,from_next_open,up,1560,256,0.381983,0.0860889,0.501282,0.170778,29.167,QQQ,primary
1,3,15,from_next_open,down,1907,306,-1.97373,-1.72437,0.465653,-1.11813,26.9735,QQQ,primary
1,3,30,from_close,all,3314,336,-0.20113,-1.62257,0.485214,-0.174717,37.5621,QQQ,primary
1,3,30,from_close,up,1494,254,0.449556,0.330206,0.502008,0.119656,39.6272,QQQ,primary
1,3,30,from_close,down,1820,303,-0.735264,-2.55981,0.471429,-0.254048,35.8668,QQQ,primary
1,3,30,from_next_open,all,3314,336,-0.222513,-1.4863,0.484611,-0.191799,37.5457,QQQ,primary
1,3,30,from_next_open,up,1494,254,0.437928,0.354758,0.504016,0.116777,39.6091,QQQ,primary
1,3,30,from_next_open,down,1820,303,-0.764654,-2.59347,0.468681,-0.26413,35.8518,QQQ,primary
5,3,5,from_close,all,732,198,-0.0134637,-1.43293,0.465847,-0.0177835,15.8728,QQQ,primary
5,3,5,from_close,up,330,131,0.432486,-0.389577,0.487879,0.347389,15.6142,QQQ,primary
5,3,5,from_close,down,402,163,-0.379542,-2.52357,0.447761,-0.389013,16.0851,QQQ,primary
5,3,5,from_next_open,all,732,198,0.0224296,-1.37711,0.461749,0.0294887,15.8628,QQQ,primary
5,3,5,from_next_open,up,330,131,0.515594,-0.402692,0.481818,0.415063,15.5677,QQQ,primary
5,3,5,from_next_open,down,402,163,-0.382407,-2.7626,0.445274,-0.391712,16.1051,QQQ,primary
5,3,15,from_close,all,709,195,-0.743514,-2.00332,0.465444,-0.527597,29.0022,QQQ,primary
5,3,15,from_close,up,321,131,2.0334,-1.57015,0.461059,0.610757,28.3514,QQQ,primary
5,3,15,from_close,down,388,160,-3.04091,-2.35589,0.469072,-1.1095,29.5407,QQQ,primary
5,3,15,from_next_open,all,709,195,-0.719101,-2.11027,0.466855,-0.509105,29.0056,QQQ,primary
5,3,15,from_next_open,up,321,131,2.09627,-1.57015,0.464174,0.631058,28.3189,QQQ,primary
5,3,15,from_next_open,down,388,160,-3.04831,-2.22415,0.469072,-1.11093,29.5738,QQQ,primary
5,3,30,from_close,all,684,192,1.21456,-0.58109,0.49269,0.696434,38.8516,QQQ,primary
5,3,30,from_close,up,310,129,5.04866,1.34176,0.519355,0.872109,39.7543,QQQ,primary
5,3,30,from_close,down,374,156,-1.96345,-2.70081,0.470588,-0.463742,38.1034,QQQ,primary
5,3,30,from_next_open,all,684,192,1.2483,-0.575617,0.491228,0.716186,38.8697,QQQ,primary
5,3,30,from_next_open,up,310,129,5.11309,1.12349,0.519355,0.884657,39.7537,QQQ,primary
5,3,30,from_next_open,down,374,156,-1.95513,-2.79871,0.467914,-0.461757,38.1371,QQQ,primary
1,2,1,from_close,all,5654,230,-0.268624,-0.209376,0.481075,-2.05149,6.37275,QQQ,IS
1,2,1,from_close,up,2628,214,-0.041023,0,0.494292,-0.228132,6.58054,QQQ,IS
1,2,1,from_close,down,3026,218,-0.466289,-0.403161,0.469597,-1.95568,6.19229,QQQ,IS
1,2,1,from_next_open,all,5654,230,-0.312588,-0.259803,0.480191,-2.34486,6.355,QQQ,IS
1,2,1,from_next_open,up,2628,214,-0.0728468,0,0.494292,-0.408191,6.54324,QQQ,IS
1,2,1,from_next_open,down,3026,218,-0.520797,-0.414052,0.467944,-2.19631,6.19152,QQQ,IS
1,2,5,from_close,all,5613,230,-0.329773,-0.399744,0.484946,-1.39832,14.4642,QQQ,IS
1,2,5,from_close,up,2611,214,0.373304,0,0.499043,0.534685,14.8616,QQQ,IS
1,2,5,from_close,down,3002,218,-0.941277,-0.767904,0.472685,-1.28707,14.1186,QQQ,IS
1,2,5,from_next_open,all,5613,230,-0.374075,-0.39398,0.485836,-1.59282,14.4528,QQQ,IS
1,2,5,from_next_open,up,2611,214,0.341011,0.0901453,0.500957,0.493231,14.8579,QQQ,IS
1,2,5,from_next_open,down,3002,218,-0.996024,-0.87446,0.472685,-1.37339,14.1004,QQQ,IS
1,2,15,from_close,all,5474,228,-0.846647,-0.818186,0.483011,-1.6976,24.6107,QQQ,IS
1,2,15,from_close,up,2536,212,0.271092,0.000968167,0.5,0.146827,25.3238,QQQ,IS
1,2,15,from_close,down,2938,216,-1.81145,-1.53878,0.468346,-1.14618,23.9953,QQQ,IS
1,2,15,from_next_open,all,5474,228,-0.8926,-0.7784,0.481184,-1.77405,24.5959,QQQ,IS
1,2,15,from_next_open,up,2536,212,0.235175,0,0.498423,0.127756,25.3193,QQQ,IS
1,2,15,from_next_open,down,2938,216,-1.86606,-1.61444,0.466304,-1.18268,23.9715,QQQ,IS
1,2,30,from_close,all,5246,227,-0.726364,-0.758174,0.488563,-0.850035,33.4554,QQQ,IS
1,2,30,from_close,up,2431,212,1.24204,0.727127,0.51049,0.362323,34.3955,QQQ,IS
1,2,30,from_close,down,2815,215,-2.42625,-2.34055,0.469627,-0.82744,32.6436,QQQ,IS
1,2,30,from_next_open,all,5246,227,-0.771844,-0.784002,0.4878,-0.898437,33.4345,QQQ,IS
1,2,30,from_next_open,up,2431,212,1.20486,0.692206,0.512135,0.351937,34.3829,QQQ,IS
1,2,30,from_next_open,down,2815,215,-2.4789,-2.14546,0.466785,-0.846716,32.6156,QQQ,IS
5,2,5,from_close,all,1163,180,-0.971524,-1.09599,0.466896,-1.74658,13.6907,QQQ,IS
5,2,5,from_close,up,526,142,-1.00679,-0.164068,0.492395,-1.04781,13.4104,QQQ,IS
5,2,5,from_close,down,637,159,-0.942403,-1.55458,0.44584,-1.04542,13.9223,QQQ,IS
5,2,5,from_next_open,all,1163,180,-0.900519,-0.960762,0.469475,-1.62183,13.7017,QQQ,IS
5,2,5,from_next_open,up,526,142,-0.881179,-0.277687,0.492395,-0.922412,13.378,QQQ,IS
5,2,5,from_next_open,down,637,159,-0.91649,-1.51087,0.450549,-1.00865,13.9691,QQQ,IS
5,2,15,from_close,all,1127,179,-1.43485,-1.54336,0.464951,-1.331,25.4096,QQQ,IS
5,2,15,from_close,up,508,139,-0.0266968,-0.811894,0.490157,-0.0109093,25.5151,QQQ,IS
5,2,15,from_close,down,619,158,-2.59048,-2.34622,0.444265,-1.38707,25.3231,QQQ,IS
5,2,15,from_next_open,all,1127,179,-1.36905,-1.72668,0.4685,-1.26719,25.3968,QQQ,IS
5,2,15,from_next_open,up,508,139,0.0879503,-0.818533,0.492126,0.0360178,25.4725,QQQ,IS
5,2,15,from_next_open,down,619,158,-2.56477,-2.29763,0.449111,-1.36796,25.3346,QQQ,IS
5,2,30,from_close,all,1099,179,-1.24492,-1.451,0.482257,-0.610862,34.3458,QQQ,IS
5,2,30,from_close,up,501,139,1.44925,0.583011,0.506986,0.340564,34.6714,QQQ,IS
5,2,30,from_close,down,598,157,-3.50208,-3.80072,0.461538,-0.883716,34.0729,QQQ,IS
5,2,30,from_next_open,all,1099,179,-1.17357,-1.22304,0.480437,-0.575627,34.3445,QQQ,IS
5,2,30,from_next_open,up,501,139,1.56508,0.383693,0.50499,0.368551,34.6498,QQQ,IS
5,2,30,from_next_open,down,598,157,-3.46799,-3.45221,0.459866,-0.873231,34.0887,QQQ,IS
1,3,1,from_close,all,1790,173,-0.218228,-0.40427,0.478212,-0.935942,8.79604,QQQ,IS
1,3,1,from_close,up,789,121,0.242654,0.178301,0.501901,0.534681,9.89863,QQQ,IS
1,3,1,from_close,down,1001,159,-0.5815,-0.696448,0.45954,-1.44737,7.92696,QQQ,IS
1,3,1,from_next_open,all,1790,173,-0.309069,-0.401685,0.479888,-1.34546,8.79514,QQQ,IS
1,3,1,from_next_open,up,789,121,0.163252,0,0.499366,0.373903,9.84441,QQQ,IS
1,3,1,from_next_open,down,1001,159,-0.681358,-0.815245,0.464535,-1.71767,7.9681,QQQ,IS
1,3,5,from_close,all,1780,173,-0.163788,-0.606195,0.482584,-0.346756,19.9019,QQQ,IS
1,3,5,from_close,up,785,121,1.97114,0.336853,0.507006,0.943209,22.3393,QQQ,IS
1,3,5,from_close,down,995,159,-1.84813,-1.53542,0.463317,-1.4206,17.979,QQQ,IS
1,3,5,from_next_open,all,1780,173,-0.254865,-0.650956,0.483708,-0.532867,19.8935,QQQ,IS
1,3,5,from_next_open,up,785,121,1.89144,0.348044,0.50828,0.910118,22.335,QQQ,IS
1,3,5,from_next_open,down,995,159,-1.94818,-1.63207,0.464322,-1.50604,17.9673,QQQ,IS
1,3,15,from_close,all,1728,170,-1.75774,-1.28089,0.475694,-1.14839,33.743,QQQ,IS
1,3,15,from_close,up,756,117,0.913199,-0.86484,0.478836,0.210752,36.838,QQQ,IS
1,3,15,from_close,down,972,158,-3.83514,-1.53805,0.473251,-1.30682,31.3358,QQQ,IS
1,3,15,from_next_open,all,1728,170,-1.85205,-1.23247,0.47338,-1.19693,33.7208,QQQ,IS
1,3,15,from_next_open,up,756,117,0.828476,-0.92074,0.478836,0.191555,36.8209,QQQ,IS
1,3,15,from_next_open,down,972,158,-3.93691,-1.71536,0.469136,-1.34106,31.3095,QQQ,IS
1,3,30,from_close,all,1653,169,-0.987581,-1.66041,0.486388,-0.503131,43.8991,QQQ,IS
1,3,30,from_close,up,726,116,2.26981,-0.264827,0.495868,0.315279,48.7033,QQQ,IS
1,3,30,from_close,down,927,157,-3.53868,-2.21004,0.478964,-0.761904,40.1366,QQQ,IS
1,3,30,from_next_open,all,1653,169,-1.07706,-1.7452,0.483364,-0.5448,43.8605,QQQ,IS
1,3,30,from_next_open,up,726,116,2.1866,-0.466011,0.495868,0.304121,48.6741,QQQ,IS
1,3,30,from_next_open,down,927,157,-3.63307,-2.10476,0.473571,-0.783154,40.0907,QQQ,IS
5,3,5,from_close,all,395,96,-0.752764,-1.02805,0.473418,-0.651574,17.963,QQQ,IS
5,3,5,from_close,up,174,62,-0.576304,-0.164068,0.494253,-0.289413,17.8275,QQQ,IS
5,3,5,from_close,down,221,80,-0.891697,-2.54852,0.457014,-0.629562,18.0698,QQQ,IS
5,3,5,from_next_open,all,395,96,-0.698564,-1.06739,0.470886,-0.599281,17.92,QQQ,IS
5,3,5,from_next_open,up,174,62,-0.435826,-0.49772,0.482759,-0.218596,17.7264,QQQ,IS
5,3,5,from_next_open,down,221,80,-0.905426,-2.76756,0.461538,-0.639199,18.0724,QQQ,IS
5,3,15,from_close,all,381,94,-1.59435,-3.60185,0.454068,-0.756143,33.9971,QQQ,IS
5,3,15,from_close,up,169,62,4.28233,-3.02728,0.461538,0.743708,34.1686,QQQ,IS
5,3,15,from_close,down,212,78,-6.27906,-4.15558,0.448113,-1.49025,33.8604,QQQ,IS
5,3,15,from_next_open,all,381,94,-1.56226,-3.44742,0.456693,-0.736602,34.0115,QQQ,IS
5,3,15,from_next_open,up,169,62,4.385,-2.67123,0.467456,0.763023,34.1087,QQQ,IS
5,3,15,from_next_open,down,212,78,-6.30323,-4.01222,0.448113,-1.49343,33.9341,QQQ,IS
5,3,30,from_close,all,366,91,-0.010685,-3.36421,0.467213,-0.00372221,45.8278,QQQ,IS
5,3,30,from_close,up,162,60,7.38032,-0.571228,0.493827,0.694445,50.0458,QQQ,IS
5,3,30,from_close,down,204,77,-5.88001,-4.57752,0.446078,-0.851382,42.4782,QQQ,IS
5,3,30,from_next_open,all,366,91,0.0355489,-3.24735,0.461749,0.0123867,45.8714,QQQ,IS
5,3,30,from_next_open,up,162,60,7.48597,-0.881373,0.487654,0.705582,50.0569,QQQ,IS
5,3,30,from_next_open,down,204,77,-5.88097,-4.98644,0.441176,-0.851395,42.5476,QQQ,IS
1,2,1,from_close,all,5662,235,-0.153801,0,0.493465,-1.16223,5.31851,QQQ,OOS
1,2,1,from_close,up,2745,225,0.0199439,0.0739776,0.501275,0.114717,5.23294,QQQ,OOS
1,2,1,from_close,down,2917,220,-0.317301,-0.16318,0.486116,-1.95267,5.39903,QQQ,OOS
1,2,1,from_next_open,all,5662,235,-0.116483,0,0.494702,-0.886122,5.31323,QQQ,OOS
1,2,1,from_next_open,up,2745,225,0.0595872,0.0862455,0.504189,0.344497,5.23374,QQQ,OOS
1,2,1,from_next_open,down,2917,220,-0.282172,-0.157704,0.485773,-1.75396,5.38804,QQQ,OOS
1,2,5,from_close,all,5619,235,-0.201236,-0.285551,0.488877,-0.800196,11.5498,QQQ,OOS
1,2,5,from_close,up,2724,224,0.179627,0.140755,0.501468,0.446568,11.2959,QQQ,OOS
1,2,5,from_close,down,2895,220,-0.559602,-0.56369,0.477029,-1.34674,11.7887,QQQ,OOS
1,2,5,from_next_open,all,5619,235,-0.163832,-0.250188,0.490657,-0.651463,11.5508,QQQ,OOS
1,2,5,from_next_open,up,2724,224,0.21936,0.140643,0.502937,0.547863,11.2979,QQQ,OOS
1,2,5,from_next_open,down,2895,220,-0.52439,-0.652433,0.479102,-1.26164,11.7888,QQQ,OOS
1,2,15,from_close,all,5464,234,-0.130622,-0.325574,0.490117,-0.335197,19.1563,QQQ,OOS
1,2,15,from_close,up,2648,223,0.216342,0.84906,0.515483,0.330486,18.7951,QQQ,OOS
1,2,15,from_close,down,2816,216,-0.456888,-1.39609,0.466264,-0.46414,19.496,QQQ,OOS
1,2,15,from_next_open,all,5464,234,-0.0932806,-0.325696,0.490483,-0.238058,19.159,QQQ,OOS
1,2,15,from_next_open,up,2648,223,0.254982,0.850504,0.516239,0.390865,18.7922,QQQ,OOS
1,2,15,from_next_open,down,2816,216,-0.420766,-1.27648,0.466264,-0.427025,19.504,QQQ,OOS
1,2,30,from_close,all,5243,232,-0.129325,-1.14585,0.481785,-0.218008,26.8649,QQQ,OOS
1,2,30,from_close,up,2534,220,-0.755064,-0.317978,0.494081,-0.581762,26.0741,QQQ,OOS
1,2,30,from_close,down,2709,216,0.455992,-1.9793,0.470284,0.259229,27.6045,QQQ,OOS
1,2,30,from_next_open,all,5243,232,-0.0911704,-1.14355,0.48312,-0.153065,26.8649,QQQ,OOS
1,2,30,from_next_open,up,2534,220,-0.716757,-0.186053,0.496054,-0.553299,26.0602,QQQ,OOS
1,2,30,from_next_open,down,2709,216,0.494003,-2.01567,0.471023,0.280739,27.6176,QQQ,OOS
5,2,5,from_close,all,1153,187,0.57488,0,0.496964,1.28777,11.4994,QQQ,OOS
5,2,5,from_close,up,538,150,0.592916,0.000670089,0.5,1.14055,10.7154,QQQ,OOS
5,2,5,from_close,down,615,158,0.559102,-0.0714133,0.494309,0.834767,12.1852,QQQ,OOS
5,2,5,from_next_open,all,1153,187,0.565404,-0.14258,0.494363,1.27118,11.503,QQQ,OOS
5,2,5,from_next_open,up,538,150,0.585736,-0.0307145,0.5,1.13535,10.7098,QQQ,OOS
5,2,5,from_next_open,down,615,158,0.547618,-0.150478,0.489431,0.819917,12.197,QQQ,OOS
5,2,15,from_close,all,1120,185,0.650485,0.110522,0.501786,0.746195,19.2489,QQQ,OOS
5,2,15,from_close,up,525,149,0.342722,-0.343399,0.491429,0.320387,17.8289,QQQ,OOS
5,2,15,from_close,down,595,155,0.922041,0.488272,0.510924,0.591898,20.5018,QQQ,OOS
5,2,15,from_next_open,all,1120,185,0.64211,0,0.498214,0.738573,19.2396,QQQ,OOS
5,2,15,from_next_open,up,525,149,0.340045,-0.203239,0.487619,0.319022,17.8122,QQQ,OOS
5,2,15,from_next_open,down,595,155,0.908638,0.316251,0.507563,0.584107,20.499,QQQ,OOS
5,2,30,from_close,all,1094,185,1.06407,0.726342,0.506399,0.964757,26.1059,QQQ,OOS
5,2,30,from_close,up,514,148,0.194892,2.23329,0.531128,0.124855,23.9277,QQQ,OOS
5,2,30,from_close,down,580,154,1.83434,-0.502791,0.484483,0.778632,28.0363,QQQ,OOS
5,2,30,from_next_open,all,1094,185,1.05534,0.750826,0.508227,0.959042,26.113,QQQ,OOS
5,2,30,from_next_open,up,514,148,0.193712,2.44946,0.535019,0.124233,23.9349,QQQ,OOS
5,2,30,from_next_open,down,580,154,1.81892,-0.496923,0.484483,0.773443,28.0432,QQQ,OOS
1,3,1,from_close,all,1792,170,-0.306748,-0.307431,0.478237,-1.08705,6.41051,QQQ,OOS
1,3,1,from_close,up,833,141,-0.0128166,0,0.493397,-0.0327594,6.55545,QQQ,OOS
1,3,1,from_close,down,959,150,-0.56206,-0.580971,0.465068,-1.70284,6.28462,QQQ,OOS
1,3,1,from_next_open,all,1792,170,-0.26162,-0.351406,0.475446,-0.927243,6.42188,QQQ,OOS
1,3,1,from_next_open,up,833,141,0.0441392,0,0.495798,0.112361,6.56714,QQQ,OOS
1,3,1,from_next_open,down,959,150,-0.527207,-0.654664,0.457769,-1.59598,6.29571,QQQ,OOS
1,3,5,from_close,all,1779,170,0.0329414,-0.834335,0.479483,0.0690625,13.5298,QQQ,OOS
1,3,5,from_close,up,824,140,0.739018,0.199341,0.507282,0.823486,13.1897,QQQ,OOS
1,3,5,from_close,down,955,149,-0.576281,-1.92626,0.455497,-0.856024,13.8232,QQQ,OOS
1,3,5,from_next_open,all,1779,170,0.078197,-0.853665,0.477797,0.164292,13.5366,QQQ,OOS
1,3,5,from_next_open,up,824,140,0.796682,0.326531,0.506068,0.891548,13.1934,QQQ,OOS
1,3,5,from_next_open,down,955,149,-0.541732,-1.83055,0.453403,-0.800947,13.8326,QQQ,OOS
1,3,15,from_close,all,1739,169,-0.0266236,-0.4997,0.487637,-0.0337713,22.2143,QQQ,OOS
1,3,15,from_close,up,804,139,-0.0946327,0.923805,0.518657,-0.063599,21.9545,QQQ,OOS
1,3,15,from_close,down,935,148,0.0318569,-1.83416,0.460963,0.0188499,22.4378,QQQ,OOS
1,3,15,from_next_open,all,1739,169,0.0185937,-0.53728,0.489937,0.0234807,22.2366,QQQ,OOS
1,3,15,from_next_open,up,804,139,-0.0378533,0.937983,0.522388,-0.0255132,21.97,QQQ,OOS
1,3,15,from_next_open,down,935,148,0.067132,-1.73864,0.462032,0.0395976,22.4659,QQQ,OOS
1,3,30,from_close,all,1661,167,0.581534,-1.54912,0.484046,0.510948,31.2556,QQQ,OOS
1,3,30,from_close,up,768,138,-1.27115,0.794982,0.507812,-0.507258,31.0475,QQQ,OOS
1,3,30,from_close,down,893,146,2.17489,-3.40696,0.463606,0.688278,31.4345,QQQ,OOS
1,3,30,from_next_open,all,1661,167,0.627921,-1.43236,0.485852,0.550024,31.2612,QQQ,OOS
1,3,30,from_next_open,up,768,138,-1.21511,0.834989,0.511719,-0.485959,31.0398,QQQ,OOS
1,3,30,from_next_open,down,893,146,2.21297,-3.31616,0.463606,0.699493,31.4515,QQQ,OOS
5,3,5,from_close,all,337,102,0.853076,-1.833,0.456973,0.969123,13.4228,QQQ,OOS
5,3,5,from_close,up,156,69,1.55768,-0.550299,0.480769,1.12941,13.1456,QQQ,OOS
5,3,5,from_close,down,181,83,0.245796,-2.49863,0.436464,0.190963,13.6617,QQQ,OOS
5,3,5,from_next_open,all,337,102,0.867512,-1.706,0.451039,0.988712,13.4516,QQQ,OOS
5,3,5,from_next_open,up,156,69,1.57679,-0.362636,0.480769,1.15327,13.1599,QQQ,OOS
5,3,5,from_next_open,down,181,83,0.256196,-2.75763,0.425414,0.19888,13.703,QQQ,OOS
5,3,15,from_close,all,328,101,0.244801,-1.04514,0.478659,0.135663,23.2003,QQQ,OOS
5,3,15,from_close,up,152,69,-0.467045,-1.27762,0.460526,-0.184857,21.8836,QQQ,OOS
5,3,15,from_close,down,176,82,0.859577,-0.63399,0.494318,0.279347,24.3374,QQQ,OOS
5,3,15,from_next_open,all,328,101,0.260297,-1.05225,0.478659,0.14487,23.1909,QQQ,OOS
5,3,15,from_next_open,up,152,69,-0.448433,-1.13932,0.460526,-0.179026,21.8816,QQQ,OOS
5,3,15,from_next_open,down,176,82,0.872383,-0.413166,0.494318,0.283805,24.3216,QQQ,OOS
5,3,30,from_close,all,318,101,2.62474,2.28795,0.522013,1.5282,30.8225,QQQ,OOS
5,3,30,from_close,up,148,69,2.49645,4.82059,0.547297,0.850957,28.4893,QQQ,OOS
5,3,30,from_close,down,170,79,2.73643,0.164214,0.5,0.681536,32.8537,QQQ,OOS
5,3,30,from_next_open,all,318,101,2.64411,2.6321,0.525157,1.54158,30.8112,QQQ,OOS
5,3,30,from_next_open,up,148,69,2.51575,4.82839,0.554054,0.861517,28.4758,QQQ,OOS
5,3,30,from_next_open,down,170,79,2.75587,0.421988,0.5,0.686853,32.8443,QQQ,OOS
1,2,1,from_close,all,15066,669,0.231538,-0.00368032,0.488318,3.4629,6.10795,QQQ,robust
1,2,1,from_close,up,7025,618,0.171086,0,0.492527,1.86493,6.19133,QQQ,robust
1,2,1,from_close,down,8041,655,0.284352,-0.161327,0.484641,2.92049,6.03511,QQQ,robust
1,2,1,from_next_open,all,15066,669,0.232996,0,0.488982,3.49036,6.08228,QQQ,robust
1,2,1,from_next_open,up,7025,618,0.177497,0,0.494235,1.92124,6.16787,QQQ,robust
1,2,1,from_next_open,down,8041,655,0.281483,-0.126528,0.484392,2.89707,6.0075,QQQ,robust
1,2,5,from_close,all,14952,669,0.167952,0,0.497392,1.08274,13.4094,QQQ,robust
1,2,5,from_close,up,6966,618,0.0144397,0,0.498852,0.0468292,13.6365,QQQ,robust
1,2,5,from_close,down,7986,655,0.301857,0,0.496118,1.19997,13.2113,QQQ,robust
1,2,5,from_next_open,all,14952,669,0.16929,0,0.497726,1.08785,13.3951,QQQ,robust
1,2,5,from_next_open,up,6966,618,0.0209833,0,0.499282,0.0680775,13.6289,QQQ,robust
1,2,5,from_next_open,down,7986,655,0.298654,0,0.496369,1.18602,13.1912,QQQ,robust
1,2,15,from_close,all,14579,668,0.10504,0,0.499897,0.450006,22.276,QQQ,robust
1,2,15,from_close,up,6795,613,-0.209769,0.0385897,0.501251,-0.308757,22.6173,QQQ,robust
1,2,15,from_close,down,7784,653,0.379851,0,0.498715,0.600725,21.9781,QQQ,robust
1,2,15,from_next_open,all,14579,668,0.108132,0,0.499554,0.463049,22.2606,QQQ,robust
1,2,15,from_next_open,up,6795,613,-0.201573,0.13722,0.500809,-0.296931,22.5989,QQQ,robust
1,2,15,from_next_open,down,7784,653,0.378487,0,0.498458,0.598532,21.9653,QQQ,robust
1,2,30,from_close,all,13960,667,-0.117146,-0.238397,0.495559,-0.339469,31.5888,QQQ,robust
1,2,30,from_close,up,6490,613,-0.133824,0.122089,0.500924,-0.1052,32.3154,QQQ,robust
1,2,30,from_close,down,7470,650,-0.102656,-0.616677,0.490897,-0.0913712,30.9576,QQQ,robust
1,2,30,from_next_open,all,13960,667,-0.112731,-0.269823,0.495344,-0.326399,31.5777,QQQ,robust
1,2,30,from_next_open,up,6490,613,-0.126905,0.210697,0.501079,-0.0998031,32.3029,QQQ,robust
1,2,30,from_next_open,down,7470,650,-0.100416,-0.674425,0.490361,-0.0893557,30.9477,QQQ,robust
5,2,5,from_close,all,3056,568,-0.316304,0,0.498364,-0.913826,12.8577,QQQ,robust
5,2,5,from_close,up,1376,454,-0.897267,0.234558,0.506541,-1.59728,13.0727,QQQ,robust
5,2,5,from_close,down,1680,501,0.159533,-0.185897,0.491667,0.355081,12.6816,QQQ,robust
5,2,5,from_next_open,all,3056,568,-0.308991,0,0.494764,-0.894783,12.8464,QQQ,robust
5,2,5,from_next_open,up,1376,454,-0.882954,0.275165,0.505814,-1.57796,13.0662,QQQ,robust
5,2,5,from_next_open,down,1680,501,0.161111,-0.310389,0.485714,0.357945,12.6664,QQQ,robust
5,2,15,from_close,all,2948,562,-0.350938,0.465587,0.509837,-0.619554,21.5781,QQQ,robust
5,2,15,from_close,up,1322,442,-1.5453,0.226343,0.506051,-1.38586,22.1386,QQQ,robust
5,2,15,from_close,down,1626,495,0.620119,0.634196,0.512915,0.727682,21.1223,QQQ,robust
5,2,15,from_next_open,all,2948,562,-0.345086,0.432868,0.50848,-0.60997,21.5664,QQQ,robust
5,2,15,from_next_open,up,1322,442,-1.53371,0.325038,0.505295,-1.37522,22.1377,QQQ,robust
5,2,15,from_next_open,down,1626,495,0.621308,0.643087,0.51107,0.728787,21.1019,QQQ,robust
5,2,30,from_close,all,2867,558,0.501086,0.368923,0.503314,0.599719,31.4804,QQQ,robust
5,2,30,from_close,up,1284,440,-1.08823,-0.495428,0.494548,-0.605331,33.6817,QQQ,robust
5,2,30,from_close,down,1583,488,1.79021,1.12404,0.510423,1.31647,29.6949,QQQ,robust
5,2,30,from_next_open,all,2867,558,0.507309,0.3503,0.50436,0.608016,31.4707,QQQ,robust
5,2,30,from_next_open,up,1284,440,-1.0771,-0.244077,0.495327,-0.599237,33.6777,QQQ,robust
5,2,30,from_next_open,down,1583,488,1.79245,1.10785,0.511687,1.31949,29.6805,QQQ,robust
1,3,1,from_close,all,3971,526,0.334864,0.22603,0.504911,2.16613,7.79864,QQQ,robust
1,3,1,from_close,up,1806,395,0.43296,0.265115,0.507752,1.86141,8.22121,QQQ,robust
1,3,1,from_close,down,2165,475,0.253034,0.21668,0.50254,1.17244,7.44615,QQQ,robust
1,3,1,from_next_open,all,3971,526,0.324976,0.157272,0.501385,2.09732,7.77658,QQQ,robust
1,3,1,from_next_open,up,1806,395,0.433117,0.272825,0.506645,1.82576,8.19814,QQQ,robust
1,3,1,from_next_open,down,2165,475,0.234767,0,0.496998,1.09491,7.42493,QQQ,robust
1,3,5,from_close,all,3941,526,0.360006,0,0.496067,1.01982,16.8948,QQQ,robust
1,3,5,from_close,up,1787,394,0.593335,0,0.49972,0.788479,17.4604,QQQ,robust
1,3,5,from_close,down,2154,475,0.166431,-0.102961,0.493036,0.276454,16.4256,QQQ,robust
1,3,5,from_next_open,all,3941,526,0.350498,-0.00230229,0.496574,0.988561,16.8684,QQQ,robust
1,3,5,from_next_open,up,1787,394,0.594349,0,0.499161,0.790226,17.4474,QQQ,robust
1,3,5,from_next_open,down,2154,475,0.148195,-0.157122,0.494429,0.246062,16.388,QQQ,robust
1,3,15,from_close,all,3856,522,-0.0640288,0.00798234,0.500259,-0.117492,27.2351,QQQ,robust
1,3,15,from_close,up,1747,383,0.268293,-0.376251,0.493417,0.161578,28.6977,QQQ,robust
1,3,15,from_close,down,2109,471,-0.339309,0.326179,0.505927,-0.245429,26.0235,QQQ,robust
1,3,15,from_next_open,all,3856,522,-0.0724536,0.0882214,0.500519,-0.13293,27.2061,QQQ,robust
1,3,15,from_next_open,up,1747,383,0.268998,-0.353982,0.495135,0.162013,28.6786,QQQ,robust
1,3,15,from_next_open,down,2109,471,-0.355296,0.282151,0.504979,-0.257095,25.9864,QQQ,robust
1,3,30,from_close,all,3689,520,1.23592,0.733983,0.507455,1.574,38.5261,QQQ,robust
1,3,30,from_close,up,1673,379,2.96257,0.997241,0.51046,0.962865,42.0478,QQQ,robust
1,3,30,from_close,down,2016,469,-0.196958,0.373149,0.50496,-0.0843359,35.6035,QQQ,robust
1,3,30,from_next_open,all,3689,520,1.22704,0.655898,0.505828,1.56112,38.51,QQQ,robust
1,3,30,from_next_open,up,1673,379,2.95801,1.03563,0.508667,0.961002,42.0301,QQQ,robust
1,3,30,from_next_open,down,2016,469,-0.209427,0.426106,0.503472,-0.0896318,35.5888,QQQ,robust
5,3,5,from_close,all,791,301,0.270476,0.278125,0.510746,0.299534,17.0074,QQQ,robust
5,3,5,from_close,up,337,174,-0.522706,-1.35556,0.48368,-0.322727,18.1775,QQQ,robust
5,3,5,from_close,down,454,230,0.859247,0.934988,0.530837,0.722936,16.1388,QQQ,robust
5,3,5,from_next_open,all,791,301,0.29967,0.274484,0.505689,0.333768,16.9795,QQQ,robust
5,3,5,from_next_open,up,337,174,-0.488623,-1.16262,0.480712,-0.304196,18.1187,QQQ,robust
5,3,5,from_next_open,down,454,230,0.884812,0.908862,0.524229,0.743275,16.1339,QQQ,robust
5,3,15,from_close,all,773,295,0.799362,1.48071,0.521345,0.637731,27.4995,QQQ,robust
5,3,15,from_close,up,332,173,-1.02821,-1.65213,0.475904,-0.328672,30.6916,QQQ,robust
5,3,15,from_close,down,441,225,2.17522,3.40561,0.555556,1.18043,25.0964,QQQ,robust
5,3,15,from_next_open,all,773,295,0.830195,1.31564,0.517464,0.663225,27.4848,QQQ,robust
5,3,15,from_next_open,up,332,173,-0.995294,-1.90749,0.475904,-0.317987,30.6529,QQQ,robust
5,3,15,from_next_open,down,441,225,2.20449,3.44235,0.548753,1.19599,25.0998,QQQ,robust
5,3,30,from_close,all,754,294,2.76689,2.99394,0.529178,1.45069,39.6294,QQQ,robust
5,3,30,from_close,up,325,172,2.90059,3.13753,0.532308,0.571211,46.4821,QQQ,robust
5,3,30,from_close,down,429,223,2.6656,2.67754,0.526807,0.945711,34.438,QQQ,robust
5,3,30,from_next_open,all,754,294,2.79622,2.79791,0.529178,1.46774,39.619,QQQ,robust
5,3,30,from_next_open,up,325,172,2.93349,3.50801,0.529231,0.577296,46.4691,QQQ,robust
5,3,30,from_next_open,down,429,223,2.69223,2.46228,0.529138,0.956367,34.4295,QQQ,robust
